time,agent,route_target_index,route_target_distance_km,route_clearance_km,route_target_east_km,route_target_north_km,route_target_in_static_domain,in_route_domain,lat,lon,cas_mps,tas_mps,goal_distance_km,heading_error_deg,heading_action,speed_action,nearest_agent,nearest_nm,outside,commanded_heading_turn_deg,commanded_speed_action,traffic_projection_intervened,static_projection_intervened,static_projection_infeasible,nominal_static_violation,nominal_traffic_conflict,no_static_feasible_candidate,no_jointly_feasible_candidate,predicted_minimum_separation_km,predicted_risk_seconds,reference_heading_turn_deg,nominal_heading_adjustment_deg,nominal_speed_action
0.0,KL001,1,49.844546189850774,3.0,99.1318459770889,54.36999701827091,,True,52.16141289943783,5.9462492146723225,150.0,152.40357712476657,114.51390466687954,-0.15305604405344297,-0.13149040937423706,0.20550048351287842,AC10,26.1961607798708,False,43.02764296531677,0.20550048351287842,False,False,False,False,False,False,False,48.66252084924855,0.0,45.0,-1.9723570346832275,0.20550048351287842
10.0,KL001,1,50.14516669711455,3.0,99.1318459770889,54.36999701827091,True,True,52.150365993515074,5.932988354328632,150.70431368226886,153.1178540162991,113.00718102310816,17.08426589301206,-0.15452039241790771,0.24466514587402344,AC10,27.21518247028643,False,42.68219321966171,0.24466514587402344,False,False,False,False,False,False,False,50.54432450314703,0.0,45.0,-2.3178067803382874,0.24466514587402344
20.0,KL001,1,50.038990641559096,3.0,99.1318459770889,54.36999701827091,True,True,52.14214622513556,5.914932077309147,151.54294529873818,153.96832656541298,111.63219052165661,34.45553064721287,-0.1849188208580017,0.21860110759735107,AC10,28.005791583380553,False,42.226217687129974,0.21860110759735107,False,False,False,False,False,False,False,52.00260700853349,0.0,45.0,-2.7737823128700256,0.21860110759735107
30.0,KL001,1,49.531248696186786,3.0,99.1318459770889,54.36999701827091,True,True,52.13749565938154,5.893650035049166,152.29218433180392,154.7281237675315,110.51873779532197,51.94748593989999,-0.18880021572113037,0.16668319702148438,AC10,28.580147925485235,False,42.167997658252716,0.16668319702148438,False,False,False,False,False,False,False,53.06105565796431,0.0,45.0,-2.832002341747284,0.16668319702148438
40.0,KL001,1,48.65369312092112,3.0,99.1318459770889,54.36999701827091,True,True,52.136840250550975,5.871000511802262,152.86336193541666,155.30733722886887,109.77575267773301,69.53289236163252,-0.19895702600479126,0.1471349000930786,AC10,28.95723851524023,False,42.0156455039978,0.1471349000930786,False,False,False,False,False,False,False,53.75581500924137,0.0,45.0,-2.9843544960021973,0.1471349000930786
50.0,KL001,1,47.46339964381351,3.0,99.1318459770889,54.369997018270894,True,True,52.140251543727345,5.848939227786739,153.3674943650846,155.81855282751516,109.47728424435235,87.15292211939527,-0.11941438913345337,0.21186232566833496,AC10,29.171374646719634,False,31.302999258041382,0.21186232566833496,False,False,False,False,False,False,False,54.151269280998314,0.0,33.094215989112854,-1.7912167310714722,0.21186232566833496
60.0,KL001,1,46.0398580086196,3.0,99.1318459770889,54.36999701827091,True,True,52.14745898569809,5.829324876581201,154.0936160989295,156.5548611441367,109.65413728728757,104.70708728934511,-0.02370387315750122,0.2807321548461914,AC10,29.270484895882515,False,16.792868077754974,0.2807321548461914,False,False,False,False,False,False,False,54.33689017869401,0.0,17.148425728082657,-0.3555576503276825,0.2807321548461914
70.0,KL001,1,44.4848657374694,3.0,99.1318459770889,54.36999701827091,True,True,52.1578828571383,5.813806876254741,155.05593332998606,157.53065006271922,110.29219137062002,122.09285887538101,0.19903314113616943,0.40575170516967773,AC10,29.315252870226537,False,3.7865928187966347,0.40575170516967773,False,False,False,False,False,False,False,54.42567572498867,0.0,0.8010957855731249,2.98549703322351,0.40575170516967773
80.0,KL001,1,42.89722658875654,3.0,99.1318459770889,54.36999701827091,True,True,52.17007928957647,5.801670465717233,156.44701788929004,158.94115122470382,111.21958649698415,126.55162129114808,0.24921083450317383,0.4693561792373657,AC10,29.356532008922493,False,0.6552472338080406,0.4693561792373657,False,False,False,False,False,False,False,54.51087617210041,0.0,-3.082915283739567,3.7381625175476074,0.4693561792373657
90.0,KL001,1,41.29499712812473,3.0,99.1318459770889,54.36999701827091,True,True,52.18251862800001,5.789729994501443,158.05623763222758,160.5727470733953,112.1921613197744,127.86645915573524,0.24997282028198242,0.46388840675354004,AC10,29.392541884963066,False,-0.12995381257496774,0.46388840675354004,False,False,False,False,False,False,False,54.58679575523808,0.0,-3.8795461133122444,3.7495923007372767,0.46388840675354004
100.0,KL001,1,39.67655184994855,3.0,99.1318459770889,54.36999701827091,True,True,52.19506614532654,5.777619706432491,159.64669984751032,162.1852342671953,113.18644949046478,128.39230118398916,0.2524583339691162,0.45501887798309326,AC10,29.421071177347528,False,-0.11152636609040201,0.45501887798309326,False,False,False,False,False,False,False,54.64907250233731,0.0,-3.8984013721346855,3.7868750060442835,0.45501887798309326
110.0,KL001,1,38.04223418407421,3.0,99.1318459770889,54.36999701827091,True,True,52.207721562594784,5.765347485667462,161.20673784062012,163.76678821319604,114.20274144332087,128.932319959756,0.21678376197814941,0.4508059024810791,AC10,29.442312987407735,False,-0.6931336456909776,0.4508059024810791,False,False,False,False,False,False,False,54.6980653488023,0.0,-3.9448900893330574,3.25175644364208,0.4508059024810791
120.0,KL001,1,36.39110200177796,3.0,99.1318459770889,54.36999701827091,True,True,52.22040529858818,5.75270293469533,162.75232194741912,165.33360280690718,115.22793740619912,128.89158276439036,0.22025775909423828,0.43972277641296387,AC10,29.454788921309394,False,-0.09000543155707419,0.43972277641296387,False,False,False,False,False,False,False,54.730852718857406,0.0,-3.393871821463108,3.303866389906034,0.43972277641296387
130.0,KL001,1,34.73671800769647,3.0,99.1318459770889,54.36999701827091,True,True,52.23310133372666,5.739997754121404,162.99999999999994,165.5846750214427,116.26781632286206,129.44443928003784,0.21149563789367676,0.43555474281311035,AC10,29.466624682513853,False,-0.2827404742129147,0.43555474281311035,False,False,False,False,False,False,False,54.76264953681285,0.0,-3.4551750496029854,3.1724345753900707,0.43555474281311035
140.0,KL001,1,33.0819414325328,3.0,99.1318459770889,54.36999701827091,True,True,52.2457588107382,5.7271867874105915,162.99999999999994,165.5846750214427,117.31578541980835,129.7956777956215,0.22166860103607178,0.42671287059783936,AC10,29.478971456701032,False,0.0006750226157237194,0.42671287059783936,False,False,False,False,False,False,False,54.795521634588674,0.0,-3.3243539929389954,3.325029015554719,0.42671287059783936
150.0,KL001,1,31.427278735129082,3.0,99.1318459770889,54.36999701827091,True,True,52.25841638017196,5.714372409068671,162.99999999999994,165.5846750214427,118.3778760951322,130.4190269825745,0.22567999362945557,0.4184396266937256,AC10,29.492552486102575,False,-0.10740939527750015,0.4184396266937256,False,False,False,False,False,False,False,54.83089760407501,0.0,-3.4926092997193336,3.3851999044418335,0.4184396266937256
160.0,KL001,1,29.77256457044303,3.0,99.1318459770889,54.36999701827091,True,True,52.271059221319994,5.701515626032028,162.99999999999994,165.5846750214427,119.4513463436875,130.92413679057995,0.21476387977600098,0.4146944284439087,AC10,29.507056437899873,False,-0.3435724298469722,0.4146944284439087,False,False,False,False,False,False,False,54.868164265893945,0.0,-3.5650306195020676,3.2214581896550953,0.4146944284439087
170.0,KL001,1,28.1173813382414,3.0,99.1318459770889,54.36999701827091,True,True,52.283654652718376,5.6885315044132,162.99999999999994,165.5846750214427,120.53074719712951,131.1852619251523,0.20478439331054688,0.4101126194000244,AC10,29.52176677003262,False,-0.330005690921098,0.4101126194000244,False,False,False,False,False,False,False,54.90590770432086,0.0,-3.4017715975642204,3.0717659066431224,0.4101126194000244
180.0,KL001,1,26.461762964369317,3.0,99.1318459770889,54.36999701827091,True,True,52.29620411999948,5.6754253096366085,162.99999999999994,165.5846750214427,121.61618170623593,131.45217550283166,0.19482040405273438,0.4054408073425293,AC10,29.536656582755317,False,-0.33119336469098926,0.4054408073425293,False,False,False,False,False,False,False,54.94407407296811,0.0,-3.2534994184970856,2.9223060538060963,0.4054408073425293
190.0,KL001,1,24.805717213083085,3.0,99.1318459770889,54.36999701827091,True,True,52.308707039177825,5.662196996665204,162.99999999999994,165.5846750214427,122.7074328726174,131.71029880909907,0.18495845794677734,0.40063953399658203,AC10,29.551660422032853,False,-0.3312862361781299,0.40063953399658203,False,False,False,False,False,False,False,54.98253304286873,0.0,-3.1056630983948708,2.774376862216741,0.40063953399658203
200.0,KL001,1,23.149253809539125,3.0,99.1318459770889,54.36999701827091,True,True,52.32116297926377,5.64884691897529,162.99999999999994,165.5846750214427,123.80431328709005,131.9608896342067,0.17116868495941162,0.39425206184387207,AC10,29.566718520985113,False,-0.39216666016727686,0.39425206184387207,False,False,False,False,False,False,False,55.0211651830781,0.0,-2.95969694852829,2.567530288361013,0.39425206184387207
210.0,KL001,1,21.492290984506415,3.0,99.1318459770889,54.36999701827091,True,True,52.33356276879521,5.635353902950029,162.99999999999994,165.5846750214427,124.90533531153056,132.1438681879913,0.20913374423980713,0.48827075958251953,AC10,29.58159837404606,False,0.3864465979859233,0.48827075958251953,False,False,False,False,False,False,False,55.05950696792953,0.0,-2.7505595795810223,3.1370061775669456,0.48827075958251953
220.0,KL001,1,19.836089871537965,3.0,99.1318459770889,54.36999701827091,True,True,52.34601789406798,5.621994287184355,162.99999999999994,165.5846750214427,126.02692525325074,133.0918568967674,0.19719386100769043,0.48566198348999023,AC10,29.59854868483981,False,-0.4244568943977356,0.48566198348999023,False,False,False,False,False,False,False,51.84101603775898,0.0,-3.382364809513092,2.9579079151153564,0.48566198348999023
230.0,KL001,1,18.179380058826887,3.0,99.1318459770889,54.36999701827091,True,True,52.35841221034948,5.6084802208427895,162.99999999999994,165.5846750214427,127.15147311029695,133.22283281551438,0.18750989437103271,0.48061418533325195,AC10,29.61515580391204,False,-0.39589887019246817,0.48061418533325195,False,False,False,False,False,False,False,48.567107229722986,0.0,-3.2085472717881203,2.812648401595652,0.48061418533325195
240.0,KL001,1,16.52222794641732,3.0,99.1318459770889,54.36999701827091,True,True,52.370749195780796,5.594822445068766,162.99999999999994,165.5846750214427,128.2794474756352,133.3761466835083,0.1779540777206421,0.4755665063858032,AC10,29.631447534420708,False,-0.40371750947088003,0.4755665063858032,False,False,False,False,False,False,False,45.29042208152035,0.0,-3.0730286613106728,2.6693111518397927,0.4755665063858032
250.0,KL001,1,14.864640904256214,3.0,99.1318459770889,54.36999701827091,True,True,52.38302711156438,5.581018804528051,162.99999999999994,165.5846750214427,129.4105466558327,133.51563629945844,0.16863059997558594,0.47043371200561523,AC10,29.647346943647175,False,-0.4123579943552613,0.47043371200561523,False,False,False,False,False,False,False,42.010864691468186,0.0,-2.941817007958889,2.5294590136036277,0.47043371200561523
260.0,KL001,1,13.206627805529912,3.0,99.1318459770889,54.36999701827091,True,True,52.39524406420332,5.567066902766845,162.99999999999994,165.5846750214427,130.54445831078007,133.64069681009062,0.1595773696899414,0.4652174711227417,AC10,29.662778576096315,False,-0.42391085531562567,0.4652174711227417,False,False,False,False,False,False,False,38.72827246311765,0.0,-2.817571386694908,2.3936605313792825,0.4652174711227417
270.0,KL001,1,11.548197007688506,3.0,99.1318459770889,54.36999701827091,True,True,52.407397686110876,5.552963382745006,162.99999999999994,165.5846750214427,131.68081567113492,133.74865357299848,0.15093278884887695,0.45987141132354736,AC10,29.677662714377593,False,-0.43845111038535833,0.45987141132354736,False,False,False,False,False,False,False,35.44247376968248,0.0,-2.702442929148674,2.2639918187633157,0.45987141132354736
280.0,KL001,1,9.889358235449887,3.0,99.1318459770889,54.36999701827091,True,True,52.4194851051629,5.538703923756511,162.99999999999994,165.5846750214427,132.81919657258484,133.83677763306167,0.14252614974975586,0.4544738531112671,AC10,29.69191583934038,False,-0.4635140486061573,0.4544738531112671,False,False,False,False,False,False,False,32.15275137878224,0.0,-2.601406294852495,2.137892246246338,0.4544738531112671
290.0,KL001,1,8.230115474778618,3.0,99.1318459770889,54.36999701827091,True,True,52.43150176744552,5.524280675594852,162.99999999999994,165.5846750214427,133.95896662180513,133.89489012300953,0.1343461275100708,0.4490180015563965,AC10,29.705430396263782,False,-0.5010089837014675,0.4490180015563965,False,False,False,False,False,False,False,28.858200867578493,0.0,-2.5162008963525295,2.015191912651062,0.4490180015563965
300.0,KL001,1,6.570470767358826,3.0,99.1318459770889,54.36999701827091,True,True,52.44344106495755,5.50968169722393,162.99999999999994,165.5846750214427,135.09924132985665,133.91100185534344,-0.15289735794067383,0.27122247219085693,AC4,29.355206217776615,False,-4.749366715550423,0.27122247219085693,False,False,False,False,False,False,False,25.314591394695626,0.0,-2.4559063464403152,-2.2934603691101074,0.27122247219085693
310.0,KL001,1,4.910237924848085,3.0,99.1318459770889,54.36999701827091,True,True,52.454682121502955,5.493661993065941,162.99999999999994,165.5846750214427,136.15865575543484,129.70541059376342,-0.12930238246917725,0.2682788372039795,AC4,27.587646306039463,False,1.0663743037730455,0.2682788372039795,False,False,False,False,False,False,False,22.06273368086933,0.0,3.0059100687503815,-1.939535764977336,0.2682788372039795
320.0,KL001,1,3.2501431556488285,3.0,99.1318459770889,54.36999701827091,True,True,52.466025072251796,5.477826896757478,162.99999999999994,165.5846750214427,137.24322454807103,131.3024581722962,-0.13670897483825684,0.2651658058166504,AC4,25.821506692596518,False,1.0307461023330688,0.2651658058166504,False,False,False,False,False,False,False,18.832024512559435,0.0,3.0813807249069214,-2.0506346225738525,0.2651658058166504
330.0,KL001,1,1.5911279894699102,3.0,99.1318459770889,54.36999701827091,True,True,52.477539751386956,5.462325222799824,162.99999999999994,165.5846750214427,138.36143802403788,132.84709225940514,-0.13945633172988892,0.26208531856536865,AC4,24.058322352951965,False,2.4132550321519375,0.26208531856536865,False,False,False,False,False,False,False,15.734129735296436,0.0,4.505099952220917,-2.0918449200689793,0.26208531856536865
340.0,KL001,2,71.51723523933435,3.0,45.23636700755224,101.50812513020554,True,True,52.48942871866316,5.447601146533097,162.99999999999994,165.5846750214427,139.5386964826094,135.7462987920767,-0.21499931812286377,0.24751615524291992,AC4,22.30297229596457,False,-15.068221092224121,0.24751615524291992,False,False,False,False,False,False,False,12.134636749145107,0.0,-11.843230873346329,-3.2249902188777924,0.24751615524291992
350.0,KL001,2,69.86014076861827,3.0,45.23636700755224,101.50812513020554,True,True,52.49982243289079,5.43018729887341,162.99999999999994,165.5846750214427,140.538923275862,121.2223254952197,0.0431971549987793,0.21818065643310547,AC4,20.529244350584055,False,-15.000000000000002,0.21818065643310547,True,False,False,False,True,False,False,10.936623101120613,0.0,3.1562425196170807,0.6479573249816895,0.21818065643310547
360.0,KL001,2,68.23357000176638,3.0,45.23636700755223,101.50812513020554,True,True,52.50710423732879,5.4089310234559855,162.99999999999994,165.5846750214427,141.17929716108736,106.8496793772307,0.022495150566101074,0.20994091033935547,AC4,18.768836102129033,False,-10.000000000000004,0.20994091033935547,True,False,False,False,True,False,False,11.292499167536251,0.0,18.448079377412796,0.3374272584915161,0.20994091033935547
370.0,KL001,2,66.735728879466,3.0,45.236367007552246,101.50812513020554,True,True,52.511120061371614,5.3854058381836865,162.99999999999994,165.5846750214427,141.4601055782174,97.51964095498897,0.06500804424285889,0.1779310703277588,AC4,17.082701370589874,False,0.0,0.1779310703277588,True,False,False,False,True,False,False,10.655675148323159,0.0,29.075365662574768,0.9751197695732117,0.1779310703277588
380.0,KL001,2,65.28070969718081,3.0,45.23636700755224,101.50812513020554,True,True,52.51446765348524,5.361563133543029,162.99999999999994,165.5846750214427,141.68432919835203,98.19302974398317,0.05773770809173584,0.17880892753601074,AC4,15.434969273671582,False,0.0,0.17880892753601074,True,False,False,False,True,False,False,10.650003863407102,0.0,29.792188704013824,0.8660665154457092,0.17880892753601074
390.0,KL001,2,63.83628316970097,3.0,45.23636700755224,101.50812513020554,True,True,52.51781524559887,5.337718612419952,162.99999999999994,165.5846750214427,141.92805999165518,98.86419932396075,0.050310730934143066,0.1793515682220459,AC4,13.815998582040196,False,0.0,0.1793515682220459,True,False,False,False,True,False,False,10.661829657691651,0.0,30.54164618253708,0.754660964012146,0.1793515682220459
400.0,KL001,2,62.40319458365719,3.0,45.23636700755223,101.50812513020554,True,True,52.521162837712495,5.313872274456243,162.99999999999994,165.5846750214427,142.19119774347516,99.53297741943572,0.0010762214660644531,0.11776936054229736,AC4,12.237229539747448,False,0.0,0.11776936054229736,True,False,False,False,True,False,False,10.674093316375636,0.0,31.325741708278656,0.016144216060638428,0.11776936054229736
410.0,KL001,2,60.982253230414386,3.0,45.23636700755224,101.50812513020554,True,True,52.52451042982612,5.290024119293598,162.99999999999994,165.5846750214427,142.47363502192061,100.19919558563282,-0.0025573372840881348,0.11781060695648193,AC4,10.716467170251354,False,0.0,0.11781060695648193,True,False,False,False,True,False,False,10.686794381294416,0.0,32.14662104845047,-0.03836095333099365,0.11781060695648193
420.0,KL001,2,59.57433850486615,3.0,45.23636700755224,101.50812513020554,True,True,52.52785802193975,5.266174146573617,162.99999999999994,165.5846750214427,142.7752573899642,100.86268943227213,-0.027922749519348145,0.08973479270935059,AC4,9.282292113446507,False,0.0,0.08973479270935059,True,False,False,False,True,False,False,10.699932395129196,0.0,33.00656408071518,-0.41884034872055054,0.08973479270935059
430.0,KL001,2,58.180406558328045,3.0,45.23636700755224,101.50812513020554,True,True,52.53120561405338,5.2423223559378025,162.99999999999994,165.5846750214427,143.0959436284334,101.52329883190447,-0.008498549461364746,0.27804887294769287,AC4,7.981548017364933,False,5.000000000000002,0.27804887294769287,True,False,False,False,True,False,False,10.293823291456782,0.0,33.90801161527634,-0.12747734785079956,0.27804887294769287
440.0,KL001,2,56.73285532704395,3.0,45.23636700755223,101.50812513020554,True,True,52.535668010576956,5.2189715824751675,162.99999999999994,165.5846750214427,143.56000553670685,107.16780690673784,-0.04740619659423828,0.28878116607666016,AC4,6.827811429990256,False,0.0,0.28878116607666016,True,False,False,False,True,False,False,10.289190442734688,0.0,29.7438445687294,-0.7110938429832458,0.28878116607666016
450.0,KL001,2,55.289511216378784,3.0,45.23636700755224,101.50812513020554,True,True,52.54026751479573,5.195685644067649,162.99999999999994,165.5846750214427,144.05737485670699,107.80626803934729,-0.0513150691986084,0.28684401512145996,AC4,5.977310385499902,False,0.0,0.28684401512145996,True,False,False,False,True,False,False,10.305017793842383,0.0,30.609358549118042,-0.7697269320487976,0.28684401512145996
460.0,KL001,2,53.85934994293011,3.0,45.23636700755224,101.50812513020554,True,True,52.544867019014504,5.17239726582701,162.99999999999994,165.5846750214427,144.57250772987862,108.44025910870693,-0.05637693405151367,0.28555822372436523,AC4,5.580471756188681,False,0.0,0.28555822372436523,True,False,False,False,True,False,False,10.321295330579716,0.0,31.521186232566833,-0.8456549048423767,0.28555822372436523
470.0,KL001,2,52.443465210711864,3.0,45.23636700755224,101.50812513020554,True,True,52.54946652323328,5.149106447091812,162.99999999999994,165.5846750214427,145.10521509902264,109.0696733199814,-0.06131434440612793,0.28360986709594727,AC4,5.7323329242889915,False,-5.000000000000002,0.28360986709594727,True,False,False,False,True,False,False,10.664350366570766,0.0,32.48264282941818,-0.9197160601615906,0.28360986709594727
480.0,KL001,2,51.11815903231123,3.0,45.23636700755224,101.50812513020554,True,True,52.552952727189364,5.125301215241883,162.99999999999994,165.5846750214427,145.53261651090713,104.70970322064215,-0.03351861238479614,0.2699298858642578,AC4,6.448378629178047,False,0.0,0.2699298858642578,True,False,False,False,True,False,False,10.855933817161022,0.0,38.61435502767563,-0.5027800798416138,0.2699298858642578
490.0,KL001,2,49.82363255069965,3.0,45.236367007552246,101.50812513020554,True,True,52.55630031930299,5.10143578545583,162.99999999999994,165.5846750214427,145.962835280224,105.34772838412096,-0.037704527378082275,0.2669774293899536,AC4,7.524780999141451,False,0.0,0.2669774293899536,True,False,False,False,True,False,False,10.870372111439837,0.0,39.820300340652466,-0.5655679106712341,0.2669774293899536
500.0,KL001,2,48.552276294761356,3.0,45.236367007552246,101.50812513020554,True,True,52.55964791141662,5.077568534704235,162.99999999999994,165.5846750214427,146.41104627990555,105.98192653856427,-0.04169905185699463,0.26369452476501465,AC4,8.825677703030035,False,0.0,0.26369452476501465,True,False,False,False,True,False,False,10.88519798990443,0.0,41.090103685855865,-0.6254857778549194,0.26369452476501465
510.0,KL001,2,47.30597129919417,3.0,45.23636700755224,101.50812513020554,True,True,52.562995503530246,5.053699462627708,162.99999999999994,165.5846750214427,146.87708489232367,106.61217804787441,-0.01672428846359253,0.30177223682403564,AC2,9.810904285447503,False,0.0,0.30177223682403564,True,False,False,False,True,False,False,10.900410987133025,0.0,42.42762207984924,-0.25086432695388794,0.30177223682403564
520.0,KL001,2,46.086763192629995,3.0,45.236367007552246,101.50812513020554,True,True,52.56634309564387,5.029828568866762,162.99999999999994,165.5846750214427,147.360782072264,107.23836857903018,-0.030723750591278076,0.2981879711151123,AC2,9.478455388332533,False,5.000000000000002,0.2981879711151123,True,False,False,False,True,False,False,10.288490401351652,0.0,43.8368359208107,-0.4608571529388428,0.2981879711151123
530.0,KL001,2,44.80964590844356,3.0,45.23636700755223,101.50812513020554,True,True,52.57080549216745,5.006459090910411,162.99999999999994,165.5846750214427,147.98254120494394,112.84293725402841,0.007126808166503906,0.46604323387145996,AC1,8.57482789474845,False,0.0,0.46604323387145996,True,False,False,False,True,False,False,10.2859969050406,0.0,40.20115524530411,0.1069021224975586,0.46604323387145996
540.0,KL001,2,43.54851684195861,3.0,45.23636700755224,101.50812513020554,True,True,52.575404996386226,4.983154496840434,162.99999999999994,165.5846750214427,148.63537445160642,113.44004520784733,0.005696535110473633,0.46350324153900146,AC1,7.326137423038178,False,0.0,0.46350324153900146,True,False,False,False,True,False,False,10.303749926737341,0.0,41.62947714328766,0.08544713258743286,0.46350324153900146
550.0,KL001,2,42.31597330286964,3.0,45.23636700755224,101.50812513020554,True,True,52.580004500605,4.959847457878252,162.99999999999994,165.5846750214427,149.3042088666407,114.03186877650177,0.05153846740722656,0.5407716035842896,AC1,6.3270246270939765,False,0.0,0.5407716035842896,True,False,False,False,True,False,False,10.321905225298606,0.0,43.142184019088745,0.7730770111083984,0.5407716035842896
560.0,KL001,2,41.11460564333148,3.0,45.23636700755224,101.50812513020554,True,True,52.584604004823774,4.9365379733605925,162.99999999999994,165.5846750214427,149.98883051937048,114.6183532186891,0.051992058753967285,0.5374188423156738,AC1,5.710081130814873,False,5.000000000000002,0.5374188423156738,True,False,False,False,True,False,False,10.269042916570044,0.0,44.7446671128273,0.255332887172699,0.5374188423156738
570.0,KL001,2,39.85823554201329,3.0,45.23636700755224,101.50812513020554,True,True,52.59028739681385,4.913887522436844,162.99999999999994,165.5846750214427,150.8028855290658,120.17651694936967,0.06418395042419434,0.5359752178192139,AC1,5.535364075367314,False,42.271775007247925,0.5359752178192139,False,False,False,False,False,False,False,10.288862997583752,0.0,41.30901485681534,0.9627601504325867,0.5359752178192139
580.0,KL001,2,38.47112922994776,3.0,45.23636700755224,101.50812513020554,True,True,52.59808646734505,4.893094661688561,162.99999999999994,165.5846750214427,151.8470488370212,136.4920514688634,0.11851084232330322,0.5006723403930664,AC1,5.780111730655874,False,28.612802624702454,0.5006723403930664,False,False,False,False,False,False,False,10.79072451034837,0.0,26.835139095783234,1.77766352891922,0.5006723403930664
590.0,KL001,2,36.900977690867165,3.0,45.23636700755224,101.50812513020554,True,True,52.60903404918554,4.876586934475884,162.99999999999994,165.5846750214427,153.20733474883224,152.67308935258535,0.0826880931854248,0.3007965087890625,AC1,6.303900591074196,False,13.070947676897049,0.3007965087890625,False,False,False,False,False,False,False,11.809471056173622,0.0,11.830625832080841,1.2403218448162079,0.3007965087890625
600.0,KL001,2,35.24941202701469,3.0,45.23636700755224,101.50812513020554,True,True,52.622263697828515,4.865460263293244,162.99999999999994,165.5846750214427,154.7711200496166,165.94638554374205,0.10787010192871094,0.20002448558807373,AC1,7.021927583972964,False,0.5580894509330392,0.20002448558807373,False,False,False,False,False,False,False,13.178106970184556,0.0,-1.0599620640277863,1.6180515149608254,0.20002448558807373
610.0,KL001,2,33.591881965718386,3.0,45.23636700755224,101.50812513020554,True,True,52.6360965675989,4.85637552767464,162.99999999999994,165.5846750214427,156.38262651895403,166.64830120331953,0.09959447383880615,0.1838245391845703,AC1,7.9847622196062,False,-0.19007597817108035,0.1838245391845703,False,False,False,False,False,False,False,14.990692936101919,0.0,-1.6839930787682533,1.493917100597173,0.1838245391845703
620.0,KL001,2,31.93413429379058,3.0,45.23636700755224,101.50812513020554,True,True,52.64991106857238,4.847212341489243,162.99999999999994,165.5846750214427,157.99384747972806,166.60108746169283,0.09546971321105957,0.17670071125030518,AC1,9.175076242820689,False,-0.12436693883500993,0.17670071125030518,False,False,False,False,False,False,False,17.218726258852634,0.0,-1.5564126335084438,1.432045694673434,0.17670071125030518
630.0,KL001,2,30.276231981875128,3.0,45.23636700755224,101.50812513020554,True,True,52.66371346852523,4.837996848344301,162.99999999999994,165.5846750214427,159.60521198938162,166.61797475298079,0.091422438621521,0.16908466815948486,AC1,10.515475976657468,False,-0.12282383046112955,0.16908466815948486,False,False,False,False,False,False,False,19.721174860041707,0.0,-1.4941604062914848,1.3713365758303553,0.16908466815948486
640.0,KL001,2,28.618176786979753,3.0,45.23636700755224,101.50812513020554,True,True,52.677503853777665,4.828729673128911,162.99999999999994,165.5846750214427,161.2167196810629,166.63482976626744,0.05416250228881836,0.1821531057357788,AC1,11.955778449374163,False,-0.6206536525860429,0.1821531057357788,False,False,False,False,False,False,False,22.406707927651876,0.0,-1.433091200888157,0.812437548302114,0.1821531057357788
650.0,KL001,2,26.959608226784304,3.0,45.23636700755224,101.50812513020554,True,True,52.6912325582601,4.819213699688828,162.99999999999994,165.5846750214427,162.8250139675161,166.15732735837764,0.0765770673751831,0.1862337589263916,AC1,13.46936655630139,False,0.3058463428169489,0.1862337589263916,False,False,False,False,False,False,False,25.227192644231277,0.0,-0.8428096678107977,1.1486560106277466,0.1862337589263916
660.0,KL001,2,25.301178405869656,3.0,45.23636700755224,101.50812513020554,True,True,52.7049918596353,4.809815794903213,162.99999999999994,165.5846750214427,164.4363539691541,166.60048211398407,0.19492566585540771,0.1510932445526123,AC1,15.025838593796736,False,1.7210310325026512,0.1510932445526123,False,False,False,False,False,False,False,28.126450608943195,0.0,-1.20285389944911,2.9238849319517612,0.1510932445526123
670.0,KL001,2,23.64486738867125,3.0,45.23636700755224,101.50812513020554,True,True,52.71891471616662,4.801095703857306,162.99999999999994,165.5846750214427,166.05910100636424,168.439256675658,0.18311357498168945,0.13677704334259033,AC1,16.599302948975463,False,-0.3595683490857482,0.13677704334259033,False,False,False,False,False,False,False,31.056177532350898,0.0,-3.1062719598412514,2.746703610755503,0.13677704334259033
680.0,KL001,2,21.988148276145825,3.0,45.23636700755224,101.50812513020554,True,True,52.73280544936341,4.792234280469921,162.99999999999994,165.5846750214427,167.6805498420901,168.1985538754364,0.1782374382019043,0.12925279140472412,AC1,18.202059570250384,False,-0.25620628148317337,0.12925279140472412,False,False,False,False,False,False,False,34.04023224790374,0.0,-2.929767854511738,2.6735615730285645,0.12925279140472412
690.0,KL001,2,20.3311752901586,3.0,45.23636700755224,101.50812513020554,True,True,52.74667204601016,4.783267528715417,162.99999999999994,165.5846750214427,169.30121211590048,168.06143177306996,0.17306983470916748,0.12130236625671387,AC1,19.82657716094195,False,-0.26879076613113284,0.12130236625671387,False,False,False,False,False,False,False,37.06472592073161,0.0,-2.8648382797837257,2.596047513652593,0.12130236625671387
700.0,KL001,2,18.67393823001304,3.0,45.23636700755224,101.50812513020554,True,True,52.76051302252924,4.77419054238555,162.99999999999994,165.5846750214427,170.92100551024046,167.9120591309005,0.16798818111419678,0.11334347724914551,AC1,21.46826411824606,False,-0.27676457539200783,0.11334347724914551,False,False,False,False,False,False,False,40.12121674750955,0.0,-2.7965872921049595,2.5198227167129517,0.11334347724914551
710.0,KL001,2,17.016435668954802,3.0,45.23636700755224,101.50812513020554,True,True,52.77432730059047,4.765000278591415,162.99999999999994,165.5846750214427,172.5398736472071,167.7551135121514,0.16298329830169678,0.10534954071044922,AC1,23.123760435662728,False,-0.28678905917331576,0.10534954071044922,False,False,False,False,False,False,False,43.20351721478303,0.0,-2.731538526713848,2.4447494675405324,0.10534954071044922
720.0,KL001,2,15.358665040764226,3.0,45.23636700755224,101.50812513020554,True,True,52.788113573121294,4.755692897213351,162.99999999999994,165.5846750214427,174.1577462896221,167.5886279452892,0.16783535480499268,0.03303098678588867,AC1,24.790596972218214,False,-0.1526275312062353,0.03303098678588867,False,False,False,False,False,False,False,46.30707645831556,0.0,-2.6701578497886658,2.5175303185824305,0.03303098678588867
730.0,KL001,2,13.700852130581593,3.0,45.23636700755224,101.50812513020554,True,True,52.80188480039563,4.746321864954685,162.99999999999994,165.5846750214427,175.77544192334457,167.55551960629316,0.278886079788208,0.25369179248809814,AC1,26.46584049772886,False,1.405265461653471,0.25369179248809814,False,False,False,False,False,False,False,49.42640973676452,0.0,-2.778025735169649,4.18329119682312,0.25369179248809814
740.0,KL001,2,12.046381343424141,3.0,45.23636700755224,101.50812513020554,True,True,52.81579084596274,4.737509385776116,162.99999999999994,165.5846750214427,177.40195177596894,169.06504983306326,0.10370528697967529,0.2393360137939453,AC1,28.13652552827647,False,-3.1546392291784286,0.2393360137939453,False,False,False,False,False,False,False,52.53679392641472,0.0,-4.710218533873558,1.5555793046951294,0.2393360137939453
750.0,KL001,2,10.387030934297965,3.0,45.23636700755224,101.50812513020554,True,True,52.82939885897658,4.727503148153567,162.99999999999994,165.5846750214427,179.01077900409052,166.04034750386472,-0.20811432600021362,0.20136547088623047,AC1,29.8337953052841,False,-4.8871611803770065,0.20136547088623047,False,False,False,False,False,False,False,55.69792672720691,0.0,-1.7654464021325111,-3.1217147782444954,0.20136547088623047
760.0,KL001,2,8.728146570030432,3.0,45.23636700755224,101.50812513020554,True,True,52.84248528544851,4.715748393794137,162.99999999999994,165.5846750214427,180.58483168243464,161.32141821272245,-0.25380825996398926,0.20132362842559814,AC3,30.560842036672568,False,-0.10248966864310205,0.20132362842559814,False,False,False,False,False,False,False,56.91269032535567,0.0,3.7046342343091965,-3.8071239029522985,0.20132362842559814
770.0,KL001,2,7.071461903516979,3.0,45.23636700755224,101.50812513020554,True,True,52.855496444831125,4.703754619458516,162.99999999999994,165.5846750214427,182.1551231311448,161.38972173554384,-0.2551195025444031,0.19530761241912842,AC3,30.947869133095512,False,0.9853402432054281,0.19530761241912842,False,False,False,False,False,False,False,57.682513405705286,0.0,4.812132753431797,-3.826792510226369,0.19530761241912842
780.0,KL001,2,5.41550910724963,3.0,45.23636700755224,101.50812513020554,True,True,52.86863023758273,4.692129614939624,162.99999999999994,165.5846750214427,183.73569073566992,162.53433308449894,-0.3681560754776001,-0.16291004419326782,AC3,31.359781017882437,False,-0.37834201008081436,-0.16291004419326782,False,False,False,False,False,False,False,58.5010028063381,0.0,5.143999122083187,-5.5223411321640015,-0.16291004419326782
790.0,KL001,2,3.7719120432435265,3.0,45.23636700755224,101.50812513020554,True,True,52.88167259416597,4.680397966201707,162.4407618366463,165.01776995694,185.30899733895473,162.315287534954,-0.36793166399002075,-0.17374980449676514,AC3,31.814828609847446,False,2.6358074694871902,-0.17374980449676514,False,False,False,False,False,False,False,59.402273637927095,0.0,8.154782429337502,-5.518974959850311,-0.17374980449676514
800.0,KL001,2,2.1388712161006582,3.0,45.23636700755224,101.50812513020554,True,True,52.894965889715905,4.669668617390193,161.84434911789975,164.4131682734618,186.89802039172946,165.08536134004117,-0.33690303564071655,-0.09703922271728516,AC3,32.27058826508148,False,5.151568986475468,-0.09703922271728516,False,False,False,False,False,False,False,59.99961190673421,0.0,10.205114632844925,-5.053545646369457,-0.09703922271728516
810.0,KL001,2,0.5330196121300067,3.0,45.23636700755224,101.50812513020554,True,True,52.908711124844,4.6607852919040855,161.51102694967383,164.07526389611465,188.51309726453601,170.32824755664194,-0.3114042282104492,-0.08358359336853027,AC3,32.694985628883806,False,19.321519285440445,-0.08358359336853027,False,False,False,False,False,False,False,61.15163429585823,0.0,23.992582261562347,-4.6710629761219025,-0.08358359336853027
820.0,KL001,3,116.88463567068223,3.0,-45.14693815683981,28.004229447771706,True,True,52.92307713591436,4.655759833016677,161.2238536249904,163.78413957398968,190.14560822313305,-173.66686921223504,-0.5898183584213257,-0.15617913007736206,AC3,33.028258664800234,False,-45.0,-0.15617913007736206,False,False,False,False,False,False,False,52.667682719201196,0.0,-45.0,0.0,-0.15617913007736206
830.0,KL001,3,117.60283962516665,3.0,-45.14693815683984,28.00422944777175,True,True,52.93730351925372,4.650075891947294,160.6877056235161,163.24060720536357,191.77150510288308,170.30428061659381,-0.6125500798225403,-0.1985032558441162,AC3,33.407022704553384,False,-45.0,-0.1985032558441162,False,False,False,False,False,False,False,48.32962256404142,0.0,-45.0,0.0,-0.1985032558441162
840.0,KL001,3,117.90181486449382,3.0,-45.146938156839795,28.004229447771692,True,True,52.9499691897675,4.638121712099546,160.00640337396007,162.54990652593267,193.31013652477424,154.3414918946462,-0.6338512301445007,-0.20343297719955444,AC3,34.033888616309504,False,-45.0,-0.20343297719955444,False,False,False,False,False,False,False,44.38095140326244,0.0,-45.0,0.0,-0.20343297719955444
850.0,KL001,3,117.76311902560914,3.0,-45.14693815683982,28.004229447771735,True,True,52.96008549846902,4.6208621524976765,159.30819618374608,161.84205049567666,194.6443560271923,138.42702223308765,-0.6941919326782227,0.01678943634033203,AC6,33.98822032784663,False,-45.0,0.01678943634033203,False,False,False,False,False,False,False,41.172283959836555,0.0,-45.0,0.0,0.01678943634033203
860.0,KL001,3,117.19687413466903,3.0,-45.14693815683983,28.00422944777175,True,True,52.96690486184812,4.599594009089507,159.3652718724419,161.89991559188573,195.68048020181283,122.61530937591942,-0.6656908392906189,0.03398454189300537,AC6,32.789877729205024,False,-45.0,0.03398454189300537,False,False,False,False,False,False,False,39.155595340443824,0.0,-45.0,0.0,0.03398454189300537
870.0,KL001,3,116.24216247991204,3.0,-45.14693815683978,28.004229447771692,True,True,52.969887453776586,4.575993814706988,159.48132017246,162.0175685848507,196.3420630102923,106.88367500346635,-0.58561772108078,0.017073750495910645,AC6,31.439653516284345,False,-45.0,0.017073750495910645,False,False,False,False,False,False,False,38.604355476134046,0.0,-45.0,0.0,0.017073750495910645
880.0,KL001,3,114.96646691993196,3.0,-45.14693815683984,28.004229447771763,True,True,52.96879385374584,4.551938807723769,159.5393704028898,162.07642134214808,196.5803769820084,91.19344401806126,-0.5250697135925293,0.053076744079589844,AC6,30.001898562022443,False,-40.13616532087326,0.053076744079589844,False,False,False,False,False,False,False,38.73201093125079,0.0,-32.26011872291565,-7.876046597957611,0.053076744079589844
890.0,KL001,3,113.46064784574219,3.0,-45.14693815683984,28.00422944777175,True,True,52.96370669598563,4.529314899089268,159.72089727588337,162.26045699329808,196.3780278244813,75.52290834724812,-0.36263108253479004,-0.016009747982025146,AC6,28.554444168069146,False,-21.887792497873306,-0.016009747982025146,False,False,False,False,False,False,False,37.33306422964186,0.0,-16.448326259851456,-5.439466238021851,-0.016009747982025146
900.0,KL001,3,111.83880998580872,3.0,-45.14693815683984,28.004229447771763,True,True,52.95503309993315,4.509943222044915,159.6654826970398,162.2042766862511,195.74968907083718,59.812876143962086,-0.2981727123260498,-0.11101734638214111,AC6,27.187810363949232,False,-4.887067973613739,-0.11101734638214111,False,False,False,False,False,False,False,36.31466548199003,0.0,-0.4144772747531533,-4.472590698860586,-0.11101734638214111
910.0,KL001,3,110.2091420280372,3.0,-45.14693815683982,28.004229447771735,True,True,52.94417197209641,4.493873898045291,159.28422770113076,161.8177504730135,194.84252522992082,55.32518282505711,-0.2780377268791199,-0.12991726398468018,AC6,25.95101172745981,False,0.3518191957846284,-0.12991726398468018,False,False,False,False,False,False,False,35.63323391478532,0.0,4.522385112941265,-4.170565917156637,-0.12991726398468018
920.0,KL001,3,108.58437873876572,3.0,-45.146938156839816,28.004229447771735,True,True,52.93331537597412,4.477895676526369,158.83815425431408,161.36550305428278,193.9439113253719,56.07835128498047,-0.2821345329284668,-0.12108480930328369,AC6,24.77649377580163,False,-0.008060485342866741,-0.12108480930328369,False,False,False,False,False,False,False,35.28090814228109,0.0,4.223957508802414,-4.232017994145281,-0.12108480930328369
930.0,KL001,3,106.96417207257583,3.0,-45.14693815683985,28.004229447771763,True,True,52.92248578986134,4.461965714192787,158.4223742459061,160.94396197960296,193.05702034509602,56.47425315972774,-0.23998689651489258,-0.08316093683242798,AC6,23.67167616157209,False,0.687306672334671,-0.08316093683242798,False,False,False,False,False,False,False,35.03368443164106,0.0,4.28711012005806,-3.5998034477233887,-0.08316093683242798
940.0,KL001,3,105.34561900680107,3.0,-45.14693815683982,28.00422944777175,True,True,52.911791458622744,4.445854463286331,158.1366602819455,160.65428558834296,192.19764202415294,57.571661805596136,-0.24247682094573975,-0.07341980934143066,AC6,22.638146009228706,False,0.008872970720403828,-0.07341980934143066,False,False,False,False,False,False,False,34.998120869732105,0.0,3.6460252851247787,-3.637152314404375,-0.07341980934143066
950.0,KL001,3,103.72988999274911,3.0,-45.14693815683985,28.00422944777175,True,True,52.90111565789937,4.429770091801194,157.88435565574477,160.39847946293597,191.34975209642727,57.99367521391591,-0.29217076301574707,-0.10656368732452393,AC6,21.693114812038555,False,-0.6978560099378228,-0.10656368732452393,False,False,False,False,False,False,False,35.093863452799845,0.0,3.6847054213285446,-4.382561431266367,-0.10656368732452393
960.0,KL001,3,102.11977033160429,3.0,-45.146938156839795,28.00422944777172,True,True,52.89034746453888,4.413943127357607,157.5183807028536,160.02742147461015,190.49722592187155,57.708483260139474,-0.29490697383880615,-0.10378080606460571,AC6,20.857263435773678,False,0.01902233765576966,-0.10378080606460571,False,False,False,False,False,False,False,35.06761605940438,0.0,4.442626945674419,-4.42360460801865,-0.10378080606460571
970.0,KL001,3,100.5135478433955,3.0,-45.146938156839845,28.00422944777175,True,True,52.879606752024785,4.398149910745664,157.1619511557268,159.6660369079042,189.657010923592,58.14299737817569,-0.3235759735107422,-0.13520848751068115,AC6,20.13483878876553,False,-0.3683856502175331,-0.13520848751068115,False,False,False,False,False,False,False,35.083962730810164,0.0,4.4852539524436,-4.853639602661133,-0.13520848751068115
980.0,KL001,3,98.91332781323693,3.0,-45.14693815683984,28.00422944777175,True,True,52.86883683043358,4.382521558056355,156.6977375259189,159.1953631258473,188.82054089311922,58.190876016935874,-0.21786940097808838,-0.14438974857330322,AC6,19.543368079501345,False,1.655132845044136,-0.14438974857330322,False,False,False,False,False,False,False,34.90304719204672,0.0,4.923173859715462,-3.2680410146713257,-0.14438974857330322
990.0,KL001,3,97.31469471983144,3.0,-45.14693815683984,28.00422944777175,True,True,52.858376915408876,4.366439342364392,156.20203707223416,158.6927559364493,188.0363188565988,60.271856744017924,-0.22808736562728882,-0.12620532512664795,AC6,19.066563321371724,False,-0.10874010622501373,-0.12620532512664795,False,False,False,False,False,False,False,34.87049583268705,0.0,3.3125703781843185,-3.4213104844093323,-0.12620532512664795
1000.0,KL001,3,95.72094812225566,3.0,-45.146938156839816,28.004229447771735,True,True,52.847927673067154,4.3504382052233295,155.7687039759888,158.2533779899094,187.26207925370133,60.590854172504976,-0.3162316679954529,-0.06650888919830322,AC6,18.736589545175583,False,-1.2743635196238756,-0.06650888919830322,False,False,False,False,False,False,False,34.89148204888334,0.0,3.4691114723682404,-4.743474991992116,-0.06650888919830322
1010.0,KL001,3,94.13271157156652,3.0,-45.14693815683983,28.00422944777175,True,True,52.83728173531461,4.334852521248676,155.54010874415795,158.02159126824168,186.46880969157706,59.741682256687625,-0.3112448453903198,-0.06644892692565918,AC6,18.57743367252879,False,0.145793262636289,-0.06644892692565918,False,False,False,False,False,False,False,34.86904079800818,0.0,4.814465939998627,-4.668672677362338,-0.06644892692565918
1020.0,KL001,3,92.54676213353707,3.0,-45.14693815683984,28.004229447771763,True,True,52.826675352911785,4.319248762637138,155.3117198863354,157.79001196662503,185.69053196132953,60.31626938062533,-0.30213117599487305,-0.030737996101379395,AC6,18.572955104009537,False,0.2076348289847374,-0.030737996101379395,False,False,False,False,False,False,False,34.85827578704884,0.0,4.739602468907833,-4.531967639923096,-0.030737996101379395
1030.0,KL001,3,90.96170036837935,3.0,-45.14693815683982,28.004229447771735,True,True,52.81611039888855,4.303595963511718,155.20580691430303,157.68261883711278,184.92826654163562,60.95686358661132,-0.30057936906814575,-0.025278449058532715,AC6,18.721902259082064,False,0.09312249370850623,-0.025278449058532715,False,False,False,False,False,False,False,35.07438717182129,0.0,4.601813033223152,-4.508690539514646,-0.025278449058532715
1040.0,KL001,3,89.37762354296346,3.0,-45.14693815683984,28.00422944777175,True,True,52.805566747454584,4.287927367192537,155.1186184866748,157.59421163602153,184.1793213723845,61.48664426091207,-0.29783642292022705,-0.020545780658721924,AC6,19.022088930595103,False,0.11188901960849762,-0.020545780658721924,False,False,False,False,False,False,False,35.57165209154664,0.0,4.579435363411903,-4.467546343803406,-0.020545780658721924
1050.0,KL001,3,87.79432279515106,3.0,-45.14693815683984,28.004229447771756,True,True,52.795046416535065,4.27223570687647,155.04766162162184,157.52226269526065,183.4442177207851,62.03898690560828,-0.2950819730758667,-0.015929996967315674,AC6,19.466070399884533,False,0.11267825961112976,-0.015929996967315674,False,False,False,False,False,False,False,36.33771553608492,0.0,4.53890785574913,-4.4262295961380005,-0.015929996967315674
1060.0,KL001,3,86.21163757847069,3.0,-45.14693815683985,28.00422944777175,True,True,52.78454849009339,4.25651923461184,154.99253539669522,157.4663656070097,182.72305148355701,62.59593199187452,-0.33787572383880615,-0.02106475830078125,AC6,20.044130859594052,False,-0.56990135461092,-0.02106475830078125,False,False,False,False,False,False,False,37.35576683707599,0.0,4.498234502971172,-5.068135857582092,-0.02106475830078125
1070.0,KL001,3,84.63150177330101,3.0,-45.14693815683983,28.00422944777175,True,True,52.773961507470624,4.240987247614302,154.91979903240048,157.39261196297264,181.9993171295667,62.47128164535431,-0.33586829900741577,-0.021747350692749023,AC6,20.75454104286142,False,0.11554441996850073,-0.021747350692749023,False,False,False,False,False,False,False,38.62363358895058,0.0,5.153568908572197,-5.038024488603696,-0.021747350692749023
1080.0,KL001,3,83.05219679421154,3.0,-45.14693815683984,28.00422944777175,True,True,52.7633986045662,4.2254313052724575,154.84472186197667,157.31648457996602,181.2898365339146,63.03584855278092,-0.27975308895111084,0.02072727680206299,AC6,21.575004165031277,False,0.928292004391551,0.02072727680206299,False,False,False,False,False,False,False,40.1003223144532,0.0,5.124588310718536,-4.196296306326985,0.02072727680206299
1090.0,KL001,3,81.47021229928889,3.0,-45.146938156839845,28.004229447771756,True,True,52.752984835775756,4.209591171180511,154.9153170450386,157.3880672851443,180.61424877807923,64.42048298107818,-0.2795591354370117,0.03083646297454834,AC6,22.482747417151636,False,0.07497712969779968,0.03083646297454834,False,False,False,False,False,False,False,41.74362976456696,0.0,4.2683641612529755,-4.193387031555176,0.03083646297454834
1100.0,KL001,3,79.88730498430037,3.0,-45.14693815683982,28.00422944777175,True,True,52.742576566517805,4.193721568011749,155.02058273843355,157.49480516500947,179.95162779120943,64.95579364224835,-0.2759542465209961,0.03450274467468262,AC6,23.478444787900134,False,0.12768857181072235,0.03450274467468262,False,False,False,False,False,False,False,43.55497208370258,0.0,4.267002269625664,-4.139313697814941,0.03450274467468262
1110.0,KL001,3,78.30323028356345,3.0,-45.14693815683984,28.004229447771756,True,True,52.73218185153002,4.1778054153074375,155.13842207509217,157.61429207460813,179.30342255725841,65.54801298386806,-0.27242088317871094,0.0384289026260376,AC6,24.55083455196062,False,0.1271970570087433,0.0384289026260376,False,False,False,False,False,False,False,45.51326283884569,0.0,4.213510304689407,-4.086313247680664,0.0384289026260376
1120.0,KL001,3,76.71785561591209,3.0,-45.14693815683985,28.00422944777175,True,True,52.72179979353414,4.161841516425398,155.2697262936137,157.74743155119936,178.66976498749295,66.14393837615046,-0.0960506796836853,0.2046438455581665,AC6,25.69041491740703,False,2.720384392887354,0.2046438455581665,False,False,False,False,False,False,False,47.60058277534144,0.0,4.161144532263279,-1.440760139375925,0.2046438455581665
1130.0,KL001,3,75.12140320623982,3.0,-45.14693815683984,28.004229447771756,True,True,52.711824805549426,4.1450412449621465,155.9710852959173,158.45858328408752,178.11256966424676,69.34737149130771,-0.09377866983413696,0.21971499919891357,AC6,26.860184529932294,False,0.05710383702535182,0.21971499919891357,False,False,False,False,False,False,False,49.747692928013606,0.0,1.463783886283636,-1.4066800492582843,0.21971499919891357
1140.0,KL001,3,73.51728192299758,3.0,-45.14693815683983,28.004229447771735,True,True,52.701830870303695,4.128116392986548,156.72413050180216,159.22212359939337,177.56979359903912,69.89339144348375,0.005104660987854004,0.21805572509765625,AC6,28.084801116655534,False,1.5039610303938389,0.21805572509765625,False,False,False,False,False,False,False,52.00032023085792,0.0,1.4273911714553833,0.07656985893845558,0.21805572509765625
1150.0,KL001,3,71.90489477074607,3.0,-45.14693815683984,28.004229447771763,True,True,52.69206326081269,4.110685822801308,157.4714826260337,159.97987168612846,177.07737869640536,71.89604442785793,0.02685678005218506,0.253558874130249,AC6,29.34197280790967,False,0.3144810441881418,0.253558874130249,False,False,False,False,False,False,False,52.33764367366343,0.0,-0.08837066707201302,0.40285171126015484,0.253558874130249
1160.0,KL001,3,70.28379802904524,3.0,-45.14693815683984,28.004229447771742,True,True,52.682300298485615,4.093074497901158,158.3405949240645,160.86104879653817,176.60429384992005,72.71560107649586,0.03747832775115967,0.2527494430541992,AC6,30.641665413297805,False,0.13981555122882128,0.2527494430541992,False,False,False,False,False,False,False,51.65831761822959,0.0,-0.42235936503857374,0.562174916267395,0.2527494430541992
1170.0,KL001,3,68.65406243019738,3.0,-45.14693815683984,28.004229447771756,True,True,52.672510250733296,4.075331520146174,159.20692841622594,161.73938181910304,176.1463223554044,73.36631852952843,0.04858529567718506,0.2500419616699219,AC6,31.98123543862684,False,0.14290070976130664,0.2500419616699219,False,False,False,False,False,False,False,51.133110410577764,0.0,-0.5858787288889289,0.7287794386502355,0.2500419616699219
1180.0,KL001,3,67.01580264127044,3.0,-45.14693815683984,28.004229447771742,True,True,52.66269461472292,4.057456802915631,160.06397350738888,162.60827147013285,175.70398607579173,74.02587890014482,0.0164414644241333,0.21594953536987305,AC8,31.30431625395184,False,-0.5104803247377276,0.21594953536987305,False,False,False,False,False,False,False,50.911695667146674,0.0,-0.7571022771298885,0.2466219523921609,0.21594953536987305
1190.0,KL001,3,65.3701784382781,3.0,-45.146938156839816,28.004229447771735,True,True,52.65273705336776,4.039649219798447,160.80409158302933,163.35859702449338,175.26001896280346,74.03571314135007,0.028067469596862793,0.21060824394226074,AC8,30.539305750472437,False,0.15750852297060192,0.21060824394226074,False,False,False,False,False,False,False,50.73735407272855,0.0,-0.26350352447479963,0.42101204744540155,0.21060824394226074
1200.0,KL001,3,63.71738868508934,3.0,-45.14693815683984,28.00422944777175,True,True,52.64276475432881,4.021720695573614,161.52588867325068,164.09033001014822,174.83304385022197,74.71887966138718,0.03856933116912842,0.20943284034729004,AC8,29.833720043117257,False,0.13578265090472996,0.20943284034729004,False,False,False,False,False,False,False,50.667198665461484,0.0,-0.44275731313973665,0.5785399640444666,0.20943284034729004
1210.0,KL001,3,62.05749389226119,3.0,-45.146938156839845,28.004229447771756,True,True,52.632774155890175,4.003677715283487,162.243652276224,164.8179554269412,174.42284479953693,75.3855255069611,0.04889702796936035,0.20802927017211914,AC8,29.19247292316511,False,0.12845702469348907,0.20802927017211914,False,False,False,False,False,False,False,50.606428021636695,0.0,-0.6049983948469162,0.7334554195404053,0.20802927017211914
1220.0,KL001,3,60.39056090203496,3.0,-45.14693815683984,28.004229447771756,True,True,52.62276443049126,3.985522741077501,162.9565998785677,165.54068030788886,174.02959501388756,76.04994502818329,0.05900752544403076,0.20647680759429932,AC8,28.620383723242977,False,0.12026069685816765,0.20647680759429932,False,False,False,False,False,False,False,50.5720211749503,0.0,-0.7648521848022938,0.8851128816604614,0.20647680759429932
1230.0,KL001,3,58.72343961506533,3.0,-45.14693815683984,28.004229447771742,True,True,52.61277520348786,3.9673325156426813,162.99999999999994,165.5846750214427,173.65492844590023,76.70895895476298,0.06209993362426758,0.20909082889556885,AC8,28.12470579435902,False,0.009976644068956375,0.20909082889556885,False,False,False,False,False,False,False,50.5568554902094,0.0,-0.9215223602950573,0.9314990043640137,0.20909082889556885
1240.0,KL001,3,57.05655361410192,3.0,-45.14693815683982,28.004229447771735,True,True,52.60278789966635,3.9491435751637445,162.99999999999994,165.5846750214427,173.2959595835603,77.2599897365892,0.06473159790039062,0.2111903429031372,AC8,27.710875659817557,False,0.0008413475279667182,0.2111903429031372,False,False,False,False,False,False,False,50.54389368953845,0.0,-0.9701326210051775,0.9709739685331442,0.2111903429031372
1250.0,KL001,3,55.38990241814025,3.0,-45.14693815683985,28.004229447771756,True,True,52.59280075804392,3.9309585399684,162.99999999999994,165.5846750214427,172.95252754838552,77.8040822697343,0.06719446182250977,0.2130584716796875,AC8,27.382687472783367,False,-0.0038404763836297207,0.2130584716796875,False,False,False,False,False,False,False,50.5316351198283,0.0,-1.0117574036121368,1.0079169272285071,0.2130584716796875
1260.0,KL001,3,53.72348649061248,3.0,-45.14693815683984,28.004229447771742,True,True,52.582812876053225,3.9127787511353924,162.99999999999994,165.5846750214427,172.62459215564894,78.34559578449853,-0.024828970432281494,0.18911921977996826,AC8,27.14328919447881,False,-1.4233395271003246,0.18911921977996826,False,False,False,False,False,False,False,50.586060666120716,0.0,-1.0509049985557795,-0.3724345285445452,0.18911921977996826
1270.0,KL001,3,52.057319788932844,3.0,-45.146938156839845,28.00422944777175,True,True,52.57255372047746,3.8950170284579175,162.99999999999994,165.5846750214427,172.27200685981225,77.46678651977504,-0.01624011993408203,0.18392419815063477,AC8,27.014211614148046,False,0.12882661423645914,0.18392419815063477,False,False,False,False,False,False,False,50.58112695544115,0.0,0.37242840975522995,-0.24360179551877081,0.18392419815063477
1280.0,KL001,3,50.39131620227873,3.0,-45.14693815683982,28.00422944777175,True,True,52.56231885980911,3.8772215505287475,162.99999999999994,165.5846750214427,171.93869122943187,78.14258563936278,-0.014263570308685303,0.18671000003814697,AC8,26.97714519752287,False,0.025606622511986643,0.18671000003814697,False,False,False,False,False,False,False,50.568882478288764,0.0,0.2395601780153811,-0.21395355550339445,0.18671000003814697
1290.0,KL001,3,48.7255123788067,3.0,-45.14693815683984,28.004229447771763,True,True,52.55208883436205,3.859422701238817,162.99999999999994,165.5846750214427,171.62182851394857,78.71728639510388,-0.012057304382324219,0.18868958950042725,AC8,27.033780150118844,False,0.028129695856478065,0.18868958950042725,False,False,False,False,False,False,False,50.647641255983565,0.0,0.20898926071822643,-0.18085956486174837,0.18868958950042725
1300.0,KL001,3,47.05990810277106,3.0,-45.14693815683985,28.004229447771756,True,True,52.541864122915754,3.8416197426546956,162.99999999999994,165.5846750214427,171.321581961902,79.29654001601182,-0.010070383548736572,0.19039607048034668,AC8,27.1834449693164,False,0.023729631502646953,0.19039607048034668,False,False,False,False,False,False,False,50.8970710913059,0.0,0.17478538560681045,-0.1510557541041635,0.19039607048034668
1310.0,KL001,3,45.3945050876838,3.0,-45.14693815683984,28.004229447771753,True,True,52.53164389616744,3.8238139687429338,162.99999999999994,165.5846750214427,171.03791386423276,79.87331635379974,-0.00827169418334961,0.1917734146118164,AC8,27.424631216462966,False,0.019835463463095948,0.1917734146118164,False,False,False,False,False,False,False,51.31471770847812,0.0,0.14391087577678263,-0.12407541231368668,0.1917734146118164
1320.0,KL001,3,43.729304732337184,3.0,-45.14693815683984,28.004229447771753,True,True,52.52142741949777,3.8060065229144406,162.99999999999994,165.5846750214427,170.77079578939163,80.44801457966025,-0.006658196449279785,0.19280564785003662,AC8,27.75496677129735,False,0.016012794367270544,0.19280564785003662,False,False,False,False,False,False,False,51.89655243360018,0.0,0.11588574154302478,-0.09987294717575423,0.19280564785003662
1330.0,KL001,3,42.064308262317915,3.0,-45.14693815683984,28.004229447771756,True,True,52.511213971088836,3.788198525877333,162.99999999999994,165.5846750214427,170.52019628404835,81.02059897001732,-0.005219757556915283,0.19347691535949707,AC8,28.171334216764535,False,0.012369279284030199,0.19347691535949707,False,False,False,False,False,False,False,52.637171910362554,0.0,0.09066564263775945,-0.07829636335372925,0.19347691535949707
1340.0,KL001,3,40.39951672355174,3.0,-45.14693815683982,28.004229447771742,True,True,52.5010028624432,3.7703910443932505,162.99999999999994,165.5846750214427,170.28608397085387,81.59114120329048,-0.003941893577575684,0.19377517700195312,AC8,28.670006824331153,False,0.008967288085841574,0.19377517700195312,False,False,False,False,False,False,False,53.530031797955935,0.0,0.06809569196775556,-0.05912840388191398,0.19377517700195312
1350.0,KL001,3,38.73493099106541,3.0,-45.14693815683982,28.004229447771745,True,True,52.49079345034035,3.7525850733285044,162.99999999999994,165.5846750214427,170.06842937641014,82.15977519783445,-0.0028057098388671875,0.19369220733642578,AC8,29.24679749322511,False,0.0058667801931733266,0.19369220733642578,False,False,False,False,False,False,False,54.56770762427601,0.0,0.04795242799445987,-0.04208564780128654,0.19369220733642578
1360.0,KL001,3,37.07055178039925,3.0,-45.14693815683984,28.004229447771756,True,True,52.4805851483231,3.7347815184018156,162.99999999999994,165.5846750214427,169.86720670250696,82.72669478635737,-0.0015737414360046387,0.1932908296585083,AC8,29.89720778690691,False,0.006336035148706287,0.1932908296585083,False,False,False,False,False,False,False,55.742159979086644,0.0,0.029942156688775867,-0.02360612154006958,0.1932908296585083
1370.0,KL001,3,35.40637913657828,3.0,-45.14693815683984,28.004229447771753,True,True,52.470378045301956,3.716980240399715,162.99999999999994,165.5846750214427,169.68248781975825,83.295365801142,-0.00026476383209228516,0.19257628917694092,AC8,30.616516978766047,False,0.00636521857813932,0.19257628917694092,False,False,False,False,False,False,False,57.04489260182957,0.0,0.010336676277802326,-0.003971457699663006,0.19257628917694092
1380.0,KL001,3,33.74241323287898,3.0,-45.14693815683984,28.004229447771753,True,True,52.46017214692516,3.6991812289004296,162.99999999999994,165.5846750214427,169.51432744893606,83.86524212051529,0.0009884834289550781,0.19149911403656006,AC8,31.399968128829684,False,0.004235353408148512,0.19149911403656006,False,False,False,False,False,False,False,58.46729511826596,0.0,-0.01059189802617766,0.014827251434326172,0.19149911403656006
1390.0,KL001,3,32.07865458837795,3.0,-45.14693815683984,28.00422944777175,True,True,52.44996705017657,3.681385104615236,162.99999999999994,165.5846750214427,169.3627135046876,84.43405519293287,0.061998963356018066,0.18972384929656982,AC8,32.24289764856418,False,0.8992090635001659,0.18972384929656982,False,False,False,False,False,False,False,60.00088423550526,0.0,-0.030775359773542732,0.9299844232737087,0.18972384929656982
1400.0,KL001,3,30.415209649467762,3.0,-45.14693815683984,28.00422944777175,True,True,52.43993340303051,3.6633325066190046,162.99999999999994,165.5846750214427,169.25350015762746,85.89950638885023,0.05836474895477295,0.19155561923980713,AC8,33.12693186680092,False,-0.12099322280846536,0.19155561923980713,False,False,False,False,False,False,False,61.61162116633033,0.0,-0.9964644536376,0.8754712308291346,0.19155561923980713
1410.0,KL001,3,28.751970331558535,3.0,-45.14693815683984,28.00422944777175,True,True,52.429876541627195,3.6453188184248817,162.99999999999994,165.5846750214427,169.1573409879966,86.34535374720292,0.06082332134246826,0.18920183181762695,AC8,34.06362587022131,False,-0.029914061597082764,0.18920183181762695,False,False,False,False,False,False,False,63.32111433381304,0.0,-0.9422638826072216,0.9123498210101388,0.18920183181762695
1420.0,KL001,3,27.088967865333597,3.0,-45.14693815683984,28.004229447771753,True,True,52.41981394769974,3.6273178539871456,162.99999999999994,165.5846750214427,169.07688793554476,86.88285156667484,0.06278443336486816,0.18689477443695068,AC8,35.04747204638081,False,-0.0433332659304142,0.18689477443695068,False,False,False,False,False,False,False,65.1191948294164,0.0,-0.9850997664034367,0.9417665004730225,0.18689477443695068
1430.0,KL001,3,25.426201392688036,3.0,-45.14693815683984,28.004229447771756,True,True,52.409743054549494,3.6093334813190405,162.99999999999994,165.5846750214427,169.0117754171578,87.40739353000629,-0.08794349431991577,0.11292624473571777,AC8,36.074830300571215,False,-2.3399165645241737,0.11292624473571777,False,False,False,False,False,False,False,66.9991391236721,0.0,-1.0207641776651144,-1.3191523868590593,0.11292624473571777
1440.0,KL001,3,23.76412464501262,3.0,-45.14693815683984,28.004229447771756,True,True,52.399246735954435,3.5920196245343408,162.99999999999994,165.5846750214427,168.8978903208788,85.63448467686783,-0.24135732650756836,-0.005978941917419434,AC8,37.17520358067038,False,-2.2324495017528534,-0.005978941917419434,False,False,False,False,False,False,False,69.01589519537275,0.0,1.3879103120416403,-3.6203598137944937,-0.005978941917419434
1450.0,KL001,3,22.10574303735449,3.0,-45.14693815683983,28.004229447771742,True,True,52.38834638916627,3.575398591044015,162.97897692984148,165.5633639386481,168.73591535498232,83.9677913474078,-0.22555851936340332,-0.007895171642303467,AC8,38.34349283286604,False,0.48504183534532785,-0.007895171642303467,False,False,False,False,False,False,False,71.16000928391195,0.0,3.8684196397662163,-3.3833778044208884,-0.007895171642303467
1460.0,KL001,3,20.447444853102883,3.0,-45.14693815683984,28.004229447771756,True,True,52.37752246057737,3.55865390793498,162.95138197386822,165.53539091205934,168.602541802197,85.01990562088213,-0.22951936721801758,-0.003247559070587158,AC8,39.53725700618002,False,0.19531118916347623,-0.003247559070587158,False,False,False,False,False,False,False,73.35242101193451,0.0,3.638101704418659,-3.442790515255183,-0.003247559070587158
1470.0,KL001,3,18.789544290068473,3.0,-45.14693815683983,28.004229447771742,True,True,52.36673420564584,3.5418541842689133,162.93972668152256,165.52357592562353,168.49134478412907,85.78323574752062,-0.22913366556167603,-0.0069522857666015625,AC8,40.75710424220055,False,0.28879522578790784,-0.0069522857666015625,False,False,False,False,False,False,False,75.59424363129638,0.0,3.7258002161979675,-3.4370049904100597,-0.0069522857666015625
1480.0,KL001,3,17.132040696422592,3.0,-45.14693815683984,28.004229447771756,True,True,52.355999388336286,3.524972241152012,162.91536559671334,165.49888104345425,168.40507082283642,86.64083385392263,-0.2294275164604187,-0.010976731777191162,AC8,41.99925015250155,False,0.3060184861533344,-0.010976731777191162,False,False,False,False,False,False,False,77.8784053709923,0.0,3.7474312260746956,-3.441412739921361,-0.010976731777191162
1490.0,KL001,3,15.475096131664143,3.0,-45.14693815683984,28.00422944777175,True,True,52.3453222840608,3.508004731019744,162.87720224189476,165.46019472850864,168.34425438362177,87.51618812487419,-0.22979414463043213,-0.015186071395874023,AC8,43.26125279242122,False,0.33926524221897125,-0.015186071395874023,False,False,False,False,False,False,False,80.20033103439046,0.0,3.786177411675453,-3.446912169456482,-0.015186071395874023
1500.0,KL001,3,13.818861591633446,3.0,-45.14693815683984,28.00422944777175,True,True,52.334710157861494,3.4909436255527497,162.82460254484153,165.40687416109006,168.30987353669295,88.42506261026654,-0.14546018838882446,0.08629357814788818,AC8,44.540666798306894,False,1.6524229757487774,0.08629357814788818,False,False,False,False,False,False,False,82.55543703061753,0.0,3.83432574570179,-2.1819027699530125,0.08629357814788818
1510.0,KL001,3,12.158860467137494,3.0,-45.14693815683984,28.004229447771756,True,True,52.32439064184183,3.4733761085595014,162.99999999999994,165.5846750214427,168.33968111757417,90.64793764737112,-0.15417295694351196,0.07743287086486816,AC8,45.818356478453545,False,0.13938976102508605,0.07743287086486816,False,False,False,False,False,False,False,84.9080627896574,0.0,2.451984118670225,-2.312594357645139,0.07743287086486816
1520.0,KL001,3,10.499208566870367,3.0,-45.14693815683984,28.004229447771753,True,True,52.31409859083611,3.45576960174069,162.99999999999994,165.5846750214427,168.39039403886014,91.35748716089017,-0.15317809581756592,0.07227230072021484,AC8,47.11328904368772,False,0.34828031435608864,0.07227230072021484,False,False,False,False,False,False,False,87.29349236893806,0.0,2.6459517516195774,-2.2976714372634888,0.07227230072021484
1530.0,KL001,3,8.839712113910593,3.0,-45.14693815683984,28.004229447771756,True,True,52.30387214970227,3.438065176371651,162.99999999999994,165.5846750214427,168.46782262711739,92.2753997425861,-0.15362489223480225,0.06646478176116943,AC8,48.421218140022795,False,0.3876739600673318,0.06646478176116943,False,False,False,False,False,False,False,89.70379149893415,0.0,2.692047357559204,-2.3043733974918723,0.06646478176116943
1540.0,KL001,3,7.180409646664085,3.0,-45.14693815683984,28.004229447771753,True,True,52.29371918379192,3.420252084257882,162.99999999999994,165.5846750214427,168.5730654004415,93.23192153327932,-0.15398216247558594,0.06042659282684326,AC8,49.74032424643573,False,0.483226147480309,0.06042659282684326,False,False,False,False,False,False,False,92.13554301365302,0.0,2.7929585985839367,-2.3097324511036277,0.06042659282684326
1550.0,KL001,3,5.521316032093645,3.0,-45.14693815683984,28.004229447771753,True,True,52.28365845334976,3.4023037019055153,162.99999999999994,165.5846750214427,168.7088196592237,94.28289114102591,-0.15459418296813965,0.054030418395996094,AC8,51.068167895721906,False,0.6298267235979438,0.054030418395996094,False,False,False,False,False,False,False,94.58418001650216,0.0,2.9487394541502,-2.318912730552256,0.054030418395996094
1560.0,KL001,1,3.583029942258681,1.0,-43.21193485295862,26.999981279735724,False,True,52.27371901386894,3.384179696693328,162.99999999999994,165.5846750214427,168.87921860845682,95.47893039828023,-0.24547910690307617,0.024945855140686035,AC8,52.401761871979566,False,-25.0,0.024945855140686035,True,True,False,True,False,False,False,97.04412196900553,0.0,-30.547801852226257,-3.682187497615814,0.024945855140686035
1570.0,KL001,2,45.0094985374855,1.0,-46.18557409542119,-15.767795764819617,False,True,52.2622523362353,3.3687745915416842,162.99999999999994,165.5846750214427,168.81513679062627,80.22144318435699,-0.2781948447227478,-0.1329125165939331,AC8,53.856948168862566,False,-5.000000000000002,-0.1329125165939331,True,True,False,True,False,False,False,99.73070694847281,0.0,-28.480961322784424,-4.172921776771545,-0.1329125165939331
1580.0,KL001,2,43.50762362724491,1.0,-46.18557409542118,-15.767795764819613,False,True,52.24912532781813,3.3574429310052687,162.54364215723572,165.1220615664896,168.43712034415137,75.77195600308386,-0.2619894742965698,-0.12389516830444336,AC8,55.44593430636754,False,-20.0,-0.12389516830444336,True,True,False,True,False,False,False,102.66682228292484,0.0,-24.371505975723267,-3.9298412203788757,-0.12389516830444336
1590.0,KL001,2,41.929866199548535,1.0,-46.18557409542119,-15.767795764819617,False,True,52.23512885654679,3.3497702228610597,162.118211901582,164.6907928831695,167.82223927633953,60.38459435548941,-0.1772226095199585,-0.05436223745346069,AC8,57.11459911634507,False,-5.000000000000002,-0.05436223745346069,True,True,False,True,False,False,False,105.75197503717453,0.0,-9.069940745830536,-2.6583386957645416,-0.05436223745346069
1600.0,KL001,2,40.29176802808662,1.0,-46.18557409542118,-15.767795764819624,False,True,52.22044598558649,3.346852291356459,161.93125499054437,164.50126819229473,166.92370799898995,55.857363375471294,-0.10987204313278198,-0.09043872356414795,AC8,58.85514975161123,False,0.0,-0.09043872356414795,True,True,False,True,False,False,False,108.97195354697956,0.0,-4.259405583143234,-1.6480806469917297,-0.09043872356414795
1610.0,KL001,2,38.65570530963707,1.0,-46.185574095421195,-15.767795764819613,False,True,52.20577226466029,3.344167754584895,161.62056979429784,164.18631307633515,166.0250543055181,56.33138860410833,-0.13319003582000732,0.005464673042297363,AC8,60.59782358616266,False,0.0,0.005464673042297363,True,True,False,True,False,False,False,112.19601806068621,0.0,-4.441324062645435,-1.997850425541401,0.005464673042297363
1620.0,KL001,2,37.0198845184186,1.0,-46.18557409542119,-15.767795764819613,False,True,52.191096892198864,3.341483802185305,161.63879843091442,164.2047923350781,165.13778623024612,56.81059364122643,-0.13517343997955322,0.007887601852416992,AC8,62.341751062119236,False,0.0,0.007887601852416992,True,True,False,True,False,False,False,115.42246951687756,0.0,-4.639249294996262,-2.0276018232107162,0.007887601852416992
1630.0,KL001,2,35.38428007591288,1.0,-46.185574095421174,-15.767795764819613,False,True,52.176419115337275,3.3388002960759238,161.66533675091293,164.2316955041433,164.26204921399398,57.295020715398294,-0.10347986221313477,-0.003247857093811035,AC8,64.08688167413138,False,0.0,-0.003247857093811035,True,True,False,True,False,False,False,118.65120903238103,0.0,-4.8554108664393425,-1.5521980449557304,-0.003247857093811035
1640.0,KL001,2,33.74934704591324,1.0,-46.18557409542119,-15.767795764819613,False,True,52.161742394180045,3.3361178682111854,161.6536845197036,164.21988308106907,163.39823903024697,57.784569252819296,-0.10736334323883057,-0.0005591511726379395,AC8,65.83292874195554,False,0.0,-0.0005591511726379395,True,True,False,True,False,False,False,121.88170169912328,0.0,-5.092400461435318,-1.6104499250650406,-0.0005591511726379395
1650.0,KL001,2,32.11507582194512,1.0,-46.18557409542119,-15.767795764819617,False,True,52.147065893268255,3.333436365023692,161.6512535830169,164.21741872387796,162.5464940932843,58.27927662830146,-0.1114005446434021,0.0018759965896606445,AC8,67.57986486394778,False,-5.000000000000002,0.0018759965896606445,True,True,False,True,False,False,False,125.11389237805066,0.0,-5.353402867913246,-1.6710081696510315,0.0018759965896606445
1660.0,KL001,2,30.474455606778296,1.0,-46.18557409542119,-15.767795764819619,False,True,52.13230806955889,3.3326223968524746,161.6571743017512,164.22342084025098,161.59965431909876,53.75387502240977,-0.06950896978378296,-0.004853606224060059,AC8,69.34185839552687,False,5.000000000000002,-0.004853606224060059,True,True,False,True,False,False,False,125.28724888067507,0.0,-0.4019741155207157,-1.04263449087739,-0.004853606224060059
1670.0,KL001,2,28.84002720584538,1.0,-46.185574095421195,-15.767795764819619,False,True,52.11762034425471,3.330169776785348,161.64001497642087,164.20602560621677,160.75872155443056,59.25612601172298,0.04685044288635254,-0.014610111713409424,AC5,69.40455347595623,False,-4.976254440844059,-0.014610111713409424,False,False,False,False,False,False,False,125.23213536540034,0.0,-5.679010972380638,0.7027565315365791,-0.014610111713409424
1680.0,KL001,2,27.200284771186407,1.0,-46.18557409542119,-15.767795764819613,False,True,52.102868795693716,3.3293498834685886,161.58939453417244,164.15470916569856,159.83581484299862,54.76535627430775,0.05031228065490723,-0.07986694574356079,AC5,69.21601615758247,False,5.000000000000002,-0.07986694574356079,True,True,False,True,False,False,False,124.58908139104436,0.0,-0.777685297653079,0.7546842106967233,-0.07986694574356079
1690.0,KL001,2,25.570191623369308,1.0,-46.18557409542119,-15.767795764819615,False,True,52.08821121325342,3.326893108977927,161.31496767447373,163.87650751243774,159.02173996660176,60.27738198915918,0.036734938621520996,-0.010265469551086426,AC5,69.01425420363209,False,-5.000000000000002,-0.010265469551086426,True,True,False,True,False,False,False,124.5441914828125,0.0,-6.113366559147835,0.551023967564106,-0.010265469551086426
1700.0,KL001,2,23.933918263665937,1.0,-46.185574095421174,-15.767795764819613,False,True,52.0734879994711,3.3260731173919984,161.27924876488095,163.84029708357366,158.1246014002519,55.772986272569995,0.04339897632598877,-0.0757821798324585,AC5,68.8283852854345,False,5.000000000000002,-0.0757821798324585,True,True,False,True,False,False,False,123.89939361095487,0.0,-1.2267068680375814,0.6509846588596702,-0.0757821798324585
1710.0,KL001,2,22.308189721432445,1.0,-46.18557409542118,-15.767795764819613,False,True,52.05885730944639,3.3236217240711365,161.01883211200322,163.57629551651013,157.33729798237667,61.29471467404932,0.026439666748046875,-0.007316887378692627,AC5,68.62896384961385,False,-5.000000000000002,-0.007316887378692627,True,True,False,True,False,False,False,123.86319958512577,0.0,-6.64336234331131,0.3965947777032852,-0.007316887378692627
1720.0,KL001,2,20.675363701363725,1.0,-46.18557409542119,-15.767795764819613,False,True,52.044160131910765,3.3228044305994704,160.99322667869956,163.5503374656361,156.46629068412966,56.800460872585745,0.024014949798583984,0.29330503940582275,AC5,68.44567421722067,False,5.000000000000002,0.29330503940582275,True,True,False,True,False,False,False,123.10809286873369,0.0,-1.8159622885286808,0.3602241910994053,0.29330503940582275
1730.0,KL001,2,19.041899838041036,1.0,-46.18557409542119,-15.767795764819617,False,True,52.02944166589015,3.320342138936852,161.99864230337909,164.56958118839995,155.70033159268192,62.335985686077265,0.0341566801071167,0.3407243490219116,AC5,68.24189850229706,False,-5.000000000000002,0.3407243490219116,True,True,False,True,False,False,False,122.98297298992574,0.0,-7.3568373173475266,0.5123502016067505,0.3407243490219116
1740.0,KL001,2,17.38994365347914,1.0,-46.18557409542119,-15.767795764819617,False,True,52.014563066097516,3.3195105846444237,162.99999999999994,165.5846750214427,154.84469608310178,57.859292744987556,0.009283065795898438,0.2539108991622925,AC5,68.04923811043659,False,5.000000000000002,0.2539108991622925,True,True,False,True,False,False,False,122.28451122289016,0.0,-2.6333249174058437,0.13924604281783104,0.2539108991622925
1750.0,KL001,2,15.749464168397123,1.0,-46.185574095421195,-15.767795764819613,False,True,51.99975247029601,3.317037268916789,162.99999999999994,165.5846750214427,154.1012048974372,63.408967738690194,-0.011942625045776367,0.3248412609100342,AC5,67.84089705298751,False,-5.000000000000002,0.3248412609100342,True,True,False,True,False,False,False,122.24606720490884,0.0,-8.375561088323593,-0.1791393756866455,0.3248412609100342
1760.0,KL001,2,14.09937481333841,1.0,-46.18557409542119,-15.767795764819615,False,True,51.984872625222586,3.316205925408023,162.99999999999994,165.5846750214427,153.27237600305403,58.943636859694095,0.007892727851867676,0.25791335105895996,AC5,67.64930175919926,False,0.0,0.25791335105895996,True,True,False,True,False,False,False,121.90756117968091,0.0,-3.835853934288025,0.11839102953672409,0.25791335105895996
1770.0,KL001,2,12.448841854503366,1.0,-46.18557409542119,-15.767795764819615,False,True,51.96998580985922,3.3156069005696547,162.99999999999994,165.5846750214427,152.44303646711853,59.48113514747479,0.007770657539367676,0.260076642036438,AC5,67.4608887723709,False,0.0,0.260076642036438,True,True,False,True,False,False,False,121.5640819091095,0.0,-4.34525303542614,0.11655975133180618,0.260076642036438
1780.0,KL001,2,10.79959278346816,1.0,-46.18557409542119,-15.767795764819613,False,True,51.95509899449585,3.315008074689352,162.99999999999994,165.5846750214427,151.6272567786964,60.0244648641993,0.00737452507019043,0.26186442375183105,AC5,67.27320838330603,False,0.0,0.26186442375183105,True,True,False,True,False,False,False,121.22190665300998,0.0,-5.010231323540211,0.1106179878115654,0.26186442375183105
1790.0,KL001,2,9.152321514740429,1.0,-46.18557409542119,-15.767795764819615,False,True,51.94021217913248,3.314409447594598,162.99999999999994,165.5846750214427,150.8252569637766,60.57362214645889,-0.03236353397369385,0.3104856014251709,AC5,67.08626668278984,False,0.0,0.3104856014251709,True,True,False,True,False,False,False,120.88104553700698,0.0,-5.914656445384026,-0.4854530096054077,0.3104856014251709
1800.0,KL001,2,7.508329684822777,1.0,-46.18557409542119,-15.767795764819615,False,True,51.92532536376911,3.313811019113073,162.99999999999994,165.5846750214427,150.0372579961357,61.128598765799325,-0.03831058740615845,0.3126654624938965,AC5,66.90006980472282,False,0.0,0.3126654624938965,True,True,False,True,False,False,False,120.54150874886427,0.0,-7.215489596128464,-0.5746585875749588,0.3126654624938965
1810.0,KL001,2,5.870372868084574,1.0,-46.18557409542119,-15.767795764819613,False,True,51.91043854840574,3.3132127890726566,162.99999999999994,165.5846750214427,149.2634816171669,61.6893819517195,0.26103460788726807,0.17823851108551025,AC5,66.71462392493063,False,0.0,0.17823851108551025,True,True,False,True,False,False,False,120.203306502204,0.0,-9.243696257472038,3.91551923006773,0.17823851108551025
1820.0,KL001,2,4.245441632899023,1.0,-46.18557409542119,-15.767795764819615,False,True,51.895551733042375,3.3126147573014255,162.99999999999994,165.5846750214427,148.50415014551672,62.255954216334715,0.25457119941711426,0.17623019218444824,AC5,66.52993536887215,False,0.0,0.17623019218444824,True,True,False,True,False,False,False,119.8664660928544,0.0,-12.832122445106506,3.818567767739296,0.17623019218444824
1830.0,KL001,3,105.199004246905,1.0,-20.600894489417694,-115.07604293182646,True,True,51.880664917679006,3.312016923627655,162.99999999999994,165.5846750214427,147.7594862765367,62.828293181479694,0.24921822547912598,0.17440295219421387,AC5,66.34601330363346,False,0.0,0.17440295219421387,True,True,False,True,False,False,False,119.5310607259235,0.0,-15.990687757730484,3.7382738292217255,0.17440295219421387
1840.0,KL001,3,103.60927363851157,1.0,-20.600894489417726,-115.07604293182649,True,True,51.86577810231564,3.311419287879817,162.99999999999994,165.5846750214427,147.02971287153323,63.406371409056135,0.2782120704650879,0.18329834938049316,AC5,66.16286555144914,False,-12.069527506828308,0.18329834938049316,False,False,False,False,False,False,False,120.5723914855059,0.0,-16.24270811676979,4.1731806099414825,0.18329834938049316
1850.0,KL001,3,101.97532294482504,1.0,-20.600894489417694,-115.07604293182648,True,True,51.85101774216263,3.3141980948977934,162.99999999999994,165.5846750214427,146.11420596873285,51.87353035395964,0.37792539596557617,0.2623884677886963,AC5,66.03319501556179,False,1.3631971925497055,0.2623884677886963,False,False,False,False,False,False,False,120.24206065806028,0.0,-4.305683746933937,5.668880939483643,0.2623884677886963
1860.0,KL001,3,100.32905993979556,1.0,-20.600894489417712,-115.07604293182648,True,True,51.83632152343804,3.318087638887271,162.99999999999994,165.5846750214427,145.1462924048793,53.76386052340797,0.37548351287841797,0.26470017433166504,AC5,65.92416487204507,False,-0.13048745691776276,0.26470017433166504,False,False,False,False,False,False,False,120.07766328171037,0.0,-5.762740150094032,5.6322526931762695,0.26470017433166504
1870.0,KL001,3,98.68272113972739,1.0,-20.60089448941772,-115.07604293182648,True,True,51.82163081558016,3.3220300600406913,162.99999999999994,165.5846750214427,144.18773918885574,54.166655960298044,0.1104435920715332,0.2544376850128174,AC5,65.81841122545922,False,-4.070469103753567,0.2544376850128174,False,False,False,False,False,False,False,120.51410884570518,0.0,-5.727123096585274,1.656653992831707,0.2544376850128174
1880.0,KL001,3,97.02956717880014,1.0,-20.600894489417733,-115.07604293182649,True,True,51.807131093504765,3.3275086961970213,162.99999999999994,165.5846750214427,143.1551807872441,50.61028598761672,0.11363029479980469,0.25830864906311035,AC5,65.7472951192426,False,0.012881923030363396,0.25830864906311035,False,False,False,False,False,False,False,120.4319389505271,0.0,-1.6915724985301495,1.7044544215605129,0.25830864906311035
1890.0,KL001,3,95.37603219571685,1.0,-20.600894489417687,-115.07604293182648,True,True,51.79264961326892,3.3331195974511933,162.99999999999994,165.5846750214427,142.12678172696488,51.1423486634512,0.11191153526306152,0.2616252899169922,AC5,65.6819919100154,False,-0.056345557677559555,0.2616252899169922,False,False,False,False,False,False,False,120.35369938512024,0.0,-1.7350185848772526,1.678673027199693,0.2616252899169922
1900.0,KL001,3,93.7225103349916,1.0,-20.600894489417698,-115.07604293182648,True,True,51.778171552381224,3.338751716042678,162.99999999999994,165.5846750214427,141.10893143009346,51.612295072105525,0.031002283096313477,0.23018348217010498,AC5,65.62015238220714,False,-1.2443643528968096,0.23018348217010498,False,False,False,False,False,False,False,120.47635759680986,0.0,-1.709398627281189,0.4650342743843794,0.23018348217010498
1910.0,KL001,3,92.06840070287457,1.0,-20.600894489417694,-115.07604293182648,True,True,51.76377256920715,3.344888794036862,162.99999999999994,165.5846750214427,140.07471921700179,50.8926190463697,0.029621243476867676,0.2335909605026245,AC5,65.57316811853465,False,-0.030365288257598877,0.2335909605026245,False,False,False,False,False,False,False,120.43647244512364,0.0,-0.474683940410614,0.44431865215301514,0.2335909605026245
1920.0,KL001,3,90.41432303862601,1.0,-20.600894489417726,-115.07604293182649,True,True,51.74937560075114,3.3510362421288815,162.99999999999994,165.5846750214427,139.05173425377978,51.39447519275677,0.029261350631713867,0.2365283966064453,AC5,65.52966111469928,False,-0.014930082979844883,0.2365283966064453,False,False,False,False,False,False,False,120.39444659959861,0.0,-0.45385034289211035,0.43892025991226546,0.2365283966064453
1930.0,KL001,3,88.76028046030238,1.0,-20.60089448941769,-115.07604293182648,True,True,51.73497962437976,3.357187789649956,162.99999999999994,165.5846750214427,138.04058090607217,51.91949696217665,0.029042363166809082,0.23939573764801025,AC5,65.48949512546852,False,-0.012978427548659965,0.23939573764801025,False,False,False,False,False,False,False,120.35786143857617,0.0,-0.44861387461423874,0.4356354470655788,0.23939573764801025
1940.0,KL001,3,87.10627345850043,1.0,-20.60089448941772,-115.07604293182648,True,True,51.720584511202276,3.3633426424648736,162.99999999999994,165.5846750214427,137.04156621666024,52.45429341342691,0.14967727661132812,0.3933229446411133,AC5,65.45266232058998,False,1.7996221035718918,0.3933229446411133,False,False,False,False,False,False,False,120.02266676300043,0.0,-0.4455370455980301,2.245159149169922,0.3933229446411133
1950.0,KL001,3,85.45344232167686,1.0,-20.600894489417733,-115.07604293182646,True,True,51.70607805808592,3.3687717676896622,162.99999999999994,165.5846750214427,136.0971618688548,54.82249392251043,0.14877724647521973,0.3972029685974121,AC5,65.40151464375458,False,-0.058083629119209945,0.3972029685974121,False,False,False,False,False,False,False,119.95969226030478,0.0,-2.289742324501276,2.231658695382066,0.3972029685974121
1960.0,KL001,3,83.80065523138117,1.0,-20.600894489417726,-115.07604293182649,True,True,51.691573732896344,3.374214003866642,162.99999999999994,165.5846750214427,135.16547306293722,55.340622897783874,0.40210795402526855,0.5765514373779297,AC5,65.3536423633546,False,3.754253089427948,0.5765514373779297,False,False,False,False,False,False,False,119.29922958165716,0.0,-2.277366276830435,6.031619366258383,0.5765514373779297
1970.0,KL001,3,82.15505794330635,1.0,-20.600894489417716,-115.07604293182646,True,True,51.676892446884814,3.3782249659593204,162.99999999999994,165.5846750214427,134.33330435337996,59.70202686285404,0.4088120460510254,0.5771588087081909,AC5,65.27584182674836,False,-0.016462281782878563,0.5771588087081909,False,False,False,False,False,False,False,119.1631076231499,0.0,-6.148642972111702,6.132180690328823,0.5771588087081909
1980.0,KL001,3,80.51051961475402,1.0,-20.600894489417755,-115.07604293182649,True,True,51.66219907904412,3.382127549323711,162.99999999999994,165.5846750214427,133.52291114056533,60.30186442070158,0.412479043006897,0.580777645111084,AC5,65.19800761949726,False,-0.07214069366455078,0.580777645111084,False,False,False,False,False,False,False,119.05201866084921,0.0,-6.259326338768005,6.187185645103455,0.580777645111084
1990.0,KL001,3,78.86619142985822,1.0,-20.600894489417705,-115.07604293182646,True,True,51.64750877036489,3.3860586840698326,162.99999999999994,165.5846750214427,132.72631866963633,60.85303705596991,0.48543810844421387,0.6242399215698242,AC5,65.12318918164775,False,0.9633707720786333,0.6242399215698242,False,False,False,False,False,False,False,118.78573197656857,0.0,-6.3182008266448975,7.281571598723531,0.6242399215698242
2000.0,KL001,3,77.22562206374627,1.0,-20.60089448941769,-115.07604293182646,True,True,51.632779532399475,3.3895900057986514,162.99999999999994,165.5846750214427,131.97036172099746,62.45287831628616,0.5507330894470215,0.602571964263916,AC5,65.0419215556703,False,0.8224340993911028,0.602571964263916,False,False,False,False,False,False,False,118.52449437648109,0.0,-7.438562214374542,8.260996313765645,0.602571964263916
2010.0,KL001,3,75.58894025053903,1.0,-20.60089448941771,-115.07604293182646,True,True,51.61802035473591,3.392779262946342,162.99999999999994,165.5846750214427,131.25228132426963,63.92368364818685,0.5540139675140381,0.6062932014465332,AC5,64.95546041145542,False,-0.13233437784947455,0.6062932014465332,False,False,False,False,False,False,False,118.39856016258217,0.0,-8.442543894052505,8.310209516203031,0.6062932014465332
2020.0,KL001,3,73.95251079033935,1.0,-20.600894489417737,-115.07604293182646,True,True,51.603265789407466,3.3960223670941354,162.99999999999994,165.5846750214427,130.5477177720109,64.44604358415373,0.5572618246078491,0.6103239059448242,AC5,64.87231578863944,False,-0.13801239430904388,0.6103239059448242,False,False,False,False,False,False,False,118.28401991427411,0.0,-8.49693976342678,8.358927369117737,0.6103239059448242
2030.0,KL001,3,72.31633527206543,1.0,-20.600894489417705,-115.07604293182649,True,True,51.58851611816082,3.3993216194910567,162.99999999999994,165.5846750214427,129.85674433857696,64.96899735460141,0.5381278991699219,0.5766458511352539,AC5,64.7925822109089,False,-0.4791475972160697,0.5766458511352539,False,False,False,False,False,False,False,118.22963635630228,0.0,-8.55106607079506,8.07191847357899,0.5766458511352539
2040.0,KL001,3,70.67902091939467,1.0,-20.600894489417698,-115.07604293182646,True,True,51.57378410218029,3.402818177761826,162.99999999999994,165.5846750214427,129.17057171413333,65.15523078032646,0.517290472984314,0.466585636138916,AC5,64.71947262228957,False,-0.5026540160179138,0.466585636138916,False,False,False,False,False,False,False,118.19489570458525,0.0,-8.262011110782623,7.7593570947647095,0.466585636138916
2050.0,KL001,3,69.0405122441816,1.0,-20.6008944894177,-115.07604293182646,True,True,51.55907171492046,3.40652138167858,162.99999999999994,165.5846750214427,128.48870079566206,65.32228482223334,0.5252597332000732,0.4704793691635132,AC5,64.65337711606993,False,-0.06781473581213504,0.4704793691635132,False,False,False,False,False,False,False,118.10462754783738,0.0,-7.9467107355594635,7.8788959997473285,0.4704793691635132
2060.0,KL001,3,67.40253103910662,1.0,-20.600894489417694,-115.07604293182646,True,True,51.54436206255986,3.410251389434389,162.99999999999994,165.5846750214427,127.82276892013938,65.93087134728913,0.5286948680877686,0.4735128879547119,AC5,64.59027736986963,False,-0.14336742460727692,0.4735128879547119,False,False,False,False,False,False,False,118.0301969357853,0.0,-8.073790445923805,7.930423021316528,0.4735128879547119
2070.0,KL001,3,65.76481446425116,1.0,-20.600894489417716,-115.07604293182648,True,True,51.52965825988871,3.414039353556643,162.99999999999994,165.5846750214427,127.17101354627759,66.47014787372342,0.5326611995697021,0.4766356945037842,AC5,64.5309304552747,False,-0.14163785031996667,0.4766356945037842,False,False,False,False,False,False,False,117.9629756108034,0.0,-8.13155584037304,7.989917990053073,0.4766356945037842
2080.0,KL001,3,64.12739914151783,1.0,-20.600894489417712,-115.07604293182648,True,True,51.51496032674067,3.417884500577421,162.99999999999994,165.5846750214427,126.53370305543316,67.01736415376934,0.5247890949249268,0.5458559989929199,AC5,64.47536398448098,False,-0.32597600715234876,0.5458559989929199,False,False,False,False,False,False,False,117.93379133409287,0.0,-8.19781243801117,7.871836430858821,0.5458559989929199
2090.0,KL001,3,62.489577860792295,1.0,-20.60089448941774,-115.07604293182649,True,True,51.500276243329914,3.421862694088353,162.99999999999994,165.5846750214427,125.90611319587278,67.38547272926823,0.5302391052246094,0.5492526292800903,AC5,64.42545298772447,False,-0.12865617871284485,0.5492526292800903,False,False,False,False,False,False,False,117.88349483667238,0.0,-8.082242757081985,7.953586578369141,0.5492526292800903
2100.0,KL001,3,60.852151720183585,1.0,-20.60089448941772,-115.07604293182649,True,True,51.48559775697364,3.425892554200777,162.99999999999994,165.5846750214427,125.29371680688553,67.95711296301226,0.5337419509887695,0.5523658990859985,AC5,64.37931239693646,False,-0.16583875170908868,0.5523658990859985,False,False,False,False,False,False,False,117.84568521815535,0.0,-8.171968013048172,8.006129261339083,0.5523658990859985
2110.0,KL001,3,59.21501007805649,1.0,-20.60089448941771,-115.07604293182648,True,True,51.47092659444403,3.4299893158876693,162.99999999999994,165.5846750214427,124.69573509301225,68.49753666476238,0.5373427867889404,0.5554453134536743,AC5,64.3373592141549,False,-0.17198949703015387,0.5554453134536743,False,False,False,False,False,False,False,117.81709791572139,0.0,-8.23213130235672,8.060141805326566,0.5554453134536743
2120.0,KL001,3,57.5781645338574,1.0,-20.600894489417712,-115.07604293182648,True,True,51.45626315720505,3.43415542939238,162.99999999999994,165.5846750214427,124.11221343236787,69.03768676180823,0.5407719612121582,0.5584491491317749,AC5,64.29970604655824,False,-0.18266178667545319,0.5584491491317749,False,False,False,False,False,False,False,117.79860070630656,0.0,-8.294241204857826,8.111579418182373,0.5584491491317749
2130.0,KL001,3,55.94161063108997,1.0,-20.600894489417694,-115.07604293182646,True,True,51.441608069305,3.4383951937850776,162.99999999999994,165.5846750214427,123.54307034956153,69.57292748346708,0.5440640449523926,0.5613695383071899,AC5,64.26651443574131,False,-0.1932191918604076,0.5613695383071899,False,False,False,False,False,False,False,117.79054126305064,0.0,-8.354179859161377,8.16096066730097,0.5613695383071899
2140.0,KL001,3,54.305346212812225,1.0,-20.600894489417705,-115.07604293182646,True,True,51.42696197542484,3.442712848753533,162.99999999999994,165.5846750214427,122.9882217223381,70.10325787304987,0.5472145080566406,0.564194917678833,AC5,64.23794853575563,False,-0.2042989362962544,0.564194917678833,False,False,False,False,False,False,False,117.7933616368858,0.0,-8.412516564130783,8.208217627834529,0.564194917678833
2150.0,KL001,3,52.669369100339246,1.0,-20.600894489417712,-115.07604293182649,True,True,51.4123255724683,3.4471128351198232,162.99999999999994,165.5846750214427,122.44756336572728,70.62803534768892,0.5502252578735352,0.566914439201355,AC5,64.21418181231516,False,-0.21584630711004138,0.566914439201355,False,False,False,False,False,False,False,117.80751808321705,0.0,-8.46922516822815,8.253378861118108,0.566914439201355
2160.0,KL001,3,51.03367753146818,1.0,-20.600894489417694,-115.07604293182648,True,True,51.39769961034602,3.451599770851765,162.99999999999994,165.5846750214427,121.9209722773645,71.14666829745093,0.5530990362167358,0.5695178508758545,AC5,64.19539672735208,False,-0.22789590060710907,0.5695178508758545,False,False,False,False,False,False,False,117.83349272084259,0.0,-8.524381443858147,8.296485543251038,0.5695178508758545
2170.0,KL001,3,49.398270277296895,1.0,-20.600894489417726,-115.07604293182649,True,True,51.383084897189725,3.4561784635520594,162.99999999999994,165.5846750214427,121.40830548041612,71.65852703625205,0.44392359256744385,0.5846900939941406,AC5,64.18178535559403,False,-1.91923001781106,0.5846900939941406,False,False,False,False,False,False,False,117.98323419370863,0.0,-8.578083962202072,6.658853944391012,0.5846900939941406
2180.0,KL001,3,47.75693482598691,1.0,-20.600894489417698,-115.07604293182648,True,True,51.3685721299437,3.4615235609083834,162.99999999999994,165.5846750214427,120.86417310126656,70.4769746682465,0.4531235694885254,0.5913224220275879,AC5,64.19186037070737,False,-0.09910784312523901,0.5913224220275879,False,False,False,False,False,False,False,117.9855163153017,0.0,-6.8959613889455795,6.7968535458203405,0.5913224220275879
2190.0,KL001,3,46.11605569995415,1.0,-20.600894489417698,-115.07604293182648,True,True,51.35406711236028,3.4669208308091917,162.99999999999994,165.5846750214427,120.33660423674546,71.1215030370467,0.4919058084487915,0.41352033615112305,AC5,64.20647298368387,False,0.3322852333076298,0.41352033615112305,False,False,False,False,False,False,False,117.9856941450401,0.0,-7.046301886439323,7.378587119746953,0.41352033615112305
2200.0,KL001,3,44.47735955727865,1.0,-20.600894489417712,-115.07604293182648,True,True,51.33954279374605,3.4721816236790466,162.99999999999994,165.5846750214427,119.83865215644022,72.20526327576272,0.4919790029525757,0.4150351285934448,AC5,64.22033561643995,False,-0.27898795902729034,0.4150351285934448,False,False,False,False,False,False,False,117.98413886200068,0.0,-7.658673003315926,7.379685044288635,0.4150351285934448
2210.0,KL001,3,42.83879286296059,1.0,-20.600894489417726,-115.07604293182649,True,True,51.325034647484586,3.477553878318406,162.99999999999994,165.5846750214427,119.35375110430817,72.68274568826806,0.49376559257507324,0.4183919429779053,AC5,64.24040310655387,False,-0.26431738631799817,0.4183919429779053,False,False,False,False,False,False,False,117.99337346823715,0.0,-7.670801281929016,7.406483895611018,0.4183919429779053
2220.0,KL001,3,41.200459234018815,1.0,-20.600894489417705,-115.07604293182648,True,True,51.31054214048545,3.4830314620763554,162.99999999999994,165.5846750214427,118.88247756745615,73.17987826356983,0.49528932571411133,0.42150330543518066,AC5,64.26657940893168,False,-0.28118625981733203,0.42150330543518066,False,False,False,False,False,False,False,118.0132194544272,0.0,-7.710526138544083,7.429339878726751,0.42150330543518066
2230.0,KL001,3,39.56235347073793,1.0,-20.600894489417705,-115.07604293182648,True,True,51.296066609425054,3.4886210111342244,162.99999999999994,165.5846750214427,118.42453282867814,73.66496914857726,0.49666035175323486,0.42447376251220703,AC5,64.29913161801508,False,-0.2973208576440811,0.42447376251220703,False,False,False,False,False,False,False,118.04415225731512,0.0,-7.747226133942604,7.449905276298523,0.42447376251220703
2240.0,KL001,3,37.92447733334281,1.0,-20.60089448941771,-115.07604293182648,True,True,51.281609407603014,3.4943288327226028,162.99999999999994,165.5846750214427,117.97963097659058,74.13860493751085,0.49788594245910645,0.42729783058166504,AC5,64.33832400823792,False,-0.31445614993572235,0.42729783058166504,False,False,False,False,False,False,False,118.08664223445373,0.0,-7.782745286822319,7.468289136886597,0.42729783058166504
2250.0,KL001,3,36.286833970652694,1.0,-20.60089448941772,-115.07604293182649,True,True,51.26717201497071,3.5001616035162137,162.99999999999994,165.5846750214427,117.54745087501925,74.59963530565264,0.49898016452789307,0.42997848987579346,AC5,64.38443837953326,False,-0.33264464931562543,0.42997848987579346,False,False,False,False,False,False,False,118.14119131952766,0.0,-7.817347124218941,7.484702474903315,0.42997848987579346
2260.0,KL001,3,34.64942848078924,1.0,-20.6008944894177,-115.07604293182646,True,True,51.252756050632215,3.5061263854901457,162.99999999999994,165.5846750214427,117.12763455443877,75.0468560389699,0.4999579191207886,0.43251919746398926,AC5,64.43777517313198,False,-0.3520631929859519,0.43251919746398926,False,False,False,False,False,False,False,118.20833505370831,0.0,-7.851431965827942,7.49936877284199,0.43251919746398926
2270.0,KL001,3,33.01226817137952,1.0,-20.60089448941771,-115.07604293182648,True,True,51.238363294764525,3.5122306908696066,162.99999999999994,165.5846750214427,116.71978214697509,75.47888485958833,0.5006892681121826,0.4349188804626465,AC5,64.49865613960439,False,-0.37511208560317755,0.4349188804626465,False,False,False,False,False,False,False,118.28864741604224,0.0,-7.885451093316078,7.510339007712901,0.4349188804626465
2280.0,KL001,3,31.3753545718937,1.0,-20.60089448941771,-115.07604293182648,True,True,51.2239958647133,3.518483436068816,162.99999999999994,165.5846750214427,116.32338430489726,75.89193048520954,0.5123124122619629,0.6342253684997559,AC5,64.56745469914917,False,-0.23293533129617572,0.6342253684997559,False,False,False,False,False,False,False,118.38279550692867,0.0,-7.9176215082407,7.684686176944524,0.6342253684997559
2290.0,KL001,3,29.73933375997883,1.0,-20.600894489417716,-115.07604293182648,True,True,51.20964447137629,3.5248274295068893,162.99999999999994,165.5846750214427,115.94257766953103,76.45161918510234,0.5140247344970703,0.6349363327026367,AC5,64.64248333821156,False,-0.41401392314583063,0.6349363327026367,False,False,False,False,False,False,False,118.48773678929838,0.0,-8.124384954571724,7.710371031425893,0.6349363327026367
2300.0,KL001,3,28.103659214460055,1.0,-20.600894489417712,-115.07604293182648,True,True,51.195322166624265,3.5313347860301354,162.99999999999994,165.5846750214427,115.57240927967081,76.83397000105504,0.5163823366165161,0.6352052688598633,AC5,64.72607587058855,False,-0.432004421018064,0.6352052688598633,False,False,False,False,False,False,False,118.60766812538282,0.0,-8.177739456295967,7.745735035277903,0.6352052688598633
2310.0,KL001,3,26.4683930668617,1.0,-20.600894489417705,-115.07604293182648,True,True,51.18103101171107,3.5380122288362013,162.99999999999994,165.5846750214427,115.21248953793832,77.20194080803049,0.5187287330627441,0.6352938413619995,AC5,64.81856253406073,False,-0.4638764401897788,0.6352938413619995,False,False,False,False,False,False,False,118.7431793815303,0.0,-8.244807422161102,7.7809309819713235,0.6352938413619995
2320.0,KL001,3,24.83356312199194,1.0,-20.600894489417698,-115.07604293182648,True,True,51.16677420930186,3.5448719284520087,162.99999999999994,165.5846750214427,114.86203022509713,77.54148071410737,0.5211293697357178,0.6351727247238159,AC5,64.92045797475541,False,-0.49895612988620996,0.6351727247238159,False,False,False,False,False,False,False,118.89519272667422,0.0,-8.315896689891815,7.816940560005605,0.6351727247238159
2330.0,KL001,3,23.199205813845378,1.0,-20.600894489417705,-115.07604293182648,True,True,51.15255540034467,3.5519272107544975,162.99999999999994,165.5846750214427,114.52014405933147,77.84921261959062,0.5236045122146606,0.6348280906677246,AC5,65.03233019265257,False,-0.5388781288638711,0.6348280906677246,False,False,False,False,False,False,False,119.06472679028225,0.0,-8.39294582605362,7.854067697189748,0.6348280906677246
2340.0,KL001,3,21.565364826004608,1.0,-20.6008944894177,-115.07604293182648,True,True,51.13837883581317,3.5591931738992426,162.99999999999994,165.5846750214427,114.18579838441981,78.12012108554177,0.6394145488739014,0.6897468566894531,AC5,65.15482380951504,False,1.1137667577713728,0.6897468566894531,False,False,False,False,False,False,False,119.25293870457384,0.0,-8.477451503276825,9.591218261048198,0.6897468566894531
2350.0,KL001,3,19.93977739690413,1.0,-20.600894489417705,-115.07604293182648,True,True,51.12411634617543,3.5660164218008683,162.99999999999994,165.5846750214427,113.90610822084767,80.05121568227815,0.6340583562850952,0.6906907558441162,AC5,65.26622591560296,False,-0.8958146441727877,0.6906907558441162,False,False,False,False,False,False,False,119.42073516103342,0.0,-10.406690016388893,9.510875372216105,0.6906907558441162
2360.0,KL001,3,18.314353428775682,1.0,-20.600894489417705,-115.07604293182648,True,True,51.109922544420655,3.573191951029777,162.99999999999994,165.5846750214427,113.6241271596124,79.97441648498994,0.637614369392395,0.6894114017486572,AC5,65.39289656753623,False,-0.8288971334695816,0.6894114017486572,False,False,False,False,False,False,False,119.61556773075863,0.0,-10.393112674355507,9.564215540885925,0.6894114017486572
2370.0,KL001,3,16.689840512147807,1.0,-20.600894489417705,-115.07604293182648,True,True,51.0957953904598,3.5806915318996495,162.99999999999994,165.5846750214427,113.34180840952298,79.96642153148599,0.6407498121261597,0.6879658699035645,AC5,65.53419739017694,False,-0.9278715681284666,0.6879658699035645,False,False,False,False,False,False,False,119.83628745436083,0.0,-10.539118722081184,9.611247153952718,0.6879658699035645
2380.0,KL001,3,15.066321213016957,1.0,-20.6008944894177,-115.07604293182648,True,True,51.08174634900023,3.5885520581720773,162.99999999999994,165.5846750214427,113.05638033496956,79.86110278142587,0.644287109375,0.6884384155273438,AC5,65.69170199860444,False,-1.0338818561285734,0.6884384155273438,False,False,False,False,False,False,False,120.08572938976005,0.0,-10.698188468813896,9.664306612685323,0.6884384155273438
2390.0,KL001,3,13.443973686141845,1.0,-20.600894489417705,-115.07604293182648,True,True,51.06778868339893,3.5968123808052295,162.99999999999994,165.5846750214427,112.76486664817631,79.65118012994583,0.6482226848602295,0.6907081604003906,AC5,65.86712926270162,False,-1.1677855253219604,0.6907081604003906,False,False,False,False,False,False,False,120.36699418284725,0.0,-10.891125798225403,9.723340272903442,0.6907081604003906
2400.0,KL001,3,11.82302700637164,1.0,-20.600894489417705,-115.07604293182648,True,True,51.053939692270006,3.60552110910066,162.99999999999994,165.5846750214427,112.4634958581479,79.30844309234993,0.6525799036026001,0.6931873559951782,AC5,66.06263994326648,False,-1.3405899424105883,0.6931873559951782,False,False,False,False,False,False,False,120.68398435979961,0.0,-11.129288524389267,9.788698581978679,0.6931873559951782
2410.0,KL001,3,10.2037913991681,1.0,-20.600894489417705,-115.07604293182648,True,True,51.04022254676215,3.6147402287333974,162.99999999999994,165.5846750214427,112.14739434735807,78.79355307449521,0.6576077938079834,0.6960756778717041,AC5,66.2810142388237,False,-1.5675867162644863,0.6960756778717041,False,False,False,False,False,False,False,121.04172773595202,0.0,-11.431703567504883,9.864116851240396,0.6960756778717041
2420.0,KL001,3,8.586729203664504,1.0,-20.600894489417705,-115.07604293182648,True,True,51.02666909040677,3.6245498846543294,162.99999999999994,165.5846750214427,111.81016547204226,78.05167908151327,0.6638274192810059,0.6997809410095215,AC5,66.52590255790845,False,-1.8779754638671875,0.6997809410095215,False,False,False,False,False,False,False,121.4468353249189,0.0,-11.835386753082275,9.957411289215088,0.6997809410095215
2430.0,KL001,3,6.972764464554107,1.0,-20.600894489417705,-115.07604293182648,True,True,51.013321686845515,3.6350465393807507,162.99999999999994,165.5846750214427,111.44392763032582,76.9985236756869,0.5534192323684692,0.6748278141021729,AC5,66.80186221173884,False,-4.118408225476742,0.6748278141021729,False,False,False,False,False,False,False,121.90757585785619,0.0,-12.419696599245071,8.30128837376833,0.6748278141021729
2440.0,KL001,3,5.354679868546529,1.0,-20.600894489417705,-115.07604293182648,True,True,51.00044229581406,3.646921515260158,162.99999999999994,165.5846750214427,110.99418904654603,73.69641641374932,0.6058399677276611,0.7112243175506592,AC5,67.13860861464394,False,-2.027003187686205,0.7112243175506592,False,False,False,False,False,False,False,122.47784498090937,0.0,-11.114602759480476,9.087599571794271,0.7112243175506592
2450.0,KL001,3,3.7440686156080902,1.0,-20.600894489417705,-115.07604293182648,True,True,50.98787640057353,3.6596170123928253,162.99999999999994,165.5846750214427,110.50224706699464,72.48248833509956,0.6175439357757568,0.7298321723937988,AC5,67.51511513675041,False,-4.069238305091858,0.7298321723937988,False,False,False,False,False,False,False,123.11964729833274,0.0,-13.33239734172821,9.263159036636353,0.7298321723937988
2460.0,KL001,3,2.147977727918636,1.0,-20.600894489417705,-115.07604293182648,True,True,50.97586483985351,3.673594356428651,162.99999999999994,165.5846750214427,109.92902725776958,69.2153404632457,0.6052744388580322,0.7331678867340088,AC5,67.95411786605364,False,-7.9716914892196655,0.7331678867340088,False,False,False,False,False,False,False,123.87443450268722,0.0,-17.05080807209015,9.079116582870483,0.7331678867340088
2470.0,KL001,4,2.613266085433778,1.0,-18.72959884432716,-115.77481320270913,True,True,50.96496932087117,3.6896868144793142,162.99999999999994,165.5846750214427,109.19918132192288,62.01393848136442,0.5613231658935547,0.7268071174621582,AC5,68.5019357908167,False,-20.0846828520298,0.7268071174621582,False,False,False,False,False,False,False,124.82704927222105,0.0,-28.504529893398285,8.419847041368484,0.7268071174621582
2480.0,KL001,4,1.2286898691061752,1.0,-18.72959884432716,-115.77481320270913,True,True,50.95608546201261,3.70856824780565,162.99999999999994,165.5846750214427,108.23450394390498,46.889272881578194,0.7556672096252441,0.8411755561828613,AC5,69.21432943545548,False,-28.85431408882141,0.8411755561828613,False,False,False,False,False,False,False,126.08083481513985,0.0,-40.1893213391304,11.33500725030899,0.8411755561828613
2490.0,KL001,5,104.97910672718045,1.0,81.33619053035734,-83.92502874146754,True,True,50.950781053143885,3.730576805805113,162.99999999999994,165.5846750214427,106.95219250921451,31.611000777130926,0.6997404098510742,0.805417537689209,AC5,70.16484845056263,False,-21.114893853664398,0.805417537689209,False,False,False,False,False,False,False,127.77425346295881,0.0,-31.61100000143051,10.496106147766113,0.805417537689209
2500.0,KL001,5,103.50095382625084,1.0,81.33619053035736,-83.92502874146754,True,True,50.949458089724466,3.754045790027892,162.99999999999994,165.5846750214427,105.44003849672235,16.135787956435735,0.5980844497680664,0.7508971691131592,AC5,71.32233074763319,False,-7.164521589875221,0.7508971691131592,False,False,False,False,False,False,False,129.8545605268046,0.0,-16.135788559913635,8.971266970038414,0.7508971691131592
2510.0,KL001,5,101.91110799436852,1.0,81.33619053035736,-83.92502874146754,True,True,50.95150081608305,3.7774462334764305,162.99999999999994,165.5846750214427,103.81482962465124,9.133343234494362,0.5418320894241333,0.7203969955444336,AC5,72.61721016509459,False,-1.005862159654498,0.7203969955444336,False,False,False,False,False,False,False,132.19566219185378,0.0,-9.13334347307682,8.127481313422322,0.7203969955444336
2520.0,KL001,5,100.3097111279701,1.0,81.33619053035734,-83.92502874146754,True,True,50.954132176731925,3.8007129428770647,162.99999999999994,165.5846750214427,102.17810000766691,8.258338099596415,0.532224178314209,0.7188351154327393,AC5,73.93294950942087,False,-0.27497514383867383,0.7188351154327393,False,False,False,False,False,False,False,134.5765945338922,0.0,-8.258337825536728,7.983362681698054,0.7188351154327393
2530.0,KL001,5,98.70756340374527,1.0,81.33619053035733,-83.92502874146753,True,True,50.956833849279754,3.8239606734990383,162.99999999999994,165.5846750214427,100.54070610370461,8.114012122083636,0.5277235507965088,0.7215344905853271,AC5,75.25140505613997,False,-0.19815891981124878,0.7215344905853271,False,False,False,False,False,False,False,136.96247641971087,0.0,-8.11401218175888,7.915853261947632,0.7215344905853271
2540.0,KL001,5,97.10500255225139,1.0,81.33619053035734,-83.92502874146753,True,True,50.9595861531213,3.8471947965599345,162.99999999999994,165.5846750214427,98.9029884061244,8.047553702705386,0.5234551429748535,0.7246277332305908,AC5,76.5718912138948,False,-0.19572659628465772,0.7246277332305908,False,False,False,False,False,False,False,139.35199047791494,0.0,-8.04755374789238,7.851827151607722,0.7246277332305908
2550.0,KL001,5,95.50204344210658,1.0,81.33619053035734,-83.92502874146753,True,True,50.96238843446189,3.870415246605623,162.99999999999994,165.5846750214427,97.26496474712879,7.984673151410163,0.5188400745391846,0.7276697158813477,AC5,77.89435311446412,False,-0.20207226276397705,0.7276697158813477,False,False,False,False,False,False,False,141.74503786258873,0.0,-7.984673380851746,7.7826011180877686,0.7276697158813477
2560.0,KL001,5,93.8986635099962,1.0,81.33619053035736,-83.92502874146753,True,True,50.965242279310225,3.8936212747570043,162.99999999999994,165.5846750214427,95.62661577379076,7.916543075283158,0.5137896537780762,0.730605959892273,AC5,79.21880961785357,False,-0.20969845354557037,0.730605959892273,False,False,False,False,False,False,False,144.14166247329854,0.0,-7.916543260216713,7.706844806671143,0.730605959892273
2570.0,KL001,5,92.29483501297288,1.0,81.33619053035734,-83.92502874146753,True,True,50.96814959612809,3.9168120026577267,162.99999999999994,165.5846750214427,93.9879171571906,7.841807810482408,0.5082709789276123,0.7334260940551758,AC5,80.54529012854375,False,-0.21774283843114972,0.7334260940551758,False,False,False,False,False,False,False,146.5419288246159,0.0,-7.841807529330254,7.624064690899104,0.7334260940551758
2580.0,KL001,5,90.6905287815942,1.0,81.33619053035734,-83.92502874146751,True,True,50.97111239496714,3.939986484698229,162.99999999999994,165.5846750214427,92.34884334317431,7.75996126116911,0.5022556781768799,0.7361249923706055,AC5,81.87382722106247,False,-0.22612608270719647,0.7361249923706055,False,False,False,False,False,False,False,148.9459078076851,0.0,-7.759961262345314,7.5338351796381176,0.7361249923706055
2590.0,KL001,5,89.08571464515099,1.0,81.33619053035733,-83.92502874146753,True,True,50.97413276661813,3.9631437108364724,162.99999999999994,165.5846750214427,90.70936798631602,7.670564169963711,0.44638359546661377,0.749112606048584,AC5,83.20445579074497,False,-0.9748099744319916,0.749112606048584,False,False,False,False,False,False,False,151.35367507949144,0.0,-7.670563906431198,6.6957539319992065,0.749112606048584
2600.0,KL001,5,87.47745463457989,1.0,81.33619053035736,-83.92502874146754,True,True,50.97740077981664,3.986217550002201,162.99999999999994,165.5846750214427,89.0666084021236,6.819594083479075,0.432232141494751,0.7472670078277588,AC5,84.54294801788062,False,-0.3361120750196278,0.7472670078277588,False,False,False,False,False,False,False,153.77649907001413,0.0,-6.819594204425812,6.483482129406184,0.7472670078277588
2610.0,KL001,5,85.86827097982467,1.0,81.33619053035734,-83.92502874146753,True,True,50.980753963521316,4.009262190113385,162.99999999999994,165.5846750214427,87.42305589156841,6.605672042409708,0.42348265647888184,0.749016523361206,AC5,85.88424049092075,False,-0.2534321020357311,0.749016523361206,False,False,False,False,False,False,False,156.20453064993723,0.0,-6.605671942234039,6.352239840198308,0.749016523361206
2620.0,KL001,5,84.2584711532233,1.0,81.33619053035734,-83.92502874146753,True,True,50.98417129055195,4.032284727475814,162.99999999999994,165.5846750214427,85.77901607192328,6.474265945850959,0.3831472396850586,0.7313721179962158,AC5,87.22766827785468,False,-0.7270572613924742,0.7313721179962158,False,False,False,False,False,False,False,158.63648029780555,0.0,-6.474265828728676,5.747208567336202,0.7313721179962158
2630.0,KL001,5,82.64645248494594,1.0,81.33619053035734,-83.92502874146754,True,True,50.9877722594287,4.055238271858574,162.99999999999994,165.5846750214427,84.13293638455272,5.859818659030225,0.36919963359832764,0.7306395769119263,AC5,88.5766871482002,False,-0.32182417809963226,0.7306395769119263,False,False,False,False,False,False,False,161.0791345977534,0.0,-5.859818682074547,5.5379945039749146,0.7306395769119263
2640.0,KL001,5,81.03360984851663,1.0,81.33619053035734,-83.92502874146754,True,True,50.99145433203697,4.078161124360826,162.99999999999994,165.5846750214427,82.4861818440389,5.648689169370897,0.35895228385925293,0.7320934534072876,AC5,89.92823681629798,False,-0.2644050191156566,0.7320934534072876,False,False,False,False,False,False,False,163.52651279052225,0.0,-5.648689270019531,5.384284250903875,0.7320934534072876
2650.0,KL001,5,79.42013367439716,1.0,81.33619053035734,-83.92502874146753,True,True,50.99520295121524,4.101058573155815,162.99999999999994,165.5846750214427,80.83894125836042,5.494113263152769,0.34883153438568115,0.7337872982025146,AC5,91.28186961266744,False,-0.2616402064450085,0.7337872982025146,False,False,False,False,False,False,False,165.97774503089926,0.0,-5.494113229215145,5.232473022770137,0.7337872982025146
2660.0,KL001,5,77.8060392142596,1.0,81.33619053035734,-83.92502874146754,True,True,50.999017342526706,4.123930451691517,162.99999999999994,165.5846750214427,79.19123341596149,5.341439684033503,0.33830857276916504,0.7354140281677246,AC5,92.63753878446883,False,-0.26681096060201526,0.7354140281677246,False,False,False,False,False,False,False,168.4327477520572,0.0,-5.3414395451545715,5.074628584552556,0.7354140281677246
2670.0,KL001,5,76.1913179652415,1.0,81.33619053035734,-83.92502874146753,True,True,51.00289872389242,4.146775755109114,162.99999999999994,165.5846750214427,77.54305426814085,5.1825679163244445,0.32735753059387207,0.7369294166564941,AC5,93.99525452680022,False,-0.2722049877047539,0.7369294166564941,False,False,False,False,False,False,False,170.89154944013413,0.0,-5.182567946612835,4.910362958908081,0.7369294166564941
2680.0,KL001,5,74.57596176971826,1.0,81.33619053035734,-83.92502874146753,True,True,51.00684836287984,4.169593426138677,162.99999999999994,165.5846750214427,75.89440023395302,5.0170904671392975,0.31565940380096436,0.7382144927978516,AC5,95.35502818273444,False,-0.2821993385441601,0.7382144927978516,False,False,False,False,False,False,False,173.3541810276941,0.0,-5.017090402543545,4.734891063999385,0.7382144927978516
2690.0,KL001,5,72.95995078435992,1.0,81.33619053035734,-83.92502874146753,True,True,51.01086867151809,4.192381865136266,162.99999999999994,165.5846750214427,74.2452567959831,4.840104348484346,0.30256128311157227,0.7390408515930176,AC5,96.71690203659996,False,-0.30168525176122785,0.7390408515930176,False,False,False,False,False,False,False,175.82073486910804,0.0,-4.840104505419731,4.538419253658503,0.7390408515930176
2700.0,KL001,5,71.34324184843902,1.0,81.33619053035734,-83.92502874146754,True,True,51.01496442165422,4.215138337580612,162.99999999999994,165.5846750214427,72.59558774018929,4.641572397648645,0.275642991065979,0.7219194173812866,AC5,98.0809808060011,False,-0.506927571259439,0.7219194173812866,False,False,False,False,False,False,False,178.29142754271265,0.0,-4.641572423279285,4.134644852019846,0.7219194173812866
2710.0,KL001,5,69.725327033293,1.0,81.33619053035734,-83.92502874146753,True,True,51.01918668082599,4.2378383609731545,162.99999999999994,165.5846750214427,70.94492172879073,4.23082911226922,0.2621321678161621,0.7220743894577026,AC5,99.44859849063363,False,-0.2988464687950909,0.7220743894577026,False,False,False,False,False,False,False,180.76891755847714,0.0,-4.230828993022442,3.931982524227351,0.7220743894577026
2720.0,KL001,5,68.10675444457475,1.0,81.33619053035734,-83.92502874146753,True,True,51.02348336601283,4.260505152379595,162.99999999999994,165.5846750214427,69.29378059528298,4.025644199013186,0.2507575750350952,0.7232749462127686,AC5,100.81832742529593,False,-0.2642807364463806,0.7232749462127686,False,False,False,False,False,False,False,183.25038531360605,0.0,-4.025644361972809,3.7613636255264282,0.7232749462127686
2730.0,KL001,5,66.4876162748879,1.0,81.33619053035736,-83.92502874146753,True,True,51.02784577148706,4.283142311495349,162.99999999999994,165.5846750214427,67.64225475962208,3.853158911655669,0.23974764347076416,0.7246077060699463,AC5,102.18991725963559,False,-0.2569442242383957,0.7246077060699463,False,False,False,False,False,False,False,185.73534163700077,0.0,-3.853158876299858,3.5962146520614624,0.7246077060699463
2740.0,KL001,5,64.86793767241448,1.0,81.33619053035736,-83.92502874146753,True,True,51.03227198386188,4.305750284149905,162.99999999999994,165.5846750214427,65.99037160117956,3.6861866179905576,0.22912371158599854,0.7258913516998291,AC5,103.56329993733125,False,-0.24933100445196033,0.7258913516998291,False,False,False,False,False,False,False,188.22365874693892,0.0,-3.686186671257019,3.4368556668050587,0.7258913516998291
2750.0,KL001,5,63.24774321243407,1.0,81.33619053035734,-83.92502874146754,True,True,51.036760027462286,4.328329589309368,162.99999999999994,165.5846750214427,64.33815767533878,3.5250581332000195,0.15675020217895508,0.7009326219558716,AC5,104.93840765157672,False,-1.1738049890846014,0.7009326219558716,False,False,False,False,False,False,False,190.71520880597333,0.0,-3.5250579938292503,2.351253004744649,0.7009326219558716
2760.0,KL001,5,61.62535910646723,1.0,81.33619053035734,-83.92502874146754,True,True,51.041537999932864,4.350760203880628,162.99999999999994,165.5846750214427,62.68412179450777,2.413211947801301,0.1372356414794922,0.696473240852356,AC5,106.32090628687295,False,-0.3546773409470916,0.696473240852356,False,False,False,False,False,False,False,193.22135739903777,0.0,-2.4132119491696358,2.058534608222544,0.696473240852356
2770.0,KL001,5,60.002362151045155,1.0,81.33619053035733,-83.92502874146753,True,True,51.04640318846253,4.373145682439878,162.99999999999994,165.5846750214427,61.02969451552457,2.114257572919257,0.1261969804763794,0.6970263719558716,AC5,107.70566169432828,False,-0.22130292607471347,0.6970263719558716,False,False,False,False,False,False,False,195.7318453717419,0.0,-2.114257626235485,1.8929547001607716,0.6970263719558716
2780.0,KL001,5,58.37896336218071,1.0,81.33619053035734,-83.92502874146753,True,True,51.0513227017024,4.3955034680559555,162.99999999999994,165.5846750214427,59.375063314944775,1.9456283404415444,0.11684930324554443,0.698338508605957,AC5,109.09185885744394,False,-0.1928887772373855,0.698338508605957,False,False,False,False,False,False,False,198.24504155321702,0.0,-1.9456283189356327,1.7527395416982472,0.698338508605957
2790.0,KL001,5,56.75520861372429,1.0,81.33619053035734,-83.92502874146753,True,True,51.05628950480702,4.417837167065237,162.99999999999994,165.5846750214427,57.720270497034456,1.802914170715809,0.10860550403594971,0.6994385719299316,AC5,110.47931956147617,False,-0.17383161932229996,0.6994385719299316,False,False,False,False,False,False,False,200.76059209961613,0.0,-1.8029141798615456,1.6290825605392456,0.6994385719299316
2800.0,KL001,5,55.1311276520602,1.0,81.33619053035734,-83.92502874146753,True,True,51.06129887739075,4.440149195052438,162.99999999999994,165.5846750214427,56.06534376133776,1.6770977752151737,0.10102295875549316,0.7004969120025635,AC5,111.86792412843894,False,-0.16175341210328043,0.7004969120025635,False,False,False,False,False,False,False,203.2782599414707,0.0,-1.6770977899432182,1.5153443778399378,0.7004969120025635
2810.0,KL001,5,53.506739423842,1.0,81.33619053035736,-83.92502874146754,True,True,51.06634782022406,4.462441055907748,162.99999999999994,165.5846750214427,54.41030122718151,1.5613694819426769,0.0938868522644043,0.7015469074249268,AC5,113.25759563709812,False,-0.15306674293242395,0.7015469074249268,False,False,False,False,False,False,False,205.797893555851,0.0,-1.5613695234060287,1.4083027804736048,0.7015469074249268
2820.0,KL001,5,51.882057631851396,1.0,81.33619053035734,-83.92502874146753,True,True,51.071434171207976,4.484713813651232,162.99999999999994,165.5846750214427,52.75515632851591,1.4524221364842447,-0.22122490406036377,0.6203142404556274,AC5,114.6482780947108,False,-4.77079588919878,0.6203142404556274,False,False,False,False,False,False,False,208.31938322320607,0.0,-1.4524222165346146,-3.3183736726641655,0.6203142404556274
2830.0,KL001,5,50.25738538470986,1.0,81.33619053035734,-83.92502874146753,True,True,51.07755202759209,4.506318014608763,162.99999999999994,165.5846750214427,51.101260441938116,-3.410059159250636,-0.26152271032333374,0.5990288257598877,AC5,116.06110926842364,False,-0.5127813667058945,0.5990288257598877,False,False,False,False,False,False,False,210.88612251881153,0.0,3.4100592881441116,-3.922840654850006,0.5990288257598877
2840.0,KL001,5,48.63378363678251,1.0,81.33619053035734,-83.92502874146753,True,True,51.08390557321849,4.5277562808572185,162.99999999999994,165.5846750214427,49.44888147107971,-4.05385357910319,-0.2684512734413147,0.5965609550476074,AC5,117.47872593770538,False,0.0270843887119554,0.5965609550476074,False,False,False,False,False,False,False,213.46264268637904,0.0,4.053853489458561,-4.0267691007466055,0.5965609550476074
2850.0,KL001,5,47.010233428437246,1.0,81.33619053035734,-83.92502874146753,True,True,51.09025275167335,4.54920226929919,162.99999999999994,165.5846750214427,47.79672580596748,-4.165906003313694,-0.2725229263305664,0.5965908765792847,AC5,118.89642183275599,False,0.07806223060470074,0.5965908765792847,False,False,False,False,False,False,False,216.0391581958208,0.0,4.165906123816967,-4.087843893212266,0.5965908765792847
2860.0,KL001,5,45.386670266530565,1.0,81.33619053035734,-83.92502874146753,True,True,51.0965815708292,4.570664945795357,162.99999999999994,165.5846750214427,46.144714244528124,-4.234154388205241,-0.2779383659362793,0.5969972610473633,AC5,120.31396862164425,False,0.06507877260446548,0.5969972610473633,False,False,False,False,False,False,False,218.61519119702825,0.0,4.234154261648655,-4.1690754890441895,0.5969972610473633
2870.0,KL001,5,43.7631355238233,1.0,81.33619053035736,-83.92502874146754,True,True,51.10289507525843,4.592141989869837,162.99999999999994,165.5846750214427,44.49289131771704,-4.32383920644412,-0.24573415517807007,0.6093032360076904,AC5,121.73141738514269,False,0.637826956808567,0.6093032360076904,False,False,False,False,False,False,False,221.19084946653518,0.0,4.323839284479618,-3.686012327671051,0.6093032360076904
2880.0,KL001,5,42.138689707463364,1.0,81.33619053035734,-83.92502874146753,True,True,51.10905805438344,4.61373253321332,162.99999999999994,165.5846750214427,42.84015628588039,-3.828159064794278,-0.24345076084136963,0.6135396957397461,AC5,123.14616558452288,False,0.17639759229496121,0.6135396957397461,False,False,False,False,False,False,False,223.76069621182825,0.0,3.828159011900425,-3.6517614196054637,0.6135396957397461
2890.0,KL001,5,40.51407606971376,1.0,81.33619053035734,-83.92502874146753,True,True,51.11517926857603,4.635356066142498,162.99999999999994,165.5846750214427,41.18738055414487,-3.798250393083549,-0.24459606409072876,0.6152573823928833,AC5,124.56026810843323,False,0.1293094118591398,0.6152573823928833,False,False,False,False,False,False,False,226.32902896873173,0.0,3.7982503697276115,-3.6689409578684717,0.6152573823928833
2900.0,KL001,5,38.88937559273405,1.0,81.33619053035734,-83.92502874146753,True,True,51.121269829833565,4.657004409096728,162.99999999999994,165.5846750214427,39.53465747542042,-3.8222812380699054,-0.2459486722946167,0.6167097091674805,AC5,125.97393285308824,False,0.1330511982087046,0.6167097091674805,False,False,False,False,False,False,False,228.8962817425988,0.0,3.8222812861204147,-3.68923008791171,0.6167097091674805
2910.0,KL001,5,37.2645966342861,1.0,81.33619053035734,-83.92502874146753,True,True,51.127328818781464,4.6786780744795164,162.99999999999994,165.5846750214427,37.88199366898674,-3.85015468983849,-0.24711483716964722,0.618201732635498,AC5,127.3871335089871,False,0.1434322481509298,0.618201732635498,False,False,False,False,False,False,False,231.46240042602304,0.0,3.8501548022031784,-3.7067225540522486,0.618201732635498
2920.0,KL001,5,35.63973875036408,1.0,81.33619053035736,-83.92502874146753,True,True,51.13335373546265,4.700378676675022,162.99999999999994,165.5846750214427,36.22938505927954,-3.875795827179445,-0.24792063236236572,0.6198995113372803,AC5,128.79981186145469,False,0.15698622562922537,0.6198995113372803,False,False,False,False,False,False,False,234.02726458533343,0.0,3.875795714557171,-3.7188094889279455,0.6198995113372803
2930.0,KL001,5,34.01479752162644,1.0,81.33619053035734,-83.92502874146753,True,True,51.13934131686585,4.722108328076131,162.99999999999994,165.5846750214427,34.57682265520001,-3.8965524589098663,-0.2483351230621338,0.6218279600143433,AC5,130.2118933036682,False,0.17152547487057745,0.6218279600143433,False,False,False,False,False,False,False,236.59071986083416,0.0,3.896552324295044,-3.7250268494244665,0.6218279600143433
2940.0,KL001,5,32.38976786713092,1.0,81.33619053035734,-83.92502874146754,True,True,51.145288053814056,4.743869260794741,162.99999999999994,165.5846750214427,32.92429646982008,-3.9120151462670947,-0.23072916269302368,0.6775773763656616,AC5,131.62329681852518,False,0.45107781887054443,0.6775773763656616,False,False,False,False,False,False,False,239.15259879205175,0.0,3.9120152592658997,-3.4609374403953552,0.6775773763656616
2950.0,KL001,5,30.764237134210546,1.0,81.33619053035734,-83.92502874146753,True,True,51.15112712456538,4.765706926925279,162.99999999999994,165.5846750214427,31.271315393976053,-3.643881294231221,-0.2267032265663147,0.6813704967498779,AC5,133.032624677116,False,0.24333278881385922,0.6813704967498779,False,False,False,False,False,False,False,241.71000723468873,0.0,3.643881194293499,-3.4005484054796398,0.6813704967498779
2960.0,KL001,5,29.138522538232266,1.0,81.33619053035734,-83.92502874146753,True,True,51.156907964358936,4.78758668065511,162.99999999999994,165.5846750214427,29.618253128543667,-3.590348884639866,-0.224237859249115,0.6838195323944092,AC5,134.44087464227678,False,0.22678110748529434,0.6838195323944092,False,False,False,False,False,False,False,244.26501531562846,0.0,3.590348996222019,-3.363567888736725,0.6838195323944092
2970.0,KL001,5,27.51266240103328,1.0,81.33619053035734,-83.92502874146753,True,True,51.1626344402177,4.809505474598149,162.99999999999994,165.5846750214427,27.96515151799811,-3.5624169578792078,-0.22174495458602905,0.6861296892166138,AC5,135.84811289011785,False,0.23624249501153827,0.6861296892166138,False,False,False,False,False,False,False,246.81776124385837,0.0,3.5624168068170547,-3.3261743118055165,0.6861296892166138
2980.0,KL001,5,25.88666086970074,1.0,81.33619053035734,-83.92502874146753,True,True,51.168304188666426,4.83146444215008,162.99999999999994,165.5846750214427,26.31201102828358,-3.535183366626029,-0.219008207321167,0.688457727432251,AC5,137.25427441631996,False,0.25006023002788424,0.688457727432251,False,False,False,False,False,False,False,249.36811206176057,0.0,3.53518333286047,-3.2851231028325856,0.688457727432251
2990.0,KL001,5,24.260518000789077,1.0,81.33619053035734,-83.92502874146753,True,True,51.173913786748614,4.853465350424981,162.99999999999994,165.5846750214427,24.65882678582008,-3.5054088076981884,-0.21599113941192627,0.6908245086669922,AC5,138.65926998779773,False,0.265541709959507,0.6908245086669922,False,False,False,False,False,False,False,251.91588508695645,0.0,3.505408801138401,-3.239867091178894,0.6908245086669922
