time,agent,lat,lon,cas_mps,tas_mps,goal_distance_km,heading_error_deg,heading_action,speed_action,nearest_nm,outside,commanded_heading_turn_deg,static_projection_intervened,static_projection_infeasible
0.0,KL001,52.70086613913019,3.7873843088272805,150.0,152.40357712476657,164.51119702125374,-0.004759453710477146,-0.44854027032852173,-0.7981661558151245,21.074138780414298,False,-20.184312164783478,False,False
0.0,KL002,52.44929911519895,4.190157774888169,150.0,152.40357712476657,124.4695790434067,0.025717949253930783,-0.8111184239387512,-0.6113690137863159,10.10013240059391,False,-36.500329077243805,False,False
0.0,KL003,51.68654181804828,2.755779298211971,150.0,152.40357712476657,117.10842705320434,0.047049259717425684,0.799440860748291,0.5751281976699829,12.97189941140207,False,35.974838733673096,False,False
0.0,KL004,52.5157650074529,2.2885564257106195,150.0,152.40357712476657,101.42221010118989,0.053947178707346666,-0.9537366628646851,0.3716179132461548,30.564430739645932,False,-42.91814982891083,False,False
0.0,KL005,52.73053969055071,3.048848007260595,150.0,152.40357712476657,112.73269196600077,0.002576526691768777,-0.9134914875030518,-0.6324818730354309,26.92012372123544,False,-41.10711693763733,False,False
0.0,KL006,51.38606687134162,3.6413101752559616,150.0,152.40357712476657,100.37667374283708,-0.06751595915315534,-0.6614072918891907,0.5366766452789307,25.2638480721307,False,-29.76332813501358,False,False
0.0,KL007,52.341501825688354,3.978517143948768,150.0,152.40357712476657,122.98970485919115,-0.049555066017177296,-0.6615939736366272,-0.46328216791152954,10.10013240059391,False,-29.771728813648224,False,False
0.0,KL008,52.26679528888074,5.690989403427722,150.0,152.40357712476657,104.4442376694844,-0.06633164571633188,-0.838925838470459,0.19274604320526123,56.11310312641564,False,-37.751662731170654,False,False
0.0,KL009,51.47057847898387,2.7457842806182944,150.0,152.40357712476657,127.90510243234009,-0.06038329591220304,0.9595949649810791,-0.09992200136184692,12.97189941140207,False,43.18177342414856,False,False
0.0,KL0010,51.29629729186665,2.9832258352108028,150.0,152.40357712476657,135.68376641129956,-0.07990470461618315,0.9933950901031494,-0.14113223552703857,13.735202528495593,False,44.702779054641724,False,False
10.0,KL001,52.687462197983,3.7886848057764397,147.26211181158547,149.62679707550515,163.03970083854475,-17.575107072342632,-0.7227417230606079,-0.6560162305831909,21.271840582961815,False,-32.523377537727356,False,False
10.0,KL002,52.43845862289412,4.203285837179136,147.90275627114485,150.27656489722364,122.99085724098889,-17.512219567347188,-0.9760746955871582,-0.015594661235809326,10.595548418621544,False,-43.92336130142212,False,False
10.0,KL003,51.6995449909375,2.7633627663011344,151.97199874748134,154.4034285563766,115.59238033117697,17.150238350649687,-0.2274763584136963,0.41536855697631836,13.226224240050481,False,-10.236436128616333,False,False
10.0,KL004,52.519029060116985,2.3105386843383107,151.27403444908086,153.69562151859287,99.90912839047972,-17.13869877676558,-0.9584210515022278,0.1679670810699463,29.54337137229069,False,-43.12894731760025,False,False
10.0,KL005,52.71723876976205,3.0523482192971048,147.83034704605433,150.20312519996529,111.25617495075338,-17.55481179942356,-0.9182334542274475,-0.33518028259277344,26.84888413295789,False,-41.32050544023514,False,False
10.0,KL006,51.39974159888589,3.6444670492964932,151.84012427802654,154.26969567778073,98.8606905722168,-17.205245309140366,0.8988841772079468,0.7655153274536133,24.94111645643336,False,40.449787974357605,False,False
10.0,KL007,52.327993635216046,3.97781204382439,148.41063886673908,150.7916702541288,121.50879569059433,-17.537654943915555,0.583309531211853,-0.12036252021789551,10.595548418621544,False,26.248928904533386,False,False
10.0,KL008,52.266649753137806,5.66857888074282,150.66057071367138,153.07349275860977,102.94288677417038,-17.32245278508043,0.85619056224823,0.6317954063415527,54.7175070434416,False,38.52857530117035,False,False
10.0,KL009,51.47925690844842,2.762645508222142,149.65682858354265,152.05554502203643,126.41284288526987,17.28204971763219,0.6451430320739746,0.563462495803833,13.226224240050481,False,29.031436443328857,False,False
10.0,KL0010,51.30733335056825,2.995967473493236,149.5154928655101,151.91220624511925,134.19229573959154,17.271876347135276,0.714625358581543,0.0862966775894165,13.526175201752242,False,32.158141136169434,False,False
20.0,KL001,52.675129290020834,3.796498534977197,145.01175349031567,147.34428114517556,161.73732443556878,-35.58255549476351,0.92071533203125,-0.09409451484680176,21.353511917261603,False,41.43218994140625,False,False
20.0,KL002,52.43052509447856,4.2211167806336505,147.84880280794567,150.22184362699218,121.65681931342678,-35.27840182842198,-0.9694533944129944,0.6185321807861328,11.354894456379066,False,-43.62540274858475,False,False
20.0,KL003,51.71270296017417,2.771038555629115,153.39607530980737,155.84753507528674,114.05884531598629,7.0416061591706125,0.3266482353210449,0.657071590423584,13.707473513404372,False,14.699170589447021,False,False
20.0,KL004,52.52609182765166,2.3300705093614544,151.84961852833015,154.27932374366338,98.52856219704877,-34.51972427543825,-0.7461168169975281,0.19018864631652832,28.776631484873825,False,-33.57525676488876,False,False
20.0,KL005,52.705297464724886,3.0622093874414085,146.68033444346761,149.03672256388987,109.93812275334977,-35.491287891818445,-0.6324005722999573,0.08108830451965332,26.783552107826957,False,-28.458025753498077,False,False
20.0,KL006,51.413580178961915,3.6482900576075057,154.46507396033545,156.93152296945576,97.31394971492688,-0.6104592618087565,-0.7892772555351257,0.6461701393127441,24.517259132808686,False,-35.51747649908066,False,False
20.0,KL007,52.314548238951936,3.9764331162547695,147.99736914801755,150.37252396185954,120.02589849842961,-0.21380537258664845,-0.6716043949127197,0.18688726425170898,11.354894456379066,False,-30.222197771072388,False,False
20.0,KL008,52.26689052757876,5.645867445427704,152.82691473379936,155.27037759308791,101.41471753768712,-0.5542476544770238,-0.7887508273124695,0.0855257511138916,53.16969194033277,False,-35.49378722906113,False,False
20.0,KL009,51.48452228353114,2.783114999598994,151.5888194184,154.0148476959056,125.04964341025001,34.616826140418226,-0.6818723082542419,0.8687405586242676,13.317590771733121,False,-30.684253871440887,False,False
20.0,KL0010,51.3155310288243,3.01340379302485,149.8109835345451,152.21188392769994,132.8436599526179,34.77613947286528,-0.23679757118225098,0.594936728477478,13.317590771733121,False,-10.655890703201294,False,False
30.0,KL001,52.66269448128207,3.8036472550919536,144.6885840148921,147.01647952432805,160.42127353501115,-17.992013549870137,-0.719230592250824,-0.4572927951812744,21.407165863022506,False,-32.36537665128708,False,False
30.0,KL002,52.4261300880562,4.24229546132115,149.96966784349854,152.37281550626258,120.57862906894228,-53.00081620327417,-0.9496471881866455,0.643129825592041,12.32701499799727,False,-42.73412346839905,False,False
30.0,KL003,51.72541140797939,2.7811309492752034,155.6490985195578,158.13210291344384,112.54642011502715,21.95889913384434,-0.7158938646316528,0.5382425785064697,14.144990653721838,False,-32.21522390842438,False,False
30.0,KL004,52.53635539763075,2.3454409136349326,152.5014124528219,154.94029682089592,97.40974597761233,-52.058370175365,-0.0676506757736206,0.5511233806610107,28.352212892467964,False,-3.0442804098129272,False,False
30.0,KL005,52.695698197759164,3.077582484067398,146.95797133907385,149.31832047306565,108.89440283689031,-53.599304093283706,0.8023779392242432,0.5913903713226318,26.50377920084507,False,36.10700726509094,False,False
30.0,KL006,51.42768631391319,3.6515508767342273,156.68070586853776,159.17809430540348,95.7513658852311,-17.24565565627674,0.8730218410491943,0.741588830947876,24.07471306978145,False,39.285982847213745,False,False
30.0,KL007,52.30102513561186,3.9757045377432862,148.63785279558883,151.02211261047447,118.54403160211889,-17.687493748004755,0.7937381267547607,0.49873828887939453,12.32701499799727,False,35.71821570396423,False,False
30.0,KL008,52.266724166055496,5.623089441664624,153.11975089893903,155.56732961911288,99.89030630116238,-17.547754450355967,0.8837361335754395,0.5788872241973877,51.54097578662283,False,39.768126010894775,False,False
30.0,KL009,51.4902383808769,2.8037174863514234,154.56779390410728,157.0356811224717,123.64595356049892,18.20542492415308,-0.8372253179550171,0.6209951639175415,13.125828294459312,False,-37.67513930797577,False,False
30.0,KL0010,51.323870388167435,3.0310828333883104,151.85091874764584,154.28064228852176,131.47714490944364,24.420558916142596,0.130987286567688,0.10518789291381836,13.125828294459312,False,5.8944278955459595,False,False
40.0,KL001,52.650538188263894,3.8113797884444303,143.11978105802197,145.42514029123564,159.14352375647007,-36.25013513851917,0.9297361373901367,0.01912546157836914,21.368382111503852,False,41.83812618255615,False,False
40.0,KL002,52.42571474580991,4.264983278078044,152.17488688378367,154.60917466658128,119.86488576865985,-70.62241238827174,-0.6610690355300903,0.8123888969421387,13.512561050996915,False,-29.748106598854065,False,False
40.0,KL003,51.73860978574646,2.7901540452517217,157.4945754278251,160.00328540310088,110.99440841487414,5.756330991955053,0.6270296573638916,0.5148534774780273,14.401815719993186,False,28.216334581375122,False,False
40.0,KL004,52.54833484360738,2.3576614310737614,154.3910756976759,156.85648840842384,96.5055956537717,-55.86430856677987,-0.04585665464401245,0.6102820634841919,28.03465896285658,False,-2.0635494589805603,False,False
40.0,KL005,52.68570598181188,3.0926895380366024,148.98575292953464,151.37495254808067,107.81699667321806,-36.84212694653027,-0.6449753046035767,0.024973511695861816,26.252840996752134,False,-29.02388870716095,False,False
40.0,KL006,51.441955430790614,3.655482074436253,159.22358123135024,161.7562650295736,94.15794006708029,-1.1641647339543795,-0.8715842962265015,0.4669935703277588,23.653811700124542,False,-39.221293330192566,False,False
40.0,KL007,52.28737042142611,3.9743295982530475,150.34786699968893,152.75636718201366,117.03926438698636,-0.6353247014092176,-0.6963803172111511,0.335418701171875,13.512561050996915,False,-31.3371142745018,False,False
40.0,KL008,52.26694564548672,5.600032550093078,155.10463179870496,157.58002940867914,98.3404315279497,-1.0419141982429778,-0.6596577763557434,0.08842802047729492,49.88609669412591,False,-29.684599936008453,False,False
40.0,KL009,51.49951233935773,2.8211060111964685,156.69708471922067,159.19470122911068,122.08313993330864,1.848826133161026,-0.4486815333366394,0.45472264289855957,13.208667194623672,False,-20.190669000148773,False,False
40.0,KL0010,51.33178855232338,3.0493728479957785,152.21119181745246,154.64599085722617,130.13883528010035,30.646936890045055,-0.4083382487297058,0.1978282928466797,13.208667194623672,False,-18.37522119283676,False,False
50.0,KL001,52.63823985201539,3.8184800915037713,143.184919840034,145.49121645028166,157.8476622783478,-18.478735747125427,-0.47660452127456665,-0.2721747159957886,21.222748986070442,False,-21.4472034573555,False,False
50.0,KL002,52.42938227424272,4.287285247076511,154.9605943470875,157.4339778575965,119.59011796143633,-88.04055542605172,-0.028220713138580322,0.7555607557296753,14.827205136558607,False,-1.2699320912361145,False,False
50.0,KL003,51.751799120909894,2.7998637310795185,159.2598305920323,161.79301587393226,109.43675321663473,22.170591820777105,-0.7858203649520874,0.3901360034942627,14.477517771755606,False,-35.36191642284393,False,False
50.0,KL004,52.560748434138056,2.3692866833595696,156.48362513894884,158.9782685137173,95.65737919358638,-58.73338711319242,-0.06408649682998657,0.5791597366333008,27.812798948188036,False,-2.8838923573493958,False,False
50.0,KL005,52.67598275635719,3.1083031812384863,149.07092971548207,151.4613381197992,106.78173569051492,-54.733218487386125,0.8211255073547363,0.48273563385009766,25.96341402569535,False,36.950647830963135,False,False
50.0,KL006,51.45644520670362,3.6588299533154585,160.82468929206877,163.379478530227,92.55442479720641,-17.38138259000604,0.8123311996459961,0.6368246078491211,23.271761951489776,False,36.554903984069824,False,False
50.0,KL007,52.273587048656026,3.9735920796810644,151.49775056123494,153.92249432784757,115.53004889170919,-17.792852858181334,0.880526065826416,0.6019484996795654,14.827205136558607,False,39.62367296218872,False,False
50.0,KL008,52.26676021708808,5.576912804938313,155.4074144324045,157.88704352644035,96.79485601420338,-17.800777300695927,0.892193078994751,0.49097180366516113,48.296280608462176,False,40.148688554763794,False,False
50.0,KL009,51.51158750989979,2.833724726636367,158.25611610173098,160.77539843521,120.4922847091224,-14.547877579743101,0.7446839809417725,0.3228492736816406,13.411098459979998,False,33.51077914237976,False,False
50.0,KL0010,51.341324451311614,3.0656036447611705,152.88918572939855,155.33352406784647,128.70172866874032,14.027649323518432,0.2415553331375122,-0.487964391708374,13.411098459979998,False,10.86998999118805,False,False
60.0,KL001,52.62616807365462,3.826183143134528,142.2510075582144,144.54385119761088,156.58494838938861,-36.860233670551395,0.9375659227371216,0.19210779666900635,21.03011564382608,False,42.19046652317047,False,False
60.0,KL002,52.435191818609454,4.308847708882331,157.5513936571395,160.06089314143767,119.57374841554397,-90.08471558488296,0.2289121150970459,0.7208702564239502,16.233851791634756,False,10.301045179367065,False,False
60.0,KL003,51.76526287453931,2.8090732344870695,160.59734577691057,163.14900181804109,107.85611898006835,6.3036790564170815,0.5147159099578857,0.520269513130188,14.58233235265027,False,23.16221594810486,False,False
60.0,KL004,52.573654999688515,2.380039064814117,158.46942997419706,160.99167002262683,94.88628894317533,-62.47066653798355,0.22777366638183594,0.5988130569458008,27.66363337897259,False,10.249814987182617,False,False
60.0,KL005,52.66588600566184,3.1236118573175413,150.72605941211987,153.1399070886309,105.7154594052974,-38.21073044260024,-0.62215256690979,-0.022127211093902588,25.704680790237774,False,-27.99686551094055,False,False
60.0,KL006,51.47106178708047,3.662843515950963,162.99999999999994,165.5846750214427,90.92389977941697,-1.6962112660250739,-0.8875366449356079,0.216300368309021,22.928277064894562,False,-39.939149022102356,False,False
60.0,KL007,52.259642538291025,3.9722101985483,153.56172817627794,156.0155133007943,113.99464284141766,-1.1029375216598396,-0.4962348937988281,0.36578989028930664,16.233851791634756,False,-22.330570220947266,False,False
60.0,KL008,52.26696542424941,5.553553223276347,157.09077099807905,159.5938666779003,95.2262781988827,-1.521134980823149,-0.47598421573638916,0.004917263984680176,46.75240808331629,False,-21.419289708137512,False,False
60.0,KL009,51.523529019610365,2.846971223215487,159.36286611056465,161.89747655852764,118.88544511305291,1.5620851398476816,-0.33410876989364624,0.5741722583770752,13.597444712477536,False,-15.03489464521408,False,False
60.0,KL0010,51.35072021920076,3.081786618899737,151.21516460993092,153.63592072167384,127.28274300765005,25.15293092363501,-0.4660077691078186,0.09563648700714111,13.597444712477536,False,-20.970349609851837,False,False
70.0,KL001,52.613900999592516,3.833300665458662,142.90941392790603,145.21174491295224,155.29845508489603,-19.062529943206528,-0.43431341648101807,-0.21984922885894775,21.01161450667328,False,-19.544103741645813,False,False
70.0,KL002,52.4392870145162,4.331798259322457,160.0232092798012,162.5669444656251,119.36699589619063,-80.56380816544248,-0.2230704426765442,0.7639503479003906,17.606727542257445,False,-10.038169920444489,False,False
70.0,KL003,51.778714615065404,2.8189676325613315,162.38116606999955,164.9573564945896,106.27068986176515,22.42403724196768,-0.8293071389198303,0.0902552604675293,14.663062400981666,False,-37.318821251392365,False,False
70.0,KL004,52.585753221351155,2.3935804854239304,160.52263205586732,163.07325800521608,93.94917848842489,-53.03335033503237,-0.389188289642334,0.1483224630355835,27.51109686473168,False,-17.51347303390503,False,False
70.0,KL005,52.656073028891456,3.139407962150929,150.64969277762538,153.06246105710335,104.69454962803131,-55.951715615630164,0.8667953014373779,0.39072561264038086,25.41052232089245,False,39.00578856468201,False,False
70.0,KL006,51.48575761225634,3.6662092131937936,162.99999999999994,165.5846750214427,89.29999430302543,-17.70897103671291,-0.4965616464614868,0.06488656997680664,22.6136908621008,False,-22.345274090766907,False,False
70.0,KL007,52.24555675519161,3.971464448796964,154.81576337378192,157.28712095482226,112.4536747542238,-17.9080887632754,0.9547785520553589,0.612358570098877,17.606727542257445,False,42.96503484249115,False,False
70.0,KL008,52.26676021533161,5.530179768136716,157.10713660828637,159.61045993957842,93.6656748256759,-18.1145126576115,0.9131433963775635,0.3672415018081665,45.151785251064496,False,41.091452836990356,False,False
70.0,KL009,51.5358179391228,2.859889310497828,161.3315566156804,163.8933247144762,117.26397477855829,-13.571198930270754,0.6533832550048828,0.03541529178619385,13.71557540909327,False,29.402246475219727,False,False
70.0,KL0010,51.36118299046246,3.0961870072710638,151.54268194188077,153.96805949394718,125.80941433665754,8.323871619932163,-0.07251095771789551,-0.7288693785667419,13.71557540909327,False,-3.262993097305298,False,False
80.0,KL001,52.60184478773855,3.841025432731945,142.15495940685958,144.44641782737193,154.0439102831823,-37.46512008703178,0.9346345663070679,0.23966872692108154,21.000416819539176,False,42.058555483818054,False,False
80.0,KL002,52.44457411233807,4.35450120514472,162.64276568487924,165.2225444873829,119.31140595907753,-91.40137478606957,0.30827605724334717,0.684154748916626,19.048505745910067,False,13.872422575950623,False,False
80.0,KL003,51.79236351402937,2.8282860219217185,162.69019235140834,165.27062144422922,104.67147286778601,6.782151224706752,0.46021783351898193,0.6521902084350586,14.782665562117378,False,20.709802508354187,False,False
80.0,KL004,52.5986802939495,2.404977845873268,161.03081306458193,163.5884414531213,93.17692671172162,-69.93374911802162,0.7767138481140137,0.6475690603256226,27.47902059518578,False,34.952123165130615,False,False
80.0,KL005,52.64590295455407,3.1548663462585713,151.98925743928604,154.42093041749322,103.64487740885477,-39.60517007012092,-0.6446124315261841,0.015921592712402344,25.148120784664947,False,-29.007559418678284,False,False
80.0,KL006,51.50046816475784,3.6630122916705385,162.99999999999994,165.5846750214427,87.8225724391867,-34.00721797685179,0.9255852699279785,0.6803262233734131,22.170164520301817,False,41.65133714675903,False,False
80.0,KL007,52.231306765487574,3.970073374783482,156.9154331091137,159.41608918210656,110.88606310410731,-1.5854711112907296,-0.5289397835731506,0.3645857572555542,19.048505745910067,False,-23.80229026079178,False,False
80.0,KL008,52.26694972052351,5.506623157827269,158.36613903455142,160.88694709880332,92.08566826870626,-1.984112688053358,-0.2874916195869446,-0.014954984188079834,43.57367926785681,False,-25.0,True,False
80.0,KL009,51.54776574027748,2.8736676402669183,161.4525056106527,164.01593764712482,115.6337286002807,2.3364672751607145,-0.6294040679931641,0.4817718267440796,13.650668182627406,False,-28.323183059692383,False,False
80.0,KL0010,51.37300317406893,3.1070803907173863,149.04245093055482,151.4324552060709,124.30006607869225,5.123767677098215,0.6040693521499634,0.42755937576293945,13.650668182627406,False,27.183120846748352,False,False
90.0,KL001,52.58957950176588,3.848177702106356,142.97648231619178,145.27977891547317,152.76403646217253,-19.68519819717858,-0.3527975082397461,-0.12306720018386841,21.13118029418346,False,-15.875887870788574,False,False
90.0,KL002,52.448444523103234,4.378025300314279,162.99999999999994,165.5846750214427,119.11217339065453,-78.326137210322,-0.028386056423187256,0.655390739440918,20.4473904094929,False,-1.2773725390434265,False,False
90.0,KL003,51.80587527114576,2.838227296415355,162.99999999999994,165.5846750214427,103.08238248964255,22.847850018651286,-0.8786371350288391,0.15035390853881836,14.8710103283518,False,-39.53867107629776,False,False
90.0,KL004,52.61156598602675,2.4170743386011027,162.99999999999994,165.5846750214427,92.38015525375448,-54.99426177971519,-0.10422039031982422,0.12403106689453125,27.511152825179387,False,-4.68991756439209,False,False
90.0,KL005,52.6360089111248,3.1708192948179175,152.04337998625624,154.47581546639557,102.64141934095332,-57.22096275290552,0.8976092338562012,0.3415130376815796,24.850943625701337,False,40.39241552352905,False,False
90.0,KL006,51.51522806623176,3.6604685585282866,162.99999999999994,165.5846750214427,86.33111175378193,-18.648334613722028,0.669548511505127,0.5320703983306885,21.678930395735875,False,30.129683017730713,False,False
90.0,KL007,52.216914809407264,3.969319169521873,158.1653279317074,160.68335094657908,109.31313066799298,-18.050232672775536,0.9432783126831055,0.6648290157318115,20.4473904094929,False,42.447524070739746,False,False
90.0,KL008,52.26672833503688,5.483069619180052,158.31434620315457,160.83443608965143,90.51513333619658,-18.467026159931038,0.924178957939148,0.3319106101989746,41.96355648581565,False,41.58805310726166,False,False
90.0,KL009,51.56004926550789,2.8870555957012805,162.99999999999994,165.5846750214427,113.9926793353069,-13.584627680532009,0.4155087471008301,-0.05831801891326904,13.737770122586001,False,18.697893619537354,False,False
90.0,KL0010,51.383619492808904,3.1209474619601774,150.50834675151214,152.91911665791,122.82835278722038,22.439514765831007,-0.6834218502044678,-0.0035716891288757324,13.737770122586001,False,-30.75398325920105,False,False
100.0,KL001,52.577467363691405,3.8558602220338893,142.5539538085992,144.8511645652283,151.50950547230562,-35.83292010648998,0.9228816032409668,0.1616361141204834,21.34527746611236,False,41.529672145843506,False,False
100.0,KL002,52.45128161452398,4.402011758233423,162.99999999999994,165.5846750214427,118.817586851031,-80.3977592105283,0.7833796739578247,0.5379085540771484,21.34527746611236,False,35.25208532810211,False,False
100.0,KL003,51.81955163365623,2.84756390965018,162.99999999999994,165.5846750214427,101.48320097232003,7.250035254639954,0.24261808395385742,0.5800702571868896,14.990333053249682,False,10.917813777923584,False,False
100.0,KL004,52.6241128164122,2.430278435416216,162.99999999999994,165.5846750214427,91.53050580452616,-60.57486860822776,-0.16806793212890625,0.12482523918151855,27.558679239924576,False,-7.563056945800781,False,False
100.0,KL005,52.6257664585522,3.1864170953250555,153.21415946349032,155.6630644748874,101.61063606494402,-41.04324015962149,-0.5622299313545227,-0.10779905319213867,24.583401516555664,False,-25.30034691095352,False,False
100.0,KL006,51.529860402872785,3.6644887918912556,162.99999999999994,165.5846750214427,84.70490560657281,-3.016327070364582,-0.9885438084602356,0.16592133045196533,21.43339507925902,False,-44.4844713807106,False,False
100.0,KL007,52.20234594510792,3.9679196432850046,160.44494107159198,162.9944956691418,107.71207047582018,-2.0960735060682225,-0.5503498911857605,0.48556602001190186,21.84285986751123,False,-24.765745103359222,False,False
100.0,KL008,52.2669028587579,5.459348770309368,159.45217302846075,161.98801844507537,88.92610389721389,-2.4626625762459184,0.2804911136627197,-0.18156737089157104,40.319252294838016,False,12.622100114822388,False,False
100.0,KL009,51.57208627133395,2.9009811994277634,162.79947343566795,165.38140062629083,112.34899899513351,2.187344209402738,-0.6490945816040039,0.488980770111084,13.776857079436892,False,-29.209256172180176,False,False
100.0,KL0010,51.39449274435748,3.134304601946027,150.49561932120972,152.90620925130818,121.34622069674884,5.464500265003011,-0.1956949234008789,-0.002692699432373047,13.776857079436892,False,-8.80627155303955,False,False
110.0,KL001,52.56503625319764,3.862252364427531,143.10785272137784,145.41304028497592,150.20983912570887,-18.059835297796724,-0.5935767889022827,-0.23218321800231934,21.7048717963924,False,-26.710955500602722,False,False
110.0,KL002,52.451872249764726,4.426350746348765,162.99999999999994,165.5846750214427,118.30311124413039,-65.34210141632232,0.5636023283004761,0.6074948310852051,21.7048717963924,False,25.362104773521423,False,False
110.0,KL003,51.83318921616622,2.857137178694505,162.99999999999994,165.5846750214427,99.887619965802,18.409880572526504,-0.8161132335662842,0.4225790500640869,15.09021220313721,False,-36.72509551048279,False,False
110.0,KL004,52.63748914143515,2.4410235157862243,162.99999999999994,165.5846750214427,90.874308919097,-69.0965824728904,0.5989444255828857,0.4987215995788574,27.78128459575347,False,26.95249915122986,False,False
110.0,KL005,52.615833362062546,3.2024694990206837,152.84396249493636,155.28766504519203,100.63118965542562,-58.60079427308824,0.9252302646636963,0.1790480613708496,24.25812500022098,False,41.63536190986633,False,False
110.0,KL006,51.544556228048656,3.6678588351385915,162.99999999999994,165.5846750214427,83.08836882675081,-19.068922104399377,-0.9872612953186035,0.31452620029449463,21.296465074038498,False,-44.42675828933716,False,False
110.0,KL007,52.187597434338294,3.967149109160937,162.1097418231465,164.68220649873123,106.10182717463316,-18.182397014026776,0.6328520774841309,0.7140527963638306,22.98544016651378,False,28.47834348678589,False,False
110.0,KL008,52.270966327406626,5.436642222770131,158.82895846442713,161.3561799136229,87.32342530204349,10.267315706623663,-0.6941326856613159,-0.3619368076324463,38.60235687551963,False,0.0,True,False
110.0,KL009,51.58437161600557,2.914389587182001,162.99999999999994,165.5846750214427,110.70774203297333,-13.731979798558626,0.3283878564834595,0.6586215496063232,13.642810629679644,False,14.777453541755676,False,False
110.0,KL0010,51.40715761749858,3.142833154619385,150.4859065378199,152.8963591174392,119.81901909457348,-3.3607633592419006,0.577021598815918,-0.44717156887054443,13.642810629679644,False,25.96597194671631,False,False
120.0,KL001,52.55280649759018,3.869262199352799,142.31109659220783,144.60480668726035,148.94177356071847,-36.442997175568365,0.9898883104324341,0.4415247440338135,22.13331129414611,False,44.544973969459534,False,False
120.0,KL002,52.44839602704196,4.450030851163728,162.99999999999994,165.5846750214427,117.39805411996139,-50.19934973135685,0.11182868480682373,0.3589993715286255,22.13331129414611,False,5.032290816307068,False,False
120.0,KL003,51.847309077136984,2.8645524438521774,162.99999999999994,165.5846750214427,98.26139421144127,2.747322418407663,0.3530689477920532,0.6409773826599121,15.247799354207991,False,15.888102650642395,False,False
120.0,KL004,52.64990316513961,2.454438590967398,162.99999999999994,165.5846750214427,90.05688946308884,-54.18697238229137,-0.3767593502998352,0.14553582668304443,27.957954186890326,False,-16.954170763492584,False,False
120.0,KL005,52.60558253922196,3.2181036625098196,153.45754521513467,155.90986797871048,99.62780221870864,-42.48054403853885,-0.5353447198867798,-0.09349077939987183,23.96754174016361,False,-24.09051239490509,False,False
120.0,KL006,51.55926678055015,3.664657782638011,162.99999999999994,165.5846750214427,81.6292464648734,-35.42783082427769,0.8729608058929443,0.7598168849945068,20.87440985742105,False,39.283236265182495,False,False
120.0,KL007,52.172778942141676,3.965721591980944,162.99999999999994,165.5846750214427,104.47475107280503,-2.5094921185141743,-0.7832076549530029,0.22504925727844238,23.089487055168053,False,-35.24434447288513,False,False
120.0,KL008,52.276030470533215,5.414610070925364,157.58714604902647,160.09714226659827,85.74571376028197,10.457730881320288,-0.653774082660675,-0.23713594675064087,36.84913005036568,False,0.0,True,False
120.0,KL009,51.59644048839192,2.928310496936615,162.99999999999994,165.5846750214427,109.06232654913367,0.968565182898999,-0.6956175565719604,0.5780540704727173,13.591812423220462,False,-31.30279004573822,False,False
120.0,KL0010,51.418848645010854,3.1538610465132586,148.95179720187355,151.3405148686096,118.32029029832586,14.022889295250565,-0.41773754358291626,0.2930210828781128,13.591812423220462,False,-18.79818946123123,False,False
130.0,KL001,52.54032627259523,3.87573182728299,143.82490978491546,146.14040859421962,147.6434626163962,-18.765204870385617,0.9687596559524536,0.39903008937835693,22.58739877980799,False,43.59418451786041,False,False
130.0,KL002,52.44207192935849,4.472144409690251,162.99999999999994,165.5846750214427,116.24389599902982,-45.75795355969893,-0.08632856607437134,0.44709324836730957,22.58739877980799,False,-25.0,True,False
130.0,KL003,51.861297040749,2.8725988098509445,162.99999999999994,165.5846750214427,96.6445965538048,18.762971098402033,-0.8148466944694519,0.29481351375579834,15.369649749111309,False,-36.668101251125336,False,False
130.0,KL004,52.66253721703355,2.4672869007202034,162.99999999999994,165.5846750214427,89.30324176858429,-70.95363519828197,0.7485907077789307,0.5987083911895752,28.235461178191148,False,33.68658185005188,False,False
130.0,KL005,52.59563880097269,3.234193720639113,153.13641951117322,155.58423242160296,98.67708415963698,-60.03485090287309,0.8616433143615723,0.8501105308532715,23.646511199726653,False,38.77394914627075,False,False
130.0,KL006,51.57402668202407,3.66211076148676,162.99999999999994,165.5846750214427,80.15618606275896,-20.131135189294667,-0.3036523461341858,0.6647994518280029,20.492455249390385,False,-13.66435557603836,False,False
130.0,KL007,52.15794167373757,3.964961850216743,162.99999999999994,165.5846750214427,102.85687111786538,-18.51333050111313,0.8241779804229736,0.5652234554290771,23.190612884065143,False,37.08800911903381,False,False
130.0,KL008,52.28106741590764,5.392693749482948,156.7733579369331,159.2720364150684,84.17745039309207,10.654201652699044,-0.6387684345245361,-0.2546248435974121,35.10923639092677,False,0.0,True,False
130.0,KL009,51.60887586953718,2.9413628502023776,162.99999999999994,165.5846750214427,107.42528515410488,-14.972152759972886,0.32595741748809814,0.5215656757354736,13.555006897275241,False,14.668083786964417,False,False
130.0,KL0010,51.43081074355097,3.1644092834135176,149.95627719369372,152.3592352530291,116.80777730696455,-3.1152799069405717,0.22392988204956055,-0.006323099136352539,13.555006897275241,False,10.076844692230225,False,False
140.0,KL001,52.527114377605734,3.87560231398208,145.19297737040839,147.528101055202,146.1931315397355,-1.0926980721688153,-0.8203383684158325,-0.06143832206726074,23.098469617029057,False,-36.91522657871246,False,False
140.0,KL002,52.437733544451824,4.495432554315342,162.99999999999994,165.5846750214427,115.28739056585316,-62.25623020776001,0.4077765941619873,0.5292254686355591,23.290726560298097,False,-25.0,True,False
140.0,KL003,51.87541690171977,2.8800187081549744,162.99999999999994,165.5846750214427,95.02014439798323,3.1119283912155424,0.4655723571777344,0.6552139520645142,15.520997634793714,False,20.950756072998047,False,False
140.0,KL004,52.67495124073802,2.480709664759475,162.99999999999994,165.5846750214427,88.53340626467218,-56.07664632065469,-0.545246958732605,0.19836819171905518,28.550580993237922,False,-24.536113142967224,False,False
140.0,KL005,52.58525830311424,3.250098275604565,156.05149504314437,158.5401146467816,97.6921148403587,-44.200935756590496,-0.19695699214935303,0.72261643409729,23.098469617029057,False,-8.863064646720886,False,False
140.0,KL006,51.5887539262238,3.6590188566714983,162.99999999999994,165.5846750214427,78.70731526736155,-34.36598602015192,0.8203635215759277,0.761062502861023,20.09732463673854,False,36.91635847091675,False,False
140.0,KL007,52.143122928326925,3.963535310838969,162.99999999999994,165.5846750214427,101.23142212359076,-2.850851788520913,-0.7542036771774292,-0.04719334840774536,23.27963152758591,False,-33.939165472984314,False,False
140.0,KL008,52.286076343490535,5.370896866762129,155.89959202165306,158.38609257674227,82.6189294088948,10.856973868422358,-0.5834212303161621,-0.13941729068756104,33.36542376589815,False,0.0,True,False
140.0,KL009,51.621102435117535,2.954930760620366,162.99999999999994,165.5846750214427,105.78329034530122,-0.4026573262299564,-0.7176517844200134,0.1811535358428955,13.494987947886285,False,-32.294330298900604,False,False
140.0,KL0010,51.44281289937429,3.174943811902015,149.93411520710214,152.33675945267572,115.29177892639355,7.020357709983045,-0.28752195835113525,0.17998862266540527,13.494987947886285,False,-12.938488125801086,False,False
150.0,KL001,52.51392294258665,3.8761508439876766,144.9818058691802,147.3139044181201,144.7531262069795,-18.989597384139643,-0.7601058483123779,0.3721632957458496,22.56964873727929,False,-34.20476317405701,False,False
150.0,KL002,52.4374305160221,4.519777620036183,162.99999999999994,165.5846750214427,114.75411323383348,-78.8672535450585,0.7192943096160889,0.6114137172698975,23.981641884537428,False,-15.0,True,False
150.0,KL003,51.889404865331784,2.888070104540272,162.99999999999994,165.5846750214427,93.40549948639007,19.140559879613505,-0.841925323009491,0.3816699981689453,15.634473791888716,False,-37.88663953542709,False,False
150.0,KL004,52.68758529263196,2.4935653415339494,162.99999999999994,165.5846750214427,87.82928130917702,-72.87509575229655,0.7946709394454956,0.5535407066345215,28.959321025630498,False,35.7601922750473,False,False
150.0,KL005,52.57459014111503,3.2661360564995476,158.52930416555708,161.05237411216066,96.69308338125447,-53.812150206090934,0.5906662940979004,0.7059812545776367,22.56964873727929,False,26.579983234405518,False,False
150.0,KL006,51.60356299635021,3.6573670765752726,162.99999999999994,165.5846750214427,77.22067610521727,-19.06926395054151,-0.7553859949111938,0.6053954362869263,19.81176363634589,False,-33.99236977100372,False,False
150.0,KL007,52.12830043157077,3.962780484227898,162.83762690229085,165.42007702455658,99.61721611269753,-18.88179557026038,0.8079824447631836,0.6343159675598145,23.370206405125728,False,36.35921001434326,False,False
150.0,KL008,52.29106992271802,5.349164321344383,155.42094777627509,157.9007659279082,81.06625386157648,11.06688304634082,-0.6365273594856262,-0.16170692443847656,31.652159354517615,False,0.0,True,False
150.0,KL009,51.63369872623634,2.9675837245757912,162.99999999999994,165.5846750214427,104.15190227839928,-16.368428470434026,0.19748401641845703,0.1894395351409912,13.393720948320983,False,8.886780738830566,False,False
150.0,KL0010,51.455494427251686,3.183357225948427,150.55093294027893,152.9623050096788,113.76628582111309,-5.940101860298967,0.4204366207122803,-0.029788494110107422,13.393720948320983,False,18.919647932052612,False,False
160.0,KL001,52.5013494781196,3.883325993959992,146.25772670959202,148.60808051206732,143.45832798102538,-36.911186497899905,0.42299509048461914,0.8197250366210938,22.33636632608061,False,19.03477907180786,False,False
160.0,KL002,52.44116588275031,4.5433495342016945,162.99999999999994,165.5846750214427,114.6882349329923,-94.7004361854869,0.7984962463378906,0.5738474130630493,24.408783696276277,False,-5.0,True,False
160.0,KL003,51.90352472630255,2.8954946435718982,162.99999999999994,165.5846750214427,91.78301530010607,3.50226419824844,0.42848896980285645,0.6598750352859497,15.757212897027202,False,19.28200364112854,False,False
160.0,KL004,52.699999316336424,2.5069958058184074,162.99999999999994,165.5846750214427,87.10952564367436,-58.030282477517474,-0.4533216953277588,-0.005098462104797363,29.355576415243444,False,-20.399476289749146,False,False
160.0,KL005,52.56267970783289,3.2801353392329946,160.9500529655413,163.50656914535574,95.55046745857243,-38.462754824374116,-0.559502363204956,0.45995473861694336,22.33636632608061,False,-25.177606344223022,False,False
160.0,KL006,51.61833808329302,3.6550565212486235,162.99999999999994,165.5846750214427,75.76178155615854,-35.47003705704549,0.7007226943969727,0.7542710304260254,19.464123038830255,False,31.53252124786377,False,False
160.0,KL007,52.113481446153756,3.961361525635731,162.99999999999994,165.5846750214427,97.99367362390328,-3.230745816388861,-0.7485421299934387,-0.035038530826568604,23.463310254501497,False,-33.68439584970474,False,False
160.0,KL008,52.29604570200685,5.32750680648879,154.86585992831016,157.33791835489598,79.52023760271295,11.284194497226395,-0.5174892544746399,-0.05542111396789551,30.038225764255255,False,0.0,True,False
160.0,KL009,51.64636309612658,2.980159601171527,162.99999999999994,165.5846750214427,102.51910894932797,-7.633792370022036,-0.3662710189819336,0.2675217390060425,13.364693077895971,False,-16.48219585418701,False,False
160.0,KL0010,51.46762858488547,3.193552642209742,150.44829152128503,152.85821214847792,112.24658179375804,11.247388411893724,-0.5400157570838928,0.2220066785812378,13.364693077895971,False,-24.300709068775177,False,False
170.0,KL001,52.488431932894386,3.8900284701821795,149.06861318038946,151.4589887129054,142.1238932653974,-19.865369960978768,-0.752964198589325,0.37647438049316406,22.066655380833915,False,-33.88338893651962,False,False
170.0,KL002,52.44755221713994,4.565414814963025,162.99999999999994,165.5846750214427,114.95804944434994,-100.52421038324371,0.9085006713867188,0.5102560520172119,24.825183129222058,False,-5.0,True,False
170.0,KL003,51.91751268991457,2.903551078577502,162.99999999999994,165.5846750214427,90.1707515250091,19.54525245147454,-0.8520001173019409,0.390159010887146,15.80392249261524,False,-38.34000527858734,False,False
170.0,KL004,52.71263209746101,2.5198570845988444,162.98199664688622,165.56642502630567,86.45749052540037,-74.86146754447043,0.7011265754699707,0.5923373699188232,29.863034708622003,False,31.55069589614868,False,False
170.0,KL005,52.55087601143455,3.294806396043674,162.5270149797057,165.1052063269441,94.44264198757398,-55.07816572452674,0.6987075805664062,0.5900281667709351,22.066655380833915,False,31.44184112548828,False,False
170.0,KL006,51.63314715341943,3.653403664471016,162.99999999999994,165.5846750214427,74.28949550801677,-20.216123973511742,0.2316526174545288,0.4586002826690674,19.155860399057477,False,10.424367785453796,False,False
170.0,KL007,52.09865503006596,3.960612703077951,162.8793133887962,165.4623348062539,96.3813427320699,-19.27046242394306,0.6517989635467529,0.5102999210357666,23.545485350498343,False,29.330953359603882,False,False
170.0,KL008,52.30101537037676,5.3058734612656355,154.6752944926494,157.14468645940832,77.97730731797401,11.509837001300923,-0.4952538013458252,-0.059009432792663574,28.531710851087198,False,0.0,True,False
170.0,KL009,51.659815783314926,2.990275102246306,162.99999999999994,165.5846750214427,100.93296974695345,-23.71854600902398,0.3694347143173218,0.22873330116271973,13.405560426092784,False,16.62456214427948,False,False
170.0,KL0010,51.480004980972296,3.2032284952357775,151.20921386698177,153.62988597630724,110.71690885998846,-5.781568018688347,0.17599201202392578,-0.13403213024139404,13.405560426092784,False,7.91964054107666,False,False
180.0,KL001,52.47550746436433,3.897416848864738,150.35930645623594,152.76796846038565,140.8007676726508,-37.32682814234869,0.5147722959518433,0.6747965812683105,21.83696064257207,False,23.164753317832947,False,False
180.0,KL002,52.45508644271626,4.586486311212825,162.99999999999994,165.5846750214427,115.39216779545646,-106.32729330293094,0.872012734413147,0.5263848304748535,25.235384007056904,False,-5.0,True,False
180.0,KL003,51.93163255088533,2.9109802659344344,162.99999999999994,165.5846750214427,88.55045847570481,3.9211134497894307,0.2875330448150635,0.5747575759887695,15.878649933253186,False,12.938987016677856,False,False
180.0,KL004,52.725046368940944,2.533294636295996,162.99999999999994,165.5846750214427,85.7903467520717,-60.04806323032682,-0.49957430362701416,0.02819514274597168,30.398273181575007,False,-22.480843663215637,False,False
180.0,KL005,52.53879276958836,3.308985752138535,162.99999999999994,165.5846750214427,93.31377570465237,-39.99552699718171,-0.4660874605178833,0.3495347499847412,21.83696064257207,False,-20.97393572330475,False,False
180.0,KL006,51.647759491332366,3.6578316681749703,162.99999999999994,165.5846750214427,72.67660059576697,-10.07681991608797,-0.9102590680122375,0.1232074499130249,19.05535222299686,False,-40.96165806055069,False,False
180.0,KL007,52.08383586703046,3.9591996122101167,162.99999999999994,165.5846750214427,94.75988751578927,-3.6319525795987033,-0.846484899520874,-0.09531509876251221,23.62539863400854,False,-38.09182047843933,False,False
180.0,KL008,52.30597853316368,5.284266012224004,154.4724230681118,156.9389749863204,76.4376527065027,11.74427201754429,-0.36440134048461914,-0.028516650199890137,27.095052274715286,False,0.0,True,False
180.0,KL009,51.673090042840066,3.000989012631908,162.99999999999994,165.5846750214427,99.33666558894653,-8.140057840000082,-0.39984744787216187,-0.06567782163619995,13.409610208801329,False,-17.993135154247284,False,False
180.0,KL0010,51.49250487843544,3.2124839605547946,150.74905360361316,153.163226249936,109.18651331866252,2.1475745300629114,-0.23464208841323853,-0.01692211627960205,13.409610208801329,False,-10.558893978595734,False,False
190.0,KL001,52.46227249370111,3.904306913896689,152.67312940911683,155.11442959460274,139.4415224541404,-20.71890017913654,-0.753861129283905,0.19923043251037598,21.57617630852629,False,-33.923750817775726,False,False
190.0,KL002,52.46371121947333,4.606403818895316,162.99999999999994,165.5846750214427,115.98541871395342,-112.10063149076512,0.894235372543335,0.5131340026855469,25.68360401608686,False,-5.0,True,False
190.0,KL003,51.94566647703889,2.9188817855342735,162.99999999999994,165.5846750214427,86.93703005352542,17.088263805793872,-0.8212375044822693,0.12204873561859131,15.930927917634456,False,-36.95568770170212,False,False
190.0,KL004,52.73768065808073,2.5461644444779203,162.99999999999994,165.5846750214427,85.19269582998474,-76.9076764961589,0.8089139461517334,0.8174910545349121,31.0302736981767,False,36.401127576828,False,False
190.0,KL005,52.52695224574893,3.3237039629656517,162.99999999999994,165.5846750214427,92.23516962313931,-56.59625877089877,0.7507233619689941,0.5748295783996582,21.57617630852629,False,33.782551288604736,False,False
190.0,KL006,51.662550303523645,3.6598662496601593,162.99999999999994,165.5846750214427,71.11423821345134,-26.325351815303975,0.31744468212127686,0.5615196228027344,18.942559778269334,False,14.285010695457458,False,False
190.0,KL007,52.06902816618462,3.9584618043189645,162.6725872640279,165.25277497431532,93.1521907488145,-19.705700859968402,0.6813226938247681,0.49368083477020264,23.69427631182729,False,30.659521222114563,False,False
190.0,KL008,52.31093854395631,5.26266986558264,154.37413114802013,156.83930653419856,74.90030707864281,11.988182999540754,-0.32104575634002686,0.02407205104827881,25.73809328940697,False,0.0,True,False
190.0,KL009,51.6865253364944,3.0110918483626334,162.7742320599879,165.35581326329907,97.75706547747437,-24.263227293647162,0.10990655422210693,0.24761104583740234,13.358819278168008,False,4.945794939994812,False,False
190.0,KL0010,51.50555044494314,3.21945134168125,150.69053842808898,153.10388406162127,107.66472312055059,-8.490873609500568,0.28184974193573,-0.10642266273498535,13.358819278168008,False,12.68323838710785,False,False
200.0,KL001,52.44909093777778,3.911861158480107,153.35593066997328,155.80682675927235,138.10081640143437,-37.86135539345014,0.5938959121704102,0.39924192428588867,21.356296548100207,False,26.725316047668457,False,False
200.0,KL002,52.47336090765226,4.625015745304319,162.99999999999994,165.5846750214427,116.73084709088623,-117.83587686838874,-0.14762145280838013,0.33013367652893066,24.47051626646845,False,-6.642965376377106,False,False
200.0,KL003,51.959998991470826,2.9251534037526663,162.99999999999994,165.5846750214427,85.30461243921553,1.4252980085174727,0.4050809144973755,0.5613296031951904,15.98613198761975,False,18.228641152381897,False,False
200.0,KL004,52.75009492956066,2.5596097190527405,162.99999999999994,165.5846750214427,84.58057240094614,-62.12452741702654,0.5067514181137085,0.5608030557632446,31.682087189195133,False,22.803813815116882,False,False
200.0,KL005,52.51486900390274,3.337875596160577,162.99999999999994,165.5846750214427,91.13924011561679,-41.54995792960082,-0.4448080062866211,0.327761173248291,21.356296548100207,False,-20.01636028289795,False,False
200.0,KL006,51.67730948375065,3.6624967642948736,162.99999999999994,165.5846750214427,69.54225318319136,-12.452936150432834,-0.8851015567779541,0.1245279312133789,18.799923007930385,False,-39.829570055007935,False,False
200.0,KL007,52.0542085237909,3.957063020137371,162.99999999999994,165.5846750214427,91.53316505745701,-4.081420348506725,-0.8604861497879028,0.004408597946166992,23.767064736776156,False,-38.72187674045563,False,False
200.0,KL008,52.31590118648057,5.24105983823099,154.45619915217523,156.92252388540012,73.36356129668003,12.242449301796341,-0.2998288869857788,-0.06983298063278198,24.47051626646845,False,0.0,True,False
200.0,KL009,51.70030261399591,3.020198092602814,162.99999999999994,165.5846750214427,96.19777165498732,-19.649820807721113,0.05038785934448242,0.36587798595428467,13.419023891287264,False,2.267453670501709,False,False
200.0,KL0010,51.518043799910856,3.228498726542957,150.32506997754814,152.73324766119637,106.14093915456674,4.194099409685236,-0.5333520770072937,0.05460011959075928,13.419023891287264,False,-24.000843465328217,False,False
210.0,KL001,52.43566970723227,3.918864717687492,154.72469450874124,157.19477782047971,136.73113156552074,-21.508444843333706,-0.6116593480110168,0.09571385383605957,21.103247169253166,False,-27.524670660495758,False,False
210.0,KL002,52.48416126883306,4.641832538898439,162.99999999999994,165.5846750214427,117.64663289185314,-125.15953282900284,-0.39833807945251465,0.3672131299972534,23.321292720547856,False,-17.92521357536316,False,False
210.0,KL003,51.974219306736366,2.9320673624580693,162.99999999999994,165.5846750214427,83.68046687261614,17.445623216375537,-0.8473803997039795,0.21891379356384277,16.05530371700681,False,-38.13211798667908,False,False
210.0,KL004,52.75981945600537,2.578141807682981,162.99999999999994,165.5846750214427,83.59617510835263,-47.21153751580064,-0.748104989528656,-0.012642741203308105,32.15838935879581,False,-33.66472452878952,False,False
210.0,KL005,52.50302848006331,3.3525857943889963,162.99999999999994,165.5846750214427,90.09559034476861,-58.187606988900455,0.8720755577087402,0.48612093925476074,21.103247169253166,False,39.24340009689331,False,False
210.0,KL006,51.69212885197317,3.66389152016055,162.99999999999994,165.5846750214427,68.00371503546484,-28.774931615246146,0.5155019760131836,0.41826820373535156,18.66918090590248,False,23.19758892059326,False,False
210.0,KL007,52.0393707817243,3.9563302333748926,162.99999999999994,165.5846750214427,89.92502408725473,-20.139428964872423,0.5380232334136963,0.4390307664871216,23.499306742868818,False,24.211045503616333,False,False
210.0,KL008,52.320856133011304,5.2194809059194025,154.21620769497358,156.67917072928,71.83070190525955,12.507170320142848,-0.1355419158935547,-0.0893053412437439,23.321292720547856,False,0.0,True,False
210.0,KL009,51.71379737071349,3.0303586105573594,162.99999999999994,165.5846750214427,94.61615117308527,-17.680898678066683,-0.17318785190582275,0.11171567440032959,13.379020393489276,False,-7.793453335762024,False,False
210.0,KL0010,51.53100624834065,3.2356359412925406,150.5118507155896,152.92267016993176,104.62315165436058,-13.014597955039761,0.8094072341918945,-0.23956745862960815,13.379020393489276,False,36.423325538635254,False,False
220.0,KL001,52.42234507787286,3.926514743834486,155.0524660371326,157.52713428876407,135.38532817117712,-38.484379310439664,0.5599422454833984,0.40432047843933105,20.889826929421112,False,25.19740104675293,False,False
220.0,KL002,52.49651078135094,4.6553606152178935,162.99999999999994,165.5846750214427,118.79345031932485,-141.56350154372944,-0.7931681275367737,0.45135319232940674,22.35915440829696,False,-35.692565739154816,False,False
220.0,KL003,51.9885518211683,2.9383429774694894,162.99999999999994,165.5846750214427,82.04961409013694,1.7961165170442257,0.5318231582641602,0.5610847473144531,16.082011143528074,False,23.932042121887207,False,False
220.0,KL004,52.76984771564413,2.5962213054523176,162.95612258610913,165.54019647603084,82.67130544579054,-63.98819403789395,0.6868381500244141,0.5598254203796387,32.69350353087076,False,30.907716751098633,False,False
220.0,KL005,52.490945238217115,3.366749715560173,162.99999999999994,165.5846750214427,89.03502910994999,-43.1790994770013,-0.47809481620788574,0.27213358879089355,20.889826929421112,False,-21.51426672935486,False,False
220.0,KL006,51.706918688516666,3.665946816282682,162.99999999999994,165.5846750214427,66.45407318720197,-13.437082050216333,-0.6270281076431274,0.03733503818511963,18.54872425909619,False,-28.216264843940735,False,False
220.0,KL007,52.024551139330576,3.9549323769524634,162.99999999999994,165.5846750214427,88.30851809087197,-4.53036746299847,-0.8710492849349976,0.06413745880126953,21.874422764191277,False,-39.19721782207489,False,False
220.0,KL008,52.32580124189994,5.197942407760598,153.90943407254002,156.36809701709464,70.3024813991892,12.782869338927753,-0.11720597743988037,0.08843445777893066,22.35915440829696,False,0.0,True,False
220.0,KL009,51.72788220029857,3.038108248931908,162.99999999999994,165.5846750214427,93.10188265268057,-25.88464891775078,0.1969391107559204,0.5392591953277588,13.443293406588964,False,8.862259984016418,False,False
220.0,KL0010,51.54375536300575,3.2433712699373016,149.68974588986146,152.08892874529144,103.11042392039583,4.161300458251731,-0.31750786304473877,0.8878500461578369,13.443293406588964,False,-14.287853837013245,False,False
230.0,KL001,52.40877924242216,3.933615204181607,156.43864203408594,158.93265866422456,134.0104161164532,-22.331022228883825,-0.2695489525794983,0.19204533100128174,20.643887682200308,False,-12.129702866077423,False,False
230.0,KL002,52.51063837679337,4.662848000498025,162.99999999999994,165.5846750214427,120.22759912541385,-157.7814942042248,-0.8256101012229919,0.3971775770187378,21.683892862783484,False,-37.15245455503464,False,False
230.0,KL003,52.00277213643384,2.9452613449771983,162.99999999999994,165.5846750214427,80.42742326211678,17.831901819986683,-0.8479281663894653,0.3484846353530884,16.144047502452157,False,-38.15676748752594,False,False
230.0,KL004,52.77957307430901,2.614760610025036,162.99999999999994,165.5846750214427,81.73137422518484,-49.118169718184646,-0.5446797609329224,0.06984591484069824,33.2582484679935,False,-24.510589241981506,False,False
230.0,KL005,52.479104714377684,3.381451912471153,162.99999999999994,165.5846750214427,88.02885380245695,-59.85500605178839,0.9170488119125366,0.26982784271240234,20.643887682200308,False,41.26719653606415,False,False
230.0,KL006,51.72173805673919,3.667342484929771,162.99999999999994,165.5846750214427,64.92630067783267,-29.806006509738893,0.835326075553894,0.5503203868865967,18.409430781652926,False,37.58967339992523,False,False
230.0,KL007,52.00971339726398,3.9542000762572345,162.99999999999994,165.5846750214427,86.70339393113434,-20.605417336833938,-0.8131776452064514,-0.47184300422668457,20.29927912840037,False,-36.592994034290314,False,False
230.0,KL008,52.3307560612777,5.176359200481662,154.21224257858142,156.67515005428336,68.77296528312948,13.071391865472208,0.1300145387649536,0.022429585456848145,21.683892862783484,False,5.850654244422913,False,False
230.0,KL009,51.74146240489314,3.0479140493947363,162.99999999999994,165.5846750214427,91.5366736125873,-17.358496068767238,-0.49096786975860596,0.45958948135375977,13.416119858801494,False,-22.093554139137268,False,False
230.0,KL0010,51.556848651089915,3.2508067084322123,152.7342648132348,155.17642484078928,101.57136876529945,-10.19897266642576,0.9319565296173096,0.7845349311828613,13.416119858801494,False,41.93804383277893,False,False
240.0,KL001,52.395198913779566,3.9410735632675555,157.09678912355102,159.59996851874348,132.6439714549538,-34.81519084236939,0.36952877044677734,0.5209455490112305,20.42848345752379,False,16.62879467010498,False,False
240.0,KL002,52.52547339312023,4.66372343589416,162.99999999999994,165.5846750214427,121.83222863076315,-173.78831505251344,-0.5348506569862366,0.08047664165496826,21.27047217878638,False,-24.068279564380646,False,False
240.0,KL003,52.017104650865775,2.951540963439564,162.99999999999994,165.5846750214427,78.79833709541518,2.1975484121497004,0.4452618360519409,0.4994678497314453,16.161698928656726,False,20.03678262233734,False,False
240.0,KL004,52.78960441077893,2.632852651523761,162.99999999999994,165.5846750214427,80.85307385353998,-65.93370189457167,0.8495365381240845,0.5982761383056641,33.879527863851045,False,38.2291442155838,False,False
240.0,KL005,52.46702147253149,3.3956081324743366,162.99999999999994,165.5846750214427,87.00624415610812,-44.885641260753346,-0.3384290933609009,0.11203658580780029,20.42848345752379,False,-15.22930920124054,False,False
240.0,KL006,51.736527893282684,3.669399127303176,162.99999999999994,165.5846750214427,63.387406161684666,-14.5167979028258,-0.6903150677680969,0.008481621742248535,18.24767916814413,False,-31.06417804956436,False,False
240.0,KL007,51.99545668165052,3.96004253211998,161.3812371187039,163.94368875314166,85.28443457791381,-37.1229490993326,0.6807317733764648,-0.46771788597106934,18.91557636814776,False,30.632929801940918,False,False
240.0,KL008,52.33686475329669,5.155574990502302,154.2886780529477,156.7526564339007,67.28239941303649,19.33780720599492,0.05630028247833252,-0.08540630340576172,21.27047217878638,False,5.0,True,False
240.0,KL009,51.755624080492694,3.05510277089678,162.99999999999994,165.5846750214427,90.05212856687227,-33.64005650079167,0.3414236307144165,0.5955069065093994,13.511477783762231,False,15.364063382148743,False,False
240.0,KL0010,51.569824952394946,3.2597981913538825,155.42444179675113,157.9043087579737,100.00041325890432,6.404796463351573,-0.4894147515296936,0.6294894218444824,13.511477783762231,False,-22.023663818836212,False,False
250.0,KL001,52.3811369887978,3.946595748978099,158.8829390817318,161.410908055371,131.20120218792428,-18.884287275972753,-0.4897042512893677,-0.04474973678588867,20.135582277944525,False,-22.036691308021545,False,False
250.0,KL002,52.53989155628853,4.65791615767458,162.99999999999994,165.5846750214427,123.48152254266505,170.4221661189357,0.049472808837890625,0.31336724758148193,21.074163955537983,False,2.226276397705078,False,False
250.0,KL003,52.031324966131315,2.958463747096188,162.99999999999994,165.5846750214427,77.17834399777556,18.25071908207505,-0.8882746696472168,0.41408252716064453,16.179779175041197,False,-39.972360134124756,False,False
250.0,KL004,52.79932976944381,2.6514003756764337,162.99999999999994,165.5846750214427,79.96063346209958,-51.10737292948542,-0.3289133906364441,0.2242577075958252,34.52382565825779,False,-14.801102578639984,False,False
250.0,KL005,52.45517024119607,3.4102840918905444,162.99999999999994,165.5846750214427,86.03870050680901,-61.00651410499822,0.9277534484863281,0.2992469072341919,20.135582277944525,False,41.748905181884766,False,False
250.0,KL006,51.75134726150521,3.6707957103003936,162.99999999999994,165.5846750214427,61.87199951642719,-30.939276632138444,0.9567630290985107,0.5179972648620605,17.596218101594307,False,43.05433630943298,False,False
250.0,KL007,51.98124465338189,3.9651538345003003,159.77662699261762,162.3169566823001,83.864029615731,-21.516313699830675,-0.7843382954597473,-0.44231748580932617,17.596218101594307,False,-25.0,True,False
250.0,KL008,52.34409796383231,5.135825939758521,153.99527644456083,156.45514298552717,65.8503110097749,24.88747753962167,0.27745091915130615,-0.3887750506401062,21.074163955537983,False,12.485291361808777,False,False
250.0,KL009,51.769662674852704,3.0629058442887445,162.99999999999994,165.5846750214427,88.55407546678525,-18.72414086769021,-0.0526469349861145,0.40619003772735596,13.561525171941769,False,-2.3691120743751526,False,False
250.0,KL0010,51.583140983230976,3.268340426061812,157.58286202547384,160.0927987244638,98.4077703824992,-10.019175483409185,0.8892339468002319,0.6914217472076416,13.561525171941769,False,40.01552760601044,False,False
260.0,KL001,52.36718300581714,3.952768453988841,158.7289597314379,161.25479612261336,129.78417033891236,-35.467814196264385,0.42705750465393066,0.4121861457824707,19.88799645426524,False,19.21758770942688,False,False
260.0,KL002,52.55399467805467,4.650054864194466,162.99999999999994,165.5846750214427,125.12423853575295,172.74754941196,-0.06677091121673584,0.3059086799621582,20.956459680320894,False,-3.004691004753113,False,False
260.0,KL003,52.04565748056325,2.9647473756821596,162.99999999999994,165.5846750214427,75.55126161852117,2.6335039639049,0.43089497089385986,0.4773672819137573,16.24767219782804,False,19.390273690223694,False,False
260.0,KL004,52.809343720134294,2.6695338657256067,162.99999999999994,165.5846750214427,79.12955822930724,-66.94328507780273,0.8996431827545166,0.6647963523864746,35.218321602749235,False,40.48394322395325,False,False
260.0,KL005,52.442998261645464,3.424226328320549,162.99999999999994,165.5846750214427,85.04297905275894,-46.07058240952682,-0.4241422414779663,0.07627904415130615,19.88799645426524,False,-19.086400866508484,False,False
260.0,KL006,51.7661370980487,3.672853701239825,162.99999999999994,165.5846750214427,60.34553193894703,-15.705823716221659,-0.48497307300567627,-0.015509486198425293,16.368149359351293,False,-21.823788285255432,False,False
260.0,KL007,51.96726691872602,3.9708843631960047,158.25913585097135,160.77846006622588,82.48832946807902,-38.375274081920026,0.35036492347717285,-0.3062252402305603,16.368149359351293,False,15.766421556472778,False,False
260.0,KL008,52.35302939706394,5.118346088186171,152.66143422238832,155.10256990549723,64.55737981029817,38.12764657165462,0.08018243312835693,-0.44413262605667114,20.956459680320894,False,3.608209490776062,False,False
260.0,KL009,51.783329212669635,3.072464263071143,162.99999999999994,165.5846750214427,87.0066396055401,-21.48177023456421,0.27112293243408203,0.45836544036865234,13.568842688286935,False,12.200531959533691,False,False
260.0,KL0010,51.59650480591448,3.2775929727446487,159.95368015572026,162.49645530931943,96.7902937411943,6.10671724058804,-0.64249587059021,0.48210573196411133,13.568842688286935,False,-28.91231417655945,False,False
270.0,KL001,52.35301083661514,3.9583656395822944,160.142100357847,162.68747674703616,128.33896970701213,-19.68579700362278,-0.5855668187141418,-0.06775325536727905,19.60843789409799,False,-26.350506842136383,False,False
270.0,KL002,52.567847316483366,4.64106812132616,162.99999999999994,165.5846750214427,126.75539575653832,169.8759830947062,-0.10765951871871948,0.307863712310791,20.893041007299487,False,-4.844678342342377,False,False
270.0,KL003,52.05987779582879,2.971674582850578,162.99999999999994,165.5846750214427,73.93375145797334,18.70631705016524,-0.8725877404212952,0.26605308055877686,16.38876082101718,False,-39.26644831895828,False,False
270.0,KL004,52.818867465676284,2.688374058193955,162.99999999999994,165.5846750214427,78.262488858626,-52.1502193034317,-0.20385175943374634,0.30262231826782227,35.91649272804294,False,-9.173329174518585,False,False
270.0,KL005,52.43106556243048,3.438710386509025,162.99999999999994,165.5846750214427,84.10549526134719,-62.81994418983558,0.8872642517089844,0.45016050338745117,19.60843789409799,False,39.9268913269043,False,False
270.0,KL006,51.78095160605376,3.6742495415389786,162.9462907210277,165.5302299024132,58.84494076363262,-32.19474633149116,0.963144063949585,0.541109561920166,15.236995481374368,False,43.34148287773132,False,False
270.0,KL007,51.95329108892621,3.9759348062097355,157.20839512198347,159.71312678462994,81.10720854556789,-23.16563144127116,-0.9021214246749878,-0.1704813838005066,15.236995481374368,False,-5.0,True,False
270.0,KL008,52.363185062246785,5.103012453652839,151.13774041836754,153.55740349202193,63.40885721212413,42.65542598067634,0.01754295825958252,-0.3829752802848816,20.893041007299487,False,0.7894331216812134,False,False
270.0,KL009,51.796010459190484,3.0849851209201606,162.99999999999994,165.5846750214427,85.3977387283041,-9.536329426358236,-0.22528207302093506,0.08610332012176514,13.440516169987893,False,-10.137693285942078,False,False
270.0,KL0010,51.61016935951272,3.28636288089895,161.60661497088452,164.17216638258716,95.15608386775006,-9.9059183274195,0.8570438623428345,0.6539409160614014,13.440516169987893,False,38.56697380542755,False,False
280.0,KL001,52.338957410621866,3.9646094335102764,159.90922352891144,162.45138475145035,126.92146821972801,-36.1680350220814,0.44522809982299805,0.38746392726898193,19.368019153643935,False,20.035264492034912,False,False
280.0,KL002,52.58122870108204,4.630325873171714,162.99999999999994,165.5846750214427,128.36025755510093,165.21827009095625,-0.10273456573486328,0.41673409938812256,20.878870299185255,False,-4.623055458068848,False,False
280.0,KL003,52.074210310260725,2.9779622282476006,162.99999999999994,165.5846750214427,72.30895340268563,3.1085801129381707,0.12745893001556396,0.3938673734664917,16.50794815327149,False,5.735651850700378,False,False
280.0,KL004,52.828378680965734,2.70730007678251,162.99999999999994,165.5846750214427,77.41564623283907,-62.376919169300905,0.875523567199707,0.6150621175765991,36.639355037761035,False,39.398560523986816,False,False
280.0,KL005,52.418893582879875,3.4526449982212584,162.99999999999994,165.5846750214427,83.15268499892639,-47.925667767875694,-0.2653050422668457,0.06049036979675293,19.368019153643935,False,-11.938726902008057,False,False
280.0,KL006,51.795741558234155,3.6763067112482313,162.99999999999994,165.5846750214427,57.33298610436833,-17.025624473784887,-0.33929479122161865,0.03972029685974121,14.178027655955336,False,-15.26826560497284,False,False
280.0,KL007,51.939211166718295,3.98005795086816,156.62320847898803,159.11979619837956,79.70327607915051,-28.70051755473395,-0.8037514090538025,-0.29304319620132446,14.178027655955336,False,5.0,True,False
280.0,KL008,52.37341225465319,5.088100204376696,149.82379831605684,152.2248802228808,62.30543921207186,44.40720766347687,-0.2044055461883545,-0.30834078788757324,20.878870299185255,False,5.0,True,False
280.0,KL009,51.80912240440402,3.0963273659751422,162.99999999999994,165.5846750214427,83.81421915087384,-20.000880809441696,0.18677186965942383,0.420867919921875,13.373935037888321,False,8.404734134674072,False,False
280.0,KL0010,51.62380249311535,3.295803427367932,162.99999999999994,165.5846750214427,93.5061645715123,5.901571024531847,-0.7188830971717834,0.39449357986450195,13.373935037888321,False,-32.349739372730255,False,False
290.0,KL001,52.32469198607303,3.9702741011181604,161.23757242806354,163.79804719088378,125.47640809566781,-20.514638355066353,-0.44035565853118896,-0.09142184257507324,19.102373749644755,False,-19.816004633903503,False,False
290.0,KL002,52.594033516650946,4.617819925186068,162.99999999999994,165.5846750214427,129.92868377850894,160.8354464018921,-0.029512107372283936,0.402030348777771,20.918731605927796,False,-1.328044831752777,False,False
290.0,KL003,52.08871953096984,2.983385801940378,162.99999999999994,165.5846750214427,70.67050757211328,9.031354263712899,-0.6181592345237732,0.3324441909790039,16.690221093482553,False,-27.817165553569794,False,False
290.0,KL004,52.836519728301106,2.7278469120612048,162.99999999999994,165.5846750214427,76.43949719445321,-47.553307942587765,-0.4049466848373413,0.3764897584915161,37.298558291291585,False,-18.22260081768036,False,False
290.0,KL005,52.40684254617135,3.466899944962129,162.99999999999994,165.5846750214427,82.24274184720973,-60.8256578517601,0.8747460842132568,0.46784913539886475,19.102373749644755,False,39.36357378959656,False,False
290.0,KL006,51.810561887614,3.6777262370638075,162.99999999999994,165.5846750214427,55.84765696738617,-33.02396673892946,0.9666116237640381,0.5892412662506104,13.228791172187753,False,43.497523069381714,False,False
290.0,KL007,51.92507908327224,3.982568099623078,155.61768243385904,158.1002481946679,78.26576384415579,-24.17860042716069,-0.9197041988372803,0.01429450511932373,13.228791172187753,False,5.0,True,False
290.0,KL008,52.384244531113914,5.074651205625285,148.76582883094383,151.15190624838564,61.315811552080135,50.471467035823764,-0.3549293875694275,-0.40233445167541504,20.918731605927796,False,0.0,True,False
290.0,KL009,51.82174519348444,3.1090671404091497,162.99999999999994,165.5846750214427,82.20358654102071,-11.862236139274302,-0.20076662302017212,0.136976957321167,13.233903899746464,False,-9.034498035907745,False,False
290.0,KL0010,51.637596922826205,3.304638328178574,162.99999999999994,165.5846750214427,91.85719328165426,-9.971536178693782,0.8763890266418457,0.6063835620880127,13.233903899746464,False,39.43750619888306,False,False
300.0,KL001,52.31055388719223,3.9765828822243385,160.92351770311032,163.47966839461054,124.06083242406801,-36.91476936980038,0.5365927219390869,0.315032958984375,18.90941124912409,False,24.14667248725891,False,False
300.0,KL002,52.60659823690377,4.604660452604509,162.99999999999994,165.5846750214427,131.48266917780145,159.76332813609594,-0.10193407535552979,0.418664813041687,20.97829388502063,False,-4.58703339099884,False,False
300.0,KL003,52.10350750408803,2.985493881209524,162.99999999999994,165.5846750214427,69.01989880756358,-6.784095978017831,0.8609013557434082,0.7110996246337891,16.8704801340362,False,38.74056100845337,False,False
300.0,KL004,52.84500043750107,2.748017296695992,162.99999999999994,165.5846750214427,75.52505973046048,-64.42088229313639,0.9386677742004395,0.7366477251052856,37.99535677491132,False,42.240049839019775,False,False
300.0,KL005,52.394122872271375,3.4794433373720652,162.99999999999994,165.5846750214427,81.24381281035089,-45.928436200896215,-0.4759432077407837,-0.057687461376190186,18.90941124912409,False,-21.417444348335266,False,False
300.0,KL006,51.825338821599765,3.680016413736531,162.99999999999994,165.5846750214427,54.34581133885287,-17.91394374639907,-0.23533308506011963,0.18994140625,12.35306275852874,False,-10.589988827705383,False,False
300.0,KL007,51.91086222792412,3.983071078997197,155.66621315743654,158.14945649220633,76.78012921187207,-19.578983335883123,-0.860603928565979,-0.18678641319274902,12.35306275852874,False,5.0,True,False
300.0,KL008,52.395048311954234,5.061466373613004,147.3854995291019,149.7519430339874,60.36628124605118,51.56777122067331,-0.41156625747680664,-0.35051387548446655,20.97829388502063,False,5.0,True,False
300.0,KL009,51.835011270118194,3.1199559477872802,162.99999999999994,165.5846750214427,80.63590342425432,-21.272389414891535,0.21507954597473145,0.46862876415252686,13.184687856298536,False,9.678579568862915,False,False
300.0,KL0010,51.65123465860951,3.3140867320968512,162.99999999999994,165.5846750214427,90.20678962254492,5.828741922364372,-0.5624168515205383,-0.03132045269012451,13.184687856298536,False,-25.308758318424225,False,False
310.0,KL001,52.29622266812182,3.9823010914682087,162.00345220151632,164.57445715270126,122.61953701268973,-21.358412087610418,-0.36327338218688965,-0.09955328702926636,18.68395545238988,False,-16.347302198410034,False,False
310.0,KL002,52.618550818387874,4.590038220815991,162.99999999999994,165.5846750214427,132.99440500948708,155.47463753821012,0.02634727954864502,0.4931833744049072,21.08463265099476,False,1.1856275796890259,False,False
310.0,KL003,52.11825407449204,2.988267142197398,162.99999999999994,165.5846750214427,67.37023389079732,9.08584961485758,-0.6139577031135559,0.2320864200592041,17.10358300918163,False,-27.628096640110016,False,False
310.0,KL004,52.85314148483644,2.768571998290331,162.99999999999994,165.5846750214427,74.59800263125649,-49.64836542409637,-0.21840035915374756,0.43800926208496094,38.70252465945013,False,-9.82801616191864,False,False
310.0,KL005,52.38163613436622,3.492541240595231,162.80163601261202,165.38359284493137,80.3053408228723,-62.73756276894645,0.920051097869873,0.394700288772583,18.68395545238988,False,41.40229940414429,False,False
310.0,KL006,51.840149077220616,3.682126828806678,162.99999999999994,165.5846750214427,52.856100095099976,-29.271090762615472,-0.5315213203430176,-0.2665104866027832,11.609406311684564,False,-23.91845941543579,False,False
310.0,KL007,51.89673081576334,3.981568285184273,155.02511124732644,157.4993969983428,75.26177718068121,-14.893132403607922,-0.9055995345115662,0.1056128740310669,11.609406311684564,False,0.0,True,False
310.0,KL008,52.40635751885709,5.049816562364242,146.1828998398475,148.5321845757985,59.54296357654839,57.75385076303371,-0.5633028745651245,-0.3386589288711548,21.08463265099476,False,0.0,True,False
310.0,KL009,51.84763048864212,3.132693981488738,162.99999999999994,165.5846750214427,79.03048102597542,-11.883746562398471,-0.21515345573425293,0.14258098602294922,13.045731711899252,False,-9.681905508041382,False,False
310.0,KL0010,51.66502046623721,3.3229188689112212,162.89206500872177,165.47526116906764,88.55903341568704,-10.058118168643603,0.9486548900604248,-0.11458253860473633,13.045731711899252,False,42.689470052719116,False,False
320.0,KL001,52.28202381773821,3.988660966455759,161.66150722612576,164.22781333257686,121.20916540880738,-37.70548189735865,0.5071111917495728,0.2586088180541992,18.496024702284743,False,22.820003628730774,False,False
320.0,KL002,52.630619197980394,4.575666576943776,162.99999999999994,165.5846750214427,134.51835334423404,156.94343199914522,-0.008100032806396484,0.5271745920181274,21.195951596147232,False,-0.3645014762878418,False,False
320.0,KL003,52.13304204761023,2.9903766181967733,162.99999999999994,165.5846750214427,65.71963576942426,-6.727847585738118,0.8490433692932129,0.7588210105895996,17.297464297643877,False,38.20695161819458,False,False
320.0,KL004,52.86132644931671,2.7891356729327774,162.99999999999994,165.5846750214427,73.69834626574138,-60.55676240329635,0.9206167459487915,0.6844203472137451,39.436528424728536,False,41.42775356769562,False,False
320.0,KL005,52.368919030971924,3.5050844682091387,162.99999999999994,165.5846750214427,79.35158346280582,-47.88622381555217,0.14900708198547363,-0.29990458488464355,18.496024702284743,False,6.7053186893463135,False,False
320.0,KL006,51.85480830616178,3.679318651701131,162.0854509966809,164.65758211098273,51.5700858521664,-46.30111282536592,0.9197450876235962,-0.13459229469299316,11.26600514269686,False,41.38852894306183,False,False
320.0,KL007,51.882572716462825,3.979861228049541,155.38683176551748,157.86617331224826,73.73826876337776,-15.210615892145114,-0.9081007242202759,0.09891998767852783,11.26600514269686,False,5.0,True,False
320.0,KL008,52.41763603562882,5.03840654698545,145.02096200993208,147.35362160342862,58.762316971676526,58.969141521587005,-0.6786459684371948,-0.28786981105804443,21.195951596147232,False,5.0,True,False
320.0,KL009,51.86085368284723,3.1437135871913973,162.99999999999994,165.5846750214427,77.46635789300566,-21.963266943615224,0.11729538440704346,0.4830421209335327,12.993962598766405,False,5.278292298316956,False,False
320.0,KL0010,51.67861440669686,3.3323500325342152,162.49857248996662,165.0763736906731,86.91376772646109,5.788953756035198,-0.6316118836402893,0.0745319128036499,12.993962598766405,False,-28.42253476381302,False,False
330.0,KL001,52.26764648974852,3.994421477954844,162.54792564300783,165.12640380387813,119.77447770558213,-22.224088674125397,-0.35828864574432373,-0.1729300618171692,18.44195051546221,False,-16.122989058494568,False,False
330.0,KL002,52.64263183401445,4.561164756883873,162.99999999999994,165.5846750214427,136.04143579946643,156.85988854931418,-0.13209950923919678,0.5573740005493164,21.339073391816626,False,-5.944477915763855,False,False
330.0,KL003,52.147788618014246,2.9931517180688787,162.99999999999994,165.5846750214427,64.07002759489095,9.14595725956184,-0.6171619296073914,0.17148840427398682,17.50953898343493,False,-25.0,True,False
330.0,KL004,52.868126474767266,2.810993788451686,162.99999999999994,165.5846750214427,72.68145527967049,-45.760149946206184,-0.2723276615142822,0.07667934894561768,40.05085740948241,False,-12.2547447681427,False,False
330.0,KL005,52.35487635164577,3.512697692434375,161.9709217067041,164.5414798203506,78.14601128691379,-41.99805961288678,-0.1874789595603943,-0.3389781713485718,18.44195051546221,False,-8.436553180217743,False,False
330.0,KL006,51.86946796992606,3.6771866387272376,161.62333504588378,164.18911634761793,50.27909557028923,-31.474453249266702,-0.4128766655921936,-0.21410250663757324,11.091166482316726,False,-18.579449951648712,False,False
330.0,KL007,51.86851261347759,3.976356202415548,155.72559703371988,158.2096693587469,72.18535764846716,-10.445689820873042,-0.9162718057632446,0.05007636547088623,11.091166482316726,False,0.0,True,False
330.0,KL008,52.42934667900523,5.02856225968401,144.03321558204397,146.35170658939305,58.116450399074544,65.26046583295317,-0.8037726879119873,-0.29674994945526123,21.339073391816626,False,0.0,True,False
330.0,KL009,51.87382502336783,3.1555482142070375,162.99999999999994,165.5846750214427,75.88467899325995,-17.055060646754185,-0.11941021680831909,0.3625103235244751,12.89263840095619,False,-5.373459756374359,False,False
330.0,KL0010,51.692385501460755,3.3411919379289055,162.75367318616813,165.33497256893787,85.26749570486786,-10.114268525870159,0.9426422119140625,-0.143609881401062,12.89263840095619,False,42.41889953613281,False,False
340.0,KL001,52.25342663774424,4.0008175268092305,161.95432399536546,164.5246541088636,118.37426535678233,-38.5626450393857,0.4372868537902832,0.10048305988311768,18.34398071954236,False,19.677908420562744,False,False
340.0,KL002,52.653809128425,4.544958157938859,162.99999999999994,165.5846750214427,137.50435724742405,151.24635527133097,0.3793051242828369,0.531545877456665,21.510365301942556,False,17.06873059272766,False,False
340.0,KL003,52.162576591132435,2.9952625932118098,162.99999999999994,165.5846750214427,62.41944292618607,-6.665653110519088,0.8304942846298218,0.6571935415267944,17.68963025550671,False,37.37224280834198,False,False
340.0,KL004,52.875159623742825,2.8326783713785573,162.99999999999994,165.5846750214427,71.71068908718239,-59.0846139147784,0.9223220348358154,0.4508202075958252,40.73392548829325,False,41.504491567611694,False,False
340.0,KL005,52.34144891848999,3.5224153902225757,160.80783886667388,163.36239593960875,77.08079538041694,-51.351674527515655,0.4007554054260254,-0.2944159507751465,18.34398071954236,False,18.033993244171143,False,False
340.0,KL006,51.88401733428941,3.674389417436183,160.88853021916566,163.4441989655423,49.04470601415224,-48.730628409332496,0.9072525501251221,-0.017332077026367188,11.1986908354956,False,40.82636475563049,False,False
340.0,KL007,51.854454313576895,3.9726465189466644,155.89684583710888,158.38330807541917,70.62905198527835,-10.68019323299103,-0.9200829863548279,0.03655064105987549,11.1986908354956,False,5.0,True,False
340.0,KL008,52.441024256301624,5.01893772318013,143.01501673083925,145.3188680597357,57.51562383150044,66.57561492780133,-0.896288275718689,-0.2121376395225525,21.510365301942556,False,0.0,True,False
340.0,KL009,51.887282912770424,3.1658621659844495,162.99999999999994,165.5846750214427,74.34628582450401,-22.899132675377558,0.09200334548950195,0.4773751497268677,12.868456836545773,False,4.140150547027588,False,False
340.0,KL0010,51.70595561707422,3.350629295179853,162.26062815789615,164.83516432672909,83.6246813527562,5.754232331021427,-0.6571328043937683,0.08446395397186279,12.868456836545773,False,-29.570976197719574,False,False
350.0,KL001,52.23907405450219,4.006583822723427,162.29842916563211,164.87348416976522,116.95400020912136,-23.076124266346227,0.1021871566772461,-0.10036015510559082,18.317491381022254,False,4.598422050476074,False,False
350.0,KL002,52.666192311582705,4.531461229264679,162.99999999999994,165.5846750214427,139.0580041068284,167.3060129911521,-0.27079153060913086,0.3417450189590454,21.648960203557067,False,-12.185618877410889,False,False
350.0,KL003,52.17732316153645,2.9980395351467717,162.99999999999994,165.5846750214427,60.76989962224542,9.212591493712466,-0.622159481048584,-0.022983670234680176,17.898333327006345,False,-15.0,True,False
350.0,KL004,52.881125151171496,2.8552021446691116,162.99999999999994,165.5846750214427,70.661201515319,-44.295865037239366,-0.39896148443222046,0.0408397912979126,41.33996489839661,False,-17.95326679944992,False,False
350.0,KL005,52.327516392074564,3.5292950061269175,159.79759149948256,162.33821081003708,75.89894839472672,-36.04407162732636,-0.22679507732391357,-0.5892897844314575,18.317491381022254,False,-10.20577847957611,False,False
350.0,KL006,51.89860392379026,3.672254408881605,160.8285768380882,163.3834196374253,47.80390771634932,-33.94153949473821,-0.26606178283691406,-0.1751164197921753,11.474020610238874,False,-11.972780227661133,False,False
350.0,KL007,51.84060998535611,3.967163724970016,156.02170591165012,158.50991002069944,69.05408130124205,-5.822861750229492,-0.8920472860336304,0.4783632755279541,11.474020610238874,False,0.0,True,False
350.0,KL008,52.45264248935259,5.009359566288745,142.28700974693015,144.58037253542182,56.948546357976035,67.91091831666705,-0.793484628200531,-0.2897838354110718,21.648960203557067,False,5.0,True,False
350.0,KL009,51.9003755803755,3.177354073052077,162.99999999999994,165.5846750214427,72.78083039182263,-19.18357186752857,-0.06060713529586792,0.3781447410583496,12.781849195789867,False,-2.7273210883140564,False,False
350.0,KL0010,51.71970583647678,3.3594798010745,162.54979280282524,165.12829657315848,81.98055801208652,-10.17192727351042,0.9385583400726318,-0.1521599292755127,12.781849195789867,False,42.23512530326843,False,False
360.0,KL001,52.22429430952298,4.0076423135761,161.9537159974065,164.5240377587443,115.40087644319227,-18.74548424404651,-0.07665497064590454,-0.681919276714325,18.135277201070654,False,-3.4494736790657043,False,False
360.0,KL002,52.678447641177264,4.5176039032880935,162.99999999999994,165.5846750214427,140.60602976230052,155.36262666350717,0.1914595365524292,0.5759398937225342,21.82867059182334,False,8.615679144859314,False,False
360.0,KL003,52.19210464502959,3.0001841964556135,162.92065706014503,165.5042450127248,59.1198800175309,-5.771091497753105,0.6806952953338623,0.6197555065155029,18.094718550906954,False,30.631288290023804,False,False
360.0,KL004,52.887463755549796,2.877447159663094,162.99999999999994,165.5846750214427,69.67182285311537,-61.20693966567251,0.979248046875,0.6962900161743164,41.98957204195758,False,44.066162109375,False,False
360.0,KL005,52.31374140256709,3.5361973227382126,157.77604017665735,160.28866008207547,74.7498694748542,-47.10162156840306,0.20113039016723633,-0.1093643307685852,18.135277201070654,False,9.050867557525635,False,False
360.0,KL006,51.91313080510522,3.6697605182810364,160.22748225783363,162.7740369692031,46.607096706395716,-47.24648801820183,0.9071770906448364,0.07555484771728516,11.994572628063333,False,40.82296907901764,False,False
360.0,KL007,51.82665517507039,3.961426138245361,157.66181798259748,160.17285152408417,67.46190986980928,-5.961684701693571,-0.8897746205329895,0.36786603927612305,11.994572628063333,False,0.0,True,False
360.0,KL008,52.46460118348095,5.0013780967552846,141.29270761048795,143.57171679031842,56.524547435561296,74.29912437234498,-0.9402785897254944,-0.1534976363182068,21.82867059182334,False,0.0,True,False
360.0,KL009,51.913738701862805,3.1880045062962803,162.99999999999994,165.5846750214427,71.24263796600657,-22.402910969836512,0.13281571865081787,0.44004344940185547,12.747827969408265,False,5.976707339286804,False,False
360.0,KL0010,51.7332522064231,3.3689247944773064,162.02742494968953,164.598759165189,80.34014910448944,5.717426824156149,-0.6937761306762695,0.1187208890914917,12.747827969408265,False,-31.21992588043213,False,False
370.0,KL001,52.20975595892455,4.009847334920373,159.61447325194683,162.15256228696748,113.89904553745255,-22.504075820632266,0.18499398231506348,-0.3193173408508301,18.045479170832795,False,8.324729204177856,False,False
370.0,KL002,52.691084618634164,4.504652583514113,162.99999999999994,165.5846750214427,142.1824636105668,164.1867241813136,-0.03055018186569214,0.26668405532836914,22.0008829388122,False,-1.3747581839561462,False,False
370.0,KL003,52.20682522437957,3.0033083904406634,162.99999999999994,165.5846750214427,57.471497287106544,10.135843063412693,-0.5914573073387146,0.10171210765838623,18.338820248926208,False,-5.0,True,False
370.0,KL004,52.89342928297847,2.899977325936117,162.99999999999994,165.5846750214427,68.67135742077491,-46.48023346685895,0.6668319702148438,0.3089073896408081,41.39627426829314,False,30.00743865966797,False,False
370.0,KL005,52.29972989362843,3.5413818095516008,157.40046040623312,159.90786236904833,73.53917675951917,-38.858083214974755,-0.558866560459137,-0.3297860026359558,18.045479170832795,False,-25.148995220661163,False,False
370.0,KL006,51.927742874531006,3.6693142526081894,160.48609844969585,163.03622063075952,45.341945796822415,-32.44697702385878,-0.33919280767440796,-0.2159234881401062,12.667935496926056,False,-15.263676345348358,False,False
370.0,KL007,51.81258571872939,3.955643214141498,158.92296057808144,161.45148370307956,65.85707864836152,-6.108443422269289,-0.8696098923683167,0.2961709499359131,12.667935496926056,False,0.0,True,False
370.0,KL008,52.476555037375746,4.993577672824372,140.76581941370216,143.03720921420043,56.146467970115886,75.70529895863086,-0.9152147769927979,-0.1686917543411255,22.0008829388122,False,0.0,True,False
370.0,KL009,51.92647181002344,3.200508840486525,162.99999999999994,165.5846750214427,69.66100167223357,-16.828437357483892,-0.0741775631904602,0.37210583686828613,12.624808825816434,False,-3.3379903435707092,False,False
370.0,KL0010,51.746988303181354,3.3777916779940846,162.4340788332526,165.01099526442468,78.69727661893626,-10.22334911314141,0.8855258226394653,-0.25921207666397095,12.624808825816434,False,39.84866201877594,False,False
380.0,KL001,52.19528621684168,4.00940126793824,158.51882720229852,161.04175194006135,112.35372495810928,-14.406639754639997,-0.7294133901596069,-0.531863272190094,17.779122025824933,False,-32.82360255718231,False,False
380.0,KL002,52.7038096717819,4.49188927615807,162.99999999999994,165.5846750214427,143.76698192084905,163.00977391950119,0.050283193588256836,0.3155229091644287,22.17336656752611,False,2.2627437114715576,False,False
380.0,KL003,52.221483971897094,3.0075621900776746,162.99999999999994,165.5846750214427,55.82441258218415,5.303231443591642,-0.2735251188278198,0.09655261039733887,18.537163249000567,False,0.0,True,False
380.0,KL004,52.895462303879626,2.9243519595022964,162.99999999999994,165.5846750214427,67.36809169146079,-31.520065343405292,-0.719371497631073,-0.3209052085876465,40.579795115580076,False,-32.371717393398285,False,False
380.0,KL005,52.28633655504942,3.5492457259073746,156.26891778454151,158.76056902266515,72.49268814180438,-56.2936979233327,0.6729832887649536,0.4417761564254761,17.779122025824933,False,30.284247994422913,False,False
380.0,KL006,51.942277000296805,3.6682272342260394,159.74505194702903,162.28494540354762,44.135149348941724,-49.09034985381527,0.9494104385375977,0.054598331451416016,13.548989572969836,False,42.723469734191895,False,False
380.0,KL007,51.798424491679945,3.9498243931460344,159.93821177911676,162.48077332764888,64.24223812471861,-6.263563390926407,-0.886587381362915,0.4071906805038452,13.548989572969836,False,0.0,True,False
380.0,KL008,52.488459802946096,4.985807175240429,140.18682273745958,142.44982902697546,55.80399359127146,77.1237839970313,-0.9474478363990784,-0.20514273643493652,22.17336656752611,False,0.0,True,False
380.0,KL009,51.93950812274357,3.2121805715192786,162.99999999999994,165.5846750214427,68.10412522377995,-20.64004449842335,0.05357563495635986,0.4275006055831909,12.557221861067948,False,2.410903573036194,False,False
380.0,KL0010,51.7604877137788,3.387239177798215,161.54456244810638,164.10926059062885,77.06176960883826,5.71149777182498,-0.5863439440727234,-0.07895070314407349,12.557221861067948,False,-26.385477483272552,False,False
390.0,KL001,52.18109434152201,4.0119291470528795,156.6942314373582,159.19180821640995,110.90125851348039,-31.18534818268776,0.5433540344238281,0.25260305404663086,17.626569341952425,False,24.450931549072266,False,False
390.0,KL002,52.71682151380581,4.479936007610427,162.99999999999994,165.5846750214427,145.370117439493,165.44160378435947,-0.29202258586883545,0.1939183473587036,22.33506837950451,False,-13.141016364097595,False,False
390.0,KL003,52.23616978523932,3.0115880373452244,162.99999999999994,165.5846750214427,54.175930682288104,5.464185321769833,-0.24734270572662354,0.09425747394561768,18.76995396664818,False,5.0,True,False
390.0,KL004,52.89789851991434,2.9484602317508704,161.8988974076357,164.4684660630184,66.11936096052831,-48.37018533510022,0.6238082647323608,0.37038707733154297,39.79723464321723,False,28.071371912956238,False,False
390.0,KL005,52.27269166120644,3.5565713546508464,157.78354891125113,160.29627308480374,71.42350558559798,-40.8897714651595,-0.5534283518791199,-0.3019256591796875,17.626569341952425,False,-24.904275834560394,False,False
390.0,KL006,51.95684083218133,3.668127591230906,159.9317966436005,162.4742696020835,42.90827202059792,-34.35591728529619,-0.16237175464630127,-0.2748023271560669,14.562702533575361,False,-7.306728959083557,False,False
390.0,KL007,51.784143367683775,3.9439581579352265,161.334215985171,163.8960206754913,62.61422735794144,-6.428099354229317,-0.8705334067344666,0.2164057493209839,14.562702533575361,False,-5.0,True,False
390.0,KL008,52.50030488026616,4.978073550233923,139.48281463933955,141.73561243903657,55.49758797030396,78.55166090538512,-0.9300943613052368,-0.13449621200561523,22.33506837950451,False,5.0,True,False
390.0,KL009,51.952267676949155,3.224635927035971,162.99999999999994,165.5846750214427,66.53142198146453,-18.675148342805358,-0.058741867542266846,0.4027782678604126,12.441827047266495,False,-2.643384039402008,False,False
390.0,KL0010,51.77412292448502,3.3960570397301506,161.2732781008038,163.83424425416538,75.43080140434844,-10.347059779877469,0.7969094514846802,0.21955370903015137,12.441827047266495,False,35.86092531681061,False,False
400.0,KL001,52.16679437970344,4.013822091205914,157.56006809714526,160.06968810573605,109.42772571949156,-15.135635092573779,-0.6541277766227722,0.028046250343322754,17.322997438428853,False,-29.43574994802475,False,False
400.0,KL002,52.728629081578866,4.465054610872277,162.99999999999994,165.5846750214427,146.89572309557505,152.5547779815514,0.22315609455108643,0.4701423645019531,22.579274790130786,False,10.04202425479889,False,False
400.0,KL003,52.25061737724497,3.0174627711152517,162.99999999999994,165.5846750214427,52.545983742923944,10.773286586093406,-0.6439971923828125,-0.1679368019104004,18.93210455520439,False,0.0,True,False
400.0,KL004,52.899957323695475,2.972827859657074,162.99999999999994,165.5846750214427,64.85134542611198,-33.47873643913357,-0.6600330471992493,0.14125466346740723,39.02066940650652,False,-29.701487123966217,False,False
400.0,KL005,52.259268309671775,3.564501467913739,156.74755565009835,159.24587490050172,70.41692952955606,-58.33610471726337,0.9553779363632202,0.6289832592010498,17.43734350217748,False,42.99200713634491,False,False
400.0,KL006,51.97135626584405,3.668542218259212,158.98881946447193,161.51825437005982,41.68827522003278,-43.09497762736186,0.9088641405105591,-0.10344439744949341,14.719737000053172,False,40.89888632297516,False,False
400.0,KL007,51.769555000174236,3.9398851704986906,162.07589467127318,164.64789455242988,60.99913251899343,-11.721716797410778,-0.8076492547988892,0.29207539558410645,15.74764853130873,False,0.0,True,False
400.0,KL008,52.51244454031455,4.971929562161388,139.02109998056378,141.26719382412267,55.33807823818585,85.00514671789927,-0.9658442139625549,0.35290563106536865,22.579274790130786,False,0.0,True,False
400.0,KL009,51.96534423091548,3.236196626840772,162.99999999999994,165.5846750214427,64.98743124196088,-21.844443000744604,0.04915320873260498,0.422055721282959,12.377054179577417,False,2.211894392967224,False,False
400.0,KL0010,51.78766785140175,3.4055181971537336,162.02575330695043,164.59706456320393,73.79054179079849,5.536025348821767,-0.6824773550033569,-0.11709672212600708,12.377054179577417,False,-30.711480975151062,False,False
410.0,KL001,52.152524559050676,4.016378477496803,157.65575600570395,160.16670534308622,107.97514699842881,-31.84405079561492,0.06132686138153076,0.5220293998718262,16.182806853811943,False,2.7597087621688843,False,False
410.0,KL002,52.74083541238798,4.451027885649985,162.99999999999994,165.5846750214427,148.4518108295186,162.81940765673892,-0.209936261177063,0.399456262588501,22.81133517519342,False,-9.447131752967834,False,False
410.0,KL003,52.26498152202242,3.0235454594764057,162.42352193433334,165.0002935242348,50.92609421274928,11.11845356358603,-0.6448385715484619,-0.005254566669464111,19.113815294645104,False,5.0,True,False
410.0,KL004,52.90242184730615,2.997096266673185,162.99999999999994,165.5846750214427,63.631645890680474,-50.30366208001354,0.6161918640136719,0.6371512413024902,38.28436951215188,False,27.728633880615234,False,False
410.0,KL005,52.24554625564905,3.571929055499839,158.90423572898214,161.43249959039827,69.38591444270894,-43.10359479676197,0.9344496726989746,0.396631121635437,16.03587836252568,False,42.05023527145386,False,False
410.0,KL006,51.985637168060265,3.672069468061254,158.63353900460046,161.15805341489917,40.36647525688958,-28.113173658508572,-0.5996733903884888,-0.3509224057197571,14.616321529739727,False,-26.985302567481995,False,False
410.0,KL007,51.75485804967682,3.936015496961891,162.99999999999994,165.5846750214427,59.37956416821902,-12.04811942444752,-0.7702023386955261,0.07004153728485107,16.962770805953593,False,0.0,True,False
410.0,KL008,52.5247193131287,4.96588600015148,140.230993146129,142.49463938555394,55.22444665427241,86.47965612133572,-0.957022488117218,0.37693703174591064,22.81133517519342,False,0.0,True,False
410.0,KL009,51.978158658019886,3.248510110508777,162.99999999999994,165.5846750214427,63.42805633182882,-20.134524185105477,-0.0678790807723999,0.4032832384109497,12.266519168908614,False,-3.0545586347579956,False,False
410.0,KL0010,51.80133806432663,3.4143393799982746,161.62364082792024,164.18942633386277,72.15626785926177,-10.494637105556706,-0.6124860048294067,0.20666110515594482,12.266519168908614,False,-27.561870217323303,False,False
420.0,KL001,52.1382323397811,4.02089987029716,159.44562139295695,161.9813762208328,106.56758444488106,-29.51328267025221,-0.33684641122817993,0.5127880573272705,15.23463473788599,False,-15.158088505268097,False,False
420.0,KL002,52.752356882553066,4.43548969636776,162.99999999999994,165.5846750214427,149.96365940250107,153.63595557914465,-0.3035183548927307,0.5553586483001709,23.06153662507766,False,-13.658325970172882,False,False
420.0,KL003,52.27900906430434,3.031432001246466,162.40498503118303,164.9815022839727,49.33922653293239,16.63002143764254,-0.7846587300300598,0.026413798332214355,19.21313536570945,False,0.0,True,False
420.0,KL004,52.90448121232972,3.021469888641079,162.99999999999994,165.5846750214427,62.40098142857743,-35.49040793745826,-0.4823882579803467,0.20850014686584473,37.55539153521254,False,-21.7074716091156,False,False
420.0,KL005,52.23096663796596,3.5728349026155874,160.26402787326757,162.8110868566955,68.05440824885214,-27.779341082416778,-0.08129227161407471,0.20469415187835693,14.376335291306384,False,-3.658152222633362,False,False
420.0,KL006,51.99986930648044,3.6748910432115642,157.42950249618167,159.93730812000936,39.10425560622005,-45.89769054907032,0.9435690641403198,-0.19618076086044312,14.376335291306384,False,42.46060788631439,False,False
420.0,KL007,51.74016054746719,3.932146937335923,162.99999999999994,165.5846750214427,57.76197039516446,-12.392828219204148,-0.7911044359207153,0.10867953300476074,18.278294703457657,False,0.0,True,False
420.0,KL008,52.537106207083,4.959785521468315,141.52330120284634,143.8056421243522,55.14699260589625,87.97279438482377,-0.9616111516952515,0.347700834274292,23.06153662507766,False,0.0,True,False
420.0,KL009,51.991333403014444,3.2597791768923083,162.99999999999994,165.5846750214427,61.904484971177894,-23.786486117575578,-0.1701343059539795,0.45946526527404785,12.024328820112837,False,-7.656043767929077,False,False
420.0,KL0010,51.81604488559223,3.41677107813525,162.3318981036011,164.9074124405344,70.60455024365919,-26.81941555093158,0.8106405735015869,0.5162795782089233,12.024328820112837,False,36.47882580757141,False,False
430.0,KL001,52.12440769435401,4.028919471726923,161.2037867424889,163.76379649599008,105.29432163003467,-45.22652091653859,0.36612486839294434,0.34695887565612793,14.537668897024403,False,16.475619077682495,False,False
430.0,KL002,52.761902621444,4.416688508847763,162.99999999999994,165.5846750214427,151.32674589228714,140.33977301708103,0.20286273956298828,0.5295605659484863,23.343381688224696,False,9.128823280334473,False,False
430.0,KL003,52.293000196340735,3.039545546726982,162.49505885598822,165.07281185804257,47.75997651366667,17.19395236898501,-0.7970878481864929,-0.3134545087814331,19.231355781933818,False,0.0,True,False
430.0,KL004,52.9069457359404,3.045740829696916,162.99999999999994,165.5846750214427,61.22226251350668,-52.394508759484836,0.5961867570877075,0.6997175216674805,36.862263201290716,False,26.82840406894684,False,False
430.0,KL005,52.21626770445355,3.5721420586582715,160.96554355036142,163.52227308092347,66.66415361436393,-32.16941067500434,0.41383862495422363,0.34049272537231445,12.761302601412114,False,18.622738122940063,False,False
430.0,KL006,52.01398093468204,3.67837294115663,156.75617588228008,159.25461514894323,37.843414475097156,-30.882714609338763,0.005241751670837402,-0.3154347538948059,12.761302601412114,False,0.2358788251876831,False,False
430.0,KL007,51.72546304525756,3.928279635833051,162.99999999999994,165.5846750214427,56.14658794229973,-12.757386326222559,-0.7560471296310425,0.08261847496032715,19.644582306209216,False,-20.0,True,False
430.0,KL008,52.54959804334424,4.95363161520697,142.71533591395357,145.01487182306403,55.10690274522681,89.48179835078281,-0.9404625296592712,0.7835943698883057,23.343381688224696,False,0.0,True,False
430.0,KL009,52.00518325380834,3.2686201631470793,162.99999999999994,165.5846750214427,60.47248568342608,-32.2225020327798,-0.04898834228515625,0.5441370010375977,11.87574341234295,False,-2.2044754028320312,False,False
430.0,KL0010,51.83076614456385,3.419860656609296,162.99999999999994,165.5846750214427,69.03603622325443,-11.419395564677615,-0.5655258297920227,-0.020584702491760254,11.87574341234295,False,-25.44866234064102,False,False
440.0,KL001,52.11028978704824,4.03607716320919,162.3932143262047,164.96957007163758,103.98050347510735,-29.885253674898422,-0.47883880138397217,0.5113387107849121,13.880358514113858,False,-21.547746062278748,False,False
440.0,KL002,52.771798633528824,4.398334220149913,162.99999999999994,165.5846750214427,152.72473140158934,149.80908161788216,-0.3030465245246887,0.54152512550354,23.618824618084382,False,-13.637093603610992,False,False
440.0,KL003,52.306900782740115,3.0476091218348653,161.41951098557223,163.98248915553577,46.19584074960784,17.792357495148252,-0.8285614252090454,-0.24028009176254272,19.204782509491775,False,5.0,True,False
440.0,KL004,52.90900510096397,3.070116996961164,162.99999999999994,165.5846750214427,60.0337615145832,-37.66358756100007,-0.46655064821243286,0.3392653465270996,36.15993201257532,False,-20.99477916955948,False,False
440.0,KL005,52.201736406366166,3.567894187472525,162.1327954090649,164.7055766365206,65.1635327050339,-16.835632912995692,-0.7631552219390869,0.2511727809906006,11.307600272021855,False,-34.34198498725891,False,False
440.0,KL006,52.02763580427103,3.6848512556656092,155.6738547316004,158.1572047485881,36.48921089810451,-31.909658121800334,0.25488758087158203,-0.3552178144454956,11.307600272021855,False,11.469941139221191,False,False
440.0,KL007,51.71061915510086,3.928048186736996,162.99999999999994,165.5846750214427,54.61500309394621,-29.21742743622312,0.8957946300506592,0.06885230541229248,20.459434632932396,False,40.31075835227966,False,False
440.0,KL008,52.56230649902312,4.947369195454174,145.40231893387227,147.74044005502387,55.1053825117931,91.01813577859349,-0.9490216374397278,0.7898674011230469,23.618824618084382,False,0.0,True,False
440.0,KL009,52.01935901323011,3.2760299224773832,162.99999999999994,165.5846750214427,59.10846378433064,-35.32960092702842,0.05430245399475098,0.4601938724517822,11.757810996165574,False,2.443610429763794,False,False
440.0,KL0010,51.8455281463748,3.4222891572508587,162.92888462388865,165.51258531197064,67.4874942151237,-27.72850615569007,0.802119255065918,0.47580885887145996,11.757810996165574,False,36.09536647796631,False,False
450.0,KL001,52.096241296009055,4.043884858406786,162.99999999999994,165.5846750214427,102.69914352443088,-46.28849355884111,0.2976415157318115,0.2850431203842163,13.329976548879952,False,13.393868207931519,False,False
450.0,KL002,52.78041695227608,4.378338332991378,162.99999999999994,165.5846750214427,154.02314470324882,136.56122594734995,0.6047229766845703,-0.01411658525466919,23.900689868069897,False,27.212533950805664,False,False
450.0,KL003,52.32030252239646,3.0573673177639344,160.59492746198998,163.14655016449896,44.69051001241686,23.580733839657057,-0.8915685415267944,-0.3622016906738281,19.14932512722055,False,0.0,True,False
450.0,KL004,52.91146962457464,3.0943904727373184,162.99999999999994,165.5846750214427,58.901009935976084,-54.65336682553628,0.6986963748931885,0.7487709522247314,35.51959343762891,False,31.44133687019348,False,False
450.0,KL005,52.18705970541478,3.564268552695265,162.99370949858053,165.57829834285135,63.68084585066422,-33.30320662252569,0.4816082715988159,0.4504934549331665,10.022471141855435,False,21.672372221946716,False,False
450.0,KL006,52.040468868335836,3.694299924934606,154.45509597198716,156.92140525694387,35.0600214254564,-21.471003905859106,-0.43049436807632446,0.20208191871643066,10.022471141855435,False,-19.3722465634346,False,False
450.0,KL007,51.69578488166399,3.9271558787726017,162.99999999999994,165.5846750214427,53.073428318093995,-14.021786725195767,-0.7662582993507385,0.05320942401885986,21.09385876848105,False,-20.0,True,False
450.0,KL008,52.57525055654041,4.94098880970644,148.11080757771578,150.48757603355148,55.144547102606325,92.58189422199422,-0.9513912200927734,0.7065532207489014,23.900689868069897,False,-5.0,True,False
450.0,KL009,52.033340683339546,3.2843587378100003,162.99999999999994,165.5846750214427,57.72199212755813,-33.777305634531274,0.5960781574249268,0.19839000701904297,11.629288850869337,False,26.823517084121704,False,False
450.0,KL0010,51.86024963492455,3.425377892879426,162.99999999999994,165.5846750214427,65.92755098743018,-12.370033715654074,-0.6151372790336609,-0.018909335136413574,11.629288850869337,False,-27.68117755651474,False,False
460.0,KL001,52.08208280079699,4.051191879117631,162.99999999999994,165.5846750214427,101.4048965872742,-33.47355619662329,-0.16421043872833252,-0.4783191680908203,13.01271559623675,False,-7.389469742774963,False,False
460.0,KL002,52.78974861299182,4.359259465091053,162.95106785124926,165.5350724855775,155.38639378933604,152.74120010442925,0.5829472541809082,0.43229126930236816,24.131806630471136,False,5.0,True,False
460.0,KL003,52.333550194572304,3.067260328244897,159.35220098962495,161.88666393739342,43.211345058232496,24.43576700969149,-0.903711199760437,-0.0013873577117919922,19.190584351392133,False,0.0,True,False
460.0,KL004,52.91352898959821,3.1187691859815763,162.99999999999994,165.5846750214427,57.75990959907459,-40.011479939656965,-0.40308719873428345,0.6492946147918701,34.87276264429025,False,-18.138923943042755,False,False
460.0,KL005,52.17244938940488,3.5599848937867296,162.99999999999994,165.5846750214427,62.18637164798063,-18.116396043025844,-0.4403992295265198,0.6437385082244873,8.830272717604608,False,-19.81796532869339,False,False
460.0,KL006,52.05385708651264,3.701627105224482,155.14767110816044,157.62367040257422,33.71548311954078,-39.44976025485093,0.7011559009552002,0.034366607666015625,8.830272717604608,False,31.55201554298401,False,False
460.0,KL007,51.680940991507285,3.9269245816338043,162.99999999999994,165.5846750214427,51.55621594610961,-30.557081348307065,0.9592195749282837,0.19220495223999023,21.898515127311914,False,43.164880871772766,False,False
460.0,KL008,52.588056790438905,4.932814483243196,150.53355108727686,152.94467738716054,55.10596192278278,89.17218005994857,-0.9594211578369141,0.5600258111953735,24.131806630471136,False,5.0,True,False
460.0,KL009,52.046334327224535,3.2960288374931612,162.99999999999994,165.5846750214427,56.227900279455355,-18.664427472037772,0.0645442008972168,-0.28500688076019287,11.383142166151043,False,2.904489040374756,False,False
460.0,KL0010,51.875012331894254,3.4278053230575565,162.93463050844733,165.51840992618497,64.38887153327683,-28.72448191699499,0.7381696701049805,0.5551846027374268,11.383142166151043,False,33.21763515472412,False,False
470.0,KL001,52.06811309794256,4.058842154509445,161.35902629441793,163.9211723493024,100.1495097896602,-41.46511294637881,0.3386251926422119,-0.46878671646118164,12.890635914871474,False,15.238133668899536,False,False
470.0,KL002,52.80124280314699,4.343608601933077,162.99999999999994,165.5846750214427,156.91680486260324,157.9791774777218,0.6730564832687378,0.27182888984680176,24.353322887326662,False,0.0,True,False
470.0,KL003,52.34679441053972,3.077153720193721,159.3469369210083,161.88132706443687,41.74286574441138,25.35094196022601,-0.8984852433204651,-0.12207132577896118,19.36605398524518,False,0.0,True,False
470.0,KL004,52.91599351320889,3.143045197158885,162.99999999999994,165.5846750214427,56.67871761028576,-57.09340885924304,0.8853976726531982,0.8916103839874268,34.259223473835185,False,39.84289526939392,False,False
470.0,KL005,52.15777210903292,3.5563616199523027,162.99999999999994,165.5846750214427,60.720576300581136,-34.64594762990899,0.8705441951751709,0.8253296613693237,7.844989947380689,False,39.17448878288269,False,False
470.0,KL006,52.06711961741171,3.7095888515794675,155.26504314219287,157.74268295310776,32.36603439292312,-24.24153112251247,-0.39262497425079346,0.17773711681365967,7.844989947380689,False,-17.668123841285706,False,False
470.0,KL007,51.66610671807042,3.9260328582727,162.99999999999994,165.5846750214427,50.029282331696024,-15.440819879326028,-0.8352963924407959,0.16945266723632812,22.772550926318395,False,-25.0,True,False
470.0,KL008,52.60135560280032,4.926051390690082,152.45375259332792,154.8919662720754,55.21894546043496,95.77821178354088,-0.9561363458633423,0.6117360591888428,24.353322887326662,False,-5.0,True,False
470.0,KL009,52.05786901524,3.3111164973599383,162.0220152700415,164.59327518570956,54.64451813899618,-16.23094648388232,0.000736236572265625,0.31904125213623047,10.851924829881868,False,0.033130645751953125,False,False
470.0,KL0010,51.889734031277676,3.4308934474545616,162.99999999999994,165.5846750214427,62.838799484383976,-13.41353362193405,-0.7158511877059937,0.27449262142181396,11.024191352149058,False,-32.213303446769714,False,False
480.0,KL001,52.05383283807247,4.06343543070053,159.7507505493005,162.29072273895693,98.79432620525691,-26.73864123313922,-0.7971979379653931,-0.5016795992851257,12.888209699960882,False,-15.0,True,False
480.0,KL002,52.81282951439178,4.328134109216536,162.99999999999994,165.5846750214427,158.4560621602877,158.20718620321395,0.6627320051193237,0.33341872692108154,24.52668174631049,False,-5.0,True,False
480.0,KL003,52.36000385823724,3.0870240927187567,158.92777191398284,161.45636165454763,40.28962001854339,26.329910943907294,-0.9133545160293579,0.037215590476989746,19.541009107965305,False,0.0,True,False
480.0,KL004,52.91805287823246,3.1674264570670525,162.99999999999994,165.5846750214427,55.5908843972124,-42.547137565627224,-0.24955785274505615,0.7040045261383057,33.6333363600906,False,-11.230103373527527,False,False
480.0,KL005,52.14316179302302,3.552080779189701,162.99999999999994,165.5846750214427,59.243312795955276,-19.524536265392356,-0.3851187825202942,0.7229311466217041,7.147457064400143,False,-17.33034521341324,False,False
480.0,KL006,52.08056846344661,3.7169663610032218,155.87412212495084,158.36026729519094,31.0574549660749,-42.38382929410744,0.6867225170135498,-0.12460196018218994,7.147457064400143,False,30.90251326560974,False,False
480.0,KL007,51.65126282791371,3.925801712829781,162.99999999999994,165.5846750214427,48.52915707253008,-32.0647713897755,0.9047145843505859,0.20482301712036133,23.78801520634298,False,40.71215629577637,False,False
480.0,KL008,52.61450904970516,4.91765696323864,154.5512948481211,157.01895108373483,55.2679329205047,92.4076880525621,-0.9604114890098572,0.490830659866333,24.52668174631049,False,0.0,True,False
480.0,KL009,52.06944488741284,3.3263512337906667,162.99999999999994,165.5846750214427,53.05439281615607,-16.695028517699086,-0.058133065700531006,0.43897759914398193,9.42768761009084,False,-2.6159879565238953,False,False
480.0,KL0010,51.90450275032489,3.43332225807962,162.99999999999994,165.5846750214427,61.31087950064456,-29.814291279053293,0.7727017402648926,0.44698381423950195,10.66385133648762,False,34.771578311920166,False,False
490.0,KL001,52.039832904365305,4.068925498272025,158.02966960244657,160.54581036143594,97.4997570207933,-42.291056059351405,0.2005976438522339,-0.09034103155136108,13.1030480775196,False,9.026893973350525,False,False
490.0,KL002,52.823653604646836,4.311217949544249,162.99999999999994,165.5846750214427,159.9462552845686,153.4735489702947,0.7368478775024414,0.14755010604858398,24.71379484031525,False,0.0,True,False
490.0,KL003,52.373223851058576,3.0969052996045594,159.0549028934654,161.58525253307116,38.84786964456207,27.382679855391984,-0.8572718501091003,-0.2973023056983948,19.68174592567031,False,0.0,True,False
490.0,KL004,52.92028953870783,3.1917982765967223,162.99999999999994,165.5846750214427,54.545672562913786,-55.119192396747565,0.862250566482544,0.8789353370666504,33.02747186620094,False,38.80127549171448,False,False
490.0,KL005,52.128484512651056,3.5484598881468616,162.99999999999994,165.5846750214427,57.79706035004194,-36.125410077685586,0.8709719181060791,0.882331132888794,6.832429446308771,False,39.19373631477356,False,False
490.0,KL006,52.093841915930696,3.7249626373551044,155.44628901301851,157.92646115839037,29.751714946450736,-27.452567630780067,-0.4936649799346924,0.01517188549041748,6.832429446308771,False,-22.214924097061157,False,False
490.0,KL007,51.63642855447684,3.9249105730675127,162.99999999999994,165.5846750214427,47.01978550156811,-17.04259262886609,-0.10430580377578735,0.02286243438720703,24.802839033637774,False,-4.693761169910431,False,False
490.0,KL008,52.627767712141036,4.9089753506400315,156.23417006147304,158.72533690652122,55.349192155491025,94.05255563297095,-0.9164966940879822,-0.08525830507278442,24.71379484031525,False,-5.0,True,False
490.0,KL009,52.08142089530918,3.3407504488452457,162.99999999999994,165.5846750214427,51.49117508254393,-19.915341207238697,0.39803528785705566,0.4606294631958008,8.164464681498336,False,17.911587953567505,False,False
490.0,KL0010,51.91922444970831,3.436412410307767,162.99999999999994,165.5846750214427,59.77218381295045,-14.557831303701988,0.777881383895874,-0.15890777111053467,10.360468144986548,False,35.00466227531433,False,False
500.0,KL001,52.025793655832,4.074093452893467,157.71933184102178,160.23116421599516,96.20179400684681,-33.820307356773895,-0.23196375370025635,-0.2797548770904541,13.52920540769295,False,5.0,True,False
500.0,KL002,52.834380950429775,4.294123144707865,162.99999999999994,165.5846750214427,161.43321804653212,153.7401923470752,0.6850188970565796,0.2989065647125244,24.86641367449385,False,-5.0,True,False
500.0,KL003,52.38636026207813,3.106726963011029,158.03476197210188,160.55097339939104,37.4292209942505,28.508745418372996,-0.8567408323287964,-0.18931007385253906,19.944986250313786,False,0.0,True,False
500.0,KL004,52.92116503484292,3.2163768067460308,162.99999999999994,165.5846750214427,53.41623297433611,-40.58352605713651,-0.0070950984954833984,0.6513258218765259,32.35733052134053,False,-0.31927943229675293,False,False
500.0,KL005,52.113874196641156,3.544181860707541,162.99999999999994,165.5846750214427,56.339763227819944,-21.078839460592576,-0.5195428133010864,0.787631630897522,6.949204588202001,False,-23.37942659854889,False,False
500.0,KL006,52.1072562813327,3.7323356004857247,155.49782936789475,157.9787214149042,28.500468093060753,-45.92062940029453,0.9196746349334717,-0.2431773543357849,6.949204588202001,False,41.385358572006226,False,False
500.0,KL007,51.621596652740095,3.9228092383987705,162.99999999999994,165.5846750214427,45.48222017832572,-22.49618284678681,0.23281395435333252,0.1334073543548584,24.90909443281922,False,10.476627945899963,False,False
500.0,KL008,52.64055268079415,4.898622935907097,155.94126985510124,158.42835189725596,55.35171237653193,90.6964135424837,-0.9046549797058105,-0.13330429792404175,24.86641367449385,False,-5.0,True,True
500.0,KL009,52.09190606386514,3.3578521504514516,162.99999999999994,165.5846750214427,49.87164303857062,-4.459748121985086,-0.44890356063842773,0.6134463548660278,6.997198779089993,False,-20.200660228729248,False,False
500.0,KL0010,51.93281974959875,3.445875209483782,162.4544881391387,165.03168457579528,58.13531171284884,1.1547723588491863,-0.796941339969635,0.0032721757888793945,10.090307524268624,False,-35.862360298633575,False,False
510.0,KL001,52.01155743203702,4.076611955623949,156.75937628923467,159.25786011329504,94.81980076533881,-29.295823558340913,-0.924056887626648,-0.2688276767730713,14.029504979633264,False,5.0,True,False
510.0,KL002,52.84427285358493,4.275701420297372,162.99999999999994,165.5846750214427,162.863172847426,149.04238726279988,0.7639173269271851,0.18650496006011963,25.00144823561597,False,0.0,True,False
510.0,KL003,52.399441737622524,3.1165104571920486,157.38499732785812,159.8921843544988,36.03199743206346,29.717744862692825,-0.8783833384513855,-0.044437408447265625,20.183847181003674,False,0.0,True,False
510.0,KL004,52.920276676132595,3.24103159184795,162.99999999999994,165.5846750214427,52.171764887343386,-42.09819904857429,-0.033944129943847656,0.7471036911010742,31.59825346579296,False,-1.5274858474731445,False,False
510.0,KL005,52.09919691626919,3.5405633483794756,162.99999999999994,165.5846750214427,54.91616804174903,-37.76128622884687,0.030400753021240234,0.9375035762786865,6.128924636654929,False,1.3680338859558105,False,False
510.0,KL006,52.12045813676909,3.7403155159204826,154.66332811690714,157.13255260336396,27.259595709445765,-31.21270875453905,-0.4108712077140808,0.033806562423706055,7.4754282478511715,False,-18.489204347133636,False,False
510.0,KL007,51.60705751962266,3.9177998460990393,162.99999999999994,165.5846750214427,43.888121208835834,-12.579745683405775,-0.35473406314849854,0.17785382270812988,24.991658860929185,False,-15.963032841682434,False,False
510.0,KL008,52.652705346827176,4.886504986499092,155.4835907603903,157.9642839357455,55.26171497413682,87.33480664853147,-0.9340832829475403,-0.36712646484375,25.00144823561597,False,-42.03374773263931,False,False
510.0,KL009,52.102677400773736,3.3744797369258817,162.99999999999994,165.5846750214427,48.2642269566334,-20.72796814500441,0.3281583786010742,0.5549583435058594,6.128924636654929,False,14.76712703704834,False,False
510.0,KL0010,51.94657235761574,3.4547267101118906,162.46519468098407,165.04253800004548,56.50425333930992,-14.939274768513542,0.6553629636764526,0.209253191947937,9.69688391460538,False,29.49133336544037,False,False
520.0,KL001,51.99732476568747,4.077099210840993,155.83690000294564,158.32252576689484,93.38776593608692,-24.70674410920347,-0.9352495074272156,-0.029833495616912842,14.662645487627465,False,5.0,True,False
520.0,KL002,52.85405919232726,4.257115617360739,162.99999999999994,165.5846750214427,164.28987027313534,149.3442310539317,0.6689653396606445,0.06840109825134277,25.08479265643713,False,-5.0,True,False
520.0,KL003,52.4125105295507,3.1262873620549354,157.2320939031879,159.73715512263792,34.65343540133468,31.022334572358545,-0.860347330570221,-0.07151985168457031,20.445219491413006,False,0.0,True,False
520.0,KL004,52.91978487839207,3.265716510230646,162.99999999999994,165.5846750214427,50.98172821073093,-44.91468351008203,0.6347737312316895,0.820367693901062,30.877220780578913,False,28.564817905426025,False,False
520.0,KL005,52.08432404767369,3.5393549819074814,162.99999999999994,165.5846750214427,53.59577097541026,-37.44806091203432,0.07638847827911377,0.9110238552093506,5.719831377627591,False,3.4374815225601196,False,False
520.0,KL006,52.133806459041054,3.747676437483395,154.77878094265037,157.24962108688283,26.083149238607067,-50.10197747258175,0.9329438209533691,-0.1400822401046753,8.236242858307982,False,41.98247194290161,False,False
520.0,KL007,51.59230360858845,3.9151623460783482,162.99999999999994,165.5846750214427,42.355513397718866,-29.216573096991596,0.9722023010253906,0.5765981674194336,25.050119833482817,False,43.74910354614258,False,False
520.0,KL008,52.66332591323801,4.871353784115321,154.22399037990252,156.68706246240038,54.95461218850235,72.21463632356989,-0.7771968245506287,-0.13448721170425415,25.08479265643713,False,-34.97385710477829,False,False
520.0,KL009,52.11318409712652,3.3915618612978062,162.99999999999994,165.5846750214427,46.64992484721397,-6.385798650265599,-0.4275650382041931,0.5667176246643066,5.719831377627591,False,-19.24042671918869,False,False
520.0,KL0010,51.96021637291881,3.464216350654107,162.99999999999994,165.5846750214427,54.8631455988895,0.6976816978926195,-0.5978046655654907,0.47453856468200684,7.951807154242448,False,-26.901209950447083,False,False
530.0,KL001,51.98312950756855,4.075570831031085,155.734087462427,158.21827830246204,91.90698937578487,-20.05035775933689,-0.9412499666213989,-0.2632514238357544,15.369128270482426,False,5.0,True,False
530.0,KL002,52.86294362502667,4.237328007451516,162.99999999999994,165.5846750214427,165.65218215399912,144.67887440517018,0.8883020877838135,0.3227396011352539,25.1286219108868,False,0.0,True,False
530.0,KL003,52.425558932975264,3.136051904635596,156.9863082944669,159.4879506376628,33.296425177398184,32.4319228645586,-0.8492078185081482,0.019284486770629883,20.669474876865035,False,0.0,True,False
530.0,KL004,52.91705537857529,3.2899167230252964,162.99999999999994,165.5846750214427,49.656039572358765,-30.22104068302113,-0.8302794098854065,0.23245394229888916,30.036671575950837,False,-37.36257344484329,False,False
530.0,KL005,52.06951718279686,3.53678783457131,162.99999999999994,165.5846750214427,52.238296306056256,-35.03620970799932,-0.05932188034057617,0.9220314025878906,5.776394255821196,False,-2.6694846153259277,False,False
530.0,KL006,52.14697404944197,3.755654911103596,154.29785972764046,156.7619667354152,24.921146412757295,-35.73774920582889,-0.01638054847717285,-0.11881399154663086,9.314755326290742,False,-0.7371246814727783,False,False
530.0,KL007,51.57760055968681,3.9118714020635275,162.99999999999994,165.5846750214427,40.81482480545323,-14.208352244617998,-0.26189911365509033,0.16962158679962158,25.09596270211617,False,-11.785460114479065,False,False
530.0,KL008,52.67082291565682,4.851858046753058,153.7622597849776,156.2188585986882,54.25873694499253,56.911621439960356,-0.903628408908844,-0.13113915920257568,25.1286219108868,False,-40.66327840089798,False,False
530.0,KL009,52.12414187929324,3.4078712601004786,162.99999999999994,165.5846750214427,45.05650714150773,-22.75406686780991,0.5283925533294678,0.4945482015609741,5.776394255821196,False,23.77766489982605,False,False
530.0,KL0010,51.97401667581654,3.4730934007715795,162.99999999999994,165.5846750214427,53.228442000137775,-15.371799226734794,-0.35817253589630127,-0.4824519157409668,6.198026639250183,False,-16.117764115333557,False,False
540.0,KL001,51.96915189380391,4.07205844812531,154.83073889724471,157.30230599351222,90.3943886958479,-15.319821664159406,-0.9289203882217407,-0.05060255527496338,16.06574375319634,False,0.0,True,False
540.0,KL002,52.87171447678149,4.21739225165712,162.99999999999994,165.5846750214427,167.0113180971828,145.01266685772214,0.9089696407318115,0.2052452564239502,25.193816997528028,False,0.0,True,False
540.0,KL003,52.43861278142445,3.1458234145397577,157.05194844674014,159.55450405314755,31.960719325625014,33.96093315202495,-0.7810475826263428,0.046959638595581055,20.91841880340025,False,0.0,True,False
540.0,KL004,52.91472983821944,3.3142309165603265,162.99999999999994,165.5846750214427,48.37950204742666,-47.27727968852449,0.8418679237365723,0.8366563320159912,29.236275028232715,False,37.88405656814575,False,False
540.0,KL005,52.05465765586023,3.5352102927144147,162.99999999999994,165.5846750214427,50.939937821863175,-38.84649691524933,0.30843567848205566,0.9642331600189209,4.536606141888912,False,13.879605531692505,False,False
540.0,KL006,52.15948191736765,3.7661239481010447,153.88988219198237,156.3482709634873,23.68001890991526,-38.72178887384055,0.4935678243637085,-0.16113805770874023,10.588637040643931,False,22.210552096366882,False,False
540.0,KL007,51.56285227940493,3.908927819758307,162.99999999999994,165.5846750214427,39.2907583034315,-26.906580799244523,0.8684594631195068,0.49548351764678955,25.136220705953253,False,39.08067584037781,False,False
540.0,KL008,52.67457193213089,4.829684094040778,153.31201322620694,155.76229260050738,53.22036742140687,41.32941506937135,-0.8887020349502563,-0.17492663860321045,25.193816997528028,False,-39.991591572761536,False,False
540.0,KL009,52.13481895213201,3.4246716650912057,162.99999999999994,165.5846750214427,43.45551175301782,-7.45792231168889,-0.4553031921386719,0.353995680809021,6.3078596469715595,False,-20.488643646240234,False,False
540.0,KL0010,51.98864398691552,3.47547140952225,161.34485251287123,163.90680355367604,51.73940898393964,-32.08635310411006,0.7625648975372314,-0.5104695558547974,4.536606141888912,False,34.315420389175415,False,False
550.0,KL001,51.95520695251567,4.068352635932716,154.65669943048306,157.12583114028948,88.88148901208586,-15.58959984779736,-0.9303919672966003,-0.27502381801605225,16.762916495626303,False,5.0,True,False
550.0,KL002,52.88048532853631,4.197452464365169,162.99999999999994,165.5846750214427,168.3760329262765,145.3410615704429,0.8478562831878662,0.530441403388977,25.3579802396895,False,-5.0,True,False
550.0,KL003,52.4516799483156,3.155607793997577,157.212503829306,159.71729262932968,30.648424465345382,35.62377766809254,-0.8103846311569214,0.09164130687713623,21.145424576697135,False,-5.0,True,False
550.0,KL004,52.91200033840266,3.3384283047427448,162.99999999999994,165.5846750214427,47.0969816407671,-32.711000280102326,-0.7861281633377075,0.33547043800354004,28.427673420379357,False,-35.37576735019684,False,False
550.0,KL005,52.040136537531005,3.5301493000087065,162.99999999999994,165.5846750214427,49.52520919533823,-25.936571334904414,-0.4817631244659424,0.9484822750091553,2.931593726567119,False,-21.679340600967407,False,False
550.0,KL006,52.17071403499214,3.779640608303422,153.3367502057181,155.78737695974587,22.33989148191999,-23.860662521880926,-0.43899333477020264,-0.315079927444458,12.087835720943389,False,-19.75470006465912,False,False
550.0,KL007,51.548329722402165,3.9039820537869243,162.99999999999994,165.5846750214427,37.72728397122782,-11.86910722439734,-0.5243105888366699,0.15073120594024658,25.18148142342812,False,-23.593976497650146,False,False
550.0,KL008,52.67426204296919,4.806759818036486,152.71159338996858,155.15343456928133,51.91265335156857,25.35035125483961,-0.9355821013450623,0.582836389541626,25.3579802396895,False,-42.1011945605278,False,False
550.0,KL009,52.14577673429873,3.4409889850709248,162.99999999999994,165.5846750214427,41.870870843062335,-23.908414187720524,0.5585410594940186,0.1205819845199585,7.144697435958542,False,25.134347677230835,False,False
550.0,KL0010,52.00306398066268,3.4785119948354857,159.5936202352298,162.13142105332244,50.25569101638354,-16.658178446086936,-0.08983659744262695,-0.3470228910446167,2.931593726567119,False,-4.042646884918213,False,False
560.0,KL001,51.94157025654229,4.06291726149423,153.71297936903994,156.1688868519616,87.35082953310604,-10.78809263581067,-0.9300414323806763,0.057271480560302734,17.55611825893178,False,0.0,True,False
560.0,KL002,52.88829467488248,4.176445173326288,162.99999999999994,165.5846750214427,169.6700020151405,140.69953719713624,0.8635907173156738,0.4587864875793457,25.68883777510808,False,0.0,True,False
560.0,KL003,52.46519771805988,3.163703813537327,157.52630014315187,160.0354509584614,29.29005374574861,32.23769408846124,-0.911025881767273,0.8728200197219849,21.451479114326727,False,0.0,True,False
560.0,KL004,52.909674798046815,3.3627396606908975,162.99999999999994,165.5846750214427,45.868786356444375,-49.903405012599535,0.8103539943695068,0.815293550491333,27.652254599886735,False,36.46592974662781,False,False
560.0,KL005,52.02546680215424,3.5264566729036413,162.99999999999994,165.5846750214427,48.17953863717629,-42.87966330190369,0.772447943687439,0.9936444759368896,1.6799818535030593,False,34.76015746593475,False,False
560.0,KL006,52.182113035869115,3.7925054496851405,152.25565683410764,154.69108198124155,21.064766477706865,-43.08969811049462,0.9354555606842041,-0.23016732931137085,12.421408310704589,False,42.095500230789185,False,False
560.0,KL007,51.53372778639967,3.899684157124609,162.99999999999994,165.5846750214427,36.18767823590392,-28.613625653226165,0.7926801443099976,0.5893540382385254,25.227961846461476,False,35.67060649394989,False,False
560.0,KL008,52.66989783880026,4.784690216565284,154.71001974842667,157.1798976982763,50.40930638569702,9.165629233335807,-0.9118078947067261,0.48775243759155273,25.68883777510808,False,-41.03135526180267,False,False
560.0,KL009,52.156453807137495,3.457797553179232,162.99999999999994,165.5846750214427,40.27872669796063,-8.699658803649868,-0.6766738891601562,-0.2088412642478943,8.262307606150603,False,-30.45032501220703,False,False
560.0,KL0010,52.0172742117289,3.4829792484464708,158.4029545580314,160.92427306142656,48.74872425348874,-21.3566979877817,0.23276114463806152,-0.18575561046600342,1.6799818535030593,False,10.474251508712769,False,False
570.0,KL001,51.927943478659,4.05728391830855,153.90891112115094,156.36756673261138,85.8163591126536,-10.985020243626906,-0.9477958083152771,-0.1147310733795166,18.43355457355565,False,5.0,True,False
570.0,KL002,52.89598328817184,4.155306882207337,162.99999999999994,165.5846750214427,170.9608863612611,141.05686887924696,0.8197402954101562,0.5761369466781616,26.241254699555515,False,0.0,True,False
570.0,KL003,52.47898858346723,3.171734996368139,160.51924680568675,163.06982607723728,27.926625317934054,34.013515308735464,-0.9143452048301697,0.754126787185669,21.751410138251774,False,-41.145534217357635,False,False
570.0,KL004,52.906945298230035,3.3869342251086856,162.99999999999994,165.5846750214427,44.63696796668473,-35.48114113168444,-0.7676052451133728,0.24861156940460205,26.861562290040695,False,-34.542236030101776,False,False
570.0,KL005,52.01086538877224,3.5221088124680104,162.99999999999994,165.5846750214427,46.82633827394572,-28.19495416874659,-0.5283161401748657,0.971489429473877,1.68336882257305,False,-23.774226307868958,False,False
570.0,KL006,52.19320791615979,3.805861902337296,151.4657854059054,153.8900782412915,19.806057308204117,-28.525651872270487,0.03557765483856201,-0.21230971813201904,12.314353018510182,False,1.6009944677352905,False,False
570.0,KL007,51.51920522939691,3.894741555083747,162.99999999999994,165.5846750214427,34.641357339017716,-13.723004236786494,-0.6409676671028137,0.2440427541732788,25.27446532884917,False,-28.843545019626617,False,False
570.0,KL008,52.6618078853231,4.765381771488173,156.38233730462196,158.8755693465747,48.82669011419739,-7.3308071350431305,-0.9343843460083008,0.4735046625137329,26.241254699555515,False,-42.047295570373535,False,False
570.0,KL009,52.167369874506655,3.47403879827488,162.283234899514,164.8580813619102,38.71229957520953,-25.320156384596515,0.3274843692779541,-0.22546696662902832,8.213137825271268,False,14.736796617507935,False,False
570.0,KL0010,52.03094194766546,3.490305606662323,157.76537922717748,160.27785108859626,47.19466800455302,-11.341718257082903,-0.2932394742965698,-0.3284827470779419,1.68336882257305,False,-13.195776343345642,False,False
580.0,KL001,51.91466783133083,4.049954634517092,153.51493770544425,155.96806610381012,84.26772362384706,-6.105598270713045,-0.9235485196113586,0.07957029342651367,19.240251098862796,False,0.0,True,False
580.0,KL002,52.9036719014612,4.134164840616838,162.99999999999994,165.5846750214427,172.25832268042893,141.40883327589995,0.9841588735580444,-0.32905077934265137,26.179542054571247,False,0.0,True,False
580.0,KL003,52.49354960322608,3.176294982641979,162.99999999999994,165.5846750214427,26.444988951752226,19.688423665011612,-0.6660310626029968,0.8462929725646973,22.181658000935865,False,-29.971397817134857,False,False
580.0,KL004,52.90461975787419,3.411242744321401,162.99999999999994,165.5846750214427,43.4654414119811,-52.826673980111934,0.9348052740097046,0.8207731246948242,26.119347491073302,False,42.06623733043671,False,False
580.0,KL005,51.996195653395475,3.518418600867069,162.99999999999994,165.5846750214427,45.52047693054609,-45.26975910461633,0.757420539855957,0.9917564392089844,3.044715288365932,False,34.083924293518066,False,False
580.0,KL006,52.20282890210379,3.821941882005686,150.73716142508016,153.1511660051927,18.4522391864277,-29.07722875914004,-0.3125094771385193,-0.19773751497268677,12.284128490216766,False,-14.062926471233368,False,False
580.0,KL007,51.50460329339442,3.8904464068059106,162.99999999999994,165.5846750214427,33.12272165427135,-30.638675635141027,0.7730804681777954,0.6420793533325195,25.325548366571034,False,34.78862106800079,False,False
580.0,KL008,52.65062432885141,4.750475992764122,158.00578500179336,160.52159429492892,47.295954530326064,-24.206273204144708,-0.23598337173461914,0.5299208164215088,27.05324306013206,False,-10.619251728057861,False,False
580.0,KL009,52.17797155877696,3.4906713545312478,161.5094521225484,164.0736674102263,37.14639769611962,-11.305355091453066,-0.3182671070098877,-0.8249406814575195,7.992841548916011,False,-14.322019815444946,False,False
580.0,KL0010,52.04487823745934,3.495344664427335,156.6383051268696,159.1351030957986,45.703791472313924,-25.21239473870378,0.544654369354248,-0.3327783942222595,3.044715288365932,False,24.509446620941162,False,False
590.0,KL001,51.901406091662096,4.042426918165836,153.7873466895864,156.24429740259498,82.7148941639871,-6.221559601171094,-0.7384294867515564,-0.5858635902404785,20.139816241874307,False,0.0,True,False
590.0,KL002,52.91130867111331,4.113161644879749,161.8709611409594,164.44014596217045,173.5533513594213,141.75320419822606,0.9836809635162354,-0.31113970279693604,24.547941228214448,False,0.0,True,False
590.0,KL003,52.50833730205334,3.174162031666393,162.99999999999994,165.5846750214427,24.826337031880417,4.58920186359569,-0.31017041206359863,0.8434631824493408,22.72221028450976,False,-13.957668542861938,False,False
590.0,KL004,52.901890258057406,3.4354344858218195,162.99999999999994,165.5846750214427,42.293284461511604,-38.566202780721994,0.5209547281265259,0.22569620609283447,24.547941228214448,False,23.442962765693665,False,False
590.0,KL005,51.98159424001347,3.5140735826363056,162.99999999999994,165.5846750214427,44.20903140070275,-30.725076561104828,0.7655231952667236,0.9129741191864014,4.633728305504405,False,34.44854378700256,False,False
590.0,KL006,52.21379217536507,3.8352726094339222,150.0585169742126,152.46292253011399,17.279262944692416,-46.24907766185805,0.9130194187164307,0.5406512022018433,12.199234560283408,False,41.08587384223938,False,False
590.0,KL007,51.490080736391654,3.8855069633745924,162.99999999999994,165.5846750214427,31.598758869968822,-15.936626891268133,-0.6405631303787231,0.30891478061676025,25.37723391996132,False,-28.82534086704254,False,False
590.0,KL008,52.63731047075119,4.740721929425443,159.82271389032664,162.3636802414958,45.9312412621391,-35.8950364828529,0.9630706310272217,0.6721855401992798,28.110636152671013,False,43.338178396224976,False,False
590.0,KL009,52.18885480206633,3.5062611429400325,158.67970076403265,161.20485475049256,35.635141606405284,-26.510840924433325,-0.2906709909439087,0.17874324321746826,7.833012376091187,False,-13.080194592475891,False,False
590.0,KL0010,52.05841772960987,3.502087696344492,155.49650213907006,157.97737564888013,44.19197889824482,-9.19323174884454,-0.18760639429092407,-0.38218194246292114,4.633728305504405,False,-8.442287743091583,False,False
600.0,KL001,51.888307364374725,4.034993911702804,151.77756501649145,154.20625460405387,81.18149775240444,-6.340450577841722,-0.7130174040794373,-0.013895571231842041,20.25766847491963,False,0.0,True,False
600.0,KL002,52.91889483979968,4.092293950093936,160.80335417241173,163.35784945349806,174.84591709336962,142.090232461107,0.9831690788269043,-0.13387030363082886,23.031132283604947,False,-5.0,True,False
600.0,KL003,52.52223593782668,3.1655650904682,162.99999999999994,165.5846750214427,23.1791938959423,-9.645428007024236,0.5648610591888428,0.9056824445724487,23.158950112930075,False,25.418747663497925,False,False
600.0,KL004,52.89528551561912,3.4574731590100645,162.99999999999994,165.5846750214427,40.868143593455756,-23.899535700386366,-0.6786028146743774,-0.4026469588279724,23.031132283604947,False,-30.537126660346985,False,False
600.0,KL005,51.96827574579765,3.5034313963938746,162.99999999999994,165.5846750214427,42.6853877260836,-15.735099990435913,-0.7568577527999878,0.4563150405883789,6.220656555739395,False,-34.05859887599945,False,False
600.0,KL006,52.22422740929363,3.850068487519161,151.9122723128556,154.34286051610778,16.075026973167684,-32.553286958402566,0.08666491508483887,-0.4086153507232666,12.323852879795039,False,3.899921178817749,False,False
600.0,KL007,51.47547880038916,3.881214558860055,162.99999999999994,165.5846750214427,30.10753360650815,-33.07290611386506,0.8604707717895508,0.6241289377212524,25.43891856826098,False,38.721184730529785,False,False
600.0,KL008,52.624509728038866,4.728658109954807,162.12755190043177,164.7002611302503,44.4809879542941,-20.932853533294775,-0.46933501958847046,0.4564718008041382,29.09851526459226,False,-21.12007588148117,False,False
600.0,KL009,52.20176612772152,3.5170878620335975,159.2922195430608,161.82585286304297,34.3216092819436,-41.13258547585065,-0.010556697845458984,0.5914802551269531,7.807294715445143,False,-0.4750514030456543,False,False
600.0,KL0010,52.071825272703855,3.5090748242564587,154.18526705006673,156.6477965341855,42.68760780448311,-18.209750930478975,0.19712436199188232,-0.401397705078125,6.220656555739395,False,8.870596289634705,False,False
610.0,KL001,51.87522275368869,4.027571078157763,151.72942649500624,154.15743744742792,79.65011686724611,-6.463784022138725,-0.7366079092025757,-0.3488595485687256,20.351664170982048,False,5.0,True,False
610.0,KL002,52.925457554476026,4.070575359708121,160.34371845212326,162.89187687463217,176.05975306711605,137.4535114733331,0.9771252870559692,-0.5369132161140442,21.509508557657842,False,0.0,True,False
610.0,KL003,52.53640179457285,3.1582711463339646,162.99999999999994,165.5846750214427,21.528810966415357,6.1057222328751095,-0.45850425958633423,0.8473367691040039,23.520698984763953,False,-20.63269168138504,False,False
610.0,KL004,52.88911700601949,3.479631170461632,161.61855372123136,164.18426928392265,39.49795839673908,-41.13911290800357,0.6641292572021484,0.3620479106903076,21.509508557657842,False,29.88581657409668,False,False
610.0,KL005,51.954781301396665,3.493392918901184,162.99999999999994,165.5846750214427,41.19051135150177,-32.5109246302537,0.9320769309997559,0.6582841873168945,7.85101154631142,False,41.943461894989014,False,False
610.0,KL006,52.232649581930524,3.867824622791616,150.51039188206462,152.9211907077644,14.75357199971422,-31.526448992116315,-0.04223048686981201,-0.4597547650337219,12.60997749177588,False,-1.9003719091415405,False,False
610.0,KL007,51.4609562433864,3.8762782687291275,162.99999999999994,165.5846750214427,28.613313660334388,-18.61691101192369,-0.6908431649208069,0.5435125827789307,25.502823121633046,False,-31.08794242143631,False,False
610.0,KL008,52.611429522648756,4.71709699253253,162.99999999999994,165.5846750214427,43.05719602362948,-37.845020589897615,0.9884887933731079,0.6350350379943848,30.11778922401091,False,44.481995701789856,False,False
610.0,KL009,52.215410415378564,3.5261264430890593,161.3202702396823,163.881883041059,33.11169816700095,-43.48647599311815,0.37687838077545166,0.5285454988479614,7.855664386281575,False,16.959527134895325,False,False
610.0,KL0010,52.084667120405165,3.5179501131768984,152.80813323240173,155.2513320126796,41.16633441208777,-9.758733324601565,-0.3438129425048828,-0.6075902581214905,7.85101154631142,False,-15.471582412719727,False,False
620.0,KL001,51.8626393528802,4.018577492004481,150.53248673731542,152.94359798755727,78.12177628844483,-1.502216278965534,-0.7584051489830017,0.12902331352233887,20.40607317164383,False,0.0,True,False
620.0,KL002,52.93182921745373,4.0489851736403395,158.50179747073295,161.0244861711299,177.25756604066908,137.8116917766879,0.9788014888763428,-0.46982210874557495,20.038731590046883,False,0.0,True,False
620.0,KL003,52.5504397197531,3.150334059935375,162.99999999999994,165.5846750214427,19.880044230252317,-9.932699189857658,0.4590193033218384,0.814342737197876,23.682693281159626,False,20.655868649482727,False,False
620.0,KL004,52.88254661213037,3.501661593001809,162.85972974497298,165.44248278490727,38.11460397215983,-26.63238177842547,-0.6058910489082336,-0.32757699489593506,20.038731590046883,False,-27.265097200870514,False,False
620.0,KL005,51.94146280718084,3.4827570960651615,162.99999999999994,165.5846750214427,39.68807154932737,-17.652216630835113,-0.3130713701248169,0.19353842735290527,9.514932281499469,False,-14.08821165561676,False,False
620.0,KL006,52.241285226273526,3.8850108265181174,148.933126803264,151.32157945420562,13.514369541778395,-36.96235853495642,0.25956249237060547,-0.2534329891204834,12.764583352033895,False,11.680312156677246,False,False
620.0,KL007,51.446354307383906,3.871988603366978,162.99999999999994,165.5846750214427,27.158695072095952,-36.04212811459553,0.9149175882339478,0.6139979362487793,25.58343957405397,False,41.17129147052765,False,False
620.0,KL008,52.59854804951539,4.704949265164262,162.99999999999994,165.5846750214427,41.626350763584476,-23.130781590706192,-0.17813259363174438,0.5588173866271973,31.117875972040913,False,-8.015966713428497,False,False
620.0,KL009,52.22815396958248,3.538531333032406,162.99999999999994,165.5846750214427,31.76748365037865,-29.35027067692502,0.13097190856933594,-0.7665595412254333,7.839235996580808,False,5.893735885620117,False,False
620.0,KL0010,52.09789281092997,3.5239974249998345,150.7238403088059,153.13765662244913,39.723789613547346,-25.94471294867833,0.7728924751281738,-0.3997828960418701,7.839235996580808,False,34.78016138076782,False,False
630.0,KL001,51.85006663728603,4.009386578454308,150.9745105873265,153.39186858044647,76.58851722379833,-1.5324876785873016,-0.7348077297210693,-0.03905600309371948,20.432202755293336,False,0.0,True,False
630.0,KL002,52.938134976948376,4.027615171706622,156.8899797884426,159.390281620061,178.44972071928635,138.16142135426253,0.970868706703186,-0.49957549571990967,18.614677464945736,False,0.0,True,False
630.0,KL003,52.564605576499275,3.1430354278715082,162.99999999999994,165.5846750214427,18.22983750765936,5.779422821844605,-0.5231367945671082,0.8066439628601074,23.286024486280056,False,-23.541155755519867,False,False
630.0,KL004,52.87640025854796,3.523845276505835,161.73574586173467,164.3030724773991,36.78982625120216,-44.05936976706022,0.8187966346740723,0.5258541107177734,18.614677464945736,False,36.84584856033325,False,False
630.0,KL005,51.92798387890283,3.472649140721149,162.99999999999994,165.5846750214427,38.21527039366506,-32.83495523905739,0.9752497673034668,0.5019710063934326,11.18481703107684,False,43.886239528656006,False,False
630.0,KL006,52.24825111428729,3.9039033386672846,148.06347339692843,150.43956858567051,12.21670137759712,-28.65804947882782,-0.08552014827728271,-0.4857732653617859,12.843845173587333,False,-3.848406672477722,False,False
630.0,KL007,51.43183175038114,3.8670554612390777,162.99999999999994,165.5846750214427,25.704943104026626,-21.912365809988103,-0.5397416949272156,0.5716538429260254,25.66491953135038,False,-24.2883762717247,False,False
630.0,KL008,52.58573251184027,4.692503250147192,162.99999999999994,165.5846750214427,40.197802097902404,-32.311040632975335,0.9626014232635498,0.6442694664001465,32.112777319826975,False,43.31706404685974,False,False
630.0,KL009,52.23888375051992,3.554870936385356,160.3704694243053,162.9189968616428,30.285636891731997,-24.723769360918027,0.04651808738708496,-0.8516848683357239,7.742130674860553,False,2.0933139324188232,False,False
630.0,KL0010,52.11075602745239,3.5311834108438465,149.35225567344148,151.7466547449537,38.27491103405239,-9.32208285061705,-0.17694592475891113,-0.7245948314666748,7.742130674860553,False,-7.962566614151001,False,False
640.0,KL001,51.83750509559959,4.000206396831949,150.8400837275126,153.2555426952958,75.05664372932094,-1.563968350918941,-0.7379468679428101,0.23630285263061523,20.505914054693363,False,0.0,True,False
640.0,KL002,52.94437235972879,4.006473833910393,155.17612421434697,157.652521244094,179.6354046631327,138.502780891952,0.9678573608398438,-0.5549030900001526,17.267264290026613,False,0.0,True,False
640.0,KL003,52.57864350167952,3.13509323718276,162.99999999999994,165.5846750214427,16.581593637826185,-10.334267815546127,0.4666709899902344,0.8823280334472656,22.997004866618212,False,21.000194549560547,False,False
640.0,KL004,52.86984999365587,3.545908977317438,162.99999999999994,165.5846750214427,35.45505888741043,-29.780596145422237,-0.3445638418197632,-0.14860618114471436,17.267264290026613,False,-15.505372881889343,False,False
640.0,KL005,51.914869986028215,3.461370682806193,162.99999999999994,165.5846750214427,36.71716313740439,-18.067334171128948,-0.24885088205337524,0.14962434768676758,12.840008847476806,False,-11.198289692401886,False,False
640.0,KL006,52.255205889871185,3.9225796738711325,146.39698234463947,148.74932521517994,10.986138709642706,-36.65285638527422,0.32080352306365967,-0.38933002948760986,12.899945689049288,False,14.436158537864685,False,False
640.0,KL007,51.41722981437865,3.8627685304286414,162.99999999999994,165.5846750214427,24.300372359635467,-39.72180051155041,0.9446500539779663,0.6393842697143555,25.74821782346227,False,42.509252429008484,False,False
640.0,KL008,52.57397262948608,4.677595393688976,162.99999999999994,165.5846750214427,38.69338073249017,-17.46865104118234,-0.7229402661323547,0.5239726305007935,33.00291917909582,False,-32.53231197595596,False,False
640.0,KL009,52.248922981810445,3.571769039951622,157.44899910560954,159.95707569941584,28.811360926395,-23.85829342889963,-0.053359150886535645,-0.8463168740272522,7.636350131860891,False,-2.401161789894104,False,False
640.0,KL0010,52.12335948922155,3.5387314472121227,146.86669171752874,149.22573886462038,36.83972705272007,-17.916601577237884,0.08777844905853271,-0.4705107808113098,7.636350131860891,False,3.950030207633972,False,False
650.0,KL001,51.824876229416596,3.990979595342045,151.65003536900463,154.07692692573428,73.51658453378874,-1.5969413439624986,-0.6602938175201416,0.0817251205444336,20.569135631438208,False,0.0,True,False
650.0,KL002,52.9505341892296,3.985585589366659,153.27252108906524,155.7222458337329,180.81290762208224,138.8355994939751,0.9581072330474854,-0.6304764151573181,15.988294052720384,False,0.0,True,False
650.0,KL003,52.5928093584257,3.1277899093885786,162.99999999999994,165.5846750214427,14.931716965912972,5.308961673162173,-0.4780656695365906,0.81361985206604,22.823839208804188,False,-21.512955129146576,False,False
650.0,KL004,52.86368562649248,3.568195824612627,162.48981874679455,165.0674998662612,34.18049296528811,-47.00801260940108,0.88716721534729,0.7337746620178223,15.988294052720384,False,39.92252469062805,False,False
650.0,KL005,51.9016581307552,3.4503301976630265,162.99999999999994,165.5846750214427,35.239345424189096,-30.44035689901756,0.773932695388794,0.24446988105773926,14.49475521054123,False,34.82697129249573,False,False
650.0,KL006,52.260215583100035,3.9425632848795873,145.0612608771,147.3944978346214,9.70366892412609,-26.210067244756004,0.1221698522567749,-0.5337110757827759,13.041096476759432,False,5.497643351554871,False,False
650.0,KL007,51.40270725737589,3.8578385310181593,162.99999999999994,165.5846750214427,22.90302816829478,-26.030734254919963,-0.52658611536026,0.6304681301116943,25.82869167223009,False,-23.6963751912117,False,False
650.0,KL008,52.561967080798404,4.6632311307954355,162.99999999999994,165.5846750214427,37.221656644158706,-34.41470503764066,0.9758412837982178,0.48034095764160156,32.01363776095249,False,43.9128577709198,False,False
650.0,KL009,52.25917195000219,3.587705420287355,154.5459482791255,157.01352966203427,27.40630125959846,-27.709510792155584,0.018010735511779785,-0.661322295665741,7.567259349429965,False,0.8104830980300903,False,False
650.0,KL0010,52.13563180776354,3.5469869110303174,145.25254908908306,147.5885258961451,35.40964160949417,-14.551882905132572,0.0698862075805664,-0.5341749787330627,7.567259349429965,False,3.1448793411254883,False,False
660.0,KL001,51.8122241058069,3.9817383953792196,151.9298405268319,154.36067629676515,71.97371527997905,-1.6313911219862405,-0.7026553153991699,0.33712053298950195,20.710527023712224,False,0.0,True,False
660.0,KL002,52.956611130596514,3.96498219793112,151.1097357165521,153.52900338203483,181.9800892926809,139.1596053312678,0.9835996627807617,-0.8191303014755249,14.82927599700287,False,0.0,True,False
660.0,KL003,52.606847283605944,3.119842605913431,162.99999999999994,165.5846750214427,13.284362393893915,-10.935215334656561,0.49653923511505127,0.8670575618743896,22.762363464572033,False,22.344265580177307,False,False
660.0,KL004,52.857060374715765,3.590198175487599,162.99999999999994,165.5846750214427,32.89967353384616,-32.972616558703805,-0.07025247812271118,0.029619812965393066,14.82927599700287,False,-3.161361515522003,False,False
660.0,KL005,51.889147831669796,3.4373814674153755,162.99999999999994,165.5846750214427,33.71340833741431,-15.65825842386613,-0.4750828742980957,-0.0688093900680542,16.11838741487516,False,-21.378729343414307,False,False
660.0,KL006,52.262981304743306,3.963472277177673,143.23037056399423,145.5373211470397,8.363327691438906,-24.3361745179335,0.13138484954833984,-0.4884779453277588,13.228230112206376,False,5.912318229675293,False,False
660.0,KL007,51.388105321373395,3.8535543301689645,162.99999999999994,165.5846750214427,21.56858154201349,-44.35703529101724,0.9677982330322266,0.6759035587310791,25.90912626128547,False,43.550920486450195,False,False
660.0,KL008,52.55020719844421,4.648331350207799,162.99999999999994,165.5846750214427,35.74410401370621,-19.741417190917787,0.5359251499176025,0.40743136405944824,30.440949284334817,False,24.116631746292114,False,False
660.0,KL009,52.26913734834968,3.6036070933787285,152.27736900908155,154.7130998581848,26.032581494243754,-28.440082111007342,-0.008701682090759277,-0.5280576348304749,7.51120076334462,False,-0.3915756940841675,False,False
660.0,KL0010,52.14744678109921,3.5562547128281268,143.42006715470052,145.72974646222295,33.981667250548306,-11.897535572298779,0.08087694644927979,-0.4215841293334961,7.51120076334462,False,3.6394625902175903,False,False
670.0,KL001,51.79947746910891,3.972430786424692,153.08555571333258,155.53265396852944,70.41934873495704,-1.6676259008795284,-0.8367959260940552,0.44088494777679443,20.826932096261764,False,0.0,True,False
670.0,KL002,52.962580310643894,3.9447413462652294,148.29994481168148,150.67940273450074,183.1321693634547,139.47383633090135,0.9817345142364502,-0.7342352271080017,13.849444980798971,False,0.0,True,False
670.0,KL003,52.62101314035212,3.112534574570908,162.99999999999994,165.5846750214427,11.635174182779998,4.571843459966772,-0.4953894019126892,0.7749905586242676,22.739661190996888,False,-22.292523086071014,False,False
670.0,KL004,52.849474926082415,3.611418230302158,162.99999999999994,165.5846750214427,31.573473234791713,-37.90488347507568,0.15931057929992676,0.1987438201904297,13.849444980798971,False,7.168976068496704,False,False
670.0,KL005,51.876438510821686,3.425023151760779,162.76349194938535,165.34492592942428,32.221158774539234,-32.71639291193941,0.9000107049942017,0.25798964500427246,17.739849540574266,False,40.500481724739075,False,False
670.0,KL006,52.26442198109406,3.984480092244624,141.55461881446388,143.8374120938068,7.019403363106641,-22.271494691046115,-0.05818527936935425,-0.4460720419883728,13.448837209534386,False,-2.618337571620941,False,False
670.0,KL007,51.37358276437063,3.84862746820201,162.99999999999994,165.5846750214427,20.251802648091264,-31.26080311845729,-0.36573827266693115,0.7021145820617676,25.984649873560794,False,-16.458222270011902,False,False
670.0,KL008,52.54136307163119,4.628726669252928,162.99999999999994,165.5846750214427,34.126531499885196,-4.4496480701088785,-0.8338916301727295,0.3205620050430298,28.868853380031126,False,-37.52512335777283,False,False
670.0,KL009,52.27904442961385,3.619204492900626,150.46584497639216,152.87601385102153,24.701698775253096,-30.54152275262345,0.07354402542114258,-0.4194480776786804,7.476398793510643,False,3.309481143951416,False,False
670.0,KL0010,52.1587637635633,3.5666045790567167,141.97373561804486,144.26257956957198,32.55457526215672,-8.62989340719173,-0.22745704650878906,-0.6302146315574646,7.476398793510643,False,-10.235567092895508,False,False
680.0,KL001,51.78660825453886,3.9630363411791474,154.59714043439686,157.06543847343963,68.85006520148193,-1.7058700485685563,-0.8289778828620911,0.27890944480895996,20.96530510096886,False,-5.0,True,False
680.0,KL002,52.96844579745277,3.92484938728303,145.7813212389291,148.12486530168687,184.26953701249096,139.7787735973622,0.9893530607223511,-0.7551640868186951,13.111118996396451,False,0.0,True,False
680.0,KL003,52.635051065532366,3.1045821497942216,162.99999999999994,165.5846750214427,9.989557467463536,-11.932749489392052,0.42231667041778564,0.8505010604858398,22.78067306556061,False,19.004250168800354,False,False
680.0,KL004,52.84065350856902,3.6312647565722376,162.99999999999994,165.5846750214427,30.182130778390345,-32.40693497209358,-0.4584941864013672,-0.1929152011871338,13.111118996396451,False,-20.632238388061523,False,False
680.0,KL005,51.86392501286222,3.412089798536919,162.99999999999994,165.5846750214427,30.722571120808677,-18.148227910128867,-0.35491621494293213,0.030094265937805176,19.36557775510741,False,-15.971229672431946,False,False
680.0,KL006,52.266258426466415,4.005178700376299,140.02430880242886,142.28496000306356,5.75814161872913,-30.84475482116551,0.2964956760406494,-0.23997414112091064,13.644303467591298,False,13.342305421829224,False,False
680.0,KL007,51.35898082836814,3.8443459927337607,162.99999999999994,165.5846750214427,19.017927098956925,-50.28386484009542,0.9753835201263428,0.6969105005264282,26.054168330213923,False,43.892258405685425,False,False
680.0,KL008,52.53219310146465,4.609534613899424,162.99999999999994,165.5846750214427,32.522548678714195,-20.935575562545807,0.7936580181121826,0.3461306095123291,27.296875917139978,False,35.71461081504822,False,False
680.0,KL009,52.28831987936229,3.6355098216869624,149.02681692882675,151.41659933788685,23.36560631439804,-28.939774386561254,-0.04980194568634033,-0.38441044092178345,7.416031285635361,False,-2.241087555885315,False,False
680.0,KL0010,52.17063560077736,3.5742708363159448,139.81188393964197,142.06945544935147,31.1949635354155,-19.604368396454078,0.1634277105331421,-0.24490123987197876,7.416031285635361,False,7.354246973991394,False,False
690.0,KL001,51.77323891429389,3.9552545788152416,155.553204851794,158.03487026438967,67.27996949750995,-6.85208358274852,-0.6329622864723206,-0.2721599340438843,21.145519356676825,False,0.0,True,False
690.0,KL002,52.97420765514795,3.90530624558822,143.19092748754062,145.4973105434545,185.39183203624026,140.07467345910635,0.9899177551269531,0.08570969104766846,12.45191270941005,False,0.0,True,False
690.0,KL003,52.64921692227854,3.097269407067932,162.99999999999994,165.5846750214427,8.342079273055719,3.2523818883545346,-0.037876665592193604,0.4751861095428467,23.022548859259583,False,-1.7044499516487122,False,False
690.0,KL004,52.83350934771341,3.6526906955434653,162.33785535008298,164.91345144094436,28.963369898969777,-50.44104850743153,0.9795205593109131,0.10761845111846924,12.45191270941005,False,44.07842516899109,False,False
690.0,KL005,51.851195770788145,3.399724106084094,162.99999999999994,165.5846750214427,29.261354837456025,-35.43385311585331,0.8518364429473877,0.39583563804626465,20.991860012508862,False,38.332639932632446,False,False
690.0,KL007,51.344458271365376,3.8394222629481227,162.99999999999994,165.5846750214427,17.81865675399641,-37.98934141678171,0.8270003795623779,0.683106541633606,26.104751172627168,False,37.21501708030701,False,False
690.0,KL008,52.523348974651626,4.589937974570793,162.99999999999994,165.5846750214427,30.912448669376374,-5.761490726290134,-0.882748007774353,0.05244648456573486,36.767778680684124,False,-39.723660349845886,False,False
690.0,KL009,52.297857657783204,3.6511304322368447,147.7079594635916,150.07899548533447,22.0924929420867,-33.19281320135099,0.37509143352508545,-0.7105389833450317,7.385935445026112,False,16.879114508628845,False,False
690.0,KL0010,52.18209155631817,3.5831846655523387,138.9715202083533,141.2168937527356,29.82275391037409,-12.874346341467202,0.05105912685394287,-0.4080306887626648,7.385935445026112,False,2.297660708427429,False,False
700.0,KL001,51.759905553818555,3.947709949482264,154.6193039967511,157.08791228244309,65.72112014343077,-7.016434697311411,-0.594957709312439,-0.09246039390563965,21.357039495388552,False,0.0,True,False
700.0,KL002,52.97997295571194,3.8857488180811837,143.48442509262708,145.79502989482495,186.51968899528416,140.3671795683785,0.9859358072280884,0.0608748197555542,12.01520129395647,False,0.0,True,False
700.0,KL003,52.66378480622057,3.092180095410718,162.99999999999994,165.5846750214427,6.686987904184402,1.9338406883323387,0.05965423583984375,0.42409849166870117,23.276365525167684,False,2.6844406127929688,False,False
700.0,KL004,52.825996374786776,3.6738296854459587,162.70643103068,165.28708276136646,27.754387361500132,-36.860081327045634,0.09523355960845947,-0.13848257064819336,12.01520129395647,False,4.285510182380676,False,False
700.0,KL005,51.83868227282868,3.3867980063960514,162.99999999999994,165.5846750214427,27.798948025605018,-21.1433649848303,-0.2649587392807007,-0.07182729244232178,21.357039495388552,False,-11.92314326763153,False,False
700.0,KL007,51.33132453230582,3.8283480487093153,162.99999999999994,165.5846750214427,16.400122579823243,-24.990902990084464,-0.3448143005371094,0.5559332370758057,26.1153079243119,False,-15.516643524169922,False,False
700.0,KL008,52.51417900448509,4.570753789264883,162.99999999999994,165.5846750214427,29.318223095176656,-22.391518583842412,0.8494017124176025,0.5296252965927124,35.330361037239946,False,38.223077058792114,False,False
700.0,KL009,52.305519530700366,3.668791115382125,145.27060703992547,147.60684242994557,20.749734188374525,-17.9372790287714,-0.5805526375770569,-0.8180622458457947,7.300614416913257,False,-26.12486869096756,False,False
700.0,KL0010,52.19310521294688,3.593083476237361,137.57168603721877,139.79668947680182,28.44908943151796,-11.094425554161688,-0.07161957025527954,-0.22662031650543213,7.300614416913257,False,-3.2228806614875793,False,False
710.0,KL001,51.746599544043946,3.9401830168874943,154.30170844172704,156.76586936557015,64.16603418069941,-7.188409024514812,-0.6120409369468689,-0.17824137210845947,21.555576941287445,False,0.0,True,False
710.0,KL002,52.98574661257513,3.8661604280832265,143.6927474290003,146.006347044387,187.65399579116422,140.65657965180202,0.9888663291931152,-0.02779245376586914,11.972861981930917,False,0.0,True,False
710.0,KL003,52.67847588196064,3.0881681517415855,162.99999999999994,165.5846750214427,5.037947818791195,6.097547793663921,-0.12803322076797485,0.4043179750442505,23.458167824514536,False,-5.761494934558868,False,False
710.0,KL004,52.81617565787324,3.692195198063629,162.2309709140896,164.80509998830684,26.386282368240483,-34.526779970333564,0.8896667957305908,0.023067831993103027,11.972861981930917,False,40.03500580787659,False,False
710.0,KL005,51.82605107433444,3.374198440451961,162.7531416709251,165.3344337674947,26.372341791417956,-34.81565040384476,0.872686505317688,0.28553760051727295,21.555576941287445,False,39.27089273929596,False,False
710.0,KL007,51.318007381844126,3.81784920539919,162.99999999999994,165.5846750214427,15.05533250020804,-43.99479807886809,0.947084903717041,0.7247632741928101,26.135366346938028,False,42.618820667266846,False,False
710.0,KL008,52.50533487767206,4.551165183032472,162.99999999999994,165.5846750214427,27.71832505449319,-7.376692631471258,-0.7604418396949768,0.20867180824279785,33.73151975383702,False,-34.219882786273956,False,False
710.0,KL009,52.31352156865242,3.6855228255596475,142.4644977065913,144.76041922826957,19.483098911667078,-37.9890182227864,-0.31503820419311523,-0.24751442670822144,7.23789298827401,False,-14.176719188690186,False,False
710.0,KL0010,52.20435919414469,3.601963287725884,136.7940261609172,139.00768564579616,27.102912400370666,-15.035745442688949,0.09284460544586182,-0.277748703956604,7.23789298827401,False,4.178007245063782,False,False
720.0,KL001,51.73334619003147,3.9326880736721184,153.68991716474417,156.14550109017523,62.617705725615124,-7.3681931749477485,-0.5252448320388794,0.4837338924407959,21.824057768167417,False,-5.0,True,False
720.0,KL002,52.99151642772608,3.846582456319159,143.59697345821192,145.9091964207255,188.7922750121553,140.9423070984676,0.9584394693374634,0.23025047779083252,12.289948758977127,False,0.0,True,False
720.0,KL004,52.80474954161598,3.707708960925195,162.30956987601277,164.88477778143113,24.916195319123144,-20.28517139266765,-0.7946587800979614,-0.33323824405670166,12.289948758977127,False,-35.759645104408264,False,False
720.0,KL005,51.81410973136651,3.359932461194614,162.99999999999994,165.5846750214427,24.9025237609507,-20.66625359533404,-0.6845495104789734,0.24291503429412842,21.824057768167417,False,-30.804727971553802,False,False
720.0,KL007,51.30491085402437,3.80666909496737,162.99999999999994,165.5846750214427,13.742498822650536,-32.15340954459299,0.27892470359802246,0.6877728700637817,26.150763172530446,False,12.55161166191101,False,False
720.0,KL008,52.49616490750552,4.531988859427477,162.99999999999994,165.5846750214427,26.137464132206603,-24.203239943588443,0.9426846504211426,0.6291412115097046,32.26192261208577,False,42.420809268951416,False,False
720.0,KL009,52.32416100026504,3.6974658075061373,141.61516329788913,143.89883100154412,18.53882987566646,-55.4275818806626,0.6723930835723877,0.69474196434021,7.259700064264093,False,30.257688760757446,False,False
720.0,KL0010,52.215153979749886,3.611965650194328,135.84101747269068,138.04074838676286,25.749420213263573,-11.44905329918447,-0.025222718715667725,0.1307692527770996,7.259700064264093,False,-1.1350223422050476,False,False
730.0,KL001,51.71963194532489,3.926838366376687,155.34845585019428,157.8272612317395,61.07590303081459,-12.67416573385907,-0.33296704292297363,0.4577277898788452,22.135785719131274,False,-14.983516931533813,False,False
730.0,KL002,52.99731789981644,3.826894429117102,144.38619071072142,146.70974868612979,189.94147843061236,141.22614360335638,0.9339554309844971,0.3524421453475952,12.785989773453624,False,0.0,True,False
730.0,KL004,52.79367460474742,3.7236443012029254,161.1661717684658,163.72566376004596,23.502761696849312,-38.224654773285266,0.9756379127502441,0.3032534122467041,12.785989773453624,False,43.903706073760986,False,False
730.0,KL005,51.801929434233415,3.346208674884191,162.99999999999994,165.5846750214427,23.479820843365022,-38.46745083086165,-0.549852728843689,0.3452136516571045,22.135785719131274,False,-24.743372797966003,False,False
730.0,KL007,51.29411667186476,3.7903419818025736,162.99999999999994,165.5846750214427,12.252033892114875,-22.741957299920045,-0.3826337456703186,0.6020457744598389,26.052379766821304,False,-17.218518555164337,False,False
730.0,KL008,52.4873207806925,4.512408277773332,162.99999999999994,165.5846750214427,24.551951031261147,-9.410492037747275,-0.7533745765686035,0.5487748384475708,30.752832084339055,False,-33.90185594558716,False,False
730.0,KL009,52.33426135704542,3.711094665964833,143.9974192314344,146.31539614750955,17.54825705556801,-40.89536002605848,-0.6776484251022339,0.019287467002868652,7.2777082742166055,False,-30.494179129600525,False,False
730.0,KL0010,52.22607709055906,3.6217348469670605,136.2890758885308,138.49535900220133,24.399067092758862,-13.291257070097771,0.15439653396606445,0.1170663833618164,7.2777082742166055,False,6.9478440284729,False,False
740.0,KL001,51.705408482613514,3.9246699233682993,156.9177980468768,159.41848703224352,59.603101671473304,-28.222314076979046,0.9289059638977051,0.7514417171478271,22.350106753282947,False,41.80076837539673,False,False
740.0,KL002,53.00316718216005,3.8070414724765853,145.59447725893193,147.93534847755396,191.1048166659885,141.50885755666081,0.9614096879959106,0.180769681930542,13.488479684486636,False,0.0,True,False
740.0,KL004,52.782273655911204,3.7391719961153216,162.20570604882272,164.77948829608664,22.087487822989974,-24.424384734243603,-0.4875084161758423,-0.1502915620803833,13.488479684486636,False,-21.937878727912903,False,False
740.0,KL005,51.78789696077893,3.3383786646803557,162.99999999999994,165.5846750214427,22.393069053219733,-57.39247504864176,0.7194006443023682,0.5559393167495728,22.350106753282947,False,32.37302899360657,False,False
740.0,KL007,51.28258926426395,3.7753866353262877,162.99999999999994,165.5846750214427,10.878933218581883,-43.106913751752984,0.933408260345459,0.7473053932189941,25.992355235890475,False,42.003371715545654,False,False
740.0,KL008,52.47815081052596,4.493239807534381,162.99999999999994,165.5846750214427,22.99005473770271,-26.513892094928735,0.9469611644744873,0.6003284454345703,29.28309609777534,False,42.61325240135193,False,False
740.0,KL009,52.34463346498533,3.7242221765575576,144.06311084503406,146.38203116190542,16.66188068218758,-62.67893381029684,0.7799811363220215,0.5754740238189697,7.308443454667406,False,35.09915113449097,False,False
740.0,KL0010,52.23634098444756,3.633344842751841,136.69013715541104,138.90227969315157,23.02225326180914,-6.781377486510536,-0.3269789218902588,-0.10991638898849487,7.308443454667406,False,-14.714051485061646,False,False
750.0,KL001,51.691056220548525,3.9213151886268545,159.49446437816746,162.03089451575252,58.08503386173571,-12.55576416404574,-0.4523073434829712,0.3673332929611206,22.547638771986904,False,-20.353830456733704,False,False
750.0,KL002,53.00904196732065,3.7870992487800814,146.21398751231655,148.56371642712648,192.27785566704586,141.78935520184632,0.9497330188751221,0.1872272491455078,14.328280773842236,False,0.0,True,False
750.0,KL004,52.771176935508144,3.7551718354106622,161.68974709013173,164.25644141458116,20.73659662772456,-42.858879065819366,0.9849621057510376,0.3269670009613037,14.328280773842236,False,44.32329475879669,False,False
750.0,KL005,51.77400355968572,3.329928115971273,162.99999999999994,165.5846750214427,21.34212768011234,-44.9023468543607,-0.34830451011657715,0.40408599376678467,22.547638771986904,False,-15.673702955245972,False,False
750.0,KL007,51.27132452198019,3.7599322104465083,162.99999999999994,165.5846750214427,9.563628065053827,-32.881692213424856,0.33330273628234863,0.6456941366195679,25.913276164753487,False,14.998623132705688,False,False
750.0,KL008,52.46930668371294,4.473667241952603,162.99999999999994,165.5846750214427,21.425632302985278,-12.04199021716093,-0.49292194843292236,0.4900926351547241,27.803645689963815,False,-22.181487679481506,False,False
750.0,KL009,52.354900136986274,3.7380223856899244,146.03631449695825,148.38350438896964,15.813924044670697,-49.285733887527414,0.6733279228210449,0.4272491931915283,7.344951283684992,False,30.29975652694702,False,False
750.0,KL0010,52.2475065889947,3.642220348105294,136.31273097998005,138.51935983433876,21.70116048282433,-22.528724892248192,0.40372276306152344,0.45188212394714355,7.344951283684992,False,18.167524337768555,False,False
760.0,KL001,51.67651981452723,3.9185684556376406,160.75377403395723,163.3075861327346,56.574388916880125,-29.207348713528177,0.9383265972137451,0.701606273651123,22.745573052669222,False,42.22469687461853,False,False
760.0,KL002,53.014942488266236,3.7670669307391433,146.85564284345375,149.21453237329806,193.46061781415779,142.0676523156793,0.9309263229370117,0.18988287448883057,15.322636742572064,False,0.0,True,False
760.0,KL004,52.7597470996754,3.770775260987625,162.8106084643341,165.39268827715375,19.39424433381833,-29.754951149238025,0.669381856918335,0.03794384002685547,15.322636742572064,False,30.122183561325073,False,False
760.0,KL005,51.759971893948205,3.3220968081823545,162.99999999999994,165.5846750214427,20.408375749697303,-64.31067832961594,0.9649890661239624,0.3813551664352417,22.745573052669222,False,43.42450797557831,False,False
760.0,KL007,51.26310364246467,3.74017291168085,162.99999999999994,165.5846750214427,8.087668358798036,-22.695180303883433,-0.49532514810562134,0.7122666835784912,25.70280193094984,False,-22.28963166475296,False,False
760.0,KL008,52.4601367135464,4.454506616756617,162.99999999999994,165.5846750214427,19.89183086357169,-29.5506417025328,0.9540950059890747,0.353015661239624,26.233125139083988,False,42.93427526950836,False,False
760.0,KL009,52.362220008911116,3.7564449835204323,147.50115605209993,149.86924715987553,14.694352569956799,-35.515801392376744,-0.8178061246871948,-0.040840983390808105,7.310632762075572,False,-36.80127561092377,False,False
760.0,KL0010,52.25823469449398,3.6528309906735896,137.8620851640857,140.09131969443465,20.340277130402114,-5.195840924245232,-0.40131592750549316,-0.16285985708236694,7.310632762075572,False,-18.059216737747192,False,False
770.0,KL001,51.66184347520495,3.915162169284321,162.99999999999994,165.5846750214427,55.03443299405076,-13.969349031345956,-0.4833042621612549,0.3853776454925537,22.94795682379694,False,-21.74869179725647,False,False
770.0,KL002,53.02086910964976,3.7469432432853047,147.50640394080378,149.8745697973837,194.6531525505234,142.34377077127647,0.9207532405853271,0.16565978527069092,16.538662783492853,False,0.0,True,False
770.0,KL004,52.746161968415024,3.7806393102642217,162.94022473973166,165.52408080803903,17.864127544021134,-15.8308334483755,-0.8589372634887695,-0.2128664255142212,16.538662783492853,False,-38.65217685699463,False,False
770.0,KL005,51.74609218654877,3.3135929349382685,162.99999999999994,165.5846750214427,19.526325477035165,-52.489381429971104,0.9294239282608032,0.33516061305999756,22.94795682379694,False,41.824076771736145,False,False
770.0,KL007,51.25438949334952,3.7209693072321204,162.99999999999994,165.5846750214427,6.7345466925774495,-45.85516018265952,0.9370667934417725,0.7935287952423096,25.519630846052056,False,42.16800570487976,False,False
770.0,KL008,52.45129258673337,4.43494205875333,162.99999999999994,165.5846750214427,18.35984151016522,-15.561974753956292,0.22112369537353516,0.521155595779419,24.678081888812578,False,9.950566291809082,False,False
770.0,KL009,52.36987682444777,3.774481554181132,147.3606184042996,149.72670740173334,13.681657857343659,-57.44802700715377,0.6999289989471436,0.5497817993164062,7.306774146172702,False,31.49680495262146,False,False
770.0,KL0010,52.2691770238816,3.66268545885385,137.30309893767156,139.52418664073124,19.004244605815238,-24.369503824123825,0.3885568380355835,0.2931169271469116,7.306774146172702,False,17.485057711601257,False,False
780.0,KL001,51.64709733728956,3.912410985856221,162.99999999999994,165.5846750214427,53.5168398956538,-30.47700176469857,0.9157862663269043,0.7545840740203857,23.410860728316507,False,41.21038198471069,False,False
780.0,KL002,53.02681849894095,3.726739466854356,148.0740868192298,150.4503329767404,195.85476211089494,142.61756303462232,0.9179977178573608,0.22452759742736816,17.805602818256574,False,0.0,True,False
780.0,KL004,52.73281165523599,3.791083875459687,162.20965502861904,164.7834914875679,16.38460795956613,-34.12498454826749,0.8727936744689941,0.19394290447235107,17.805602818256574,False,39.275715351104736,False,False
780.0,KL005,51.73417390143935,3.299301925216136,162.99999999999994,165.5846750214427,18.37246534719506,-40.23163470400789,0.8834912776947021,0.3626605272293091,23.410860728316507,False,39.7571074962616,False,False
780.0,KL007,51.246010515240215,3.7013925041608577,162.99999999999994,165.5846750214427,5.510526721621317,-40.45405462273817,0.7144260406494141,0.8027997016906738,25.342985176743404,False,32.14917182922363,False,False
780.0,KL008,52.445687271792345,4.412342525508216,162.99999999999994,165.5846750214427,16.725558504789007,-6.425405112876319,-0.7777701616287231,0.41672658920288086,23.04770229205666,False,-34.99965727329254,False,False
780.0,KL009,52.37730479625291,3.7930996360396323,149.24569684822544,151.6385846801335,12.718005845944703,-45.217066306939614,-0.19243651628494263,0.3329317569732666,7.312984805162818,False,-8.659643232822418,False,False
780.0,KL0010,52.27994430558204,3.6733423416002613,138.30794462463462,140.54366993477703,17.650360472118063,-7.999943554715912,-0.8975076675415039,0.3475245237350464,7.312984805162818,False,-40.387845039367676,False,False
790.0,KL001,51.632403951517134,3.909005994823674,162.99999999999994,165.5846750214427,51.98922111619964,-15.33166002640337,-0.6153601408004761,0.5793924331665039,24.058817731042293,False,-27.691206336021423,False,False
790.0,KL002,53.032798752706846,3.7064280671012293,148.84366251362096,151.23084510360206,197.06705976693337,142.88940589782555,0.9445805549621582,0.06108260154724121,19.135404048013726,False,0.0,True,False
790.0,KL004,52.71923909707779,3.8009642836154476,162.87429176346524,165.45724436505046,14.911772742333797,-21.01504864385143,-0.7995754480361938,0.07619225978851318,19.135404048013726,False,-35.98089516162872,False,False
790.0,KL005,51.72512026772939,3.2803087771779555,162.99999999999994,165.5846750214427,16.98904001438263,-27.321250113637348,-0.19411760568618774,0.5124516487121582,24.058817731042293,False,-8.735292255878448,False,False
790.0,KL008,52.43867242578582,4.39088025788344,162.99999999999994,165.5846750214427,15.138970030799705,-23.879872640723136,0.9107255935668945,0.6209698915481567,21.44357339323195,False,40.982651710510254,False,False
790.0,KL009,52.38463966964482,3.8121090497117356,150.38705461906397,152.79610912821985,11.840834013643596,-59.719288275956686,0.7599484920501709,0.4795643091201782,7.34136912824012,False,34.19768214225769,False,False
790.0,KL0010,52.291111715717584,3.6832039021091276,139.49938486530058,141.7524231294653,16.31470937327648,-28.02838473010391,-0.7324020266532898,0.4596608877182007,7.34136912824012,False,-32.95809119939804,False,False
800.0,KL001,51.617657813601745,3.9062565970261756,162.99999999999994,165.5846750214427,50.48794963769175,-31.921213148043876,0.9107933044433594,0.7126891613006592,24.73877438074747,False,40.98569869995117,False,False
800.0,KL002,53.03878738917279,3.6860853732089534,149.05268044817456,151.44282988907753,198.28545011271623,143.1582940647114,0.9382240772247314,0.16464245319366455,20.501004244005372,False,0.0,True,False
800.0,KL004,52.70582595135164,3.811462136454955,162.99999999999994,165.5846750214427,13.503211534900863,-40.31768000076937,0.934181809425354,-0.29065239429473877,18.952753915971833,False,42.03818142414093,False,False
800.0,KL005,51.716125142183095,3.261181715441713,162.99999999999994,165.5846750214427,15.647685716238222,-39.451457138770195,0.2545139789581299,0.6097676753997803,24.73877438074747,False,11.453129053115845,False,False
800.0,KL008,52.43202150713978,4.369112144467923,162.99999999999994,165.5846750214427,13.553472783393715,-9.884348577173512,-0.6285516023635864,0.5143243074417114,19.803652793902085,False,-28.28482210636139,False,False
800.0,KL009,52.390423908241004,3.832701812557042,152.03130367709005,154.46356902975353,10.923025152776415,-48.98079494798719,0.46698248386383057,0.3640204668045044,7.463142568116995,False,21.014211773872375,False,False
800.0,KL0010,52.30375025503185,3.6868474104797286,141.07540718731562,143.35127507922138,15.215936199356353,-49.62512684728321,0.7115161418914795,0.7678837776184082,7.463142568116995,False,32.01822638511658,False,False
810.0,KL001,51.60296442782932,3.90285381438427,162.99999999999994,165.5846750214427,48.977045438899104,-16.862497168271943,-0.3175318241119385,0.5953302383422852,25.463758333071233,False,-14.288932085037231,False,False
810.0,KL002,53.04479865223522,3.6656629770260736,149.61686934789026,152.01501953981884,199.51278430953332,143.42489087539656,0.9540500640869141,0.3199167251586914,21.90151876340345,False,-5.0,True,False
810.0,KL004,52.692319233450625,3.821262121628566,162.00265326627624,164.57364724377572,12.13595261371021,-28.462097521405667,0.01751124858856201,-0.6076927781105042,18.054829849950924,False,0.7880061864852905,False,False
810.0,KL005,51.70839705673391,3.2406919426741836,162.99999999999994,165.5846750214427,14.267451567239563,-31.476515797062348,0.06126129627227783,0.5650410652160645,25.463758333071233,False,2.7567583322525024,False,False
810.0,KL008,52.42500666113325,4.347656531494143,162.99999999999994,165.5846750214427,12.001187801740583,-28.22085205877545,0.943453311920166,0.44728565216064453,18.137685092655055,False,42.45539903640747,False,False
810.0,KL009,52.39232375180038,3.8553525719275186,153.27927527178502,155.72909487640203,9.77921881569496,-37.97573263683998,0.29327476024627686,0.28799140453338623,7.546628993761883,False,13.197364211082458,False,False
810.0,KL0010,52.31654026945073,3.6911729393392188,143.70851394787576,146.022340161383,14.128214934101498,-35.41903162462569,-0.729686439037323,0.6197917461395264,7.546628993761883,False,-32.835889756679535,False,False
820.0,KL001,51.588218463131504,3.90004201861643,162.99999999999994,165.5846750214427,47.49280588064137,-32.00973987084279,0.9673998355865479,0.7112054824829102,26.28073564394065,False,43.53299260139465,False,False
820.0,KL002,53.049860534238896,3.6443646066355613,150.71358924006213,153.1272606718471,200.67886425403336,138.717479041635,0.9596092700958252,0.29368388652801514,23.28179135234522,False,5.0,True,False
820.0,KL004,52.67824580937843,3.8278235433637104,159.91797954442367,162.46026169017523,10.722679546120057,-31.71807660465248,0.7357878684997559,-0.5793321132659912,17.38738443678824,False,33.110454082489014,False,False
820.0,KL005,51.702079251136915,3.2189327170102047,162.99999999999994,165.5846750214427,12.842959848116811,-32.2846517897903,0.1546790599822998,0.6163427829742432,26.28073564394065,False,6.960557699203491,False,False
820.0,KL008,52.418355742487215,4.32589516571417,162.99999999999994,165.5846750214427,10.46064297282335,-15.420115341832343,0.04298758506774902,0.3919801712036133,16.48748817720159,False,1.934441328048706,False,False
820.0,KL009,52.39027352118268,3.8781437621959594,154.26649160471342,156.73015916174265,8.450596267314234,-29.981270815320585,-0.1838773488998413,0.04066622257232666,7.641531584925478,False,-8.274480700492859,False,False
820.0,KL0010,52.32960239770529,3.694941604013861,145.83371196793604,148.17800527967663,13.128744158781476,-57.67989636549396,0.8360458612442017,0.6840924024581909,7.641531584925478,False,37.622063755989075,False,False
830.0,KL001,51.57358693043997,3.8960095482979353,162.99999999999994,165.5846750214427,45.98320197675172,-17.003472754358967,-0.44592493772506714,0.5750963687896729,27.11144440154568,False,-20.06662219762802,False,False
830.0,KL002,53.05584837322498,3.6235682303606436,151.7203368071945,154.14821960828675,201.92456814466985,143.9841427180334,0.9536119699478149,0.4072350263595581,24.697838670849542,False,-5.0,True,False
830.0,KL004,52.66395489810912,3.8306419565532814,157.93057893392867,160.44534439963158,9.267782166363238,-19.235399717293035,-0.44759368896484375,-0.662384033203125,16.72414189507898,False,-20.14171600341797,False,False
830.0,KL005,51.6971777074186,3.1962582636391774,162.99999999999994,165.5846750214427,11.387139766557281,-29.045029003343018,0.0553361177444458,0.6457757949829102,27.11144440154568,False,2.490125298500061,False,False
830.0,KL008,52.41385351287419,4.302622726842925,162.99999999999994,165.5846750214427,8.85957488020593,-15.990313343855291,0.05827748775482178,0.39293360710144043,14.785837608447547,False,2.62248694896698,False,False
830.0,KL009,52.388725317637615,3.901101276517433,154.40547176379863,156.87108609727554,7.252520738491466,-45.66652254203305,0.8682565689086914,0.434651255607605,7.89232455868164,False,39.07154560089111,False,False
830.0,KL0010,52.34279879709711,3.6993941724734736,148.17943048600168,150.557174877473,12.177587491834831,-45.50733582767339,-0.18695783615112305,0.6189124584197998,7.89232455868164,False,-8.413102626800537,False,False
840.0,KL001,51.558891779164945,3.8926295145684975,162.99999999999994,165.5846750214427,44.50352287275769,-33.75199333752809,0.9593014717102051,0.7126951217651367,28.00348299903305,False,43.16856622695923,False,False
840.0,KL002,53.060991251935775,3.601930942847291,153.11651919506016,155.56405250940023,203.11913767243433,139.27445309725005,0.955996036529541,0.3476327657699585,26.07675173914396,False,5.0,True,False
840.0,KL004,52.649923187987795,3.8341197782904697,155.6583475541757,158.14148107696448,7.91461829074877,-41.215868402173584,0.9574618339538574,-0.15289556980133057,16.218804737235832,False,43.085782527923584,False,False
840.0,KL005,51.69316642111379,3.1731223018933483,162.99999999999994,165.5846750214427,9.935775004584183,-30.840206297279337,0.3690589666366577,0.6845180988311768,28.00348299903305,False,16.607653498649597,False,False
840.0,KL008,52.40998824595338,4.279047042282942,162.99999999999994,165.5846750214427,7.2599253121113145,-16.41372129813351,0.11209511756896973,0.28471672534942627,13.10269752596877,False,5.044280290603638,False,False
840.0,KL009,52.38534690308691,3.9236823604952447,155.89567305718165,158.3821189319265,6.058131239023203,-38.047868760917254,0.9072699546813965,0.3712043762207031,8.229572640310272,False,40.82714796066284,False,False
840.0,KL0010,52.3561741961458,3.70432803273918,150.30159868211143,152.70944430974447,11.307946315407658,-60.03931376442448,0.7956016063690186,0.682708740234375,8.229572640310272,False,35.802072286605835,False,False
850.0,KL001,51.544260246473414,3.8885996441376514,162.99999999999994,165.5846750214427,43.01560164713446,-18.863028625150093,-0.5171728134155273,0.783003568649292,28.940282064006606,False,-23.27277660369873,False,False
850.0,KL002,53.067078475517974,3.5807766107916903,154.308283647679,156.7725366814141,204.39493024183716,144.53892975590168,0.9535949230194092,0.6102743148803711,27.503407745099018,False,-5.0,True,False
850.0,KL004,52.63589965454242,3.8369047552314397,155.13347860928988,157.60927950144153,6.636691089124602,-31.816445725114903,0.8749724626541138,-0.17307865619659424,16.649101884162178,False,39.37376081943512,False,False
850.0,KL005,51.691400179046106,3.1493453138767675,162.99999999999994,165.5846750214427,8.430386556548472,-19.24706158315712,-0.17719388008117676,0.8528218269348145,28.940282064006606,False,-7.973724603652954,False,False
850.0,KL008,52.40728526994624,4.2550462673703935,162.99999999999994,165.5846750214427,5.6508072040061466,-14.842383126886034,-0.555794894695282,0.5837316513061523,20.0211017550484,False,-25.01077026128769,False,False
850.0,KL0010,52.36918676415032,3.7122437610625374,152.64255756959787,155.0834277270923,10.398220547249124,-49.720864773733865,0.7732714414596558,0.5725646018981934,16.649101884162178,False,34.79721486568451,False,False
860.0,KL001,51.529565095198386,3.885221788843909,162.99999999999994,165.5846750214427,41.56128607316275,-35.74299092863211,0.9906790256500244,0.845751166343689,29.917452575672016,False,44.5805561542511,False,False
860.0,KL002,53.07233094100192,3.558685195301653,156.40080677700175,158.89429619740264,205.62463571109677,139.8283102408792,0.9505584239959717,0.4200565814971924,28.807343585236744,False,5.0,True,False
860.0,KL004,52.622033871536786,3.832963976805228,154.5393908795673,157.0068804566081,5.227729445766496,-21.747735600383947,-0.04821294546127319,0.3040647506713867,15.023934935608306,False,-2.1695825457572937,False,False
860.0,KL005,51.689825736977724,3.1254767559624934,162.99999999999994,165.5846750214427,6.975645743201177,-33.10325375228399,0.7305779457092285,0.8925002813339233,29.917452575672016,False,32.87600755691528,False,False
860.0,KL0010,52.38039711452681,3.726163788455358,154.60575575043143,157.07417438914212,9.264163173652555,-39.32681098421244,0.2293773889541626,0.40835249423980713,15.023934935608306,False,10.321982502937317,False,False
870.0,KL001,51.514933562506855,3.881194513895962,162.99999999999994,165.5846750214427,40.09998878489579,-20.995524809493105,-0.4698559641838074,0.8002126216888428,30.918474799831717,False,-21.143518388271332,False,False
870.0,KL002,53.078551722814396,3.537042167566174,157.84094745159598,160.35446860933777,206.9382596056218,145.092081121016,0.9524829387664795,0.45430588722229004,42.07692522073,False,-5.0,True,False
870.0,KL005,51.69008899581653,3.101534598596671,162.99999999999994,165.5846750214427,5.515167756604393,-24.38009713930103,0.8421330451965332,0.9086520671844482,30.918474799831717,False,37.895987033843994,False,False
870.0,KL0010,52.38910392330326,3.744601628074068,156.00576147461726,158.49374318007133,7.961137864231041,-35.001954102827426,0.40276074409484863,0.2425224781036377,42.07692522073,False,18.12423348426819,False,False
880.0,KL001,51.50023841123183,3.877818833347899,162.99999999999994,165.5846750214427,38.67683361531696,-38.034083204428185,0.9953444004058838,0.8206636905670166,53.9034521022785,False,44.79049801826477,False,False
880.0,KL002,53.08391224215097,3.514515253239544,159.39854588591538,161.9336497609497,208.20257862780065,140.38001495920275,0.9582183361053467,0.36178362369537354,42.3370074240944,False,5.0,True,False
880.0,KL0010,52.39535732866086,3.7656406300160437,156.8370277082545,159.33659251678455,6.569666149954222,-24.631442084348805,-0.6825385689735413,0.1873455047607422,42.3370074240944,False,-30.714235603809357,False,False
890.0,KL001,51.485606878540295,3.8737941494879653,162.99999999999994,165.5846750214427,37.248573167571585,-23.45837565372281,0.4130591154098511,0.6558687686920166,55.115238704412775,False,18.5876601934433,False,False
890.0,KL002,53.09023960212414,3.492477780307994,160.6388225525451,163.19105035530987,209.5485177112986,145.6417240383015,0.9586077928543091,0.32752466201782227,42.68165458639861,False,-5.0,True,False
890.0,KL0010,52.4019956453333,3.7864718862288846,157.47905488342573,159.987549175464,5.315502909225531,-50.57411627264722,0.9549927711486816,0.5172398090362549,42.68165458639861,False,42.974674701690674,False,False
900.0,KL001,51.47221307530359,3.8635173901297053,162.99999999999994,165.5846750214427,35.655864286590045,-8.312608731249924,-0.8585768342018127,0.4869931936264038,98.54188759727354,False,-38.63595753908157,False,False
900.0,KL002,53.095684664214644,3.4696081576625826,161.76159983270466,164.32928179922447,210.84223800054582,140.9268878705048,0.8094791173934937,0.8134870529174805,98.54188759727354,False,5.0,True,False
910.0,KL001,51.458647637957284,3.8538408904888133,162.99999999999994,165.5846750214427,34.08202097845358,-24.95004254735028,0.3344184160232544,0.702810525894165,99.79766538802751,False,15.048828721046448,False,False
910.0,KL002,53.102101492951405,3.4472390397526333,162.99999999999994,165.5846750214427,212.21682548262885,146.18565635711536,0.8322594165802002,0.7528455257415771,99.79766538802751,False,-5.0,True,False
920.0,KL001,51.4452430869373,3.8435975048133293,162.99999999999994,165.5846750214427,32.502044558582654,-10.721310329570542,-0.8299252986907959,0.5297250747680664,100.99035707962301,False,-37.346638441085815,False,False
920.0,KL002,53.10759099945163,3.4241862476323894,162.99999999999994,165.5846750214427,213.53069345972685,141.46605106526818,0.8112208843231201,0.8101966381072998,100.99035707962301,False,5.0,True,False
930.0,KL001,51.431597411233284,3.834221738722385,162.99999999999994,165.5846750214427,30.95142311981728,-27.563149615996366,0.4755558967590332,0.7010917663574219,102.25437532197046,False,21.400015354156494,False,False
930.0,KL002,53.114008879283055,3.4018055273489063,162.99999999999994,165.5846750214427,214.91443820951844,146.71818397385618,0.8289794921875,0.7507538795471191,102.25437532197046,False,-5.0,True,False
940.0,KL001,51.41811832219693,3.824248395949865,162.99999999999994,165.5846750214427,29.395400162766027,-12.782311516588692,-0.800710141658783,0.5648775100708008,103.45478409123544,False,-36.03195637464523,False,False
940.0,KL002,53.11949838578328,3.378746350877606,162.99999999999994,165.5846750214427,216.23788722590282,141.99183414472486,0.8068583011627197,0.8097801208496094,103.45478409123544,False,5.0,True,False
950.0,KL001,51.40447264649291,3.814878193385441,162.99999999999994,165.5846750214427,27.867262509138712,-29.85119576296472,0.5688886642456055,0.6978180408477783,104.72050632240774,False,25.599989891052246,False,False
950.0,KL002,53.125916265614705,3.3563594310461804,162.99999999999994,165.5846750214427,217.63016769813265,147.23747059212792,0.8246440887451172,0.7493219375610352,104.72050632240774,False,-5.0,True,False
960.0,KL001,51.39099355745656,3.8049107655141587,162.99999999999994,165.5846750214427,26.335735082486163,-15.326169746146348,-0.742736279964447,0.5814917087554932,105.9226449048029,False,-33.423132598400116,False,False
960.0,KL002,53.13140577211493,3.333293865690131,162.99999999999994,165.5846750214427,218.962852073224,142.5045783925292,0.8024606704711914,0.80887770652771,105.9226449048029,False,5.0,True,False
970.0,KL001,51.37734788175254,3.795546117779849,162.99999999999994,165.5846750214427,24.838534897901894,-32.70276305630367,0.6711161136627197,0.7028634548187256,107.1899682101886,False,30.200225114822388,False,False
970.0,KL002,53.137823651946356,3.310900741907777,162.99999999999994,165.5846750214427,220.3633452427925,147.74392193528882,0.8202195167541504,0.7471652030944824,107.1899682101886,False,-5.0,True,False
980.0,KL001,51.36386879271619,3.785584595566763,162.99999999999994,165.5846750214427,23.341530626806918,-18.530423699357584,-0.6331976056098938,0.6014325618743896,108.39373731283496,False,-28.49389225244522,False,False
980.0,KL002,53.14331315844658,3.287828783128963,162.99999999999994,165.5846750214427,221.7049338296756,143.00468389254718,0.7980778217315674,0.8072843551635742,108.39373731283496,False,5.0,True,False
990.0,KL001,51.35022311701217,3.776225493984109,162.99999999999994,165.5846750214427,21.8882630601429,-36.334198674143835,0.7731108665466309,0.7189164161682129,109.66256794062646,False,34.78998899459839,False,False
990.0,KL002,53.149731038278006,3.265429450988496,162.99999999999994,165.5846750214427,223.11333071392104,148.23793193996306,0.8157379627227783,0.7438945770263672,109.66256794062646,False,0.0,True,False
1000.0,KL001,51.33674402797582,3.7662698682052445,162.99999999999994,165.5846750214427,20.441571853008924,-22.66002308136376,-0.4554758071899414,0.6336343288421631,110.92547034030537,False,-20.496411323547363,False,False
1000.0,KL002,53.15627889811236,3.2431264527915733,162.99999999999994,165.5846750214427,224.53386361593473,148.46477752133092,0.7923077344894409,0.7652597427368164,110.92547034030537,False,-5.0,True,False
1010.0,KL001,51.3230983522718,3.756916304113679,162.99999999999994,165.5846750214427,19.05292715498969,-41.070580183537174,0.8915987014770508,0.7482700347900391,112.14516555134676,False,40.121941566467285,False,False
1010.0,KL002,53.16176840461259,3.2200445758757796,162.99999999999994,165.5846750214427,225.88795583254077,143.71642950942646,0.8116240501403809,0.7844016551971436,112.14516555134676,False,5.0,True,False
1020.0,KL001,51.30961926323545,3.7469665655640725,162.99999999999994,165.5846750214427,17.682289140997444,-28.114825596358145,-0.11859846115112305,0.68303382396698,113.4022995088564,False,-5.336930751800537,False,False
1020.0,KL002,53.16818628444401,3.197635612688665,162.99999999999994,165.5846750214427,227.30742452378982,148.9409525338677,0.7879490852355957,0.7587289810180664,113.4022995088564,False,-5.0,True,False
1030.0,KL001,51.29637795091432,3.7360807551930755,162.99999999999994,165.5846750214427,16.316815779305294,-36.605116135977084,0.5687305927276611,0.7292968034744263,114.58941024679731,False,25.59287667274475,False,False
1030.0,KL002,53.17367579094424,3.1745473307590317,162.99999999999994,165.5846750214427,228.66965774774823,144.18672620107964,0.7971326112747192,0.7894103527069092,114.58941024679731,False,5.0,True,False
1040.0,KL001,51.28425584420777,3.722380006270451,162.99999999999994,165.5846750214427,14.879281436082001,-23.7598485092673,-0.6388818621635437,0.6773537397384644,115.74237851858197,False,-28.749683797359467,False,False
1040.0,KL002,53.18009367077566,3.1521321479568924,162.99999999999994,165.5846750214427,230.09632008865594,149.40562123191364,0.7776529788970947,0.7579807043075562,115.74237851858197,False,-5.0,True,False
1050.0,KL001,51.27190176049645,3.7092228827164733,162.99999999999994,165.5846750214427,13.516846729717583,-43.34354452728314,0.7746338844299316,0.76206374168396,116.8626107388498,False,34.858524799346924,False,False
1050.0,KL002,53.18558317727589,3.129037456460016,162.99999999999994,165.5846750214427,231.46640921608346,144.64569346058124,0.8173239231109619,0.7713978290557861,116.8626107388498,False,-5.0,True,False
1060.0,KL001,51.2597796537899,3.6955294313332807,162.99999999999994,165.5846750214427,12.196176381436246,-31.934565555044912,-0.13717758655548096,0.7451975345611572,117.89822210500206,False,-6.172991394996643,False,False
1060.0,KL002,53.189845585665275,3.10522958581625,162.99999999999994,165.5846750214427,232.75500957035965,139.9118634095255,0.8440296649932861,0.8235146999359131,117.89822210500206,False,-10.0,True,False
1070.0,KL001,51.24790744199289,3.681181437687806,162.99999999999994,165.5846750214427,10.924952331821734,-43.36574443445801,0.6512980461120605,0.7882206439971924,118.80210930282928,False,29.308412075042725,False,False
1070.0,KL002,53.19211067514945,3.080699466428747,162.99999999999994,165.5846750214427,233.89379572424204,130.21611769939523,0.8620041608810425,0.8889079093933105,118.80210930282928,False,-10.0,True,False
1080.0,KL001,51.237393209264255,3.664442580199859,162.99999999999994,165.5846750214427,9.614253650117458,-33.14727543410453,-0.1784103512763977,0.7650712728500366,119.459288546594,False,-8.028465807437897,False,False
1080.0,KL002,53.191789227999216,3.055885045159859,162.99999999999994,165.5846750214427,234.8150379966001,120.5617492763505,0.8378376960754395,0.9168334007263184,119.459288546594,False,-5.0,True,False
1090.0,KL001,51.226989242018966,3.647454102227335,162.99999999999994,165.5846750214427,8.405476252615335,-48.37441389444177,0.5009913444519043,0.7844549417495728,119.99826403695396,False,22.544610500335693,False,False
1090.0,KL002,53.18962343267372,3.031299919219632,162.99999999999994,165.5846750214427,235.56912906160966,115.93059925316601,0.7124135494232178,0.9179496765136719,119.99826403695396,False,-10.0,True,False
1100.0,KL001,51.2179933972473,3.628600301882069,162.99999999999994,165.5846750214427,7.213218857875694,-40.95102122205486,-0.06079655885696411,0.7957209348678589,120.3187546496218,False,-2.735845148563385,False,False
1100.0,KL002,53.185465037561585,3.0074724403121667,162.99999999999994,165.5846750214427,236.12403331249124,106.31849517004957,-0.7013230323791504,0.9033463001251221,120.3187546496218,False,-31.559536457061768,False,False
1110.0,KL001,51.20992653712314,3.608618741191596,162.99999999999994,165.5846750214427,6.121656697694549,-54.43018531511825,0.6617209911346436,0.829390287399292,120.40312839599764,False,29.77744460105896,False,False
1110.0,KL002,53.178583573318946,2.985523866078077,162.99999999999994,165.5846750214427,236.3717549519725,90.89974792184728,-0.9983528256416321,0.7908565998077393,120.40312839599764,False,-44.925877153873444,False,False
1120.0,KL001,51.20383819522378,3.5870095124074437,162.99999999999994,165.5846750214427,5.108602504187113,-51.98074782152389,0.5063072443008423,0.8562767505645752,120.13575459091084,False,22.783825993537903,False,False
1120.0,KL002,53.1683763692933,2.9675416727610755,162.99999999999994,165.5846750214427,236.17677091159865,75.48109473591097,-0.9988864660263062,0.621544599533081,120.13575459091084,False,-44.94989097118378,False,False
1130.0,KL002,53.15561698004531,2.9548875971162163,162.99999999999994,165.5846750214427,235.55267493234564,60.034060598709885,-0.635094940662384,-0.9956976175308228,inf,False,-28.57927232980728,False,False
1140.0,KL002,53.14152179759397,2.94868062262389,159.58461136746035,162.12228766600188,234.55879996208884,44.238347283518266,-0.6790095567703247,-0.9752743244171143,inf,False,-30.555430054664612,False,False
1150.0,KL002,53.12725826925583,2.949306656596554,156.2392778495997,158.73051590132647,233.27761536333264,28.00943833966312,-0.804381787776947,-0.8639246225357056,inf,False,-36.197180449962616,False,False
1160.0,KL002,53.113969755219834,2.9565683524117894,153.27584286020456,155.725614258094,231.81313955440697,11.346407159363594,-0.9247617125511169,-0.3394061326980591,inf,False,-41.61427706480026,False,False
1170.0,KL002,53.10263302924879,2.969822437619626,152.111319879741,154.5447123827003,230.27456568720322,-5.591143692663167,-0.9739956259727478,0.2977992296218872,inf,False,-43.82980316877365,False,False
1180.0,KL002,53.09404155812766,2.988107605075261,153.13217709943984,155.5799304058565,228.77060124545577,-22.53400605199596,-0.9688674807548523,0.6548600196838379,inf,False,-43.59903663396835,False,False
1190.0,KL002,53.08890515783088,3.01003111480828,155.37761628509364,157.8568290834022,227.42303677804045,-39.36132301628021,-0.6899138689041138,0.7874987125396729,inf,False,-31.04612410068512,False,False
1200.0,KL002,53.087692840397445,3.033873545837708,158.07794953943838,160.59476025620293,226.34788004239786,-56.01142608627799,0.2913506031036377,0.8836745023727417,inf,False,13.110777139663696,False,False
1210.0,KL002,53.08617800705716,3.0581332204283256,161.1081212736163,163.66681411316165,225.23565964655944,-43.212354305481,-0.36939555406570435,0.7269316911697388,inf,False,-16.622799932956696,False,False
1220.0,KL002,53.08568627397389,3.082817320040549,162.99999999999994,165.5846750214427,224.20456011862677,-59.385162254332045,0.34862518310546875,0.8224937915802002,inf,False,15.688133239746094,False,False
1230.0,KL002,53.08478689912094,3.1074879783274683,162.99999999999994,165.5846750214427,223.14530180019355,-44.031198248838535,-0.18425476551055908,0.6684348583221436,inf,False,-8.291464447975159,False,False
1240.0,KL002,53.083761390349274,3.1322001884870208,162.99999999999994,165.5846750214427,222.08069673069147,-52.65848951918204,0.42966723442077637,0.7830934524536133,inf,False,19.335025548934937,False,False
1250.0,KL002,53.08095855256013,3.156469308848505,162.99999999999994,165.5846750214427,220.88023811258824,-37.138064050114394,-0.7726249694824219,0.4502263069152832,inf,False,-34.768123626708984,False,False
1260.0,KL002,53.07855931810708,3.18085617255299,162.99999999999994,165.5846750214427,219.71805671705653,-53.27594397957748,0.44980955123901367,0.7561242580413818,inf,False,20.241429805755615,False,False
1270.0,KL002,53.07575648031794,3.2051223604771195,162.99999999999994,165.5846750214427,218.53034979499014,-37.76215812948317,-0.7572465538978577,0.4112362861633301,inf,False,-34.076094925403595,False,False
1280.0,KL002,53.07335724586489,3.229506277867442,162.99999999999994,165.5846750214427,217.38149300252087,-53.90674421481171,0.4740718603134155,0.7330954074859619,inf,False,21.3332337141037,False,False
1290.0,KL002,53.07055440807575,3.253769534262772,162.99999999999994,165.5846750214427,216.20695739648957,-38.39973997477253,-0.7372035980224609,0.42130088806152344,inf,False,-33.17416191101074,False,False
1300.0,KL002,53.0681551736227,3.2781505062517278,162.99999999999994,165.5846750214427,215.0718549345593,-54.551169706440845,0.46382200717926025,0.7013101577758789,inf,False,20.87199032306671,False,False
1310.0,KL002,53.06535233583356,3.302410832026435,162.99999999999994,165.5846750214427,213.91092373137315,-39.05108852311932,-0.7120532393455505,0.44420039653778076,inf,False,-32.042395770549774,False,False
1320.0,KL002,53.06295310138051,3.3267888595264368,162.99999999999994,165.5846750214427,212.7900187285708,-55.20949834624014,0.45781242847442627,0.6843109130859375,inf,False,20.601559281349182,False,False
1330.0,KL002,53.06015026359137,3.3510462555883223,162.99999999999994,165.5846750214427,211.64313866705064,-39.7164806494348,-0.6912282109260559,0.4673268795013428,inf,False,-25.0,True,False
1340.0,KL002,53.057751029138316,3.375421339511406,162.99999999999994,165.5846750214427,210.53688780223564,-55.88200545730123,0.4623364210128784,0.6877948045730591,inf,False,20.80513894557953,False,False
1350.0,KL002,53.054948191349176,3.3996758067678927,162.99999999999994,165.5846750214427,209.40451942509281,-40.396190139486606,-0.6785106062889099,0.49293291568756104,inf,False,-20.0,True,False
1360.0,KL002,53.052548956896125,3.424047948025716,162.99999999999994,165.5846750214427,208.3133930394614,-56.568962718128006,0.47601985931396484,0.6957173347473145,inf,False,21.420893669128418,False,False
1370.0,KL002,53.049746119106985,3.448299487383851,162.99999999999994,165.5846750214427,207.19601080677748,-41.09048656348995,-0.6754328608512878,0.5092449188232422,inf,False,-20.0,True,False
1380.0,KL002,53.04734688465393,3.4726686868876904,162.99999999999994,165.5846750214427,206.1204929735343,-57.27063698494703,0.5046658515930176,0.719367504119873,inf,False,22.70996332168579,False,False
1390.0,KL002,53.04454404686479,3.496917299254142,162.99999999999994,165.5846750214427,205.01858533234324,-41.799634045595326,-0.6665768027305603,0.5247352123260498,inf,False,-15.0,True,False
1400.0,KL002,53.04212343789146,3.52128194708706,162.99999999999994,165.5846750214427,203.95717880379144,-57.16367323634657,0.507648229598999,0.7325646877288818,inf,False,22.844170331954956,False,False
1410.0,KL002,53.039111439617805,3.5454580752359686,162.99999999999994,165.5846750214427,202.85343840920189,-41.695821457116864,-0.7121986746788025,0.5311844348907471,inf,False,-10.0,True,False
1420.0,KL002,53.03614586788437,3.5696922813919554,162.99999999999994,165.5846750214427,201.7600946938401,-52.05683015816808,0.46066951751708984,0.7025494575500488,inf,False,20.730128288269043,False,False
1430.0,KL002,53.031674610195196,3.5932316814374254,162.99999999999994,165.5846750214427,200.55159191895518,-36.5632679961283,-0.8238089680671692,0.596530556678772,inf,False,-15.0,True,False
1440.0,KL002,53.02757480979665,3.61695897887766,162.99999999999994,165.5846750214427,199.3797654322711,-51.905971911127324,0.42832112312316895,0.7305141687393188,inf,False,19.274450540542603,False,False
1450.0,KL002,53.02290063262678,3.6403844009227937,162.99999999999994,165.5846750214427,198.1687164084518,-36.41540882666388,-0.83221834897995,0.6234126091003418,inf,False,-15.0,True,False
1460.0,KL002,53.018596227360305,3.6640064354871336,162.99999999999994,165.5846750214427,196.99431738983085,-51.761336291363904,0.3208373785018921,0.7753500938415527,inf,False,14.437682032585144,False,False
1470.0,KL002,53.01375257006823,3.687338739357165,162.99999999999994,165.5846750214427,195.78322765190757,-37.660410905118795,-0.6570845246315002,0.3590933084487915,inf,False,-15.0,True,False
1480.0,KL002,53.00958782563268,3.7110248842042473,162.99999999999994,165.5846750214427,194.6348441023753,-53.01800590726518,0.6067554950714111,0.8414530754089355,inf,False,27.3039972782135,False,False
1490.0,KL002,53.00484953165994,3.734404904771932,162.99999999999994,165.5846750214427,193.44672225664388,-37.5424654751624,-0.46722447872161865,0.6403881311416626,inf,False,-10.0,True,False
1500.0,KL002,53.000152983438255,3.757850918366723,162.99999999999994,165.5846750214427,192.2678817677738,-47.89633108474763,0.025270938873291016,0.694002628326416,inf,False,1.1371922492980957,False,False
1510.0,KL002,52.99583103435917,3.781528751702933,162.99999999999994,165.5846750214427,191.1267488549988,-47.12722764364463,-0.0023899078369140625,0.6787059307098389,inf,False,-0.10754585266113281,False,False
1520.0,KL002,52.991535841313706,3.805217659581468,162.99999999999994,165.5846750214427,189.99587626088126,-47.607911130282474,0.02207016944885254,0.6924118995666504,inf,False,0.9931576251983643,False,False
1530.0,KL002,52.98699415095835,3.828776903611572,162.99999999999994,165.5846750214427,188.8521654889414,-46.9863538444674,0.004620790481567383,0.6777511835098267,inf,False,0.20793557167053223,False,False
1540.0,KL002,52.98240102221182,3.852306122061138,162.99999999999994,165.5846750214427,187.71211707139662,-47.15326279221219,0.021677017211914062,0.6798973083496094,inf,False,0.9754657745361328,False,False
1550.0,KL002,52.97756740474486,3.875699487135655,162.99999999999994,165.5846750214427,186.5597256247305,-46.5512012538469,0.01692366600036621,0.6592679023742676,inf,False,0.7615649700164795,False,False
1560.0,KL002,52.9725470034317,3.8989814228140154,162.99999999999994,165.5846750214427,185.39950018736965,-46.16290477953214,0.031111955642700195,0.6459102630615234,inf,False,1.4000380039215088,False,False
1570.0,KL002,52.96718556234477,3.9220499258926855,162.99999999999994,165.5846750214427,184.21843726796425,-45.13189885422659,0.021754741668701172,0.611793041229248,inf,False,0.9789633750915527,False,False
1580.0,KL002,52.96158754207606,3.944960048915292,162.99999999999994,165.5846750214427,183.0252579921033,-44.52034280849685,0.07940876483917236,0.5504088401794434,inf,False,3.5733944177627563,False,False
1590.0,KL002,52.955196966630275,3.967286674181488,162.99999999999994,165.5846750214427,181.77433532935837,-41.296634597948696,0.2498033046722412,0.39687061309814453,inf,False,11.241148710250854,False,False
1600.0,KL002,52.94700190350041,3.987868979389874,162.99999999999994,165.5846750214427,180.39158709363358,-30.350231234067508,-0.8239309787750244,-0.18839019536972046,inf,False,-20.0,True,False
1610.0,KL002,52.940024455942336,4.009500657561288,162.3533744307015,164.9291834907659,179.1110780745145,-46.57370176710904,-0.10346364974975586,-0.025479376316070557,inf,False,-4.655864238739014,False,False
1620.0,KL002,52.93573832331897,4.033043735513448,162.26547420377992,164.84007688957942,178.06453647918408,-51.64745300256217,0.07146167755126953,0.17572486400604248,inf,False,3.215775489807129,False,False
1630.0,KL002,52.93079576635658,4.056326867296507,162.86762968400112,165.4504909876834,176.96634326649036,-48.84035949637638,-0.024921655654907227,0.12203717231750488,inf,False,-1.1214745044708252,False,False
1640.0,KL002,52.92608342054524,4.079760443668491,162.99999999999994,165.5846750214427,175.8973086717211,-50.38182932887426,0.026370763778686523,0.19579803943634033,inf,False,1.1866843700408936,False,False
1650.0,KL002,52.9210795325385,4.1030244801114515,162.99999999999994,165.5846750214427,174.81163194398908,-49.612936974998775,-0.0417102575302124,0.23890924453735352,inf,False,-1.876961588859558,False,False
1660.0,KL002,52.91653042374921,4.126541395648795,162.99999999999994,165.5846750214427,173.7766298159976,-51.92416302881182,0.09088134765625,0.29435038566589355,inf,False,4.08966064453125,False,False
1670.0,KL002,52.911072135613985,4.149515009845916,162.99999999999994,165.5846750214427,172.66941534342592,-48.25084312425966,-0.3515714406967163,0.2852606773376465,inf,False,0.0,True,False
1680.0,KL002,52.90553046422689,4.172433144080452,162.99999999999994,165.5846750214427,171.56390990274625,-48.6703552194827,-0.3655474781990051,0.3134276866912842,inf,False,0.0,True,False
1690.0,KL002,52.8999887928398,4.1953483470053055,162.99999999999994,165.5846750214427,170.4677226123211,-49.09528406279165,-0.37040287256240845,0.3395354747772217,inf,False,0.0,True,False
1700.0,KL002,52.89444712145271,4.218260619584539,162.99999999999994,165.5846750214427,169.38103424069024,-49.52568761322823,-0.9986661672592163,-0.741036057472229,inf,False,0.0,True,False
1710.0,KL002,52.888983155277316,4.240848750671845,160.4580054448115,163.00774021402242,168.31906256103179,-49.95547173440826,-0.9986483454704285,-0.616905689239502,inf,False,0.0,True,False
1720.0,KL002,52.88359416187573,4.2631241563753255,158.34173978159185,160.86220952902818,167.281057422429,-50.38467843748606,-0.9986536502838135,-0.4579799175262451,inf,False,0.0,True,False
1730.0,KL002,52.87826158468702,4.285163641990429,156.77053690228848,159.2691761062177,166.26327503350208,-50.81464182591844,-0.9977916479110718,-0.5123726725578308,inf,False,0.0,True,False
1740.0,KL002,52.87298807836498,4.306956324783384,155.01279216848727,157.486905653882,165.26608873262407,-51.24502506034577,-0.9977829456329346,-0.3823155164718628,inf,False,0.0,True,False
1750.0,KL002,52.86776066169447,4.3285559292267495,153.70110050629927,156.15684133379327,164.28693296881747,-51.67677756859706,-0.9977690577507019,-0.26400226354599,inf,False,0.0,True,False
1760.0,KL002,52.86256525885337,4.350020675228468,152.7951832960393,155.23819998540708,163.3231284533244,-52.11098938593835,-0.9977405071258545,-0.15618252754211426,inf,False,0.0,True,False
1770.0,KL002,52.857388051399944,4.3714076912568505,152.25905040389466,154.69452333271815,162.3721416382098,-52.54878168222797,-0.997709333896637,-0.07835608720779419,inf,False,0.0,True,False
1780.0,KL002,52.852219980765035,4.392754418988628,151.98983484913575,154.4215159626799,161.43240001643457,-52.9909184500753,-0.9976751208305359,-0.024013638496398926,inf,False,0.0,True,False
1790.0,KL002,52.84705472163994,4.414086994568499,151.90699446037956,154.3375082874223,160.50288796688227,-53.437959752542355,-0.9976375699043274,0.013476967811584473,inf,False,0.0,True,False
1800.0,KL002,52.84188791019519,4.435423442257952,151.95273311778826,154.38389146806884,159.58298642275827,-53.890316380814795,-0.9975962042808533,0.03929471969604492,inf,False,0.0,True,False
1810.0,KL002,52.836716541321444,4.456776167913941,152.08701688031144,154.52006706193978,158.6723500779036,-54.34829390858238,-0.997550904750824,0.057129859924316406,inf,False,0.0,True,False
1820.0,KL002,52.83153853910685,4.478153735508536,152.28246808900872,154.71827072950256,157.77082090711554,-54.812124627646,-0.9975014328956604,0.0695183277130127,inf,False,0.0,True,False
1830.0,KL002,52.82635246165514,4.499562087849037,152.52040649662808,154.95955813476647,156.8783692475759,-55.28198973723056,-0.9974370002746582,0.08182084560394287,inf,False,0.0,True,False
1840.0,KL002,52.82115687711413,4.521007123435995,152.80053719220902,155.24362916418562,155.9949825145736,-55.758073551538104,-0.9973415732383728,0.09911978244781494,inf,False,0.0,True,False
1850.0,KL002,52.81594977212949,4.542497137660948,153.13999589346858,155.58785905000417,155.12056691225584,-56.2406185040534,-0.9972360730171204,0.11211824417114258,inf,False,5.0,True,False
1860.0,KL002,52.809724375366905,4.563289798112938,153.5240333878854,155.97728945439326,154.15577131456695,-51.702857889766904,-0.9981802701950073,0.1496882438659668,inf,False,-5.0,True,False
1870.0,KL002,52.80437449584004,4.584819912170187,154.0369207357875,156.49737107880324,153.28703888485154,-57.19647037079139,-0.9969834089279175,0.11843860149383545,inf,False,0.0,True,False
1880.0,KL002,52.79912318365132,4.606483995281377,154.44263184844857,156.9087665903962,152.43889387721984,-57.69987677493222,-0.9968633651733398,0.12229394912719727,inf,False,5.0,True,False
1890.0,KL002,52.79284471993725,4.627450141265976,154.86156407601348,157.33356240752664,151.498413910552,-53.1836201899097,-0.9980332851409912,0.10786283016204834,inf,False,-5.0,True,False
1900.0,KL002,52.78745221148913,4.649137512594788,155.23100162301859,157.70816568324028,150.65786703344074,-58.69818119238789,-0.9965624809265137,0.13907873630523682,inf,False,0.0,True,False
1910.0,KL002,52.78215797582039,4.670970168214038,155.70749690117785,158.19131656414012,149.8388301297964,-59.222947044764396,-0.9963368773460388,0.14253270626068115,inf,False,5.0,True,False
1920.0,KL002,52.77582743498497,4.692109866161164,156.1958364939115,158.68646890881232,148.92544031118538,-54.72892233192226,-0.9976497888565063,0.10115456581115723,inf,False,-5.0,True,False
1930.0,KL002,52.77038755043007,4.713970166310104,156.54226296224388,159.03772322411052,148.11508510545465,-60.26538605269903,-0.9956885576248169,0.16088807582855225,inf,False,5.0,True,False
1940.0,KL002,52.764021973102224,4.735226377477594,157.09355196950764,159.59668633430047,147.22105475365956,-55.78665357416952,-0.9972444772720337,0.09463417530059814,inf,False,-5.0,True,False
1950.0,KL002,52.75855046344215,4.757201813996417,157.41761308238546,159.92525345681295,146.4321854185272,-61.33810997427,-0.9948592782020569,0.1794593334197998,inf,False,0.0,True,False
1960.0,KL002,52.75317733007685,4.779345105585405,158.0325917906461,160.5487731018065,145.66662993333395,-61.900518424009135,-0.9942601323127747,0.1779038906097412,inf,False,5.0,True,False
1970.0,KL002,52.74675131314004,4.800803685405792,158.64223395818465,161.16686884379772,144.80339966890085,-57.44581629716134,-0.9957622289657593,0.09568798542022705,inf,False,-5.0,True,False
1980.0,KL002,52.741223724350206,4.822985000192291,158.9699043292229,161.4990773808223,144.04848399601664,-63.02086741574459,-0.9908912777900696,0.22495222091674805,inf,False,0.0,True,False
1990.0,KL002,52.735792626807665,4.845358254010543,159.74090172899986,162.28073784446676,143.3178706748572,-63.607564001088264,-0.9850820302963257,0.26479005813598633,inf,False,5.0,True,False
2000.0,KL002,52.7292883753194,4.867080906170114,160.64852558969824,163.2008871409397,142.4864608687614,-59.17909890732423,-0.9702020287513733,0.2870016098022461,inf,False,-5.0,True,False
2010.0,KL002,52.723665095341644,4.889619823254342,161.6323238985577,164.19822878695055,141.76387516135523,-64.78225093275898,-0.4702798128128052,0.6274073123931885,inf,False,0.0,True,False
2020.0,KL002,52.71812512062172,4.912432373518299,162.99999999999994,165.5846750214427,141.0655027477345,-65.3993626093744,0.7017550468444824,0.8659408092498779,inf,False,31.57897710800171,False,False
2030.0,KL002,52.710579676489914,4.933535256525371,162.99999999999994,165.5846750214427,140.1652073319196,-50.14821039180782,0.1709432601928711,0.6543047428131104,inf,False,7.692446708679199,False,False
2040.0,KL002,52.700266960131486,4.951240680629836,162.99999999999994,165.5846750214427,138.97817380784434,-42.9360189553384,-0.4372485876083374,0.5854921340942383,inf,False,-19.676186442375183,False,False
2050.0,KL002,52.69140366661126,4.970889178191177,162.99999999999994,165.5846750214427,137.95945600123113,-59.304460474467135,0.7463011741638184,0.8523838520050049,inf,False,33.583552837371826,False,False
2060.0,KL002,52.68221493031303,4.990122746186904,162.99999999999994,165.5846750214427,136.91752726375012,-44.022542344275536,-0.06726396083831787,-0.2586367726325989,inf,False,-3.026878237724304,False,False
2070.0,KL002,52.67221298508871,5.008137944259603,162.1124548960788,164.68495682622395,135.79770165481153,-47.56393325917398,0.19900405406951904,-0.03270876407623291,inf,False,8.955182433128357,False,False
2080.0,KL002,52.66102058074223,5.024066590808134,161.9997613330404,164.5707155885227,134.5556610522154,-39.07156980558591,-0.3486112356185913,-0.18796557188034058,inf,False,-15.687505602836609,False,False
2090.0,KL002,52.65108711975931,5.041918461774127,161.35459523958195,163.91668032928982,133.4645188347115,-55.28616792100621,0.6565965414047241,0.3845905065536499,inf,False,29.546844363212585,False,False
2100.0,KL002,52.64073747208786,5.059379528548629,162.67308478931037,165.2532793212976,132.33793837411926,-39.951607671060344,-0.3689393997192383,-0.12115806341171265,inf,False,-16.602272987365723,False,False
2110.0,KL002,52.63071259050287,5.0772671872099435,162.25704137060083,164.83152830654203,131.25974582476758,-56.39322119132029,0.6647734642028809,0.4766378402709961,inf,False,29.91480588912964,False,False
2120.0,KL002,52.620350341641974,5.094778007336123,162.99999999999994,165.5846750214427,130.15507888249348,-41.11454583423847,-0.18210196495056152,0.9108177423477173,inf,False,-8.194588422775269,False,False
2130.0,KL002,52.609844069326016,5.112130043603278,162.99999999999994,165.5846750214427,129.04581469398283,-49.858673289000336,0.5478918552398682,0.9036085605621338,inf,False,24.655133485794067,False,False
2140.0,KL002,52.598162449632206,5.127212302488256,162.99999999999994,165.5846750214427,127.80851230827068,-34.52882228002093,-0.8178310394287109,0.929675817489624,inf,False,-36.80239677429199,False,False
2150.0,KL002,52.58673821555606,5.142815447047741,162.99999999999994,165.5846750214427,126.61196133950409,-50.87036612718887,0.5228716135025024,0.9184912443161011,inf,False,23.52922260761261,False,False
2160.0,KL002,52.57505659586225,5.157889754929339,162.99999999999994,165.5846750214427,125.39456914210189,-35.55995440974314,-0.8024219274520874,0.937422513961792,inf,False,-36.10898673534393,False,False
2170.0,KL002,52.563632361786105,5.173484677639845,162.99999999999994,165.5846750214427,124.21912095246084,-51.921363438178815,0.5059820413589478,0.9323172569274902,inf,False,22.76919186115265,False,False
2180.0,KL002,52.551950742092295,5.188551045345743,162.99999999999994,165.5846750214427,123.0228224403467,-36.63119253301733,-0.7854880690574646,0.9450546503067017,inf,False,-35.34696310758591,False,False
2190.0,KL002,52.54052650801615,5.2041377574009955,162.99999999999994,165.5846750214427,121.86970821793334,-53.0132520415832,0.4910318851470947,0.9444417953491211,inf,False,22.096434831619263,False,False
2200.0,KL002,52.52884488832234,5.219196195739192,162.99999999999994,165.5846750214427,120.69575865529482,-37.74412972263218,-0.7626580595970154,0.952235221862793,inf,False,-34.31961268186569,False,False
2210.0,KL002,52.517420654246195,5.2347747083125755,162.99999999999994,165.5846750214427,119.5662820229621,-54.147625703789515,0.48006725311279297,0.9548373222351074,inf,False,21.603026390075684,False,False
2220.0,KL002,52.505739034552384,5.249825228071434,162.99999999999994,165.5846750214427,118.41601096069563,-38.90035948776847,-0.7389853000640869,0.9591062068939209,inf,False,-33.25433850288391,False,False
2230.0,KL002,52.49431480047624,5.2653955523160425,162.99999999999994,165.5846750214427,117.31155012863707,-55.32607126295383,0.4575924873352051,0.9630916118621826,inf,False,20.59166193008423,False,False
2240.0,KL002,52.48263318078243,5.280438164264347,162.99999999999994,165.5846750214427,116.18636350322171,-40.1014605357272,-0.71861732006073,0.9652354717254639,inf,False,-32.33777940273285,False,False
2250.0,KL002,52.471208946706284,5.296000311313039,162.99999999999994,165.5846750214427,115.10837291187855,-56.55015195448519,0.4284381866455078,0.9696893692016602,inf,False,19.27971839904785,False,False
2260.0,KL002,52.459527327012474,5.311035026200033,162.99999999999994,165.5846750214427,114.00975458361626,-41.34897858240316,-0.7047317028045654,0.9703819751739502,inf,False,-31.712926626205444,False,False
2270.0,KL002,52.44810309293633,5.326589007165475,162.99999999999994,165.5846750214427,112.95976588488561,-57.82138764274188,0.4058140516281128,0.9750317335128784,inf,False,18.261632323265076,False,False
2280.0,KL002,52.43642147324252,5.3416158357209165,162.99999999999994,165.5846750214427,111.88927845317662,-42.64440492643766,-0.664520800113678,0.9748170375823975,inf,False,-29.90343600511551,False,False
2290.0,KL002,52.42499723916637,5.357161661695639,162.99999999999994,165.5846750214427,110.8689006557214,-59.14123168934515,0.3969022035598755,0.9786591529846191,inf,False,17.860599160194397,False,False
2300.0,KL002,52.41331561947256,5.372180614629849,162.99999999999994,165.5846750214427,109.82818536634547,-43.98915153710965,-0.6131207942962646,0.9780304431915283,inf,False,-27.59043574333191,False,False
2310.0,KL002,52.40189138539642,5.387718296686292,162.99999999999994,165.5846750214427,108.83910394897288,-60.511044235684665,0.39527201652526855,0.9804236888885498,inf,False,17.787240743637085,False,False
2320.0,KL002,52.39020976570261,5.4027293846902005,162.99999999999994,165.5846750214427,107.82987948648659,-45.38452246662885,-0.5479154586791992,0.9804781675338745,inf,False,-24.656195640563965,False,False
2330.0,KL002,52.37878553162646,5.418258933880765,162.99999999999994,165.5846750214427,106.87385426351163,-61.932061752790275,0.4080188274383545,0.9822360277175903,inf,False,18.360847234725952,False,False
2340.0,KL002,52.36710391193265,5.433262167625958,162.99999999999994,165.5846750214427,105.89791420246148,-46.83168148952129,-0.46602922677993774,0.982722282409668,inf,False,-20.9713152050972,False,False
2350.0,KL002,52.35567967785651,5.448783594983057,162.99999999999994,165.5846750214427,104.97677570862582,-63.40536282178948,0.44791269302368164,0.9843521118164062,inf,False,20.156071186065674,False,False
2360.0,KL002,52.3439980581627,5.463778985121825,162.99999999999994,165.5846750214427,104.03598438249432,-48.331616001345424,-0.37392985820770264,0.9845423698425293,inf,False,-16.82684361934662,False,False
2370.0,KL002,52.33257382408655,5.47929230165793,162.99999999999994,165.5846750214427,103.15162853475769,-64.93183025831453,0.520013689994812,0.9869668483734131,inf,False,23.40061604976654,False,False
2380.0,KL002,52.32089220439274,5.494279858823314,162.99999999999994,165.5846750214427,102.24791507402888,-49.885097381002936,-0.2818871736526489,0.9857828617095947,inf,False,-12.684922814369202,False,False
2390.0,KL002,52.3093817501132,5.509643910404657,162.99999999999994,165.5846750214427,101.39001370550402,-63.37047132310411,0.47460901737213135,0.9885319471359253,inf,False,21.35740578174591,False,False
2400.0,KL002,52.29721618188868,5.5235552038320375,162.99999999999994,165.5846750214427,100.44926129607832,-48.322738626370096,-0.32741010189056396,0.9874837398529053,inf,False,-14.733454585075378,False,False
2410.0,KL002,52.285270784758154,5.537972462028508,162.99999999999994,165.5846750214427,99.56273883683737,-63.85983664585842,0.5342257022857666,0.9901617765426636,inf,False,24.040156602859497,False,False
2420.0,KL002,52.272945628665,5.551495459750944,162.99999999999994,165.5846750214427,98.63408975357679,-48.83090997640224,-0.25238823890686035,0.9883654117584229,inf,False,-11.357470750808716,False,False
2430.0,KL002,52.26070962875297,5.56528333402241,162.99999999999994,165.5846750214427,97.74104956887355,-61.00532619694198,0.4640861749649048,0.9906895160675049,inf,False,20.883877873420715,False,False
2440.0,KL002,52.247777680274325,5.577190030301415,162.99999999999994,165.5846750214427,96.74566847578865,-45.962601994467065,-0.31924939155578613,0.9896805286407471,inf,False,-14.366222620010376,False,False
2450.0,KL002,52.23502894011467,5.589622401495837,162.99999999999994,165.5846750214427,95.80218135818217,-61.140121897478764,0.5411841869354248,0.9920248985290527,inf,False,24.353288412094116,False,False
2460.0,KL002,52.22191583956763,5.600981501437999,162.99999999999994,165.5846750214427,94.81031213764525,-46.11454322274264,-0.2192237377166748,0.98968505859375,inf,False,-9.865068197250366,False,False
2470.0,KL002,52.208797385793375,5.612413231907657,162.99999999999994,165.5846750214427,93.83896779307211,-56.79701051274745,0.4498012065887451,0.9917787313461304,inf,False,20.24105429649353,False,False
2480.0,KL002,52.19503290638761,5.621483299064415,162.99999999999994,165.5846750214427,92.74985553844168,-41.73908806551225,-0.3823568820953369,0.9910875558853149,inf,False,-17.20605969429016,False,False
2490.0,KL002,52.1814271734263,5.631166705939057,162.99999999999994,165.5846750214427,91.71294345638522,-58.363987548536244,0.5965317487716675,0.992908239364624,inf,False,26.843928694725037,False,False
2500.0,KL002,52.167662694020535,5.640231191359155,162.99999999999994,165.5846750214427,90.65871917033134,-43.342394240556274,-0.18533003330230713,0.9913920164108276,inf,False,-8.33985149860382,False,False
2510.0,KL002,52.153811515247384,5.649086553169299,162.99999999999994,165.5846750214427,89.60732872731862,-52.4977283016928,0.5163341760635376,0.9909367561340332,inf,False,23.235037922859192,False,False
2520.0,KL002,52.13944029541405,5.655146880354776,162.99999999999994,165.5846750214427,88.42836825877258,-37.420474023910714,-0.4111443758010864,0.9921431541442871,inf,False,-18.50149691104889,False,False
2530.0,KL002,52.12517724447561,5.661849053705529,162.99999999999994,165.5846750214427,87.29778419905927,-54.03063932941674,0.6772739887237549,0.9916700124740601,inf,False,30.47732949256897,False,False
2540.0,KL002,52.11080602464227,5.6679054869570935,162.99999999999994,165.5846750214427,86.15067138182964,-38.9939473331938,-0.11001962423324585,0.9924156665802002,inf,False,-4.950883090496063,False,False
2550.0,KL002,52.09623207815936,5.672863392771628,162.99999999999994,165.5846750214427,84.96082692310036,-44.717713327875856,0.42566537857055664,0.9910995960235596,inf,False,19.15494203567505,False,False
2560.0,KL002,52.081417373398104,5.6743955879644705,162.99999999999994,165.5846750214427,83.63580410684588,-29.56414317598768,-0.5858234167098999,0.9907057285308838,inf,False,-26.362053751945496,False,False
2570.0,KL002,52.0666343113372,5.676591874691603,162.99999999999994,165.5846750214427,82.35090447577409,-46.103632885262556,0.7640092372894287,0.9895882606506348,inf,False,34.38041567802429,False,False
2580.0,KL002,52.05181960657594,5.67812305427754,162.99999999999994,165.5846750214427,81.05049007665846,-30.99398020189105,0.2765601873397827,0.9897966384887695,inf,False,12.445208430290222,False,False
2590.0,KL002,52.03726797882248,5.673245305578964,162.99999999999994,165.5846750214427,79.5333467754043,-19.013610385929695,-0.7211187481880188,0.9817997217178345,inf,False,-32.450343668460846,False,False
2600.0,KL002,52.02254133380127,5.670209832320503,162.99999999999994,165.5846750214427,78.07939058475466,-35.40386746683129,0.8940330743789673,0.9877841472625732,inf,False,40.23148834705353,False,False
2610.0,KL002,52.007871871929865,5.6665161546611476,162.99999999999994,165.5846750214427,76.61175308118631,-20.13882657316489,-0.1927710771560669,0.977750301361084,inf,False,-8.67469847202301,False,False
2620.0,KL002,51.99318704030182,5.6626450478528065,162.99999999999994,165.5846750214427,75.14295994724287,-29.38673710889185,0.9463075399398804,0.9833736419677734,inf,False,42.58383929729462,False,False
2630.0,KL002,51.97891451766181,5.656018331220248,162.99999999999994,165.5846750214427,73.60364964526211,-14.020061839883653,-0.27791351079940796,0.9588465690612793,inf,False,-12.506107985973358,False,False
2640.0,KL002,51.96455641970189,5.649818953568013,162.99999999999994,165.5846750214427,72.07956973258023,-27.02531705181113,0.9701451063156128,0.9798682928085327,inf,False,43.656529784202576,False,False
2650.0,KL002,51.95054396295452,5.641867437400746,162.99999999999994,165.5846750214427,70.51681017871446,-11.626079345288048,-0.18600726127624512,0.9495241641998291,inf,False,-8.37032675743103,False,False
2660.0,KL002,51.93654847892245,5.633677363809653,162.99999999999994,165.5846750214427,68.94922772739147,-20.427823128733223,0.8637552261352539,0.9723305702209473,inf,False,38.868985176086426,False,False
2670.0,KL002,51.92329002442734,5.622850294318845,162.99999999999994,165.5846750214427,67.33529857771303,-4.891524755779756,-0.5423203706741333,0.9164087772369385,inf,False,-24.404416680336,False,False
2680.0,KL002,51.90985226699303,5.612623755522444,162.99999999999994,165.5846750214427,65.73366424854788,-21.054697532937666,0.9342831373214722,0.9749008417129517,inf,False,42.04274117946625,False,False
2690.0,KL002,51.89659381249792,5.601803121408244,162.99999999999994,165.5846750214427,64.12366524508228,-5.548546222950591,-0.4480125904083252,0.9215468168258667,inf,False,-20.160566568374634,False,False
2700.0,KL002,51.88315605506361,5.591582658467823,162.99999999999994,165.5846750214427,62.526781314705744,-21.745967827618756,0.9633711576461792,0.9778149127960205,inf,False,43.351702094078064,False,False
2710.0,KL002,51.8698976005685,5.580768449738332,162.99999999999994,165.5846750214427,60.92135528469003,-6.2747473481077805,-0.3566470742225647,0.9288665056228638,inf,False,-16.04911834001541,False,False
2720.0,KL002,51.85645984313419,5.570554053222331,162.99999999999994,165.5846750214427,59.329985963123995,-22.51185672218699,0.9777383804321289,0.9795163869857788,inf,False,43.9982271194458,False,False
2730.0,KL002,51.84320138863908,5.559746259906237,162.99999999999994,165.5846750214427,57.72991966499978,-7.081385529541478,-0.2665318250656128,0.9370653629302979,inf,False,-11.993932127952576,False,False
2740.0,KL002,51.82982457540358,5.549272174130661,162.99999999999994,165.5846750214427,56.137946275013746,-19.516857876835957,0.9293539524078369,0.9799532890319824,inf,False,41.82092785835266,False,False
2750.0,KL002,51.81704160464781,5.5370622647528345,162.99999999999994,165.5846750214427,54.51864770751744,-4.020446155893694,-0.45168375968933105,0.9302811622619629,inf,False,-20.325769186019897,False,False
2760.0,KL002,51.804055110817345,5.525431054900465,162.99999999999994,165.5846750214427,52.91109080245117,-20.238941254289728,0.9441370964050293,0.9813992977142334,inf,False,42.48616933822632,False,False
2770.0,KL002,51.79127214006158,5.513228124365148,162.99999999999994,165.5846750214427,51.29603013704561,-4.785850372554421,-0.37969326972961426,0.9410648345947266,inf,False,-17.08619713783264,False,False
2780.0,KL002,51.77828564623111,5.501603559835741,162.99999999999994,165.5846750214427,49.69373252729404,-21.054672893680788,0.9578909873962402,0.9829881191253662,inf,False,43.10509443283081,False,False
2790.0,KL002,51.76550267547535,5.489407597704009,162.99999999999994,165.5846750214427,48.08379550131915,-5.6536962546557845,-0.3029513359069824,0.9501721858978271,inf,False,-13.632810115814209,False,False
2800.0,KL002,51.75254474203485,5.477681618453914,162.99999999999994,165.5846750214427,46.48495826179349,-19.78333163119794,0.9256752729415894,0.9829978942871094,inf,False,41.65538728237152,False,False
2810.0,KL002,51.74005956642821,5.4647123603478285,162.99999999999994,165.5846750214427,44.8672361352768,-4.366551749064854,-0.37659525871276855,0.9472842216491699,inf,False,-16.946786642074585,False,False
2820.0,KL002,51.72735741519841,5.4523079681092135,162.99999999999994,165.5846750214427,43.26211944364363,-20.685711719848626,0.9423539638519287,0.9844684600830078,inf,False,42.40592837333679,False,False
2830.0,KL002,51.71487223959177,5.439345935514417,162.99999999999994,165.5846750214427,41.64990699295122,-5.335359224656997,-0.3255962133407593,0.9530637264251709,inf,False,-14.651829600334167,False,False
2840.0,KL002,51.702182776951624,5.426903795804535,162.99999999999994,165.5846750214427,40.05050918188989,-20.557102200969666,0.931236743927002,0.9850883483886719,inf,False,41.90565347671509,False,False
2850.0,KL002,51.68986437527068,5.4135398675505355,162.99999999999994,165.5846750214427,38.437548390154156,-5.240712840706465,-0.3186839818954468,0.9546643495559692,inf,False,-14.340779185295105,False,False
2860.0,KL002,51.67733879700245,5.400677101601551,162.99999999999994,165.5846750214427,36.83724829338309,-20.195502503595264,0.8931717872619629,0.9843220710754395,inf,False,40.19273042678833,False,False
2870.0,KL002,51.66523882538916,5.386811071321438,162.99999999999994,165.5846750214427,35.222132236593836,-4.908598372877918,-0.321460485458374,0.9552985429763794,inf,False,-14.465721845626831,False,False
2880.0,KL002,51.6529222304763,5.373441813161686,162.99999999999994,165.5846750214427,33.61969914693993,-20.03160854665083,0.833895206451416,0.9832494258880615,inf,False,37.52528429031372,False,False
2890.0,KL002,51.64102938816463,5.359125130829616,162.99999999999994,165.5846750214427,32.00368438270611,-4.790181749572611,-0.32803285121917725,0.9553143978118896,inf,False,-14.761478304862976,False,False
2900.0,KL002,51.62890897440762,5.345307408645556,162.99999999999994,165.5846750214427,30.400866554257377,-20.273606914211598,0.7829315662384033,0.9825102090835571,inf,False,35.23192048072815,False,False
2910.0,KL002,51.61718279420734,5.330645763610935,162.99999999999994,165.5846750214427,28.78645175594329,-5.110666565952272,-0.3227233290672302,0.9561730623245239,inf,False,-14.52254980802536,False,False
2920.0,KL002,51.60522651548488,5.316467346663411,162.99999999999994,165.5846750214427,27.185911304958406,-20.457920626353427,0.7185797691345215,0.981670618057251,inf,False,32.33608961105347,False,False
2930.0,KL002,51.59370998305147,5.301388569616289,162.99999999999994,165.5846750214427,25.57282392277887,-5.389442314438668,-0.3147103786468506,0.9568496942520142,inf,False,-14.161967039108276,False,False
2940.0,KL002,51.581962689671194,5.286768677978355,162.99999999999994,165.5846750214427,23.97419495294462,-20.50217734095517,0.6077272891998291,0.9800480604171753,inf,False,27.34772801399231,False,False
2950.0,KL002,51.57072253995813,5.271166679953201,162.99999999999994,165.5846750214427,22.36163930551088,-5.545076587897597,-0.3085585832595825,0.9570465087890625,inf,False,-13.885136246681213,False,False
2960.0,KL002,51.559251545625116,5.255993206931811,162.99999999999994,165.5846750214427,20.764046336903295,-20.535572915458914,0.48555898666381836,0.9775300025939941,inf,False,21.850154399871826,False,False
2970.0,KL002,51.54834575933655,5.239796487029296,162.99999999999994,165.5846750214427,19.152062844016953,-5.72620735901836,-0.5328583121299744,0.9461512565612793,inf,False,-23.978624045848846,False,False
2980.0,KL002,51.53716603783333,5.224093724853672,162.99999999999994,165.5846750214427,17.558955432502554,-22.893130631344775,0.9148463010787964,0.9268918037414551,inf,False,41.16808354854584,False,False
2990.0,KL002,51.52626025154476,5.2079048636453775,162.99999999999994,165.5846750214427,15.964426604102615,-8.523713843029384,0.728431224822998,0.7652959823608398,inf,False,32.77940511703491,False,False
