episode,agent,waypoint_reached,flight_time,intrusion_events,intrusion_time,restricted_area_events,time_in_restricted_area,sector_exit_events,time_outside_sector,total_reward
0,KL008,1,651.0,0,0.0,0,0.0,0,0.0,37.40607087905526
0,KL006,1,668.0,0,0.0,0,0.0,0,0.0,37.387687994137615
0,KL004,1,718.0,0,0.0,0,0.0,0,0.0,37.40082084012805
0,KL009,1,740.0,0,0.0,0,0.0,0,0.0,37.351424639529135
0,KL005,1,791.0,0,0.0,0,0.0,0,0.0,37.400387275907526
0,KL0010,1,896.0,0,0.0,0,0.0,0,0.0,37.332170028344514
0,KL001,1,901.0,0,0.0,0,0.0,0,0.0,37.34179608351813
0,KL003,1,956.0,0,0.0,0,0.0,0,0.0,37.35443726277542
0,KL002,1,1035.0,0,0.0,0,0.0,0,0.0,37.36856512666756
0,KL007,1,1053.0,0,0.0,0,0.0,0,0.0,37.340665510215054
1,KL008,1,582.0,0,0.0,0,0.0,0,0.0,37.40810934345958
1,KL006,1,762.0,0,0.0,0,0.0,0,0.0,37.343889551510394
1,KL0010,1,836.0,0,0.0,0,0.0,0,0.0,37.40032887004497
1,KL003,1,858.0,0,0.0,0,0.0,0,0.0,37.3888435386364
1,KL002,1,923.0,0,0.0,0,0.0,0,0.0,37.38667182993342
1,KL004,1,1051.0,0,0.0,0,0.0,0,0.0,37.28430549207718
1,KL001,1,1057.0,0,0.0,0,0.0,0,0.0,37.27882663801403
1,KL005,1,1343.0,0,0.0,0,0.0,0,0.0,37.281262517173815
1,KL009,1,1507.0,0,0.0,0,0.0,0,0.0,37.140839210733205
1,KL007,1,1579.0,0,0.0,0,0.0,0,0.0,37.15196295770135
2,KL001,1,700.0,0,0.0,0,0.0,0,0.0,37.40184549550995
2,KL003,1,728.0,0,0.0,0,0.0,0,0.0,37.38871622183292
2,KL0010,1,813.0,0,0.0,0,0.0,0,0.0,37.39758586940021
2,KL008,1,844.0,0,0.0,0,0.0,0,0.0,37.378673572861075
2,KL006,1,888.0,0,0.0,0,0.0,0,0.0,37.399802292078846
2,KL007,1,893.0,0,0.0,0,0.0,0,0.0,37.38255616833003
2,KL002,1,923.0,0,0.0,0,0.0,0,0.0,37.40133708808476
2,KL004,1,981.0,0,0.0,0,0.0,0,0.0,37.40545368246897
2,KL005,1,981.0,0,0.0,0,0.0,0,0.0,37.31044706305177
2,KL009,1,1438.0,0,0.0,0,0.0,0,0.0,37.17660238506274
3,KL008,1,645.0,0,0.0,0,0.0,0,0.0,37.38298754143529
3,KL007,1,836.0,2,76.0,0,0.0,0,0.0,-34.54340148108341
3,KL004,1,996.0,0,0.0,0,0.0,0,0.0,37.30327862865283
3,KL009,1,1045.0,1,39.0,0,0.0,0,0.0,0.3549999685559797
3,KL003,1,1205.0,1,37.0,0,0.0,0,0.0,2.215102152740876
3,KL005,1,1351.0,0,0.0,0,0.0,0,0.0,37.22939602529649
3,KL0010,1,1455.0,0,0.0,0,0.0,0,0.0,37.21350691789281
3,KL002,1,1472.0,0,0.0,0,0.0,0,0.0,37.19262868566925
3,KL006,1,2168.0,0,0.0,0,0.0,0,0.0,36.984943903498575
3,KL001,1,2507.0,0,0.0,0,0.0,0,0.0,36.84170714107583
4,KL009,1,596.0,0,0.0,0,0.0,0,0.0,37.40799570673761
4,KL005,1,631.0,0,0.0,0,0.0,0,0.0,37.38976222573267
4,KL007,1,641.0,0,0.0,0,0.0,0,0.0,37.39846441029092
4,KL001,1,670.0,0,0.0,0,0.0,0,0.0,37.36312692483083
4,KL003,1,780.0,0,0.0,0,0.0,0,0.0,37.400664975761686
4,KL002,1,804.0,0,0.0,0,0.0,0,0.0,37.35245158322436
4,KL006,1,828.0,0,0.0,0,0.0,0,0.0,37.389960195674895
4,KL008,1,846.0,0,0.0,0,0.0,0,0.0,37.37956759431626
4,KL0010,1,1019.0,0,0.0,0,0.0,0,0.0,37.317887619439006
4,KL004,1,1022.0,0,0.0,0,0.0,0,0.0,37.37358939557456
5,KL005,1,690.0,0,0.0,0,0.0,0,0.0,37.40411328576504
5,KL007,1,756.0,0,0.0,0,0.0,0,0.0,37.40414067922395
5,KL0010,1,831.0,0,0.0,0,0.0,0,0.0,37.38928026956294
5,KL002,1,832.0,0,0.0,0,0.0,0,0.0,37.39761078816595
5,KL006,1,866.0,0,0.0,0,0.0,0,0.0,37.40797517266559
5,KL009,1,870.0,0,0.0,0,0.0,0,0.0,37.4019622896431
5,KL008,1,919.0,0,0.0,0,0.0,0,0.0,37.38219519136881
5,KL001,1,949.0,0,0.0,0,0.0,0,0.0,37.38092191245124
5,KL003,1,1206.0,0,0.0,0,0.0,0,0.0,37.27668604332842
5,KL004,1,1790.0,0,0.0,1,51.0,0,0.0,11.593086372386171
6,KL003,1,687.0,0,0.0,0,0.0,0,0.0,37.391322882683845
6,KL007,1,699.0,0,0.0,0,0.0,0,0.0,37.37904898334625
6,KL009,1,724.0,0,0.0,0,0.0,0,0.0,37.34886228200707
6,KL005,1,800.0,0,0.0,0,0.0,0,0.0,37.39618512600732
6,KL0010,1,889.0,0,0.0,0,0.0,0,0.0,37.32018892234392
6,KL002,1,914.0,0,0.0,0,0.0,0,0.0,37.35902094580419
6,KL004,1,945.0,0,0.0,0,0.0,0,0.0,37.304582859035165
6,KL001,1,970.0,0,0.0,0,0.0,0,0.0,37.30885755451574
6,KL006,1,990.0,0,0.0,0,0.0,0,0.0,37.37555107626636
6,KL008,1,998.0,0,0.0,0,0.0,0,0.0,37.382708114109064
7,KL008,1,637.0,0,0.0,0,0.0,0,0.0,37.39860135129834
7,KL007,1,683.0,0,0.0,0,0.0,0,0.0,37.402027912437035
7,KL006,1,730.0,0,0.0,0,0.0,0,0.0,37.3978951789745
7,KL003,1,757.0,0,0.0,0,0.0,0,0.0,37.357910717951455
7,KL009,1,788.0,0,0.0,0,0.0,0,0.0,37.391488194612705
7,KL0010,1,914.0,0,0.0,0,0.0,0,0.0,37.33878668508655
7,KL005,1,943.0,0,0.0,0,0.0,0,0.0,37.32570859540661
7,KL004,1,1260.0,0,0.0,0,0.0,0,0.0,37.19293995016208
7,KL001,1,1330.0,0,0.0,0,0.0,0,0.0,37.15458745859186
7,KL002,1,1657.0,0,0.0,0,0.0,0,0.0,37.124727860011696
8,KL004,1,585.0,0,0.0,0,0.0,0,0.0,37.399025784374246
8,KL008,1,596.0,0,0.0,0,0.0,0,0.0,37.40039022747744
8,KL0010,1,684.0,0,0.0,0,0.0,0,0.0,37.39081044356845
8,KL009,1,731.0,0,0.0,0,0.0,0,0.0,37.39750102483436
8,KL002,1,812.0,0,0.0,0,0.0,0,0.0,37.39295943243134
8,KL007,1,1969.0,1,58.0,1,11.0,0,0.0,-23.301342867672034
8,KL003,1,2033.0,1,34.0,0,0.0,0,0.0,4.887409407407439
8,KL001,1,2312.0,0,0.0,0,0.0,0,0.0,36.909716518443226
8,KL005,1,2573.0,1,34.0,0,0.0,0,0.0,4.678424141893224
8,KL006,1,2754.0,1,58.0,0,0.0,0,0.0,-18.032837079580695
9,KL004,1,591.0,0,0.0,0,0.0,0,0.0,37.411087613953484
9,KL008,1,615.0,0,0.0,0,0.0,0,0.0,37.401835908092785
9,KL001,1,674.0,0,0.0,0,0.0,0,0.0,37.409653791147214
9,KL007,1,699.0,0,0.0,0,0.0,0,0.0,37.37700082153844
9,KL0010,1,726.0,0,0.0,0,0.0,0,0.0,37.38332881628224
9,KL002,1,740.0,0,0.0,0,0.0,0,0.0,37.406356419421904
9,KL005,1,827.0,0,0.0,0,0.0,0,0.0,37.40675311200455
9,KL006,1,873.0,0,0.0,0,0.0,0,0.0,37.395951806715466
9,KL009,1,895.0,0,0.0,0,0.0,0,0.0,37.397683840933645
9,KL003,1,1507.0,0,0.0,0,0.0,0,0.0,37.12193072005624
10,KL007,1,605.0,0,0.0,0,0.0,0,0.0,37.41302325589459
10,KL006,1,606.0,0,0.0,0,0.0,0,0.0,37.41168835379544
10,KL001,1,657.0,0,0.0,0,0.0,0,0.0,37.400756947476424
10,KL005,1,764.0,0,0.0,0,0.0,0,0.0,37.38013682543294
10,KL0010,1,823.0,0,0.0,0,0.0,0,0.0,37.40228823132851
10,KL003,1,846.0,0,0.0,0,0.0,0,0.0,37.3670151753032
10,KL002,1,864.0,0,0.0,0,0.0,0,0.0,37.287851694436185
10,KL009,1,915.0,0,0.0,0,0.0,0,0.0,37.30437293259635
10,KL008,1,934.0,0,0.0,0,0.0,0,0.0,37.3891591909234
10,KL004,1,1637.0,0,0.0,0,0.0,0,0.0,37.11260321508332
11,KL005,1,686.0,0,0.0,0,0.0,0,0.0,37.40875037641809
11,KL001,1,696.0,0,0.0,0,0.0,0,0.0,37.395747942938144
11,KL007,1,729.0,0,0.0,0,0.0,0,0.0,37.40306527188489
11,KL0010,1,802.0,0,0.0,0,0.0,0,0.0,37.39850125706902
11,KL003,1,860.0,0,0.0,0,0.0,0,0.0,37.394139071400666
11,KL009,1,883.0,0,0.0,0,0.0,0,0.0,37.38415471251494
11,KL008,1,921.0,0,0.0,0,0.0,0,0.0,37.38193157702189
11,KL004,1,948.0,0,0.0,0,0.0,0,0.0,37.373166369879904
11,KL002,1,960.0,0,0.0,0,0.0,0,0.0,37.37537440527001
11,KL006,1,992.0,0,0.0,0,0.0,0,0.0,37.30995440002146
12,KL006,1,785.0,0,0.0,0,0.0,0,0.0,37.379822951969864
12,KL002,1,811.0,0,0.0,0,0.0,0,0.0,37.35302199461146
12,KL004,1,905.0,0,0.0,0,0.0,0,0.0,37.32121401525227
12,KL008,1,1528.0,0,0.0,0,0.0,0,0.0,37.17736865111124
12,KL0010,1,1667.0,0,0.0,0,0.0,0,0.0,37.138098260431065
12,KL001,1,1957.0,0,0.0,0,0.0,0,0.0,37.03234355754785
12,KL009,1,2010.0,1,37.0,0,0.0,0,0.0,1.9658421647430728
12,KL003,1,2189.0,1,37.0,0,0.0,0,0.0,1.970933840042946
12,KL007,1,2393.0,0,0.0,0,0.0,0,0.0,36.8822068986599
12,KL005,0,3000.0,0,0.0,1,69.0,0,0.0,-35.356250408205156
13,KL002,1,687.0,0,0.0,0,0.0,0,0.0,37.36929086689537
13,KL0010,1,688.0,0,0.0,0,0.0,0,0.0,37.38187077291377
13,KL004,1,706.0,0,0.0,0,0.0,0,0.0,37.39842002465467
13,KL009,1,770.0,0,0.0,0,0.0,0,0.0,37.374798763114725
13,KL007,1,777.0,0,0.0,0,0.0,0,0.0,37.396195143381156
13,KL008,1,824.0,0,0.0,0,0.0,0,0.0,37.407975779161966
13,KL006,1,956.0,0,0.0,0,0.0,0,0.0,37.32207137159707
13,KL001,1,957.0,0,0.0,0,0.0,0,0.0,37.39908700414604
13,KL003,1,962.0,0,0.0,0,0.0,0,0.0,37.29082455194689
13,KL005,1,972.0,0,0.0,0,0.0,0,0.0,37.343604371453466
14,KL006,1,653.0,0,0.0,0,0.0,0,0.0,37.40830532130998
14,KL005,1,710.0,0,0.0,0,0.0,0,0.0,37.39212581635699
14,KL003,1,939.0,0,0.0,0,0.0,0,0.0,37.35762358721325
14,KL001,1,955.0,0,0.0,0,0.0,0,0.0,37.288106931250994
14,KL008,1,1009.0,0,0.0,0,0.0,0,0.0,37.30994348491367
14,KL0010,1,1099.0,0,0.0,0,0.0,0,0.0,37.31213204917893
14,KL004,1,1115.0,1,61.0,0,0.0,0,0.0,-20.40505599966037
14,KL002,1,1227.0,0,0.0,0,0.0,0,0.0,37.27068869974176
14,KL007,1,1264.0,0,0.0,0,0.0,0,0.0,37.27420952534266
14,KL009,1,1417.0,1,61.0,0,0.0,0,0.0,-20.451542887410547
15,KL004,1,675.0,0,0.0,0,0.0,0,0.0,37.392302632861224
15,KL003,1,803.0,0,0.0,0,0.0,0,0.0,37.40861127233401
15,KL005,1,808.0,0,0.0,0,0.0,0,0.0,37.40141374626694
15,KL008,1,815.0,0,0.0,0,0.0,0,0.0,37.40155816553642
15,KL009,1,845.0,0,0.0,0,0.0,0,0.0,37.402108267886504
15,KL0010,1,903.0,0,0.0,0,0.0,0,0.0,37.38245271620015
15,KL006,1,964.0,0,0.0,0,0.0,0,0.0,37.40270641756535
15,KL002,1,1108.0,0,0.0,0,0.0,0,0.0,37.256848661804796
15,KL007,1,1177.0,0,0.0,0,0.0,0,0.0,37.289093699778796
15,KL001,1,1224.0,0,0.0,0,0.0,0,0.0,37.28939517596474
16,KL009,1,614.0,0,0.0,0,0.0,0,0.0,37.40455463813403
16,KL005,1,615.0,0,0.0,0,0.0,0,0.0,37.388039525840966
16,KL007,1,624.0,0,0.0,0,0.0,0,0.0,37.38938918513717
16,KL006,1,774.0,0,0.0,0,0.0,0,0.0,37.39454969335818
16,KL003,1,820.0,0,0.0,0,0.0,0,0.0,37.3944256623935
16,KL0010,1,859.0,0,0.0,0,0.0,0,0.0,37.380108605749804
16,KL001,1,999.0,0,0.0,0,0.0,0,0.0,37.36122722345824
16,KL004,1,1232.0,0,0.0,0,0.0,0,0.0,37.249091579285995
16,KL002,1,1573.0,1,116.0,1,15.0,0,0.0,-80.12649129180849
16,KL008,1,1781.0,1,116.0,0,0.0,0,0.0,-72.65916115011852
17,KL004,1,593.0,0,0.0,0,0.0,0,0.0,37.40551403975183
17,KL005,1,806.0,0,0.0,0,0.0,0,0.0,37.40091275983692
17,KL008,1,809.0,0,0.0,0,0.0,0,0.0,37.39381432322302
17,KL0010,1,814.0,0,0.0,0,0.0,0,0.0,37.40526430228222
17,KL003,1,959.0,0,0.0,0,0.0,0,0.0,37.40140042687933
17,KL007,1,1081.0,0,0.0,0,0.0,0,0.0,37.30997183577818
17,KL001,1,1730.0,0,0.0,0,0.0,0,0.0,37.13400143755045
17,KL006,1,1766.0,0,0.0,0,0.0,0,0.0,37.07694337581212
17,KL002,1,2134.0,0,0.0,0,0.0,0,0.0,37.001779636024736
17,KL009,1,2226.0,0,0.0,0,0.0,0,0.0,36.90941511188733
18,KL0010,1,707.0,0,0.0,0,0.0,0,0.0,37.401313144457134
18,KL001,1,844.0,0,0.0,0,0.0,0,0.0,37.391440084002284
18,KL002,1,904.0,0,0.0,0,0.0,0,0.0,37.36778980673667
18,KL003,1,943.0,0,0.0,0,0.0,0,0.0,37.36361518517037
18,KL004,1,965.0,0,0.0,0,0.0,0,0.0,37.28728643058117
18,KL009,1,1042.0,0,0.0,0,0.0,0,0.0,37.34721942096529
18,KL006,1,1083.0,0,0.0,0,0.0,0,0.0,37.35819080684004
18,KL005,1,1114.0,0,0.0,0,0.0,0,0.0,37.32696152427706
18,KL007,1,1310.0,0,0.0,0,0.0,0,0.0,37.24851362223354
18,KL008,1,1353.0,0,0.0,0,0.0,0,0.0,37.18619498850576
19,KL001,1,570.0,0,0.0,0,0.0,0,0.0,37.410692307820106
19,KL009,1,627.0,0,0.0,0,0.0,0,0.0,37.40514897277524
19,KL007,1,730.0,0,0.0,0,0.0,0,0.0,37.35342589588387
19,KL003,1,893.0,0,0.0,0,0.0,0,0.0,37.39382255481895
19,KL002,1,1017.0,0,0.0,0,0.0,0,0.0,37.35199498410629
19,KL005,1,1075.0,0,0.0,0,0.0,0,0.0,37.25904889537844
19,KL004,1,1105.0,0,0.0,0,0.0,0,0.0,37.26978797830865
19,KL006,1,1153.0,0,0.0,0,0.0,0,0.0,37.29961506749222
19,KL008,1,1214.0,0,0.0,0,0.0,0,0.0,37.269575241924926
19,KL0010,1,1529.0,0,0.0,0,0.0,0,0.0,37.18724423929908
20,KL004,1,679.0,0,0.0,0,0.0,0,0.0,37.36119886191375
20,KL006,1,739.0,0,0.0,0,0.0,0,0.0,37.39269338009437
20,KL008,1,793.0,0,0.0,0,0.0,0,0.0,37.36104501588119
20,KL002,1,819.0,0,0.0,0,0.0,0,0.0,37.404940193613726
20,KL003,1,881.0,0,0.0,0,0.0,0,0.0,37.311284441294674
20,KL007,1,887.0,0,0.0,0,0.0,0,0.0,37.333505985802816
20,KL0010,1,934.0,0,0.0,0,0.0,0,0.0,37.30555520832298
20,KL005,1,981.0,0,0.0,0,0.0,0,0.0,37.39863807692845
20,KL009,1,1097.0,0,0.0,0,0.0,0,0.0,37.31535522885699
20,KL001,1,1297.0,0,0.0,0,0.0,0,0.0,37.190558280202616
21,KL007,1,635.0,0,0.0,0,0.0,0,0.0,37.377690500532
21,KL009,1,683.0,0,0.0,0,0.0,0,0.0,37.40656313922821
21,KL006,1,793.0,0,0.0,0,0.0,0,0.0,37.355372541765064
21,KL004,1,852.0,0,0.0,0,0.0,0,0.0,37.394337099402456
21,KL001,1,854.0,0,0.0,0,0.0,0,0.0,37.386383665519894
21,KL005,1,934.0,0,0.0,0,0.0,0,0.0,37.40294723513009
21,KL0010,1,945.0,0,0.0,0,0.0,0,0.0,37.30596884876423
21,KL003,1,1317.0,0,0.0,0,0.0,0,0.0,37.226794489930924
21,KL008,1,1317.0,0,0.0,0,0.0,0,0.0,37.2468413164699
21,KL002,1,1449.0,0,0.0,0,0.0,0,0.0,37.24072606370083
22,KL007,1,685.0,0,0.0,0,0.0,0,0.0,37.37242051713365
22,KL005,1,699.0,0,0.0,0,0.0,0,0.0,37.36250023469386
22,KL002,1,776.0,0,0.0,0,0.0,0,0.0,37.38753711644094
22,KL008,1,783.0,0,0.0,0,0.0,0,0.0,37.40662237457766
22,KL003,1,802.0,0,0.0,0,0.0,0,0.0,37.390071327458614
22,KL004,1,984.0,0,0.0,0,0.0,0,0.0,37.38810542901374
22,KL006,1,1010.0,0,0.0,0,0.0,0,0.0,37.314435340920184
22,KL0010,1,1062.0,0,0.0,0,0.0,0,0.0,37.30536126495665
22,KL009,1,1589.0,0,0.0,0,0.0,0,0.0,37.09740126092616
22,KL001,1,1619.0,0,0.0,0,0.0,0,0.0,37.132082109049804
23,KL001,1,625.0,0,0.0,0,0.0,0,0.0,37.40061176668713
23,KL006,1,636.0,0,0.0,0,0.0,0,0.0,37.38984822993839
23,KL004,1,684.0,0,0.0,0,0.0,0,0.0,37.40398063313735
23,KL002,1,774.0,0,0.0,0,0.0,0,0.0,37.34354745634757
23,KL005,1,931.0,0,0.0,0,0.0,0,0.0,37.31457542161046
23,KL003,1,968.0,0,0.0,0,0.0,0,0.0,37.292534568984536
23,KL0010,1,987.0,0,0.0,0,0.0,0,0.0,37.39786242091822
23,KL008,1,1027.0,0,0.0,0,0.0,0,0.0,37.37113805260818
23,KL009,1,1066.0,0,0.0,0,0.0,0,0.0,37.332104378502315
23,KL007,1,1116.0,0,0.0,0,0.0,0,0.0,37.32186342477949
24,KL003,1,674.0,0,0.0,0,0.0,0,0.0,37.404462074363046
24,KL0010,1,685.0,0,0.0,0,0.0,0,0.0,37.40590813214018
24,KL007,1,780.0,0,0.0,0,0.0,0,0.0,37.341502726757234
24,KL002,1,817.0,0,0.0,0,0.0,0,0.0,37.3503891974515
24,KL001,1,888.0,0,0.0,0,0.0,0,0.0,37.32146380431673
24,KL008,1,890.0,0,0.0,0,0.0,0,0.0,37.342188458311874
24,KL004,1,991.0,0,0.0,0,0.0,0,0.0,37.36762020574252
24,KL009,1,1072.0,0,0.0,0,0.0,0,0.0,37.34964277831865
24,KL006,1,1086.0,0,0.0,0,0.0,0,0.0,37.29319584620472
24,KL005,1,1161.0,0,0.0,0,0.0,0,0.0,37.256081592787396
25,KL004,1,673.0,0,0.0,0,0.0,0,0.0,37.40787574199062
25,KL008,1,732.0,0,0.0,0,0.0,0,0.0,37.37939642238043
25,KL005,1,754.0,0,0.0,0,0.0,0,0.0,37.39900230772906
25,KL003,1,784.0,0,0.0,0,0.0,0,0.0,37.39013261082742
25,KL007,1,803.0,0,0.0,0,0.0,0,0.0,37.38411591789191
25,KL0010,1,922.0,0,0.0,0,0.0,0,0.0,37.395161442038614
25,KL002,1,1357.0,0,0.0,0,0.0,0,0.0,37.24486264976347
25,KL009,1,2121.0,0,0.0,0,0.0,0,0.0,36.949159689215236
25,KL006,1,2400.0,0,0.0,0,0.0,0,0.0,36.93611463014457
25,KL001,1,2575.0,0,0.0,0,0.0,0,0.0,36.83535903672451
26,KL004,1,693.0,0,0.0,0,0.0,0,0.0,37.358710699958195
26,KL002,1,705.0,0,0.0,0,0.0,0,0.0,37.40784740296164
26,KL003,1,791.0,0,0.0,0,0.0,0,0.0,37.34698828092365
26,KL008,1,929.0,0,0.0,0,0.0,0,0.0,37.31791511680359
26,KL001,1,1003.0,1,54.0,0,0.0,0,0.0,-13.767811102924313
26,KL005,1,1052.0,0,0.0,0,0.0,0,0.0,37.314209925704624
26,KL006,1,1108.0,0,0.0,0,0.0,0,0.0,37.33708001755985
26,KL0010,1,1111.0,1,54.0,0,0.0,0,0.0,-13.770513833991885
26,KL007,1,2169.0,0,0.0,0,0.0,0,0.0,36.9716168820941
26,KL009,0,3000.0,0,0.0,1,34.0,0,0.0,-17.820632284425745
27,KL006,1,602.0,1,34.0,0,0.0,0,0.0,5.239255200880898
27,KL002,1,701.0,0,0.0,0,0.0,0,0.0,37.39919379041249
27,KL003,1,753.0,0,0.0,0,0.0,0,0.0,37.39725066735422
27,KL009,1,962.0,1,34.0,0,0.0,0,0.0,5.236084534397207
27,KL005,1,1050.0,0,0.0,0,0.0,0,0.0,37.34548541478011
27,KL0010,1,1103.0,0,0.0,0,0.0,0,0.0,37.31988208833356
27,KL008,1,1107.0,0,0.0,0,0.0,0,0.0,37.315450114965344
27,KL004,1,1126.0,0,0.0,0,0.0,0,0.0,37.32328242188692
27,KL007,1,1716.0,0,0.0,0,0.0,0,0.0,37.141448473651614
27,KL001,1,2697.0,0,0.0,0,0.0,0,0.0,36.778439141644725
28,KL0010,1,640.0,0,0.0,0,0.0,0,0.0,37.38409386908144
28,KL005,1,685.0,0,0.0,0,0.0,0,0.0,37.41037291303577
28,KL004,1,812.0,0,0.0,0,0.0,0,0.0,37.32175579298387
28,KL008,1,904.0,0,0.0,0,0.0,0,0.0,37.39877472478107
28,KL009,1,976.0,1,62.0,0,0.0,0,0.0,-21.289765515821685
28,KL006,1,980.0,0,0.0,0,0.0,0,0.0,37.38562630487235
28,KL007,1,986.0,0,0.0,0,0.0,0,0.0,37.38331302104249
28,KL002,1,1042.0,1,51.0,0,0.0,0,0.0,-10.944749991040169
28,KL003,1,1137.0,0,0.0,0,0.0,0,0.0,37.21678979744692
28,KL001,1,1285.0,2,113.0,0,0.0,0,0.0,-69.60417337464077
29,KL009,1,599.0,0,0.0,0,0.0,0,0.0,37.39566328802307
29,KL005,1,640.0,0,0.0,0,0.0,0,0.0,37.40658447366024
29,KL006,1,843.0,0,0.0,0,0.0,0,0.0,37.38843461421905
29,KL003,1,845.0,0,0.0,0,0.0,0,0.0,37.38024121087979
29,KL007,1,863.0,0,0.0,0,0.0,0,0.0,37.34767919913894
29,KL0010,1,903.0,0,0.0,0,0.0,0,0.0,37.34557465311361
29,KL004,1,913.0,0,0.0,0,0.0,0,0.0,37.40089732406885
29,KL002,1,933.0,0,0.0,0,0.0,0,0.0,37.337267967739514
29,KL008,1,1014.0,0,0.0,0,0.0,0,0.0,37.3725982879222
29,KL001,1,1523.0,0,0.0,0,0.0,0,0.0,37.21156943714661
30,KL003,1,682.0,0,0.0,0,0.0,0,0.0,37.40923011561689
30,KL001,1,699.0,0,0.0,0,0.0,0,0.0,37.40347263303287
30,KL007,1,762.0,0,0.0,0,0.0,0,0.0,37.405072236366884
30,KL006,1,817.0,0,0.0,0,0.0,0,0.0,37.40269328484244
30,KL009,1,935.0,0,0.0,0,0.0,0,0.0,37.38536593826264
30,KL0010,1,969.0,0,0.0,0,0.0,0,0.0,37.325685956684595
30,KL008,1,1047.0,0,0.0,0,0.0,0,0.0,37.28092412754076
30,KL005,1,1338.0,0,0.0,0,0.0,0,0.0,37.18442193083705
30,KL002,1,1731.0,0,0.0,0,0.0,0,0.0,37.079139948955344
30,KL004,1,1959.0,0,0.0,0,0.0,0,0.0,37.02031322737754
31,KL009,1,595.0,0,0.0,0,0.0,0,0.0,37.40229101097688
31,KL0010,1,629.0,0,0.0,0,0.0,0,0.0,37.39616222410246
31,KL003,1,660.0,0,0.0,0,0.0,0,0.0,37.38611052395509
31,KL001,1,821.0,0,0.0,0,0.0,0,0.0,37.30639244722153
31,KL008,1,912.0,0,0.0,0,0.0,0,0.0,37.39039925116389
31,KL006,1,947.0,0,0.0,0,0.0,0,0.0,37.37319014857784
31,KL004,1,1265.0,0,0.0,0,0.0,0,0.0,37.215730117031555
31,KL005,1,1270.0,0,0.0,0,0.0,0,0.0,37.24908233700809
31,KL002,1,1371.0,0,0.0,0,0.0,0,0.0,37.21117018918493
31,KL007,1,1810.0,0,0.0,0,0.0,0,0.0,37.07149698785396
32,KL008,1,620.0,0,0.0,0,0.0,0,0.0,37.405840494463305
32,KL004,1,778.0,0,0.0,0,0.0,0,0.0,37.38765608116991
32,KL009,1,788.0,0,0.0,0,0.0,0,0.0,37.35090361886206
32,KL007,1,860.0,0,0.0,0,0.0,0,0.0,37.384674216983925
32,KL003,1,906.0,0,0.0,0,0.0,0,0.0,37.320881503797914
32,KL006,1,913.0,0,0.0,0,0.0,0,0.0,37.37166926905681
32,KL005,1,922.0,0,0.0,0,0.0,0,0.0,37.33331411932987
32,KL001,1,1093.0,0,0.0,0,0.0,0,0.0,37.330380922143995
32,KL002,1,1104.0,0,0.0,0,0.0,0,0.0,37.27384483223935
32,KL0010,1,1192.0,0,0.0,0,0.0,0,0.0,37.27991929661354
33,KL008,1,637.0,0,0.0,0,0.0,0,0.0,37.40002834349355
33,KL005,1,694.0,0,0.0,0,0.0,0,0.0,37.38633682918025
33,KL002,1,783.0,0,0.0,0,0.0,0,0.0,37.4017507943643
33,KL006,1,808.0,0,0.0,0,0.0,0,0.0,37.3961673156275
33,KL001,1,901.0,0,0.0,0,0.0,0,0.0,37.37035535338343
33,KL0010,1,951.0,0,0.0,0,0.0,0,0.0,37.3600127285588
33,KL003,1,1007.0,0,0.0,0,0.0,0,0.0,37.28377996138179
33,KL007,1,1038.0,0,0.0,0,0.0,0,0.0,37.350378772474755
33,KL009,1,1144.0,0,0.0,0,0.0,0,0.0,37.34432369240255
33,KL004,1,1234.0,0,0.0,0,0.0,0,0.0,37.26148144267215
34,KL007,1,583.0,0,0.0,0,0.0,0,0.0,37.40365262063882
34,KL003,1,584.0,0,0.0,0,0.0,0,0.0,37.40599510703647
34,KL0010,1,624.0,0,0.0,0,0.0,0,0.0,37.40129885326332
34,KL001,1,629.0,0,0.0,0,0.0,0,0.0,37.381777880964364
34,KL002,1,736.0,0,0.0,0,0.0,0,0.0,37.38857670367428
34,KL008,1,754.0,0,0.0,0,0.0,0,0.0,37.395154630945854
34,KL005,1,870.0,0,0.0,0,0.0,0,0.0,37.39814979467062
34,KL004,1,953.0,0,0.0,0,0.0,0,0.0,37.284315348406864
34,KL006,1,987.0,0,0.0,0,0.0,0,0.0,37.35840752774067
34,KL009,1,1194.0,0,0.0,0,0.0,0,0.0,37.296830343853514
35,KL0010,1,591.0,0,0.0,0,0.0,0,0.0,37.40754305418408
35,KL008,1,610.0,0,0.0,0,0.0,0,0.0,37.38789449048355
35,KL009,1,690.0,0,0.0,0,0.0,0,0.0,37.4045673493032
35,KL001,1,708.0,0,0.0,0,0.0,0,0.0,37.3823364895885
35,KL006,1,713.0,0,0.0,0,0.0,0,0.0,37.395718583564694
35,KL005,1,737.0,0,0.0,0,0.0,0,0.0,37.38347151403503
35,KL002,1,765.0,0,0.0,0,0.0,0,0.0,37.34833414391681
35,KL003,1,936.0,0,0.0,0,0.0,0,0.0,37.29451643200782
35,KL007,1,1001.0,0,0.0,0,0.0,0,0.0,37.35865711216653
35,KL004,1,1159.0,0,0.0,0,0.0,0,0.0,37.307856987115485
36,KL004,1,720.0,0,0.0,0,0.0,0,0.0,37.34311518021046
36,KL003,1,751.0,0,0.0,0,0.0,0,0.0,37.36084418981715
36,KL007,1,783.0,0,0.0,0,0.0,0,0.0,37.407663390700144
36,KL006,1,836.0,0,0.0,0,0.0,0,0.0,37.347420108551894
36,KL001,1,907.0,0,0.0,0,0.0,0,0.0,37.333388458334426
36,KL0010,1,972.0,0,0.0,0,0.0,0,0.0,37.351461982240096
36,KL008,1,987.0,0,0.0,0,0.0,0,0.0,37.364970130749
36,KL009,1,1016.0,0,0.0,0,0.0,0,0.0,37.340480801116165
36,KL002,1,1058.0,0,0.0,0,0.0,0,0.0,37.34064848549413
36,KL005,1,1119.0,0,0.0,0,0.0,0,0.0,37.249016303868174
37,KL009,1,580.0,0,0.0,0,0.0,0,0.0,37.405080838655884
37,KL004,1,602.0,0,0.0,0,0.0,0,0.0,37.39247328211646
37,KL002,1,734.0,0,0.0,0,0.0,0,0.0,37.39232747391318
37,KL008,1,876.0,0,0.0,0,0.0,0,0.0,37.336234228462324
37,KL0010,1,1045.0,0,0.0,0,0.0,0,0.0,37.35041390114389
37,KL003,1,1054.0,0,0.0,0,0.0,0,0.0,37.300595629983306
37,KL001,1,1203.0,0,0.0,0,0.0,0,0.0,37.308091802579526
37,KL005,1,1283.0,0,0.0,0,0.0,0,0.0,37.24139013720079
37,KL006,1,1350.0,0,0.0,0,0.0,0,0.0,37.18841281664098
37,KL007,1,2156.0,0,0.0,0,0.0,0,0.0,36.97029371666685
38,KL006,1,582.0,0,0.0,0,0.0,0,0.0,37.4021897876167
38,KL008,1,671.0,0,0.0,0,0.0,0,0.0,37.40110334897441
38,KL004,1,680.0,0,0.0,0,0.0,0,0.0,37.40959660921795
38,KL007,1,730.0,0,0.0,0,0.0,0,0.0,37.39157976144276
38,KL005,1,780.0,0,0.0,0,0.0,0,0.0,37.40599828552714
38,KL0010,1,974.0,0,0.0,0,0.0,0,0.0,37.34275000596148
38,KL002,1,1014.0,0,0.0,0,0.0,0,0.0,37.33011464502941
38,KL003,1,1018.0,0,0.0,0,0.0,0,0.0,37.35303276610009
38,KL009,1,1068.0,0,0.0,0,0.0,0,0.0,37.290445045371186
38,KL001,1,1255.0,0,0.0,0,0.0,0,0.0,37.220238920669395
39,KL008,1,584.0,0,0.0,0,0.0,0,0.0,37.40263499222365
39,KL003,1,657.0,0,0.0,0,0.0,0,0.0,37.40533178534907
39,KL0010,1,831.0,0,0.0,0,0.0,0,0.0,37.316524363998
39,KL004,1,871.0,0,0.0,0,0.0,0,0.0,37.389566209037646
39,KL001,1,908.0,0,0.0,0,0.0,0,0.0,37.40096843254149
39,KL007,1,1033.0,0,0.0,0,0.0,0,0.0,37.31610456396466
39,KL009,1,1096.0,0,0.0,0,0.0,0,0.0,37.339358615777584
39,KL005,1,1102.0,0,0.0,0,0.0,0,0.0,37.31341685235874
39,KL006,1,1132.0,0,0.0,0,0.0,0,0.0,37.25733547536038
39,KL002,1,1180.0,0,0.0,0,0.0,0,0.0,37.29679521306941
40,KL005,1,672.0,0,0.0,0,0.0,0,0.0,37.399335073703185
40,KL001,1,718.0,0,0.0,0,0.0,0,0.0,37.38497051612534
40,KL0010,1,894.0,0,0.0,0,0.0,0,0.0,37.347112902930306
40,KL008,1,999.0,0,0.0,0,0.0,0,0.0,37.278715444161804
40,KL006,1,1126.0,0,0.0,0,0.0,0,0.0,37.30466606707491
40,KL009,1,1126.0,0,0.0,0,0.0,0,0.0,37.313070276962534
40,KL002,1,1196.0,0,0.0,1,45.0,0,0.0,14.76910875214184
40,KL007,1,1222.0,0,0.0,0,0.0,0,0.0,37.21470743745283
40,KL003,1,1308.0,0,0.0,0,0.0,0,0.0,37.22578830395751
40,KL004,1,1367.0,0,0.0,0,0.0,0,0.0,37.2351663797876
41,KL0010,1,650.0,0,0.0,0,0.0,0,0.0,37.40571750933993
41,KL003,1,682.0,0,0.0,0,0.0,0,0.0,37.404260098823904
41,KL009,1,775.0,0,0.0,0,0.0,0,0.0,37.356686857573486
41,KL006,1,798.0,0,0.0,0,0.0,0,0.0,37.36316474266374
41,KL002,1,982.0,0,0.0,0,0.0,0,0.0,37.280392156377815
41,KL008,1,983.0,0,0.0,0,0.0,0,0.0,37.36828321382325
41,KL007,1,1072.0,0,0.0,0,0.0,0,0.0,37.299574271004694
41,KL005,1,1111.0,0,0.0,0,0.0,0,0.0,37.2867905940817
41,KL004,1,1328.0,0,0.0,0,0.0,0,0.0,37.205220422761506
41,KL001,1,1459.0,0,0.0,0,0.0,0,0.0,37.23576158612576
42,KL002,1,649.0,0,0.0,0,0.0,0,0.0,37.40250196519995
42,KL008,1,752.0,0,0.0,0,0.0,0,0.0,37.40307004281141
42,KL009,1,763.0,0,0.0,0,0.0,0,0.0,37.39003978684352
42,KL005,1,768.0,0,0.0,0,0.0,0,0.0,37.381699970881826
42,KL0010,1,776.0,0,0.0,0,0.0,0,0.0,37.37535237713682
42,KL001,1,792.0,0,0.0,0,0.0,0,0.0,37.31757702002751
42,KL003,1,867.0,0,0.0,0,0.0,0,0.0,37.31710112301153
42,KL004,1,904.0,0,0.0,0,0.0,0,0.0,37.322837904299476
42,KL007,1,916.0,0,0.0,0,0.0,0,0.0,37.29194778088686
42,KL006,1,1539.0,0,0.0,0,0.0,0,0.0,37.20927185818007
43,KL006,1,636.0,0,0.0,0,0.0,0,0.0,37.406639446847
43,KL002,1,648.0,0,0.0,0,0.0,0,0.0,37.39668565632792
43,KL009,1,656.0,0,0.0,0,0.0,0,0.0,37.387264290701694
43,KL0010,1,675.0,0,0.0,0,0.0,0,0.0,37.40465940974725
43,KL008,1,759.0,0,0.0,0,0.0,0,0.0,37.39638252506237
43,KL005,1,780.0,0,0.0,0,0.0,0,0.0,37.394575104037855
43,KL004,1,787.0,0,0.0,0,0.0,0,0.0,37.403400386686734
43,KL007,1,1271.0,0,0.0,0,0.0,0,0.0,37.21578244573154
43,KL003,1,1408.0,1,60.0,0,0.0,0,0.0,-19.50768641459264
43,KL001,1,1557.0,1,60.0,0,0.0,0,0.0,-19.60139726330587
44,KL007,1,629.0,0,0.0,0,0.0,0,0.0,37.398739622305186
44,KL005,1,800.0,0,0.0,0,0.0,0,0.0,37.3505011597472
44,KL001,1,851.0,0,0.0,0,0.0,0,0.0,37.3900403515158
44,KL0010,1,867.0,0,0.0,0,0.0,0,0.0,37.34623380347308
44,KL009,1,876.0,0,0.0,0,0.0,0,0.0,37.36292875153381
44,KL008,1,965.0,0,0.0,0,0.0,0,0.0,37.34696955922035
44,KL006,1,1034.0,0,0.0,0,0.0,0,0.0,37.33155608067132
44,KL002,1,1065.0,0,0.0,0,0.0,0,0.0,37.357006670161525
44,KL004,1,1104.0,0,0.0,0,0.0,0,0.0,37.27683676954929
44,KL003,1,1393.0,0,0.0,0,0.0,0,0.0,37.146733857237585
45,KL006,1,610.0,0,0.0,0,0.0,0,0.0,37.40257579040104
45,KL009,1,633.0,0,0.0,0,0.0,0,0.0,37.4091544776126
45,KL008,1,735.0,0,0.0,0,0.0,0,0.0,37.377350745320065
45,KL005,1,891.0,0,0.0,0,0.0,0,0.0,37.3724815440831
45,KL001,1,1004.0,0,0.0,0,0.0,0,0.0,37.314841459196046
45,KL0010,1,1091.0,0,0.0,0,0.0,0,0.0,37.328255241947595
45,KL003,1,1146.0,0,0.0,0,0.0,0,0.0,37.23913887693666
45,KL004,1,1345.0,0,0.0,0,0.0,0,0.0,37.182240348251256
45,KL002,1,1453.0,0,0.0,0,0.0,0,0.0,37.13436522127082
45,KL007,1,1785.0,0,0.0,0,0.0,0,0.0,37.09383027186427
46,KL006,1,590.0,0,0.0,0,0.0,0,0.0,37.40274701672196
46,KL002,1,781.0,0,0.0,0,0.0,0,0.0,37.410226900361124
46,KL007,1,853.0,1,39.0,0,0.0,0,0.0,0.4372319658847985
46,KL008,1,871.0,0,0.0,0,0.0,0,0.0,37.34239723000652
46,KL009,1,924.0,2,74.0,0,0.0,0,0.0,-32.63142440907484
46,KL004,1,957.0,0,0.0,0,0.0,0,0.0,37.37473087376491
46,KL005,1,1002.0,0,0.0,0,0.0,0,0.0,37.341526457888115
46,KL0010,1,1017.0,0,0.0,0,0.0,0,0.0,37.34319073028813
46,KL001,1,1087.0,1,35.0,0,0.0,0,0.0,4.2362364400784145
46,KL003,1,1111.0,0,0.0,0,0.0,0,0.0,37.32149149679067
47,KL009,1,695.0,0,0.0,0,0.0,0,0.0,37.3511869567279
47,KL003,1,781.0,0,0.0,0,0.0,0,0.0,37.38245896875202
47,KL005,1,818.0,0,0.0,0,0.0,0,0.0,37.38158013414678
47,KL006,1,869.0,0,0.0,0,0.0,0,0.0,37.40340978690537
47,KL001,1,906.0,0,0.0,0,0.0,0,0.0,37.37248454283892
47,KL008,1,1046.0,0,0.0,0,0.0,0,0.0,37.33495995973459
47,KL007,1,1419.0,0,0.0,0,0.0,0,0.0,37.129528571064064
47,KL0010,1,1503.0,0,0.0,0,0.0,0,0.0,37.20647225267897
47,KL004,1,1683.0,0,0.0,0,0.0,0,0.0,37.087477216077055
47,KL002,1,1709.0,0,0.0,0,0.0,0,0.0,37.13628047102351
48,KL008,1,584.0,0,0.0,0,0.0,0,0.0,37.409915133544445
48,KL005,1,596.0,0,0.0,0,0.0,0,0.0,37.40908923886999
48,KL006,1,702.0,0,0.0,0,0.0,0,0.0,37.39517394878795
48,KL003,1,777.0,0,0.0,0,0.0,0,0.0,37.36307562530414
48,KL009,1,846.0,0,0.0,0,0.0,0,0.0,37.40062937369919
48,KL002,1,881.0,0,0.0,0,0.0,0,0.0,37.404669748712074
48,KL004,1,946.0,0,0.0,0,0.0,0,0.0,37.39119576360156
48,KL007,1,979.0,0,0.0,0,0.0,0,0.0,37.40011422428602
48,KL001,1,1046.0,0,0.0,0,0.0,0,0.0,37.346559507181105
48,KL0010,1,1060.0,0,0.0,0,0.0,0,0.0,37.319594070833325
49,KL007,1,634.0,0,0.0,0,0.0,0,0.0,37.40479099706176
49,KL008,1,660.0,0,0.0,0,0.0,0,0.0,37.40457342084586
49,KL003,1,753.0,0,0.0,0,0.0,0,0.0,37.37759935296287
49,KL001,1,789.0,0,0.0,0,0.0,0,0.0,37.329257455399606
49,KL006,1,1038.0,0,0.0,0,0.0,0,0.0,37.32348352417876
49,KL002,1,1292.0,0,0.0,0,0.0,0,0.0,37.23499363201346
49,KL0010,1,1314.0,0,0.0,0,0.0,0,0.0,37.169129049598894
49,KL009,1,1483.0,0,0.0,0,0.0,0,0.0,37.12061133462721
49,KL004,1,1673.0,0,0.0,0,0.0,0,0.0,37.13588458316288
49,KL005,1,1924.0,0,0.0,0,0.0,0,0.0,37.03910629070005
50,KL001,1,677.0,0,0.0,0,0.0,0,0.0,37.39012112829615
50,KL0010,1,717.0,0,0.0,0,0.0,0,0.0,37.38866641968621
50,KL008,1,723.0,0,0.0,0,0.0,0,0.0,37.34917998649752
50,KL009,1,936.0,0,0.0,0,0.0,0,0.0,37.30001916119179
50,KL007,1,937.0,0,0.0,0,0.0,0,0.0,37.40107688879848
50,KL005,1,942.0,0,0.0,0,0.0,0,0.0,37.28366197361618
50,KL003,1,962.0,0,0.0,0,0.0,0,0.0,37.36228913623354
50,KL006,1,965.0,0,0.0,0,0.0,0,0.0,37.40167606717466
50,KL004,1,1165.0,0,0.0,0,0.0,0,0.0,37.21827444017081
50,KL002,1,1252.0,0,0.0,0,0.0,0,0.0,37.25360295100262
51,KL003,1,757.0,0,0.0,0,0.0,0,0.0,37.37852963998443
51,KL008,1,770.0,0,0.0,0,0.0,0,0.0,37.399378964257544
51,KL009,1,806.0,0,0.0,0,0.0,0,0.0,37.33055828049616
51,KL007,1,809.0,0,0.0,0,0.0,0,0.0,37.313433457534934
51,KL0010,1,1148.0,0,0.0,0,0.0,0,0.0,37.30735743101511
51,KL005,1,1155.0,0,0.0,0,0.0,0,0.0,37.27281951975324
51,KL001,1,1220.0,0,0.0,0,0.0,0,0.0,37.25004345268668
51,KL002,1,1305.0,0,0.0,0,0.0,0,0.0,37.18735296746432
51,KL004,1,1314.0,0,0.0,0,0.0,0,0.0,37.21001048931461
51,KL006,1,1709.0,0,0.0,0,0.0,0,0.0,37.08920676700973
52,KL007,1,591.0,0,0.0,0,0.0,0,0.0,37.408576171900876
52,KL009,1,616.0,0,0.0,0,0.0,0,0.0,37.40796704014366
52,KL004,1,716.0,0,0.0,0,0.0,0,0.0,37.354136191589106
52,KL002,1,757.0,0,0.0,0,0.0,0,0.0,37.39613354515451
52,KL001,1,840.0,1,33.0,0,0.0,0,0.0,6.107527641357905
52,KL003,1,840.0,0,0.0,0,0.0,0,0.0,37.39901620010562
52,KL008,1,890.0,1,33.0,0,0.0,0,0.0,6.118834886563711
52,KL005,1,1025.0,0,0.0,0,0.0,0,0.0,37.345300020478426
52,KL006,1,1493.0,0,0.0,0,0.0,0,0.0,37.19267512342443
52,KL0010,1,1858.0,0,0.0,0,0.0,0,0.0,37.08071206231138
53,KL009,1,604.0,0,0.0,0,0.0,0,0.0,37.39913284668633
53,KL006,1,616.0,0,0.0,0,0.0,0,0.0,37.41086395044584
53,KL004,1,756.0,0,0.0,0,0.0,0,0.0,37.394370800394306
53,KL0010,1,795.0,0,0.0,0,0.0,0,0.0,37.37929408004825
53,KL005,1,852.0,0,0.0,0,0.0,0,0.0,37.407927042939654
53,KL007,1,882.0,0,0.0,0,0.0,0,0.0,37.38475774123574
53,KL002,1,908.0,0,0.0,0,0.0,0,0.0,37.320838037768326
53,KL003,1,920.0,0,0.0,0,0.0,0,0.0,37.40336654783166
53,KL001,1,1134.0,0,0.0,0,0.0,0,0.0,37.235246530396495
53,KL008,1,1174.0,0,0.0,0,0.0,0,0.0,37.27856421149304
54,KL008,1,698.0,0,0.0,0,0.0,0,0.0,37.410219917693716
54,KL0010,1,862.0,0,0.0,0,0.0,0,0.0,37.308664959437294
54,KL002,1,872.0,0,0.0,0,0.0,0,0.0,37.388259942716495
54,KL006,1,956.0,0,0.0,0,0.0,0,0.0,37.37714097853734
54,KL003,1,958.0,0,0.0,0,0.0,0,0.0,37.376255339299625
54,KL001,1,1709.0,0,0.0,0,0.0,0,0.0,37.118935684743555
54,KL009,1,1785.0,1,80.0,0,0.0,0,0.0,-38.49169687978786
54,KL007,1,1805.0,0,0.0,0,0.0,0,0.0,37.10579000213106
54,KL004,1,1887.0,1,80.0,0,0.0,0,0.0,-38.64796136530908
54,KL005,1,1918.0,0,0.0,0,0.0,0,0.0,37.04492042571877
55,KL007,1,621.0,0,0.0,0,0.0,0,0.0,37.40270609541383
55,KL005,1,633.0,0,0.0,0,0.0,0,0.0,37.38132015588725
55,KL001,1,634.0,0,0.0,0,0.0,0,0.0,37.37842205625612
55,KL008,1,673.0,0,0.0,0,0.0,0,0.0,37.40880889371253
55,KL002,1,800.0,0,0.0,0,0.0,0,0.0,37.33033032604466
55,KL003,1,813.0,0,0.0,0,0.0,0,0.0,37.4003459717656
55,KL009,1,829.0,0,0.0,0,0.0,0,0.0,37.36224835683687
55,KL006,1,1009.0,0,0.0,0,0.0,0,0.0,37.293583317942
55,KL004,1,1110.0,0,0.0,0,0.0,0,0.0,37.325603642911815
55,KL0010,1,1198.0,0,0.0,0,0.0,0,0.0,37.20644411721928
56,KL006,1,648.0,0,0.0,0,0.0,0,0.0,37.39978211851317
56,KL0010,1,654.0,0,0.0,0,0.0,0,0.0,37.39992437203979
56,KL005,1,668.0,0,0.0,0,0.0,0,0.0,37.39633134382421
56,KL008,1,685.0,0,0.0,0,0.0,0,0.0,37.39092410364816
56,KL003,1,793.0,0,0.0,0,0.0,0,0.0,37.33062731188105
56,KL007,1,795.0,0,0.0,0,0.0,0,0.0,37.34254358505772
56,KL009,1,967.0,0,0.0,0,0.0,0,0.0,37.28560371642932
56,KL001,1,1009.0,0,0.0,0,0.0,0,0.0,37.321255497969645
56,KL002,1,1148.0,0,0.0,0,0.0,0,0.0,37.31226932644589
56,KL004,1,1974.0,0,0.0,0,0.0,0,0.0,37.048600864001834
57,KL003,1,648.0,0,0.0,0,0.0,0,0.0,37.407373228836384
57,KL009,1,654.0,0,0.0,0,0.0,0,0.0,37.408793472355406
57,KL0010,1,654.0,0,0.0,0,0.0,0,0.0,37.36509449115347
57,KL006,1,716.0,0,0.0,0,0.0,0,0.0,37.38271083342918
57,KL001,1,719.0,0,0.0,0,0.0,0,0.0,37.349240313012984
57,KL008,1,781.0,0,0.0,0,0.0,0,0.0,37.40129036576498
57,KL004,1,797.0,0,0.0,0,0.0,0,0.0,37.40221984808237
57,KL007,1,988.0,0,0.0,0,0.0,0,0.0,37.35262331279309
57,KL002,1,1172.0,0,0.0,0,0.0,0,0.0,37.269520880376675
57,KL005,1,1264.0,0,0.0,0,0.0,0,0.0,37.277840164909584
58,KL002,1,586.0,0,0.0,0,0.0,0,0.0,37.40369127082282
58,KL004,1,734.0,0,0.0,0,0.0,0,0.0,37.40291310756685
58,KL009,1,740.0,0,0.0,0,0.0,0,0.0,37.38763904979456
58,KL0010,1,765.0,0,0.0,0,0.0,0,0.0,37.37336135058043
58,KL003,1,775.0,0,0.0,0,0.0,0,0.0,37.37281092755195
58,KL006,1,832.0,0,0.0,0,0.0,0,0.0,37.38837535783515
58,KL007,1,891.0,0,0.0,0,0.0,0,0.0,37.347051703586146
58,KL008,1,980.0,0,0.0,0,0.0,0,0.0,37.31308489156804
58,KL001,1,996.0,0,0.0,0,0.0,0,0.0,37.286743722609195
58,KL005,1,1048.0,0,0.0,0,0.0,0,0.0,37.362267719887214
59,KL002,1,639.0,0,0.0,0,0.0,0,0.0,37.40749345997977
59,KL008,1,813.0,0,0.0,0,0.0,0,0.0,37.37521508228946
59,KL009,1,817.0,0,0.0,0,0.0,0,0.0,37.33565980120279
59,KL0010,1,881.0,0,0.0,0,0.0,0,0.0,37.40567519016101
59,KL005,1,949.0,0,0.0,0,0.0,0,0.0,37.393903936882225
59,KL001,1,954.0,0,0.0,0,0.0,0,0.0,37.35535922248049
59,KL006,1,1240.0,0,0.0,0,0.0,0,0.0,37.30823886998091
59,KL007,1,1378.0,0,0.0,0,0.0,0,0.0,37.22134864945799
59,KL003,1,1440.0,0,0.0,0,0.0,0,0.0,37.14349532329278
59,KL004,1,1659.0,0,0.0,0,0.0,0,0.0,37.15111910877445
60,KL0010,1,1223.0,0,0.0,0,0.0,0,0.0,37.26576880084298
60,KL008,1,1565.0,0,0.0,0,0.0,0,0.0,37.180520204257604
60,KL009,1,1709.0,1,179.0,0,0.0,0,0.0,-132.17358358712374
60,KL005,1,1825.0,0,0.0,0,0.0,0,0.0,37.0318320864728
60,KL002,1,1860.0,0,0.0,0,0.0,0,0.0,36.99833520418417
60,KL004,1,2010.0,1,179.0,0,0.0,0,0.0,-132.26400625120934
60,KL006,1,2099.0,0,0.0,0,0.0,0,0.0,36.94844022907616
60,KL007,1,2113.0,0,0.0,0,0.0,0,0.0,36.97639476308678
60,KL001,0,3000.0,0,0.0,0,0.0,0,0.0,-0.786262842585849
60,KL003,0,3000.0,0,0.0,0,0.0,0,0.0,-0.906176988790014
61,KL003,1,720.0,0,0.0,0,0.0,0,0.0,37.398197578363366
61,KL008,1,779.0,0,0.0,0,0.0,0,0.0,37.3966564317485
61,KL005,1,835.0,1,17.0,0,0.0,0,0.0,21.310965524667857
61,KL004,1,873.0,0,0.0,0,0.0,0,0.0,37.39956525434951
61,KL001,1,1025.0,1,17.0,0,0.0,0,0.0,21.27848501194191
61,KL006,1,1190.0,0,0.0,0,0.0,0,0.0,37.27479682296317
61,KL007,1,1238.0,0,0.0,0,0.0,0,0.0,37.241479335070885
61,KL009,1,1819.0,0,0.0,0,0.0,0,0.0,37.0635447522151
61,KL002,1,2391.0,0,0.0,0,0.0,0,0.0,36.8371759790799
61,KL0010,1,2587.0,0,0.0,0,0.0,0,0.0,36.837335990395346
62,KL001,1,726.0,0,0.0,0,0.0,0,0.0,37.39705277337888
62,KL0010,1,797.0,0,0.0,0,0.0,0,0.0,37.40488542151586
62,KL008,1,814.0,0,0.0,0,0.0,0,0.0,37.40048418314561
62,KL002,1,816.0,0,0.0,0,0.0,0,0.0,37.3916189118812
62,KL009,1,861.0,0,0.0,0,0.0,0,0.0,37.402508218698806
62,KL007,1,886.0,0,0.0,0,0.0,0,0.0,37.383519504786655
62,KL003,1,923.0,0,0.0,0,0.0,0,0.0,37.39103772271956
62,KL004,1,1084.0,0,0.0,0,0.0,0,0.0,37.308632985657376
62,KL005,1,1088.0,0,0.0,0,0.0,0,0.0,37.29068338509471
62,KL006,1,1178.0,0,0.0,0,0.0,0,0.0,37.29507047034432
63,KL006,1,589.0,0,0.0,0,0.0,0,0.0,37.4030253395396
63,KL007,1,761.0,0,0.0,0,0.0,0,0.0,37.39612774654744
63,KL002,1,870.0,0,0.0,0,0.0,0,0.0,37.32709930592934
63,KL003,1,885.0,0,0.0,0,0.0,0,0.0,37.39652940610303
63,KL0010,1,894.0,0,0.0,0,0.0,0,0.0,37.34014366775991
63,KL001,1,895.0,0,0.0,0,0.0,0,0.0,37.37362399372745
63,KL009,1,956.0,0,0.0,0,0.0,0,0.0,37.389644650041824
63,KL005,1,1090.0,0,0.0,0,0.0,0,0.0,37.24819742383742
63,KL008,1,1100.0,0,0.0,0,0.0,0,0.0,37.30841013868296
63,KL004,1,1791.0,0,0.0,0,0.0,0,0.0,37.080936359376395
64,KL006,1,642.0,0,0.0,0,0.0,0,0.0,37.39606280181796
64,KL008,1,780.0,0,0.0,0,0.0,0,0.0,37.34993537521545
64,KL007,1,816.0,0,0.0,0,0.0,0,0.0,37.394020962017066
64,KL009,1,856.0,0,0.0,0,0.0,0,0.0,37.31239779901839
64,KL002,1,997.0,0,0.0,0,0.0,0,0.0,37.35562270706964
64,KL0010,1,1045.0,0,0.0,0,0.0,0,0.0,37.34292818449636
64,KL004,1,1346.0,0,0.0,0,0.0,0,0.0,37.18554849760341
64,KL001,1,1565.0,0,0.0,0,0.0,0,0.0,37.185622507941
64,KL003,1,1607.0,0,0.0,0,0.0,0,0.0,37.1062418607788
64,KL005,1,2256.0,0,0.0,0,0.0,0,0.0,36.90746279809743
65,KL007,1,623.0,0,0.0,0,0.0,0,0.0,37.40217011733214
65,KL003,1,629.0,0,0.0,0,0.0,0,0.0,37.39735613478361
65,KL004,1,701.0,0,0.0,0,0.0,0,0.0,37.37374057448926
65,KL0010,1,807.0,0,0.0,0,0.0,0,0.0,37.338782597649335
65,KL002,1,1049.0,0,0.0,0,0.0,0,0.0,37.354720221261466
65,KL005,1,1049.0,0,0.0,0,0.0,0,0.0,37.344575618035016
65,KL009,1,1059.0,0,0.0,0,0.0,0,0.0,37.35406131892534
65,KL001,1,1180.0,0,0.0,0,0.0,0,0.0,37.303183830134046
65,KL006,1,1356.0,0,0.0,0,0.0,0,0.0,37.16445814207945
65,KL008,1,1452.0,0,0.0,0,0.0,0,0.0,37.14670655214186
66,KL004,1,608.0,0,0.0,0,0.0,0,0.0,37.39471275430553
66,KL008,1,612.0,0,0.0,0,0.0,0,0.0,37.40620167002699
66,KL007,1,725.0,0,0.0,0,0.0,0,0.0,37.39585741389986
66,KL001,1,744.0,0,0.0,0,0.0,0,0.0,37.38505139333822
66,KL009,1,785.0,0,0.0,0,0.0,0,0.0,37.38459835736112
66,KL006,1,989.0,0,0.0,0,0.0,0,0.0,37.37240382882692
66,KL005,1,1040.0,0,0.0,0,0.0,0,0.0,37.349752804581044
66,KL003,1,1140.0,0,0.0,0,0.0,0,0.0,37.229666414090666
66,KL0010,1,1717.0,0,0.0,0,0.0,0,0.0,37.13349538238885
66,KL002,1,2520.0,0,0.0,1,71.0,0,0.0,1.3259011193128813
67,KL008,1,627.0,0,0.0,0,0.0,0,0.0,37.37670371591012
67,KL007,1,629.0,0,0.0,0,0.0,0,0.0,37.40307528926896
67,KL002,1,656.0,0,0.0,0,0.0,0,0.0,37.406811110193935
67,KL001,1,679.0,0,0.0,0,0.0,0,0.0,37.36561921686105
67,KL005,1,798.0,0,0.0,0,0.0,0,0.0,37.398995302081794
67,KL004,1,926.0,0,0.0,0,0.0,0,0.0,37.37551777457145
67,KL006,1,957.0,0,0.0,0,0.0,0,0.0,37.34392256930133
67,KL003,1,1019.0,0,0.0,0,0.0,0,0.0,37.35808540024234
67,KL0010,1,1172.0,0,0.0,0,0.0,0,0.0,37.24041592559424
67,KL009,1,1319.0,0,0.0,0,0.0,0,0.0,37.21221744074933
68,KL005,1,599.0,0,0.0,0,0.0,0,0.0,37.403059059184095
68,KL008,1,633.0,0,0.0,0,0.0,0,0.0,37.38633699598428
68,KL009,1,660.0,0,0.0,0,0.0,0,0.0,37.378699267882425
68,KL002,1,680.0,0,0.0,0,0.0,0,0.0,37.40021278893329
68,KL007,1,686.0,0,0.0,0,0.0,0,0.0,37.38677063681033
68,KL006,1,793.0,0,0.0,0,0.0,0,0.0,37.332272315150576
68,KL004,1,883.0,0,0.0,0,0.0,0,0.0,37.37345687881994
68,KL0010,1,968.0,0,0.0,0,0.0,0,0.0,37.35696099737264
68,KL003,1,1104.0,0,0.0,0,0.0,0,0.0,37.228881399511174
68,KL001,1,1115.0,0,0.0,0,0.0,0,0.0,37.31506946640183
69,KL006,1,808.0,0,0.0,0,0.0,0,0.0,37.409491302444145
69,KL007,1,833.0,0,0.0,0,0.0,0,0.0,37.3965558811029
69,KL009,1,899.0,0,0.0,0,0.0,0,0.0,37.408321499976374
69,KL008,1,984.0,0,0.0,0,0.0,0,0.0,37.39548297185196
69,KL004,1,1008.0,0,0.0,0,0.0,0,0.0,37.39121030671677
69,KL002,1,1012.0,0,0.0,0,0.0,0,0.0,37.34903517443411
69,KL001,1,1054.0,0,0.0,0,0.0,0,0.0,37.30184119934709
69,KL0010,1,1130.0,0,0.0,0,0.0,0,0.0,37.316823005285805
69,KL005,1,1192.0,0,0.0,0,0.0,0,0.0,37.2575106456876
69,KL003,1,1286.0,0,0.0,0,0.0,0,0.0,37.24574489091602
70,KL002,1,596.0,0,0.0,0,0.0,0,0.0,37.405207426745484
70,KL0010,1,596.0,0,0.0,0,0.0,0,0.0,37.40108864264245
70,KL004,1,665.0,0,0.0,0,0.0,0,0.0,37.402603709494215
70,KL009,1,680.0,0,0.0,0,0.0,0,0.0,37.405406267237424
70,KL003,1,711.0,0,0.0,0,0.0,0,0.0,37.358300319306714
70,KL005,1,778.0,0,0.0,0,0.0,0,0.0,37.390236959111334
70,KL001,1,789.0,0,0.0,0,0.0,0,0.0,37.37312702658065
70,KL006,1,829.0,0,0.0,0,0.0,0,0.0,37.33949790729932
70,KL008,1,844.0,0,0.0,0,0.0,0,0.0,37.3515358887087
70,KL007,1,971.0,0,0.0,0,0.0,0,0.0,37.37536790175728
71,KL001,1,596.0,0,0.0,0,0.0,0,0.0,37.41012774287505
71,KL003,1,609.0,0,0.0,0,0.0,0,0.0,37.409941242953174
71,KL007,1,682.0,0,0.0,0,0.0,0,0.0,37.4018223329018
71,KL0010,1,689.0,0,0.0,0,0.0,0,0.0,37.40372286916897
71,KL004,1,770.0,0,0.0,0,0.0,0,0.0,37.35739306266076
71,KL009,1,800.0,0,0.0,0,0.0,0,0.0,37.39370794587142
71,KL006,1,802.0,0,0.0,0,0.0,0,0.0,37.39935240234086
71,KL002,1,941.0,0,0.0,0,0.0,0,0.0,37.39893297699808
71,KL005,1,1104.0,0,0.0,0,0.0,0,0.0,37.30003316497439
71,KL008,1,1104.0,0,0.0,0,0.0,0,0.0,37.262244231526324
72,KL007,1,609.0,0,0.0,0,0.0,0,0.0,37.40628211352059
72,KL008,1,641.0,0,0.0,0,0.0,0,0.0,37.38923082543461
72,KL0010,1,648.0,0,0.0,0,0.0,0,0.0,37.39990250160844
72,KL009,1,680.0,0,0.0,0,0.0,0,0.0,37.39993476455486
72,KL002,1,699.0,0,0.0,0,0.0,0,0.0,37.399129167432555
72,KL003,1,760.0,0,0.0,0,0.0,0,0.0,37.40185074991682
72,KL004,1,857.0,0,0.0,0,0.0,0,0.0,37.40306278371081
72,KL001,1,918.0,0,0.0,0,0.0,0,0.0,37.38154995029283
72,KL006,1,994.0,0,0.0,0,0.0,0,0.0,37.384105656003534
72,KL005,1,1365.0,0,0.0,0,0.0,0,0.0,37.21976881540404
73,KL004,1,710.0,0,0.0,0,0.0,0,0.0,37.39759716500279
73,KL008,1,788.0,0,0.0,0,0.0,0,0.0,37.39059806674174
73,KL005,1,800.0,0,0.0,0,0.0,0,0.0,37.34020545843892
73,KL001,1,831.0,0,0.0,0,0.0,0,0.0,37.3844355675911
73,KL002,1,917.0,0,0.0,0,0.0,0,0.0,37.36609252993308
73,KL0010,1,987.0,0,0.0,0,0.0,0,0.0,37.36476915531008
73,KL003,1,1362.0,0,0.0,0,0.0,0,0.0,37.25891680918116
73,KL007,1,1419.0,0,0.0,0,0.0,0,0.0,37.191945048401685
73,KL009,1,1538.0,0,0.0,0,0.0,0,0.0,37.198323926152604
73,KL006,1,1721.0,0,0.0,0,0.0,0,0.0,37.06366974887112
74,KL009,1,579.0,0,0.0,0,0.0,0,0.0,37.40699409177886
74,KL005,1,603.0,0,0.0,0,0.0,0,0.0,37.3879047467678
74,KL001,1,621.0,0,0.0,0,0.0,0,0.0,37.40762150176059
74,KL008,1,643.0,0,0.0,0,0.0,0,0.0,37.392400830180954
74,KL004,1,694.0,0,0.0,0,0.0,0,0.0,37.38886664028868
74,KL0010,1,702.0,0,0.0,0,0.0,0,0.0,37.407553381549086
74,KL006,1,884.0,0,0.0,0,0.0,0,0.0,37.39570431798157
74,KL003,1,934.0,0,0.0,0,0.0,0,0.0,37.40024074357984
74,KL007,1,951.0,0,0.0,0,0.0,0,0.0,37.396963400636324
74,KL002,1,964.0,0,0.0,0,0.0,0,0.0,37.39597064699151
75,KL005,1,617.0,0,0.0,0,0.0,0,0.0,37.385799845852056
75,KL002,1,628.0,0,0.0,0,0.0,0,0.0,37.403542390953845
75,KL003,1,671.0,0,0.0,0,0.0,0,0.0,37.398116103290604
75,KL007,1,826.0,0,0.0,0,0.0,0,0.0,37.38335627620285
75,KL006,1,871.0,1,57.0,0,0.0,0,0.0,-16.503620860660583
75,KL009,1,903.0,0,0.0,0,0.0,0,0.0,37.396539106473284
75,KL008,1,925.0,1,57.0,0,0.0,0,0.0,-16.53086896502645
75,KL0010,1,934.0,0,0.0,0,0.0,0,0.0,37.348632542889945
75,KL001,1,1809.0,0,0.0,0,0.0,0,0.0,37.04573757438672
75,KL004,1,2935.0,0,0.0,0,0.0,0,0.0,36.69995765203565
76,KL0010,1,623.0,0,0.0,0,0.0,0,0.0,37.41248869387084
76,KL003,1,825.0,0,0.0,0,0.0,0,0.0,37.39012870733325
76,KL009,1,876.0,0,0.0,0,0.0,0,0.0,37.383602405688066
76,KL002,1,1169.0,0,0.0,0,0.0,0,0.0,37.296061940498554
76,KL008,1,1395.0,0,0.0,0,0.0,0,0.0,37.192309728018834
76,KL007,1,1427.0,0,0.0,0,0.0,0,0.0,37.20910336147744
76,KL005,1,1653.0,0,0.0,0,0.0,0,0.0,37.12123499512133
76,KL001,1,2233.0,0,0.0,0,0.0,0,0.0,36.94374444975001
76,KL004,0,3000.0,0,0.0,0,0.0,0,0.0,-0.7637130760433927
76,KL006,0,3000.0,0,0.0,0,0.0,0,0.0,-0.786006383596619
77,KL002,1,720.0,0,0.0,0,0.0,0,0.0,37.369197075808586
77,KL008,1,792.0,0,0.0,0,0.0,0,0.0,37.38569486631017
77,KL006,1,911.0,0,0.0,0,0.0,0,0.0,37.323893073197226
77,KL005,1,947.0,0,0.0,0,0.0,0,0.0,37.35724636216234
77,KL003,1,1063.0,0,0.0,0,0.0,0,0.0,37.335454424094806
77,KL0010,1,1121.0,0,0.0,0,0.0,0,0.0,37.29846262106093
77,KL001,1,1127.0,0,0.0,0,0.0,0,0.0,37.26852913083492
77,KL007,1,1132.0,0,0.0,0,0.0,0,0.0,37.29722978099729
77,KL009,1,1886.0,1,46.0,0,0.0,0,0.0,-6.461704015309678
77,KL004,1,1899.0,1,46.0,0,0.0,0,0.0,-6.52507058362918
78,KL005,1,721.0,0,0.0,0,0.0,0,0.0,37.37423824750873
78,KL002,1,863.0,0,0.0,0,0.0,0,0.0,37.35522395944217
78,KL007,1,879.0,0,0.0,0,0.0,0,0.0,37.32257433245858
78,KL009,1,918.0,0,0.0,0,0.0,0,0.0,37.39507460915866
78,KL003,1,942.0,0,0.0,0,0.0,0,0.0,37.37195852750921
78,KL008,1,962.0,0,0.0,0,0.0,0,0.0,37.34178785738574
78,KL0010,1,1047.0,0,0.0,0,0.0,0,0.0,37.31505873873428
78,KL001,1,1124.0,0,0.0,0,0.0,0,0.0,37.23737519535166
78,KL004,1,1323.0,0,0.0,0,0.0,0,0.0,37.266490605155575
78,KL006,1,1545.0,0,0.0,0,0.0,0,0.0,37.182548739750224
79,KL006,1,581.0,0,0.0,0,0.0,0,0.0,37.40680728906354
79,KL001,1,622.0,0,0.0,0,0.0,0,0.0,37.38521174382944
79,KL002,1,631.0,0,0.0,0,0.0,0,0.0,37.405198324060116
79,KL0010,1,667.0,0,0.0,0,0.0,0,0.0,37.40795329048724
79,KL008,1,678.0,0,0.0,0,0.0,0,0.0,37.40140688880793
79,KL007,1,680.0,0,0.0,0,0.0,0,0.0,37.39781694514578
79,KL009,1,773.0,0,0.0,0,0.0,0,0.0,37.3674109365116
79,KL004,1,791.0,0,0.0,0,0.0,0,0.0,37.39240144648163
79,KL005,1,868.0,0,0.0,0,0.0,0,0.0,37.398899351707136
79,KL003,1,951.0,0,0.0,0,0.0,0,0.0,37.3886741117875
80,KL002,1,588.0,0,0.0,0,0.0,0,0.0,37.401297805948225
80,KL003,1,621.0,0,0.0,0,0.0,0,0.0,37.40081721142481
80,KL005,1,636.0,0,0.0,0,0.0,0,0.0,37.411193850250825
80,KL004,1,673.0,0,0.0,0,0.0,0,0.0,37.37814541724067
80,KL0010,1,772.0,0,0.0,0,0.0,0,0.0,37.37329551392488
80,KL008,1,1025.0,0,0.0,0,0.0,0,0.0,37.35389340815424
80,KL007,1,1272.0,0,0.0,0,0.0,0,0.0,37.256959592427755
80,KL006,1,1602.0,0,0.0,0,0.0,0,0.0,37.15288965730231
80,KL009,1,2045.0,0,0.0,0,0.0,0,0.0,37.046210608789906
80,KL001,0,3000.0,0,0.0,0,0.0,0,0.0,-0.7497175385562241
81,KL006,1,615.0,0,0.0,0,0.0,0,0.0,37.403257006107665
81,KL009,1,697.0,0,0.0,0,0.0,0,0.0,37.40246367911031
81,KL007,1,777.0,0,0.0,0,0.0,0,0.0,37.4068143933082
81,KL004,1,875.0,0,0.0,0,0.0,0,0.0,37.343601604364004
81,KL008,1,904.0,0,0.0,0,0.0,0,0.0,37.38759459772254
81,KL003,1,996.0,0,0.0,0,0.0,0,0.0,37.352452843285036
81,KL0010,1,1054.0,0,0.0,0,0.0,0,0.0,37.33648000074653
81,KL005,1,1475.0,0,0.0,0,0.0,0,0.0,37.16978233943942
81,KL002,1,1778.0,0,0.0,0,0.0,0,0.0,37.07609003770054
81,KL001,0,3000.0,0,0.0,0,0.0,0,0.0,-0.8931701971185929
82,KL004,1,632.0,0,0.0,0,0.0,0,0.0,37.40301545150045
82,KL002,1,646.0,0,0.0,0,0.0,0,0.0,37.40778992961318
82,KL006,1,712.0,0,0.0,0,0.0,0,0.0,37.375063284121666
82,KL009,1,759.0,0,0.0,0,0.0,0,0.0,37.40147599300639
82,KL007,1,761.0,0,0.0,0,0.0,0,0.0,37.40828138731878
82,KL0010,1,782.0,0,0.0,0,0.0,0,0.0,37.400185437202275
82,KL005,1,822.0,0,0.0,0,0.0,0,0.0,37.39590657635075
82,KL003,1,989.0,0,0.0,0,0.0,0,0.0,37.324503398540294
82,KL008,1,998.0,0,0.0,0,0.0,0,0.0,37.39919766612844
82,KL001,1,1382.0,0,0.0,0,0.0,0,0.0,37.25938905225853
83,KL009,1,628.0,0,0.0,0,0.0,0,0.0,37.4082202967513
83,KL006,1,646.0,0,0.0,0,0.0,0,0.0,37.41106559166091
83,KL007,1,685.0,0,0.0,0,0.0,0,0.0,37.41296473590074
83,KL005,1,749.0,0,0.0,0,0.0,0,0.0,37.38452369716635
83,KL004,1,842.0,0,0.0,0,0.0,0,0.0,37.323261058981515
83,KL008,1,868.0,0,0.0,0,0.0,0,0.0,37.40382347686941
83,KL001,1,921.0,0,0.0,0,0.0,0,0.0,37.38128049080982
83,KL002,1,984.0,0,0.0,0,0.0,0,0.0,37.29375029132006
83,KL0010,1,1158.0,0,0.0,0,0.0,0,0.0,37.31292425722515
83,KL003,1,1239.0,0,0.0,0,0.0,0,0.0,37.261371858868074
84,KL008,1,716.0,0,0.0,0,0.0,0,0.0,37.39442108272867
84,KL009,1,776.0,0,0.0,0,0.0,0,0.0,37.36600947167804
84,KL006,1,789.0,0,0.0,0,0.0,0,0.0,37.37612744160263
84,KL007,1,1187.0,0,0.0,0,0.0,0,0.0,37.26755668657954
84,KL001,1,1198.0,1,29.0,0,0.0,0,0.0,9.81415721025229
84,KL0010,1,1223.0,0,0.0,0,0.0,0,0.0,37.25372534743485
84,KL004,1,1361.0,1,29.0,0,0.0,0,0.0,9.801677854243373
84,KL003,1,1475.0,0,0.0,0,0.0,0,0.0,37.19540668835085
84,KL005,1,1558.0,0,0.0,0,0.0,0,0.0,37.17096247604802
84,KL002,1,1902.0,0,0.0,0,0.0,0,0.0,37.052660860061124
85,KL009,1,666.0,0,0.0,0,0.0,0,0.0,37.36991563444839
85,KL0010,1,697.0,0,0.0,0,0.0,0,0.0,37.35783030353973
85,KL004,1,714.0,0,0.0,0,0.0,0,0.0,37.40169317703747
85,KL006,1,731.0,0,0.0,0,0.0,0,0.0,37.34225592920457
85,KL001,1,853.0,0,0.0,0,0.0,0,0.0,37.395964284888215
85,KL003,1,1003.0,0,0.0,0,0.0,0,0.0,37.355693860188275
85,KL007,1,1063.0,0,0.0,0,0.0,0,0.0,37.328997297378066
85,KL008,1,1079.0,0,0.0,0,0.0,0,0.0,37.26559306531526
85,KL005,1,1129.0,0,0.0,0,0.0,0,0.0,37.27032081243736
85,KL002,1,1487.0,0,0.0,0,0.0,0,0.0,37.17638924332471
86,KL002,1,619.0,0,0.0,0,0.0,0,0.0,37.40506801055349
86,KL004,1,630.0,0,0.0,0,0.0,0,0.0,37.39587479925578
86,KL007,1,654.0,0,0.0,0,0.0,0,0.0,37.405713066757485
86,KL006,1,720.0,0,0.0,0,0.0,0,0.0,37.406383511857086
86,KL003,1,755.0,0,0.0,0,0.0,0,0.0,37.39844361583665
86,KL001,1,806.0,0,0.0,0,0.0,0,0.0,37.37279496288344
86,KL005,1,849.0,0,0.0,0,0.0,0,0.0,37.38295271649991
86,KL0010,1,921.0,0,0.0,0,0.0,0,0.0,37.31964071077425
86,KL009,1,985.0,0,0.0,0,0.0,0,0.0,37.40101548015191
86,KL008,1,1675.0,0,0.0,0,0.0,0,0.0,37.15581106653045
87,KL004,1,757.0,0,0.0,0,0.0,0,0.0,37.39801692086583
87,KL008,1,909.0,0,0.0,0,0.0,0,0.0,37.40469917688335
87,KL0010,1,964.0,0,0.0,0,0.0,0,0.0,37.31031968908722
87,KL006,1,1022.0,0,0.0,0,0.0,0,0.0,37.3523868721146
87,KL002,1,1070.0,0,0.0,0,0.0,0,0.0,37.35335497164388
87,KL009,1,1131.0,0,0.0,0,0.0,0,0.0,37.29327869639451
87,KL003,1,1295.0,0,0.0,0,0.0,0,0.0,37.198437014276934
87,KL001,1,1382.0,0,0.0,0,0.0,0,0.0,37.21901685578271
87,KL007,1,1678.0,0,0.0,0,0.0,0,0.0,37.07615744107676
87,KL005,1,1796.0,0,0.0,0,0.0,0,0.0,36.972284185388745
88,KL004,1,653.0,0,0.0,0,0.0,0,0.0,37.39440561997748
88,KL002,1,784.0,0,0.0,0,0.0,0,0.0,37.32818677134473
88,KL007,1,886.0,0,0.0,0,0.0,0,0.0,37.40547749347022
88,KL003,1,898.0,0,0.0,0,0.0,0,0.0,37.31588403249065
88,KL009,1,905.0,0,0.0,0,0.0,0,0.0,37.40197016650703
88,KL008,1,914.0,0,0.0,0,0.0,0,0.0,37.32128984266669
88,KL005,1,1071.0,0,0.0,0,0.0,0,0.0,37.32361456746719
88,KL001,1,1365.0,0,0.0,0,0.0,0,0.0,37.15568717958668
88,KL0010,1,1828.0,0,0.0,0,0.0,0,0.0,37.06554625490853
88,KL006,1,2343.0,0,0.0,0,0.0,0,0.0,36.918846288214304
89,KL0010,1,614.0,0,0.0,0,0.0,0,0.0,37.412405192312484
89,KL004,1,678.0,0,0.0,0,0.0,0,0.0,37.38955626721084
89,KL009,1,783.0,0,0.0,0,0.0,0,0.0,37.402842919749524
89,KL006,1,928.0,0,0.0,0,0.0,0,0.0,37.30215790730004
89,KL005,1,1073.0,0,0.0,0,0.0,0,0.0,37.32858514870145
89,KL007,1,1443.0,0,0.0,0,0.0,0,0.0,37.18598169171199
89,KL001,1,1905.0,0,0.0,0,0.0,0,0.0,37.063923052942926
89,KL002,1,2823.0,0,0.0,0,0.0,0,0.0,36.7054409910069
89,KL003,0,3000.0,0,0.0,0,0.0,0,0.0,-0.960073824397978
89,KL008,0,3000.0,0,0.0,0,0.0,0,0.0,-0.8756947486796809
90,KL006,1,612.0,0,0.0,0,0.0,0,0.0,37.38645679885258
90,KL002,1,762.0,0,0.0,0,0.0,0,0.0,37.41183138524382
90,KL008,1,784.0,0,0.0,0,0.0,0,0.0,37.40386428306885
90,KL007,1,918.0,0,0.0,0,0.0,0,0.0,37.38976310512822
90,KL004,1,1018.0,0,0.0,0,0.0,0,0.0,37.33883204276681
90,KL005,1,1023.0,0,0.0,0,0.0,0,0.0,37.32237689189464
90,KL009,1,1066.0,0,0.0,0,0.0,0,0.0,37.3107576484308
90,KL003,1,1319.0,1,35.0,0,0.0,0,0.0,4.154195783207129
90,KL001,1,1334.0,0,0.0,0,0.0,0,0.0,37.23977735792539
90,KL0010,1,1908.0,1,35.0,0,0.0,0,0.0,3.940597647142063
91,KL001,1,624.0,0,0.0,0,0.0,0,0.0,37.40335081293088
91,KL004,1,626.0,0,0.0,0,0.0,0,0.0,37.398276996009834
91,KL006,1,682.0,0,0.0,0,0.0,0,0.0,37.391734440473236
91,KL007,1,711.0,0,0.0,0,0.0,0,0.0,37.40870299507988
91,KL002,1,782.0,0,0.0,0,0.0,0,0.0,37.34820665545485
91,KL009,1,832.0,0,0.0,0,0.0,0,0.0,37.406876646989424
91,KL008,1,974.0,0,0.0,0,0.0,0,0.0,37.39705846671874
91,KL0010,1,1010.0,0,0.0,0,0.0,0,0.0,37.38450717753309
91,KL003,1,1055.0,0,0.0,0,0.0,0,0.0,37.35029398453857
91,KL005,1,1437.0,0,0.0,1,4.0,0,0.0,35.20995007162084
92,KL009,1,659.0,0,0.0,0,0.0,0,0.0,37.397195924092365
92,KL003,1,701.0,0,0.0,0,0.0,0,0.0,37.400347499823944
92,KL006,1,714.0,0,0.0,0,0.0,0,0.0,37.367857533540175
92,KL007,1,835.0,0,0.0,0,0.0,0,0.0,37.31221712042415
92,KL0010,1,1016.0,0,0.0,0,0.0,0,0.0,37.29739337146784
92,KL001,1,1026.0,0,0.0,0,0.0,0,0.0,37.326202281738645
92,KL008,1,1027.0,0,0.0,0,0.0,0,0.0,37.31120800347385
92,KL005,1,1053.0,0,0.0,0,0.0,0,0.0,37.31028942476343
92,KL004,1,1074.0,0,0.0,0,0.0,0,0.0,37.31156529627529
92,KL002,1,1870.0,0,0.0,0,0.0,0,0.0,37.09343388743833
93,KL003,1,611.0,0,0.0,0,0.0,0,0.0,37.38178432220779
93,KL006,1,641.0,0,0.0,0,0.0,0,0.0,37.403851239620266
93,KL009,1,667.0,0,0.0,0,0.0,0,0.0,37.40116852940574
93,KL008,1,668.0,0,0.0,0,0.0,0,0.0,37.37791809156987
93,KL0010,1,768.0,0,0.0,0,0.0,0,0.0,37.39362963533205
93,KL001,1,789.0,0,0.0,0,0.0,0,0.0,37.360065184633896
93,KL005,1,832.0,0,0.0,0,0.0,0,0.0,37.396564340955976
93,KL004,1,946.0,0,0.0,1,24.0,0,0.0,25.34264228818617
93,KL002,1,1297.0,0,0.0,1,42.0,0,0.0,16.245854398020484
93,KL007,1,1996.0,0,0.0,1,28.0,0,0.0,23.014459930126687
94,KL001,1,611.0,0,0.0,0,0.0,0,0.0,37.408230144136944
94,KL009,1,659.0,0,0.0,0,0.0,0,0.0,37.40441633839262
94,KL004,1,660.0,0,0.0,0,0.0,0,0.0,37.399122605184225
94,KL008,1,771.0,0,0.0,0,0.0,0,0.0,37.40546202667965
94,KL002,1,776.0,0,0.0,0,0.0,0,0.0,37.39442216034466
94,KL006,1,823.0,0,0.0,0,0.0,0,0.0,37.383175408287045
94,KL005,1,902.0,0,0.0,0,0.0,0,0.0,37.39773200117687
94,KL007,1,942.0,0,0.0,0,0.0,0,0.0,37.38510126557322
94,KL0010,1,984.0,0,0.0,0,0.0,0,0.0,37.395319827569416
94,KL003,1,1213.0,0,0.0,0,0.0,0,0.0,37.27823306751179
95,KL003,1,596.0,0,0.0,0,0.0,0,0.0,37.40516623906362
95,KL002,1,849.0,0,0.0,0,0.0,0,0.0,37.352587603376605
95,KL001,1,921.0,0,0.0,0,0.0,0,0.0,37.38164415923753
95,KL0010,1,1375.0,1,59.0,1,42.0,0,0.0,-39.59429822108121
95,KL004,1,1443.0,1,69.0,1,39.0,0,0.0,-47.61022511833201
95,KL005,1,1623.0,3,189.0,0,0.0,0,0.0,-141.63570986686761
95,KL006,1,2083.0,2,125.0,0,0.0,0,0.0,-81.28142443211408
95,KL009,1,2877.0,1,64.0,0,0.0,0,0.0,-23.788870875660912
95,KL007,0,3000.0,1,63.0,0,0.0,0,0.0,-60.291455077711746
95,KL008,0,3000.0,3,191.0,1,34.0,0,0.0,-198.33143198898244
96,KL003,1,822.0,0,0.0,0,0.0,0,0.0,37.39590253287849
96,KL007,1,822.0,0,0.0,0,0.0,0,0.0,37.35901605979767
96,KL008,1,854.0,0,0.0,0,0.0,0,0.0,37.38155311103674
96,KL0010,1,871.0,0,0.0,0,0.0,0,0.0,37.37014320289741
96,KL004,1,915.0,0,0.0,0,0.0,0,0.0,37.37490063429017
96,KL006,1,969.0,0,0.0,0,0.0,0,0.0,37.396085007240494
96,KL002,1,993.0,0,0.0,0,0.0,0,0.0,37.39451112445925
96,KL005,1,1173.0,0,0.0,0,0.0,0,0.0,37.27527700931369
96,KL009,1,1418.0,0,0.0,0,0.0,0,0.0,37.18003033493592
96,KL001,1,1572.0,0,0.0,0,0.0,0,0.0,37.18988711001168
97,KL003,1,643.0,0,0.0,0,0.0,0,0.0,37.40202589662974
97,KL009,1,660.0,0,0.0,0,0.0,0,0.0,37.39513809610406
97,KL005,1,755.0,0,0.0,0,0.0,0,0.0,37.36686342541086
97,KL007,1,776.0,0,0.0,0,0.0,0,0.0,37.35518717960846
97,KL0010,1,798.0,0,0.0,0,0.0,0,0.0,37.36983159834531
97,KL002,1,826.0,0,0.0,0,0.0,0,0.0,37.37033794092554
97,KL004,1,874.0,0,0.0,0,0.0,0,0.0,37.35138665770538
97,KL001,1,963.0,0,0.0,0,0.0,0,0.0,37.33911714210439
97,KL006,1,1470.0,0,0.0,0,0.0,0,0.0,37.17629058062299
97,KL008,1,1604.0,0,0.0,0,0.0,0,0.0,37.13714387401886
98,KL0010,1,621.0,0,0.0,0,0.0,0,0.0,37.40341990450821
98,KL001,1,637.0,0,0.0,0,0.0,0,0.0,37.402053585525955
98,KL004,1,659.0,0,0.0,0,0.0,0,0.0,37.379539685203405
98,KL002,1,705.0,0,0.0,0,0.0,0,0.0,37.402618276260704
98,KL008,1,723.0,0,0.0,0,0.0,0,0.0,37.40406339652559
98,KL006,1,735.0,0,0.0,0,0.0,0,0.0,37.39821479311658
98,KL007,1,933.0,0,0.0,0,0.0,0,0.0,37.38379015603413
98,KL003,1,1008.0,0,0.0,0,0.0,0,0.0,37.39172160950789
98,KL005,1,1307.0,0,0.0,0,0.0,0,0.0,37.2470620104767
98,KL009,1,1480.0,0,0.0,0,0.0,0,0.0,37.152656494952666
99,KL005,1,574.0,0,0.0,0,0.0,0,0.0,37.41209584446942
99,KL007,1,715.0,0,0.0,0,0.0,0,0.0,37.358320175771475
99,KL001,1,811.0,0,0.0,0,0.0,0,0.0,37.361344945946215
99,KL006,1,878.0,0,0.0,0,0.0,0,0.0,37.32771030865515
99,KL008,1,880.0,0,0.0,0,0.0,0,0.0,37.375556047965254
99,KL009,1,975.0,0,0.0,0,0.0,0,0.0,37.328062768556
99,KL003,1,1223.0,1,32.0,0,0.0,0,0.0,6.950625374746654
99,KL0010,1,1283.0,0,0.0,0,0.0,0,0.0,37.24345070484977
99,KL002,1,1292.0,1,32.0,0,0.0,0,0.0,6.919224102448297
99,KL004,1,2242.0,0,0.0,0,0.0,0,0.0,36.96787816463071
100,KL003,1,643.0,0,0.0,0,0.0,0,0.0,37.399136992320734
100,KL002,1,704.0,1,49.0,0,0.0,0,0.0,-8.940399393627224
100,KL009,1,840.0,0,0.0,0,0.0,0,0.0,37.40097641817327
100,KL006,1,871.0,0,0.0,0,0.0,0,0.0,37.402052930353406
100,KL001,1,899.0,1,49.0,0,0.0,0,0.0,-9.008971902118738
100,KL0010,1,925.0,0,0.0,0,0.0,0,0.0,37.37659702381935
100,KL004,1,977.0,0,0.0,0,0.0,0,0.0,37.38622985692294
100,KL005,1,1098.0,0,0.0,0,0.0,0,0.0,37.29144664546904
100,KL008,1,1138.0,0,0.0,0,0.0,0,0.0,37.27653890207322
100,KL007,1,1565.0,0,0.0,0,0.0,0,0.0,37.11129483544202
101,KL006,1,587.0,0,0.0,0,0.0,0,0.0,37.40685260786926
101,KL005,1,616.0,0,0.0,0,0.0,0,0.0,37.40159853279531
101,KL004,1,677.0,0,0.0,0,0.0,0,0.0,37.40874465105602
101,KL008,1,730.0,0,0.0,0,0.0,0,0.0,37.39336903377406
101,KL001,1,751.0,0,0.0,0,0.0,0,0.0,37.39964533338484
101,KL0010,1,765.0,0,0.0,0,0.0,0,0.0,37.39319843848849
101,KL007,1,851.0,0,0.0,0,0.0,0,0.0,37.37020769048345
101,KL002,1,856.0,0,0.0,0,0.0,0,0.0,37.36624814962513
101,KL009,1,1138.0,0,0.0,0,0.0,0,0.0,37.25185667524512
101,KL003,1,1188.0,0,0.0,0,0.0,0,0.0,37.269360354049084
102,KL0010,1,581.0,0,0.0,0,0.0,0,0.0,37.407855027204874
102,KL005,1,611.0,0,0.0,0,0.0,0,0.0,37.402664341053935
102,KL006,1,632.0,0,0.0,0,0.0,0,0.0,37.401001485691445
102,KL008,1,632.0,0,0.0,0,0.0,0,0.0,37.407052750925025
102,KL001,1,724.0,0,0.0,0,0.0,0,0.0,37.40669114044765
102,KL003,1,746.0,0,0.0,0,0.0,0,0.0,37.40372900774477
102,KL007,1,755.0,0,0.0,0,0.0,0,0.0,37.398059914959376
102,KL009,1,758.0,0,0.0,0,0.0,0,0.0,37.393624472413336
102,KL002,1,1685.0,0,0.0,0,0.0,0,0.0,37.10380881823406
102,KL004,1,1964.0,0,0.0,0,0.0,0,0.0,37.01240449194521
103,KL008,1,581.0,0,0.0,0,0.0,0,0.0,37.40648318071337
103,KL007,1,588.0,0,0.0,0,0.0,0,0.0,37.404547533909884
103,KL006,1,648.0,0,0.0,0,0.0,0,0.0,37.38326361183633
103,KL005,1,702.0,0,0.0,0,0.0,0,0.0,37.39562630580282
103,KL0010,1,745.0,0,0.0,0,0.0,0,0.0,37.407624869401
103,KL004,1,781.0,0,0.0,0,0.0,0,0.0,37.37985091876494
103,KL009,1,915.0,0,0.0,0,0.0,0,0.0,37.40626837879437
103,KL002,1,934.0,0,0.0,0,0.0,0,0.0,37.323576137967045
103,KL003,1,1016.0,0,0.0,0,0.0,0,0.0,37.368138226315786
103,KL001,1,1296.0,0,0.0,0,0.0,0,0.0,37.19767071441864
104,KL007,1,738.0,0,0.0,0,0.0,0,0.0,37.40396396978298
104,KL001,1,753.0,0,0.0,0,0.0,0,0.0,37.40571043770599
104,KL006,1,761.0,0,0.0,0,0.0,0,0.0,37.384210948813724
104,KL0010,1,808.0,0,0.0,0,0.0,0,0.0,37.32833105554424
104,KL004,1,825.0,0,0.0,0,0.0,0,0.0,37.368918243971265
104,KL009,1,849.0,0,0.0,0,0.0,0,0.0,37.3912715623543
104,KL003,1,868.0,0,0.0,0,0.0,0,0.0,37.364465502871056
104,KL002,1,886.0,0,0.0,0,0.0,0,0.0,37.39347397960619
104,KL008,1,1037.0,0,0.0,0,0.0,0,0.0,37.3534430057952
104,KL005,1,1346.0,0,0.0,0,0.0,0,0.0,37.21626866386969
105,KL007,1,602.0,0,0.0,0,0.0,0,0.0,37.4122040693126
105,KL002,1,640.0,0,0.0,0,0.0,0,0.0,37.40213831735706
105,KL001,1,667.0,0,0.0,0,0.0,0,0.0,37.39029119871136
105,KL009,1,746.0,0,0.0,0,0.0,0,0.0,37.395640470928264
105,KL0010,1,801.0,0,0.0,0,0.0,0,0.0,37.39861842379242
105,KL008,1,808.0,0,0.0,0,0.0,0,0.0,37.403507589776616
105,KL004,1,844.0,0,0.0,0,0.0,0,0.0,37.39044562915201
105,KL005,1,938.0,0,0.0,0,0.0,0,0.0,37.38918929827872
105,KL006,1,951.0,0,0.0,0,0.0,0,0.0,37.38405791219574
105,KL003,1,1008.0,0,0.0,0,0.0,0,0.0,37.29313995071544
106,KL0010,1,681.0,0,0.0,0,0.0,0,0.0,37.396382385919324
106,KL005,1,844.0,0,0.0,0,0.0,0,0.0,37.39882869061175
106,KL001,1,900.0,0,0.0,0,0.0,0,0.0,37.39883961051207
106,KL002,1,926.0,0,0.0,0,0.0,0,0.0,37.370355329634926
106,KL003,1,971.0,0,0.0,0,0.0,0,0.0,37.39369180005828
106,KL006,1,1045.0,0,0.0,0,0.0,0,0.0,37.35189377531765
106,KL007,1,1332.0,0,0.0,0,0.0,0,0.0,37.216912682924615
106,KL009,1,1348.0,0,0.0,0,0.0,0,0.0,37.251926610846404
106,KL008,1,1456.0,0,0.0,0,0.0,0,0.0,37.227780743049394
106,KL004,1,1741.0,0,0.0,0,0.0,0,0.0,37.094747578646924
107,KL009,1,606.0,0,0.0,0,0.0,0,0.0,37.39907628822914
107,KL007,1,610.0,0,0.0,0,0.0,0,0.0,37.397901522660874
107,KL0010,1,628.0,0,0.0,0,0.0,0,0.0,37.3941304400962
107,KL003,1,641.0,0,0.0,0,0.0,0,0.0,37.395394459168486
107,KL008,1,656.0,0,0.0,0,0.0,0,0.0,37.40026733742313
107,KL006,1,668.0,0,0.0,0,0.0,0,0.0,37.40166214918827
107,KL004,1,776.0,0,0.0,0,0.0,0,0.0,37.384017649027506
107,KL005,1,887.0,0,0.0,0,0.0,0,0.0,37.388472637893976
107,KL002,1,928.0,0,0.0,0,0.0,0,0.0,37.39297769100685
107,KL001,1,1466.0,0,0.0,0,0.0,0,0.0,37.18955242337391
108,KL007,1,708.0,0,0.0,0,0.0,0,0.0,37.39473250562422
108,KL005,1,859.0,0,0.0,0,0.0,0,0.0,37.316381976625195
108,KL003,1,867.0,0,0.0,0,0.0,0,0.0,37.32419640860962
108,KL002,1,879.0,0,0.0,0,0.0,0,0.0,37.349411956568225
108,KL001,1,942.0,0,0.0,0,0.0,0,0.0,37.340454856823726
108,KL009,1,1131.0,0,0.0,0,0.0,0,0.0,37.31409811944153
108,KL004,1,1599.0,0,0.0,0,0.0,0,0.0,37.10017448885116
108,KL008,1,1621.0,0,0.0,0,0.0,0,0.0,37.049838174581296
108,KL0010,1,1747.0,0,0.0,0,0.0,0,0.0,37.03560410704662
108,KL006,0,3000.0,0,0.0,0,0.0,0,0.0,-0.8208896352110977
109,KL004,1,655.0,0,0.0,0,0.0,0,0.0,37.38361000531395
109,KL005,1,691.0,0,0.0,0,0.0,0,0.0,37.37271972113635
109,KL006,1,802.0,0,0.0,0,0.0,0,0.0,37.32336517704825
109,KL001,1,937.0,0,0.0,0,0.0,0,0.0,37.3629372156092
109,KL007,1,957.0,0,0.0,0,0.0,0,0.0,37.33511723392138
109,KL009,1,1020.0,0,0.0,0,0.0,0,0.0,37.29553253508502
109,KL008,1,1054.0,0,0.0,0,0.0,0,0.0,37.332943921306736
109,KL003,1,1062.0,0,0.0,0,0.0,0,0.0,37.310431115124814
109,KL0010,1,1735.0,0,0.0,0,0.0,0,0.0,37.07691620256089
109,KL002,0,3000.0,0,0.0,0,0.0,0,0.0,-0.8308113139716421
110,KL002,1,619.0,0,0.0,0,0.0,0,0.0,37.4085489922224
110,KL004,1,622.0,0,0.0,0,0.0,0,0.0,37.405332852384255
110,KL008,1,640.0,0,0.0,0,0.0,0,0.0,37.40963581536361
110,KL003,1,698.0,0,0.0,0,0.0,0,0.0,37.3857122871086
110,KL005,1,709.0,0,0.0,0,0.0,0,0.0,37.40449358324728
110,KL001,1,720.0,0,0.0,0,0.0,0,0.0,37.39774084953734
110,KL007,1,729.0,0,0.0,0,0.0,0,0.0,37.38482792972043
110,KL0010,1,820.0,0,0.0,0,0.0,0,0.0,37.406425356453596
110,KL009,1,881.0,0,0.0,0,0.0,0,0.0,37.39949961214
110,KL006,1,906.0,0,0.0,0,0.0,0,0.0,37.36743999097202
111,KL009,1,621.0,0,0.0,0,0.0,0,0.0,37.38101218702648
111,KL003,1,659.0,0,0.0,0,0.0,0,0.0,37.40576814359503
111,KL004,1,670.0,0,0.0,0,0.0,0,0.0,37.38887854922054
111,KL006,1,687.0,0,0.0,0,0.0,0,0.0,37.373678426800836
111,KL0010,1,768.0,0,0.0,0,0.0,0,0.0,37.38020145907874
111,KL008,1,795.0,0,0.0,0,0.0,0,0.0,37.36198326425122
111,KL002,1,835.0,0,0.0,0,0.0,0,0.0,37.35861012977165
111,KL007,1,843.0,0,0.0,0,0.0,0,0.0,37.40213832220847
111,KL005,1,931.0,0,0.0,0,0.0,0,0.0,37.37564122472428
111,KL001,1,1054.0,0,0.0,0,0.0,0,0.0,37.29886221622365
112,KL005,1,613.0,0,0.0,0,0.0,0,0.0,37.39953289816896
112,KL009,1,638.0,0,0.0,0,0.0,0,0.0,37.407118969655514
112,KL007,1,658.0,0,0.0,0,0.0,0,0.0,37.40144481091826
112,KL006,1,659.0,0,0.0,0,0.0,0,0.0,37.40682288734314
112,KL004,1,711.0,0,0.0,0,0.0,0,0.0,37.397145220226676
112,KL0010,1,713.0,0,0.0,0,0.0,0,0.0,37.401965484624974
112,KL002,1,801.0,0,0.0,0,0.0,0,0.0,37.404031633571364
112,KL001,1,921.0,0,0.0,0,0.0,0,0.0,37.382582673336664
112,KL008,1,936.0,0,0.0,0,0.0,0,0.0,37.39833349571872
112,KL003,1,1643.0,0,0.0,0,0.0,0,0.0,37.17330704266914
113,KL009,1,592.0,0,0.0,0,0.0,0,0.0,37.40805903198705
113,KL008,1,663.0,0,0.0,0,0.0,0,0.0,37.403549614015574
113,KL001,1,715.0,0,0.0,0,0.0,0,0.0,37.39162795001814
113,KL002,1,778.0,0,0.0,0,0.0,0,0.0,37.40089124626934
113,KL004,1,799.0,0,0.0,0,0.0,0,0.0,37.40194313555576
113,KL007,1,838.0,0,0.0,0,0.0,0,0.0,37.30395257225862
113,KL003,1,847.0,0,0.0,0,0.0,0,0.0,37.38769005348535
113,KL0010,1,912.0,0,0.0,0,0.0,0,0.0,37.354210639500245
113,KL005,1,1052.0,0,0.0,0,0.0,0,0.0,37.31364336876002
113,KL006,1,1339.0,0,0.0,0,0.0,0,0.0,37.2215663079918
114,KL002,1,803.0,0,0.0,0,0.0,0,0.0,37.401732169911995
114,KL001,1,804.0,0,0.0,0,0.0,0,0.0,37.340369931775676
114,KL003,1,828.0,0,0.0,0,0.0,0,0.0,37.398203889362534
114,KL004,1,879.0,0,0.0,0,0.0,0,0.0,37.36815994478816
114,KL0010,1,934.0,0,0.0,0,0.0,0,0.0,37.338050442473026
114,KL007,1,1024.0,0,0.0,0,0.0,0,0.0,37.33256517043316
114,KL005,1,1025.0,0,0.0,0,0.0,0,0.0,37.27637279814771
114,KL008,1,1033.0,0,0.0,0,0.0,0,0.0,37.31960299828404
114,KL006,1,1121.0,0,0.0,0,0.0,0,0.0,37.28004645475002
114,KL009,1,1171.0,0,0.0,0,0.0,0,0.0,37.301582377046174
115,KL0010,1,596.0,0,0.0,0,0.0,0,0.0,37.401043001604286
115,KL007,1,747.0,0,0.0,0,0.0,0,0.0,37.400223865044275
115,KL002,1,812.0,0,0.0,0,0.0,0,0.0,37.355043752699196
115,KL005,1,813.0,0,0.0,0,0.0,0,0.0,37.37202290306804
115,KL008,1,878.0,0,0.0,0,0.0,0,0.0,37.3682920598462
115,KL009,1,899.0,0,0.0,0,0.0,0,0.0,37.28866283378263
115,KL003,1,1013.0,0,0.0,0,0.0,0,0.0,37.30208158254292
115,KL006,1,1162.0,0,0.0,0,0.0,0,0.0,37.23965928591655
115,KL004,1,1163.0,0,0.0,0,0.0,0,0.0,37.22058648246479
115,KL001,1,2014.0,0,0.0,0,0.0,0,0.0,36.92368308434591
116,KL007,1,583.0,0,0.0,0,0.0,0,0.0,37.41088461859268
116,KL001,1,671.0,0,0.0,0,0.0,0,0.0,37.404734440065276
116,KL002,1,697.0,0,0.0,0,0.0,0,0.0,37.3806407535359
116,KL004,1,810.0,0,0.0,0,0.0,0,0.0,37.37194155568496
116,KL009,1,859.0,0,0.0,0,0.0,0,0.0,37.40150005805858
116,KL006,1,868.0,0,0.0,0,0.0,0,0.0,37.30671922845581
116,KL005,1,935.0,0,0.0,0,0.0,0,0.0,37.36377429459772
116,KL003,1,1027.0,0,0.0,0,0.0,0,0.0,37.36331549453942
116,KL0010,1,1082.0,0,0.0,0,0.0,0,0.0,37.307253586442876
116,KL008,1,1085.0,0,0.0,0,0.0,0,0.0,37.34699198376826
117,KL008,1,621.0,0,0.0,0,0.0,0,0.0,37.41191292340723
117,KL003,1,753.0,0,0.0,0,0.0,0,0.0,37.3860950871778
117,KL002,1,791.0,0,0.0,0,0.0,0,0.0,37.390436829587536
117,KL0010,1,902.0,0,0.0,0,0.0,0,0.0,37.38218258693014
117,KL009,1,945.0,0,0.0,0,0.0,0,0.0,37.344077132791696
117,KL001,1,956.0,0,0.0,0,0.0,0,0.0,37.275406648554124
117,KL005,1,1002.0,0,0.0,0,0.0,0,0.0,37.35223426940239
117,KL006,1,1057.0,0,0.0,0,0.0,0,0.0,37.295722516942895
117,KL004,1,1252.0,0,0.0,0,0.0,0,0.0,37.214740568176744
117,KL007,1,1311.0,0,0.0,0,0.0,0,0.0,37.240286792716965
118,KL001,1,665.0,0,0.0,0,0.0,0,0.0,37.40830259740568
118,KL007,1,671.0,0,0.0,0,0.0,0,0.0,37.402664361212956
118,KL008,1,888.0,0,0.0,0,0.0,0,0.0,37.351549467429116
118,KL004,1,892.0,0,0.0,0,0.0,0,0.0,37.397663613380054
118,KL006,1,958.0,0,0.0,0,0.0,0,0.0,37.30406370407037
118,KL005,1,1032.0,0,0.0,0,0.0,0,0.0,37.31086449833512
118,KL009,1,1093.0,0,0.0,0,0.0,0,0.0,37.26332907303908
118,KL003,1,1332.0,0,0.0,0,0.0,0,0.0,37.271479192006666
118,KL002,1,1370.0,0,0.0,0,0.0,0,0.0,37.18626954452009
118,KL0010,1,1441.0,0,0.0,0,0.0,0,0.0,37.20525392936637
119,KL005,1,620.0,0,0.0,0,0.0,0,0.0,37.40082846584435
119,KL007,1,717.0,0,0.0,0,0.0,0,0.0,37.39501400505492
119,KL0010,1,794.0,0,0.0,0,0.0,0,0.0,37.33990387912203
119,KL008,1,895.0,0,0.0,0,0.0,0,0.0,37.39592943203395
119,KL001,1,897.0,0,0.0,0,0.0,0,0.0,37.39446161409145
119,KL004,1,936.0,0,0.0,0,0.0,0,0.0,37.33954145441073
119,KL003,1,1084.0,0,0.0,0,0.0,0,0.0,37.32380199470885
119,KL009,1,1089.0,0,0.0,0,0.0,0,0.0,37.33839506859299
119,KL006,1,1269.0,0,0.0,0,0.0,0,0.0,37.25653462040677
119,KL002,1,1274.0,0,0.0,0,0.0,0,0.0,37.23886716344112
120,KL0010,1,589.0,0,0.0,0,0.0,0,0.0,37.40090908185324
120,KL003,1,647.0,0,0.0,0,0.0,0,0.0,37.40940678389659
120,KL006,1,670.0,0,0.0,0,0.0,0,0.0,37.38261985455806
120,KL009,1,670.0,0,0.0,0,0.0,0,0.0,37.39543800039579
120,KL007,1,749.0,0,0.0,0,0.0,0,0.0,37.39145198086915
120,KL004,1,810.0,0,0.0,0,0.0,0,0.0,37.39469012585932
120,KL002,1,950.0,0,0.0,0,0.0,0,0.0,37.391257957669026
120,KL001,1,1460.0,0,0.0,0,0.0,0,0.0,37.11470405536947
120,KL005,1,1483.0,0,0.0,0,0.0,0,0.0,37.18849318458959
120,KL008,1,1527.0,0,0.0,0,0.0,0,0.0,37.20472282428148
121,KL009,1,577.0,0,0.0,0,0.0,0,0.0,37.40765579530018
121,KL004,1,796.0,0,0.0,0,0.0,0,0.0,37.368387163222955
121,KL006,1,830.0,0,0.0,0,0.0,0,0.0,37.38852377596321
121,KL008,1,879.0,0,0.0,0,0.0,0,0.0,37.29502694550031
121,KL005,1,962.0,0,0.0,0,0.0,0,0.0,37.33607372791741
121,KL002,1,1038.0,0,0.0,0,0.0,0,0.0,37.35980407155678
121,KL001,1,1120.0,0,0.0,0,0.0,0,0.0,37.273714366893465
121,KL007,1,1177.0,0,0.0,0,0.0,0,0.0,37.2888618460241
121,KL0010,1,1327.0,0,0.0,0,0.0,0,0.0,37.24785522059287
121,KL003,1,1526.0,0,0.0,0,0.0,0,0.0,37.17985354087257
122,KL009,1,689.0,0,0.0,0,0.0,0,0.0,37.4088047592241
122,KL007,1,691.0,0,0.0,0,0.0,0,0.0,37.39850755579366
122,KL006,1,693.0,0,0.0,0,0.0,0,0.0,37.38945346068851
122,KL002,1,897.0,0,0.0,0,0.0,0,0.0,37.39422258460141
122,KL001,1,902.0,0,0.0,0,0.0,0,0.0,37.38253762927359
122,KL0010,1,939.0,0,0.0,0,0.0,0,0.0,37.37873138999449
122,KL008,1,981.0,0,0.0,0,0.0,0,0.0,37.359370833275754
122,KL005,1,1003.0,0,0.0,0,0.0,0,0.0,37.35491219131762
122,KL003,1,1134.0,0,0.0,0,0.0,0,0.0,37.294154270318565
122,KL004,1,1480.0,0,0.0,1,5.0,0,0.0,34.6387448695834
123,KL003,1,727.0,0,0.0,0,0.0,0,0.0,37.405022550507645
123,KL001,1,747.0,0,0.0,0,0.0,0,0.0,37.35872827915073
123,KL006,1,811.0,0,0.0,0,0.0,0,0.0,37.359741258023
123,KL009,1,994.0,0,0.0,0,0.0,0,0.0,37.30954854931352
123,KL002,1,1484.0,0,0.0,0,0.0,0,0.0,37.10481072136655
123,KL0010,1,1628.0,0,0.0,0,0.0,0,0.0,37.15455604811258
123,KL004,1,1809.0,0,0.0,0,0.0,0,0.0,37.1046197886826
123,KL007,1,1814.0,1,34.0,0,0.0,0,0.0,4.9361280719243155
123,KL005,1,1855.0,0,0.0,0,0.0,0,0.0,37.00047697258689
123,KL008,1,1882.0,1,34.0,0,0.0,0,0.0,4.905011836800924
124,KL003,1,632.0,0,0.0,0,0.0,0,0.0,37.40310888445379
124,KL001,1,706.0,0,0.0,0,0.0,0,0.0,37.39012982215667
124,KL002,1,737.0,0,0.0,0,0.0,0,0.0,37.39224294968175
124,KL006,1,757.0,0,0.0,0,0.0,0,0.0,37.410622546662836
124,KL0010,1,792.0,0,0.0,0,0.0,0,0.0,37.40598142851108
124,KL004,1,927.0,0,0.0,0,0.0,0,0.0,37.40168818968783
124,KL009,1,970.0,0,0.0,0,0.0,0,0.0,37.39792326226363
124,KL007,1,1003.0,0,0.0,0,0.0,0,0.0,37.35733585453631
124,KL005,1,1203.0,0,0.0,0,0.0,0,0.0,37.21410973033935
124,KL008,1,1505.0,0,0.0,0,0.0,0,0.0,37.19544378533269
125,KL008,1,781.0,0,0.0,0,0.0,0,0.0,37.330771346745514
125,KL001,1,873.0,0,0.0,0,0.0,0,0.0,37.33303430643351
125,KL009,1,900.0,0,0.0,0,0.0,0,0.0,37.36923206481545
125,KL007,1,982.0,0,0.0,0,0.0,0,0.0,37.3605268878342
125,KL005,1,986.0,0,0.0,0,0.0,0,0.0,37.302628858910104
125,KL006,1,1003.0,0,0.0,0,0.0,0,0.0,37.36903450566158
125,KL002,1,1015.0,0,0.0,0,0.0,0,0.0,37.33487226233224
125,KL004,1,1064.0,0,0.0,0,0.0,0,0.0,37.30489938040687
125,KL003,1,1366.0,0,0.0,0,0.0,0,0.0,37.22795703443786
125,KL0010,1,1408.0,0,0.0,0,0.0,0,0.0,37.18059512495823
126,KL007,1,830.0,1,38.0,0,0.0,0,0.0,1.4038808165033814
126,KL008,1,854.0,1,38.0,0,0.0,0,0.0,1.4066656684673404
126,KL003,1,875.0,0,0.0,0,0.0,0,0.0,37.35088187521831
126,KL005,1,896.0,0,0.0,0,0.0,0,0.0,37.39292212654087
126,KL004,1,934.0,0,0.0,0,0.0,0,0.0,37.37141709270977
126,KL002,1,935.0,0,0.0,0,0.0,0,0.0,37.373949035822704
126,KL0010,1,954.0,0,0.0,0,0.0,0,0.0,37.36448392993395
126,KL006,1,1024.0,0,0.0,0,0.0,0,0.0,37.36567135948722
126,KL009,1,1176.0,0,0.0,0,0.0,0,0.0,37.30023132857899
126,KL001,1,2247.0,0,0.0,0,0.0,0,0.0,36.869063553881595
127,KL009,1,673.0,0,0.0,0,0.0,0,0.0,37.406291601195804
127,KL006,1,679.0,0,0.0,0,0.0,0,0.0,37.345006023682686
127,KL002,1,699.0,0,0.0,0,0.0,0,0.0,37.40283617131387
127,KL004,1,792.0,0,0.0,0,0.0,0,0.0,37.38919376932194
127,KL008,1,858.0,0,0.0,0,0.0,0,0.0,37.38408304889737
127,KL003,1,874.0,0,0.0,0,0.0,0,0.0,37.395203232488285
127,KL001,1,884.0,0,0.0,0,0.0,0,0.0,37.39080421863012
127,KL0010,1,932.0,0,0.0,0,0.0,0,0.0,37.38988589901939
127,KL005,1,960.0,0,0.0,0,0.0,0,0.0,37.33663071572416
127,KL007,1,1161.0,0,0.0,0,0.0,0,0.0,37.30056940100222
128,KL007,1,670.0,0,0.0,0,0.0,0,0.0,37.393871104577
128,KL003,1,677.0,0,0.0,0,0.0,0,0.0,37.399261748005415
128,KL002,1,750.0,0,0.0,0,0.0,0,0.0,37.401586029997404
128,KL004,1,765.0,1,41.0,0,0.0,0,0.0,-1.3997597477842447
128,KL005,1,800.0,0,0.0,0,0.0,0,0.0,37.40009213552515
128,KL008,1,863.0,1,43.0,0,0.0,0,0.0,-3.3318426253250166
128,KL001,1,865.0,0,0.0,0,0.0,0,0.0,37.310349472465376
128,KL006,1,958.0,2,84.0,0,0.0,0,0.0,-42.09401761747064
128,KL009,1,987.0,0,0.0,0,0.0,0,0.0,37.315915486762606
128,KL0010,1,988.0,0,0.0,0,0.0,0,0.0,37.340261322452825
129,KL003,1,628.0,0,0.0,0,0.0,0,0.0,37.40723107611875
129,KL005,1,682.0,0,0.0,0,0.0,0,0.0,37.38516520950502
129,KL007,1,785.0,0,0.0,0,0.0,0,0.0,37.40332798994073
129,KL001,1,794.0,0,0.0,0,0.0,0,0.0,37.40676947204632
129,KL004,1,820.0,0,0.0,0,0.0,0,0.0,37.36745629625636
129,KL0010,1,834.0,0,0.0,0,0.0,0,0.0,37.39666011713902
129,KL006,1,841.0,0,0.0,0,0.0,0,0.0,37.39088161608753
129,KL002,1,1000.0,0,0.0,0,0.0,0,0.0,37.38771259066993
129,KL008,1,1165.0,0,0.0,0,0.0,0,0.0,37.24274912491708
129,KL009,1,1238.0,0,0.0,0,0.0,0,0.0,37.22532763198845
130,KL002,1,627.0,0,0.0,0,0.0,0,0.0,37.39326059152011
130,KL007,1,652.0,0,0.0,0,0.0,0,0.0,37.39828909405053
130,KL006,1,716.0,0,0.0,0,0.0,0,0.0,37.404157904365036
130,KL009,1,835.0,0,0.0,0,0.0,0,0.0,37.40658327053626
130,KL003,1,956.0,0,0.0,0,0.0,0,0.0,37.351193430216256
130,KL0010,1,983.0,0,0.0,0,0.0,0,0.0,37.39147387851329
130,KL008,1,1060.0,0,0.0,0,0.0,0,0.0,37.340452606976704
130,KL005,1,1284.0,0,0.0,0,0.0,0,0.0,37.23134169406988
130,KL004,1,1287.0,0,0.0,0,0.0,0,0.0,37.252418887056656
130,KL001,1,1306.0,0,0.0,0,0.0,0,0.0,37.15193533368165
131,KL001,1,624.0,0,0.0,0,0.0,0,0.0,37.40979235130486
131,KL0010,1,800.0,0,0.0,1,160.0,0,0.0,-42.63574915970629
131,KL002,1,978.0,0,0.0,0,0.0,0,0.0,37.396804669547784
131,KL005,1,1005.0,0,0.0,0,0.0,0,0.0,37.34125567849314
131,KL003,1,1043.0,0,0.0,0,0.0,0,0.0,37.348415592762436
131,KL009,1,1162.0,3,107.0,1,10.0,0,0.0,-68.97433906984338
131,KL004,1,1802.0,1,35.0,0,0.0,0,0.0,3.9343614389160635
131,KL006,1,1940.0,1,43.0,0,0.0,0,0.0,-3.617513753724829
131,KL008,1,2066.0,1,29.0,0,0.0,0,0.0,9.602484523383001
131,KL007,1,2668.0,0,0.0,0,0.0,0,0.0,36.74364259614597
132,KL006,1,682.0,0,0.0,0,0.0,0,0.0,37.38935197307856
132,KL009,1,694.0,0,0.0,0,0.0,0,0.0,37.37327344693151
132,KL002,1,724.0,0,0.0,0,0.0,0,0.0,37.367782795372186
132,KL003,1,947.0,1,25.0,0,0.0,0,0.0,13.74097790021408
132,KL0010,1,959.0,0,0.0,0,0.0,0,0.0,37.33465158023916
132,KL008,1,1094.0,0,0.0,0,0.0,0,0.0,37.31606217831795
132,KL001,1,1139.0,1,25.0,0,0.0,0,0.0,13.617521625014163
132,KL004,1,1181.0,0,0.0,0,0.0,0,0.0,37.24520027967224
132,KL005,1,1668.0,0,0.0,0,0.0,0,0.0,37.040450505612355
132,KL007,1,1900.0,0,0.0,0,0.0,0,0.0,37.04545048890002
133,KL004,1,601.0,0,0.0,0,0.0,0,0.0,37.40231906866953
133,KL009,1,622.0,0,0.0,0,0.0,0,0.0,37.399905856266486
133,KL0010,1,696.0,0,0.0,0,0.0,0,0.0,37.39056967631251
133,KL003,1,729.0,0,0.0,0,0.0,0,0.0,37.36885768263709
133,KL006,1,744.0,0,0.0,0,0.0,0,0.0,37.40451545776202
133,KL007,1,745.0,0,0.0,0,0.0,0,0.0,37.3689818580674
133,KL005,1,813.0,0,0.0,0,0.0,0,0.0,37.404467224896116
133,KL001,1,880.0,0,0.0,0,0.0,0,0.0,37.34606771817691
133,KL008,1,977.0,0,0.0,0,0.0,0,0.0,37.40361763069407
133,KL002,1,1651.0,0,0.0,0,0.0,0,0.0,37.13660324845079
134,KL005,1,615.0,0,0.0,0,0.0,0,0.0,37.39416213782638
134,KL009,1,619.0,0,0.0,0,0.0,0,0.0,37.387247329054354
134,KL004,1,717.0,0,0.0,0,0.0,0,0.0,37.40057854351866
134,KL0010,1,781.0,0,0.0,0,0.0,0,0.0,37.3844777377711
134,KL006,1,821.0,0,0.0,0,0.0,0,0.0,37.33678969251965
134,KL001,1,849.0,0,0.0,0,0.0,0,0.0,37.366482198280075
134,KL003,1,863.0,0,0.0,0,0.0,0,0.0,37.36962675426368
134,KL002,1,911.0,0,0.0,0,0.0,0,0.0,37.3859240747081
134,KL008,1,1293.0,0,0.0,0,0.0,0,0.0,37.25574370843195
134,KL007,1,1438.0,0,0.0,0,0.0,0,0.0,37.18834136568147
135,KL0010,1,748.0,0,0.0,0,0.0,0,0.0,37.38275868398881
135,KL008,1,822.0,0,0.0,0,0.0,0,0.0,37.39071771605448
135,KL007,1,913.0,0,0.0,0,0.0,0,0.0,37.398676696273
135,KL004,1,971.0,0,0.0,0,0.0,0,0.0,37.299741609231646
135,KL009,1,1045.0,0,0.0,0,0.0,0,0.0,37.35908521123208
135,KL006,1,1054.0,0,0.0,0,0.0,0,0.0,37.291667824366066
135,KL003,1,1119.0,0,0.0,0,0.0,0,0.0,37.24977966516839
135,KL001,1,1233.0,0,0.0,0,0.0,0,0.0,37.24928746943095
135,KL005,1,1384.0,0,0.0,0,0.0,0,0.0,37.18766593320667
135,KL002,1,1391.0,0,0.0,0,0.0,0,0.0,37.263970363402656
136,KL007,1,640.0,0,0.0,0,0.0,0,0.0,37.4026392309039
136,KL0010,1,704.0,0,0.0,0,0.0,0,0.0,37.349488237298246
136,KL008,1,842.0,0,0.0,0,0.0,0,0.0,37.398986708055844
136,KL005,1,969.0,0,0.0,0,0.0,0,0.0,37.32542830700188
136,KL002,1,1010.0,0,0.0,0,0.0,0,0.0,37.33177345575239
136,KL006,1,1052.0,0,0.0,0,0.0,0,0.0,37.27699519708915
136,KL004,1,1061.0,0,0.0,0,0.0,0,0.0,37.373896482960824
136,KL003,1,1113.0,0,0.0,0,0.0,0,0.0,37.30923316967603
136,KL009,1,1151.0,0,0.0,0,0.0,0,0.0,37.29665548139821
136,KL001,1,2078.0,0,0.0,0,0.0,0,0.0,36.99205902174832
137,KL001,1,601.0,0,0.0,0,0.0,0,0.0,37.40619038159079
137,KL003,1,601.0,0,0.0,0,0.0,0,0.0,37.40214971967371
137,KL005,1,697.0,0,0.0,0,0.0,0,0.0,37.40018151587069
137,KL006,1,718.0,0,0.0,0,0.0,0,0.0,37.40607233393441
137,KL009,1,756.0,0,0.0,0,0.0,0,0.0,37.40534426594463
137,KL0010,1,800.0,0,0.0,0,0.0,0,0.0,37.37061972011005
137,KL004,1,831.0,0,0.0,0,0.0,0,0.0,37.3909922544704
137,KL008,1,870.0,0,0.0,0,0.0,0,0.0,37.401048736875076
137,KL007,1,1539.0,0,0.0,0,0.0,0,0.0,37.13633667597487
137,KL002,1,2566.0,0,0.0,0,0.0,0,0.0,36.83369406510187
138,KL004,1,805.0,0,0.0,0,0.0,0,0.0,37.38372871872946
138,KL008,1,876.0,0,0.0,0,0.0,0,0.0,37.298402471023834
138,KL009,1,902.0,0,0.0,0,0.0,0,0.0,37.40086620393718
138,KL007,1,918.0,0,0.0,0,0.0,0,0.0,37.34216349559645
138,KL0010,1,945.0,0,0.0,0,0.0,0,0.0,37.399822970797146
138,KL001,1,1020.0,0,0.0,0,0.0,0,0.0,37.27154186506567
138,KL002,1,1020.0,0,0.0,0,0.0,0,0.0,37.30432874392516
138,KL003,1,1031.0,0,0.0,0,0.0,0,0.0,37.278671410555816
138,KL005,1,1115.0,0,0.0,0,0.0,0,0.0,37.2196260872268
138,KL006,1,1335.0,0,0.0,0,0.0,0,0.0,37.13190607348355
139,KL007,1,622.0,0,0.0,0,0.0,0,0.0,37.382026492919856
139,KL005,1,629.0,0,0.0,0,0.0,0,0.0,37.4111891450277
139,KL002,1,672.0,0,0.0,0,0.0,0,0.0,37.40218675802867
139,KL008,1,716.0,0,0.0,0,0.0,0,0.0,37.356534773321236
139,KL001,1,788.0,0,0.0,0,0.0,0,0.0,37.34153690715945
139,KL003,1,981.0,0,0.0,0,0.0,0,0.0,37.29115070038149
139,KL0010,1,1048.0,0,0.0,0,0.0,0,0.0,37.304788041650774
139,KL004,1,1063.0,0,0.0,0,0.0,0,0.0,37.297092639884745
139,KL006,1,1168.0,0,0.0,0,0.0,0,0.0,37.27366526379105
139,KL009,1,1365.0,0,0.0,0,0.0,0,0.0,37.15980857848713
140,KL007,1,609.0,0,0.0,0,0.0,0,0.0,37.399652606094634
140,KL008,1,661.0,0,0.0,0,0.0,0,0.0,37.40439635882011
140,KL009,1,673.0,0,0.0,0,0.0,0,0.0,37.402309784482654
140,KL006,1,774.0,0,0.0,0,0.0,0,0.0,37.40688305957471
140,KL002,1,781.0,0,0.0,0,0.0,0,0.0,37.4033341006583
140,KL0010,1,834.0,0,0.0,0,0.0,0,0.0,37.399161942758816
140,KL001,1,898.0,0,0.0,0,0.0,0,0.0,37.3963684750715
140,KL004,1,911.0,0,0.0,0,0.0,0,0.0,37.37849041281097
140,KL003,1,1007.0,0,0.0,0,0.0,0,0.0,37.364987704170744
140,KL005,1,1046.0,0,0.0,0,0.0,0,0.0,37.323983879070354
141,KL009,1,644.0,0,0.0,0,0.0,0,0.0,37.37533621586117
141,KL008,1,729.0,0,0.0,0,0.0,0,0.0,37.37993351180618
141,KL004,1,776.0,0,0.0,0,0.0,0,0.0,37.3972170066127
141,KL002,1,836.0,0,0.0,0,0.0,0,0.0,37.32236637421977
141,KL001,1,865.0,0,0.0,0,0.0,0,0.0,37.393690968747286
141,KL006,1,866.0,0,0.0,0,0.0,0,0.0,37.38556439997454
141,KL0010,1,891.0,0,0.0,0,0.0,0,0.0,37.3986188315642
141,KL005,1,910.0,0,0.0,0,0.0,0,0.0,37.38881808372987
141,KL007,1,952.0,0,0.0,0,0.0,0,0.0,37.38927473372116
141,KL003,1,1037.0,0,0.0,0,0.0,0,0.0,37.36170930687493
142,KL0010,1,586.0,0,0.0,0,0.0,0,0.0,37.40931999661239
142,KL001,1,642.0,0,0.0,0,0.0,0,0.0,37.40880275410002
142,KL004,1,644.0,0,0.0,0,0.0,0,0.0,37.40873083545873
142,KL005,1,667.0,0,0.0,0,0.0,0,0.0,37.408383533343304
142,KL002,1,831.0,0,0.0,0,0.0,0,0.0,37.39235573854252
142,KL003,1,833.0,0,0.0,0,0.0,0,0.0,37.39186345780037
142,KL006,1,866.0,0,0.0,0,0.0,0,0.0,37.2963663515184
142,KL009,1,898.0,0,0.0,0,0.0,0,0.0,37.36341328574433
142,KL008,1,913.0,0,0.0,0,0.0,0,0.0,37.36736882575524
142,KL007,1,955.0,0,0.0,0,0.0,0,0.0,37.39852962666259
143,KL007,1,589.0,0,0.0,0,0.0,0,0.0,37.40647198123417
143,KL005,1,591.0,0,0.0,0,0.0,0,0.0,37.40092357655041
143,KL002,1,606.0,0,0.0,0,0.0,0,0.0,37.388765087313466
143,KL008,1,650.0,0,0.0,0,0.0,0,0.0,37.40834965445309
143,KL0010,1,662.0,0,0.0,0,0.0,0,0.0,37.38008994753793
143,KL001,1,721.0,0,0.0,0,0.0,0,0.0,37.388559734952175
143,KL004,1,814.0,0,0.0,0,0.0,0,0.0,37.39009195396671
143,KL003,1,956.0,0,0.0,0,0.0,0,0.0,37.38586524039363
143,KL006,1,1026.0,0,0.0,0,0.0,0,0.0,37.37785946702906
143,KL009,1,1110.0,0,0.0,0,0.0,0,0.0,37.2836964301486
144,KL009,1,587.0,0,0.0,0,0.0,0,0.0,37.406517966659166
144,KL006,1,658.0,0,0.0,0,0.0,0,0.0,37.41130901337088
144,KL001,1,719.0,0,0.0,0,0.0,0,0.0,37.398602348330996
144,KL002,1,722.0,0,0.0,0,0.0,0,0.0,37.3895198815865
144,KL005,1,795.0,0,0.0,0,0.0,0,0.0,37.39835286853443
144,KL003,1,818.0,0,0.0,0,0.0,0,0.0,37.382108469315845
144,KL0010,1,887.0,0,0.0,0,0.0,0,0.0,37.39743576256508
144,KL008,1,1021.0,0,0.0,0,0.0,0,0.0,37.297964785686595
144,KL004,1,1029.0,0,0.0,0,0.0,0,0.0,37.30496600258984
144,KL007,1,1101.0,0,0.0,0,0.0,0,0.0,37.317908845607626
145,KL009,1,600.0,0,0.0,0,0.0,0,0.0,37.395252593972856
145,KL006,1,710.0,0,0.0,0,0.0,0,0.0,37.34890664146628
145,KL007,1,793.0,0,0.0,0,0.0,0,0.0,37.39925403847011
145,KL004,1,845.0,0,0.0,0,0.0,0,0.0,37.34899502222999
145,KL005,1,926.0,0,0.0,0,0.0,0,0.0,37.35182861439504
145,KL0010,1,1043.0,0,0.0,0,0.0,0,0.0,37.32194201080175
145,KL001,1,1110.0,0,0.0,0,0.0,0,0.0,37.31191917723577
145,KL003,1,1137.0,0,0.0,0,0.0,0,0.0,37.32247240373442
145,KL002,1,1153.0,0,0.0,0,0.0,0,0.0,37.301676863212656
145,KL008,1,1203.0,0,0.0,0,0.0,0,0.0,37.204372413186086
146,KL007,1,608.0,0,0.0,0,0.0,0,0.0,37.4007444625714
146,KL003,1,736.0,0,0.0,0,0.0,0,0.0,37.40634482666593
146,KL005,1,796.0,0,0.0,0,0.0,0,0.0,37.3943493498108
146,KL009,1,823.0,0,0.0,0,0.0,0,0.0,37.405084101590035
146,KL001,1,909.0,0,0.0,0,0.0,0,0.0,37.32528055980835
146,KL006,1,924.0,0,0.0,0,0.0,0,0.0,37.40340587447414
146,KL008,1,1005.0,0,0.0,0,0.0,0,0.0,37.32804433613967
146,KL0010,1,1058.0,0,0.0,0,0.0,0,0.0,37.270670499938554
146,KL004,1,1367.0,0,0.0,0,0.0,0,0.0,37.19921476884003
146,KL002,1,1507.0,0,0.0,0,0.0,0,0.0,37.162869584924024
147,KL002,1,716.0,0,0.0,0,0.0,0,0.0,37.36274817458203
147,KL005,1,764.0,0,0.0,0,0.0,0,0.0,37.38270205755494
147,KL007,1,817.0,0,0.0,0,0.0,0,0.0,37.358282657822194
147,KL008,1,822.0,0,0.0,0,0.0,0,0.0,37.3982979032798
147,KL001,1,850.0,0,0.0,0,0.0,0,0.0,37.38427209906886
147,KL0010,1,859.0,0,0.0,0,0.0,0,0.0,37.361182175651614
147,KL009,1,1043.0,0,0.0,0,0.0,0,0.0,37.36166990645183
147,KL003,1,1241.0,0,0.0,0,0.0,0,0.0,37.25545445881755
147,KL004,1,1355.0,0,0.0,0,0.0,0,0.0,37.257527260106485
147,KL006,1,2134.0,0,0.0,0,0.0,0,0.0,37.007097957957534
148,KL008,1,588.0,0,0.0,0,0.0,0,0.0,37.40255484734408
148,KL009,1,592.0,0,0.0,0,0.0,0,0.0,37.40630921578539
148,KL001,1,640.0,0,0.0,0,0.0,0,0.0,37.37915784626963
148,KL004,1,709.0,0,0.0,0,0.0,0,0.0,37.37850033759076
148,KL006,1,710.0,0,0.0,0,0.0,0,0.0,37.35921498480473
148,KL007,1,721.0,0,0.0,0,0.0,0,0.0,37.38686182684807
148,KL0010,1,759.0,0,0.0,0,0.0,0,0.0,37.39585981214331
148,KL002,1,862.0,0,0.0,0,0.0,0,0.0,37.31517131186802
148,KL005,1,1021.0,0,0.0,0,0.0,0,0.0,37.35809272682554
148,KL003,1,2402.0,0,0.0,0,0.0,0,0.0,36.86122764624348
149,KL005,1,595.0,0,0.0,0,0.0,0,0.0,37.40571226261557
149,KL006,1,607.0,0,0.0,0,0.0,0,0.0,37.406947814082635
149,KL001,1,628.0,0,0.0,0,0.0,0,0.0,37.398569517558876
149,KL004,1,655.0,0,0.0,0,0.0,0,0.0,37.39700725201771
149,KL002,1,731.0,0,0.0,0,0.0,0,0.0,37.38524478735299
149,KL003,1,767.0,0,0.0,0,0.0,0,0.0,37.39346637245317
149,KL009,1,769.0,0,0.0,0,0.0,0,0.0,37.3963271627749
149,KL0010,1,935.0,0,0.0,0,0.0,0,0.0,37.395396546385975
149,KL007,1,1040.0,0,0.0,0,0.0,0,0.0,37.352494967592385
149,KL008,1,1531.0,0,0.0,1,14.0,0,0.0,30.130094218364338
150,KL001,1,685.0,0,0.0,0,0.0,0,0.0,37.393651788523314
150,KL008,1,723.0,0,0.0,0,0.0,0,0.0,37.401192075198196
150,KL003,1,885.0,0,0.0,0,0.0,0,0.0,37.407580768926124
150,KL002,1,896.0,0,0.0,0,0.0,0,0.0,37.30482982430537
150,KL0010,1,904.0,0,0.0,0,0.0,0,0.0,37.363102066027224
150,KL005,1,976.0,0,0.0,0,0.0,0,0.0,37.31847615159248
150,KL009,1,991.0,0,0.0,0,0.0,0,0.0,37.39709206367553
150,KL007,1,1145.0,0,0.0,0,0.0,0,0.0,37.288973516527726
150,KL004,1,1501.0,0,0.0,0,0.0,0,0.0,37.14046569986598
150,KL006,1,1636.0,0,0.0,0,0.0,0,0.0,37.09675714097217
151,KL003,1,833.0,0,0.0,0,0.0,0,0.0,37.34163414705686
151,KL0010,1,855.0,0,0.0,0,0.0,0,0.0,37.35594013508229
151,KL002,1,856.0,0,0.0,0,0.0,0,0.0,37.370211310231205
151,KL006,1,867.0,0,0.0,0,0.0,0,0.0,37.35239548634713
151,KL009,1,914.0,1,36.0,0,0.0,0,0.0,3.2774643901041145
151,KL004,1,1086.0,0,0.0,0,0.0,0,0.0,37.32846845035336
151,KL005,1,1100.0,0,0.0,0,0.0,0,0.0,37.24719181065688
151,KL008,1,1805.0,1,36.0,0,0.0,0,0.0,3.0645579026783167
151,KL007,1,1837.0,0,0.0,0,0.0,0,0.0,37.0609938532993
151,KL001,1,2236.0,0,0.0,0,0.0,0,0.0,36.96359476159056
152,KL004,1,604.0,0,0.0,0,0.0,0,0.0,37.39039627730189
152,KL002,1,637.0,0,0.0,0,0.0,0,0.0,37.39342821546568
152,KL006,1,686.0,0,0.0,0,0.0,0,0.0,37.40262024196629
152,KL007,1,722.0,0,0.0,0,0.0,0,0.0,37.38920426351985
152,KL003,1,729.0,0,0.0,0,0.0,0,0.0,37.393189991529866
152,KL009,1,750.0,0,0.0,0,0.0,0,0.0,37.392737353462856
152,KL008,1,771.0,0,0.0,0,0.0,0,0.0,37.391849424792625
152,KL005,1,833.0,0,0.0,0,0.0,0,0.0,37.37421696667769
152,KL001,1,968.0,0,0.0,0,0.0,0,0.0,37.36881513357601
152,KL0010,1,983.0,0,0.0,0,0.0,0,0.0,37.34706567579745
153,KL009,1,675.0,0,0.0,0,0.0,0,0.0,37.398787398869096
153,KL008,1,692.0,0,0.0,0,0.0,0,0.0,37.402023029408426
153,KL005,1,732.0,0,0.0,0,0.0,0,0.0,37.37699330119228
153,KL007,1,803.0,0,0.0,0,0.0,0,0.0,37.36586532889173
153,KL004,1,898.0,0,0.0,0,0.0,0,0.0,37.33587541273019
153,KL003,1,945.0,0,0.0,0,0.0,0,0.0,37.346222380501736
153,KL0010,1,970.0,0,0.0,0,0.0,0,0.0,37.398973812430015
153,KL006,1,972.0,0,0.0,0,0.0,0,0.0,37.390731027426085
153,KL001,1,1142.0,0,0.0,0,0.0,0,0.0,37.309535880187056
153,KL002,1,1423.0,0,0.0,0,0.0,0,0.0,37.2488377003882
154,KL004,1,577.0,0,0.0,0,0.0,0,0.0,37.407728716504614
154,KL001,1,750.0,0,0.0,0,0.0,0,0.0,37.36576972494376
154,KL007,1,819.0,0,0.0,0,0.0,0,0.0,37.361364289172045
154,KL006,1,947.0,0,0.0,0,0.0,0,0.0,37.397267862529375
154,KL002,1,952.0,0,0.0,0,0.0,0,0.0,37.31248581472407
154,KL005,1,983.0,0,0.0,0,0.0,0,0.0,37.37368664998938
154,KL009,1,1352.0,0,0.0,0,0.0,0,0.0,37.20163466621852
154,KL0010,1,1522.0,0,0.0,0,0.0,0,0.0,37.16342262397406
154,KL008,1,1747.0,0,0.0,0,0.0,0,0.0,37.02479176279817
154,KL003,1,1945.0,0,0.0,0,0.0,0,0.0,37.023852323190546
155,KL009,1,636.0,0,0.0,0,0.0,0,0.0,37.4091812313849
155,KL006,1,647.0,0,0.0,0,0.0,0,0.0,37.39746056821446
155,KL001,1,674.0,0,0.0,0,0.0,0,0.0,37.38190216677058
155,KL005,1,750.0,0,0.0,0,0.0,0,0.0,37.40129253718476
155,KL002,1,909.0,0,0.0,0,0.0,0,0.0,37.3943081406928
155,KL0010,1,1000.0,0,0.0,0,0.0,0,0.0,37.38963579677829
155,KL004,1,1026.0,0,0.0,0,0.0,0,0.0,37.25118186422426
155,KL007,1,1098.0,0,0.0,0,0.0,0,0.0,37.25426085083164
155,KL008,1,1246.0,0,0.0,0,0.0,0,0.0,37.259805029626705
155,KL003,1,1615.0,0,0.0,0,0.0,0,0.0,37.14418666785748
156,KL003,1,621.0,0,0.0,0,0.0,0,0.0,37.409076443798675
156,KL008,1,634.0,0,0.0,0,0.0,0,0.0,37.395298137098635
156,KL0010,1,680.0,0,0.0,0,0.0,0,0.0,37.39138841201388
156,KL001,1,703.0,0,0.0,0,0.0,0,0.0,37.398892152601185
156,KL004,1,725.0,0,0.0,0,0.0,0,0.0,37.36530650034152
156,KL007,1,815.0,0,0.0,0,0.0,0,0.0,37.39537924416932
156,KL005,1,913.0,0,0.0,0,0.0,0,0.0,37.34200966759543
156,KL009,1,926.0,0,0.0,0,0.0,0,0.0,37.29035672687127
156,KL006,1,983.0,0,0.0,0,0.0,0,0.0,37.32200522131775
156,KL002,1,1020.0,0,0.0,0,0.0,0,0.0,37.34265415469653
157,KL007,1,582.0,0,0.0,0,0.0,0,0.0,37.41040054723686
157,KL006,1,602.0,0,0.0,0,0.0,0,0.0,37.3947802561694
157,KL001,1,603.0,0,0.0,0,0.0,0,0.0,37.40695083960938
157,KL004,1,618.0,0,0.0,0,0.0,0,0.0,37.40415275252621
157,KL002,1,650.0,0,0.0,0,0.0,0,0.0,37.403143258391154
157,KL008,1,730.0,0,0.0,0,0.0,0,0.0,37.40534092115234
157,KL009,1,788.0,0,0.0,0,0.0,0,0.0,37.40955806917893
157,KL003,1,810.0,0,0.0,0,0.0,0,0.0,37.35028865901431
157,KL0010,1,1852.0,0,0.0,0,0.0,0,0.0,37.10198721466975
157,KL005,1,2356.0,0,0.0,0,0.0,0,0.0,36.86820563945662
158,KL005,1,630.0,0,0.0,0,0.0,0,0.0,37.39525049819271
158,KL006,1,870.0,0,0.0,0,0.0,0,0.0,37.40281648070505
158,KL004,1,879.0,0,0.0,0,0.0,0,0.0,37.40387521951344
158,KL001,1,971.0,0,0.0,0,0.0,0,0.0,37.39619004449696
158,KL007,1,1025.0,0,0.0,0,0.0,0,0.0,37.33264004107968
158,KL0010,1,1060.0,0,0.0,0,0.0,0,0.0,37.334139474834814
158,KL003,1,1145.0,0,0.0,0,0.0,0,0.0,37.261779116030304
158,KL008,1,1382.0,0,0.0,0,0.0,0,0.0,37.13931926761669
158,KL002,1,1542.0,0,0.0,0,0.0,0,0.0,37.18756649703758
158,KL009,1,1811.0,0,0.0,0,0.0,0,0.0,37.08585720387387
159,KL005,1,704.0,0,0.0,0,0.0,0,0.0,37.409279928644466
159,KL008,1,708.0,0,0.0,0,0.0,0,0.0,37.398873587954384
159,KL001,1,742.0,0,0.0,0,0.0,0,0.0,37.392015855824816
159,KL002,1,774.0,0,0.0,0,0.0,0,0.0,37.398626060539144
159,KL007,1,795.0,0,0.0,0,0.0,0,0.0,37.40138004984464
159,KL006,1,799.0,0,0.0,0,0.0,0,0.0,37.37783979776209
159,KL0010,1,807.0,0,0.0,0,0.0,0,0.0,37.404950029845565
159,KL009,1,851.0,0,0.0,0,0.0,0,0.0,37.40038260716036
159,KL003,1,934.0,0,0.0,0,0.0,0,0.0,37.294447260537545
159,KL004,1,1010.0,0,0.0,0,0.0,0,0.0,37.37434243059921
160,KL0010,1,615.0,0,0.0,0,0.0,0,0.0,37.39194211673171
160,KL005,1,678.0,0,0.0,0,0.0,0,0.0,37.39958740466469
160,KL009,1,766.0,0,0.0,2,128.0,0,0.0,-26.664940925483833
160,KL001,1,853.0,0,0.0,0,0.0,0,0.0,37.328279888751446
160,KL003,1,921.0,0,0.0,0,0.0,0,0.0,37.33222775942485
160,KL004,1,991.0,0,0.0,0,0.0,0,0.0,37.39895816054567
160,KL006,1,1456.0,1,33.0,4,231.0,0,0.0,-109.5477649848351
160,KL008,1,1545.0,1,33.0,0,0.0,0,0.0,6.014234218168937
160,KL002,1,1618.0,0,0.0,0,0.0,0,0.0,37.19318064642552
160,KL007,1,2034.0,0,0.0,4,246.0,0,0.0,-86.04151336478617
161,KL009,1,582.0,0,0.0,0,0.0,0,0.0,37.40335255685431
161,KL008,1,626.0,0,0.0,0,0.0,0,0.0,37.40481474672114
161,KL001,1,635.0,0,0.0,0,0.0,0,0.0,37.41223161475132
161,KL003,1,891.0,0,0.0,0,0.0,0,0.0,37.3218936461079
161,KL006,1,975.0,0,0.0,0,0.0,0,0.0,37.38262216653073
161,KL002,1,983.0,0,0.0,0,0.0,0,0.0,37.40411959981474
161,KL0010,1,991.0,0,0.0,0,0.0,0,0.0,37.34792509890345
161,KL004,1,993.0,0,0.0,0,0.0,0,0.0,37.37621989486477
161,KL005,1,1325.0,0,0.0,0,0.0,0,0.0,37.21229702299039
161,KL007,1,1473.0,0,0.0,0,0.0,0,0.0,37.178737665628745
162,KL0010,1,594.0,0,0.0,0,0.0,0,0.0,37.3948071900992
162,KL007,1,740.0,0,0.0,0,0.0,0,0.0,37.36396910766543
162,KL004,1,761.0,0,0.0,0,0.0,0,0.0,37.393194488505806
162,KL008,1,853.0,0,0.0,0,0.0,0,0.0,37.39433420966312
162,KL003,1,917.0,0,0.0,0,0.0,0,0.0,37.34664490171122
162,KL001,1,953.0,0,0.0,0,0.0,0,0.0,37.27606605978985
162,KL002,1,1111.0,0,0.0,0,0.0,0,0.0,37.3254331502432
162,KL005,1,1189.0,0,0.0,0,0.0,0,0.0,37.231659327345625
162,KL006,1,1200.0,0,0.0,0,0.0,0,0.0,37.238323871629916
162,KL009,1,1470.0,0,0.0,0,0.0,0,0.0,37.14558993701956
163,KL001,1,624.0,0,0.0,0,0.0,0,0.0,37.401867328144235
163,KL006,1,659.0,0,0.0,0,0.0,0,0.0,37.411467881817636
163,KL003,1,690.0,0,0.0,0,0.0,0,0.0,37.37574870268234
163,KL005,1,722.0,0,0.0,0,0.0,0,0.0,37.41035375176086
163,KL008,1,726.0,0,0.0,0,0.0,0,0.0,37.406044161976
163,KL007,1,836.0,0,0.0,0,0.0,0,0.0,37.401888127436884
163,KL004,1,879.0,0,0.0,0,0.0,0,0.0,37.38448738500644
163,KL0010,1,955.0,0,0.0,0,0.0,0,0.0,37.401085875315296
163,KL002,1,1010.0,0,0.0,0,0.0,0,0.0,37.38441826991323
163,KL009,1,1563.0,0,0.0,0,0.0,0,0.0,37.180771391879325
164,KL002,1,666.0,0,0.0,0,0.0,0,0.0,37.40659541822305
164,KL0010,1,674.0,0,0.0,0,0.0,0,0.0,37.39138388459109
164,KL004,1,747.0,0,0.0,0,0.0,0,0.0,37.347910796166076
164,KL006,1,757.0,0,0.0,0,0.0,0,0.0,37.366159119978896
164,KL009,1,759.0,0,0.0,0,0.0,0,0.0,37.39802298875475
164,KL007,1,813.0,0,0.0,0,0.0,0,0.0,37.386558785687335
164,KL005,1,823.0,0,0.0,0,0.0,0,0.0,37.40210486679877
164,KL008,1,824.0,0,0.0,0,0.0,0,0.0,37.34824645365593
164,KL001,1,1211.0,0,0.0,0,0.0,0,0.0,37.28017762033332
164,KL003,1,1330.0,0,0.0,0,0.0,0,0.0,37.258275829672606
165,KL003,1,737.0,0,0.0,0,0.0,0,0.0,37.38892392625295
165,KL008,1,813.0,0,0.0,0,0.0,0,0.0,37.404945839562565
165,KL009,1,944.0,0,0.0,0,0.0,0,0.0,37.288540598869375
165,KL0010,1,982.0,0,0.0,0,0.0,0,0.0,37.391151536299475
165,KL001,1,1027.0,0,0.0,0,0.0,0,0.0,37.325421924494066
165,KL006,1,1030.0,0,0.0,0,0.0,0,0.0,37.360613127452396
165,KL004,1,1153.0,0,0.0,0,0.0,0,0.0,37.242148202714866
165,KL005,1,1754.0,0,0.0,0,0.0,0,0.0,37.024175750462014
165,KL007,1,1815.0,0,0.0,0,0.0,0,0.0,37.07530080323874
165,KL002,1,1901.0,0,0.0,0,0.0,0,0.0,37.071875181991075
166,KL007,1,634.0,0,0.0,0,0.0,0,0.0,37.39856436846652
166,KL005,1,856.0,0,0.0,0,0.0,0,0.0,37.404142216079215
166,KL009,1,864.0,0,0.0,0,0.0,0,0.0,37.40089754143681
166,KL001,1,1347.0,0,0.0,0,0.0,0,0.0,37.18728616394944
166,KL008,1,1393.0,0,0.0,0,0.0,0,0.0,37.158847918596834
166,KL0010,1,1575.0,0,0.0,0,0.0,0,0.0,37.1558809172953
166,KL003,1,1692.0,0,0.0,0,0.0,0,0.0,37.08960291527363
166,KL006,1,1762.0,0,0.0,0,0.0,0,0.0,37.12407626454091
166,KL004,1,1771.0,0,0.0,0,0.0,0,0.0,37.090375423715095
166,KL002,1,2104.0,0,0.0,0,0.0,0,0.0,36.98877287112923
167,KL005,1,643.0,0,0.0,0,0.0,0,0.0,37.379259964681815
167,KL002,1,671.0,0,0.0,0,0.0,0,0.0,37.39354600802369
167,KL001,1,691.0,0,0.0,0,0.0,0,0.0,37.40558550937057
167,KL006,1,772.0,0,0.0,0,0.0,0,0.0,37.388112179334314
167,KL009,1,1007.0,0,0.0,0,0.0,0,0.0,37.36200011019625
167,KL003,1,1037.0,0,0.0,0,0.0,0,0.0,37.27709988563625
167,KL004,1,1053.0,0,0.0,0,0.0,0,0.0,37.28464765368481
167,KL007,1,1117.0,0,0.0,0,0.0,0,0.0,37.311804545266725
167,KL008,1,1213.0,0,0.0,0,0.0,0,0.0,37.280046023567
167,KL0010,0,3000.0,0,0.0,1,152.0,0,0.0,-76.78710109713911
168,KL006,1,813.0,0,0.0,1,59.0,0,0.0,7.852089183911591
168,KL004,1,935.0,0,0.0,0,0.0,0,0.0,37.28851111253206
168,KL001,1,946.0,0,0.0,0,0.0,0,0.0,37.34162663029411
168,KL008,1,1075.0,0,0.0,0,0.0,0,0.0,37.32634747890744
168,KL009,1,1144.0,0,0.0,0,0.0,0,0.0,37.242463743148306
168,KL005,1,1364.0,0,0.0,0,0.0,0,0.0,37.1620704434642
168,KL002,1,1447.0,0,0.0,0,0.0,0,0.0,37.22621092778336
168,KL007,1,1478.0,0,0.0,0,0.0,0,0.0,37.18688183993803
168,KL0010,1,1524.0,0,0.0,0,0.0,0,0.0,37.185445257727224
168,KL003,1,1559.0,0,0.0,0,0.0,0,0.0,37.1487342961397
169,KL009,1,637.0,0,0.0,0,0.0,0,0.0,37.40812842580613
169,KL005,1,667.0,0,0.0,0,0.0,0,0.0,37.387580455905955
169,KL001,1,726.0,0,0.0,0,0.0,0,0.0,37.390487302468166
169,KL003,1,823.0,0,0.0,0,0.0,0,0.0,37.35258945861011
169,KL008,1,909.0,0,0.0,0,0.0,0,0.0,37.4014842452474
169,KL004,1,916.0,0,0.0,0,0.0,0,0.0,37.332997219257116
169,KL007,1,983.0,0,0.0,0,0.0,0,0.0,37.39644757677261
169,KL0010,1,997.0,0,0.0,0,0.0,0,0.0,37.36571468888282
169,KL002,1,1065.0,0,0.0,0,0.0,0,0.0,37.22751992287371
169,KL006,0,3000.0,0,0.0,0,0.0,0,0.0,-0.7366040405990502
170,KL006,1,617.0,0,0.0,0,0.0,0,0.0,37.40661900817553
170,KL008,1,785.0,0,0.0,0,0.0,0,0.0,37.34903947901474
170,KL0010,1,798.0,0,0.0,0,0.0,0,0.0,37.39820115202004
170,KL001,1,915.0,0,0.0,0,0.0,0,0.0,37.31175377118541
170,KL007,1,958.0,0,0.0,0,0.0,0,0.0,37.349100818501256
170,KL002,1,982.0,0,0.0,0,0.0,0,0.0,37.37161387871471
170,KL009,1,1011.0,0,0.0,0,0.0,0,0.0,37.35614540422559
170,KL004,1,1149.0,0,0.0,0,0.0,0,0.0,37.32884322638536
170,KL003,1,1223.0,0,0.0,0,0.0,0,0.0,37.23288893059987
170,KL005,1,1256.0,0,0.0,0,0.0,0,0.0,37.268801847052124
171,KL006,1,624.0,0,0.0,0,0.0,0,0.0,37.41230661068649
171,KL002,1,696.0,0,0.0,0,0.0,0,0.0,37.38062573293438
171,KL004,1,818.0,0,0.0,0,0.0,0,0.0,37.33538114955073
171,KL009,1,818.0,0,0.0,0,0.0,0,0.0,37.33511865691859
171,KL007,1,949.0,0,0.0,0,0.0,0,0.0,37.33581515230113
171,KL008,1,957.0,0,0.0,0,0.0,0,0.0,37.30253055266187
171,KL003,1,1010.0,0,0.0,0,0.0,0,0.0,37.36362131407503
171,KL005,1,1016.0,1,42.0,0,0.0,0,0.0,-2.3978475815813383
171,KL0010,1,1385.0,0,0.0,0,0.0,0,0.0,37.20417726302145
171,KL001,1,1389.0,1,42.0,0,0.0,0,0.0,-2.4793301290169723
172,KL007,1,682.0,0,0.0,0,0.0,0,0.0,37.372431018341004
172,KL003,1,687.0,0,0.0,0,0.0,0,0.0,37.36106531582524
172,KL004,1,714.0,0,0.0,0,0.0,0,0.0,37.36868808299913
172,KL008,1,722.0,0,0.0,0,0.0,0,0.0,37.407461516355966
172,KL009,1,805.0,0,0.0,0,0.0,0,0.0,37.40092543421494
172,KL005,1,834.0,0,0.0,0,0.0,0,0.0,37.36259825076003
172,KL002,1,856.0,0,0.0,0,0.0,0,0.0,37.39999860754417
172,KL0010,1,910.0,0,0.0,0,0.0,0,0.0,37.402289284717774
172,KL006,1,964.0,0,0.0,0,0.0,0,0.0,37.39480346618861
172,KL001,1,1092.0,0,0.0,0,0.0,0,0.0,37.31423943251623
173,KL007,1,588.0,0,0.0,0,0.0,0,0.0,37.402959281677674
173,KL008,1,662.0,0,0.0,0,0.0,0,0.0,37.41066846684646
173,KL002,1,714.0,0,0.0,0,0.0,0,0.0,37.405467468684805
173,KL004,1,744.0,0,0.0,0,0.0,0,0.0,37.371384108704106
173,KL006,1,871.0,0,0.0,0,0.0,0,0.0,37.333276921353175
173,KL009,1,884.0,0,0.0,0,0.0,0,0.0,37.40394224710853
173,KL0010,1,917.0,0,0.0,0,0.0,0,0.0,37.35145967914494
173,KL003,1,1244.0,0,0.0,0,0.0,0,0.0,37.21555381422484
173,KL005,1,1270.0,0,0.0,0,0.0,0,0.0,37.221109074716836
173,KL001,1,1323.0,0,0.0,0,0.0,0,0.0,37.16798153340244
174,KL007,1,630.0,0,0.0,0,0.0,0,0.0,37.405785904417215
174,KL008,1,757.0,0,0.0,0,0.0,0,0.0,37.400260882413455
174,KL005,1,824.0,0,0.0,0,0.0,0,0.0,37.396727866933304
174,KL006,1,885.0,0,0.0,0,0.0,0,0.0,37.38303720135181
174,KL002,1,890.0,0,0.0,0,0.0,0,0.0,37.38208655179042
174,KL0010,1,933.0,0,0.0,0,0.0,0,0.0,37.324504641823104
174,KL003,1,1039.0,0,0.0,0,0.0,0,0.0,37.37113539789102
174,KL009,1,1079.0,0,0.0,2,146.0,0,0.0,-35.754107928054474
174,KL004,1,1236.0,0,0.0,0,0.0,0,0.0,37.264164241242874
174,KL001,1,1767.0,0,0.0,0,0.0,0,0.0,37.097797624705024
175,KL005,1,634.0,0,0.0,0,0.0,0,0.0,37.399785078227005
175,KL009,1,642.0,0,0.0,0,0.0,0,0.0,37.371889716601984
175,KL0010,1,828.0,0,0.0,0,0.0,0,0.0,37.40009961567924
175,KL007,1,888.0,0,0.0,0,0.0,0,0.0,37.38801850631682
175,KL002,1,904.0,0,0.0,0,0.0,0,0.0,37.392526830646325
175,KL006,1,984.0,0,0.0,0,0.0,0,0.0,37.38412869454919
175,KL004,1,988.0,0,0.0,0,0.0,0,0.0,37.37844930664955
175,KL001,1,1009.0,0,0.0,0,0.0,0,0.0,37.382349600614894
175,KL008,1,1369.0,0,0.0,0,0.0,0,0.0,37.20829016092482
175,KL003,1,2228.0,0,0.0,0,0.0,0,0.0,36.96081825268959
176,KL004,1,594.0,0,0.0,0,0.0,0,0.0,37.40195457257
176,KL006,1,641.0,0,0.0,0,0.0,0,0.0,37.40009770232039
176,KL005,1,661.0,0,0.0,0,0.0,0,0.0,37.39862403219176
176,KL007,1,687.0,0,0.0,0,0.0,0,0.0,37.40038388456116
176,KL002,1,724.0,0,0.0,0,0.0,0,0.0,37.3903214183675
176,KL001,1,732.0,0,0.0,0,0.0,0,0.0,37.403105257682476
176,KL009,1,766.0,0,0.0,0,0.0,0,0.0,37.36650238893495
176,KL003,1,817.0,0,0.0,0,0.0,0,0.0,37.38824661969688
176,KL0010,1,944.0,0,0.0,0,0.0,0,0.0,37.38750371316548
176,KL008,1,1071.0,0,0.0,0,0.0,0,0.0,37.34955206889216
177,KL005,1,633.0,0,0.0,0,0.0,0,0.0,37.40949364569441
177,KL008,1,649.0,0,0.0,0,0.0,0,0.0,37.393959714926964
177,KL006,1,664.0,0,0.0,0,0.0,0,0.0,37.40565409275673
177,KL001,1,680.0,0,0.0,0,0.0,0,0.0,37.40356053347928
177,KL007,1,681.0,0,0.0,0,0.0,0,0.0,37.391994925419105
177,KL002,1,744.0,0,0.0,0,0.0,0,0.0,37.38695891894495
177,KL003,1,796.0,0,0.0,0,0.0,0,0.0,37.358564851223655
177,KL009,1,823.0,0,0.0,0,0.0,0,0.0,37.40502841079632
177,KL004,1,873.0,0,0.0,0,0.0,0,0.0,37.30885620853654
177,KL0010,1,889.0,0,0.0,0,0.0,0,0.0,37.397342317859625
178,KL0010,1,745.0,0,0.0,0,0.0,0,0.0,37.407244532161634
178,KL007,1,750.0,0,0.0,0,0.0,0,0.0,37.35497086702491
178,KL001,1,755.0,0,0.0,0,0.0,0,0.0,37.405390023983216
178,KL002,1,855.0,0,0.0,1,175.0,0,0.0,-50.14785250426004
178,KL005,1,926.0,0,0.0,0,0.0,0,0.0,37.40926292987949
178,KL003,1,997.0,0,0.0,0,0.0,0,0.0,37.36696452606301
178,KL004,1,1202.0,0,0.0,0,0.0,0,0.0,37.28042947664043
178,KL009,1,1743.0,0,0.0,0,0.0,0,0.0,37.154922316673236
178,KL008,1,1832.0,0,0.0,0,0.0,0,0.0,37.1004268109149
178,KL006,1,2296.0,0,0.0,0,0.0,0,0.0,36.95709220045006
179,KL004,1,638.0,0,0.0,0,0.0,0,0.0,37.4095572575618
179,KL008,1,675.0,0,0.0,0,0.0,0,0.0,37.37589194597515
179,KL001,1,699.0,0,0.0,0,0.0,0,0.0,37.345359412895824
179,KL005,1,752.0,0,0.0,0,0.0,0,0.0,37.37082265233375
179,KL002,1,788.0,0,0.0,0,0.0,0,0.0,37.36054731127469
179,KL003,1,853.0,0,0.0,0,0.0,0,0.0,37.36515055948711
179,KL007,1,886.0,0,0.0,0,0.0,0,0.0,37.373609924193495
179,KL009,1,907.0,0,0.0,0,0.0,0,0.0,37.319251617403516
179,KL0010,1,955.0,0,0.0,0,0.0,0,0.0,37.32968934583213
179,KL006,1,966.0,0,0.0,0,0.0,0,0.0,37.311921237087155
180,KL004,1,645.0,0,0.0,0,0.0,0,0.0,37.386537851217135
180,KL009,1,663.0,0,0.0,0,0.0,0,0.0,37.4041670918841
180,KL005,1,835.0,0,0.0,0,0.0,0,0.0,37.383846444206576
180,KL007,1,870.0,0,0.0,0,0.0,0,0.0,37.3695653203371
180,KL008,1,1054.0,0,0.0,0,0.0,0,0.0,37.3056949284941
180,KL006,1,1120.0,1,10.0,0,0.0,0,0.0,27.85578060147646
180,KL003,1,1157.0,2,34.0,0,0.0,0,0.0,5.092821528207509
180,KL001,1,1249.0,0,0.0,0,0.0,0,0.0,37.28907311751138
180,KL002,1,1315.0,0,0.0,0,0.0,0,0.0,37.269045604816434
180,KL0010,1,1941.0,1,24.0,0,0.0,0,0.0,14.35615202236665
181,KL004,1,720.0,0,0.0,0,0.0,0,0.0,37.39651094297574
181,KL0010,1,815.0,1,29.0,0,0.0,0,0.0,9.917075282480827
181,KL008,1,929.0,0,0.0,0,0.0,0,0.0,37.29793188050276
181,KL007,1,943.0,0,0.0,1,26.0,0,0.0,24.390802369281953
181,KL001,1,951.0,1,29.0,0,0.0,0,0.0,9.92073952185649
181,KL005,1,960.0,0,0.0,0,0.0,0,0.0,37.34743051192626
181,KL006,1,1153.0,0,0.0,0,0.0,0,0.0,37.28537447784406
181,KL009,1,1262.0,0,0.0,0,0.0,0,0.0,37.26699842580115
181,KL003,1,1638.0,0,0.0,0,0.0,0,0.0,37.16958722022626
181,KL002,1,2999.0,0,0.0,0,0.0,0,0.0,36.72526229421005
182,KL006,1,618.0,0,0.0,0,0.0,0,0.0,37.395348225977976
182,KL005,1,652.0,0,0.0,0,0.0,0,0.0,37.39308548880132
182,KL003,1,702.0,0,0.0,0,0.0,0,0.0,37.38984400340725
182,KL004,1,708.0,0,0.0,0,0.0,0,0.0,37.343386428062104
182,KL008,1,715.0,0,0.0,0,0.0,0,0.0,37.408342581400284
182,KL007,1,747.0,0,0.0,0,0.0,0,0.0,37.408844350544264
182,KL0010,1,752.0,0,0.0,0,0.0,0,0.0,37.397246910821465
182,KL001,1,815.0,0,0.0,0,0.0,0,0.0,37.37182605623584
182,KL009,1,937.0,0,0.0,0,0.0,0,0.0,37.339989729386254
182,KL002,1,1046.0,0,0.0,0,0.0,0,0.0,37.36229758039475
183,KL007,1,725.0,0,0.0,0,0.0,0,0.0,37.36528007466301
183,KL005,1,896.0,0,0.0,0,0.0,0,0.0,37.30677445211073
183,KL001,1,956.0,0,0.0,0,0.0,0,0.0,37.27644532031446
183,KL009,1,1036.0,0,0.0,0,0.0,0,0.0,37.3753029019742
183,KL0010,1,1046.0,1,51.0,0,0.0,0,0.0,-10.889312828492137
183,KL006,1,1097.0,1,25.0,0,0.0,0,0.0,13.674310307084454
183,KL008,1,1123.0,0,0.0,0,0.0,0,0.0,37.292058381040086
183,KL003,1,1238.0,1,25.0,0,0.0,0,0.0,13.61803393732141
183,KL002,1,1250.0,1,51.0,0,0.0,0,0.0,-10.96005981007162
183,KL004,1,1615.0,0,0.0,0,0.0,0,0.0,37.121294779100594
184,KL006,1,744.0,0,0.0,0,0.0,0,0.0,37.352804351472564
184,KL009,1,863.0,1,25.0,0,0.0,0,0.0,13.705201580895299
184,KL0010,1,864.0,0,0.0,0,0.0,0,0.0,37.365800798103145
184,KL003,1,987.0,0,0.0,0,0.0,0,0.0,37.39278898681978
184,KL008,1,993.0,0,0.0,0,0.0,0,0.0,37.35769785787232
184,KL004,1,1088.0,1,37.0,0,0.0,0,0.0,2.3454025435811516
184,KL005,1,1217.0,1,25.0,0,0.0,0,0.0,13.632063753526722
184,KL001,1,1313.0,0,0.0,0,0.0,0,0.0,37.22748617238668
184,KL002,1,1688.0,0,0.0,0,0.0,0,0.0,37.072528266828684
184,KL007,1,2223.0,1,37.0,0,0.0,0,0.0,1.9496655506301295
185,KL001,1,727.0,0,0.0,0,0.0,0,0.0,37.39398710436233
185,KL008,1,829.0,0,0.0,0,0.0,0,0.0,37.309084714039756
185,KL005,1,846.0,1,57.0,0,0.0,0,0.0,-16.528219226754956
185,KL0010,1,1013.0,0,0.0,0,0.0,0,0.0,37.358751669557776
185,KL002,1,1046.0,0,0.0,1,5.0,0,0.0,34.81583250965326
185,KL003,1,1074.0,0,0.0,0,0.0,0,0.0,37.33232354816175
185,KL006,1,1080.0,0,0.0,0,0.0,0,0.0,37.304363797448225
185,KL004,1,1195.0,1,57.0,0,0.0,0,0.0,-16.698181965401027
185,KL007,1,1295.0,0,0.0,0,0.0,0,0.0,37.25031426119188
185,KL009,1,2157.0,0,0.0,0,0.0,0,0.0,36.99748465820861
186,KL0010,1,585.0,0,0.0,0,0.0,0,0.0,37.40301907021587
186,KL002,1,679.0,0,0.0,0,0.0,0,0.0,37.40584694570156
186,KL006,1,684.0,0,0.0,0,0.0,0,0.0,37.35928675473084
186,KL004,1,688.0,0,0.0,0,0.0,0,0.0,37.36197137525042
186,KL001,1,889.0,0,0.0,0,0.0,0,0.0,37.36643531089849
186,KL009,1,965.0,0,0.0,0,0.0,0,0.0,37.31104648785571
186,KL005,1,1022.0,0,0.0,0,0.0,0,0.0,37.37779329212838
186,KL008,1,1057.0,0,0.0,0,0.0,0,0.0,37.31728880688699
186,KL007,1,1352.0,0,0.0,0,0.0,0,0.0,37.25202753777302
186,KL003,1,1465.0,0,0.0,0,0.0,0,0.0,37.13133843516408
187,KL004,1,619.0,0,0.0,0,0.0,0,0.0,37.40224006577493
187,KL003,1,620.0,0,0.0,0,0.0,0,0.0,37.408145513685184
187,KL009,1,722.0,0,0.0,0,0.0,0,0.0,37.40581790475793
187,KL005,1,730.0,0,0.0,0,0.0,0,0.0,37.378164929465605
187,KL008,1,768.0,0,0.0,0,0.0,0,0.0,37.38812654357018
187,KL007,1,802.0,0,0.0,0,0.0,0,0.0,37.396896224183386
187,KL002,1,857.0,0,0.0,0,0.0,0,0.0,37.34694181023004
187,KL006,1,1046.0,0,0.0,0,0.0,0,0.0,37.29828908504916
187,KL0010,1,1247.0,0,0.0,0,0.0,0,0.0,37.24919814673634
187,KL001,1,1862.0,0,0.0,0,0.0,0,0.0,37.00036914847353
188,KL006,1,732.0,0,0.0,0,0.0,0,0.0,37.352949227607404
188,KL002,1,804.0,0,0.0,0,0.0,0,0.0,37.36121222831245
188,KL005,1,825.0,1,32.0,0,0.0,0,0.0,7.133626402109378
188,KL0010,1,849.0,1,32.0,0,0.0,0,0.0,7.112585132778683
188,KL001,1,915.0,0,0.0,0,0.0,0,0.0,37.349529609063026
188,KL003,1,1093.0,0,0.0,0,0.0,0,0.0,37.326166742024526
188,KL007,1,1109.0,0,0.0,0,0.0,0,0.0,37.33295993284766
188,KL004,1,1154.0,0,0.0,0,0.0,0,0.0,37.29488092852255
188,KL009,1,1194.0,0,0.0,0,0.0,0,0.0,37.30002350307502
188,KL008,1,1593.0,0,0.0,0,0.0,0,0.0,37.141478838369736
189,KL004,1,695.0,0,0.0,0,0.0,0,0.0,37.40474306102773
189,KL008,1,726.0,0,0.0,0,0.0,0,0.0,37.40793451301592
189,KL006,1,746.0,0,0.0,0,0.0,0,0.0,37.37434631637132
189,KL001,1,750.0,0,0.0,0,0.0,0,0.0,37.39716337990185
189,KL007,1,841.0,0,0.0,0,0.0,0,0.0,37.40506067953529
189,KL005,1,923.0,0,0.0,0,0.0,0,0.0,37.406239508633035
189,KL009,1,944.0,0,0.0,0,0.0,0,0.0,37.3580645827926
189,KL0010,1,1016.0,0,0.0,0,0.0,0,0.0,37.35738754962156
189,KL003,1,1047.0,0,0.0,0,0.0,0,0.0,37.3529980741234
189,KL002,1,1093.0,0,0.0,0,0.0,0,0.0,37.342113270078265
190,KL005,1,689.0,0,0.0,0,0.0,0,0.0,37.396246935746134
190,KL006,1,764.0,0,0.0,0,0.0,0,0.0,37.40012712329416
190,KL009,1,862.0,0,0.0,0,0.0,0,0.0,37.35965680301418
190,KL008,1,874.0,0,0.0,0,0.0,0,0.0,37.33422566679756
190,KL002,1,916.0,0,0.0,0,0.0,0,0.0,37.394272075189576
190,KL004,1,950.0,0,0.0,0,0.0,0,0.0,37.36227672909267
190,KL001,1,994.0,0,0.0,0,0.0,0,0.0,37.32114943439722
190,KL007,1,1070.0,0,0.0,0,0.0,0,0.0,37.34278034524079
190,KL003,1,1388.0,0,0.0,0,0.0,0,0.0,37.17638877505102
190,KL0010,1,1425.0,0,0.0,0,0.0,0,0.0,37.228525009395796
191,KL006,1,667.0,0,0.0,0,0.0,0,0.0,37.37783811270796
191,KL004,1,669.0,0,0.0,0,0.0,0,0.0,37.40504948422819
191,KL007,1,757.0,0,0.0,0,0.0,0,0.0,37.402616456722704
191,KL001,1,810.0,0,0.0,0,0.0,0,0.0,37.35817678597708
191,KL0010,1,835.0,0,0.0,0,0.0,0,0.0,37.348319235333456
191,KL008,1,873.0,0,0.0,0,0.0,0,0.0,37.402397658893086
191,KL005,1,933.0,0,0.0,0,0.0,0,0.0,37.337369068530926
191,KL002,1,949.0,0,0.0,0,0.0,0,0.0,37.38353615986771
191,KL009,1,1077.0,0,0.0,0,0.0,0,0.0,37.30792882181029
191,KL003,1,1125.0,0,0.0,0,0.0,0,0.0,37.27804324799808
192,KL0010,1,632.0,0,0.0,0,0.0,0,0.0,37.41168315360662
192,KL009,1,721.0,0,0.0,0,0.0,0,0.0,37.35860882521363
192,KL008,1,815.0,0,0.0,0,0.0,0,0.0,37.34634532808132
192,KL006,1,874.0,1,4.0,0,0.0,0,0.0,33.57045297504931
192,KL002,1,925.0,0,0.0,0,0.0,0,0.0,37.39992677567774
192,KL001,1,934.0,1,4.0,0,0.0,0,0.0,33.587820926617816
192,KL007,1,951.0,0,0.0,0,0.0,0,0.0,37.40501899951293
192,KL004,1,1039.0,0,0.0,0,0.0,0,0.0,37.36381275366351
192,KL003,1,1296.0,0,0.0,0,0.0,0,0.0,37.18309106538338
192,KL005,1,1654.0,0,0.0,0,0.0,0,0.0,37.112148455472095
193,KL004,1,709.0,0,0.0,0,0.0,0,0.0,37.39739284961778
193,KL005,1,769.0,0,0.0,0,0.0,0,0.0,37.34920820113935
193,KL0010,1,782.0,0,0.0,0,0.0,0,0.0,37.36822337174071
193,KL008,1,823.0,0,0.0,0,0.0,0,0.0,37.38464815666125
193,KL002,1,879.0,0,0.0,0,0.0,0,0.0,37.37345944480767
193,KL006,1,883.0,0,0.0,0,0.0,0,0.0,37.39301134145448
193,KL009,1,935.0,0,0.0,0,0.0,0,0.0,37.40890620149558
193,KL003,1,949.0,0,0.0,0,0.0,0,0.0,37.32001908086059
193,KL007,1,961.0,0,0.0,0,0.0,0,0.0,37.33474925235262
193,KL001,1,986.0,0,0.0,0,0.0,0,0.0,37.342173797710466
194,KL003,1,660.0,0,0.0,0,0.0,0,0.0,37.407231557569226
194,KL0010,1,767.0,0,0.0,0,0.0,0,0.0,37.35039315323711
194,KL007,1,805.0,0,0.0,0,0.0,0,0.0,37.399366664126646
194,KL005,1,865.0,0,0.0,0,0.0,0,0.0,37.36001426819518
194,KL002,1,879.0,0,0.0,0,0.0,0,0.0,37.37121568738856
194,KL008,1,956.0,0,0.0,0,0.0,0,0.0,37.395936646810185
194,KL009,1,979.0,0,0.0,0,0.0,0,0.0,37.33671135203007
194,KL001,1,984.0,0,0.0,0,0.0,0,0.0,37.36960526640543
194,KL004,1,1238.0,0,0.0,0,0.0,0,0.0,37.285901596832595
194,KL006,1,1341.0,0,0.0,0,0.0,0,0.0,37.249822365828265
195,KL001,1,593.0,0,0.0,0,0.0,0,0.0,37.404489363863895
195,KL0010,1,700.0,0,0.0,0,0.0,0,0.0,37.39361645511257
195,KL002,1,776.0,0,0.0,0,0.0,0,0.0,37.39761719337757
195,KL007,1,785.0,0,0.0,0,0.0,0,0.0,37.38315401563447
195,KL008,1,831.0,0,0.0,0,0.0,0,0.0,37.39999563338255
195,KL009,1,857.0,0,0.0,0,0.0,0,0.0,37.39966058564083
195,KL006,1,994.0,0,0.0,0,0.0,0,0.0,37.36938141724612
195,KL003,1,1156.0,0,0.0,0,0.0,0,0.0,37.23237574581754
195,KL005,1,1162.0,0,0.0,0,0.0,0,0.0,37.281405264508564
195,KL004,1,1204.0,0,0.0,0,0.0,0,0.0,37.25777984021578
196,KL004,1,648.0,0,0.0,0,0.0,0,0.0,37.4077623127733
196,KL001,1,754.0,0,0.0,0,0.0,0,0.0,37.40077791122675
196,KL009,1,762.0,0,0.0,0,0.0,0,0.0,37.35334898785053
196,KL007,1,837.0,0,0.0,0,0.0,0,0.0,37.398473307730654
196,KL008,1,929.0,0,0.0,0,0.0,0,0.0,37.361266643534
196,KL002,1,982.0,0,0.0,0,0.0,0,0.0,37.3873049478027
196,KL005,1,986.0,0,0.0,0,0.0,0,0.0,37.39294805918687
196,KL003,1,1003.0,0,0.0,0,0.0,0,0.0,37.33305166659493
196,KL006,1,1662.0,0,0.0,0,0.0,0,0.0,37.10965261508456
196,KL0010,1,1708.0,0,0.0,0,0.0,0,0.0,37.14164610353607
197,KL004,1,698.0,0,0.0,0,0.0,0,0.0,37.40638363751432
197,KL003,1,700.0,0,0.0,0,0.0,0,0.0,37.38582127682455
197,KL009,1,706.0,0,0.0,0,0.0,0,0.0,37.4055368219761
197,KL0010,1,804.0,0,0.0,0,0.0,0,0.0,37.400842289235314
197,KL005,1,940.0,0,0.0,0,0.0,0,0.0,37.39464204446688
197,KL007,1,962.0,0,0.0,0,0.0,0,0.0,37.304574348109504
197,KL001,1,990.0,0,0.0,0,0.0,0,0.0,37.39292647842931
197,KL006,1,1554.0,0,0.0,0,0.0,0,0.0,37.18061450214308
197,KL008,1,1766.0,0,0.0,1,21.0,0,0.0,26.578731005588487
197,KL002,1,1768.0,0,0.0,0,0.0,0,0.0,37.06623650543204
198,KL004,1,598.0,0,0.0,0,0.0,0,0.0,37.4058508153138
198,KL008,1,664.0,0,0.0,0,0.0,0,0.0,37.361833758622836
198,KL003,1,736.0,0,0.0,0,0.0,0,0.0,37.37206024388555
198,KL005,1,741.0,0,0.0,0,0.0,0,0.0,37.35309937706223
198,KL001,1,814.0,0,0.0,0,0.0,0,0.0,37.38904898662439
198,KL006,1,850.0,0,0.0,0,0.0,0,0.0,37.35109184575125
198,KL0010,1,940.0,0,0.0,0,0.0,0,0.0,37.40622647883292
198,KL002,1,964.0,0,0.0,0,0.0,0,0.0,37.40024978366531
198,KL007,1,1309.0,0,0.0,0,0.0,0,0.0,37.22316238601262
198,KL009,1,1472.0,0,0.0,0,0.0,0,0.0,37.19623990465117
199,KL003,1,610.0,0,0.0,0,0.0,0,0.0,37.40593634171674
199,KL001,1,680.0,0,0.0,0,0.0,0,0.0,37.40934508586903
199,KL009,1,695.0,0,0.0,0,0.0,0,0.0,37.40311984190663
199,KL0010,1,746.0,0,0.0,0,0.0,0,0.0,37.394685310577394
199,KL005,1,860.0,0,0.0,0,0.0,0,0.0,37.385372212959425
199,KL007,1,921.0,0,0.0,0,0.0,0,0.0,37.348927696111964
199,KL002,1,941.0,0,0.0,0,0.0,0,0.0,37.33433601835574
199,KL004,1,1058.0,0,0.0,0,0.0,0,0.0,37.322138306651105
199,KL008,1,1142.0,0,0.0,0,0.0,0,0.0,37.280376557904795
199,KL006,1,1264.0,0,0.0,0,0.0,0,0.0,37.26574889954685
