episode,agent,waypoint_reached,flight_time,intrusion_events,intrusion_time,restricted_area_events,time_in_restricted_area,sector_exit_events,time_outside_sector,total_reward
0,KL009,1,801.0,0,0.0,0,0.0,0,0.0,37.386846621899416
0,KL004,1,869.0,0,0.0,0,0.0,0,0.0,37.376841213205736
0,KL0010,1,934.0,0,0.0,0,0.0,0,0.0,37.41716377474331
0,KL008,1,936.0,0,0.0,0,0.0,0,0.0,37.38135987768017
0,KL006,1,1006.0,0,0.0,0,0.0,0,0.0,37.37961347840559
0,KL003,1,1067.0,0,0.0,0,0.0,0,0.0,37.387339036362974
0,KL005,1,1218.0,0,0.0,0,0.0,0,0.0,37.342462555767355
0,KL007,1,2121.0,0,0.0,0,0.0,0,0.0,37.19482103051939
0,KL002,1,2483.0,0,0.0,0,0.0,0,0.0,37.12067293747261
0,KL001,1,2504.0,0,0.0,0,0.0,0,0.0,37.147261490019
1,KL006,1,640.0,0,0.0,0,0.0,0,0.0,37.41025905161608
1,KL004,1,684.0,0,0.0,0,0.0,0,0.0,37.41716380429754
1,KL005,1,895.0,0,0.0,0,0.0,0,0.0,37.39787490666722
1,KL009,1,1126.0,0,0.0,0,0.0,0,0.0,37.32058799819049
1,KL008,1,1133.0,0,0.0,0,0.0,0,0.0,37.38612995518078
1,KL003,1,1247.0,0,0.0,0,0.0,0,0.0,37.33632646522131
1,KL007,1,1368.0,0,0.0,0,0.0,0,0.0,37.310333459897116
1,KL001,1,1498.0,0,0.0,0,0.0,0,0.0,37.30182195597508
1,KL0010,1,1631.0,0,0.0,0,0.0,0,0.0,37.304503908640065
1,KL002,1,1950.0,0,0.0,0,0.0,0,0.0,37.197365328161105
2,KL004,1,586.0,0,0.0,0,0.0,0,0.0,37.412751364627844
2,KL006,1,595.0,0,0.0,0,0.0,0,0.0,37.40926493279089
2,KL007,1,714.0,0,0.0,0,0.0,0,0.0,37.41716379107213
2,KL005,1,763.0,0,0.0,0,0.0,0,0.0,37.39450262907992
2,KL0010,1,791.0,0,0.0,0,0.0,0,0.0,37.41716374818647
2,KL003,1,808.0,0,0.0,0,0.0,0,0.0,37.37737243481127
2,KL009,1,903.0,0,0.0,0,0.0,0,0.0,37.37910045143743
2,KL001,1,965.0,0,0.0,0,0.0,0,0.0,37.41628844691865
2,KL002,1,1657.0,0,0.0,0,0.0,0,0.0,37.24619313783962
2,KL008,1,2087.0,0,0.0,0,0.0,0,0.0,37.182454385929965
3,KL003,1,635.0,0,0.0,0,0.0,0,0.0,37.414368239661684
3,KL005,1,779.0,0,0.0,0,0.0,0,0.0,37.417163756192764
3,KL006,1,797.0,0,0.0,0,0.0,0,0.0,37.4171637686211
3,KL007,1,831.0,0,0.0,0,0.0,0,0.0,37.404257977674625
3,KL002,1,843.0,0,0.0,0,0.0,0,0.0,37.3971277703128
3,KL008,1,871.0,0,0.0,0,0.0,0,0.0,37.39998042506379
3,KL004,1,979.0,0,0.0,0,0.0,0,0.0,37.41242732340446
3,KL009,1,1390.0,0,0.0,0,0.0,0,0.0,37.2975221044569
3,KL0010,1,1456.0,0,0.0,0,0.0,0,0.0,37.332965300210034
3,KL001,1,1551.0,0,0.0,0,0.0,0,0.0,37.28378146349666
4,KL007,1,674.0,0,0.0,0,0.0,0,0.0,37.41157719585193
4,KL008,1,692.0,0,0.0,0,0.0,0,0.0,37.41716379083124
4,KL003,1,713.0,0,0.0,0,0.0,0,0.0,37.39146727704848
4,KL005,1,716.0,0,0.0,0,0.0,0,0.0,37.397182952826064
4,KL006,1,912.0,0,0.0,0,0.0,0,0.0,37.409423310084
4,KL004,1,924.0,0,0.0,0,0.0,0,0.0,37.37631773114365
4,KL002,1,1051.0,0,0.0,0,0.0,0,0.0,37.35293653662322
4,KL0010,1,1241.0,0,0.0,0,0.0,0,0.0,37.340086184355215
4,KL001,1,1267.0,0,0.0,0,0.0,0,0.0,37.332234238589834
4,KL009,1,1389.0,0,0.0,0,0.0,0,0.0,37.28031696876524
5,KL0010,1,656.0,0,0.0,0,0.0,0,0.0,37.40693218360955
5,KL005,1,729.0,0,0.0,0,0.0,0,0.0,37.41161365212034
5,KL007,1,734.0,0,0.0,0,0.0,0,0.0,37.41716379621553
5,KL003,1,736.0,0,0.0,0,0.0,0,0.0,37.41716377040133
5,KL006,1,754.0,0,0.0,0,0.0,0,0.0,37.405107193371286
5,KL004,1,925.0,0,0.0,0,0.0,0,0.0,37.417163750450214
5,KL002,1,951.0,0,0.0,0,0.0,0,0.0,37.40663865518516
5,KL001,1,980.0,0,0.0,0,0.0,0,0.0,37.405759897298466
5,KL008,1,992.0,0,0.0,0,0.0,0,0.0,37.373060485887706
5,KL009,1,1282.0,0,0.0,0,0.0,0,0.0,37.327639731469674
6,KL004,1,652.0,0,0.0,0,0.0,0,0.0,37.39417532108327
6,KL008,1,718.0,0,0.0,0,0.0,0,0.0,37.394688485714084
6,KL0010,1,767.0,0,0.0,0,0.0,0,0.0,37.41205374265765
6,KL001,1,827.0,0,0.0,0,0.0,0,0.0,37.41504158907869
6,KL007,1,900.0,0,0.0,0,0.0,0,0.0,37.41209088852437
6,KL009,1,920.0,0,0.0,0,0.0,0,0.0,37.41716375755082
6,KL002,1,972.0,0,0.0,0,0.0,0,0.0,37.41716372741408
6,KL006,1,1021.0,0,0.0,0,0.0,0,0.0,37.3690426292804
6,KL003,1,1028.0,0,0.0,0,0.0,0,0.0,37.35891522261485
6,KL005,1,1211.0,0,0.0,0,0.0,0,0.0,37.333245704643964
7,KL001,1,590.0,0,0.0,0,0.0,0,0.0,37.417163797006744
7,KL0010,1,620.0,0,0.0,0,0.0,0,0.0,37.41352200332192
7,KL006,1,708.0,0,0.0,0,0.0,0,0.0,37.41716375988389
7,KL003,1,713.0,0,0.0,0,0.0,0,0.0,37.412986843861724
7,KL007,1,913.0,0,0.0,0,0.0,0,0.0,37.37554045085878
7,KL009,1,972.0,0,0.0,0,0.0,0,0.0,37.4105064316456
7,KL008,1,1067.0,0,0.0,0,0.0,0,0.0,37.361030456541464
7,KL002,1,1209.0,0,0.0,0,0.0,0,0.0,37.35614923335495
7,KL004,1,1210.0,0,0.0,0,0.0,0,0.0,37.37204113994855
7,KL005,1,1329.0,0,0.0,0,0.0,0,0.0,37.32564125568812
8,KL005,1,582.0,0,0.0,0,0.0,0,0.0,37.41716380584029
8,KL001,1,923.0,0,0.0,0,0.0,0,0.0,37.409003578473765
8,KL007,1,924.0,0,0.0,0,0.0,0,0.0,37.378713871207815
8,KL003,1,1000.0,0,0.0,0,0.0,0,0.0,37.38728634345427
8,KL009,1,1019.0,0,0.0,0,0.0,0,0.0,37.359386188751934
8,KL002,1,1021.0,0,0.0,0,0.0,0,0.0,37.4015156914743
8,KL004,1,1024.0,0,0.0,0,0.0,0,0.0,37.3845574205585
8,KL006,1,1212.0,0,0.0,0,0.0,0,0.0,37.31282121038999
8,KL0010,1,2312.0,0,0.0,0,0.0,0,0.0,37.17604512712444
8,KL008,1,2611.0,0,0.0,0,0.0,0,0.0,37.07194802374539
9,KL002,1,644.0,0,0.0,0,0.0,0,0.0,37.41716380588409
9,KL005,1,705.0,0,0.0,0,0.0,0,0.0,37.417163779707245
9,KL007,1,769.0,0,0.0,0,0.0,0,0.0,37.395190868766946
9,KL001,1,796.0,0,0.0,0,0.0,0,0.0,37.380865906252495
9,KL006,1,829.0,0,0.0,0,0.0,0,0.0,37.39507635668976
9,KL003,1,841.0,0,0.0,0,0.0,0,0.0,37.4020379412861
9,KL004,1,860.0,0,0.0,0,0.0,0,0.0,37.39213948449224
9,KL0010,1,895.0,0,0.0,0,0.0,0,0.0,37.40276736071798
9,KL008,1,1124.0,0,0.0,0,0.0,0,0.0,37.36281131357741
9,KL009,1,1457.0,0,0.0,0,0.0,0,0.0,37.302382579811834
10,KL008,1,738.0,0,0.0,0,0.0,0,0.0,37.41130269742923
10,KL0010,1,763.0,0,0.0,0,0.0,0,0.0,37.41716376225463
10,KL006,1,766.0,0,0.0,0,0.0,0,0.0,37.40641684441272
10,KL003,1,799.0,0,0.0,0,0.0,0,0.0,37.39148502938054
10,KL002,1,885.0,0,0.0,0,0.0,0,0.0,37.37143252930269
10,KL001,1,946.0,0,0.0,0,0.0,0,0.0,37.40157274414946
10,KL004,1,1012.0,0,0.0,0,0.0,0,0.0,37.3918815058182
10,KL009,1,1099.0,0,0.0,0,0.0,0,0.0,37.36448819153395
10,KL005,1,1472.0,0,0.0,0,0.0,0,0.0,37.301759983033726
10,KL007,1,1848.0,0,0.0,0,0.0,0,0.0,37.23497188977422
11,KL009,1,621.0,0,0.0,0,0.0,0,0.0,37.41716376378221
11,KL007,1,695.0,0,0.0,0,0.0,0,0.0,37.41255370188473
11,KL008,1,871.0,0,0.0,0,0.0,0,0.0,37.41358940980238
11,KL001,1,886.0,0,0.0,0,0.0,0,0.0,37.412645262345706
11,KL002,1,951.0,0,0.0,0,0.0,0,0.0,37.41321967534413
11,KL005,1,1001.0,0,0.0,0,0.0,0,0.0,37.40332318041103
11,KL0010,1,1080.0,0,0.0,0,0.0,0,0.0,37.33044987872689
11,KL006,1,1509.0,0,0.0,0,0.0,0,0.0,37.27377092214905
11,KL003,1,1514.0,0,0.0,0,0.0,0,0.0,37.307437016113724
11,KL004,1,1851.0,0,0.0,0,0.0,0,0.0,37.24540464324327
12,KL006,1,583.0,0,0.0,0,0.0,0,0.0,37.414280960581486
12,KL004,1,669.0,0,0.0,0,0.0,0,0.0,37.415971504066405
12,KL001,1,738.0,0,0.0,0,0.0,0,0.0,37.39272887802626
12,KL002,1,815.0,0,0.0,0,0.0,0,0.0,37.39703053013237
12,KL003,1,834.0,0,0.0,0,0.0,0,0.0,37.35975563585013
12,KL008,1,908.0,0,0.0,0,0.0,0,0.0,37.401742519772434
12,KL0010,1,992.0,0,0.0,0,0.0,0,0.0,37.41659292255472
12,KL009,1,1046.0,0,0.0,0,0.0,0,0.0,37.34108986475218
12,KL007,1,1334.0,0,0.0,0,0.0,0,0.0,37.301342195438856
12,KL005,1,1366.0,0,0.0,0,0.0,0,0.0,37.29419689997137
13,KL004,1,624.0,0,0.0,0,0.0,0,0.0,37.41604975636927
13,KL005,1,641.0,0,0.0,0,0.0,0,0.0,37.41121286673683
13,KL009,1,657.0,0,0.0,0,0.0,0,0.0,37.40566522309034
13,KL001,1,660.0,0,0.0,0,0.0,0,0.0,37.41042193818692
13,KL007,1,716.0,0,0.0,0,0.0,0,0.0,37.41716379971876
13,KL008,1,733.0,0,0.0,0,0.0,0,0.0,37.417163809701165
13,KL003,1,823.0,0,0.0,0,0.0,0,0.0,37.40581628204006
13,KL002,1,865.0,0,0.0,0,0.0,0,0.0,37.416975715725464
13,KL0010,1,1006.0,0,0.0,0,0.0,0,0.0,37.39192032666137
13,KL006,1,1208.0,0,0.0,0,0.0,0,0.0,37.320773152670306
14,KL0010,1,577.0,0,0.0,0,0.0,0,0.0,37.4171637858291
14,KL007,1,797.0,0,0.0,0,0.0,0,0.0,37.41716380483018
14,KL003,1,832.0,0,0.0,0,0.0,0,0.0,37.404579537474966
14,KL002,1,950.0,0,0.0,0,0.0,0,0.0,37.41314576308336
14,KL001,1,952.0,0,0.0,0,0.0,0,0.0,37.36226236098111
14,KL008,1,1160.0,0,0.0,0,0.0,0,0.0,37.34739623264415
14,KL004,1,1216.0,0,0.0,0,0.0,0,0.0,37.349664275293065
14,KL005,1,1277.0,0,0.0,0,0.0,0,0.0,37.33456342912077
14,KL006,1,1398.0,0,0.0,0,0.0,0,0.0,37.29575886660255
14,KL009,1,1477.0,0,0.0,0,0.0,0,0.0,37.3135367785299
15,KL003,1,667.0,0,0.0,0,0.0,0,0.0,37.41217079726938
15,KL009,1,906.0,0,0.0,0,0.0,0,0.0,37.39302166858778
15,KL002,1,974.0,0,0.0,0,0.0,0,0.0,37.34037367382505
15,KL005,1,981.0,0,0.0,0,0.0,0,0.0,37.39919374797843
15,KL004,1,1132.0,0,0.0,0,0.0,0,0.0,37.31558617577436
15,KL008,1,1147.0,0,0.0,0,0.0,0,0.0,37.32445281493509
15,KL007,1,1151.0,0,0.0,0,0.0,0,0.0,37.34639412664899
15,KL001,1,1157.0,0,0.0,0,0.0,0,0.0,37.32729718761117
15,KL006,1,1348.0,0,0.0,0,0.0,0,0.0,37.29673449554875
15,KL0010,1,1548.0,0,0.0,0,0.0,0,0.0,37.28944038927128
16,KL006,1,645.0,0,0.0,0,0.0,0,0.0,37.417163767453054
16,KL002,1,805.0,0,0.0,0,0.0,0,0.0,37.401732994769816
16,KL003,1,1004.0,0,0.0,0,0.0,0,0.0,37.370051974318926
16,KL008,1,1020.0,0,0.0,0,0.0,0,0.0,37.37522007223579
16,KL005,1,1035.0,0,0.0,0,0.0,0,0.0,37.340381648689664
16,KL007,1,1145.0,0,0.0,0,0.0,0,0.0,37.32462768884506
16,KL009,1,1604.0,0,0.0,0,0.0,0,0.0,37.281167303011664
16,KL001,1,1840.0,0,0.0,0,0.0,0,0.0,37.212311002581885
16,KL0010,1,1906.0,0,0.0,0,0.0,0,0.0,37.23045017176877
16,KL004,1,2073.0,0,0.0,0,0.0,0,0.0,37.20248243976079
17,KL002,1,586.0,0,0.0,0,0.0,0,0.0,37.41716380885029
17,KL004,1,592.0,0,0.0,0,0.0,0,0.0,37.41262473520064
17,KL003,1,640.0,0,0.0,0,0.0,0,0.0,37.417163762499875
17,KL0010,1,645.0,0,0.0,0,0.0,0,0.0,37.417163808311436
17,KL005,1,649.0,0,0.0,0,0.0,0,0.0,37.408934197794636
17,KL001,1,661.0,0,0.0,0,0.0,0,0.0,37.41716379963799
17,KL009,1,738.0,0,0.0,0,0.0,0,0.0,37.41716379134712
17,KL008,1,827.0,0,0.0,0,0.0,0,0.0,37.415276650569716
17,KL006,1,891.0,0,0.0,0,0.0,0,0.0,37.4057672430583
17,KL007,1,1421.0,0,0.0,0,0.0,0,0.0,37.29967720102041
18,KL0010,1,598.0,0,0.0,0,0.0,0,0.0,37.41716377723953
18,KL007,1,676.0,0,0.0,0,0.0,0,0.0,37.417163781456914
18,KL005,1,682.0,0,0.0,0,0.0,0,0.0,37.41716376170799
18,KL002,1,837.0,0,0.0,0,0.0,0,0.0,37.41716376836791
18,KL001,1,850.0,0,0.0,0,0.0,0,0.0,37.413531802521135
18,KL009,1,1021.0,0,0.0,0,0.0,0,0.0,37.40205930905351
18,KL006,1,1191.0,0,0.0,0,0.0,0,0.0,37.326468785456804
18,KL003,1,1236.0,0,0.0,0,0.0,0,0.0,37.351239403155
18,KL008,1,1356.0,0,0.0,0,0.0,0,0.0,37.30594006894504
18,KL004,1,1636.0,0,0.0,0,0.0,0,0.0,37.297994227484104
19,KL009,1,581.0,0,0.0,0,0.0,0,0.0,37.41716379201309
19,KL0010,1,611.0,0,0.0,0,0.0,0,0.0,37.4152340222983
19,KL008,1,679.0,0,0.0,0,0.0,0,0.0,37.41524727940578
19,KL002,1,808.0,0,0.0,0,0.0,0,0.0,37.39962021287454
19,KL006,1,935.0,0,0.0,0,0.0,0,0.0,37.4113255392105
19,KL003,1,1075.0,0,0.0,0,0.0,0,0.0,37.3842725916318
19,KL004,1,1317.0,0,0.0,0,0.0,0,0.0,37.3332905499246
19,KL001,1,1669.0,0,0.0,0,0.0,0,0.0,37.301629224457564
19,KL007,1,1733.0,0,0.0,0,0.0,0,0.0,37.24757457625379
19,KL005,1,1840.0,0,0.0,0,0.0,0,0.0,37.219771188475896
20,KL0010,1,606.0,0,0.0,0,0.0,0,0.0,37.4171637834647
20,KL003,1,629.0,0,0.0,0,0.0,0,0.0,37.409873852644985
20,KL002,1,670.0,0,0.0,0,0.0,0,0.0,37.41327866805582
20,KL009,1,675.0,0,0.0,0,0.0,0,0.0,37.41716380947664
20,KL007,1,753.0,0,0.0,0,0.0,0,0.0,37.41716380397626
20,KL006,1,809.0,0,0.0,0,0.0,0,0.0,37.41716378289016
20,KL008,1,829.0,0,0.0,0,0.0,0,0.0,37.41716380710466
20,KL004,1,843.0,0,0.0,0,0.0,0,0.0,37.41213897025435
20,KL001,1,869.0,0,0.0,0,0.0,0,0.0,37.40073114954087
20,KL005,1,1008.0,0,0.0,0,0.0,0,0.0,37.410795867491984
21,KL009,1,668.0,0,0.0,0,0.0,0,0.0,37.417163804465424
21,KL007,1,730.0,0,0.0,0,0.0,0,0.0,37.417163785244846
21,KL001,1,774.0,0,0.0,0,0.0,0,0.0,37.417163750657025
21,KL008,1,804.0,0,0.0,0,0.0,0,0.0,37.41716378426457
21,KL005,1,926.0,0,0.0,0,0.0,0,0.0,37.37631128271622
21,KL002,1,956.0,0,0.0,0,0.0,0,0.0,37.408531220228056
21,KL003,1,988.0,0,0.0,0,0.0,0,0.0,37.35770175340376
21,KL006,1,991.0,0,0.0,0,0.0,0,0.0,37.36534663844869
21,KL0010,1,1502.0,0,0.0,0,0.0,0,0.0,37.32710665057729
21,KL004,1,1911.0,0,0.0,0,0.0,0,0.0,37.24591947393873
22,KL001,1,623.0,0,0.0,0,0.0,0,0.0,37.417163775401555
22,KL007,1,654.0,0,0.0,0,0.0,0,0.0,37.41716376164785
22,KL0010,1,655.0,0,0.0,0,0.0,0,0.0,37.41619005244834
22,KL004,1,774.0,0,0.0,0,0.0,0,0.0,37.403683091998836
22,KL005,1,801.0,0,0.0,0,0.0,0,0.0,37.404572829567144
22,KL002,1,827.0,0,0.0,0,0.0,0,0.0,37.402768322938364
22,KL008,1,1445.0,0,0.0,0,0.0,0,0.0,37.32341138772553
22,KL009,1,1512.0,0,0.0,0,0.0,0,0.0,37.313734052582774
22,KL003,1,1532.0,0,0.0,0,0.0,0,0.0,37.29112423868177
22,KL006,1,1659.0,0,0.0,0,0.0,0,0.0,37.24369691396165
23,KL004,1,715.0,0,0.0,0,0.0,0,0.0,37.41716376602578
23,KL0010,1,715.0,0,0.0,0,0.0,0,0.0,37.3891657017901
23,KL006,1,787.0,0,0.0,0,0.0,0,0.0,37.37776236823805
23,KL003,1,863.0,0,0.0,0,0.0,0,0.0,37.39131253983203
23,KL008,1,894.0,0,0.0,0,0.0,0,0.0,37.38853488136513
23,KL007,1,1380.0,0,0.0,0,0.0,0,0.0,37.33074535643358
23,KL002,1,1550.0,0,0.0,0,0.0,0,0.0,37.29822251749467
23,KL005,1,1720.0,0,0.0,0,0.0,0,0.0,37.25645664754898
23,KL009,1,1978.0,0,0.0,0,0.0,0,0.0,37.21459011927
23,KL001,1,2814.0,0,0.0,0,0.0,0,0.0,37.10042381016469
24,KL0010,1,590.0,0,0.0,0,0.0,0,0.0,37.41125413461485
24,KL009,1,645.0,0,0.0,0,0.0,0,0.0,37.41716380391882
24,KL006,1,759.0,0,0.0,0,0.0,0,0.0,37.39507218644929
24,KL001,1,815.0,0,0.0,0,0.0,0,0.0,37.38346288488539
24,KL002,1,898.0,0,0.0,0,0.0,0,0.0,37.376945286518016
24,KL005,1,923.0,0,0.0,0,0.0,0,0.0,37.39389753165363
24,KL004,1,932.0,0,0.0,0,0.0,0,0.0,37.401702556086725
24,KL007,1,953.0,0,0.0,0,0.0,0,0.0,37.41200262932351
24,KL008,1,975.0,0,0.0,0,0.0,0,0.0,37.36962207446066
24,KL003,1,1127.0,0,0.0,0,0.0,0,0.0,37.338072892637314
25,KL003,1,807.0,0,0.0,0,0.0,0,0.0,37.41558315475321
25,KL001,1,1192.0,0,0.0,0,0.0,0,0.0,37.31113900769864
25,KL009,1,1321.0,0,0.0,0,0.0,0,0.0,37.29847523846455
25,KL007,1,1496.0,0,0.0,0,0.0,0,0.0,37.296342639612256
25,KL006,1,1559.0,0,0.0,0,0.0,0,0.0,37.28879775259812
25,KL0010,1,1816.0,0,0.0,0,0.0,0,0.0,37.23281756111945
25,KL002,1,1830.0,0,0.0,0,0.0,0,0.0,37.253874257573074
25,KL004,1,1834.0,0,0.0,0,0.0,0,0.0,37.22473672872762
25,KL005,1,2026.0,0,0.0,0,0.0,0,0.0,37.181801081199794
25,KL008,1,2133.0,0,0.0,0,0.0,0,0.0,37.206435960465555
26,KL003,1,796.0,0,0.0,0,0.0,0,0.0,37.41716380531
26,KL004,1,865.0,0,0.0,0,0.0,0,0.0,37.37851913038731
26,KL002,1,927.0,0,0.0,0,0.0,0,0.0,37.396401277875235
26,KL009,1,953.0,0,0.0,0,0.0,0,0.0,37.394224111503576
26,KL0010,1,961.0,0,0.0,0,0.0,0,0.0,37.39480196732591
26,KL008,1,971.0,0,0.0,0,0.0,0,0.0,37.40263709104782
26,KL005,1,1010.0,0,0.0,0,0.0,0,0.0,37.39886150185026
26,KL001,1,1016.0,0,0.0,0,0.0,0,0.0,37.369934241108254
26,KL007,1,1041.0,0,0.0,0,0.0,0,0.0,37.37723222178554
26,KL006,1,1729.0,0,0.0,0,0.0,0,0.0,37.25402220639454
27,KL009,1,632.0,0,0.0,0,0.0,0,0.0,37.4171637996182
27,KL008,1,727.0,0,0.0,0,0.0,0,0.0,37.416020867678824
27,KL006,1,939.0,0,0.0,0,0.0,0,0.0,37.36599512170582
27,KL004,1,1036.0,0,0.0,0,0.0,0,0.0,37.37828835874084
27,KL005,1,1166.0,0,0.0,0,0.0,0,0.0,37.349943944302886
27,KL003,1,1168.0,0,0.0,0,0.0,0,0.0,37.34150772260702
27,KL0010,1,1198.0,0,0.0,0,0.0,0,0.0,37.35417294536164
27,KL007,1,1220.0,0,0.0,0,0.0,0,0.0,37.33172427396016
27,KL002,1,1257.0,0,0.0,0,0.0,0,0.0,37.3318070997401
27,KL001,1,1431.0,0,0.0,0,0.0,0,0.0,37.32549749126686
28,KL003,1,787.0,0,0.0,0,0.0,0,0.0,37.378489054507234
28,KL0010,1,792.0,0,0.0,0,0.0,0,0.0,37.389814464257384
28,KL002,1,884.0,0,0.0,0,0.0,0,0.0,37.410172157516314
28,KL009,1,945.0,0,0.0,0,0.0,0,0.0,37.397457851821166
28,KL008,1,958.0,0,0.0,0,0.0,0,0.0,37.40466089805246
28,KL006,1,977.0,0,0.0,0,0.0,0,0.0,37.39039489599202
28,KL004,1,1082.0,0,0.0,0,0.0,0,0.0,37.39230639022594
28,KL007,1,1082.0,0,0.0,0,0.0,0,0.0,37.37896808625805
28,KL005,1,1163.0,0,0.0,0,0.0,0,0.0,37.35422797718561
28,KL001,1,1512.0,0,0.0,0,0.0,0,0.0,37.2831443164295
29,KL007,1,606.0,0,0.0,0,0.0,0,0.0,37.417163804050006
29,KL006,1,763.0,0,0.0,0,0.0,0,0.0,37.41716375846856
29,KL0010,1,949.0,0,0.0,0,0.0,0,0.0,37.414130877059186
29,KL008,1,1150.0,0,0.0,0,0.0,0,0.0,37.34310751454515
29,KL009,1,1294.0,1,41.0,0,0.0,0,0.0,-1.4563041385123725
29,KL004,1,1308.0,0,0.0,0,0.0,0,0.0,37.31387805781378
29,KL003,1,1383.0,0,0.0,0,0.0,0,0.0,37.28977326850171
29,KL001,1,1674.0,0,0.0,0,0.0,0,0.0,37.2619447918222
29,KL002,1,1784.0,0,0.0,1,92.0,0,0.0,-8.74847842370859
29,KL005,1,2726.0,1,41.0,0,0.0,0,0.0,-1.696280292267545
30,KL002,1,643.0,0,0.0,0,0.0,0,0.0,37.412865578261496
30,KL003,1,667.0,0,0.0,0,0.0,0,0.0,37.40337994323397
30,KL001,1,692.0,1,37.0,0,0.0,0,0.0,2.418478838953675
30,KL005,1,778.0,0,0.0,0,0.0,0,0.0,37.411843997475664
30,KL009,1,811.0,0,0.0,0,0.0,0,0.0,37.39953743959801
30,KL0010,1,851.0,0,0.0,0,0.0,0,0.0,37.4155962532393
30,KL008,1,916.0,0,0.0,0,0.0,0,0.0,37.388530078093225
30,KL007,1,923.0,0,0.0,0,0.0,0,0.0,37.41273149390781
30,KL004,1,1033.0,0,0.0,0,0.0,0,0.0,37.39163973705084
30,KL006,1,1456.0,1,37.0,0,0.0,0,0.0,2.304357459221791
31,KL004,1,654.0,0,0.0,0,0.0,0,0.0,37.41439620519255
31,KL002,1,771.0,0,0.0,0,0.0,0,0.0,37.41716375096947
31,KL005,1,795.0,0,0.0,0,0.0,0,0.0,37.41716377363313
31,KL007,1,834.0,0,0.0,0,0.0,0,0.0,37.39223955286739
31,KL001,1,879.0,0,0.0,0,0.0,0,0.0,37.41537445821564
31,KL006,1,1094.0,0,0.0,0,0.0,0,0.0,37.3775265153286
31,KL008,1,1291.0,0,0.0,0,0.0,0,0.0,37.31318204150297
31,KL003,1,1464.0,0,0.0,0,0.0,0,0.0,37.27325373712147
31,KL0010,1,1576.0,0,0.0,0,0.0,0,0.0,37.2922971671025
31,KL009,1,1596.0,0,0.0,0,0.0,0,0.0,37.301640175083186
32,KL005,1,646.0,0,0.0,0,0.0,0,0.0,37.41297190969374
32,KL001,1,727.0,0,0.0,0,0.0,0,0.0,37.3946317111111
32,KL006,1,823.0,0,0.0,0,0.0,0,0.0,37.37158408194026
32,KL007,1,869.0,0,0.0,0,0.0,0,0.0,37.36696133424859
32,KL009,1,886.0,0,0.0,0,0.0,0,0.0,37.40864175727548
32,KL008,1,898.0,0,0.0,0,0.0,0,0.0,37.39200494411575
32,KL003,1,1022.0,0,0.0,0,0.0,0,0.0,37.335548111873564
32,KL0010,1,1255.0,0,0.0,0,0.0,0,0.0,37.31689054856732
32,KL002,1,1306.0,0,0.0,0,0.0,0,0.0,37.32899044411125
32,KL004,1,1524.0,0,0.0,0,0.0,0,0.0,37.292661497895125
33,KL007,1,582.0,0,0.0,0,0.0,0,0.0,37.41716379059765
33,KL0010,1,639.0,0,0.0,0,0.0,0,0.0,37.41716380882579
33,KL003,1,648.0,0,0.0,0,0.0,0,0.0,37.411534863327844
33,KL009,1,713.0,0,0.0,0,0.0,0,0.0,37.417072418881354
33,KL004,1,716.0,0,0.0,0,0.0,0,0.0,37.41099087024783
33,KL001,1,896.0,0,0.0,0,0.0,0,0.0,37.38392734565707
33,KL002,1,1667.0,0,0.0,0,0.0,0,0.0,37.26582722038962
33,KL008,1,1718.0,0,0.0,0,0.0,0,0.0,37.24120359139747
33,KL005,1,1947.0,0,0.0,0,0.0,0,0.0,37.20287656243698
33,KL006,1,2008.0,0,0.0,0,0.0,0,0.0,37.19419919453596
34,KL004,1,704.0,0,0.0,0,0.0,0,0.0,37.40058104108864
34,KL006,1,729.0,0,0.0,0,0.0,0,0.0,37.39275267763155
34,KL008,1,772.0,0,0.0,0,0.0,0,0.0,37.411697933598525
34,KL0010,1,941.0,0,0.0,0,0.0,0,0.0,37.385421715261785
34,KL001,1,1032.0,0,0.0,0,0.0,0,0.0,37.394274135065295
34,KL005,1,1054.0,0,0.0,0,0.0,0,0.0,37.38512300659935
34,KL007,1,1062.0,0,0.0,0,0.0,0,0.0,37.38311323696607
34,KL002,1,1145.0,0,0.0,0,0.0,0,0.0,37.38089272955262
34,KL009,1,1225.0,0,0.0,0,0.0,0,0.0,37.32626665397553
34,KL003,1,2921.0,0,0.0,0,0.0,0,0.0,37.10333675213895
35,KL005,1,601.0,0,0.0,0,0.0,0,0.0,37.40733363376465
35,KL006,1,632.0,0,0.0,0,0.0,0,0.0,37.417163786611006
35,KL009,1,676.0,0,0.0,0,0.0,0,0.0,37.41716379939101
35,KL0010,1,725.0,0,0.0,0,0.0,0,0.0,37.41716375240392
35,KL004,1,762.0,0,0.0,0,0.0,0,0.0,37.369356657582046
35,KL002,1,768.0,0,0.0,0,0.0,0,0.0,37.412712105990785
35,KL008,1,1094.0,0,0.0,0,0.0,0,0.0,37.35284659362201
35,KL001,1,1450.0,0,0.0,0,0.0,0,0.0,37.29648488893403
35,KL007,1,1496.0,0,0.0,0,0.0,0,0.0,37.31595554175862
35,KL003,1,1500.0,0,0.0,0,0.0,0,0.0,37.305239548310254
36,KL003,1,878.0,0,0.0,0,0.0,0,0.0,37.41586296600594
36,KL007,1,915.0,0,0.0,0,0.0,0,0.0,37.38731128327361
36,KL001,1,927.0,0,0.0,0,0.0,0,0.0,37.36574042225307
36,KL006,1,955.0,0,0.0,0,0.0,0,0.0,37.40339511862291
36,KL004,1,1099.0,0,0.0,0,0.0,0,0.0,37.34861583430475
36,KL0010,1,1310.0,0,0.0,0,0.0,0,0.0,37.32917277716921
36,KL009,1,1313.0,0,0.0,0,0.0,0,0.0,37.32891484275983
36,KL005,1,1353.0,0,0.0,0,0.0,0,0.0,37.3287354889771
36,KL002,1,1549.0,0,0.0,0,0.0,0,0.0,37.28336477027863
36,KL008,1,1572.0,0,0.0,0,0.0,0,0.0,37.30820747612246
37,KL009,1,703.0,0,0.0,0,0.0,0,0.0,37.41305572182951
37,KL0010,1,828.0,0,0.0,0,0.0,0,0.0,37.40288123503788
37,KL001,1,1062.0,0,0.0,0,0.0,0,0.0,37.379884298585594
37,KL005,1,1250.0,0,0.0,0,0.0,0,0.0,37.324100242740904
37,KL003,1,1251.0,0,0.0,0,0.0,0,0.0,37.3464203608277
37,KL002,1,1353.0,0,0.0,0,0.0,0,0.0,37.30732209499928
37,KL008,1,1368.0,0,0.0,0,0.0,0,0.0,37.34891047214033
37,KL007,1,1409.0,0,0.0,0,0.0,0,0.0,37.310079885470856
37,KL006,1,2019.0,0,0.0,0,0.0,0,0.0,37.20089330103134
37,KL004,1,2162.0,0,0.0,0,0.0,0,0.0,37.160400050434305
38,KL008,1,584.0,0,0.0,0,0.0,0,0.0,37.41716380441586
38,KL003,1,634.0,0,0.0,0,0.0,0,0.0,37.413071555121974
38,KL009,1,690.0,0,0.0,0,0.0,0,0.0,37.40915393598966
38,KL005,1,716.0,0,0.0,0,0.0,0,0.0,37.41296753224128
38,KL007,1,848.0,0,0.0,0,0.0,0,0.0,37.399169644688
38,KL004,1,938.0,0,0.0,0,0.0,0,0.0,37.41620113007799
38,KL002,1,973.0,0,0.0,0,0.0,0,0.0,37.366290277966215
38,KL0010,1,1050.0,0,0.0,0,0.0,0,0.0,37.391485735646164
38,KL006,1,1285.0,0,0.0,0,0.0,0,0.0,37.310867433361636
38,KL001,1,1416.0,0,0.0,0,0.0,0,0.0,37.288702348329245
39,KL0010,1,782.0,0,0.0,0,0.0,0,0.0,37.37676803797029
39,KL009,1,837.0,0,0.0,0,0.0,0,0.0,37.387203405169195
39,KL003,1,1129.0,0,0.0,0,0.0,0,0.0,37.35695902140072
39,KL005,1,1292.0,0,0.0,0,0.0,0,0.0,37.32139683061028
39,KL001,1,1735.0,0,0.0,0,0.0,0,0.0,37.23634270818717
39,KL008,1,2459.0,0,0.0,0,0.0,0,0.0,37.15443498233164
39,KL006,1,2464.0,0,0.0,0,0.0,0,0.0,37.14983024269095
39,KL007,1,2578.0,0,0.0,0,0.0,0,0.0,37.15598052116714
39,KL004,1,2764.0,0,0.0,0,0.0,0,0.0,37.07935890633583
39,KL002,0,3000.0,0,0.0,0,0.0,0,0.0,-0.38777401112775084
40,KL007,1,623.0,0,0.0,0,0.0,0,0.0,37.41667720838294
40,KL006,1,626.0,0,0.0,0,0.0,0,0.0,37.41716377537128
40,KL008,1,728.0,0,0.0,0,0.0,0,0.0,37.41716377278724
40,KL0010,1,733.0,0,0.0,0,0.0,0,0.0,37.417163780094874
40,KL009,1,752.0,0,0.0,0,0.0,0,0.0,37.4099906765566
40,KL003,1,1007.0,0,0.0,0,0.0,0,0.0,37.40889776863016
40,KL001,1,1316.0,0,0.0,0,0.0,0,0.0,37.32700731212549
40,KL005,1,1599.0,0,0.0,0,0.0,0,0.0,37.25967403580105
40,KL004,1,1665.0,0,0.0,0,0.0,0,0.0,37.27180341766362
40,KL002,1,1770.0,0,0.0,0,0.0,0,0.0,37.25120832237564
41,KL008,1,653.0,0,0.0,0,0.0,0,0.0,37.417163784158916
41,KL002,1,759.0,0,0.0,0,0.0,0,0.0,37.36933444783059
41,KL0010,1,878.0,0,0.0,0,0.0,0,0.0,37.396150771216135
41,KL003,1,927.0,0,0.0,0,0.0,0,0.0,37.35869718993027
41,KL006,1,931.0,0,0.0,0,0.0,0,0.0,37.40632546617857
41,KL009,1,954.0,0,0.0,0,0.0,0,0.0,37.35028810340231
41,KL004,1,971.0,1,45.0,0,0.0,0,0.0,-5.159153193950374
41,KL005,1,1040.0,0,0.0,0,0.0,0,0.0,37.35503476371417
41,KL001,1,1534.0,0,0.0,0,0.0,0,0.0,37.275953109277104
41,KL007,1,1627.0,1,45.0,0,0.0,0,0.0,-5.282630653584128
42,KL002,1,717.0,0,0.0,0,0.0,0,0.0,37.40625348394713
42,KL0010,1,780.0,0,0.0,0,0.0,0,0.0,37.382460249680776
42,KL004,1,800.0,0,0.0,0,0.0,0,0.0,37.36561783502712
42,KL005,1,857.0,0,0.0,0,0.0,0,0.0,37.40458995880228
42,KL001,1,917.0,0,0.0,0,0.0,0,0.0,37.3689609293936
42,KL009,1,954.0,0,0.0,0,0.0,0,0.0,37.37772439511372
42,KL007,1,997.0,0,0.0,0,0.0,0,0.0,37.36370058931066
42,KL008,1,1001.0,0,0.0,0,0.0,0,0.0,37.41078077857951
42,KL003,1,1111.0,0,0.0,0,0.0,0,0.0,37.341408642296564
42,KL006,1,2750.0,0,0.0,1,18.0,0,0.0,28.091413352525183
43,KL009,1,614.0,0,0.0,0,0.0,0,0.0,37.417163763138916
43,KL003,1,615.0,0,0.0,0,0.0,0,0.0,37.41716377648632
43,KL007,1,818.0,0,0.0,0,0.0,0,0.0,37.40550174204887
43,KL001,1,843.0,0,0.0,0,0.0,0,0.0,37.41266940395929
43,KL002,1,865.0,0,0.0,0,0.0,0,0.0,37.37839091685566
43,KL008,1,1125.0,0,0.0,0,0.0,0,0.0,37.36999829400503
43,KL0010,1,1573.0,0,0.0,0,0.0,0,0.0,37.28322022857097
43,KL005,1,1869.0,0,0.0,0,0.0,0,0.0,37.23481341626925
43,KL004,1,2108.0,0,0.0,0,0.0,0,0.0,37.21798234781721
43,KL006,1,2620.0,0,0.0,0,0.0,0,0.0,37.106105036506754
44,KL007,1,697.0,0,0.0,0,0.0,0,0.0,37.402048568488595
44,KL002,1,839.0,0,0.0,0,0.0,0,0.0,37.37484274504662
44,KL006,1,857.0,0,0.0,0,0.0,0,0.0,37.40067159894958
44,KL003,1,928.0,0,0.0,0,0.0,0,0.0,37.38145923727914
44,KL001,1,950.0,0,0.0,0,0.0,0,0.0,37.358599846376514
44,KL008,1,977.0,0,0.0,0,0.0,0,0.0,37.36261847511968
44,KL005,1,997.0,0,0.0,0,0.0,0,0.0,37.36198085992306
44,KL004,1,1053.0,0,0.0,0,0.0,0,0.0,37.35912872980789
44,KL0010,1,1066.0,0,0.0,0,0.0,0,0.0,37.35248244256906
44,KL009,1,1224.0,0,0.0,0,0.0,0,0.0,37.33007825591582
45,KL004,1,606.0,0,0.0,0,0.0,0,0.0,37.408662520147935
45,KL005,1,617.0,0,0.0,0,0.0,0,0.0,37.417163804647544
45,KL0010,1,642.0,0,0.0,0,0.0,0,0.0,37.40923852294735
45,KL002,1,795.0,0,0.0,0,0.0,0,0.0,37.39975344217223
45,KL001,1,935.0,0,0.0,0,0.0,0,0.0,37.41431972782527
45,KL007,1,965.0,0,0.0,0,0.0,0,0.0,37.37632178606618
45,KL009,1,1003.0,0,0.0,0,0.0,0,0.0,37.38194678173192
45,KL008,1,1024.0,0,0.0,0,0.0,0,0.0,37.38225483495828
45,KL003,1,1044.0,0,0.0,0,0.0,0,0.0,37.39457246387395
45,KL006,1,1206.0,0,0.0,0,0.0,0,0.0,37.33916347160758
46,KL004,1,874.0,0,0.0,0,0.0,0,0.0,37.386301175782066
46,KL003,1,889.0,0,0.0,0,0.0,0,0.0,37.369689560860394
46,KL007,1,974.0,0,0.0,0,0.0,0,0.0,37.3847332283528
46,KL001,1,1155.0,0,0.0,0,0.0,0,0.0,37.34704205347844
46,KL009,1,1168.0,0,0.0,0,0.0,0,0.0,37.362302350442526
46,KL006,1,1214.0,0,0.0,0,0.0,0,0.0,37.33040450523194
46,KL008,1,1236.0,0,0.0,0,0.0,0,0.0,37.33663035156166
46,KL0010,1,1518.0,0,0.0,0,0.0,0,0.0,37.26949081080837
46,KL002,1,1685.0,0,0.0,0,0.0,0,0.0,37.287572203957886
46,KL005,1,2623.0,0,0.0,0,0.0,0,0.0,37.12529619069939
47,KL006,1,592.0,0,0.0,0,0.0,0,0.0,37.41697082802407
47,KL0010,1,728.0,0,0.0,0,0.0,0,0.0,37.41697922790933
47,KL009,1,752.0,0,0.0,0,0.0,0,0.0,37.412362415186095
47,KL004,1,850.0,0,0.0,0,0.0,0,0.0,37.41425350301896
47,KL007,1,872.0,0,0.0,0,0.0,0,0.0,37.41716376930904
47,KL002,1,975.0,0,0.0,0,0.0,0,0.0,37.39765096465001
47,KL001,1,1093.0,0,0.0,0,0.0,0,0.0,37.370512349554936
47,KL008,1,1102.0,0,0.0,0,0.0,0,0.0,37.360343524455914
47,KL003,1,1382.0,0,0.0,0,0.0,0,0.0,37.296115266629016
47,KL005,1,1623.0,0,0.0,0,0.0,0,0.0,37.28920357407298
48,KL001,1,646.0,0,0.0,0,0.0,0,0.0,37.41707164721915
48,KL005,1,674.0,0,0.0,0,0.0,0,0.0,37.40105708962443
48,KL009,1,690.0,0,0.0,0,0.0,0,0.0,37.41716380872529
48,KL008,1,803.0,0,0.0,0,0.0,0,0.0,37.41497891021526
48,KL003,1,822.0,0,0.0,0,0.0,0,0.0,37.416882342373896
48,KL007,1,879.0,0,0.0,0,0.0,0,0.0,37.411590381198316
48,KL002,1,960.0,0,0.0,0,0.0,0,0.0,37.36991100356653
48,KL004,1,966.0,0,0.0,0,0.0,0,0.0,37.40976846683158
48,KL0010,1,1076.0,0,0.0,0,0.0,0,0.0,37.35249561712933
48,KL006,1,1127.0,0,0.0,0,0.0,0,0.0,37.36054843419881
49,KL008,1,616.0,0,0.0,0,0.0,0,0.0,37.417163773048586
49,KL001,1,749.0,0,0.0,0,0.0,0,0.0,37.41548094896057
49,KL003,1,803.0,0,0.0,0,0.0,0,0.0,37.39518369980358
49,KL0010,1,837.0,0,0.0,0,0.0,0,0.0,37.41697786635205
49,KL009,1,923.0,0,0.0,0,0.0,0,0.0,37.41716380948537
49,KL005,1,936.0,0,0.0,0,0.0,0,0.0,37.3915776108007
49,KL007,1,936.0,0,0.0,0,0.0,0,0.0,37.40689404947098
49,KL004,1,937.0,0,0.0,0,0.0,0,0.0,37.41426305408598
49,KL002,1,994.0,0,0.0,0,0.0,0,0.0,37.37812257527638
49,KL006,1,1151.0,0,0.0,0,0.0,0,0.0,37.36719581727466
50,KL005,1,645.0,0,0.0,0,0.0,0,0.0,37.416498099338455
50,KL009,1,656.0,0,0.0,0,0.0,0,0.0,37.417163804090876
50,KL004,1,709.0,0,0.0,0,0.0,0,0.0,37.41707153237168
50,KL001,1,798.0,0,0.0,0,0.0,0,0.0,37.41716376993165
50,KL003,1,879.0,0,0.0,0,0.0,0,0.0,37.41716378932057
50,KL007,1,958.0,0,0.0,0,0.0,0,0.0,37.3519656939839
50,KL006,1,999.0,0,0.0,0,0.0,0,0.0,37.41053998349737
50,KL0010,1,1026.0,0,0.0,0,0.0,0,0.0,37.38103821801682
50,KL002,1,1555.0,0,0.0,0,0.0,0,0.0,37.28159656714534
50,KL008,1,1629.0,0,0.0,0,0.0,0,0.0,37.292069068280355
51,KL0010,1,680.0,0,0.0,0,0.0,0,0.0,37.41716380054735
51,KL003,1,728.0,0,0.0,0,0.0,0,0.0,37.408723728567274
51,KL007,1,890.0,0,0.0,0,0.0,0,0.0,37.39314505386473
51,KL005,1,996.0,0,0.0,0,0.0,0,0.0,37.40134055431636
51,KL001,1,999.0,0,0.0,0,0.0,0,0.0,37.39273850649791
51,KL008,1,1000.0,0,0.0,0,0.0,0,0.0,37.37270429426242
51,KL009,1,1098.0,0,0.0,0,0.0,0,0.0,37.38669643799443
51,KL002,1,1346.0,0,0.0,0,0.0,0,0.0,37.32204954957441
51,KL006,1,1567.0,0,0.0,0,0.0,0,0.0,37.27697670397729
51,KL004,1,1653.0,0,0.0,0,0.0,0,0.0,37.27125275405771
52,KL004,1,654.0,0,0.0,0,0.0,0,0.0,37.404607851133946
52,KL007,1,771.0,0,0.0,0,0.0,0,0.0,37.400525306390385
52,KL005,1,791.0,0,0.0,0,0.0,0,0.0,37.4128416148846
52,KL003,1,819.0,0,0.0,0,0.0,0,0.0,37.4152532232101
52,KL008,1,856.0,0,0.0,0,0.0,0,0.0,37.40815289956077
52,KL002,1,858.0,0,0.0,0,0.0,0,0.0,37.38492857515896
52,KL009,1,892.0,0,0.0,0,0.0,0,0.0,37.37732241409973
52,KL0010,1,902.0,0,0.0,0,0.0,0,0.0,37.381259846013016
52,KL006,1,1212.0,0,0.0,0,0.0,0,0.0,37.33331787994203
52,KL001,1,1487.0,0,0.0,0,0.0,0,0.0,37.301638983360554
53,KL006,1,578.0,0,0.0,0,0.0,0,0.0,37.41669967564817
53,KL005,1,703.0,0,0.0,0,0.0,0,0.0,37.41679038520795
53,KL001,1,713.0,0,0.0,0,0.0,0,0.0,37.39191379569138
53,KL004,1,808.0,0,0.0,0,0.0,0,0.0,37.4138702849846
53,KL002,1,892.0,0,0.0,0,0.0,0,0.0,37.39498819448906
53,KL0010,1,1089.0,0,0.0,0,0.0,0,0.0,37.37400476987606
53,KL009,1,1099.0,1,44.0,0,0.0,0,0.0,-4.2439692234003275
53,KL007,1,1269.0,0,0.0,0,0.0,0,0.0,37.3452033260779
53,KL008,1,1324.0,0,0.0,0,0.0,0,0.0,37.34834412274877
53,KL003,1,1589.0,1,44.0,0,0.0,0,0.0,-4.314961021807761
54,KL008,1,707.0,0,0.0,0,0.0,0,0.0,37.41716377765732
54,KL0010,1,735.0,0,0.0,0,0.0,0,0.0,37.41697860802723
54,KL004,1,785.0,0,0.0,0,0.0,0,0.0,37.41716378208721
54,KL007,1,835.0,0,0.0,0,0.0,0,0.0,37.37840525599007
54,KL003,1,838.0,0,0.0,0,0.0,0,0.0,37.40232658358196
54,KL002,1,843.0,0,0.0,0,0.0,0,0.0,37.38215642936058
54,KL001,1,987.0,0,0.0,0,0.0,0,0.0,37.41716375797097
54,KL009,1,1556.0,0,0.0,0,0.0,0,0.0,37.29404789412973
54,KL006,1,2063.0,0,0.0,0,0.0,0,0.0,37.198503048442966
54,KL005,0,3000.0,0,0.0,0,0.0,0,0.0,-0.4964726392584864
55,KL0010,1,722.0,0,0.0,0,0.0,0,0.0,37.39390293588336
55,KL003,1,910.0,0,0.0,0,0.0,0,0.0,37.377619469992
55,KL007,1,1257.0,0,0.0,0,0.0,0,0.0,37.32901380193015
55,KL001,1,1273.0,0,0.0,0,0.0,0,0.0,37.329074445255245
55,KL005,1,1336.0,0,0.0,0,0.0,0,0.0,37.316972092084214
55,KL002,1,1769.0,0,0.0,0,0.0,0,0.0,37.26339730894858
55,KL009,1,1838.0,0,0.0,0,0.0,0,0.0,37.24723664075235
55,KL008,1,1966.0,0,0.0,0,0.0,0,0.0,37.19453249924958
55,KL004,1,2241.0,0,0.0,0,0.0,0,0.0,37.18633056691816
55,KL006,1,2544.0,0,0.0,0,0.0,0,0.0,37.135094575801006
56,KL005,1,639.0,0,0.0,0,0.0,0,0.0,37.402675869082685
56,KL008,1,669.0,0,0.0,0,0.0,0,0.0,37.417163804515354
56,KL0010,1,714.0,0,0.0,2,103.0,0,0.0,-14.101934668152687
56,KL009,1,890.0,0,0.0,0,0.0,0,0.0,37.417163747355765
56,KL001,1,921.0,0,0.0,0,0.0,0,0.0,37.40343363914501
56,KL003,1,973.0,0,0.0,0,0.0,0,0.0,37.389580027401244
56,KL002,1,1094.0,0,0.0,0,0.0,0,0.0,37.387954656239714
56,KL007,1,1195.0,0,0.0,0,0.0,0,0.0,37.34952525590213
56,KL004,1,2528.0,0,0.0,0,0.0,0,0.0,37.094575205146846
56,KL006,0,3000.0,0,0.0,0,0.0,0,0.0,-0.38425619216182183
57,KL005,1,726.0,0,0.0,0,0.0,0,0.0,37.407658501895654
57,KL008,1,736.0,0,0.0,0,0.0,0,0.0,37.403879297636564
57,KL0010,1,751.0,0,0.0,0,0.0,0,0.0,37.402939992648584
57,KL006,1,792.0,0,0.0,0,0.0,0,0.0,37.40899125589018
57,KL009,1,847.0,0,0.0,0,0.0,0,0.0,37.37354359656101
57,KL004,1,920.0,0,0.0,0,0.0,0,0.0,37.39565021958527
57,KL007,1,1082.0,0,0.0,0,0.0,0,0.0,37.345411576084345
57,KL003,1,1586.0,0,0.0,0,0.0,0,0.0,37.24627731679773
57,KL002,1,1785.0,0,0.0,0,0.0,0,0.0,37.26996500524922
57,KL001,1,1830.0,0,0.0,0,0.0,0,0.0,37.27522038481621
58,KL0010,1,657.0,0,0.0,0,0.0,0,0.0,37.39132673828422
58,KL002,1,787.0,0,0.0,0,0.0,0,0.0,37.39877422493642
58,KL008,1,823.0,0,0.0,0,0.0,0,0.0,37.39852862846952
58,KL005,1,841.0,0,0.0,0,0.0,0,0.0,37.39093740513472
58,KL006,1,854.0,0,0.0,0,0.0,0,0.0,37.37818936206884
58,KL004,1,910.0,0,0.0,0,0.0,0,0.0,37.413851789418466
58,KL009,1,975.0,0,0.0,0,0.0,0,0.0,37.389243635180385
58,KL003,1,999.0,0,0.0,0,0.0,0,0.0,37.35473704219395
58,KL001,1,1020.0,0,0.0,0,0.0,0,0.0,37.39692760559253
58,KL007,1,1151.0,0,0.0,0,0.0,0,0.0,37.35395637533125
59,KL004,1,643.0,0,0.0,0,0.0,0,0.0,37.41123037015522
59,KL008,1,743.0,0,0.0,0,0.0,0,0.0,37.417163777459194
59,KL005,1,797.0,0,0.0,0,0.0,0,0.0,37.411043118331065
59,KL001,1,800.0,0,0.0,0,0.0,0,0.0,37.39489918695815
59,KL003,1,832.0,0,0.0,0,0.0,0,0.0,37.367788210424784
59,KL009,1,985.0,0,0.0,0,0.0,0,0.0,37.414935241632016
59,KL007,1,987.0,0,0.0,0,0.0,0,0.0,37.41639925053002
59,KL002,1,1096.0,0,0.0,0,0.0,0,0.0,37.38374198427546
59,KL0010,1,1219.0,0,0.0,0,0.0,0,0.0,37.35241155335085
59,KL006,1,1508.0,0,0.0,0,0.0,0,0.0,37.30083051467366
60,KL001,1,612.0,0,0.0,0,0.0,0,0.0,37.417163801844495
60,KL0010,1,893.0,0,0.0,0,0.0,0,0.0,37.40490077949914
60,KL007,1,1246.0,0,0.0,0,0.0,0,0.0,37.34462890863253
60,KL006,1,1704.0,0,0.0,0,0.0,0,0.0,37.248165622577005
60,KL002,1,1821.0,0,0.0,0,0.0,0,0.0,37.24659167756728
60,KL009,1,1944.0,0,0.0,0,0.0,0,0.0,37.21557034330173
60,KL004,1,2088.0,0,0.0,0,0.0,0,0.0,37.17804297272171
60,KL008,1,2103.0,0,0.0,0,0.0,0,0.0,37.20292258239356
60,KL003,1,2120.0,0,0.0,0,0.0,0,0.0,37.196502206000766
60,KL005,1,2635.0,0,0.0,0,0.0,0,0.0,37.12523749489545
61,KL009,1,617.0,0,0.0,0,0.0,0,0.0,37.417163796206864
61,KL0010,1,799.0,0,0.0,0,0.0,0,0.0,37.41600469565774
61,KL007,1,813.0,0,0.0,0,0.0,0,0.0,37.417163799344934
61,KL006,1,907.0,0,0.0,0,0.0,0,0.0,37.36732377869325
61,KL008,1,939.0,0,0.0,0,0.0,0,0.0,37.41678262423289
61,KL001,1,948.0,0,0.0,0,0.0,0,0.0,37.4145330299482
61,KL004,1,984.0,0,0.0,0,0.0,0,0.0,37.38500200348662
61,KL005,1,1168.0,0,0.0,0,0.0,0,0.0,37.33349806842585
61,KL003,1,1239.0,0,0.0,0,0.0,0,0.0,37.32474747657625
61,KL002,1,1346.0,0,0.0,0,0.0,0,0.0,37.308847440518655
62,KL005,1,627.0,0,0.0,0,0.0,0,0.0,37.41716377899625
62,KL006,1,656.0,0,0.0,0,0.0,0,0.0,37.40271571161553
62,KL002,1,694.0,0,0.0,0,0.0,0,0.0,37.38517164307504
62,KL007,1,727.0,0,0.0,0,0.0,0,0.0,37.39927826704703
62,KL0010,1,863.0,0,0.0,0,0.0,0,0.0,37.376355162158816
62,KL003,1,1063.0,0,0.0,0,0.0,0,0.0,37.35172974661448
62,KL008,1,1564.0,0,0.0,0,0.0,0,0.0,37.2753153973718
62,KL001,1,1604.0,0,0.0,0,0.0,0,0.0,37.269843483973474
62,KL004,1,1638.0,0,0.0,0,0.0,0,0.0,37.27013239505748
62,KL009,1,1981.0,0,0.0,0,0.0,0,0.0,37.20873347118082
63,KL006,1,874.0,0,0.0,0,0.0,0,0.0,37.37693825914255
63,KL0010,1,890.0,0,0.0,0,0.0,0,0.0,37.35783877627673
63,KL001,1,916.0,0,0.0,0,0.0,0,0.0,37.397505640093804
63,KL004,1,955.0,0,0.0,0,0.0,0,0.0,37.35238226609647
63,KL009,1,1014.0,0,0.0,0,0.0,0,0.0,37.38526071722656
63,KL007,1,1255.0,0,0.0,0,0.0,0,0.0,37.31121064569189
63,KL008,1,1318.0,0,0.0,0,0.0,0,0.0,37.32881271567546
63,KL005,1,1781.0,0,0.0,0,0.0,0,0.0,37.240701252519905
63,KL002,1,1924.0,0,0.0,0,0.0,0,0.0,37.21549170182603
63,KL003,1,2240.0,0,0.0,0,0.0,0,0.0,37.205824098209554
64,KL002,1,645.0,0,0.0,0,0.0,0,0.0,37.40832779592919
64,KL009,1,780.0,0,0.0,0,0.0,0,0.0,37.38286075632781
64,KL008,1,821.0,0,0.0,0,0.0,0,0.0,37.3985992002504
64,KL004,1,1194.0,0,0.0,0,0.0,0,0.0,37.36627043238258
64,KL001,1,1370.0,0,0.0,0,0.0,0,0.0,37.31222265455458
64,KL006,1,1499.0,0,0.0,0,0.0,0,0.0,37.30960598087876
64,KL003,1,1566.0,0,0.0,0,0.0,0,0.0,37.267998866087474
64,KL0010,1,1713.0,0,0.0,0,0.0,0,0.0,37.272016831364525
64,KL007,1,1715.0,0,0.0,0,0.0,0,0.0,37.2623952616764
64,KL005,1,1996.0,0,0.0,0,0.0,0,0.0,37.22258684707323
65,KL006,1,631.0,0,0.0,0,0.0,0,0.0,37.40975116269533
65,KL0010,1,666.0,0,0.0,0,0.0,0,0.0,37.398366427846746
65,KL009,1,759.0,0,0.0,0,0.0,0,0.0,37.41716378530118
65,KL001,1,764.0,0,0.0,0,0.0,0,0.0,37.39648527879724
65,KL002,1,790.0,0,0.0,0,0.0,0,0.0,37.39942753263651
65,KL004,1,793.0,0,0.0,0,0.0,0,0.0,37.41707177512298
65,KL008,1,881.0,0,0.0,0,0.0,0,0.0,37.41373818180741
65,KL007,1,900.0,0,0.0,0,0.0,0,0.0,37.362252754405596
65,KL005,1,911.0,0,0.0,0,0.0,0,0.0,37.40217832182671
65,KL003,1,1460.0,0,0.0,0,0.0,0,0.0,37.30569750405599
66,KL009,1,593.0,0,0.0,0,0.0,0,0.0,37.417163796122786
66,KL004,1,636.0,0,0.0,0,0.0,0,0.0,37.41716378241461
66,KL002,1,762.0,0,0.0,0,0.0,0,0.0,37.400720538505304
66,KL0010,1,781.0,0,0.0,0,0.0,0,0.0,37.416154289900135
66,KL003,1,798.0,0,0.0,0,0.0,0,0.0,37.38418975815866
66,KL007,1,891.0,0,0.0,0,0.0,0,0.0,37.388018868558945
66,KL005,1,910.0,0,0.0,0,0.0,0,0.0,37.388123517460585
66,KL006,1,925.0,0,0.0,0,0.0,0,0.0,37.414794345433165
66,KL001,1,1187.0,0,0.0,0,0.0,0,0.0,37.35853985118531
66,KL008,1,1200.0,0,0.0,0,0.0,0,0.0,37.325486644862266
67,KL004,1,618.0,0,0.0,0,0.0,0,0.0,37.40635518337159
67,KL0010,1,688.0,0,0.0,0,0.0,0,0.0,37.40357024125948
67,KL006,1,722.0,0,0.0,0,0.0,0,0.0,37.41716376140208
67,KL003,1,929.0,0,0.0,0,0.0,0,0.0,37.38660753013969
67,KL007,1,1295.0,0,0.0,0,0.0,0,0.0,37.326189043426986
67,KL008,1,1634.0,1,48.0,0,0.0,0,0.0,-8.124594939101094
67,KL001,1,2253.0,2,84.0,0,0.0,0,0.0,-42.24870465857649
67,KL002,1,2286.0,3,130.0,0,0.0,0,0.0,-85.76814499667938
67,KL005,1,2383.0,2,93.0,0,0.0,0,0.0,-50.787497980981115
67,KL009,1,2550.0,2,91.0,0,0.0,0,0.0,-48.91528302701197
68,KL001,1,594.0,0,0.0,0,0.0,0,0.0,37.409873762190294
68,KL009,1,645.0,0,0.0,0,0.0,0,0.0,37.40762054277122
68,KL004,1,653.0,0,0.0,0,0.0,0,0.0,37.41080206280975
68,KL0010,1,717.0,0,0.0,0,0.0,0,0.0,37.41716375658359
68,KL005,1,744.0,0,0.0,0,0.0,0,0.0,37.41716379517541
68,KL007,1,900.0,0,0.0,0,0.0,0,0.0,37.4155093613239
68,KL002,1,999.0,0,0.0,0,0.0,0,0.0,37.36266016471463
68,KL008,1,1022.0,0,0.0,0,0.0,0,0.0,37.35935007693447
68,KL006,1,1147.0,0,0.0,0,0.0,0,0.0,37.367957797119495
68,KL003,1,1321.0,0,0.0,0,0.0,0,0.0,37.3279092238085
69,KL006,1,654.0,0,0.0,0,0.0,0,0.0,37.417163801398466
69,KL0010,1,656.0,0,0.0,0,0.0,0,0.0,37.405161820904816
69,KL003,1,691.0,0,0.0,0,0.0,0,0.0,37.40048650588427
69,KL007,1,804.0,0,0.0,0,0.0,0,0.0,37.41354999133306
69,KL004,1,805.0,0,0.0,0,0.0,0,0.0,37.388026178498535
69,KL005,1,941.0,0,0.0,0,0.0,0,0.0,37.40231145017967
69,KL002,1,981.0,0,0.0,0,0.0,0,0.0,37.38401611453614
69,KL008,1,1095.0,0,0.0,0,0.0,0,0.0,37.388184293305926
69,KL009,1,1194.0,0,0.0,0,0.0,0,0.0,37.36949586008014
69,KL001,1,1333.0,0,0.0,0,0.0,0,0.0,37.3159894502905
70,KL004,1,657.0,0,0.0,0,0.0,0,0.0,37.40067331518545
70,KL008,1,712.0,0,0.0,0,0.0,0,0.0,37.40925506019295
70,KL007,1,799.0,0,0.0,0,0.0,0,0.0,37.411918173029434
70,KL009,1,800.0,0,0.0,0,0.0,0,0.0,37.38884449024846
70,KL003,1,805.0,0,0.0,0,0.0,0,0.0,37.40535617819221
70,KL0010,1,834.0,0,0.0,0,0.0,0,0.0,37.416526972511754
70,KL002,1,839.0,0,0.0,0,0.0,0,0.0,37.395012630917364
70,KL001,1,919.0,0,0.0,0,0.0,0,0.0,37.36131272635588
70,KL005,1,1052.0,0,0.0,0,0.0,0,0.0,37.36198922473654
70,KL006,1,1085.0,0,0.0,0,0.0,0,0.0,37.35574827585012
71,KL003,1,687.0,0,0.0,0,0.0,0,0.0,37.41611153232316
71,KL0010,1,747.0,0,0.0,0,0.0,0,0.0,37.38962252034788
71,KL009,1,842.0,0,0.0,0,0.0,0,0.0,37.36575876878624
71,KL005,1,857.0,0,0.0,0,0.0,0,0.0,37.39864622626803
71,KL007,1,924.0,0,0.0,0,0.0,0,0.0,37.38032580128784
71,KL004,1,954.0,0,0.0,0,0.0,0,0.0,37.377990208775486
71,KL002,1,958.0,0,0.0,0,0.0,0,0.0,37.38968941301118
71,KL006,1,1014.0,0,0.0,0,0.0,0,0.0,37.38698096099751
71,KL001,1,1035.0,0,0.0,0,0.0,0,0.0,37.38580379365773
71,KL008,1,1429.0,0,0.0,0,0.0,0,0.0,37.29676259851718
72,KL0010,1,627.0,0,0.0,0,0.0,0,0.0,37.40108603311084
72,KL008,1,650.0,0,0.0,0,0.0,0,0.0,37.406667518466286
72,KL003,1,692.0,0,0.0,0,0.0,0,0.0,37.417163798022436
72,KL001,1,693.0,0,0.0,0,0.0,0,0.0,37.412427048434964
72,KL005,1,750.0,0,0.0,0,0.0,0,0.0,37.41655069314417
72,KL004,1,822.0,0,0.0,0,0.0,0,0.0,37.399666993240345
72,KL002,1,929.0,0,0.0,0,0.0,0,0.0,37.387725357308646
72,KL009,1,1004.0,0,0.0,0,0.0,0,0.0,37.380728943797074
72,KL007,1,1046.0,0,0.0,0,0.0,0,0.0,37.37897662659374
72,KL006,1,1100.0,0,0.0,0,0.0,0,0.0,37.362120391036306
73,KL001,1,602.0,0,0.0,0,0.0,0,0.0,37.41658823163684
73,KL002,1,634.0,0,0.0,0,0.0,0,0.0,37.414055069243695
73,KL004,1,758.0,0,0.0,0,0.0,0,0.0,37.38991636755952
73,KL008,1,790.0,0,0.0,0,0.0,0,0.0,37.417163750125
73,KL005,1,811.0,0,0.0,0,0.0,0,0.0,37.40636959804259
73,KL0010,1,871.0,0,0.0,0,0.0,0,0.0,37.41261298121214
73,KL007,1,994.0,0,0.0,0,0.0,0,0.0,37.39898700103202
73,KL009,1,1046.0,0,0.0,0,0.0,0,0.0,37.37435366853075
73,KL003,1,1076.0,0,0.0,0,0.0,0,0.0,37.36737818224724
73,KL006,1,1617.0,0,0.0,0,0.0,0,0.0,37.28780897320746
74,KL003,1,760.0,0,0.0,0,0.0,0,0.0,37.415070502702925
74,KL0010,1,807.0,0,0.0,0,0.0,0,0.0,37.391971334323394
74,KL006,1,892.0,0,0.0,0,0.0,0,0.0,37.39605013808063
74,KL007,1,902.0,0,0.0,0,0.0,0,0.0,37.37686057627285
74,KL004,1,1123.0,0,0.0,0,0.0,0,0.0,37.363387088779646
74,KL001,1,1186.0,0,0.0,0,0.0,0,0.0,37.36755111916797
74,KL005,1,2019.0,0,0.0,0,0.0,0,0.0,37.199844850284464
74,KL008,1,2131.0,0,0.0,0,0.0,0,0.0,37.20808465218623
74,KL002,1,2323.0,0,0.0,0,0.0,0,0.0,37.19973703609969
74,KL009,1,2387.0,0,0.0,0,0.0,0,0.0,37.181041423472166
75,KL007,1,627.0,0,0.0,0,0.0,0,0.0,37.41716378368501
75,KL005,1,641.0,0,0.0,0,0.0,0,0.0,37.41514660673485
75,KL002,1,726.0,0,0.0,0,0.0,0,0.0,37.40467723335138
75,KL0010,1,753.0,0,0.0,0,0.0,0,0.0,37.417071384553495
75,KL003,1,763.0,0,0.0,0,0.0,0,0.0,37.40267624605172
75,KL008,1,877.0,0,0.0,0,0.0,0,0.0,37.40909718531809
75,KL004,1,893.0,0,0.0,0,0.0,0,0.0,37.41716375391177
75,KL001,1,930.0,0,0.0,0,0.0,0,0.0,37.41716373090727
75,KL009,1,1027.0,0,0.0,0,0.0,0,0.0,37.35356581282607
75,KL006,1,1093.0,0,0.0,0,0.0,0,0.0,37.38487516867302
76,KL006,1,742.0,0,0.0,0,0.0,0,0.0,37.408447211621564
76,KL001,1,882.0,0,0.0,0,0.0,0,0.0,37.35664756649586
76,KL0010,1,899.0,0,0.0,0,0.0,0,0.0,37.371493040180525
76,KL002,1,920.0,0,0.0,0,0.0,0,0.0,37.37461580192268
76,KL003,1,1083.0,0,0.0,0,0.0,0,0.0,37.359902669958544
76,KL004,1,1104.0,0,0.0,0,0.0,0,0.0,37.376325874911416
76,KL005,1,1147.0,0,0.0,0,0.0,0,0.0,37.36008017984721
76,KL008,1,1492.0,0,0.0,0,0.0,0,0.0,37.30701663091722
76,KL009,1,2154.0,0,0.0,0,0.0,0,0.0,37.19035979288626
76,KL007,1,2216.0,0,0.0,0,0.0,0,0.0,37.173498667427026
77,KL006,1,578.0,0,0.0,0,0.0,0,0.0,37.41716378734113
77,KL009,1,586.0,0,0.0,0,0.0,0,0.0,37.41241420442802
77,KL003,1,634.0,0,0.0,0,0.0,0,0.0,37.409725353725044
77,KL007,1,690.0,0,0.0,0,0.0,0,0.0,37.41716378687674
77,KL0010,1,750.0,0,0.0,0,0.0,0,0.0,37.416790496462205
77,KL002,1,1038.0,0,0.0,0,0.0,0,0.0,37.38806142294093
77,KL005,1,1062.0,0,0.0,0,0.0,0,0.0,37.363274573273365
77,KL004,1,1079.0,0,0.0,0,0.0,0,0.0,37.38175372296549
77,KL008,1,1140.0,0,0.0,1,58.0,0,0.0,8.325157722454627
77,KL001,1,1798.0,0,0.0,0,0.0,0,0.0,37.235457966694874
78,KL006,1,609.0,0,0.0,0,0.0,0,0.0,37.41716380443936
78,KL001,1,613.0,0,0.0,0,0.0,0,0.0,37.4171638091705
78,KL009,1,626.0,0,0.0,0,0.0,0,0.0,37.41619715334152
78,KL005,1,712.0,0,0.0,0,0.0,0,0.0,37.409026360002876
78,KL004,1,729.0,0,0.0,0,0.0,0,0.0,37.39704236869895
78,KL007,1,792.0,0,0.0,0,0.0,0,0.0,37.402323650030254
78,KL003,1,911.0,0,0.0,0,0.0,0,0.0,37.40821174109578
78,KL0010,1,921.0,0,0.0,0,0.0,0,0.0,37.41716375817804
78,KL002,1,942.0,0,0.0,0,0.0,0,0.0,37.37237473270613
78,KL008,1,1099.0,0,0.0,0,0.0,0,0.0,37.362461293299475
79,KL005,1,582.0,0,0.0,0,0.0,0,0.0,37.417163785671384
79,KL009,1,669.0,0,0.0,0,0.0,0,0.0,37.41716378448846
79,KL004,1,711.0,0,0.0,0,0.0,0,0.0,37.41716376425005
79,KL007,1,989.0,0,0.0,0,0.0,0,0.0,37.393823044180095
79,KL002,1,1186.0,0,0.0,0,0.0,0,0.0,37.348362664945725
79,KL008,1,1224.0,0,0.0,0,0.0,0,0.0,37.357828471164865
79,KL001,1,1241.0,0,0.0,0,0.0,0,0.0,37.32901921589818
79,KL003,1,1245.0,0,0.0,1,2.0,0,0.0,36.32768697530792
79,KL0010,1,1790.0,0,0.0,0,0.0,0,0.0,37.26190201340898
79,KL006,1,1798.0,0,0.0,0,0.0,0,0.0,37.26063892806621
80,KL005,1,631.0,0,0.0,0,0.0,0,0.0,37.41616987929376
80,KL006,1,647.0,0,0.0,0,0.0,0,0.0,37.4171637919253
80,KL008,1,686.0,0,0.0,0,0.0,0,0.0,37.417163798615604
80,KL007,1,727.0,0,0.0,0,0.0,0,0.0,37.41716379645038
80,KL002,1,919.0,0,0.0,0,0.0,0,0.0,37.41187533144391
80,KL003,1,939.0,0,0.0,0,0.0,0,0.0,37.40880997303837
80,KL009,1,1214.0,0,0.0,0,0.0,0,0.0,37.3283299735058
80,KL001,1,1337.0,0,0.0,0,0.0,0,0.0,37.324521080432504
80,KL0010,1,1670.0,0,0.0,0,0.0,0,0.0,37.280745606209074
80,KL004,1,1756.0,0,0.0,0,0.0,0,0.0,37.26316582719805
81,KL003,1,594.0,0,0.0,0,0.0,0,0.0,37.41716376680239
81,KL005,1,656.0,0,0.0,0,0.0,0,0.0,37.41402695211465
81,KL008,1,734.0,0,0.0,0,0.0,0,0.0,37.41716376452642
81,KL006,1,762.0,0,0.0,0,0.0,0,0.0,37.39757828366716
81,KL007,1,792.0,0,0.0,0,0.0,0,0.0,37.416978722114955
81,KL002,1,855.0,0,0.0,0,0.0,0,0.0,37.412032294704076
81,KL001,1,884.0,0,0.0,0,0.0,0,0.0,37.41239843781689
81,KL004,1,889.0,0,0.0,0,0.0,0,0.0,37.3984426688875
81,KL0010,1,984.0,0,0.0,0,0.0,0,0.0,37.41716376264068
81,KL009,1,1060.0,0,0.0,0,0.0,0,0.0,37.36737603773104
82,KL001,1,689.0,0,0.0,0,0.0,0,0.0,37.410814768787006
82,KL006,1,719.0,0,0.0,0,0.0,0,0.0,37.41175330116407
82,KL002,1,752.0,0,0.0,0,0.0,0,0.0,37.40965817166186
82,KL009,1,756.0,0,0.0,0,0.0,0,0.0,37.41716379198136
82,KL003,1,768.0,0,0.0,0,0.0,0,0.0,37.41656968154213
82,KL004,1,805.0,0,0.0,0,0.0,0,0.0,37.389504364015025
82,KL0010,1,823.0,0,0.0,0,0.0,0,0.0,37.41293335918667
82,KL008,1,824.0,0,0.0,0,0.0,0,0.0,37.412524645864565
82,KL005,1,825.0,0,0.0,0,0.0,0,0.0,37.41418145118191
82,KL007,1,843.0,0,0.0,0,0.0,0,0.0,37.38730894932318
83,KL002,1,610.0,0,0.0,0,0.0,0,0.0,37.41272329792126
83,KL003,1,611.0,0,0.0,0,0.0,0,0.0,37.4171637968632
83,KL009,1,619.0,0,0.0,0,0.0,0,0.0,37.41716379899361
83,KL006,1,625.0,0,0.0,0,0.0,0,0.0,37.40429386389571
83,KL008,1,1035.0,0,0.0,0,0.0,0,0.0,37.349435363651544
83,KL004,1,1173.0,0,0.0,0,0.0,0,0.0,37.36228378128077
83,KL001,1,1185.0,0,0.0,0,0.0,0,0.0,37.349476730501166
83,KL0010,1,1328.0,0,0.0,0,0.0,0,0.0,37.3294754841024
83,KL007,1,1403.0,0,0.0,0,0.0,0,0.0,37.29770103311415
83,KL005,1,1566.0,0,0.0,0,0.0,0,0.0,37.282215683857565
84,KL002,1,674.0,0,0.0,0,0.0,0,0.0,37.415029101904956
84,KL009,1,795.0,0,0.0,0,0.0,0,0.0,37.41716377194649
84,KL003,1,800.0,0,0.0,0,0.0,0,0.0,37.3670742020943
84,KL006,1,864.0,0,0.0,0,0.0,0,0.0,37.36500718086995
84,KL005,1,900.0,0,0.0,0,0.0,0,0.0,37.417163783048295
84,KL008,1,1400.0,1,23.0,0,0.0,0,0.0,15.541892902648495
84,KL001,1,1501.0,0,0.0,0,0.0,0,0.0,37.28593078992763
84,KL0010,1,1793.0,0,0.0,0,0.0,0,0.0,37.26429403145582
84,KL004,1,1828.0,0,0.0,0,0.0,1,66.0,28.363744149938693
84,KL007,1,1883.0,1,23.0,0,0.0,0,0.0,15.501797039289325
85,KL009,1,639.0,0,0.0,0,0.0,0,0.0,37.4151093093251
85,KL0010,1,696.0,0,0.0,0,0.0,0,0.0,37.416290302642984
85,KL003,1,719.0,0,0.0,0,0.0,0,0.0,37.41669804405577
85,KL008,1,838.0,0,0.0,0,0.0,0,0.0,37.36705816631293
85,KL002,1,842.0,0,0.0,0,0.0,0,0.0,37.41716377940834
85,KL006,1,850.0,0,0.0,0,0.0,0,0.0,37.394057268988675
85,KL004,1,874.0,0,0.0,0,0.0,0,0.0,37.379264319255824
85,KL001,1,1292.0,0,0.0,0,0.0,0,0.0,37.3389007648874
85,KL007,1,1347.0,0,0.0,0,0.0,0,0.0,37.33744142493874
85,KL005,1,1518.0,0,0.0,0,0.0,0,0.0,37.26836131149909
86,KL009,1,766.0,0,0.0,0,0.0,0,0.0,37.41716380463661
86,KL005,1,785.0,0,0.0,0,0.0,0,0.0,37.41197433403789
86,KL007,1,791.0,0,0.0,0,0.0,0,0.0,37.417163809582206
86,KL006,1,808.0,0,0.0,0,0.0,0,0.0,37.41435976831608
86,KL0010,1,829.0,0,0.0,0,0.0,0,0.0,37.41598928835988
86,KL008,1,973.0,0,0.0,0,0.0,0,0.0,37.40951922363493
86,KL004,1,1039.0,0,0.0,0,0.0,0,0.0,37.39241568710821
86,KL002,1,1053.0,0,0.0,0,0.0,0,0.0,37.39436280175905
86,KL003,1,1514.0,0,0.0,0,0.0,0,0.0,37.277242804955755
86,KL001,1,2595.0,0,0.0,0,0.0,0,0.0,37.13051643038968
87,KL001,1,622.0,0,0.0,0,0.0,0,0.0,37.41383439578648
87,KL005,1,691.0,0,0.0,0,0.0,0,0.0,37.417163787210534
87,KL007,1,696.0,0,0.0,0,0.0,0,0.0,37.39041683420544
87,KL0010,1,778.0,0,0.0,0,0.0,0,0.0,37.41716376390257
87,KL003,1,889.0,0,0.0,0,0.0,0,0.0,37.39101529684986
87,KL004,1,994.0,0,0.0,0,0.0,0,0.0,37.408706339658806
87,KL009,1,1088.0,0,0.0,0,0.0,0,0.0,37.37581279725674
87,KL008,1,1114.0,0,0.0,0,0.0,0,0.0,37.3703141410125
87,KL006,1,1370.0,0,0.0,0,0.0,0,0.0,37.32098462462974
87,KL002,1,1417.0,0,0.0,0,0.0,0,0.0,37.30152906034165
88,KL001,1,668.0,0,0.0,0,0.0,0,0.0,37.41211451610335
88,KL006,1,671.0,0,0.0,0,0.0,0,0.0,37.417163771758936
88,KL004,1,681.0,0,0.0,0,0.0,0,0.0,37.41716380924271
88,KL0010,1,696.0,0,0.0,0,0.0,0,0.0,37.41716376720195
88,KL005,1,861.0,0,0.0,0,0.0,0,0.0,37.374651929411144
88,KL008,1,873.0,0,0.0,0,0.0,0,0.0,37.40967242096608
88,KL007,1,900.0,0,0.0,0,0.0,0,0.0,37.40415731361536
88,KL003,1,902.0,0,0.0,0,0.0,0,0.0,37.41170470940457
88,KL009,1,932.0,0,0.0,0,0.0,0,0.0,37.41716378001985
88,KL002,1,1033.0,0,0.0,0,0.0,0,0.0,37.37999249187881
89,KL0010,1,619.0,0,0.0,0,0.0,0,0.0,37.41716378754528
89,KL003,1,665.0,0,0.0,0,0.0,0,0.0,37.41683588984562
89,KL002,1,671.0,0,0.0,0,0.0,0,0.0,37.41348447266125
89,KL005,1,714.0,0,0.0,0,0.0,0,0.0,37.410035580552496
89,KL006,1,783.0,0,0.0,0,0.0,0,0.0,37.417163748154785
89,KL004,1,977.0,0,0.0,0,0.0,0,0.0,37.41716379866956
89,KL001,1,1192.0,0,0.0,0,0.0,0,0.0,37.305621586623246
89,KL007,1,1390.0,0,0.0,0,0.0,0,0.0,37.30037340395359
89,KL008,1,2171.0,0,0.0,0,0.0,0,0.0,37.2187604079467
89,KL009,1,2427.0,0,0.0,0,0.0,0,0.0,37.16234775018122
90,KL009,1,707.0,0,0.0,0,0.0,0,0.0,37.40748917463428
90,KL005,1,825.0,0,0.0,0,0.0,0,0.0,37.40723084185786
90,KL008,1,856.0,0,0.0,0,0.0,0,0.0,37.41716375055416
90,KL001,1,876.0,0,0.0,0,0.0,0,0.0,37.40596387935855
90,KL003,1,962.0,0,0.0,0,0.0,0,0.0,37.35574527648979
90,KL0010,1,972.0,0,0.0,0,0.0,0,0.0,37.399062949061324
90,KL004,1,975.0,0,0.0,0,0.0,0,0.0,37.37131108418873
90,KL002,1,1011.0,0,0.0,0,0.0,0,0.0,37.40999744421291
90,KL006,1,1088.0,0,0.0,0,0.0,0,0.0,37.3738943364285
90,KL007,1,1474.0,0,0.0,0,0.0,0,0.0,37.30246813294634
91,KL006,1,580.0,0,0.0,0,0.0,0,0.0,37.41716377249625
91,KL0010,1,600.0,0,0.0,0,0.0,0,0.0,37.41605160366145
91,KL008,1,616.0,0,0.0,0,0.0,0,0.0,37.417163807271635
91,KL007,1,676.0,0,0.0,0,0.0,0,0.0,37.41716379878221
91,KL004,1,692.0,0,0.0,0,0.0,0,0.0,37.415323379862365
91,KL003,1,695.0,0,0.0,0,0.0,0,0.0,37.41666688552363
91,KL002,1,713.0,0,0.0,0,0.0,0,0.0,37.40786629547928
91,KL009,1,848.0,0,0.0,0,0.0,0,0.0,37.39278879428704
91,KL005,1,1408.0,1,7.0,0,0.0,0,0.0,30.694019507020478
91,KL001,1,1474.0,1,7.0,0,0.0,0,0.0,30.676931450871326
92,KL005,1,870.0,1,19.0,0,0.0,0,0.0,19.410295444531567
92,KL003,1,902.0,0,0.0,0,0.0,0,0.0,37.4075465199025
92,KL009,1,946.0,0,0.0,0,0.0,0,0.0,37.39874062052166
92,KL004,1,996.0,1,19.0,0,0.0,0,0.0,19.439913945516057
92,KL0010,1,1099.0,0,0.0,0,0.0,0,0.0,37.3220641142546
92,KL007,1,1111.0,0,0.0,0,0.0,0,0.0,37.373429011910225
92,KL002,1,1221.0,0,0.0,0,0.0,0,0.0,37.3426425039356
92,KL001,1,1431.0,0,0.0,0,0.0,0,0.0,37.302172287733754
92,KL006,1,1806.0,0,0.0,0,0.0,0,0.0,37.257033341559456
92,KL008,1,2180.0,0,0.0,0,0.0,0,0.0,37.19698415097749
93,KL001,1,737.0,0,0.0,0,0.0,0,0.0,37.412615011437644
93,KL009,1,1007.0,0,0.0,0,0.0,0,0.0,37.383674486327415
93,KL005,1,1040.0,0,0.0,0,0.0,0,0.0,37.38568930217779
93,KL004,1,1092.0,0,0.0,0,0.0,0,0.0,37.37491562423776
93,KL002,1,1160.0,0,0.0,0,0.0,0,0.0,37.32637754826671
93,KL003,1,1225.0,0,0.0,0,0.0,0,0.0,37.320924089944924
93,KL006,1,1478.0,0,0.0,0,0.0,0,0.0,37.29190031021526
93,KL008,1,1528.0,0,0.0,0,0.0,0,0.0,37.32446131890822
93,KL007,1,1730.0,0,0.0,0,0.0,0,0.0,37.26550736448993
93,KL0010,1,1861.0,0,0.0,0,0.0,0,0.0,37.24554763703949
94,KL004,1,864.0,0,0.0,0,0.0,0,0.0,37.40105792224161
94,KL009,1,933.0,0,0.0,0,0.0,0,0.0,37.41391765520441
94,KL003,1,946.0,0,0.0,0,0.0,0,0.0,37.39177893877429
94,KL007,1,958.0,0,0.0,0,0.0,0,0.0,37.41716376173961
94,KL001,1,1007.0,0,0.0,0,0.0,0,0.0,37.396416047776945
94,KL008,1,1067.0,0,0.0,0,0.0,0,0.0,37.39895290199492
94,KL005,1,1074.0,0,0.0,0,0.0,0,0.0,37.37570759319736
94,KL006,1,1083.0,0,0.0,0,0.0,0,0.0,37.363172796402544
94,KL0010,1,1341.0,0,0.0,0,0.0,0,0.0,37.35230298764727
94,KL002,1,1479.0,0,0.0,0,0.0,0,0.0,37.30952044791075
95,KL005,1,635.0,0,0.0,0,0.0,0,0.0,37.417163803387005
95,KL002,1,1310.0,6,236.0,0,0.0,0,0.0,-185.88454956081344
95,KL004,1,1376.0,2,108.0,0,0.0,0,0.0,-64.83231868462934
95,KL008,1,1513.0,2,122.0,0,0.0,0,0.0,-78.05570011201664
95,KL001,1,1633.0,1,38.0,0,0.0,0,0.0,1.3470325736287236
95,KL003,1,1634.0,1,23.0,0,0.0,0,0.0,15.53447798603537
95,KL009,1,2502.0,1,57.0,0,0.0,0,0.0,-16.760121744058573
95,KL007,1,2919.0,1,14.0,0,0.0,0,0.0,23.829218269322194
95,KL006,0,3000.0,0,0.0,0,0.0,0,0.0,-0.3976952550784361
95,KL0010,0,3000.0,0,0.0,0,0.0,0,0.0,-0.48634194868000113
96,KL001,1,701.0,0,0.0,0,0.0,0,0.0,37.3910540410684
96,KL005,1,891.0,0,0.0,0,0.0,0,0.0,37.38132627431627
96,KL009,1,913.0,0,0.0,0,0.0,0,0.0,37.37252899186224
96,KL007,1,989.0,0,0.0,0,0.0,0,0.0,37.341055031884146
96,KL006,1,1170.0,0,0.0,0,0.0,0,0.0,37.359228805287664
96,KL008,1,1328.0,0,0.0,0,0.0,0,0.0,37.33490940927744
96,KL002,1,1620.0,0,0.0,0,0.0,0,0.0,37.2853353835511
96,KL003,1,1888.0,0,0.0,0,0.0,0,0.0,37.25220806803436
96,KL004,1,1939.0,0,0.0,0,0.0,0,0.0,37.228115745355254
96,KL0010,1,2530.0,0,0.0,0,0.0,0,0.0,37.093179701919
97,KL009,1,613.0,0,0.0,0,0.0,0,0.0,37.40665573607857
97,KL008,1,736.0,0,0.0,0,0.0,0,0.0,37.41716375322727
97,KL001,1,742.0,0,0.0,0,0.0,0,0.0,37.396783348415184
97,KL007,1,744.0,0,0.0,0,0.0,0,0.0,37.4116011566276
97,KL003,1,855.0,0,0.0,0,0.0,0,0.0,37.412246236023286
97,KL004,1,1121.0,0,0.0,0,0.0,0,0.0,37.35154198242405
97,KL0010,1,1224.0,0,0.0,0,0.0,0,0.0,37.358508403706196
97,KL002,1,1254.0,0,0.0,0,0.0,0,0.0,37.34680827583092
97,KL006,1,1384.0,0,0.0,0,0.0,0,0.0,37.31573868054515
97,KL005,1,1990.0,0,0.0,0,0.0,0,0.0,37.1913060357017
98,KL009,1,796.0,0,0.0,0,0.0,0,0.0,37.41173162679538
98,KL0010,1,852.0,0,0.0,0,0.0,0,0.0,37.370935643701436
98,KL005,1,1108.0,0,0.0,0,0.0,0,0.0,37.35632231381539
98,KL002,1,1239.0,0,0.0,0,0.0,0,0.0,37.32996599629985
98,KL008,1,1270.0,0,0.0,0,0.0,0,0.0,37.33621924425025
98,KL003,1,1319.0,1,39.0,0,0.0,0,0.0,0.43151069085444504
98,KL004,1,1386.0,0,0.0,0,0.0,0,0.0,37.304698509087615
98,KL006,1,1505.0,0,0.0,0,0.0,0,0.0,37.31405457008696
98,KL007,1,2517.0,1,39.0,0,0.0,0,0.0,0.27709670082521853
98,KL001,0,3000.0,0,0.0,1,9.0,0,0.0,-4.916075229134299
99,KL001,1,595.0,0,0.0,0,0.0,0,0.0,37.41110619793673
99,KL005,1,675.0,0,0.0,0,0.0,0,0.0,37.404215174257004
99,KL002,1,680.0,0,0.0,0,0.0,0,0.0,37.409399212900546
99,KL003,1,695.0,0,0.0,0,0.0,0,0.0,37.407916145213086
99,KL0010,1,740.0,0,0.0,0,0.0,0,0.0,37.41440551788012
99,KL004,1,861.0,0,0.0,0,0.0,0,0.0,37.37391387091911
99,KL008,1,905.0,0,0.0,0,0.0,0,0.0,37.35655458186501
99,KL006,1,921.0,0,0.0,0,0.0,0,0.0,37.3940628677904
99,KL009,1,978.0,0,0.0,0,0.0,0,0.0,37.36721588501423
99,KL007,1,1294.0,0,0.0,0,0.0,0,0.0,37.328968941734225
100,KL007,1,666.0,0,0.0,0,0.0,0,0.0,37.41716378097402
100,KL009,1,724.0,0,0.0,0,0.0,0,0.0,37.41716376417162
100,KL002,1,729.0,0,0.0,0,0.0,0,0.0,37.415390770741
100,KL004,1,796.0,0,0.0,0,0.0,0,0.0,37.39800742857161
100,KL003,1,832.0,0,0.0,0,0.0,0,0.0,37.40112997108281
100,KL001,1,919.0,0,0.0,0,0.0,0,0.0,37.4108784691444
100,KL0010,1,937.0,0,0.0,0,0.0,0,0.0,37.41175676399892
100,KL008,1,943.0,0,0.0,0,0.0,0,0.0,37.38004091623557
100,KL005,1,1179.0,0,0.0,0,0.0,0,0.0,37.351633651904976
100,KL006,1,1257.0,0,0.0,0,0.0,0,0.0,37.302660751533416
101,KL007,1,728.0,0,0.0,0,0.0,0,0.0,37.40197937592645
101,KL002,1,781.0,0,0.0,0,0.0,0,0.0,37.41507655049789
101,KL008,1,828.0,0,0.0,0,0.0,0,0.0,37.4114522457222
101,KL006,1,941.0,0,0.0,0,0.0,0,0.0,37.396858250930066
101,KL003,1,985.0,0,0.0,0,0.0,0,0.0,37.406905316119925
101,KL0010,1,1270.0,0,0.0,0,0.0,0,0.0,37.323682578183444
101,KL004,1,1517.0,0,0.0,0,0.0,0,0.0,37.26196853371171
101,KL005,1,1584.0,0,0.0,0,0.0,0,0.0,37.288677094981246
101,KL009,1,1749.0,0,0.0,0,0.0,0,0.0,37.2599149307262
101,KL001,1,1871.0,0,0.0,0,0.0,0,0.0,37.25009705411177
102,KL001,1,619.0,0,0.0,0,0.0,0,0.0,37.417163784618154
102,KL007,1,632.0,0,0.0,0,0.0,0,0.0,37.408194422662284
102,KL0010,1,725.0,0,0.0,0,0.0,0,0.0,37.417163760453754
102,KL003,1,818.0,0,0.0,0,0.0,0,0.0,37.40588042866246
102,KL005,1,839.0,0,0.0,0,0.0,0,0.0,37.416970588855
102,KL004,1,940.0,0,0.0,0,0.0,0,0.0,37.40912777288803
102,KL008,1,965.0,0,0.0,0,0.0,0,0.0,37.41716375091391
102,KL002,1,985.0,0,0.0,0,0.0,0,0.0,37.36377610033186
102,KL006,1,992.0,0,0.0,0,0.0,0,0.0,37.38657438349639
102,KL009,1,1024.0,0,0.0,0,0.0,0,0.0,37.364962435129385
103,KL0010,1,577.0,0,0.0,0,0.0,0,0.0,37.41716379699783
103,KL005,1,709.0,0,0.0,0,0.0,0,0.0,37.3907225744341
103,KL008,1,721.0,0,0.0,0,0.0,0,0.0,37.417163783129226
103,KL007,1,757.0,0,0.0,0,0.0,0,0.0,37.391745679587196
103,KL009,1,919.0,0,0.0,0,0.0,0,0.0,37.417163740549356
103,KL001,1,942.0,0,0.0,0,0.0,0,0.0,37.37285892272153
103,KL002,1,1055.0,0,0.0,0,0.0,0,0.0,37.3813802743551
103,KL004,1,1184.0,0,0.0,0,0.0,0,0.0,37.34445051754251
103,KL003,1,1808.0,0,0.0,0,0.0,0,0.0,37.21523519627335
103,KL006,0,3000.0,0,0.0,0,0.0,0,0.0,-0.4295256031583184
104,KL004,1,622.0,0,0.0,0,0.0,0,0.0,37.41716380757653
104,KL006,1,655.0,0,0.0,0,0.0,0,0.0,37.398891019690794
104,KL003,1,721.0,0,0.0,0,0.0,0,0.0,37.38654576487368
104,KL009,1,792.0,0,0.0,0,0.0,0,0.0,37.38490516203082
104,KL007,1,858.0,0,0.0,0,0.0,0,0.0,37.41607502600829
104,KL001,1,894.0,0,0.0,0,0.0,0,0.0,37.399214297363024
104,KL0010,1,933.0,0,0.0,0,0.0,0,0.0,37.35644149908908
104,KL005,1,1137.0,0,0.0,0,0.0,0,0.0,37.336861247341716
104,KL002,1,1214.0,0,0.0,0,0.0,0,0.0,37.35993390054458
104,KL008,1,2467.0,0,0.0,0,0.0,0,0.0,37.13841980911963
105,KL006,1,596.0,0,0.0,0,0.0,0,0.0,37.417163805920794
105,KL005,1,625.0,0,0.0,0,0.0,0,0.0,37.41716379846747
105,KL0010,1,642.0,0,0.0,0,0.0,0,0.0,37.41716376575953
105,KL001,1,655.0,0,0.0,0,0.0,0,0.0,37.41716377944921
105,KL003,1,843.0,0,0.0,0,0.0,0,0.0,37.41716374966279
105,KL009,1,996.0,0,0.0,0,0.0,0,0.0,37.391070925530784
105,KL004,1,1107.0,0,0.0,0,0.0,0,0.0,37.34979994588556
105,KL008,1,1158.0,0,0.0,0,0.0,0,0.0,37.34100384083962
105,KL002,1,1412.0,0,0.0,0,0.0,0,0.0,37.31198209483921
105,KL007,1,1441.0,0,0.0,0,0.0,0,0.0,37.32085683846563
106,KL003,1,612.0,0,0.0,0,0.0,0,0.0,37.414897311769195
106,KL001,1,629.0,0,0.0,0,0.0,0,0.0,37.40822277071433
106,KL002,1,671.0,0,0.0,0,0.0,0,0.0,37.40898460509231
106,KL008,1,920.0,0,0.0,0,0.0,0,0.0,37.41528675830329
106,KL004,1,940.0,0,0.0,0,0.0,0,0.0,37.40667493148913
106,KL005,1,1326.0,0,0.0,0,0.0,0,0.0,37.30779251901821
106,KL007,1,1496.0,0,0.0,0,0.0,0,0.0,37.306385312901405
106,KL0010,1,1651.0,0,0.0,0,0.0,0,0.0,37.279730752115775
106,KL009,1,1955.0,0,0.0,0,0.0,0,0.0,37.22925708329484
106,KL006,1,2002.0,0,0.0,0,0.0,0,0.0,37.21286864549454
107,KL008,1,635.0,0,0.0,0,0.0,0,0.0,37.408288248676456
107,KL0010,1,756.0,0,0.0,0,0.0,0,0.0,37.38406204977163
107,KL002,1,790.0,0,0.0,0,0.0,0,0.0,37.39978408362212
107,KL004,1,876.0,0,0.0,0,0.0,0,0.0,37.38013517526704
107,KL003,1,891.0,0,0.0,0,0.0,0,0.0,37.41193394119164
107,KL009,1,1163.0,0,0.0,0,0.0,0,0.0,37.34127522549459
107,KL007,1,1778.0,0,0.0,0,0.0,0,0.0,37.23603594390452
107,KL006,1,2667.0,0,0.0,0,0.0,0,0.0,37.096023104051795
107,KL001,0,3000.0,0,0.0,0,0.0,0,0.0,-0.512215474849603
107,KL005,0,3000.0,0,0.0,0,0.0,0,0.0,-0.3877428780738217
108,KL005,1,719.0,0,0.0,0,0.0,0,0.0,37.412803743382455
108,KL004,1,877.0,0,0.0,0,0.0,0,0.0,37.37971569160312
108,KL007,1,877.0,0,0.0,0,0.0,0,0.0,37.41300679158669
108,KL001,1,953.0,0,0.0,0,0.0,0,0.0,37.38062104191206
108,KL003,1,956.0,0,0.0,0,0.0,0,0.0,37.375772714757325
108,KL006,1,961.0,0,0.0,0,0.0,0,0.0,37.36731176455349
108,KL002,1,1003.0,0,0.0,0,0.0,0,0.0,37.39492662819951
108,KL009,1,1086.0,0,0.0,0,0.0,0,0.0,37.366679608128045
108,KL008,1,2570.0,0,0.0,0,0.0,0,0.0,37.130798400830486
108,KL0010,1,2983.0,0,0.0,0,0.0,0,0.0,37.065066587868245
109,KL005,1,736.0,0,0.0,0,0.0,0,0.0,37.3886286439887
109,KL002,1,762.0,0,0.0,0,0.0,0,0.0,37.40350346263376
109,KL001,1,764.0,0,0.0,0,0.0,0,0.0,37.38952971964085
109,KL009,1,999.0,0,0.0,0,0.0,0,0.0,37.40577249967568
109,KL0010,1,999.0,0,0.0,0,0.0,0,0.0,37.37074129616689
109,KL008,1,1125.0,0,0.0,0,0.0,0,0.0,37.330531025614036
109,KL007,1,1155.0,0,0.0,0,0.0,0,0.0,37.346003814462435
109,KL006,1,1291.0,0,0.0,0,0.0,0,0.0,37.31953233059104
109,KL004,1,1563.0,0,0.0,0,0.0,0,0.0,37.27463181087679
109,KL003,1,1643.0,0,0.0,0,0.0,0,0.0,37.271910814053456
110,KL008,1,834.0,0,0.0,0,0.0,0,0.0,37.38131532520909
110,KL009,1,957.0,0,0.0,0,0.0,0,0.0,37.41716374415602
110,KL003,1,963.0,0,0.0,0,0.0,0,0.0,37.34222573847502
110,KL007,1,1147.0,0,0.0,0,0.0,0,0.0,37.35279489771432
110,KL002,1,1173.0,0,0.0,0,0.0,0,0.0,37.34741210183368
110,KL001,1,1325.0,0,0.0,0,0.0,0,0.0,37.32950365390096
110,KL0010,1,1342.0,0,0.0,0,0.0,0,0.0,37.31877402225966
110,KL006,1,1924.0,0,0.0,0,0.0,0,0.0,37.24811572860592
110,KL005,1,2022.0,0,0.0,0,0.0,0,0.0,37.23029648058663
110,KL004,1,2095.0,0,0.0,0,0.0,0,0.0,37.201959976239664
111,KL008,1,643.0,0,0.0,0,0.0,0,0.0,37.417163807315745
111,KL001,1,668.0,0,0.0,0,0.0,0,0.0,37.40564908208369
111,KL0010,1,786.0,0,0.0,0,0.0,0,0.0,37.41716377966317
111,KL005,1,880.0,0,0.0,0,0.0,0,0.0,37.39802367438826
111,KL009,1,998.0,0,0.0,0,0.0,0,0.0,37.40473320270554
111,KL006,1,1013.0,0,0.0,0,0.0,0,0.0,37.37381117893005
111,KL004,1,1014.0,0,0.0,0,0.0,0,0.0,37.39980737404197
111,KL002,1,1019.0,0,0.0,0,0.0,0,0.0,37.37849618311657
111,KL007,1,1020.0,0,0.0,0,0.0,0,0.0,37.389142089758316
111,KL003,1,1058.0,0,0.0,0,0.0,0,0.0,37.34304710021565
112,KL006,1,605.0,0,0.0,0,0.0,0,0.0,37.416227602388524
112,KL008,1,606.0,0,0.0,0,0.0,0,0.0,37.41716380120942
112,KL007,1,621.0,0,0.0,0,0.0,0,0.0,37.41716380369754
112,KL0010,1,655.0,0,0.0,0,0.0,0,0.0,37.41716379580505
112,KL009,1,667.0,0,0.0,0,0.0,0,0.0,37.41716378658742
112,KL005,1,686.0,0,0.0,0,0.0,0,0.0,37.40570858781232
112,KL001,1,743.0,0,0.0,0,0.0,0,0.0,37.41648136921026
112,KL004,1,822.0,0,0.0,0,0.0,0,0.0,37.40055730603953
112,KL003,1,859.0,0,0.0,0,0.0,0,0.0,37.40468099636723
112,KL002,1,933.0,0,0.0,0,0.0,0,0.0,37.38979404962533
113,KL009,1,678.0,0,0.0,0,0.0,0,0.0,37.41547226748798
113,KL003,1,701.0,0,0.0,0,0.0,0,0.0,37.39436738288069
113,KL005,1,765.0,0,0.0,0,0.0,0,0.0,37.39089528290588
113,KL0010,1,830.0,0,0.0,0,0.0,0,0.0,37.417163765748946
113,KL007,1,930.0,0,0.0,0,0.0,0,0.0,37.39908757642632
113,KL008,1,987.0,0,0.0,0,0.0,0,0.0,37.39897531530222
113,KL004,1,1002.0,0,0.0,0,0.0,0,0.0,37.40007296766345
113,KL001,1,1147.0,0,0.0,0,0.0,0,0.0,37.36651467188064
113,KL006,1,1463.0,0,0.0,0,0.0,0,0.0,37.313308855856924
113,KL002,1,1594.0,0,0.0,0,0.0,0,0.0,37.28178562078624
114,KL001,1,655.0,0,0.0,0,0.0,0,0.0,37.41356567655467
114,KL0010,1,773.0,0,0.0,0,0.0,0,0.0,37.40201565387668
114,KL006,1,799.0,0,0.0,0,0.0,0,0.0,37.38025791605219
114,KL009,1,812.0,0,0.0,0,0.0,0,0.0,37.410169006289316
114,KL004,1,827.0,0,0.0,0,0.0,0,0.0,37.38064646034405
114,KL008,1,827.0,0,0.0,0,0.0,0,0.0,37.412644814373664
114,KL002,1,984.0,0,0.0,0,0.0,0,0.0,37.39433503798098
114,KL007,1,1015.0,0,0.0,0,0.0,0,0.0,37.37316017395591
114,KL005,1,1066.0,0,0.0,0,0.0,0,0.0,37.33994627980311
114,KL003,1,1476.0,0,0.0,0,0.0,0,0.0,37.30595499125407
115,KL007,1,636.0,0,0.0,0,0.0,0,0.0,37.41716380912655
115,KL002,1,673.0,0,0.0,0,0.0,0,0.0,37.4171637891977
115,KL001,1,746.0,0,0.0,0,0.0,0,0.0,37.41716378228892
115,KL0010,1,771.0,0,0.0,0,0.0,0,0.0,37.41277361320603
115,KL009,1,921.0,0,0.0,0,0.0,0,0.0,37.41338224501102
115,KL008,1,968.0,0,0.0,0,0.0,0,0.0,37.4170373669642
115,KL003,1,1277.0,0,0.0,0,0.0,0,0.0,37.32352003046152
115,KL005,1,1294.0,0,0.0,0,0.0,0,0.0,37.3353024644552
115,KL006,1,1430.0,0,0.0,0,0.0,0,0.0,37.33436154493036
115,KL004,1,2372.0,0,0.0,0,0.0,0,0.0,37.14359619172442
116,KL002,1,670.0,0,0.0,0,0.0,0,0.0,37.410302506512075
116,KL008,1,718.0,0,0.0,0,0.0,0,0.0,37.417163779897635
116,KL004,1,744.0,0,0.0,0,0.0,0,0.0,37.385228254072985
116,KL003,1,869.0,0,0.0,0,0.0,0,0.0,37.393105482588886
116,KL006,1,908.0,0,0.0,0,0.0,0,0.0,37.40882403032993
116,KL005,1,912.0,0,0.0,0,0.0,0,0.0,37.40338006790943
116,KL007,1,945.0,0,0.0,0,0.0,0,0.0,37.40431397809889
116,KL009,1,976.0,0,0.0,0,0.0,0,0.0,37.38076363945468
116,KL0010,1,1126.0,0,0.0,0,0.0,0,0.0,37.352525226025314
116,KL001,1,1155.0,0,0.0,0,0.0,0,0.0,37.35573382966152
117,KL008,1,620.0,0,0.0,0,0.0,0,0.0,37.41716380957081
117,KL003,1,745.0,0,0.0,0,0.0,0,0.0,37.380306536922454
117,KL009,1,972.0,0,0.0,0,0.0,0,0.0,37.41716379815266
117,KL001,1,985.0,0,0.0,0,0.0,0,0.0,37.4085944315636
117,KL0010,1,1084.0,0,0.0,0,0.0,0,0.0,37.34366012390435
117,KL007,1,1155.0,0,0.0,0,0.0,0,0.0,37.3515649164405
117,KL002,1,1156.0,0,0.0,0,0.0,0,0.0,37.35028116106042
117,KL005,1,1236.0,0,0.0,0,0.0,0,0.0,37.344029143611046
117,KL006,1,1596.0,0,0.0,0,0.0,0,0.0,37.28047138161816
117,KL004,1,1680.0,0,0.0,0,0.0,0,0.0,37.262900067095714
118,KL009,1,688.0,0,0.0,0,0.0,0,0.0,37.41589105139809
118,KL008,1,828.0,0,0.0,0,0.0,0,0.0,37.4036054117817
118,KL003,1,882.0,0,0.0,0,0.0,0,0.0,37.36536507948551
118,KL0010,1,927.0,0,0.0,0,0.0,0,0.0,37.370667018940665
118,KL005,1,940.0,0,0.0,0,0.0,0,0.0,37.402161119911334
118,KL001,1,1003.0,0,0.0,0,0.0,0,0.0,37.36435479837458
118,KL007,1,1030.0,0,0.0,0,0.0,0,0.0,37.3688247968945
118,KL004,1,1090.0,0,0.0,0,0.0,0,0.0,37.336214857156016
118,KL006,1,1211.0,0,0.0,0,0.0,0,0.0,37.35279468413808
118,KL002,1,1523.0,0,0.0,0,0.0,0,0.0,37.29608607552176
119,KL004,1,709.0,0,0.0,0,0.0,0,0.0,37.411911261733614
119,KL009,1,724.0,0,0.0,0,0.0,0,0.0,37.41194273582548
119,KL003,1,753.0,0,0.0,0,0.0,0,0.0,37.41716380818386
119,KL007,1,801.0,0,0.0,0,0.0,0,0.0,37.4007250936008
119,KL001,1,876.0,0,0.0,0,0.0,0,0.0,37.4151217159543
119,KL008,1,924.0,0,0.0,0,0.0,0,0.0,37.36400022756823
119,KL006,1,990.0,0,0.0,0,0.0,0,0.0,37.41538967941193
119,KL002,1,1006.0,0,0.0,0,0.0,0,0.0,37.40442716012789
119,KL005,1,1204.0,0,0.0,0,0.0,0,0.0,37.309501056641615
119,KL0010,1,1245.0,0,0.0,0,0.0,0,0.0,37.34792157132385
120,KL007,1,616.0,0,0.0,0,0.0,0,0.0,37.41716377957876
120,KL008,1,622.0,0,0.0,0,0.0,0,0.0,37.41716380192909
120,KL005,1,629.0,0,0.0,0,0.0,0,0.0,37.41226864245777
120,KL009,1,710.0,0,0.0,0,0.0,0,0.0,37.397838670087104
120,KL006,1,795.0,0,0.0,0,0.0,0,0.0,37.38328501911236
120,KL004,1,903.0,0,0.0,0,0.0,0,0.0,37.41221244885033
120,KL002,1,927.0,0,0.0,0,0.0,0,0.0,37.36890938359362
120,KL001,1,951.0,0,0.0,0,0.0,0,0.0,37.36201105645155
120,KL003,1,1182.0,0,0.0,0,0.0,0,0.0,37.3176272577282
120,KL0010,1,2118.0,0,0.0,0,0.0,0,0.0,37.2042242245183
121,KL005,1,674.0,0,0.0,0,0.0,0,0.0,37.399399221657355
121,KL009,1,714.0,0,0.0,0,0.0,0,0.0,37.417163755165355
121,KL001,1,729.0,0,0.0,0,0.0,0,0.0,37.395543770034685
121,KL003,1,750.0,0,0.0,0,0.0,0,0.0,37.404868455947096
121,KL007,1,762.0,0,0.0,0,0.0,0,0.0,37.40048806490344
121,KL008,1,1279.0,0,0.0,0,0.0,0,0.0,37.30586799883168
121,KL0010,1,1330.0,0,0.0,0,0.0,0,0.0,37.3640829557125
121,KL004,1,1422.0,0,0.0,0,0.0,0,0.0,37.27367027580661
121,KL006,1,1461.0,0,0.0,0,0.0,0,0.0,37.25872093254079
121,KL002,1,1842.0,0,0.0,0,0.0,0,0.0,37.24220709620082
122,KL001,1,632.0,0,0.0,0,0.0,0,0.0,37.40900908043624
122,KL005,1,635.0,0,0.0,0,0.0,0,0.0,37.412337560052656
122,KL009,1,691.0,0,0.0,0,0.0,0,0.0,37.417163808897435
122,KL002,1,904.0,0,0.0,0,0.0,0,0.0,37.35276921575862
122,KL008,1,977.0,0,0.0,0,0.0,0,0.0,37.41071009757192
122,KL003,1,1057.0,0,0.0,0,0.0,0,0.0,37.37803490067832
122,KL004,1,1200.0,0,0.0,0,0.0,0,0.0,37.32664689778523
122,KL0010,1,1211.0,0,0.0,0,0.0,0,0.0,37.34799000351953
122,KL006,1,1321.0,0,0.0,0,0.0,0,0.0,37.332672781023014
122,KL007,1,1693.0,0,0.0,0,0.0,0,0.0,37.293177032425326
123,KL003,1,604.0,0,0.0,0,0.0,0,0.0,37.41344084719095
123,KL006,1,646.0,0,0.0,0,0.0,0,0.0,37.41093571064453
123,KL0010,1,668.0,0,0.0,0,0.0,0,0.0,37.41716379255211
123,KL007,1,712.0,0,0.0,0,0.0,0,0.0,37.41142941211759
123,KL005,1,756.0,0,0.0,0,0.0,0,0.0,37.41375847669668
123,KL008,1,834.0,0,0.0,0,0.0,0,0.0,37.4171637419621
123,KL009,1,847.0,0,0.0,0,0.0,0,0.0,37.41697724655918
123,KL002,1,1370.0,0,0.0,0,0.0,0,0.0,37.3289296740378
123,KL001,1,1462.0,0,0.0,0,0.0,0,0.0,37.29110638541465
123,KL004,1,1991.0,0,0.0,0,0.0,0,0.0,37.209401177860876
124,KL006,1,734.0,0,0.0,0,0.0,0,0.0,37.40752131602938
124,KL007,1,768.0,0,0.0,0,0.0,0,0.0,37.415309425284654
124,KL001,1,772.0,0,0.0,0,0.0,0,0.0,37.414195094258446
124,KL009,1,874.0,0,0.0,0,0.0,0,0.0,37.417163781537624
124,KL004,1,969.0,0,0.0,0,0.0,0,0.0,37.40614787359333
124,KL0010,1,1004.0,0,0.0,0,0.0,0,0.0,37.38248598710628
124,KL005,1,1122.0,0,0.0,0,0.0,0,0.0,37.36155385641341
124,KL003,1,1158.0,0,0.0,0,0.0,0,0.0,37.37529981910823
124,KL008,1,1483.0,0,0.0,0,0.0,0,0.0,37.30220620896717
124,KL002,1,1693.0,0,0.0,0,0.0,0,0.0,37.25885866427664
125,KL0010,1,568.0,0,0.0,0,0.0,0,0.0,37.4171638038992
125,KL007,1,607.0,0,0.0,0,0.0,0,0.0,37.417163804719586
125,KL003,1,630.0,0,0.0,0,0.0,0,0.0,37.406846844747264
125,KL009,1,652.0,0,0.0,0,0.0,0,0.0,37.41716377999463
125,KL008,1,664.0,0,0.0,0,0.0,0,0.0,37.407552225087855
125,KL004,1,828.0,0,0.0,0,0.0,0,0.0,37.392062081456466
125,KL006,1,875.0,0,0.0,0,0.0,0,0.0,37.40504169844797
125,KL005,1,880.0,0,0.0,0,0.0,0,0.0,37.37898280666722
125,KL002,1,911.0,0,0.0,0,0.0,0,0.0,37.40299499050162
125,KL001,1,1699.0,0,0.0,0,0.0,0,0.0,37.26548551907734
126,KL0010,1,619.0,0,0.0,0,0.0,0,0.0,37.41687384756458
126,KL008,1,664.0,0,0.0,0,0.0,0,0.0,37.417163799758704
126,KL006,1,764.0,0,0.0,0,0.0,0,0.0,37.403433536342575
126,KL007,1,1083.0,0,0.0,0,0.0,0,0.0,37.385411590816354
126,KL004,1,1372.0,0,0.0,0,0.0,0,0.0,37.329648343530486
126,KL002,1,1679.0,0,0.0,0,0.0,0,0.0,37.29335865461645
126,KL009,1,2122.0,0,0.0,0,0.0,0,0.0,37.1875886652855
126,KL001,1,2192.0,0,0.0,0,0.0,0,0.0,37.150778799421715
126,KL005,1,2275.0,0,0.0,0,0.0,0,0.0,37.17904820918017
126,KL003,0,3000.0,0,0.0,0,0.0,0,0.0,-0.41102061639308224
127,KL008,1,679.0,0,0.0,0,0.0,0,0.0,37.41716378554383
127,KL002,1,729.0,0,0.0,0,0.0,0,0.0,37.40738858055172
127,KL006,1,778.0,0,0.0,0,0.0,0,0.0,37.41716377175327
127,KL009,1,790.0,0,0.0,0,0.0,0,0.0,37.40453729635537
127,KL0010,1,828.0,0,0.0,0,0.0,0,0.0,37.403836184024584
127,KL007,1,845.0,0,0.0,0,0.0,0,0.0,37.41660831628062
127,KL003,1,930.0,0,0.0,0,0.0,0,0.0,37.388256171933435
127,KL005,1,1015.0,0,0.0,0,0.0,0,0.0,37.40885048284231
127,KL004,1,1074.0,0,0.0,0,0.0,0,0.0,37.37787770937662
127,KL001,1,2153.0,0,0.0,0,0.0,0,0.0,37.196420020635145
128,KL004,1,661.0,0,0.0,0,0.0,0,0.0,37.41716380787064
128,KL009,1,676.0,0,0.0,0,0.0,0,0.0,37.41716380430507
128,KL008,1,711.0,0,0.0,0,0.0,0,0.0,37.417163799763465
128,KL005,1,775.0,0,0.0,0,0.0,0,0.0,37.41716378953043
128,KL001,1,821.0,0,0.0,0,0.0,0,0.0,37.4171637898478
128,KL002,1,884.0,0,0.0,0,0.0,0,0.0,37.41529985550626
128,KL007,1,910.0,0,0.0,0,0.0,0,0.0,37.41716380955301
128,KL006,1,1035.0,0,0.0,0,0.0,0,0.0,37.37846638311412
128,KL003,1,1048.0,0,0.0,0,0.0,0,0.0,37.386456927300095
128,KL0010,1,1842.0,0,0.0,0,0.0,0,0.0,37.26229410725924
129,KL002,1,596.0,0,0.0,0,0.0,0,0.0,37.41716378774373
129,KL007,1,701.0,0,0.0,0,0.0,0,0.0,37.3887876972194
129,KL008,1,723.0,0,0.0,0,0.0,0,0.0,37.39245765510084
129,KL001,1,771.0,0,0.0,0,0.0,0,0.0,37.378313683119295
129,KL005,1,834.0,0,0.0,0,0.0,0,0.0,37.41716379540704
129,KL006,1,838.0,0,0.0,0,0.0,0,0.0,37.359470469039465
129,KL004,1,1002.0,0,0.0,0,0.0,0,0.0,37.34489358858936
129,KL009,1,1036.0,0,0.0,0,0.0,0,0.0,37.35601607738285
129,KL0010,1,1418.0,0,0.0,0,0.0,0,0.0,37.33658661385365
129,KL003,1,1437.0,0,0.0,0,0.0,0,0.0,37.31701654361425
130,KL007,1,809.0,0,0.0,0,0.0,0,0.0,37.41677310810904
130,KL008,1,825.0,0,0.0,0,0.0,0,0.0,37.37304324695113
130,KL003,1,865.0,0,0.0,0,0.0,0,0.0,37.3798872896663
130,KL009,1,1300.0,0,0.0,0,0.0,0,0.0,37.31469340434894
130,KL001,1,1313.0,0,0.0,0,0.0,0,0.0,37.32679847628764
130,KL005,1,1390.0,0,0.0,0,0.0,0,0.0,37.31636142350045
130,KL002,1,1393.0,0,0.0,0,0.0,0,0.0,37.30323109232512
130,KL0010,1,1418.0,0,0.0,0,0.0,0,0.0,37.32818507214012
130,KL004,1,1633.0,0,0.0,0,0.0,0,0.0,37.270637307109844
130,KL006,1,1671.0,0,0.0,0,0.0,0,0.0,37.268067916750496
131,KL002,1,683.0,0,0.0,0,0.0,0,0.0,37.406360078480056
131,KL009,1,762.0,0,0.0,0,0.0,0,0.0,37.41515368228651
131,KL0010,1,795.0,0,0.0,0,0.0,0,0.0,37.36506850630635
131,KL006,1,941.0,0,0.0,0,0.0,0,0.0,37.39774380578759
131,KL004,1,943.0,0,0.0,0,0.0,0,0.0,37.38069158516908
131,KL008,1,1007.0,0,0.0,0,0.0,0,0.0,37.36713477003743
131,KL001,1,1044.0,0,0.0,0,0.0,0,0.0,37.380895882770304
131,KL007,1,1329.0,0,0.0,0,0.0,0,0.0,37.322247356144906
131,KL005,1,1428.0,0,0.0,0,0.0,0,0.0,37.31209032497423
131,KL003,1,1714.0,0,0.0,0,0.0,0,0.0,37.26593471127809
132,KL006,1,662.0,0,0.0,0,0.0,0,0.0,37.416880342544516
132,KL005,1,700.0,0,0.0,0,0.0,0,0.0,37.39393501493595
132,KL001,1,709.0,0,0.0,0,0.0,0,0.0,37.40079267725993
132,KL003,1,864.0,0,0.0,0,0.0,0,0.0,37.38364343441535
132,KL009,1,929.0,0,0.0,0,0.0,0,0.0,37.390764794919384
132,KL002,1,997.0,0,0.0,0,0.0,0,0.0,37.41347462439882
132,KL007,1,1048.0,0,0.0,0,0.0,0,0.0,37.37211029474045
132,KL0010,1,1208.0,0,0.0,0,0.0,0,0.0,37.3034317543172
132,KL004,1,1564.0,0,0.0,0,0.0,0,0.0,37.27218178573105
132,KL008,1,1766.0,0,0.0,0,0.0,0,0.0,37.265147439882064
133,KL004,1,669.0,0,0.0,0,0.0,0,0.0,37.417163779997054
133,KL003,1,712.0,0,0.0,0,0.0,0,0.0,37.40394721247826
133,KL009,1,712.0,0,0.0,0,0.0,0,0.0,37.41716375559947
133,KL005,1,807.0,0,0.0,0,0.0,0,0.0,37.41414527398101
133,KL006,1,821.0,0,0.0,0,0.0,0,0.0,37.39791988366576
133,KL0010,1,858.0,0,0.0,0,0.0,0,0.0,37.38944245313663
133,KL008,1,924.0,0,0.0,0,0.0,0,0.0,37.38522506128641
133,KL002,1,1483.0,0,0.0,0,0.0,0,0.0,37.28569383801307
133,KL001,1,2234.0,0,0.0,0,0.0,0,0.0,37.16297184239516
133,KL007,1,2801.0,0,0.0,0,0.0,0,0.0,37.07780074410104
134,KL006,1,593.0,0,0.0,0,0.0,0,0.0,37.41716380285749
134,KL007,1,602.0,0,0.0,0,0.0,0,0.0,37.4171638039562
134,KL0010,1,639.0,0,0.0,0,0.0,0,0.0,37.41716380953529
134,KL001,1,710.0,0,0.0,0,0.0,0,0.0,37.4164765957412
134,KL009,1,751.0,0,0.0,0,0.0,0,0.0,37.41716379845028
134,KL008,1,817.0,0,0.0,0,0.0,0,0.0,37.417163769299435
134,KL004,1,856.0,0,0.0,0,0.0,0,0.0,37.406687606812
134,KL005,1,867.0,0,0.0,0,0.0,0,0.0,37.4171637666678
134,KL003,1,992.0,0,0.0,0,0.0,0,0.0,37.36257653766233
134,KL002,1,1113.0,0,0.0,0,0.0,0,0.0,37.3725560503889
135,KL009,1,598.0,0,0.0,0,0.0,0,0.0,37.41716380357087
135,KL007,1,662.0,0,0.0,0,0.0,0,0.0,37.4117792103103
135,KL004,1,693.0,0,0.0,0,0.0,0,0.0,37.41716375745408
135,KL0010,1,704.0,0,0.0,0,0.0,0,0.0,37.41716380625833
135,KL006,1,722.0,0,0.0,0,0.0,0,0.0,37.40604589919186
135,KL008,1,801.0,0,0.0,0,0.0,0,0.0,37.417163775550726
135,KL005,1,861.0,0,0.0,0,0.0,0,0.0,37.386736821705306
135,KL002,1,954.0,0,0.0,0,0.0,0,0.0,37.374957042823
135,KL001,1,1041.0,0,0.0,0,0.0,0,0.0,37.363734355426566
135,KL003,1,1066.0,0,0.0,0,0.0,0,0.0,37.381236103576576
136,KL009,1,641.0,0,0.0,0,0.0,0,0.0,37.4113288874044
136,KL007,1,706.0,0,0.0,0,0.0,0,0.0,37.40018404783436
136,KL004,1,854.0,0,0.0,0,0.0,0,0.0,37.38603252770186
136,KL008,1,880.0,0,0.0,0,0.0,0,0.0,37.41716373621374
136,KL002,1,986.0,0,0.0,0,0.0,0,0.0,37.34904816232848
136,KL001,1,1041.0,0,0.0,0,0.0,0,0.0,37.35679607527707
136,KL005,1,1056.0,0,0.0,0,0.0,0,0.0,37.35191407751414
136,KL0010,1,1399.0,0,0.0,0,0.0,0,0.0,37.31095489837863
136,KL006,1,1401.0,0,0.0,0,0.0,0,0.0,37.31623867367211
136,KL003,1,1891.0,0,0.0,0,0.0,0,0.0,37.222739079028294
137,KL0010,1,699.0,0,0.0,0,0.0,0,0.0,37.417163800725135
137,KL005,1,716.0,0,0.0,0,0.0,0,0.0,37.381612313970535
137,KL009,1,791.0,0,0.0,0,0.0,0,0.0,37.41716379458696
137,KL001,1,798.0,0,0.0,0,0.0,0,0.0,37.417163796822855
137,KL007,1,821.0,0,0.0,0,0.0,0,0.0,37.39711497660094
137,KL003,1,1003.0,0,0.0,0,0.0,0,0.0,37.38613541142768
137,KL004,1,1134.0,0,0.0,0,0.0,0,0.0,37.36183781770408
137,KL008,1,1248.0,0,0.0,0,0.0,0,0.0,37.34197074098887
137,KL002,1,1805.0,0,0.0,0,0.0,0,0.0,37.23185942581171
137,KL006,1,2110.0,0,0.0,0,0.0,0,0.0,37.20288101988763
138,KL004,1,605.0,0,0.0,0,0.0,0,0.0,37.41490682813759
138,KL003,1,615.0,0,0.0,0,0.0,0,0.0,37.41716380688269
138,KL0010,1,619.0,0,0.0,0,0.0,0,0.0,37.417163784540875
138,KL009,1,669.0,0,0.0,0,0.0,0,0.0,37.40977555488878
138,KL006,1,877.0,0,0.0,0,0.0,0,0.0,37.37346144548981
138,KL002,1,1016.0,0,0.0,0,0.0,0,0.0,37.35500494375737
138,KL008,1,1125.0,0,0.0,0,0.0,0,0.0,37.3209921723275
138,KL007,1,1164.0,0,0.0,0,0.0,0,0.0,37.350809131416725
138,KL001,1,1293.0,0,0.0,0,0.0,0,0.0,37.34230598179658
138,KL005,1,1295.0,0,0.0,0,0.0,0,0.0,37.34423637262215
139,KL006,1,603.0,0,0.0,0,0.0,0,0.0,37.41716380324802
139,KL001,1,605.0,0,0.0,0,0.0,0,0.0,37.405307722852605
139,KL0010,1,759.0,0,0.0,0,0.0,0,0.0,37.410353437572894
139,KL008,1,956.0,0,0.0,0,0.0,0,0.0,37.41645546390443
139,KL004,1,1155.0,0,0.0,0,0.0,0,0.0,37.33901511716327
139,KL007,1,1252.0,0,0.0,0,0.0,0,0.0,37.29054946070639
139,KL003,1,1599.0,0,0.0,0,0.0,0,0.0,37.27344272416782
139,KL009,1,1665.0,0,0.0,0,0.0,0,0.0,37.24339370370059
139,KL005,1,1911.0,0,0.0,0,0.0,0,0.0,37.250436587204874
139,KL002,1,2045.0,0,0.0,0,0.0,0,0.0,37.22068852167788
140,KL0010,1,595.0,0,0.0,0,0.0,0,0.0,37.41716378699984
140,KL001,1,638.0,0,0.0,0,0.0,0,0.0,37.41716376485392
140,KL005,1,653.0,0,0.0,0,0.0,0,0.0,37.41716377630332
140,KL008,1,666.0,0,0.0,0,0.0,0,0.0,37.41131559142463
140,KL007,1,703.0,0,0.0,0,0.0,0,0.0,37.41716376693403
140,KL004,1,891.0,0,0.0,0,0.0,0,0.0,37.3523150764918
140,KL003,1,1202.0,0,0.0,0,0.0,0,0.0,37.354731770427435
140,KL006,1,1206.0,0,0.0,0,0.0,0,0.0,37.35947204076033
140,KL009,1,1213.0,0,0.0,0,0.0,0,0.0,37.346493874737966
140,KL002,1,1353.0,0,0.0,0,0.0,0,0.0,37.33166865357846
141,KL001,1,675.0,0,0.0,0,0.0,0,0.0,37.41478830119275
141,KL005,1,938.0,0,0.0,0,0.0,0,0.0,37.38437488205161
141,KL006,1,1016.0,0,0.0,0,0.0,0,0.0,37.39446340017482
141,KL003,1,1156.0,0,0.0,0,0.0,0,0.0,37.36326646583626
141,KL007,1,1328.0,0,0.0,0,0.0,0,0.0,37.32353529319418
141,KL009,1,1431.0,0,0.0,0,0.0,0,0.0,37.31479679645209
141,KL004,1,1444.0,0,0.0,0,0.0,0,0.0,37.31885959444759
141,KL0010,1,1453.0,0,0.0,0,0.0,0,0.0,37.319656326938116
141,KL002,1,1550.0,0,0.0,0,0.0,0,0.0,37.26867517492848
141,KL008,1,1668.0,0,0.0,0,0.0,0,0.0,37.285938095716986
142,KL004,1,642.0,0,0.0,0,0.0,0,0.0,37.40668981734424
142,KL002,1,679.0,0,0.0,0,0.0,0,0.0,37.41686938858711
142,KL003,1,730.0,0,0.0,0,0.0,0,0.0,37.41180240594938
142,KL005,1,841.0,0,0.0,0,0.0,0,0.0,37.37188359556128
142,KL009,1,987.0,0,0.0,0,0.0,0,0.0,37.39941522635715
142,KL006,1,994.0,0,0.0,0,0.0,0,0.0,37.38000142468564
142,KL008,1,1040.0,0,0.0,0,0.0,0,0.0,37.37360499405936
142,KL001,1,1109.0,0,0.0,0,0.0,0,0.0,37.335384403714585
142,KL007,1,1457.0,0,0.0,0,0.0,0,0.0,37.309122795444466
142,KL0010,1,1497.0,0,0.0,0,0.0,0,0.0,37.30698843062516
143,KL004,1,705.0,0,0.0,0,0.0,0,0.0,37.417163756538336
143,KL007,1,721.0,0,0.0,0,0.0,0,0.0,37.41716380946803
143,KL009,1,735.0,0,0.0,0,0.0,0,0.0,37.41716380950441
143,KL003,1,737.0,0,0.0,0,0.0,0,0.0,37.41104470693229
143,KL001,1,749.0,0,0.0,0,0.0,0,0.0,37.41337812357134
143,KL008,1,758.0,0,0.0,0,0.0,0,0.0,37.40196244001873
143,KL002,1,989.0,0,0.0,0,0.0,0,0.0,37.40997669863206
143,KL006,1,1074.0,0,0.0,0,0.0,0,0.0,37.3751581681881
143,KL005,1,1079.0,0,0.0,0,0.0,0,0.0,37.34092072714787
143,KL0010,1,1137.0,0,0.0,0,0.0,0,0.0,37.36462465988462
144,KL007,1,581.0,0,0.0,0,0.0,0,0.0,37.417163791130704
144,KL001,1,702.0,0,0.0,0,0.0,0,0.0,37.41366968196143
144,KL002,1,710.0,0,0.0,0,0.0,0,0.0,37.39547195214779
144,KL004,1,734.0,0,0.0,0,0.0,0,0.0,37.381487513229686
144,KL006,1,740.0,0,0.0,0,0.0,0,0.0,37.41554484623807
144,KL005,1,909.0,0,0.0,0,0.0,0,0.0,37.41660287159365
144,KL009,1,1089.0,0,0.0,0,0.0,0,0.0,37.36562999063838
144,KL0010,1,1245.0,0,0.0,0,0.0,0,0.0,37.31605474962682
144,KL003,1,1257.0,0,0.0,0,0.0,0,0.0,37.304850745724984
144,KL008,1,1724.0,0,0.0,0,0.0,0,0.0,37.26328043055783
145,KL006,1,608.0,0,0.0,0,0.0,0,0.0,37.40120730491557
145,KL007,1,668.0,0,0.0,0,0.0,0,0.0,37.384421582937726
145,KL001,1,711.0,0,0.0,0,0.0,0,0.0,37.39322545320369
145,KL003,1,838.0,0,0.0,0,0.0,0,0.0,37.391678642838635
145,KL005,1,924.0,0,0.0,0,0.0,0,0.0,37.36430064201314
145,KL008,1,949.0,0,0.0,0,0.0,0,0.0,37.40106155104247
145,KL004,1,994.0,0,0.0,0,0.0,0,0.0,37.40101053520915
145,KL009,1,1159.0,0,0.0,0,0.0,0,0.0,37.351264534973105
145,KL002,1,1736.0,0,0.0,0,0.0,0,0.0,37.2786076635728
145,KL0010,1,2406.0,0,0.0,0,0.0,0,0.0,37.156452542074
146,KL007,1,637.0,0,0.0,0,0.0,0,0.0,37.417163782160685
146,KL006,1,660.0,0,0.0,0,0.0,0,0.0,37.41716379348294
146,KL008,1,719.0,0,0.0,0,0.0,0,0.0,37.41716375263168
146,KL003,1,935.0,0,0.0,0,0.0,0,0.0,37.371197931420184
146,KL001,1,955.0,0,0.0,0,0.0,0,0.0,37.3793772693767
146,KL005,1,1007.0,0,0.0,0,0.0,0,0.0,37.38320537442519
146,KL004,1,1053.0,0,0.0,0,0.0,0,0.0,37.3558479721286
146,KL009,1,1180.0,0,0.0,0,0.0,0,0.0,37.354107371130254
146,KL002,1,1194.0,0,0.0,0,0.0,0,0.0,37.37119220073105
146,KL0010,1,1340.0,0,0.0,0,0.0,0,0.0,37.348280825948414
147,KL0010,1,591.0,0,0.0,0,0.0,0,0.0,37.41268063668041
147,KL005,1,603.0,0,0.0,0,0.0,0,0.0,37.417163807737246
147,KL009,1,656.0,0,0.0,0,0.0,0,0.0,37.41716379494296
147,KL001,1,742.0,0,0.0,0,0.0,0,0.0,37.41716379348968
147,KL006,1,891.0,0,0.0,0,0.0,0,0.0,37.40403405959911
147,KL004,1,1701.0,0,0.0,0,0.0,0,0.0,37.26708326047315
147,KL007,1,2722.0,1,52.0,0,0.0,0,0.0,-12.065389807403925
147,KL008,1,2771.0,1,52.0,0,0.0,0,0.0,-12.053108928216922
147,KL002,0,3000.0,0,0.0,0,0.0,0,0.0,-0.3891020610395706
147,KL003,0,3000.0,0,0.0,0,0.0,0,0.0,-0.43942729994538715
148,KL001,1,622.0,0,0.0,0,0.0,0,0.0,37.4143710841235
148,KL004,1,626.0,0,0.0,0,0.0,0,0.0,37.41478366243035
148,KL007,1,655.0,0,0.0,0,0.0,0,0.0,37.40893965248912
148,KL009,1,665.0,0,0.0,0,0.0,0,0.0,37.41552101104692
148,KL008,1,714.0,0,0.0,0,0.0,0,0.0,37.40332718997583
148,KL003,1,828.0,0,0.0,0,0.0,0,0.0,37.40205998032246
148,KL0010,1,916.0,0,0.0,0,0.0,0,0.0,37.406504721545154
148,KL005,1,987.0,0,0.0,0,0.0,0,0.0,37.41492635583996
148,KL006,1,1158.0,0,0.0,0,0.0,0,0.0,37.37202165049041
148,KL002,1,1180.0,0,0.0,0,0.0,0,0.0,37.35378441558573
149,KL004,1,575.0,0,0.0,0,0.0,0,0.0,37.4171637915333
149,KL009,1,856.0,0,0.0,0,0.0,0,0.0,37.41716379403969
149,KL007,1,871.0,0,0.0,0,0.0,0,0.0,37.40508366687079
149,KL0010,1,890.0,0,0.0,0,0.0,0,0.0,37.41716374312665
149,KL001,1,935.0,0,0.0,0,0.0,0,0.0,37.402293153301244
149,KL006,1,1243.0,1,37.0,0,0.0,0,0.0,2.3360361676797297
149,KL008,1,1517.0,0,0.0,0,0.0,0,0.0,37.264488045099334
149,KL002,1,1933.0,1,37.0,0,0.0,0,0.0,2.2228491568735933
149,KL003,1,2055.0,0,0.0,0,0.0,0,0.0,37.17621611828444
149,KL005,1,2240.0,0,0.0,0,0.0,0,0.0,37.17949404298968
150,KL008,1,571.0,0,0.0,0,0.0,0,0.0,37.41363730843858
150,KL004,1,586.0,0,0.0,0,0.0,0,0.0,37.41503661609686
150,KL001,1,646.0,0,0.0,0,0.0,0,0.0,37.41476291303976
150,KL005,1,662.0,0,0.0,0,0.0,0,0.0,37.41707053476441
150,KL009,1,747.0,0,0.0,0,0.0,0,0.0,37.3944205727245
150,KL007,1,748.0,0,0.0,0,0.0,0,0.0,37.411387497731646
150,KL003,1,968.0,0,0.0,0,0.0,0,0.0,37.395935431230505
150,KL0010,1,1028.0,0,0.0,0,0.0,0,0.0,37.39061141868527
150,KL006,1,1066.0,0,0.0,0,0.0,0,0.0,37.36512326576723
150,KL002,1,1296.0,0,0.0,0,0.0,0,0.0,37.32822742942375
151,KL0010,1,615.0,0,0.0,0,0.0,0,0.0,37.41716380702604
151,KL006,1,706.0,0,0.0,0,0.0,0,0.0,37.41199045573757
151,KL003,1,717.0,0,0.0,0,0.0,0,0.0,37.417163806884446
151,KL005,1,754.0,0,0.0,0,0.0,0,0.0,37.414886764449314
151,KL009,1,784.0,0,0.0,0,0.0,0,0.0,37.41716380063458
151,KL008,1,840.0,0,0.0,0,0.0,0,0.0,37.41716375094399
151,KL002,1,841.0,0,0.0,0,0.0,0,0.0,37.40787686277737
151,KL007,1,860.0,0,0.0,0,0.0,0,0.0,37.41458258420671
151,KL001,1,944.0,0,0.0,0,0.0,0,0.0,37.411136643605275
151,KL004,1,1372.0,0,0.0,0,0.0,0,0.0,37.295518893842114
152,KL009,1,647.0,0,0.0,0,0.0,0,0.0,37.41716378932465
152,KL005,1,717.0,0,0.0,0,0.0,0,0.0,37.39367238181016
152,KL006,1,754.0,0,0.0,0,0.0,0,0.0,37.415999702628774
152,KL0010,1,835.0,0,0.0,0,0.0,0,0.0,37.36277194943996
152,KL008,1,856.0,0,0.0,0,0.0,0,0.0,37.406852377425324
152,KL003,1,950.0,0,0.0,0,0.0,0,0.0,37.39293711705243
152,KL004,1,987.0,0,0.0,0,0.0,0,0.0,37.39821552741789
152,KL001,1,991.0,0,0.0,0,0.0,0,0.0,37.399063450134
152,KL007,1,995.0,0,0.0,0,0.0,0,0.0,37.38947713307422
152,KL002,1,2145.0,0,0.0,0,0.0,0,0.0,37.21054197706446
153,KL003,1,659.0,0,0.0,0,0.0,0,0.0,37.41399830847684
153,KL009,1,778.0,0,0.0,0,0.0,0,0.0,37.41716377866241
153,KL007,1,1059.0,0,0.0,0,0.0,0,0.0,37.36448597882972
153,KL0010,1,1164.0,1,29.0,0,0.0,0,0.0,9.936668071421423
153,KL001,1,1372.0,0,0.0,0,0.0,0,0.0,37.29668005544499
153,KL005,1,1408.0,1,29.0,0,0.0,0,0.0,9.875757703070999
153,KL004,1,1426.0,0,0.0,0,0.0,0,0.0,37.296690420046424
153,KL006,1,1495.0,1,40.0,0,0.0,0,0.0,-0.5281601083733847
153,KL002,1,1703.0,1,40.0,0,0.0,0,0.0,-0.5781945535366546
153,KL008,1,2146.0,0,0.0,0,0.0,0,0.0,37.2099493037166
154,KL004,1,681.0,0,0.0,0,0.0,0,0.0,37.411373635040945
154,KL006,1,788.0,0,0.0,0,0.0,0,0.0,37.408968689487864
154,KL002,1,831.0,0,0.0,0,0.0,0,0.0,37.39916678050345
154,KL009,1,871.0,0,0.0,0,0.0,0,0.0,37.367857916838986
154,KL008,1,882.0,0,0.0,0,0.0,0,0.0,37.39999749457795
154,KL0010,1,996.0,0,0.0,0,0.0,0,0.0,37.399908652940155
154,KL001,1,1108.0,0,0.0,0,0.0,0,0.0,37.3275327360633
154,KL007,1,1241.0,0,0.0,0,0.0,0,0.0,37.32547950381209
154,KL003,1,1484.0,0,0.0,0,0.0,0,0.0,37.30310164089842
154,KL005,1,1686.0,0,0.0,0,0.0,0,0.0,37.276641636033766
155,KL006,1,604.0,0,0.0,0,0.0,0,0.0,37.41716380065477
155,KL004,1,813.0,0,0.0,0,0.0,0,0.0,37.377897946839454
155,KL008,1,822.0,0,0.0,0,0.0,0,0.0,37.3672523484009
155,KL002,1,1025.0,0,0.0,0,0.0,0,0.0,37.364840599437755
155,KL009,1,1028.0,0,0.0,0,0.0,0,0.0,37.39095907148627
155,KL0010,1,1496.0,0,0.0,0,0.0,0,0.0,37.301617091565674
155,KL007,1,1778.0,0,0.0,0,0.0,0,0.0,37.27853662538405
155,KL003,1,1893.0,0,0.0,0,0.0,0,0.0,37.25937143479889
155,KL005,1,2150.0,0,0.0,0,0.0,0,0.0,37.194527956463624
155,KL001,1,2231.0,0,0.0,0,0.0,0,0.0,37.19247715595073
156,KL005,1,590.0,0,0.0,0,0.0,0,0.0,37.4098028462199
156,KL003,1,601.0,0,0.0,0,0.0,0,0.0,37.41716378885221
156,KL002,1,653.0,0,0.0,0,0.0,0,0.0,37.39644567930053
156,KL001,1,660.0,0,0.0,0,0.0,0,0.0,37.40818891031609
156,KL009,1,727.0,0,0.0,0,0.0,0,0.0,37.41716377471558
156,KL004,1,736.0,0,0.0,0,0.0,0,0.0,37.391285281777954
156,KL008,1,775.0,0,0.0,0,0.0,0,0.0,37.40380935693591
156,KL0010,1,911.0,0,0.0,0,0.0,0,0.0,37.38764176700901
156,KL007,1,1166.0,0,0.0,0,0.0,0,0.0,37.371409393185765
156,KL006,1,1998.0,0,0.0,0,0.0,0,0.0,37.18968403926794
157,KL008,1,594.0,0,0.0,0,0.0,0,0.0,37.41716380959262
157,KL004,1,755.0,0,0.0,0,0.0,0,0.0,37.4067773060146
157,KL002,1,780.0,0,0.0,0,0.0,0,0.0,37.3863328630339
157,KL009,1,787.0,0,0.0,0,0.0,0,0.0,37.39459216161335
157,KL001,1,838.0,0,0.0,0,0.0,0,0.0,37.40497634753136
157,KL005,1,916.0,0,0.0,0,0.0,0,0.0,37.41716376656725
157,KL0010,1,946.0,0,0.0,0,0.0,0,0.0,37.41716373548784
157,KL003,1,1071.0,0,0.0,0,0.0,0,0.0,37.38634201561103
157,KL007,1,1834.0,0,0.0,0,0.0,0,0.0,37.25078068013042
157,KL006,1,2156.0,0,0.0,0,0.0,0,0.0,37.183586663192806
158,KL001,1,684.0,0,0.0,0,0.0,0,0.0,37.41345285917488
158,KL008,1,730.0,0,0.0,0,0.0,0,0.0,37.41716375513665
158,KL004,1,753.0,0,0.0,0,0.0,0,0.0,37.402254211130995
158,KL006,1,759.0,0,0.0,0,0.0,0,0.0,37.400305538752725
158,KL005,1,981.0,0,0.0,0,0.0,0,0.0,37.34827118731505
158,KL002,1,1896.0,0,0.0,0,0.0,0,0.0,37.22907597068897
158,KL007,1,1923.0,0,0.0,0,0.0,0,0.0,37.223392196645506
158,KL0010,1,2239.0,0,0.0,0,0.0,0,0.0,37.16884344534881
158,KL003,1,2400.0,0,0.0,0,0.0,0,0.0,37.14398940198864
158,KL009,1,2852.0,0,0.0,0,0.0,0,0.0,37.06676119872314
159,KL007,1,584.0,0,0.0,0,0.0,0,0.0,37.415508461837575
159,KL001,1,689.0,0,0.0,0,0.0,0,0.0,37.41716380642952
159,KL006,1,711.0,0,0.0,0,0.0,0,0.0,37.41190413057906
159,KL003,1,829.0,0,0.0,0,0.0,0,0.0,37.416097632561126
159,KL009,1,890.0,0,0.0,0,0.0,0,0.0,37.41000585184202
159,KL004,1,932.0,0,0.0,0,0.0,0,0.0,37.40174096474471
159,KL008,1,1283.0,0,0.0,0,0.0,0,0.0,37.31560588716866
159,KL0010,1,1519.0,0,0.0,0,0.0,0,0.0,37.309157051042895
159,KL002,0,3000.0,0,0.0,0,0.0,0,0.0,-0.49450358369942815
159,KL005,0,3000.0,0,0.0,0,0.0,0,0.0,-0.3559342438031681
160,KL0010,1,743.0,0,0.0,0,0.0,0,0.0,37.4107614688446
160,KL001,1,749.0,0,0.0,0,0.0,0,0.0,37.386145194746064
160,KL008,1,897.0,0,0.0,0,0.0,0,0.0,37.39872462179966
160,KL005,1,919.0,0,0.0,0,0.0,0,0.0,37.35943228392002
160,KL004,1,979.0,0,0.0,0,0.0,0,0.0,37.346198831947724
160,KL006,1,993.0,0,0.0,0,0.0,0,0.0,37.40647089501704
160,KL002,1,1054.0,0,0.0,0,0.0,0,0.0,37.3567319253127
160,KL007,1,1567.0,0,0.0,0,0.0,0,0.0,37.296498858771834
160,KL003,1,1925.0,0,0.0,0,0.0,0,0.0,37.22347209206559
160,KL009,1,2886.0,0,0.0,0,0.0,0,0.0,37.06235865268461
161,KL002,1,588.0,0,0.0,0,0.0,0,0.0,37.41502882169169
161,KL007,1,634.0,0,0.0,0,0.0,0,0.0,37.41716377397248
161,KL005,1,650.0,0,0.0,0,0.0,0,0.0,37.417163770570255
161,KL001,1,657.0,0,0.0,0,0.0,0,0.0,37.416061443329895
161,KL004,1,671.0,0,0.0,0,0.0,0,0.0,37.41229302715778
161,KL006,1,681.0,0,0.0,0,0.0,0,0.0,37.41307971541485
161,KL009,1,709.0,0,0.0,0,0.0,0,0.0,37.41716378233397
161,KL008,1,747.0,0,0.0,0,0.0,0,0.0,37.41697524342094
161,KL0010,1,849.0,0,0.0,0,0.0,0,0.0,37.41368144800262
161,KL003,1,875.0,0,0.0,0,0.0,0,0.0,37.37487634775701
162,KL008,1,620.0,0,0.0,0,0.0,0,0.0,37.41500547158459
162,KL006,1,705.0,0,0.0,0,0.0,0,0.0,37.41274418656544
162,KL005,1,887.0,0,0.0,0,0.0,0,0.0,37.39971660950773
162,KL0010,1,929.0,0,0.0,0,0.0,0,0.0,37.41716380208479
162,KL007,1,1048.0,0,0.0,0,0.0,0,0.0,37.351829653479626
162,KL001,1,1341.0,0,0.0,0,0.0,0,0.0,37.29211424762437
162,KL003,1,1424.0,0,0.0,0,0.0,0,0.0,37.312778236844984
162,KL009,1,1708.0,0,0.0,0,0.0,0,0.0,37.269401653545515
162,KL002,1,1815.0,0,0.0,0,0.0,0,0.0,37.284771413530926
162,KL004,0,3000.0,0,0.0,0,0.0,0,0.0,-0.4337602377792683
163,KL001,1,637.0,0,0.0,0,0.0,0,0.0,37.41019345235061
163,KL009,1,704.0,0,0.0,0,0.0,0,0.0,37.388178696868124
163,KL005,1,788.0,0,0.0,0,0.0,0,0.0,37.40502040394402
163,KL003,1,822.0,0,0.0,0,0.0,0,0.0,37.41716376870483
163,KL002,1,863.0,0,0.0,0,0.0,0,0.0,37.37864028445838
163,KL008,1,929.0,0,0.0,0,0.0,0,0.0,37.41697944392256
163,KL0010,1,1049.0,0,0.0,0,0.0,0,0.0,37.39153015105996
163,KL006,1,1623.0,0,0.0,0,0.0,0,0.0,37.26428761994571
163,KL007,1,1654.0,0,0.0,0,0.0,0,0.0,37.296179791199606
163,KL004,1,2303.0,0,0.0,0,0.0,0,0.0,37.15986761569264
164,KL004,1,719.0,0,0.0,0,0.0,0,0.0,37.415355051710996
164,KL007,1,827.0,0,0.0,0,0.0,0,0.0,37.37478119434659
164,KL001,1,915.0,0,0.0,0,0.0,0,0.0,37.39293169253096
164,KL008,1,932.0,0,0.0,0,0.0,0,0.0,37.405723367996096
164,KL005,1,959.0,0,0.0,0,0.0,0,0.0,37.41465475239378
164,KL009,1,1467.0,0,0.0,0,0.0,0,0.0,37.29962977901884
164,KL0010,1,1496.0,0,0.0,0,0.0,0,0.0,37.31866211135295
164,KL003,1,1557.0,0,0.0,0,0.0,0,0.0,37.3028406982988
164,KL002,1,1716.0,0,0.0,0,0.0,0,0.0,37.26368361104348
164,KL006,1,1971.0,0,0.0,0,0.0,0,0.0,37.22578975718181
165,KL006,1,583.0,0,0.0,0,0.0,0,0.0,37.41508157372234
165,KL007,1,609.0,0,0.0,0,0.0,0,0.0,37.414063407083376
165,KL001,1,634.0,0,0.0,0,0.0,0,0.0,37.404394390137
165,KL003,1,639.0,0,0.0,0,0.0,0,0.0,37.4052211938253
165,KL002,1,668.0,0,0.0,0,0.0,0,0.0,37.41235580395504
165,KL004,1,680.0,0,0.0,0,0.0,0,0.0,37.39144353609581
165,KL0010,1,709.0,0,0.0,0,0.0,0,0.0,37.417163760800314
165,KL009,1,786.0,0,0.0,0,0.0,0,0.0,37.41716379211663
165,KL005,1,981.0,0,0.0,0,0.0,0,0.0,37.393614659243525
165,KL008,1,1097.0,0,0.0,0,0.0,0,0.0,37.34574789569908
166,KL009,1,796.0,0,0.0,0,0.0,0,0.0,37.410366098127724
166,KL004,1,815.0,0,0.0,0,0.0,0,0.0,37.39863087203406
166,KL003,1,849.0,0,0.0,0,0.0,0,0.0,37.392640472616286
166,KL001,1,1024.0,1,25.0,0,0.0,0,0.0,13.745759826683493
166,KL007,1,1121.0,1,25.0,0,0.0,0,0.0,13.714929348023883
166,KL002,1,1135.0,0,0.0,0,0.0,0,0.0,37.38746553846974
166,KL0010,1,1145.0,0,0.0,0,0.0,0,0.0,37.36228343936899
166,KL006,1,1983.0,1,120.0,1,23.0,0,0.0,-87.76738677541161
166,KL008,1,2089.0,1,120.0,0,0.0,0,0.0,-76.26727787109982
166,KL005,1,2547.0,0,0.0,0,0.0,0,0.0,37.098412798586764
167,KL008,1,909.0,0,0.0,1,5.0,0,0.0,34.859736707425554
167,KL009,1,944.0,0,0.0,0,0.0,0,0.0,37.37958030413253
167,KL001,1,966.0,0,0.0,0,0.0,0,0.0,37.4028279165262
167,KL005,1,1021.0,1,36.0,0,0.0,0,0.0,3.3447699020331996
167,KL007,1,1028.0,1,52.0,0,0.0,0,0.0,-11.78834492449375
167,KL003,1,1029.0,0,0.0,0,0.0,0,0.0,37.3552341385611
167,KL004,1,1082.0,1,52.0,0,0.0,0,0.0,-11.786518732527924
167,KL006,1,1366.0,1,36.0,0,0.0,0,0.0,3.2861637541840025
167,KL0010,1,1416.0,0,0.0,0,0.0,0,0.0,37.28356919171549
167,KL002,1,2769.0,0,0.0,0,0.0,0,0.0,37.109442851852194
168,KL006,1,709.0,0,0.0,0,0.0,0,0.0,37.41716375439766
168,KL001,1,722.0,0,0.0,0,0.0,0,0.0,37.40167524005824
168,KL007,1,798.0,0,0.0,0,0.0,0,0.0,37.37865190749383
168,KL008,1,908.0,0,0.0,0,0.0,0,0.0,37.3867165208829
168,KL002,1,915.0,0,0.0,0,0.0,0,0.0,37.39600059984111
168,KL0010,1,932.0,0,0.0,0,0.0,0,0.0,37.39964598570699
168,KL004,1,988.0,0,0.0,0,0.0,0,0.0,37.41674381696689
168,KL003,1,1012.0,0,0.0,0,0.0,0,0.0,37.37394570580299
168,KL005,1,1134.0,0,0.0,0,0.0,0,0.0,37.36495956050492
168,KL009,1,1266.0,0,0.0,0,0.0,0,0.0,37.35509386047638
169,KL004,1,773.0,0,0.0,0,0.0,0,0.0,37.40202069912849
169,KL009,1,818.0,0,0.0,0,0.0,0,0.0,37.39761959110677
169,KL006,1,858.0,0,0.0,0,0.0,0,0.0,37.40916677540592
169,KL001,1,876.0,1,30.0,0,0.0,0,0.0,9.01196613607561
169,KL008,1,1096.0,0,0.0,0,0.0,0,0.0,37.33190412992518
169,KL003,1,1255.0,0,0.0,0,0.0,0,0.0,37.339751284600126
169,KL007,1,1610.0,0,0.0,0,0.0,0,0.0,37.283629749897976
169,KL002,1,1757.0,1,30.0,0,0.0,0,0.0,8.874781523172235
169,KL005,1,1782.0,0,0.0,0,0.0,0,0.0,37.23458847214288
169,KL0010,1,2305.0,0,0.0,0,0.0,0,0.0,37.15606920909947
170,KL005,1,588.0,0,0.0,0,0.0,0,0.0,37.416978664258615
170,KL007,1,743.0,0,0.0,0,0.0,0,0.0,37.41608546005256
170,KL008,1,755.0,0,0.0,0,0.0,0,0.0,37.41716377371461
170,KL003,1,791.0,0,0.0,0,0.0,0,0.0,37.410386746972286
170,KL006,1,900.0,0,0.0,0,0.0,0,0.0,37.38678730463427
170,KL001,1,1207.0,0,0.0,0,0.0,0,0.0,37.3464299877302
170,KL0010,1,1429.0,0,0.0,0,0.0,0,0.0,37.321160968961884
170,KL002,1,1444.0,0,0.0,1,7.0,0,0.0,33.81474733497181
170,KL004,1,2610.0,0,0.0,0,0.0,0,0.0,37.129092893571965
170,KL009,1,2637.0,0,0.0,0,0.0,0,0.0,37.12708771762343
171,KL002,1,617.0,0,0.0,0,0.0,0,0.0,37.4115135040668
171,KL0010,1,735.0,0,0.0,0,0.0,0,0.0,37.41716375948635
171,KL005,1,766.0,0,0.0,0,0.0,0,0.0,37.41547670102737
171,KL008,1,797.0,0,0.0,0,0.0,0,0.0,37.37599444647598
171,KL009,1,815.0,0,0.0,0,0.0,0,0.0,37.410963913699845
171,KL004,1,847.0,0,0.0,0,0.0,0,0.0,37.388753225068086
171,KL006,1,910.0,0,0.0,0,0.0,0,0.0,37.41003186867944
171,KL007,1,917.0,0,0.0,0,0.0,0,0.0,37.3833224701962
171,KL001,1,1158.0,0,0.0,0,0.0,0,0.0,37.343685383700816
171,KL003,1,1267.0,0,0.0,0,0.0,0,0.0,37.31471275498685
172,KL004,1,614.0,0,0.0,0,0.0,0,0.0,37.41489596143476
172,KL009,1,681.0,0,0.0,0,0.0,0,0.0,37.41716378337943
172,KL005,1,880.0,0,0.0,0,0.0,0,0.0,37.37713863953114
172,KL0010,1,1002.0,0,0.0,0,0.0,0,0.0,37.34738967002906
172,KL003,1,1356.0,0,0.0,0,0.0,0,0.0,37.31541908433289
172,KL002,1,1628.0,0,0.0,0,0.0,0,0.0,37.2846576621286
172,KL008,1,1723.0,0,0.0,0,0.0,0,0.0,37.26997157284994
172,KL001,1,2009.0,0,0.0,0,0.0,0,0.0,37.218122517407124
172,KL006,1,2042.0,0,0.0,0,0.0,0,0.0,37.22115948824722
172,KL007,1,2555.0,0,0.0,0,0.0,0,0.0,37.13108272797622
173,KL0010,1,632.0,0,0.0,0,0.0,0,0.0,37.4171637829739
173,KL001,1,726.0,0,0.0,0,0.0,0,0.0,37.399319007411506
173,KL003,1,774.0,0,0.0,0,0.0,0,0.0,37.40824208645268
173,KL005,1,788.0,0,0.0,0,0.0,0,0.0,37.38792850533134
173,KL006,1,814.0,0,0.0,0,0.0,0,0.0,37.415552722389116
173,KL002,1,830.0,0,0.0,0,0.0,0,0.0,37.40043403817933
173,KL009,1,878.0,0,0.0,0,0.0,0,0.0,37.396704717753266
173,KL004,1,929.0,0,0.0,0,0.0,0,0.0,37.385198694002256
173,KL007,1,969.0,0,0.0,0,0.0,0,0.0,37.39304679013437
173,KL008,1,1063.0,0,0.0,0,0.0,0,0.0,37.36462184507706
174,KL006,1,666.0,0,0.0,0,0.0,0,0.0,37.41669139241214
174,KL002,1,700.0,0,0.0,0,0.0,0,0.0,37.41638221166122
174,KL001,1,807.0,0,0.0,0,0.0,0,0.0,37.38948541174033
174,KL008,1,946.0,0,0.0,0,0.0,0,0.0,37.4135926141502
174,KL007,1,1011.0,0,0.0,0,0.0,0,0.0,37.37551574425222
174,KL003,1,1016.0,0,0.0,0,0.0,0,0.0,37.386386978155386
174,KL009,1,1129.0,0,0.0,0,0.0,0,0.0,37.3578377480655
174,KL004,1,1296.0,0,0.0,0,0.0,0,0.0,37.30825758541956
174,KL0010,1,1645.0,0,0.0,0,0.0,0,0.0,37.24153807901391
174,KL005,1,1819.0,0,0.0,0,0.0,0,0.0,37.26047588105558
175,KL007,1,603.0,0,0.0,0,0.0,0,0.0,37.41697463269991
175,KL005,1,649.0,0,0.0,0,0.0,0,0.0,37.404817362695496
175,KL009,1,673.0,0,0.0,0,0.0,0,0.0,37.41716380249271
175,KL0010,1,758.0,0,0.0,0,0.0,0,0.0,37.41716380677926
175,KL004,1,815.0,0,0.0,0,0.0,0,0.0,37.37746742398364
175,KL008,1,886.0,0,0.0,0,0.0,0,0.0,37.375893977880644
175,KL002,1,917.0,0,0.0,0,0.0,0,0.0,37.41493912876202
175,KL003,1,918.0,0,0.0,0,0.0,0,0.0,37.376625488878254
175,KL001,1,1154.0,0,0.0,0,0.0,0,0.0,37.32679778718325
175,KL006,1,1896.0,0,0.0,1,78.0,0,0.0,-1.73995836307882
176,KL007,1,599.0,0,0.0,0,0.0,0,0.0,37.41481414724349
176,KL001,1,636.0,0,0.0,0,0.0,0,0.0,37.40638480452668
176,KL006,1,691.0,0,0.0,0,0.0,0,0.0,37.41716379244852
176,KL004,1,749.0,0,0.0,0,0.0,0,0.0,37.41207242733037
176,KL009,1,836.0,0,0.0,0,0.0,0,0.0,37.41716374213887
176,KL008,1,857.0,0,0.0,0,0.0,0,0.0,37.39936625464823
176,KL003,1,879.0,0,0.0,0,0.0,0,0.0,37.41701042578706
176,KL005,1,1187.0,0,0.0,0,0.0,0,0.0,37.33941414296879
176,KL002,1,1436.0,0,0.0,0,0.0,0,0.0,37.31903595541725
176,KL0010,1,2212.0,0,0.0,0,0.0,0,0.0,37.19239420985624
177,KL002,1,637.0,0,0.0,0,0.0,0,0.0,37.417163802377324
177,KL0010,1,925.0,0,0.0,0,0.0,0,0.0,37.39692269172511
177,KL004,1,996.0,0,0.0,0,0.0,0,0.0,37.38936520732155
177,KL006,1,1355.0,0,0.0,0,0.0,0,0.0,37.28697836212029
177,KL005,1,1541.0,0,0.0,0,0.0,0,0.0,37.29357556501202
177,KL001,1,1872.0,0,0.0,0,0.0,0,0.0,37.21198205476564
177,KL007,1,2039.0,0,0.0,0,0.0,0,0.0,37.23038319150461
177,KL003,1,2198.0,0,0.0,0,0.0,0,0.0,37.16908849185808
177,KL009,1,2574.0,0,0.0,0,0.0,0,0.0,37.116384513959844
177,KL008,0,3000.0,0,0.0,0,0.0,0,0.0,-0.35551102733658657
178,KL001,1,667.0,0,0.0,0,0.0,0,0.0,37.40353771484967
178,KL004,1,693.0,0,0.0,0,0.0,0,0.0,37.41157341139147
178,KL0010,1,710.0,0,0.0,0,0.0,0,0.0,37.412031154713524
178,KL008,1,773.0,0,0.0,0,0.0,0,0.0,37.386425888403835
178,KL006,1,876.0,0,0.0,0,0.0,0,0.0,37.3788530659632
178,KL003,1,942.0,0,0.0,0,0.0,0,0.0,37.392475334557666
178,KL005,1,1066.0,0,0.0,0,0.0,0,0.0,37.38726004568097
178,KL009,1,1594.0,0,0.0,0,0.0,0,0.0,37.267328542563696
178,KL002,1,1811.0,0,0.0,0,0.0,0,0.0,37.270762982935366
178,KL007,1,1842.0,0,0.0,0,0.0,0,0.0,37.256215525142764
179,KL009,1,595.0,0,0.0,0,0.0,0,0.0,37.41716378558785
179,KL006,1,625.0,0,0.0,0,0.0,0,0.0,37.41629941956815
179,KL007,1,651.0,0,0.0,0,0.0,0,0.0,37.4171637673198
179,KL002,1,746.0,0,0.0,0,0.0,0,0.0,37.40791095880892
179,KL005,1,764.0,0,0.0,0,0.0,0,0.0,37.405871652867965
179,KL008,1,833.0,0,0.0,0,0.0,0,0.0,37.38409096365518
179,KL004,1,869.0,0,0.0,0,0.0,0,0.0,37.36764921457725
179,KL001,1,940.0,0,0.0,0,0.0,0,0.0,37.381276391773724
179,KL0010,1,1025.0,0,0.0,0,0.0,0,0.0,37.37564575019795
179,KL003,1,1912.0,0,0.0,0,0.0,0,0.0,37.23509443708512
180,KL0010,1,587.0,0,0.0,0,0.0,0,0.0,37.41591107953399
180,KL001,1,658.0,0,0.0,0,0.0,0,0.0,37.40649384038382
180,KL009,1,726.0,0,0.0,0,0.0,0,0.0,37.41716380865158
180,KL002,1,762.0,0,0.0,0,0.0,0,0.0,37.41558384102342
180,KL003,1,813.0,0,0.0,0,0.0,0,0.0,37.41716374874229
180,KL008,1,855.0,0,0.0,0,0.0,0,0.0,37.41651090131157
180,KL004,1,923.0,0,0.0,0,0.0,0,0.0,37.41716379621399
180,KL006,1,954.0,0,0.0,0,0.0,0,0.0,37.39324141150314
180,KL007,1,1367.0,0,0.0,0,0.0,0,0.0,37.319858936156024
180,KL005,1,1738.0,0,0.0,0,0.0,0,0.0,37.287727739435105
181,KL009,1,608.0,0,0.0,0,0.0,0,0.0,37.41716379592445
181,KL001,1,687.0,0,0.0,0,0.0,0,0.0,37.40471957181377
181,KL003,1,715.0,0,0.0,0,0.0,0,0.0,37.417163777892306
181,KL006,1,740.0,0,0.0,0,0.0,0,0.0,37.41716378350115
181,KL0010,1,757.0,0,0.0,0,0.0,0,0.0,37.3975835196828
181,KL008,1,791.0,0,0.0,0,0.0,0,0.0,37.41388702423038
181,KL007,1,836.0,0,0.0,0,0.0,0,0.0,37.41716380918206
181,KL005,1,855.0,0,0.0,0,0.0,0,0.0,37.3704269225221
181,KL004,1,859.0,0,0.0,0,0.0,0,0.0,37.41716374700517
181,KL002,1,868.0,0,0.0,0,0.0,0,0.0,37.39380067023518
182,KL002,1,694.0,0,0.0,0,0.0,0,0.0,37.40329059892125
182,KL008,1,739.0,0,0.0,0,0.0,0,0.0,37.38379833537052
182,KL0010,1,742.0,0,0.0,0,0.0,0,0.0,37.41716378953258
182,KL009,1,768.0,0,0.0,0,0.0,0,0.0,37.377519701944934
182,KL007,1,780.0,0,0.0,0,0.0,0,0.0,37.417163769890905
182,KL005,1,823.0,0,0.0,0,0.0,0,0.0,37.38900517021122
182,KL003,1,824.0,0,0.0,0,0.0,0,0.0,37.394756396389056
182,KL001,1,913.0,0,0.0,0,0.0,0,0.0,37.36305997280206
182,KL004,1,951.0,0,0.0,0,0.0,0,0.0,37.389845485504004
182,KL006,1,1213.0,0,0.0,0,0.0,0,0.0,37.344757173853374
183,KL001,1,724.0,0,0.0,0,0.0,0,0.0,37.39468088304766
183,KL0010,1,740.0,0,0.0,0,0.0,0,0.0,37.41305373374118
183,KL009,1,787.0,0,0.0,0,0.0,0,0.0,37.40219594343794
183,KL002,1,829.0,0,0.0,0,0.0,0,0.0,37.38950504678983
183,KL007,1,832.0,0,0.0,0,0.0,0,0.0,37.3897643533092
183,KL008,1,850.0,0,0.0,0,0.0,0,0.0,37.4171637400021
183,KL005,1,854.0,0,0.0,0,0.0,0,0.0,37.411842344008676
183,KL004,1,955.0,0,0.0,0,0.0,0,0.0,37.374724039305974
183,KL006,1,1569.0,0,0.0,0,0.0,0,0.0,37.27741117195734
183,KL003,1,2170.0,0,0.0,0,0.0,0,0.0,37.1958397830939
184,KL009,1,622.0,0,0.0,0,0.0,0,0.0,37.417163805546835
184,KL0010,1,767.0,0,0.0,0,0.0,0,0.0,37.41716380258415
184,KL008,1,783.0,0,0.0,0,0.0,0,0.0,37.417163802440484
184,KL003,1,816.0,0,0.0,0,0.0,0,0.0,37.382295562939696
184,KL002,1,882.0,0,0.0,0,0.0,0,0.0,37.40495656275568
184,KL006,1,884.0,0,0.0,0,0.0,0,0.0,37.390001071832536
184,KL001,1,940.0,0,0.0,0,0.0,0,0.0,37.41390749787238
184,KL005,1,979.0,0,0.0,0,0.0,0,0.0,37.36045752599575
184,KL004,1,981.0,0,0.0,0,0.0,0,0.0,37.40786905400284
184,KL007,1,1195.0,0,0.0,0,0.0,0,0.0,37.36535533624715
185,KL0010,1,688.0,0,0.0,0,0.0,0,0.0,37.4171637894517
185,KL006,1,814.0,0,0.0,0,0.0,0,0.0,37.4171637956667
185,KL002,1,827.0,0,0.0,0,0.0,0,0.0,37.37943998301631
185,KL001,1,949.0,0,0.0,0,0.0,0,0.0,37.415554829417935
185,KL007,1,1034.0,0,0.0,0,0.0,0,0.0,37.40490364273843
185,KL008,1,1201.0,0,0.0,0,0.0,0,0.0,37.331761226543975
185,KL005,1,1516.0,0,0.0,0,0.0,0,0.0,37.270219986080704
185,KL009,1,1553.0,0,0.0,0,0.0,0,0.0,37.26870585151706
185,KL003,1,1788.0,0,0.0,1,60.0,0,0.0,7.239078754105314
185,KL004,1,2592.0,0,0.0,0,0.0,0,0.0,37.10360080339799
186,KL001,1,766.0,0,0.0,0,0.0,0,0.0,37.41593448591021
186,KL008,1,802.0,0,0.0,0,0.0,0,0.0,37.4171637675846
186,KL0010,1,804.0,0,0.0,0,0.0,0,0.0,37.39407365378256
186,KL003,1,890.0,0,0.0,0,0.0,0,0.0,37.378967789452126
186,KL005,1,921.0,0,0.0,0,0.0,0,0.0,37.41211604468892
186,KL006,1,980.0,0,0.0,0,0.0,0,0.0,37.41258606694684
186,KL007,1,1011.0,0,0.0,0,0.0,0,0.0,37.35427352184181
186,KL009,1,1073.0,0,0.0,0,0.0,0,0.0,37.380859887349516
186,KL004,1,1168.0,0,0.0,0,0.0,0,0.0,37.35870060398303
186,KL002,1,1226.0,0,0.0,0,0.0,0,0.0,37.33666876984882
187,KL005,1,675.0,0,0.0,0,0.0,0,0.0,37.40037916041735
187,KL002,1,773.0,0,0.0,0,0.0,0,0.0,37.38092572867318
187,KL004,1,800.0,0,0.0,0,0.0,0,0.0,37.39509710138782
187,KL003,1,888.0,0,0.0,1,58.0,0,0.0,8.358151147700688
187,KL001,1,893.0,0,0.0,0,0.0,0,0.0,37.38202457488696
187,KL009,1,900.0,0,0.0,0,0.0,0,0.0,37.3796839850039
187,KL008,1,1033.0,0,0.0,0,0.0,0,0.0,37.39489077127838
187,KL0010,1,1102.0,0,0.0,0,0.0,0,0.0,37.358583894651716
187,KL007,1,1406.0,0,0.0,0,0.0,0,0.0,37.33368590018263
187,KL006,1,1573.0,0,0.0,0,0.0,0,0.0,37.28832272101491
188,KL004,1,601.0,0,0.0,0,0.0,0,0.0,37.41601068498414
188,KL001,1,628.0,0,0.0,0,0.0,0,0.0,37.41323329749398
188,KL006,1,682.0,0,0.0,0,0.0,0,0.0,37.39868374770268
188,KL005,1,706.0,0,0.0,0,0.0,0,0.0,37.415806273882396
188,KL009,1,826.0,0,0.0,0,0.0,0,0.0,37.40785362795357
188,KL003,1,829.0,0,0.0,0,0.0,0,0.0,37.38384926647465
188,KL002,1,842.0,0,0.0,0,0.0,0,0.0,37.411241492503024
188,KL0010,1,946.0,0,0.0,0,0.0,0,0.0,37.380527611207455
188,KL007,1,1369.0,0,0.0,0,0.0,0,0.0,37.283909176673184
188,KL008,1,2280.0,0,0.0,0,0.0,0,0.0,37.140372871639826
189,KL008,1,683.0,0,0.0,0,0.0,0,0.0,37.39573485770026
189,KL007,1,778.0,0,0.0,0,0.0,0,0.0,37.395611841038
189,KL003,1,1056.0,0,0.0,0,0.0,0,0.0,37.34771420839335
189,KL001,1,1082.0,0,0.0,0,0.0,0,0.0,37.35144005580626
189,KL006,1,1125.0,0,0.0,0,0.0,0,0.0,37.318740868342346
189,KL009,1,1140.0,0,0.0,0,0.0,0,0.0,37.33301571158155
189,KL0010,1,1303.0,0,0.0,0,0.0,0,0.0,37.3271080050533
189,KL004,1,1511.0,0,0.0,0,0.0,0,0.0,37.30188430745061
189,KL005,1,1532.0,0,0.0,0,0.0,0,0.0,37.32307116306759
189,KL002,1,1812.0,0,0.0,0,0.0,0,0.0,37.23093756068118
190,KL0010,1,677.0,0,0.0,0,0.0,0,0.0,37.41264467897916
190,KL006,1,722.0,0,0.0,0,0.0,0,0.0,37.398612042827146
190,KL005,1,787.0,0,0.0,0,0.0,0,0.0,37.41716380883509
190,KL003,1,803.0,0,0.0,0,0.0,0,0.0,37.393460059963026
190,KL002,1,834.0,0,0.0,0,0.0,0,0.0,37.40110580863949
190,KL008,1,1035.0,0,0.0,0,0.0,0,0.0,37.363119689400556
190,KL007,1,1054.0,0,0.0,0,0.0,0,0.0,37.393440237427804
190,KL001,1,1218.0,0,0.0,0,0.0,0,0.0,37.337330466592725
190,KL004,1,1463.0,0,0.0,0,0.0,0,0.0,37.311690462122925
190,KL009,1,1526.0,0,0.0,0,0.0,0,0.0,37.26399620622951
191,KL004,1,689.0,0,0.0,0,0.0,0,0.0,37.39980219450636
191,KL008,1,696.0,0,0.0,0,0.0,0,0.0,37.41716380001592
191,KL005,1,989.0,0,0.0,0,0.0,0,0.0,37.343324484715296
191,KL006,1,1022.0,0,0.0,0,0.0,0,0.0,37.34183387112762
191,KL009,1,1237.0,0,0.0,0,0.0,0,0.0,37.35556825521019
191,KL0010,1,1259.0,0,0.0,0,0.0,0,0.0,37.336754940350794
191,KL003,1,1623.0,0,0.0,0,0.0,0,0.0,37.268667482845274
191,KL001,1,1882.0,0,0.0,0,0.0,0,0.0,37.21584627405813
191,KL002,1,2226.0,0,0.0,0,0.0,0,0.0,37.20785967360239
191,KL007,1,2356.0,0,0.0,0,0.0,0,0.0,37.18711270049117
192,KL009,1,627.0,0,0.0,0,0.0,0,0.0,37.41716378789786
192,KL002,1,676.0,0,0.0,0,0.0,0,0.0,37.41716380097994
192,KL001,1,682.0,0,0.0,0,0.0,0,0.0,37.41697973051367
192,KL0010,1,814.0,0,0.0,0,0.0,0,0.0,37.39609878425014
192,KL007,1,870.0,0,0.0,0,0.0,0,0.0,37.39829044351095
192,KL003,1,907.0,0,0.0,0,0.0,0,0.0,37.38687772533538
192,KL008,1,941.0,0,0.0,0,0.0,0,0.0,37.4145481443099
192,KL005,1,971.0,0,0.0,0,0.0,0,0.0,37.41716376502728
192,KL006,1,1063.0,0,0.0,0,0.0,0,0.0,37.38762683313235
192,KL004,1,1281.0,0,0.0,0,0.0,0,0.0,37.297424586579226
193,KL0010,1,595.0,0,0.0,0,0.0,0,0.0,37.417163809738014
193,KL007,1,681.0,0,0.0,0,0.0,0,0.0,37.402552588401505
193,KL005,1,685.0,0,0.0,0,0.0,0,0.0,37.41716380162955
193,KL002,1,695.0,0,0.0,0,0.0,0,0.0,37.40753676446519
193,KL008,1,742.0,0,0.0,0,0.0,0,0.0,37.41716375342937
193,KL004,1,800.0,0,0.0,0,0.0,0,0.0,37.39511892788869
193,KL009,1,890.0,0,0.0,0,0.0,0,0.0,37.411639444430136
193,KL006,1,1189.0,0,0.0,0,0.0,0,0.0,37.33309990834727
193,KL003,1,1210.0,0,0.0,0,0.0,0,0.0,37.34538449702034
193,KL001,1,1521.0,0,0.0,0,0.0,0,0.0,37.281230267501215
194,KL002,1,612.0,0,0.0,0,0.0,0,0.0,37.41716376499582
194,KL001,1,799.0,0,0.0,0,0.0,0,0.0,37.391316836256635
194,KL003,1,1011.0,0,0.0,0,0.0,0,0.0,37.360033326201425
194,KL0010,1,1059.0,0,0.0,0,0.0,0,0.0,37.390351513594055
194,KL009,1,1064.0,0,0.0,0,0.0,0,0.0,37.3878970374561
194,KL004,1,1234.0,0,0.0,0,0.0,0,0.0,37.35216901950018
194,KL005,1,1254.0,0,0.0,0,0.0,0,0.0,37.339433745587044
194,KL007,1,1332.0,0,0.0,0,0.0,0,0.0,37.32413840317186
194,KL008,1,1357.0,0,0.0,0,0.0,0,0.0,37.295730701059306
194,KL006,1,1417.0,0,0.0,0,0.0,0,0.0,37.30954275095129
195,KL009,1,616.0,0,0.0,0,0.0,0,0.0,37.417163775567914
195,KL001,1,652.0,0,0.0,0,0.0,0,0.0,37.41716379415897
195,KL007,1,686.0,0,0.0,0,0.0,0,0.0,37.41716377704742
195,KL008,1,1666.0,0,0.0,0,0.0,0,0.0,37.29987527621264
195,KL005,1,1965.0,0,0.0,0,0.0,0,0.0,37.22051763014412
195,KL006,1,1989.0,1,77.0,0,0.0,0,0.0,-35.58298870384073
195,KL002,1,2382.0,1,52.0,0,0.0,0,0.0,-12.008727862489607
195,KL003,1,2594.0,0,0.0,0,0.0,0,0.0,37.132354504479565
195,KL0010,1,2687.0,1,52.0,1,181.0,0,0.0,-102.58329828917803
195,KL004,0,3000.0,1,77.0,0,0.0,0,0.0,-73.23188591455245
196,KL006,1,1294.0,0,0.0,0,0.0,0,0.0,37.317398744999586
196,KL001,1,1996.0,0,0.0,0,0.0,0,0.0,37.21720307620806
196,KL009,1,2293.0,0,0.0,0,0.0,0,0.0,37.17343902403586
196,KL0010,1,2490.0,0,0.0,0,0.0,0,0.0,37.160848060492214
196,KL004,1,2618.0,0,0.0,0,0.0,0,0.0,37.153435058074884
196,KL002,1,2913.0,0,0.0,0,0.0,0,0.0,37.04572832087665
196,KL008,1,2942.0,0,0.0,0,0.0,0,0.0,37.082334930768155
196,KL003,0,3000.0,0,0.0,0,0.0,0,0.0,-0.3919624366868682
196,KL005,0,3000.0,0,0.0,0,0.0,0,0.0,-0.44338971790078846
196,KL007,0,3000.0,0,0.0,0,0.0,0,0.0,-0.4339613375776253
197,KL005,1,583.0,0,0.0,0,0.0,0,0.0,37.41716379373835
197,KL007,1,647.0,0,0.0,0,0.0,0,0.0,37.39965243957805
197,KL008,1,832.0,1,2.0,0,0.0,0,0.0,35.50170058133049
197,KL001,1,923.0,1,2.0,0,0.0,0,0.0,35.49715885795784
197,KL0010,1,1144.0,0,0.0,0,0.0,0,0.0,37.351563822900694
197,KL006,1,1300.0,0,0.0,0,0.0,0,0.0,37.35329338892444
197,KL004,1,1874.0,0,0.0,0,0.0,0,0.0,37.230984741387424
197,KL002,1,2001.0,0,0.0,0,0.0,0,0.0,37.224894843406176
197,KL009,1,2416.0,1,47.0,1,51.0,0,0.0,-32.79326031999046
197,KL003,1,2539.0,1,47.0,1,32.0,0,0.0,-23.324532092613197
198,KL002,1,633.0,0,0.0,0,0.0,0,0.0,37.41716380096952
198,KL007,1,656.0,0,0.0,0,0.0,0,0.0,37.41178836951488
198,KL009,1,665.0,0,0.0,0,0.0,0,0.0,37.408022167296004
198,KL003,1,666.0,0,0.0,0,0.0,0,0.0,37.41716378105241
198,KL006,1,720.0,0,0.0,0,0.0,0,0.0,37.40793439920156
198,KL005,1,758.0,0,0.0,0,0.0,0,0.0,37.417163801751386
198,KL008,1,834.0,0,0.0,0,0.0,0,0.0,37.417163744380304
198,KL0010,1,911.0,0,0.0,0,0.0,0,0.0,37.417163809374884
198,KL004,1,975.0,0,0.0,0,0.0,0,0.0,37.39839441952438
198,KL001,1,1079.0,0,0.0,0,0.0,0,0.0,37.384120189599585
199,KL007,1,720.0,0,0.0,0,0.0,0,0.0,37.378932952762874
199,KL003,1,805.0,0,0.0,0,0.0,0,0.0,37.39890339799767
199,KL0010,1,928.0,0,0.0,0,0.0,0,0.0,37.40779541157286
199,KL008,1,933.0,0,0.0,0,0.0,0,0.0,37.39879790722548
199,KL004,1,971.0,0,0.0,0,0.0,0,0.0,37.40763619441861
199,KL006,1,995.0,0,0.0,0,0.0,0,0.0,37.35344839034826
199,KL009,1,1239.0,0,0.0,0,0.0,0,0.0,37.33848253472906
199,KL005,1,1542.0,0,0.0,0,0.0,0,0.0,37.31356631632557
199,KL001,1,1597.0,0,0.0,0,0.0,0,0.0,37.27029033184852
199,KL002,1,1811.0,0,0.0,0,0.0,0,0.0,37.24766112599945
