time,agent,route_target_index,route_target_distance_km,in_route_domain,lat,lon,cas_mps,tas_mps,goal_distance_km,heading_error_deg,heading_action,speed_action,nearest_agent,nearest_nm,outside,commanded_heading_turn_deg,commanded_speed_action,traffic_projection_intervened,static_projection_intervened,static_projection_infeasible,nominal_static_violation,nominal_traffic_conflict,no_static_feasible_candidate,no_jointly_feasible_candidate,predicted_minimum_separation_km,predicted_risk_seconds,reference_heading_turn_deg,nominal_heading_adjustment_deg,nominal_speed_action
0.0,KL001,1,21.49403918566716,True,52.84703706924074,3.6055189093691933,150.0,152.40357712476657,113.42232324923368,-0.18279984719464437,-0.03852266073226929,0.24978315830230713,AC8,7.289938489042999,False,0.0,0.24978315830230713,True,False,False,False,True,False,False,10.454044979613723,0.0,-17.164186388254166,-0.5778403580188751,0.24978315830230713
10.0,KL001,1,20.006797388996876,True,52.84441436383422,3.627924606926667,150.8561867245978,153.27187320958427,111.88955108633431,-0.1853101178710972,-0.04096531867980957,0.24748754501342773,AC8,7.10418652799431,False,5.000000000000002,0.24748754501342773,True,False,False,False,True,False,False,11.152255356633683,0.0,-18.467793613672256,-0.6144793331623077,0.24748754501342773
20.0,KL001,1,18.57043367087995,True,52.84071565134003,3.6500375762860644,151.70449763421655,154.1321571192491,110.35425009104485,4.875160943743481,-0.030182957649230957,0.25012457370758057,AC8,6.978019965206908,False,0.0,0.25012457370758057,True,False,False,False,True,False,False,10.987540374300158,0.0,-25.33451020717621,-0.4527434706687927,0.25012457370758057
30.0,KL001,1,17.155209683683243,True,52.836880716833186,3.672223591341144,152.56184987434472,155.00158462934525,108.81139149683699,4.944675477196199,-0.03499019145965576,0.2576112747192383,AC8,6.860303009677095,False,0.0,0.2576112747192383,True,False,False,False,True,False,False,10.812304310734374,0.0,-27.564294934272766,-0.5248519778251648,0.2576112747192383
40.0,KL001,1,15.762843537317448,True,52.83302362810506,3.6945357974207305,153.4448759817802,155.89702088822037,107.25978646879778,5.016608723465822,-0.03700864315032959,0.2574596405029297,AC8,6.744966081784098,False,0.0,0.2574596405029297,True,False,False,False,True,False,False,10.643091055684446,0.0,-30.206584632396698,-0.5551287531852722,0.2574596405029297
50.0,KL001,1,14.402939110039757,True,52.829144398945935,3.716974081068137,154.32737923682055,156.79189976578667,105.69945082909135,5.091084891936532,-0.03968369960784912,0.25663721561431885,AC8,6.632058585628377,False,-10.000000000000004,-1.0,True,False,False,False,True,False,True,8.316106606621245,48.34822911023579,-33.372208178043365,-0.5952546000480652,0.25663721561431885
60.0,KL001,1,13.01200475741204,True,52.82711703348403,3.7395837740113684,150.89726257455263,153.31352937445297,104.16448641120827,-4.944893499515558,-0.08942955732345581,0.2615854740142822,AC8,6.414111213737432,False,-5.000000000000002,1.0,True,False,False,False,True,False,True,7.040005719011308,71.49265378524962,-26.35728746652603,-1.3414424657821655,0.2615854740142822
70.0,KL001,1,11.549524784319043,True,52.8267601385603,3.7628418246194095,154.32641013637476,156.7909170902753,102.62020680902661,-10.088609922815976,-0.05035120248794556,0.24477458000183105,AC8,6.107965234331401,False,0.0,1.0,True,False,False,False,True,False,True,6.748816010853045,87.18256276014657,-24.292957484722137,-0.7552671432495117,0.24477458000183105
80.0,KL001,1,10.088502497780294,True,52.82651721238655,3.7866220709428657,157.75554681051628,160.2678821298411,101.04443123598544,-10.24765535119991,-0.03395205736160278,0.22930598258972168,AC8,5.803892292945157,False,0.0,1.0,True,False,False,False,True,False,True,6.567975416372033,113.00668980428009,-28.0947607755661,-0.5092817544937134,0.22930598258972168
90.0,KL001,1,8.657288582854958,True,52.82626903405178,3.810916318253551,161.18467259701157,163.7444192548096,99.43541658118261,-10.41534358312191,-0.017799317836761475,0.21249210834503174,AC8,5.51060772519441,False,0.0,1.0,True,False,False,False,True,False,True,6.380432014780889,139.73372133549137,-33.279575407505035,-0.2669897675514221,0.21249210834503174
100.0,KL001,1,7.307044319604568,True,52.82601746481253,3.8355423604419543,162.99999999999994,165.5846750214427,97.80531576554118,-10.590952364659472,-0.013828516006469727,0.19886291027069092,AC8,5.227946735276809,False,0.0,0.19886291027069092,True,False,False,False,True,False,True,6.141859152859664,157.2864302052576,-40.54533630609512,-0.20742863416671753,0.19886291027069092
110.0,KL001,1,4.868922948465672,True,52.82576573793667,3.86018369091131,162.99999999999994,165.5846750214427,96.17514435589082,-10.772627950281162,-0.01085895299911499,0.30760657787323,AC8,4.953232817823518,False,5.000000000000002,0.30760657787323,True,False,False,False,True,False,True,6.566054419158521,163.96667854253985,-13.336086720228195,-0.16288384795188904,0.30760657787323
120.0,KL001,1,3.3031121133633214,True,52.8243599088122,3.8847134526263276,162.99999999999994,165.5846750214427,94.5280709413191,-5.883368917917494,-0.07757961750030518,0.31581592559814453,AC8,4.747197645725502,False,0.0,0.31581592559814453,True,False,False,False,True,False,True,6.415164466263963,177.50377403402592,-27.253477871418,-1.1636951565742493,0.31581592559814453
130.0,KL001,1,1.9603054233791781,True,52.82281145533504,3.9092233688626443,162.99999999999994,165.5846750214427,92.87947666343844,-5.988283305798632,-0.1390836238861084,0.26824164390563965,AC8,4.555683103739104,False,0.0,0.26824164390563965,True,False,False,False,True,False,True,6.289630587235499,179.75980369611344,-45.0,0.0,0.26824164390563965
140.0,KL001,1,92.63410940028864,True,52.821263001857886,3.933732411721324,162.99999999999994,165.5846750214427,91.23120522217093,-6.0969890178193396,-0.05854552984237671,0.407870888710022,AC8,4.372222946819365,False,0.0,0.407870888710022,True,True,False,True,True,False,True,6.2025993255095155,181.6108101495435,6.096988990902901,-0.8781830593943596,0.407870888710022
150.0,KL001,1,90.95808684065702,True,52.81971454838073,3.958240581282509,162.99999999999994,165.5846750214427,89.5832744268783,-6.209694521986563,-0.007057905197143555,0.2766733169555664,AC8,4.1979312563234865,False,20.0,0.2766733169555664,True,False,False,False,True,False,True,7.663792789258998,157.8922872290886,6.209694743156433,-0.10586880147457123,0.2766733169555664
160.0,KL001,1,89.28118108225219,True,52.81595479242529,3.9820026269277946,162.99999999999994,165.5846750214427,87.93485921897461,9.660429317796968,0.025469183921813965,0.38396167755126953,AC8,4.123301651403544,False,0.0,0.38396167755126953,True,False,False,False,True,False,True,7.591077058385349,160.31822871267576,-9.660429060459137,0.3820377588272095,0.38396167755126953
170.0,KL001,1,87.62334247114012,True,52.81042658023043,4.004879500888617,162.99999999999994,165.5846750214427,86.3054086817216,9.845248727342891,-0.008214473724365234,0.4829216003417969,AC8,4.116349143491959,False,0.0,0.4829216003417969,True,False,False,False,True,False,True,7.5792353567359045,149.21277375544318,-9.845248684287071,-0.12321732938289642,0.4829216003417969
180.0,KL001,1,85.96661012429398,True,52.804898368035566,4.027753465971522,162.99999999999994,165.5846750214427,84.67689108747841,10.037179195726566,-0.008294343948364258,0.486391544342041,AC8,4.109420074877414,False,0.0,0.486391544342041,True,False,False,False,True,False,True,7.567532074756187,137.52650458278632,-10.03717951476574,-0.12441493570804596,0.486391544342041
190.0,KL001,1,84.31103811210075,True,52.799370155840705,4.0506245231290565,162.99999999999994,165.5846750214427,83.04936128220545,10.23663460240266,-0.00856637954711914,0.4899623394012451,AC8,4.102520018067383,False,5.000000000000002,0.4899623394012451,True,False,False,False,True,False,True,7.646690717760836,122.90205315984474,-10.236634612083435,-0.12849591672420502,0.4899623394012451
200.0,KL001,1,82.68659823698151,True,52.79278709006674,4.0727101174623215,162.99999999999994,165.5846750214427,81.45251729912209,15.53238459821182,0.13705122470855713,0.4815366268157959,AC8,4.128525149560272,False,-5.000000000000002,0.4815366268157959,True,False,False,False,True,False,True,7.6127922682627265,113.57560155274987,-15.532384067773819,2.055768370628357,0.4815366268157959
210.0,KL001,1,81.03753250553265,True,52.78712732868997,4.095481663895178,162.99999999999994,165.5846750214427,79.83111512931427,10.761167189241093,-0.009575724601745605,0.4977133274078369,AC8,4.1255073279783545,False,5.000000000000002,0.4977133274078369,True,False,False,False,True,False,True,7.688173656640242,110.56884991104225,-10.761167407035828,-0.14363564550876617,0.4977133274078369
220.0,KL001,1,79.4174676496348,True,52.780544262916,4.117561044111131,162.99999999999994,165.5846750214427,78.2382932274403,16.079764925799907,0.14777922630310059,0.41807663440704346,AC8,4.151373755880733,False,-5.000000000000002,0.41807663440704346,True,False,False,False,True,False,True,7.648308845434891,112.50235622288335,-16.079765260219574,2.2166888415813446,0.41807663440704346
230.0,KL001,1,77.77197858286836,True,52.77488450153923,4.140326184863527,162.99999999999994,165.5846750214427,76.62012257495046,11.329715168629207,0.02947866916656494,0.43445539474487305,AC8,4.1480094193623875,False,5.000000000000002,0.43445539474487305,True,False,False,False,True,False,True,7.728792681975592,110.22315662652198,-11.329715251922607,0.44218026101589203,0.43445539474487305
240.0,KL001,1,76.15678162246616,True,52.76830143576527,4.162399355465592,162.99999999999994,165.5846750214427,75.03182257128475,16.673987979156266,0.15601325035095215,0.42644715309143066,AC8,4.173724534250837,False,-5.000000000000002,0.0,True,False,False,False,True,False,True,7.6830031013496205,124.7924486477063,-16.673988550901413,2.340199202299118,0.42644715309143066
250.0,KL001,1,74.51531969579426,True,52.76264169303926,4.1851580235851555,162.99948246847995,165.58415040001668,73.41734015055394,11.947932867387408,-0.0027036070823669434,0.442795991897583,AC8,4.170013668775709,False,5.000000000000002,0.442795991897583,True,False,False,False,True,False,True,7.583172786452807,131.33837844554702,-11.947932243347168,-0.040553659200668335,0.442795991897583
260.0,KL001,1,72.90556882040528,True,52.75605862726529,4.207224989081841,162.99999999999994,165.5846750214427,71.83414839776653,17.321188440446008,0.1500765085220337,0.43428468704223633,AC8,4.1955655315688505,False,-5.000000000000002,0.43428468704223633,True,False,False,False,True,False,True,6.206643326074929,151.78713735492934,-17.321188151836395,2.2511471807956696,0.43428468704223633
270.0,KL001,1,71.26865216631263,True,52.75039886588852,4.229977332403586,162.99999999999994,165.5846750214427,70.22388003169058,12.622463662409018,-0.009935736656188965,0.4683420658111572,AC8,4.191515766880863,False,5.000000000000002,0.4683420658111572,True,False,False,False,True,False,True,7.22047432998664,157.86011652804842,-12.622463554143906,-0.14903560280799866,0.4683420658111572
280.0,KL001,1,69.66502999578316,True,52.743815800114554,4.252038097280137,162.99999999999994,165.5846750214427,68.64648881149927,18.02859404442637,0.14215147495269775,0.4521526098251343,AC8,4.216893044845642,False,-5.000000000000002,0.4521526098251343,True,False,False,False,True,False,True,6.31090575554643,176.85666761592125,-18.028593957424164,2.1322716772556305,0.4521526098251343
290.0,KL001,1,68.03329517645203,True,52.738156038737785,4.274784048832954,162.99999999999994,165.5846750214427,67.04107997966537,13.361152411420278,-0.006812930107116699,0.46655917167663574,AC8,4.212504910260154,False,5.000000000000002,0.46655917167663574,True,False,False,False,True,False,True,7.032975531543167,169.79998131930327,-13.361151963472366,-0.10219350457191467,0.46655917167663574
300.0,KL001,1,66.43661309822085,True,52.73157297296382,4.296838617579716,162.99999999999994,165.5846750214427,65.47031219415399,18.804764899038446,0.15206634998321533,0.2790259122848511,AC8,4.2376968827072865,False,-5.000000000000002,0.2790259122848511,True,False,False,False,True,False,True,6.416816604404028,178.19247712426443,-18.80476489663124,2.280994802713394,0.2790259122848511
310.0,KL001,1,64.81081975924923,True,52.72591321158705,4.319578181991804,162.99999999999994,165.5846750214427,63.87053339655194,14.173324979176414,0.01937258243560791,0.2658156156539917,AC8,4.232973620139943,False,5.000000000000002,-1.0,True,False,False,False,True,False,True,6.84166971971698,173.31594684901827,-14.173324853181839,0.29058918356895447,0.2658156156539917
320.0,KL001,1,63.25040127212838,True,52.719447094479385,4.341232411138855,159.5698558018131,162.1073281443386,62.3352701175592,19.651070698762965,0.11286306381225586,0.3101499080657959,AC8,4.243862208177804,False,-5.000000000000002,1.0,True,False,False,False,True,False,True,6.521473670301917,176.55022013674736,-19.65107023715973,1.692945957183838,0.3101499080657959
330.0,KL001,1,61.636202047760186,True,52.71380871519156,4.363898994606315,162.9989758278047,165.5836368186249,60.7467122622011,15.059149510217367,0.01600635051727295,0.2714575529098511,AC8,4.23630117460083,False,5.000000000000002,-1.0,True,False,False,False,True,False,True,6.659833372483344,161.80771849666291,-15.059149861335754,0.24009525775909424,0.2714575529098511
340.0,KL001,1,60.08459925291175,True,52.70734263820969,4.385547075585149,159.56883163286997,162.10628981872554,59.21998619045237,20.584959559899517,-0.07771152257919312,-0.024834394454956055,AC7,3.6487413071747765,False,-5.000000000000002,1.0,True,False,False,False,True,False,True,6.627661882951326,150.89513393805885,-20.584959089756012,-1.1656732857227325,-0.024834394454956055
350.0,KL001,1,58.47825350595463,True,52.70170429557873,4.408207231058417,162.99795166211362,165.5825986223627,57.63900300567842,16.040745979646886,0.011166214942932129,0.03617227077484131,AC7,3.645481706489725,False,5.000000000000002,-1.0,True,False,False,False,True,False,True,6.749347966157332,135.4135347103018,-16.040745824575424,0.16749322414398193,0.03617227077484131
360.0,KL001,1,56.93683201384871,True,52.69523825872239,4.429849168284295,159.56780747043064,162.10525149966904,56.12219919841172,21.622239807528274,-0.05237084627151489,0.011644721031188965,AC8,4.2497893647373965,False,-5.000000000000002,1.0,True,False,False,False,True,False,True,7.774671497256749,123.61001870778989,-21.622240394353867,-0.7855626940727234,0.011644721031188965
370.0,KL001,1,55.33968525190905,True,52.689599952748125,4.452502900379965,162.9969275029256,165.58156043265424,54.55015544785075,17.13385159129544,-0.20487087965011597,0.13695430755615234,AC8,4.241484170369398,False,5.000000000000002,-1.0,True,False,False,False,True,False,True,7.8941745239876076,110.58297392009966,-17.133851945400238,-3.0730631947517395,0.13695430755615234
380.0,KL001,1,53.81011803546769,True,52.68313395601709,4.474138698263873,159.56678331449442,162.1042131871676,53.044970639865674,22.78027908165336,-0.07454884052276611,0.11312448978424072,AC8,4.251993584380464,False,-5.000000000000002,1.0,True,False,False,False,True,False,True,7.7713835798074555,111.2253436826005,-22.780280113220215,-1.11823171377182,0.11312448978424072
390.0,KL001,1,52.223840624608506,True,52.677495686699224,4.49678601159407,162.99590335024158,165.58052224950163,51.48356050705999,18.35766140296448,-0.20919835567474365,0.14483857154846191,AC8,4.243319008851046,False,5.000000000000002,-1.0,True,False,False,False,True,False,True,7.896375829813448,109.9068929350151,-18.35766077041626,-3.137975335121155,0.14483857154846191
400.0,KL001,1,50.708196588292914,True,52.67102973009318,4.518415674542722,159.56575916506188,162.10317488122257,49.99209281544679,24.080333677512897,-0.07823854684829712,0.12194037437438965,AC8,4.253678624273591,False,-5.000000000000002,1.0,True,False,False,False,True,False,True,7.7672359851982185,111.23648402393434,-24.080333411693573,-1.1735790967941284,0.12194037437438965
410.0,KL001,1,49.1348825648499,True,52.6653914974315,4.5410565737151005,162.99487920406045,165.57948407290306,48.44343997365246,19.7357623817432,-0.2121279239654541,0.1519535779953003,AC8,4.244636822752705,False,5.000000000000002,0.1519535779953003,True,False,False,False,True,False,True,7.897657424633652,108.84773002814981,-19.73576232790947,-3.1819193065166473,0.1519535779953003
420.0,KL001,1,47.60850037232684,True,52.65880843165753,4.563074408536216,162.99999999999994,165.5846750214427,46.94150094906217,25.56380530092264,0.07266497611999512,0.30594706535339355,AC8,4.268820921861457,False,0.0,0.30594706535339355,True,False,False,False,True,False,True,7.94146979349274,108.304977161145,-25.56380420923233,1.0899746417999268,0.30594706535339355
430.0,KL001,1,46.09948174377066,True,52.65209613346357,4.5849876117824975,162.99999999999994,165.5846750214427,45.456830190788466,26.46455361488512,0.08139872550964355,0.29942965507507324,AC8,4.29735001114442,False,0.0,0.29942965507507324,True,False,False,False,True,False,True,7.993180219986359,118.59985148497154,-26.464554369449615,1.220981776714325,0.29942965507507324
440.0,KL001,1,44.602501014096724,True,52.64538383526961,4.606897451275121,162.99999999999994,165.5846750214427,43.98415073665288,27.425870798240425,0.06964290142059326,0.3142063617706299,AC8,4.326023534937749,False,0.0,0.3142063617706299,True,False,False,False,True,False,True,8.045184572649621,129.621067023494,-27.42587149143219,1.0446426272392273,0.3142063617706299
450.0,KL001,1,43.11878789183035,True,52.63867153707565,4.628803928347236,162.99999999999994,165.5846750214427,42.52470841581124,28.453478657683235,0.06888771057128906,0.31921839714050293,AC8,4.354830392850746,False,0.0,0.31921839714050293,True,False,False,False,True,False,True,8.097461792777773,140.36971482209194,-28.453479409217834,1.033315658569336,0.31921839714050293
460.0,KL001,1,41.64973539721271,True,52.63195923888169,4.650707044331283,162.99999999999994,165.5846750214427,41.07991407175933,29.55374420393548,0.0670163631439209,0.324973464012146,AC8,4.383759815861885,False,0.0,0.324973464012146,True,False,False,False,True,False,True,8.149991431831486,141.1408583438147,-29.55374300479889,1.005246341228485,0.324973464012146
470.0,KL001,1,40.196925134729945,True,52.62524694068773,4.672606800558996,162.99999999999994,165.5846750214427,39.651368940372045,30.73375148558847,0.06376051902770996,0.3316190242767334,AC8,4.4128013585883235,False,0.0,0.3316190242767334,True,False,False,False,True,False,True,8.202753638462807,140.96096270962704,-30.733751356601715,0.956408679485321,0.3316190242767334
480.0,KL001,1,38.76215668592513,True,52.61853464249377,4.694503198361407,162.99999999999994,165.5846750214427,38.24089410778972,32.00137682781485,0.060451626777648926,0.33814406394958496,AC8,4.4419448914724775,False,45.0,0.33814406394958496,True,False,False,False,True,False,True,8.255729145270973,53.26003199947087,-32.00137674808502,0.9067744016647339,0.33814406394958496
490.0,KL001,1,37.50703126588979,True,52.609915484037764,4.714408396109944,162.99999999999994,165.5846750214427,37.00942459842574,49.490797648532094,-0.0550115704536438,0.30403029918670654,AC8,4.531970080586999,False,-10.000000000000004,0.30403029918670654,True,True,True,True,True,True,True,8.418889516812547,119.05206987059009,-45.0,0.0,0.30403029918670654
500.0,KL001,1,36.27894921182956,True,52.60132423948329,4.734394631372128,162.99999999999994,165.5846750214427,35.8052412623008,41.2665118588225,0.021918296813964844,0.40049123764038086,AC8,4.6269335555946025,False,45.0,0.40049123764038086,True,False,False,False,True,False,True,8.591511849567134,40.637553113979166,-41.26651257276535,0.32877445220947266,0.40049123764038086
510.0,KL001,1,35.22139293572578,True,52.59152331208778,4.752749371320559,162.99999999999994,165.5846750214427,34.77110134408586,59.171715671086815,-0.09261202812194824,0.38164830207824707,AC8,4.765371810777455,False,34.99999999999999,0.38164830207824707,True,False,False,False,True,False,True,8.843210378501523,28.542225680747357,-45.0,0.0,0.38164830207824707
520.0,KL001,1,34.6182922326831,True,52.57905372204591,4.766005655033296,162.99999999999994,165.5846750214427,34.188940089395,77.55665326568379,-0.20397090911865234,0.4210484027862549,AC8,4.994693139863689,False,20.0,0.4210484027862549,True,False,False,False,True,False,True,9.259707564784822,17.054729301570482,-45.0,0.0,0.4210484027862549
530.0,KL001,1,34.53877470028439,True,52.56486047919804,4.7731613959366515,162.99999999999994,165.5846750214427,34.126585650340495,96.14413674623631,-0.2719917297363281,0.46170520782470703,AC8,5.308489596617455,False,5.000000000000002,0.46170520782470703,True,False,False,False,True,False,True,9.831515072079334,6.205994470389375,-45.0,0.0,0.46170520782470703
540.0,KL001,1,34.8731276208578,True,52.55003952265983,4.775493965169123,162.99999999999994,165.5846750214427,34.47477869341713,103.84706960212924,-0.2923610210418701,0.47179079055786133,AC8,5.721027665262747,False,-45.0,0.47179079055786133,False,False,False,False,False,False,False,10.589141281750129,0.0,-45.0,0.0,0.47179079055786133
550.0,KL001,1,35.04839433103467,True,52.53561226237975,4.781240621835935,162.99999999999994,165.5846750214427,34.66722135664794,90.73882028540697,-0.12663131952285767,0.45318055152893066,AC8,6.20819317410705,False,-45.0,0.45318055152893066,False,False,False,False,False,False,False,11.489905133486403,0.0,-45.0,0.0,0.45318055152893066
560.0,KL001,1,34.84182486104825,True,52.52268470115973,4.793234119594905,162.99999999999994,165.5846750214427,34.482626178930914,77.62926072090329,-0.07479476928710938,0.36197423934936523,AC8,6.640290978907632,False,-40.0,0.36197423934936523,True,False,False,False,True,False,False,11.064523913126596,0.0,-45.0,0.0,0.36197423934936523
570.0,KL001,1,34.263297143623866,True,52.51223655625784,4.810562732495618,162.99999999999994,165.5846750214427,33.928980245997025,64.40412423171739,0.013207435607910156,0.433290958404541,AC8,6.919750023205628,False,-25.0,0.433290958404541,True,False,False,False,True,False,False,10.533589425583777,0.0,-45.0,0.1981106400489807,0.433290958404541
580.0,KL001,1,33.33970575100803,True,52.50505964197691,4.831912148767257,162.99999999999994,165.5846750214427,33.031156232444275,50.94313979844367,-0.06886929273605347,0.47983479499816895,AC8,6.990614606685398,False,-5.000000000000002,0.47983479499816895,True,False,False,False,True,False,False,11.173822358134187,0.0,-45.0,0.0,0.47983479499816895
590.0,KL001,1,32.200818831714635,True,52.500621634669926,4.855258979963828,162.99999999999994,165.5846750214427,31.917499216889013,48.09559644366993,-0.0501328706741333,0.5160303115844727,AC8,6.8902264723637,False,0.0,0.5160303115844727,True,False,False,False,True,False,False,10.952295204086548,0.0,-45.0,0.0,0.5160303115844727
600.0,KL001,1,31.09774968620537,True,52.49631958150701,4.878676796040374,162.99999999999994,165.5846750214427,30.839573897441223,50.38190542619134,0.033356666564941406,0.03959524631500244,AC8,6.781351131408548,False,0.0,0.03959524631500244,True,False,False,False,True,False,False,10.750375224169138,0.0,-45.0,0.5003499984741211,0.03959524631500244
610.0,KL001,1,30.047383845585486,True,52.49201752834409,4.902092321055788,162.99999999999994,165.5846750214427,29.814257619993878,52.82959712184734,0.03063952922821045,0.04351401329040527,AC8,6.672394665496223,False,0.0,0.04351401329040527,True,False,False,False,True,False,False,10.548566977594165,0.0,-45.0,0.45959383249282837,0.04351401329040527
620.0,KL001,1,29.055411654416265,True,52.487715475181176,4.925505555590302,162.99999999999994,165.5846750214427,28.847160657899618,55.44646017842609,0.022672295570373535,0.057387709617614746,AC8,6.563368237126865,False,0.0,0.057387709617614746,True,False,False,False,True,False,False,10.346910302614068,0.0,-45.0,0.34008532762527466,0.057387709617614746
630.0,KL001,1,28.12798498388851,True,52.48341342201826,4.948916500223948,162.99999999999994,165.5846750214427,27.944328298753348,58.238568875043086,0.20138967037200928,0.15965557098388672,AC8,6.454283795293958,False,5.000000000000002,0.15965557098388672,True,False,False,False,True,False,False,11.35145671097279,0.0,-45.0,3.020845949649811,0.15965557098388672
640.0,KL001,1,27.386733676902185,True,52.47801930339274,4.971702113313142,162.99999999999994,165.5846750214427,27.227481409579475,66.32964620644105,0.1722240447998047,0.1590803861618042,AC8,6.412206280221126,False,0.0,0.1590803861618042,True,False,False,False,True,False,False,11.30476744197543,0.0,-45.0,2.583361566066742,0.1590803861618042
650.0,KL001,1,26.74430593498798,True,52.47249109119788,4.994402905361574,162.99999999999994,165.5846750214427,26.608803141498797,69.59052428919293,0.24275100231170654,0.32949650287628174,AC8,6.378177000367099,False,0.0,0.32949650287628174,True,False,False,False,True,False,False,11.238475139251875,0.0,-45.0,3.641265034675598,0.32949650287628174
660.0,KL001,1,26.192890033568375,True,52.46696287900302,5.01710084600233,162.99999999999994,165.5846750214427,26.080235673912213,72.9950119788167,0.17746293544769287,0.33095383644104004,AC8,6.343939736469,False,0.0,0.33095383644104004,True,False,False,False,True,False,False,11.171835234389466,0.0,-45.0,2.6619449257850647,0.33095383644104004
670.0,KL001,1,25.73830078355421,True,52.46143466680816,5.039795936162891,162.99999999999994,165.5846750214427,25.647351015063563,76.52728518852348,0.1530165672302246,0.38321709632873535,AC8,6.309496296786915,False,0.0,0.38321709632873535,True,False,False,False,True,False,False,11.104852136348649,0.0,-45.0,2.2952494025230408,0.38321709632873535
680.0,KL001,1,25.38570460593219,True,52.4559064546133,5.062488176770338,162.99999999999994,165.5846750214427,25.315058251813248,80.16646848359187,0.1501685380935669,0.37363624572753906,AC8,6.274848544793887,False,0.0,0.37363624572753906,True,False,False,False,True,False,False,11.037530395988055,0.0,-45.0,2.252527177333832,0.37363624572753906
690.0,KL001,1,25.139357277483008,True,52.45037824241844,5.085177568751351,162.99999999999994,165.5846750214427,25.087354970718895,83.88699955945094,0.14774882793426514,0.3635900020599365,AC8,6.239998401284042,False,0.0,0.3635900020599365,True,False,False,False,True,False,False,10.969874711727774,0.0,-45.0,2.2162315249443054,0.3635900020599365
700.0,KL001,1,25.002363265616122,True,52.44485003022358,5.107864113032206,162.99999999999994,165.5846750214427,24.96710306973147,87.65945799935258,0.14569401741027832,0.35330235958099365,AC8,6.204947846571516,False,0.0,0.35330235958099365,True,False,False,False,True,False,False,10.901889935466498,0.0,-45.0,2.185410261154175,0.35330235958099365
710.0,KL001,1,24.97648567478298,True,52.439321818028716,5.130547810538777,162.99999999999994,165.5846750214427,24.955856015952484,91.45182506916137,0.17554175853729248,0.27114689350128174,AC8,6.169698922783341,False,0.0,0.27114689350128174,True,False,False,False,True,False,False,10.833581078763807,0.0,-45.0,2.633127272129059,0.27114689350128174
720.0,KL001,1,25.06203250796039,True,52.433793605833856,5.15322866219654,162.99999999999994,165.5846750214427,25.053760743517245,95.23105737174302,0.014891386032104492,0.298877477645874,AC8,6.134253736264428,False,0.0,0.298877477645874,True,False,False,False,True,False,False,10.764953319319243,0.0,-45.0,0.223371684551239,0.298877477645874
730.0,KL001,1,25.257835732629925,True,52.428265393638995,5.175906668930565,162.99999999999994,165.5846750214427,25.259548218085143,98.96478932306331,0.06046009063720703,0.20012474060058594,AC8,6.098614460074172,False,0.0,0.20012474060058594,True,False,False,False,True,False,False,10.696012007728404,0.0,-45.0,0.9069004654884338,0.20012474060058594
740.0,KL001,1,25.561326291948518,True,52.422737181444134,5.198581831665521,162.99999999999994,165.5846750214427,25.570614048515136,102.62295009698516,-0.14477509260177612,0.007279515266418457,AC8,6.062783336606829,False,0.0,0.007279515266418457,True,False,False,False,True,False,False,10.626762674565041,0.0,-45.0,0.0,0.007279515266418457
750.0,KL001,1,25.968694035409484,True,52.41720896924927,5.221254151325684,162.99999999999994,165.5846750214427,25.983177528096185,106.17910024057795,-0.14760816097259521,-0.00233536958694458,AC8,6.0267626803253584,False,0.0,-0.00233536958694458,True,False,False,False,True,False,False,10.55695183201236,0.0,-45.0,0.0,-0.00233536958694458
760.0,KL001,1,26.475081271186312,True,52.41168104563623,5.243922445532317,162.99147302266815,165.57603122783388,26.492468378929694,109.61117904225489,-0.15009921789169312,-0.011764347553253174,AC8,5.990539216949431,False,0.0,-0.011764347553253174,True,False,False,False,True,False,False,10.485726959980886,0.0,-45.0,0.0,-0.011764347553253174
770.0,KL001,1,27.074755522459757,True,52.40615450502854,5.266582228635015,162.95060819813713,165.53460653465157,27.09288916290981,112.90170081721726,-0.15254491567611694,-0.021559476852416992,AC8,5.9540550110098645,False,0.0,-0.021559476852416992,True,False,False,False,True,False,False,10.412896588433615,0.0,-45.0,0.0,-0.021559476852416992
780.0,KL001,1,27.761414630618315,True,52.4006304843505,5.289228843003749,162.87614986670576,165.45912793166607,27.77830831701418,116.03831974412947,-0.15514588356018066,-0.030784130096435547,AC8,5.91724760213522,False,0.0,-0.030784130096435547,True,False,False,False,True,False,False,10.338369770452458,0.0,-45.0,0.0,-0.030784130096435547
790.0,KL001,1,28.528457366635518,True,52.39511005431605,5.311857904726325,162.77005465492593,165.3515785957047,28.542317121454595,119.01357321302856,0.012262821197509766,0.5128235816955566,AC8,5.880055952147655,False,0.0,0.5128235816955566,True,False,False,False,True,False,False,10.274317569466152,0.0,-45.0,0.18394321203231812,0.5128235816955566
800.0,KL001,1,29.371177455916392,True,52.38958184212119,5.33451603001572,162.99999999999994,165.5846750214427,29.380399268025663,121.83042431199647,0.015805602073669434,0.5074074268341064,AC8,5.843117556091536,False,5.000000000000002,0.5074074268341064,True,False,False,False,True,False,False,10.81349023209272,0.0,-45.0,0.23708313703536987,0.5074074268341064
810.0,KL001,1,30.384888738753897,True,52.38299877634722,5.356396049950325,162.99999999999994,165.5846750214427,30.388483926127012,129.34008826289318,0.1880345344543457,0.5290651321411133,AC8,5.869982982293037,False,-5.000000000000002,0.5290651321411133,True,False,False,False,True,False,False,10.281829975599974,0.0,-45.0,2.820517122745514,0.5290651321411133
820.0,KL001,1,31.367311447720816,True,52.37733901497045,5.378955684418875,162.99999999999994,165.5846750214427,31.363789118570498,126.81406253838946,0.018067359924316406,0.49906325340270996,AC8,5.840572384250342,False,5.000000000000002,0.49906325340270996,True,False,False,False,True,False,False,10.808323224226204,0.0,-45.0,0.2710103988647461,0.49906325340270996
830.0,KL001,1,32.48949784243829,True,52.370755949196486,5.400829638633686,162.99999999999994,165.5846750214427,32.4783288959485,134.00315947806877,0.18976867198944092,0.5197081565856934,AC8,5.866927752011138,False,-5.000000000000002,0.5197081565856934,True,False,False,False,True,False,False,10.268839388793564,0.0,-45.0,2.846529185771942,0.5197081565856934
840.0,KL001,1,33.575568201800166,True,52.36509618781972,5.423383020375406,162.99999999999994,165.5846750214427,33.55545998685276,131.1763428557545,0.020198822021484375,0.4910651445388794,AC8,5.837058408988091,False,5.000000000000002,0.4910651445388794,True,False,False,False,True,False,False,10.801366284437174,0.0,-45.0,0.3029823303222656,0.4910651445388794
850.0,KL001,1,34.78583485829273,True,52.35851312204575,5.445250913230817,162.99999999999994,165.5846750214427,34.756671686243315,138.07912420834248,0.19110774993896484,0.5106368064880371,AC8,5.86290454874777,False,0.0,0.5106368064880371,True,False,False,False,True,False,False,10.850828128816007,0.0,-45.0,2.8666162490844727,0.5106368064880371
860.0,KL001,1,36.04281478573629,True,52.35180082385179,5.467014923165848,162.99999999999994,165.5846750214427,36.0041981138565,139.83407151252527,0.19143545627593994,0.5062377452850342,AC8,5.896347466024963,False,-5.000000000000002,0.5062377452850342,True,False,False,False,True,False,False,10.311304060469384,0.0,-45.0,2.8715327382087708,0.5062377452850342
870.0,KL001,1,37.248311156267974,True,52.34614106247502,5.489558632901625,162.99999999999994,165.5846750214427,37.199056623077134,136.6192488769277,0.021716713905334473,0.48151910305023193,AC8,5.865746529643153,False,5.000000000000002,0.48151910305023193,True,False,False,False,True,False,False,10.85377343423036,0.0,-45.0,0.3257516026496887,0.48151910305023193
880.0,KL001,1,38.558751936791616,True,52.33955799670105,5.51141714976604,162.99999999999994,165.5846750214427,38.49921006717144,143.1623496879755,0.19599103927612305,0.501399040222168,AC8,5.890844344104492,False,-5.000000000000002,0.501399040222168,True,False,False,False,True,False,False,10.293917535331037,0.0,-45.0,2.939864695072174,0.501399040222168
890.0,KL001,1,39.82705612894596,True,52.333898235324284,5.53395461821911,162.99999999999994,165.5846750214427,39.75620490266606,139.7313270775026,0.02298593521118164,0.474440336227417,AC8,5.859791037517274,False,5.000000000000002,0.474440336227417,True,False,False,False,True,False,False,10.842303802047411,0.0,-45.0,0.34478992223739624,0.474440336227417
900.0,KL001,1,41.189710787869274,True,52.32731516955032,5.5558070848166885,162.99999999999994,165.5846750214427,41.10813141923152,146.07701647680767,0.19592607021331787,0.4931519031524658,AC8,5.884381500196206,False,-5.000000000000002,0.4931519031524658,True,False,False,False,True,False,False,10.274821857227723,0.0,-45.0,2.938891053199768,0.4931519031524658
910.0,KL001,1,42.50960385353917,True,52.32165540817355,5.578338316470372,162.99999999999994,165.5846750214427,42.4163182976541,142.46031100603233,-0.10630911588668823,0.32422876358032227,AC8,5.852878991193949,False,5.000000000000002,0.32422876358032227,True,False,False,False,True,False,False,10.82906725580665,0.0,-45.0,0.0,0.32422876358032227
920.0,KL001,1,43.914849147519696,True,52.31507234239958,5.600184737146711,162.99999999999994,165.5846750214427,43.81061798733955,148.63807526693432,0.08123445510864258,0.2985154390335083,AC8,5.876963051365375,False,0.0,0.2985154390335083,True,False,False,False,True,False,False,10.876823466662303,0.0,-45.0,1.2185168266296387,0.2985154390335083
930.0,KL001,1,45.345736032136664,True,52.30836004420562,5.621927382083858,162.99999999999994,165.5846750214427,45.23066138557085,149.72565386685358,-0.024490952491760254,0.3530387878417969,AC8,5.9086238558596715,False,-5.000000000000002,0.3530387878417969,True,False,False,False,True,False,False,10.307952010160513,0.0,-45.0,0.0,0.3530387878417969
940.0,KL001,1,46.725468804009544,True,52.30270028282885,5.644448966361411,162.99999999999994,165.5846750214427,46.59847241529708,145.8807714607634,-0.17342889308929443,0.35536789894104004,AC8,5.876401486115412,False,5.000000000000002,0.35536789894104004,True,False,False,False,True,False,False,10.871922782676474,0.0,-45.0,0.0,0.35536789894104004
950.0,KL001,1,48.179684983919294,True,52.296117217054885,5.666286034919949,162.99999999999994,165.5846750214427,48.04172203856816,151.85433268612866,-0.0239715576171875,0.3428901433944702,AC8,5.899740084777134,False,-5.000000000000002,0.3428901433944702,True,False,False,False,True,False,False,10.284524494622346,0.0,-45.0,0.0,0.3428901433944702
960.0,KL001,1,49.591866290799786,True,52.290457455678116,5.6888013938034225,162.99999999999994,165.5846750214427,49.441989229752146,147.88376310439259,-0.17851638793945312,0.34710001945495605,AC8,5.867075556314184,False,5.000000000000002,0.34710001945495605,True,False,False,False,True,False,False,10.854225477534568,0.0,-45.0,0.0,0.34710001945495605
970.0,KL001,1,51.07246323115927,True,52.28387438990415,5.710632427495666,162.99999999999994,165.5846750214427,50.911725713035885,153.7453924553688,-0.038134634494781494,0.3837393522262573,AC8,5.88990990115109,False,0.0,0.3837393522262573,True,False,False,False,True,False,False,10.900774425659048,0.0,-45.0,0.0,0.3837393522262573
980.0,KL001,1,52.57090817536868,True,52.27716209171019,5.732359762250467,162.99999999999994,165.5846750214427,52.39955156449141,154.54303406013133,-0.0417017936706543,0.3811908960342407,AC8,5.920307291864235,False,-5.000000000000002,0.3811908960342407,True,False,False,False,True,False,False,10.3110375578847,0.0,-45.0,0.0,0.3811908960342407
990.0,KL001,1,54.021306251746,True,52.27150233033342,5.754865491394718,162.99999999999994,165.5846750214427,53.83822697633974,150.41781076567486,-0.2355397343635559,0.3935812711715698,AC8,5.886931633241888,False,5.000000000000002,0.3935812711715698,True,False,False,False,True,False,False,10.890301985916704,0.0,-45.0,0.0,0.3935812711715698
1000.0,KL001,1,55.53270446561767,True,52.26491926455945,5.776687190064284,162.99999999999994,165.5846750214427,55.33906623597799,156.14272144060948,-0.04824841022491455,0.3762640953063965,AC8,5.909022646536341,False,-5.000000000000002,0.3762640953063965,True,False,False,False,True,False,False,10.28332536320563,0.0,-45.0,0.0,0.3762640953063965
1010.0,KL001,1,57.00438904303097,True,52.25925950318268,5.7991867051919925,162.99999999999994,165.5846750214427,56.79922260577836,151.9312153739113,-0.24120944738388062,0.3873041868209839,AC8,5.87521233284505,False,5.000000000000002,0.3873041868209839,True,False,False,False,True,False,False,10.868182318901695,0.0,-45.0,0.0,0.3873041868209839
1020.0,KL001,1,58.53282720816889,True,52.25267643740872,5.821002380023296,162.99999999999994,165.5846750214427,58.3173550420239,157.5800472787219,-0.03704196214675903,0.2121354341506958,AC8,5.896801375994527,False,0.0,0.2121354341506958,True,False,False,False,True,False,False,10.91352159411271,0.0,-45.0,0.0,0.2121354341506958
1030.0,KL001,1,60.07437499866142,True,52.245964139214756,5.842714432574881,162.99999999999994,165.5846750214427,59.84890616436764,158.18193996566907,-0.03760349750518799,0.20742785930633545,AC8,5.925938040123902,False,-5.000000000000002,0.20742785930633545,True,False,False,False,True,False,False,10.30327481202405,0.0,-45.0,0.0,0.20742785930633545
1040.0,KL001,1,61.57150466762609,True,52.24030437783799,5.8652043355573555,162.99999999999994,165.5846750214427,61.33488882038707,153.86327344261514,-0.31670618057250977,0.11014723777770996,AC8,5.891425759475179,False,5.000000000000002,0.11014723777770996,True,False,False,False,True,False,False,10.89752432005834,0.0,-45.0,0.0,0.11014723777770996
1050.0,KL001,1,63.1201203198576,True,52.23372131206402,5.887010692419509,162.99999999999994,165.5846750214427,62.87364855098997,159.4182264132133,-0.1353156566619873,0.06246531009674072,AC8,5.912273693429721,False,-5.000000000000002,0.06246531009674072,True,True,False,True,True,False,False,10.271326137388641,0.0,-45.0,0.0,0.06246531009674072
1060.0,KL001,1,64.63178576967783,True,52.22806155068725,5.909494392735308,162.99999999999994,165.5846750214427,64.3744505657439,155.03877244658702,-0.3211291432380676,0.10178494453430176,AC8,5.877334625948002,False,5.000000000000002,0.10178494453430176,True,True,False,True,True,False,False,10.871022346501627,0.0,-45.0,0.0,0.10178494453430176
1070.0,KL001,1,66.19184250697434,True,52.221478484913284,5.931294736760414,162.99999999999994,165.5846750214427,65.92497391350064,160.54055714882924,-0.14430058002471924,0.05020272731781006,AC8,5.897682817826932,False,0.0,0.05020272731781006,True,True,False,True,True,False,False,10.915149187047565,0.0,-45.0,0.0,0.05020272731781006
1080.0,KL001,1,67.76198283274086,True,52.214766186719324,5.952991535019861,162.99999999999994,165.5846750214427,67.48592545463761,161.0066417302105,-0.15057247877120972,0.043506741523742676,AC8,5.925561221503181,False,0.0,0.043506741523742676,True,True,False,True,True,False,False,10.966745714688516,0.0,-45.0,0.0,0.043506741523742676
1090.0,KL001,1,69.33620812730038,True,52.20805388852536,5.974685054931661,162.99999999999994,165.5846750214427,69.05114182372962,161.45162567185838,-0.1578969955444336,0.036263346672058105,AC8,5.953202957673779,False,5.000000000000002,0.036263346672058105,True,True,False,True,True,False,False,11.017904364965492,0.0,-45.0,0.0,0.036263346672058105
1100.0,KL001,1,70.94842938863178,True,52.20033197670843,5.995456160459238,162.99999999999994,165.5846750214427,70.65598230326641,166.7770367917663,-0.14258450269699097,0.04198598861694336,AC8,6.0415281436894235,False,5.000000000000002,0.04198598861694336,True,True,False,True,True,False,False,11.181379487413915,0.0,-45.0,0.0,0.04198598861694336
1110.0,KL001,1,72.58927654553698,True,52.19152998726008,6.015046405420632,162.99999999999994,165.5846750214427,72.2913278064451,171.9761726158764,-0.157950758934021,0.0511174201965332,AC8,6.195636332647588,False,5.000000000000002,0.0511174201965332,True,True,False,True,True,False,False,11.46662613218201,0.0,-45.0,0.0,0.0511174201965332
1120.0,KL001,1,74.24472889593603,True,52.18171490863479,6.03330673808551,162.99999999999994,165.5846750214427,73.94320428359872,177.05574957205454,-0.17642563581466675,0.06348836421966553,AC8,6.413315111101398,False,5.000000000000002,0.06348836421966553,True,True,False,True,True,False,False,11.869582699876581,0.0,-45.0,0.0,0.06348836421966553
1130.0,KL001,1,75.90160327746851,True,52.170961439507394,6.050098409056086,162.99999999999994,165.5846750214427,75.59844230848599,-177.97701937059168,-0.19238007068634033,0.09450674057006836,AC8,6.692928772938689,False,42.11429983377457,0.09450674057006836,False,False,False,False,False,False,False,12.387268948377685,0.0,45.0,-2.8857001662254333,0.09450674057006836
1140.0,KL001,1,77.52397374080327,True,52.15872841998578,6.06380777136658,162.99999999999994,165.5846750214427,77.22255726275218,-162.38044101322032,-0.21839213371276855,0.24537324905395508,AC8,7.076380135614338,False,41.72411888837814,0.24537324905395508,False,False,False,False,False,False,False,13.097391398269082,0.0,45.0,-3.2758811116218567,0.24537324905395508
1150.0,KL001,1,79.00384499842387,True,52.14466599555051,6.071557489037063,162.99999999999994,165.5846750214427,78.70950755787788,-147.08701958039188,-0.20560777187347412,0.3698892593383789,AC8,7.611910323999985,False,41.91588342189789,0.3698892593383789,False,False,False,False,False,False,False,14.089653132359096,0.0,45.0,-3.084116578102112,0.3698892593383789
1160.0,KL001,1,80.23988927924803,True,52.129839889246696,6.072763946886884,162.99999999999994,165.5846750214427,79.95715222679748,-132.04483765305247,-0.11479133367538452,0.4548759460449219,AC8,8.27295311034642,False,43.27812910079956,0.4548759460449219,False,False,False,False,False,False,False,15.315353483849467,0.0,45.0,-1.7218708992004395,0.4548759460449219
1170.0,KL001,1,81.15157219859981,True,52.11537369986983,6.067340028061187,162.99999999999994,165.5846750214427,80.88378181443404,-117.19269138417116,0.002074122428894043,0.4717463254928589,AC8,9.038110420397333,False,45.0,0.4717463254928589,False,False,False,False,False,False,False,16.73531324460803,0.0,45.0,0.0,0.4717463254928589
1180.0,KL001,1,111.54116396183304,True,52.10236374985453,6.05570076363671,162.99999999999994,165.5846750214427,81.43086813383978,-102.46430897003313,-0.009912192821502686,0.41084110736846924,AC8,9.888316532012256,False,-1.9319066405296326,0.41084110736846924,False,False,False,False,False,False,False,18.31449273320139,0.0,-1.7832237482070923,-0.14868289232254028,0.41084110736846924
1190.0,KL001,1,109.88532720428918,True,52.09001987029514,6.042142370821141,162.99999999999994,165.5846750214427,81.86591059125067,-105.51201399096846,-0.033345699310302734,0.42979156970977783,AC8,10.829754009784347,False,-0.3506455197930336,0.42979156970977783,False,False,False,False,False,False,False,20.06328684272449,0.0,0.1495399628765881,-0.5001854826696217,0.42979156970977783
1200.0,KL001,1,108.22970226517118,True,52.07762019167316,6.028723210777951,162.99999999999994,165.5846750214427,82.3423188431216,-106.9640273016966,-0.04209315776824951,0.4344066381454468,AC8,11.851344085864659,False,-0.12431280221790075,0.4344066381454468,False,False,False,False,False,False,False,21.960218962090796,0.0,0.5070845643058419,-0.6313973665237427,0.4344066381454468
1210.0,KL001,1,106.57426099000432,True,52.06520265052913,6.015351579375897,162.99999999999994,165.5846750214427,82.85220369863337,-108.1758741199182,-0.029233694076538086,0.4960598945617676,AC8,12.933352689962986,False,0.20205111941322684,0.4960598945617676,False,False,False,False,False,False,False,23.968455868594287,0.0,0.6405565235763788,-0.438505404163152,0.4960598945617676
1220.0,KL001,1,104.91890578296722,True,52.052814171805196,6.0019125242675395,162.99999999999994,165.5846750214427,83.38605826157149,-109.04898151871089,0.013444304466247559,0.5176267623901367,AC8,14.062334424961207,False,0.6465435493737459,0.5176267623901367,False,False,False,False,False,False,False,26.06294957582034,0.0,0.44487898238003254,0.20166456699371338,0.5176267623901367
1230.0,KL001,1,103.26364534626306,True,52.04051972338942,5.988250740130505,162.99999999999994,165.5846750214427,83.9313419317763,-109.46784139959328,0.013262033462524414,0.5123823881149292,AC8,15.229767894651495,False,-0.006407245309674181,0.5123823881149292,False,False,False,False,False,False,False,28.22786001648905,0.0,-0.20533774746581912,0.19893050215614494,0.5123823881149292
1240.0,KL001,1,101.60852900587172,True,52.02822433543329,5.974594948119316,162.99999999999994,165.5846750214427,84.50543708710045,-110.52549818235042,0.1327582597732544,0.5651109218597412,AC8,16.42679190668733,False,1.788874827325344,0.5651109218597412,False,False,False,False,False,False,False,30.446639913725264,0.0,-0.20249900640919805,1.9913738337345421,0.5651109218597412
1250.0,KL001,1,99.9545298098144,True,52.01619403360832,5.960332845368293,162.99999999999994,165.5846750214427,85.05986432729041,-109.78541692544911,0.14053022861480713,0.5504839420318604,AC8,17.65422384537772,False,0.08373772725462914,0.5504839420318604,False,False,False,False,False,False,False,32.720955776917954,0.0,-2.024215701967478,2.107953429222107,0.5504839420318604
1260.0,KL001,1,98.30082009285185,True,52.004179735260244,5.94603897812718,162.99999999999994,165.5846750214427,85.63960056884126,-110.7372617109396,0.1370246410369873,0.5504339933395386,AC8,18.902858463604527,False,-0.0881608051713556,0.5504339933395386,False,False,False,False,False,False,False,35.03355352361801,0.0,-2.1435304172337055,2.05536961206235,0.5504339933395386
1270.0,KL001,1,96.64720162853155,True,51.99215191323015,5.931778991658687,162.99999999999994,165.5846750214427,86.24929186233088,-111.84612790814435,0.24493920803070068,0.6254715919494629,AC8,20.168162871832507,False,1.5835612826049328,0.6254715919494629,False,False,False,False,False,False,False,37.278518670556906,0.0,-2.090526781976223,3.6740880645811558,0.6254715919494629
1280.0,KL001,1,94.99611150638322,True,51.9803712935727,5.9169885645660445,162.99999999999994,165.5846750214427,86.84362941266319,-111.27988964839818,0.2477562427520752,0.6196335554122925,AC8,21.454872316775365,False,-0.021535232226597145,0.6196335554122925,False,False,False,False,False,False,False,36.766093008658984,0.0,-3.7378788739442825,3.7163436417176854,0.6196335554122925
1290.0,KL001,1,93.34525068617009,True,51.96858727074651,5.902209174768632,162.99999999999994,165.5846750214427,87.4655381599215,-112.30445608691616,0.2442185878753662,0.6200911998748779,AC8,22.75423705712624,False,-0.11859801015816629,0.6200911998748779,False,False,False,False,False,False,False,36.48447235271735,0.0,-3.7818768247962,3.6632788146380335,0.6200911998748779
1300.0,KL001,1,91.69443690362976,True,51.95678442773168,5.8874732913808385,162.99999999999994,165.5846750214427,88.11700845900516,-113.41074947765816,0.013879776000976562,0.503484845161438,AC8,24.06372300727476,False,-3.5207027569413185,0.503484845161438,False,False,False,False,False,False,False,35.63083495985567,0.0,-3.728899508714676,0.2081967517733574,0.503484845161438
1310.0,KL001,1,90.04041770728548,True,51.944480379783855,5.873865779735801,162.99999999999994,165.5846750214427,88.87953495096156,-117.87761841836226,-0.05875355005264282,0.43830883502960205,AC10,23.40214042633672,False,-1.0969931446015835,0.43830883502960205,False,False,False,False,False,False,False,35.37348916522289,0.0,-0.2156898588873446,-0.8813032857142389,0.43830883502960205
1320.0,KL001,1,88.3865837040926,True,51.93198484688497,5.860726994152401,162.99999999999994,165.5846750214427,89.69929851763833,-119.89261235432872,-0.12827670574188232,0.5814216136932373,AC10,22.47067021607308,False,-1.0256743803620338,0.5814216136932373,False,False,False,False,False,False,False,35.166493906619564,0.0,0.8984762337058783,-1.924150614067912,0.5814216136932373
1330.0,KL001,1,86.73361890480157,True,51.91934631692138,5.847956696348029,162.99999999999994,165.5846750214427,90.56693411187467,-121.80976828475593,-0.13995814323425293,0.5849746465682983,AC10,21.61994308193577,False,-0.13771662837825716,0.5849746465682983,False,False,False,False,False,False,False,35.12988819199581,0.0,1.9616555236279964,-2.0993721520062536,0.5849746465682983
1340.0,KL001,1,85.08097012809162,True,51.90668889424887,5.835239278646814,162.99999999999994,165.5846750214427,91.45941360250025,-122.82050463339732,-0.1476362943649292,0.585857629776001,AC10,20.869116196683894,False,-0.07339948788285255,0.585857629776001,False,False,False,False,False,False,False,35.111326034682904,0.0,2.1411449275910854,-2.214544415473938,0.585857629776001
1350.0,KL001,1,83.42858536309627,True,51.894021432105674,5.822551734856762,162.99999999999994,165.5846750214427,92.37447248756375,-123.7491338327199,-0.1560077667236328,0.5864996910095215,AC10,20.229961441669854,False,-0.08055237878579646,0.5864996910095215,False,False,False,False,False,False,False,35.09393946485813,0.0,2.259564120322466,-2.3401164991082624,0.5864996910095215
1360.0,KL001,1,81.77648365005264,True,51.88134297605724,5.809896635638365,162.99999999999994,165.5846750214427,93.31161559878076,-124.66715245562136,-0.16490554809570312,0.587024450302124,AC10,19.713174054852157,False,-0.08485983882565051,0.587024450302124,False,False,False,False,False,False,False,35.07785282587953,0.0,2.3887233808636665,-2.473583219689317,0.587024450302124
1370.0,KL001,1,80.12468296193217,True,51.86865296532136,5.797275535487966,162.99999999999994,165.5846750214427,94.27028456925773,-125.57179616298856,-0.1743239164352417,0.5874409675598145,AC10,19.32842583587459,False,-0.08877206593751907,0.5874409675598145,False,False,False,False,False,False,False,35.063339511671295,0.0,2.5260866805911064,-2.6148587465286255,0.5874409675598145
1380.0,KL001,1,78.4732028323306,True,51.85595089699315,5.784689849983722,162.99999999999994,165.5846750214427,95.24991920184897,-126.46277983218835,-0.09322220087051392,0.5724128484725952,AC10,19.083555273445633,False,1.2732525821775198,0.5724128484725952,False,False,False,False,False,False,False,35.08381417235899,0.0,2.6715856231749058,-1.398333040997386,0.5724128484725952
1390.0,KL001,1,76.8206622123406,True,51.84342467344197,5.771653888834916,162.99999999999994,165.5846750214427,96.21838326072626,-125.98821128721676,-0.08824753761291504,0.5711870193481445,AC10,19.004097255057914,False,0.10659182444214821,0.5711870193481445,False,False,False,False,False,False,False,35.08249334919489,0.0,1.4303048886358738,-1.3237130641937256,0.5711870193481445
1400.0,KL001,1,75.16821550185733,True,51.830913452762275,5.7585838609832924,162.99999999999994,165.5846750214427,97.20270466120537,-126.66531546451199,-0.09767961502075195,0.5708990097045898,AC10,19.07599512459785,False,-0.11028707027435303,0.5708990097045898,False,False,False,False,False,False,False,35.195223700863004,0.0,1.3549071550369263,-1.4651942253112793,0.5708990097045898
1410.0,KL001,1,73.51600624811394,True,51.81838670987996,5.745556453501116,162.99999999999994,165.5846750214427,98.20736662189425,-127.5423258756665,-0.1100008487701416,0.5707685947418213,AC10,19.29434347917755,False,-0.14958701678551733,0.5707685947418213,False,False,False,False,False,False,False,35.57713929477966,0.0,1.500425711274147,-1.6500127280596644,0.5707685947418213
1420.0,KL001,1,71.8640787947842,True,51.805838987757255,5.732585613592575,162.99999999999994,165.5846750214427,99.23263675520928,-128.4414436093112,-0.12295764684677124,0.5706440210342407,AC10,19.65351309167629,False,-0.15390431508421898,0.5706440210342407,False,False,False,False,False,False,False,36.21875946043106,0.0,1.6904603876173496,-1.8443647027015686,0.5706440210342407
1430.0,KL001,1,70.21245928612004,True,51.79326977017037,5.719672935093716,162.99999999999994,165.5846750214427,100.27797431529844,-129.32783523426792,-0.1359463930130005,0.5705156326293945,AC10,20.145568789112936,False,-0.14869954087771475,0.5705156326293945,False,False,False,False,False,False,False,37.1058014003439,0.0,1.890496350824833,-2.0391958917025477,0.5705156326293945
1440.0,KL001,1,68.56116787118333,True,51.780679870198966,5.706816635259587,162.99999999999994,165.5846750214427,101.3426383177006,-130.19224510902654,-0.14802807569503784,0.5704028606414795,AC10,20.760979394633573,False,-0.12912623584270477,0.5704028606414795,False,False,False,False,False,False,False,38.22096147937885,0.0,2.091294899582863,-2.2204211354255676,0.5704028606414795
1450.0,KL001,1,66.91020977621,True,51.7680720790496,5.694009812594465,162.99999999999994,165.5846750214427,102.42559535828447,-131.0207403631539,-0.15909504890441895,0.570305585861206,AC10,21.48931651407928,False,-0.1079808734357357,0.570305585861206,False,False,False,False,False,False,False,39.54519211208485,0.0,2.2784448601305485,-2.386425733566284,0.570305585861206
1460.0,KL001,1,65.25958480422663,True,51.755449375694084,5.68124498107201,162.99999999999994,165.5846750214427,103.52581341261106,-131.81221958652304,-0.1692894697189331,0.570225715637207,AC10,22.319739496791865,False,-0.08905425318516791,0.570225715637207,False,False,False,False,False,False,False,41.05859978232213,0.0,2.450287789106369,-2.539342042291537,0.570225715637207
1470.0,KL001,1,63.60929175779652,True,51.7428144076393,5.668515423580194,162.99999999999994,165.5846750214427,104.64234388058094,-132.5693634729924,-0.17850518226623535,0.570159912109375,AC10,23.241507112700074,False,-0.06857274274807423,0.570159912109375,False,False,False,False,False,False,False,42.74140231343365,0.0,2.609004992991686,-2.67757773573976,0.570159912109375
1480.0,KL001,1,61.95932451752103,True,51.730170016432126,5.6558138540320195,162.99999999999994,165.5846750214427,105.77423905542648,-133.2911066128509,-0.18663644790649414,0.5700961351394653,AC10,24.24444089379502,False,-0.04658806894440204,0.5700961351394653,False,False,False,False,False,False,False,44.57480128420873,0.0,2.7529586479067802,-2.7995467168511823,0.5700961351394653
1490.0,KL001,1,60.30967191134004,True,51.71751923350146,5.643132439471403,162.99999999999994,165.5846750214427,106.92055432813191,-133.97645939203414,-0.26086342334747314,0.47676920890808105,AC10,25.319172413530925,False,-1.0324382409453392,0.47676920890808105,False,False,False,False,False,False,False,46.54145571998449,0.0,2.880513109266758,-3.912951350212097,0.47676920890808105
1500.0,KL001,1,58.662011266115144,True,51.704728957706465,5.630824525735915,162.99999999999994,165.5846750214427,108.10087925131653,-135.6229468645692,-0.27716898918151855,0.47738707065582275,AC10,26.44309602283716,False,-0.12993011274375021,0.47738707065582275,False,False,False,False,False,False,False,48.59959051054888,0.0,4.0276047214865685,-4.157534834230319,0.47738707065582275
1510.0,KL001,1,57.01499905401823,True,51.69192142031949,5.618566921089453,162.99999999999994,165.5846750214427,109.2959387629068,-136.35218864498398,-0.2826603055000305,0.47690582275390625,AC10,27.621716224522615,False,0.04284929484128952,0.47690582275390625,False,False,False,False,False,False,False,50.75927158193898,0.0,4.282753877341747,-4.239904582500458,0.47690582275390625
1520.0,KL001,1,55.36832118583403,True,51.67911956831108,5.606297337720447,162.99999999999994,165.5846750214427,110.50185231547066,-136.89609055501614,-0.21004843711853027,0.3659501075744629,AC10,28.850573401077106,False,1.2207762524485588,0.3659501075744629,False,False,False,False,False,False,False,53.012178074943606,0.0,4.371502809226513,-3.150726556777954,0.3659501075744629
1530.0,KL001,1,53.719828081946005,True,51.666482688181034,5.593594187780863,162.99999999999994,165.5846750214427,111.69503917394177,-136.2624053218849,-0.05303370952606201,0.4526369571685791,AC10,30.13899859259262,False,2.4577657878398895,0.4526369571685791,False,False,False,False,False,False,False,55.375409565666,0.0,3.2532714307308197,-0.7955056428909302,0.4526369571685791
1540.0,KL001,1,52.069366701893266,True,51.654182553996016,5.58006306147563,162.99999999999994,165.5846750214427,112.8519282180737,-134.4038566300489,-0.02264493703842163,0.4398791790008545,AC10,31.494678629213837,False,0.4902063449844718,0.4398791790008545,False,False,False,False,False,False,False,57.86303322774682,0.0,0.8298804145306349,-0.3396740695461631,0.4398791790008545
1550.0,KL001,1,50.41892297640291,True,51.64196755488832,5.566336247010269,162.99999999999994,165.5846750214427,114.00909562596345,-134.50649944327546,-0.019152402877807617,0.43671298027038574,AC10,32.88896083471875,False,0.07038460113108158,0.43671298027038574,False,False,False,False,False,False,False,60.42212849759273,0.0,0.35767064429819584,-0.28728604316711426,0.43671298027038574
1560.0,KL001,1,48.76862619679587,True,51.62976302821598,5.552588962042233,162.99999999999994,165.5846750214427,115.17678822360232,-135.01770023944442,-0.020496129989624023,0.4358689785003662,AC10,34.31158648565212,False,-0.003073923180636484,0.4358689785003662,False,False,False,False,False,False,False,63.03370712379984,0.0,0.3043680265545845,-0.307441949735221,0.4358689785003662
1570.0,KL001,1,47.11848033296669,True,51.61755804379383,5.538846429800234,162.99999999999994,165.5846750214427,116.35617033198571,-135.59059951957727,-0.009188294410705566,0.37184715270996094,AC10,35.75839793327888,False,0.18825456965714693,0.37184715270996094,False,False,False,False,False,False,False,65.69004117552511,0.0,0.3260789788328111,-0.1378244091756642,0.37184715270996094
1580.0,KL001,1,45.46848421536595,True,51.60538115784512,5.5250430866658045,162.99999999999994,165.5846750214427,117.54306023403781,-135.96257104014478,-0.007736921310424805,0.3700219392776489,AC10,37.22871184253954,False,0.03520831000059843,0.3700219392776489,False,False,False,False,False,False,False,68.38981384852967,0.0,0.1512621296569705,-0.11605381965637207,0.3700219392776489
1590.0,KL001,1,43.818638747528325,True,51.59320954161431,5.511231400416598,162.99999999999994,165.5846750214427,118.74026260855412,-136.47669132135468,-0.007897436618804932,0.3690166473388672,AC10,38.71831120570702,False,0.010990407754434273,0.3690166473388672,False,False,False,False,False,False,False,71.12520385255192,0.0,0.1294519565999508,-0.11846154884551652,0.3690166473388672
1600.0,KL001,1,42.16894282293803,True,51.58103957128731,5.497419656916154,162.99999999999994,165.5846750214427,119.94794446169975,-137.00412657517194,0.003316521644592285,0.578697681427002,AC10,40.2248311255824,False,0.18250789493322372,0.578697681427002,False,False,False,False,False,False,False,73.8918104512792,0.0,0.13276006327942014,0.04974783165380359,0.578697681427002
1610.0,KL001,1,40.51941434268121,True,51.56889699843014,5.483549302602485,162.99999999999994,165.5846750214427,121.16244494189992,-137.35108280950504,0.005912423133850098,0.5772286653518677,AC10,41.74823615809458,False,0.04728617146611214,0.5772286653518677,False,False,False,False,False,False,False,76.68952926767064,0.0,-0.0414001737954095,0.08868634526152164,0.5772286653518677
1620.0,KL001,1,38.87004089136604,True,51.55676154412071,5.469666535810043,162.99999999999994,165.5846750214427,122.38616980965054,-137.82317946399223,0.007034659385681152,0.57608962059021,AC10,43.285474392646805,False,0.02419422467937693,0.57608962059021,False,False,False,False,False,False,False,79.51270492550594,0.0,-0.08132566697895527,0.1055198916583322,0.57608962059021
1630.0,KL001,1,37.22081900447917,True,51.5446297352515,5.45577923233625,162.99999999999994,165.5846750214427,123.61928711697641,-138.30828506009817,0.008157014846801758,0.5749466419219971,AC10,44.83492965087579,False,0.024097921850625426,0.5749466419219971,False,False,False,False,False,False,False,82.3583316444953,0.0,-0.09825729997828603,0.12235522182891145,0.5749466419219971
1640.0,KL001,1,35.571748878412,True,51.53250155946254,5.441887428116358,162.99999999999994,165.5846750214427,124.86151999940243,-138.78362803113913,0.00956416130065918,0.5737297534942627,AC10,46.395401282063084,False,0.028262486157473177,0.5737297534942627,False,False,False,False,False,False,False,85.22417283292933,0.0,-0.11519993422552943,0.1434624203830026,0.5737297534942627
1650.0,KL001,1,33.92283159694198,True,51.52037764735042,5.427989709729965,162.99999999999994,165.5846750214427,126.11252020282552,-139.2452103300406,0.011293292045593262,0.5724265575408936,AC10,47.96587735258633,False,0.03276751813245937,0.5724265575408936,False,False,False,False,False,False,False,88.10834271835597,0.0,-0.13663186342455447,0.16939938155701384,0.5724265575408936
1660.0,KL001,1,32.27406848117098,True,51.50825868223671,5.414084550460821,162.99999999999994,165.5846750214427,127.37194472785384,-139.69295380520379,0.013336539268493652,0.571036696434021,AC10,49.54547320457065,False,0.03687542077386752,0.571036696434021,False,False,False,False,False,False,False,91.00919272634938,0.0,-0.16317266738042235,0.20004808815428987,0.571036696434021
1670.0,KL001,1,30.625460970004028,True,51.49614528904252,5.400170561365538,162.99999999999994,165.5846750214427,128.6394694027383,-140.1275098850325,0.015683889389038086,0.5695621967315674,AC10,51.13340696964382,False,0.040515361761208624,0.5695621967315674,False,False,False,False,False,False,False,93.92526599727033,0.0,-0.19474297994747758,0.2352583417086862,0.5695621967315674
1680.0,KL001,1,28.97701061996201,True,51.48403802355205,5.386246515167272,162.99999999999994,165.5846750214427,129.91478948092552,-140.5495919699781,0.018331289291381836,0.568004846572876,AC10,52.72898455303374,False,0.043731050100177526,0.568004846572876,False,False,False,False,False,False,False,96.85526940094627,0.0,-0.23123828927055,0.27496933937072754,0.568004846572876
1690.0,KL001,1,27.328719131123155,True,51.471937378912436,5.3723113311466415,162.99999999999994,165.5846750214427,131.19761810934023,-140.9598612223122,0.02128279209136963,0.5663652420043945,AC10,54.33158791330025,False,0.04658202873542905,0.5663652420043945,False,False,False,False,False,False,False,99.79805166887891,0.0,-0.2726598526351154,0.31924188137054443,0.5663652420043945
1700.0,KL001,1,25.680588385813355,True,51.459843794513354,5.358364054661385,162.99999999999994,165.5846750214427,132.4876845786183,-141.3589112509755,0.024936556816101074,0.5647094249725342,AC10,55.94066528279513,False,0.05489408446010202,0.5647094249725342,False,False,False,False,False,False,False,102.75258514180848,0.0,-0.3191542695276439,0.37404835398774594,0.5647094249725342
1710.0,KL001,1,24.032622525810723,True,51.44775854043801,5.344401884699969,162.99999999999994,165.5846750214427,133.7846295459762,-141.74155772391742,0.02901935577392578,0.5629546642303467,AC10,57.555772654964926,False,0.058083320036530495,0.5629546642303467,False,False,False,False,False,False,False,105.71804186189485,0.0,-0.3772070165723562,0.4352903366088867,0.5629546642303467
1720.0,KL001,1,22.384824737771787,True,51.43568211274002,5.330423760254053,162.99999999999994,165.5846750214427,135.08819655048293,-142.11314575835246,0.03307163715362549,0.5610411167144775,AC10,59.17647255003358,False,0.05342918448150158,0.5610411167144775,False,False,False,False,False,False,False,108.69360713633498,0.0,-0.44264537282288074,0.4960745573043823,0.5610411167144775
1730.0,KL001,1,20.737195592324465,True,51.42361381513319,5.316431273177116,162.99999999999994,165.5846750214427,136.39827563902944,-142.48166173994576,0.03627026081085205,0.5588598251342773,AC10,60.80230810618742,False,0.035796971060335636,0.5588598251342773,False,False,False,False,False,False,False,111.67843175230918,0.0,-0.5082569411024451,0.5440539121627808,0.5588598251342773
1740.0,KL001,1,19.08972968297549,True,51.411550970470124,5.30243039232865,162.99999999999994,165.5846750214427,137.71498685617803,-142.86010063992302,0.03965175151824951,0.5566291809082031,AC10,62.43275966432339,False,0.033979090803768486,0.5566291809082031,False,False,False,False,False,False,False,114.6715520241254,0.0,-0.5607971828430891,0.5947762736468576,0.5566291809082031
1750.0,KL001,1,17.442428011665466,True,51.39949330618969,5.28842173862001,162.99999999999994,165.5846750214427,139.03817235705674,-143.23281274333777,0.043436408042907715,0.5542734861373901,AC10,64.06748096462472,False,0.034345309250056744,0.5542734861373901,False,False,False,False,False,False,False,117.672324094438,0.0,-0.617200811393559,0.6515461206436157,0.5542734861373901
1760.0,KL001,1,15.795293112785563,True,51.387440882434355,5.274405195398219,162.99999999999994,165.5846750214427,140.3676419805282,-143.59779527904738,0.0477064847946167,0.5517578125,AC10,65.70617612444524,False,0.03413085825741291,0.5517578125,False,False,False,False,False,False,False,120.68019751156716,0.0,-0.6814664136618376,0.7155972719192505,0.5517578125
1770.0,KL001,1,14.148328155383357,True,51.375393670772745,5.260380841878859,162.99999999999994,165.5846750214427,141.70322169182361,-143.95580072783298,0.05252385139465332,0.5490481853485107,AC10,67.34857282744971,False,0.032252837845589966,0.5490481853485107,False,False,False,False,False,False,False,123.69466582526123,0.0,-0.7556049339473248,0.7878577717929147,0.5490481853485107
1780.0,KL001,1,12.501536782821525,True,51.36335138834263,5.24634931722198,162.99999999999994,165.5846750214427,143.04477121368149,-144.30864507092758,0.05794656276702881,0.5461016893386841,AC10,68.9944109307629,False,0.02750733954599127,0.5461016893386841,False,False,False,False,False,False,False,126.71524555928302,0.0,-0.8416911028325558,0.869198442378547,0.5461016893386841
1790.0,KL001,1,10.854923017089497,True,51.351313312900125,5.232312224219739,162.99999999999994,165.5846750214427,144.39220277567634,-144.65931811581225,0.12921810150146484,0.521780252456665,AC10,70.64343112182941,False,0.995841259136796,0.521780252456665,False,False,False,False,False,False,False,129.74145528896406,0.0,-0.9424302633851767,1.9382715225219727,0.521780252456665
1800.0,KL001,1,9.209483671044854,True,51.33942940276726,5.2179459638184555,162.99999999999994,165.5846750214427,145.72910516750005,-144.0437357630675,0.1440807580947876,0.5143194198608398,AC10,72.3027231984673,False,-0.052378345280885696,0.5143194198608398,False,False,False,False,False,False,False,132.7863282351358,0.0,-2.2135897167026997,2.161211371421814,0.5143194198608398
1810.0,KL001,1,7.564415696919199,True,51.327537294133386,5.203600822923149,162.99999999999994,165.5846750214427,147.07319045039137,-144.46897289510753,0.14910316467285156,0.5115885734558105,AC10,73.96406890495452,False,-0.30682235257700086,0.5115885734558105,False,False,False,False,False,False,False,135.83474755756896,0.0,-2.5433698296546936,2.2365474770776927,0.5115885734558105
1820.0,KL001,1,5.919500054576593,True,51.31559736008875,5.1893615146819885,162.99999999999994,165.5846750214427,148.42848236286176,-145.1391248799464,-0.07478064298629761,0.4837449789047241,AC10,75.62546538172988,False,-3.865928538143635,0.4837449789047241,False,False,False,False,False,False,False,138.88302699464282,0.0,-2.7442190051078796,-1.1217095330357552,0.4837449789047241
1830.0,KL001,1,4.272849973624794,True,51.303127748865585,5.176343011677177,162.99999999999994,165.5846750214427,149.84532434550582,-149.32909487676613,-0.10616135597229004,0.511887788772583,AC10,77.26155964050393,False,0.00031879171046966803,0.511887788772583,False,False,False,False,False,False,False,141.88456746111783,0.0,1.5927391313016415,-1.5924203395911718,0.511887788772583
1840.0,KL001,1,2.6271976197344635,True,51.29061504317544,5.163431063070141,162.99999999999994,165.5846750214427,151.27135212456804,-149.64399157170885,-0.09210801124572754,0.5083299875259399,AC10,78.89788001898343,False,1.4623683504760265,0.5083299875259399,False,False,False,False,False,False,False,144.88629252148186,0.0,2.843988463282585,-1.3816201128065586,0.5083299875259399
1850.0,KL001,1,0.9828325419589138,True,51.27831245823199,5.15001625587741,162.99999999999994,165.5846750214427,152.68022556236144,-148.50436770513272,-0.05694985389709473,0.4921151399612427,AC10,80.54816002419078,False,3.546563945710659,0.4921151399612427,False,False,False,False,False,False,False,147.91343091422235,0.0,4.400811642408371,-0.854247696697712,0.4921151399612427
1860.0,KL001,2,48.70483722866313,True,51.26651578135648,5.135492070599993,162.99999999999994,165.5846750214427,154.04184656461874,-145.30408263864263,0.11374902725219727,0.4533696174621582,AC10,82.22444964713281,False,45.0,0.4533696174621582,False,False,False,False,False,False,False,150.9881411721978,0.0,45.0,0.0,0.4533696174621582
1870.0,KL001,2,47.45781972577989,True,51.2563056519854,5.118272542193111,162.99999999999994,165.5846750214427,155.24426275921857,-129.89306869826703,0.23999643325805664,0.25543224811553955,AC10,83.95020078682964,False,36.96642994880676,0.25543224811553955,False,False,False,False,False,False,False,154.15377724907574,0.0,33.366484344005585,3.599945604801178,0.25543224811553955
1880.0,KL001,2,45.98780241373308,True,51.24942061765847,5.097260456213474,162.99999999999994,165.5846750214427,156.10395683019325,-114.58020174761151,0.3557065725326538,0.01760387420654297,AC10,85.71430174960035,False,23.73799502849579,0.01760387420654297,False,False,False,False,False,False,False,157.3908444088293,0.0,18.402395993471146,5.335599035024643,0.01760387420654297
1890.0,KL001,2,44.389272466166354,True,51.24638246178384,5.07404749907477,162.99999999999994,165.5846750214427,156.56161744760544,-99.32909573260247,0.41536402702331543,-0.18787503242492676,AC10,87.44927553578201,False,9.169594198465347,-0.18787503242492676,False,False,False,False,False,False,False,160.57643132725383,0.0,2.939133457839489,6.230460740625858,-0.18787503242492676
1900.0,KL001,2,42.77422792913893,True,51.24697166621193,5.050397464841129,162.35514124727453,164.93097455291058,156.63581003190046,-90.75239011691173,0.34737420082092285,-0.12014776468276978,AC10,89.10340537177883,False,-1.1737002152949572,-0.12014776468276978,False,False,False,False,False,False,False,163.61625442907416,0.0,-6.384313255548477,5.21061304025352,-0.12014776468276978
1910.0,KL001,2,41.164254117320425,True,51.247825003087506,5.026801075530792,161.94256378551037,164.51273234485805,156.69715937274438,-92.51808186906152,0.23199772834777832,-0.11501151323318481,AC10,90.75100825551881,False,-1.9372142292559147,-0.11501151323318481,False,False,False,False,False,False,False,166.64478103554003,0.0,-5.417180098593235,3.4799658693373203,-0.11501151323318481
1920.0,KL001,2,39.554378700078004,True,51.24818646271834,5.003229672486988,161.54760305863468,164.11234301507807,156.82939049889495,-95.04393025685516,0.143812894821167,-0.12652361392974854,AC10,92.41277094367324,False,-1.4669433608651161,-0.12652361392974854,False,False,False,False,False,False,False,169.6994112513105,0.0,-3.624136783182621,2.157193422317505,-0.12652361392974854
1930.0,KL001,2,37.946828669918965,True,51.24816137662883,4.979714396082435,161.11316137823655,163.67192360716558,157.02034692081085,-97.09517447035643,0.14545679092407227,-0.15220969915390015,AC10,94.0844532646297,False,-0.06670413364190608,-0.15220969915390015,False,False,False,False,False,False,False,172.77238883630713,0.0,-2.24855599924922,2.181851865607314,-0.15220969915390015
1940.0,KL001,2,36.344510591066914,True,51.24811929085048,4.956275308049649,160.5906273943613,163.14219081609733,157.22877825936988,-97.74272424815166,0.13500499725341797,-0.15534186363220215,AC10,95.75556093703156,False,-0.2528963307850063,-0.15534186363220215,False,False,False,False,False,False,False,175.8447250210829,0.0,-2.2779712826013565,2.02507495181635,-0.15534186363220215
1950.0,KL001,2,34.74733401363925,True,51.24801280086473,4.932914456732536,160.0573529147328,162.60155947988898,157.45965533126702,-98.57257408209881,0.12469255924224854,-0.15905416011810303,AC10,97.4271171722097,False,-0.247490715701133,-0.15905416011810303,False,False,False,False,False,False,False,178.918249511277,0.0,-2.1178791113197803,1.8703883956186473,-0.15905416011810303
1960.0,KL001,2,33.15544290616108,True,51.24784372636434,4.9096341540917825,159.51134833724964,162.04801189494015,157.71249480600736,-99.3929120064202,0.11460161209106445,-0.1619248390197754,AC10,99.09886731149781,False,-0.24066730169579387,-0.1619248390197754,False,False,False,False,False,False,False,180.44840501662554,0.0,-1.9596914760768414,1.7190241743810475,-0.1619248390197754
1970.0,KL001,2,31.568952973544132,True,51.2476142441448,4.886436248353526,158.95550013644032,161.48447377329055,157.9867681815773,-100.20212941279897,0.10473430156707764,-0.16396206617355347,AC10,100.77057401328413,False,-0.2336653950624168,-0.16396206617355347,False,False,False,False,False,False,False,179.52106369128762,0.0,-1.804679911583662,1.5710145165212452,-0.16396206617355347
1980.0,KL001,2,29.987950567858768,True,51.24732656485371,4.863322129610717,158.39266677189866,160.91384264224845,158.2819397321723,-100.99987863992908,0.1023402214050293,-0.13679784536361694,AC10,102.44202464075991,False,-0.1177545078098774,-0.13679784536361694,False,False,False,False,False,False,False,178.59823164932288,0.0,-1.6528578288853168,1.5351033210754395,-0.13679784536361694
1990.0,KL001,2,28.41160700794047,True,51.24701008984381,4.8402775537922675,157.92299833044427,160.43765856954312,158.5946854369224,-101.67766690804893,0.1878725290298462,0.03205227851867676,AC6,102.52943032039866,False,1.1989584099501371,0.03205227851867676,False,False,False,False,False,False,False,177.64870655939737,0.0,-1.619129553437233,2.81808796338737,0.03205227851867676
2000.0,KL001,2,26.83562889270148,True,51.246995506987076,4.817211580352601,158.0324242677428,160.54860325414066,158.8898304200531,-101.03927714975953,0.17897284030914307,0.026769161224365234,AC6,101.98585218194621,False,-0.2990819583646953,0.026769161224365234,False,False,False,False,False,False,False,176.69279254304595,0.0,-2.983674556016922,2.6845925976522267,0.026769161224365234
2010.0,KL001,2,25.258555644667553,True,51.246905504470206,4.794132771160063,158.123730737654,160.64117666195776,159.20852564796667,-101.89651189756847,0.34507036209106445,-0.12205088138580322,AC6,101.4452925020101,False,2.3240836523473263,-0.12205088138580322,False,False,False,False,False,False,False,175.83944449723256,0.0,-2.851971723139286,5.176055375486612,-0.12205088138580322
2020.0,KL001,2,23.690550309697056,True,51.24738278364542,4.771127234868807,157.70463973099308,160.21626805239546,159.4794941668038,-100.1312097633907,0.3209073543548584,-0.07010626792907715,AC6,100.91089979670431,False,-0.703582651913166,-0.07010626792907715,False,False,False,False,False,False,False,174.9289047791421,0.0,-5.517192967236042,4.813610315322876,-0.07010626792907715
2030.0,KL001,2,22.12418019130222,True,51.24770002782628,4.748149403967199,157.46370068646385,159.97198159853815,159.78253580281125,-101.38957921403892,0.20169150829315186,-0.08903384208679199,AC6,100.38146121658193,False,-2.131435666233301,-0.08903384208679199,False,False,False,False,False,False,False,174.00266620030587,0.0,-5.1568083465099335,3.0253726802766323,-0.08903384208679199
2040.0,KL001,2,20.55728744471363,True,51.24749482712876,4.7252129381928185,157.1578478938591,159.6618765770476,160.15645699642116,-104.06798478061347,0.19824159145355225,-0.11239397525787354,AC6,99.85712227583232,False,-0.28528790222480893,-0.11239397525787354,False,False,False,False,False,False,False,173.12607398020936,0.0,-3.258911781013012,2.973623878788203,-0.11239397525787354
2050.0,KL001,2,18.994082008778655,True,51.24720656136138,4.702335040658956,156.77187953668857,159.27053743269565,160.55293359074227,-104.89548526666908,0.18858873844146729,-0.11304253339767456,AC6,99.33846020678322,False,-0.38817687425762415,-0.11304253339767456,False,False,False,False,False,False,False,172.259701286744,0.0,-3.217007964849472,2.828831090591848,-0.11304253339767456
2060.0,KL001,2,17.434532059014096,True,51.24682223323323,4.6795174855418775,156.38368809269207,158.87693895874912,160.97306144517393,-105.82080904430359,0.1777937412261963,-0.11161649227142334,AC6,98.8254880023937,False,-0.41289074812084436,-0.11161649227142334,False,False,False,False,False,False,False,171.40288896146959,0.0,-3.0797968804836273,2.666906132362783,-0.11161649227142334
2070.0,KL001,2,15.878577242826825,True,51.246336180412484,4.656760969068896,156.00038866989306,158.48829542988156,161.41714412064897,-106.76556202577456,0.16643404960632324,-0.10907071828842163,AC6,98.31817103415352,False,-0.4287332156673074,-0.10907071828842163,False,False,False,False,False,False,False,170.55535651417372,0.0,-2.9252439737319946,2.4965107580646873,-0.10907071828842163
2080.0,KL001,2,14.326134474458778,True,51.24574497048404,4.634065685556538,155.62582151842443,158.10850092090217,161.88524298439302,-107.72068938408597,0.16171622276306152,-0.21529793739318848,AC6,97.81645133961051,False,-0.3371693263761699,-0.21529793739318848,False,False,False,False,False,False,False,169.75174117714258,0.0,-2.7629126608371735,2.4257433344610035,-0.21529793739318848
2090.0,KL001,2,12.780975958568815,True,51.24507336625474,4.611484180347089,154.88693585285466,157.35928910310616,162.37341115732013,-108.57768496103768,-0.10828715562820435,-0.14450597763061523,AC6,97.32230272054296,False,-4.338001683354378,-0.14450597763061523,False,False,False,False,False,False,False,168.91346343040064,0.0,-2.7136944606900215,-1.6243072226643562,-0.14450597763061523
2100.0,KL001,2,11.23966880213905,True,51.24342975410574,4.5891058640308575,154.39084252626319,156.8562519712914,162.97478925545875,-113.41712062104551,-0.1619369387626648,-0.08805698156356812,AC6,96.83646287563322,False,-0.6169392541050911,-0.08805698156356812,False,False,False,False,False,False,False,168.09358527016383,0.0,1.8121148273348808,-2.429054081439972,-0.08805698156356812
2110.0,KL001,2,9.702440832373966,True,51.241549451789616,4.566818150941229,154.08834975700583,156.54952098832922,163.61199781408703,-114.52707594175496,-0.18173706531524658,-0.07988220453262329,AC6,96.35610613103718,False,0.10841030976735055,-0.07988220453262329,False,False,False,False,False,False,False,167.27798525572214,0.0,2.8344662860035896,-2.726055976236239,-0.07988220453262329
2120.0,KL001,2,8.168508803495778,True,51.23969884872093,4.544565328111492,153.8138943814747,156.27121746060763,164.25737514002915,-114.90738347011364,-0.19614839553833008,-0.08142340183258057,AC6,95.87989030185756,False,0.32001781510189176,-0.08142340183258057,False,False,False,False,False,False,False,166.47233296397263,0.0,3.2622437551617622,-2.9422259400598705,-0.08142340183258057
2130.0,KL001,2,6.637898001605874,True,51.23792930417661,4.5223376377753395,153.53415414599183,155.98755226533868,164.90550655438398,-115.07261773654886,-0.2092069387435913,-0.08577626943588257,AC6,95.4077231188431,False,0.5114462971687317,-0.08577626943588257,False,False,False,False,False,False,False,165.6796840038864,0.0,3.6495503783226013,-3.1381040811538696,-0.08577626943588257
2140.0,KL001,2,5.110839293659677,True,51.236287202347235,4.5001290494793516,153.23948608788638,155.68874684550553,165.55150392513124,-115.04369565373821,-0.22103804349899292,-0.09213757514953613,AC6,94.93970453791867,False,0.7955211494117975,-0.09213757514953613,False,False,False,False,False,False,False,164.90446425380452,0.0,4.111091829836369,-3.315570680424571,-0.09213757514953613
2150.0,KL001,2,3.587731311438166,True,51.23484129994143,4.477932778361089,152.9230020616536,155.36781577345516,166.1882055288817,-114.72904073939355,-0.23062902688980103,-0.1010468602180481,AC6,94.47607953440402,False,1.3092033192515373,-0.1010468602180481,False,False,False,False,False,False,False,164.1569550618635,0.0,4.768638722598553,-3.4594354033470154,-0.1010468602180481
2160.0,KL001,2,2.069406196946175,True,51.233715860082576,4.455740533677811,152.57596351861832,155.01589684186936,166.80274568487823,-113.90090120040657,-0.2345113754272461,-0.11649775505065918,AC6,94.01742200369365,False,2.5453675724565983,-0.11649775505065918,False,False,False,False,False,False,False,163.47394948488935,0.0,6.063038259744644,-3.517670687288046,-0.11649775505065918
2170.0,KL001,3,77.32299980497696,True,51.233189333980015,4.433550418692,152.17593527650263,154.6102378237232,167.36611572833053,-111.84057910395774,-0.22511529922485352,-0.14914023876190186,AC6,93.56558275774026,False,4.462728425860405,-0.14914023876190186,False,False,False,False,False,False,False,162.94948443189446,0.0,7.839457914233208,-3.3767294883728027,-0.14914023876190186
2180.0,KL001,3,75.8123189873648,True,51.23367175743811,4.411434602766035,151.66395677189024,154.09104463282765,167.83415683576752,-107.87102076198971,-0.2012706995010376,-0.19638699293136597,AC6,93.12644895070979,False,0.43200676795095205,-0.19638699293136597,False,False,False,False,False,False,False,162.3221017283267,0.0,3.4510672464966774,-3.0190604785457253,-0.19638699293136597
2190.0,KL001,3,74.30694019602547,True,51.234348015010006,4.389427270131173,150.98994116481708,153.4075171031301,168.29172135973369,-107.92958962958335,-0.21865582466125488,-0.13376367092132568,AC6,92.69756583966262,False,-0.20052563399076462,-0.13376367092132568,False,False,False,False,False,False,False,161.65932681954678,0.0,3.0793117359280586,-3.2798373699188232,-0.13376367092132568
2200.0,KL001,3,72.80650262202572,True,51.23497413532514,4.367482805907804,150.53070231289115,152.94178833173098,168.76519672784332,-108.61594950310837,-0.24596703052520752,-0.14757293462753296,AC6,92.27590822078224,False,-0.34291528863832355,-0.14757293462753296,False,False,False,False,False,False,False,161.0048310700857,0.0,3.3465901762247086,-3.689505464863032,-0.14757293462753296
2210.0,KL001,3,71.31176651527193,True,51.23551618324763,4.345606209279306,150.0241043000133,152.4280226862401,169.25771682124937,-109.43932435949478,-0.2748801112174988,-0.16059380769729614,AC6,91.86141596093339,False,-0.35706136375665665,-0.16059380769729614,False,False,False,False,False,False,False,160.36636679097896,0.0,3.766140304505825,-4.123201668262482,-0.16059380769729614
2220.0,KL001,3,69.82329915618885,True,51.23597118508189,4.323804663607356,149.47285116210088,151.86896007391482,169.76910641246627,-110.27119659041603,-0.30301445722579956,-0.16332542896270752,AC6,91.4542838418756,False,-0.33465563552454114,-0.16332542896270752,False,False,False,False,False,False,False,159.74344830520226,0.0,4.210561215877533,-4.545216851402074,-0.16332542896270752
2230.0,KL001,3,68.34125273383182,True,51.23634504528939,4.302080687452371,148.91223133330428,151.3003873706508,170.29838029536123,-111.07497270097838,-0.3970714807510376,0.08566403388977051,AC6,91.05459717044006,False,-1.3126567471772432,0.08566403388977051,False,False,False,False,False,False,False,159.00654279016788,0.0,4.6434154361486435,-5.956072183325887,0.08566403388977051
2240.0,KL001,3,66.85978198164827,True,51.23640734098475,4.280305908467888,149.20555418601603,151.59787260522506,170.87231645991636,-112.85039328903218,-0.009430170059204102,0.15533900260925293,AC6,90.65554492884206,False,5.946987792849541,0.15533900260925293,False,False,False,False,False,False,False,158.71829710346663,0.0,6.088440120220184,-0.14145232737064362,0.15533900260925293
2250.0,KL001,3,65.36512951459196,True,51.23770840188752,4.258558450842908,149.73783523813532,152.1376994215633,171.32995301469745,-107.38059741958745,-0.14988863468170166,0.009156584739685059,AC6,90.27376007270583,False,-2.0885820128023624,0.009156584739685059,False,False,False,False,False,False,False,157.98126828974287,0.0,0.15974744455888867,-2.248329457361251,0.009156584739685059
2260.0,KL001,3,63.87071486241848,True,51.238700386154676,4.236758049438532,149.76876348171814,152.16906581327365,171.83235179864573,-109.94028866022347,-0.12399262189865112,0.044341087341308594,AC6,89.89329967916761,False,0.4385710135102272,0.044341087341308594,False,False,False,False,False,False,False,157.4112506230676,0.0,2.298460341989994,-1.8598893284797668,0.044341087341308594
2270.0,KL001,3,62.37439905429803,True,51.23978918485459,4.214946749757063,149.92036133547703,152.3228108177103,172.3367703118653,-109.97172706325,-0.15983295440673828,0.03436315059661865,AC6,89.51944918587601,False,-0.4948140447959304,0.03436315059661865,False,False,False,False,False,False,False,156.79296285123942,0.0,1.9026802852749825,-2.397494330070913,0.03436315059661865
2280.0,KL001,3,60.877439024202516,True,51.240760773406706,4.193103701716416,150.0377381099699,152.44184951073896,172.86547458459918,-110.93262194141982,-0.23375153541564941,-0.25933700799942017,AC6,89.1493928267838,False,-1.0514736268669367,-0.25933700799942017,False,False,False,False,False,False,False,156.22148985520624,0.0,2.4547994323074818,-3.5062730591744184,-0.25933700799942017
2290.0,KL001,3,59.390887084164945,True,51.24147698858276,4.171364926726639,149.14783261586152,151.53933217346494,173.42819209834883,-112.44119260134289,-0.21308130025863647,-0.2262578010559082,AC6,88.78652843028526,False,0.39665546268224716,-0.2262578010559082,False,False,False,False,False,False,False,155.76294801510235,0.0,3.5928749665617943,-3.196219503879547,-0.2262578010559082
2300.0,KL001,3,57.91153445317808,True,51.242283191791486,4.1497471552884555,148.3713792774842,150.75185265599194,173.98920785185626,-112.49760221337993,-0.23892027139663696,-0.2359800934791565,AC6,88.43515850756303,False,-0.30731745064258575,-0.2359800934791565,False,False,False,False,False,False,False,155.27913936072983,0.0,3.2764866203069687,-3.5838040709495544,-0.2359800934791565
2310.0,KL001,3,56.44083655708614,True,51.24301279761336,4.128240242697252,147.56158457102174,149.93053634138184,174.56530887502936,-113.25158030445851,-0.24752843379974365,-0.2255658507347107,AC6,88.09308022504442,False,-0.03697413863847032,-0.2255658507347107,False,False,False,False,False,False,False,154.8289457344291,0.0,3.6759523674845695,-3.71292650612304,-0.2255658507347107
2320.0,KL001,3,54.97803414358505,True,51.24372993972936,4.10684487090417,146.78750940031927,149.14542688376685,175.14973332999884,-113.72980939946603,-0.3438851833343506,-0.10073208808898926,AC6,87.76106480406706,False,-1.3477915059775114,-0.10073208808898926,False,False,False,False,False,False,False,154.26004770268105,0.0,3.8104862719774246,-5.158277777954936,-0.10073208808898926
2330.0,KL001,3,53.52165601129887,True,51.24413089961752,4.085478604742561,146.44156988860635,148.79454948964383,175.77494433442712,-115.51014811942377,-0.3032437562942505,-0.2514446973800659,AC6,87.43213735856662,False,0.7495882362127304,-0.2514446973800659,False,False,False,False,False,False,False,153.89673539703978,0.0,5.298244580626488,-4.548656344413757,-0.2514446973800659
2340.0,KL001,3,52.072445379725664,True,51.244703420442434,4.064247926997494,145.57874349143773,147.91938958119883,176.3888124737817,-115.19017040931669,-0.31673485040664673,-0.26558172702789307,AC6,87.11642450946019,False,-0.07665496144909412,-0.26558172702789307,False,False,False,False,False,False,False,153.50606314082364,0.0,4.674367792904377,-4.751022754353471,-0.26558172702789307
2350.0,KL001,3,50.63270342627675,True,51.24525469318253,4.043148467421771,144.66743509990968,146.99502734904829,177.01037992183703,-115.69050419469545,-0.25622302293777466,0.06315815448760986,AC6,86.81134330201375,False,1.0419496893882751,0.06315815448760986,False,False,False,False,False,False,False,153.13574407678138,0.0,4.885295033454895,-3.84334534406662,0.06315815448760986
2360.0,KL001,3,49.18897062893262,True,51.2460472368097,4.022036755141423,144.8835846658652,147.21427563549216,177.6182654640846,-115.07354340381403,-0.2586618661880493,0.03536081314086914,AC6,86.51550611073674,False,0.07470723241567612,0.03536081314086914,False,False,False,False,False,False,False,152.71481438230538,0.0,3.954635225236416,-3.8799279928207397,0.03536081314086914
2370.0,KL001,3,47.74407111384168,True,51.24685768543169,4.000908770374587,145.00439904239164,147.3368213214933,178.23463259149494,-115.42151429513547,-0.2685422897338867,0.03406524658203125,AC6,86.22582780323391,False,-0.032379514595959336,0.03406524658203125,False,False,False,False,False,False,False,152.29583744324566,0.0,3.9957548305392265,-4.028134345135186,0.03406524658203125
2380.0,KL001,3,46.298257309440984,True,51.24766130310067,3.979762759275585,145.1207697257086,147.45485916956588,178.8618904867058,-115.87385623174913,-0.2782498598098755,0.035546064376831055,AC6,85.94195777527264,False,-0.021423809230327606,0.035546064376831055,False,False,False,False,False,False,False,151.88943550366585,0.0,4.152324087917805,-4.173747897148132,0.035546064376831055
2390.0,KL001,3,44.851484313535366,True,51.248460638583595,3.9585982344288264,145.2422186917416,147.57804756651217,179.49972273685762,-116.31255508025475,-0.287342369556427,0.036592960357666016,AC6,85.66398177564731,False,-0.0033718720078468323,0.036592960357666016,False,False,False,False,False,False,False,151.49693904305653,0.0,4.306763671338558,-4.310135543346405,0.036592960357666016
2400.0,KL001,3,43.40370801963847,True,51.249259880704685,3.9374150773230507,145.36725773454233,147.70487693851538,180.14764583198422,-116.73056756396232,0.18416666984558105,0.2615690231323242,AC6,85.3920314328414,False,7.214763388037682,0.2615690231323242,False,False,False,False,False,False,False,151.86164684352974,0.0,4.452263116836548,2.7625002712011337,0.2615690231323242
2410.0,KL001,3,41.94373821636251,True,51.25147423045293,3.9163685876211978,146.26388028459286,148.61432199598806,180.66397907673462,-109.94988747773482,0.19377148151397705,0.22831857204437256,AC6,85.15619262314739,False,0.08153457019943744,0.22831857204437256,False,False,False,False,False,False,False,151.56755311603447,0.0,-2.8250376507639885,2.906572220963426,0.22831857204437256
2420.0,KL001,3,40.47639828506084,True,51.253979504676025,3.895276891545795,147.0464633541011,149.40807444300629,181.16431291422688,-110.30595180738521,-0.0641791820526123,0.3186378479003906,AC6,84.93230680423915,False,-3.981056325137615,0.3186378479003906,False,False,False,False,False,False,False,150.75077181940557,0.0,-3.0183685943484306,-0.9626877307891846,0.3186378479003906
2430.0,KL001,3,38.996636034927356,True,51.25563796433931,3.8738140930748415,148.13880533586635,150.51597198734305,181.7691639284714,-114.71372421101091,-0.19318246841430664,0.0006043910980224609,AC6,84.6883196390101,False,-1.9132807105779648,0.0006043910980224609,False,False,False,False,False,False,False,150.22038599258957,0.0,0.9844562876969576,-2.8977369982749224,0.0006043910980224609
2440.0,KL001,3,37.518593081891936,True,51.25678683039294,3.8522629515447635,148.14040782506092,150.51759726698847,182.4355967681797,-117.04320822353668,-0.2270405888557434,0.005279898643493652,AC6,84.43947769575163,False,-0.3974571079015732,0.005279898643493652,False,False,False,False,False,False,False,149.8570272256465,0.0,3.008151724934578,-3.405608832836151,0.005279898643493652
2450.0,KL001,3,36.041135947814645,True,51.257838168340484,3.8306960029637076,148.1580455545256,150.53548583279004,183.12136733532162,-117.85230841139065,-0.23823952674865723,0.007720828056335449,AC6,84.19566718421162,False,-0.03121286630630493,0.007720828056335449,False,False,False,False,False,False,False,149.5481452065755,0.0,3.5423800349235535,-3.5735929012298584,0.007720828056335449
2460.0,KL001,3,34.56366363317544,True,51.25888233629763,3.809123871496624,148.1840547045955,150.56186485461348,183.81736765886083,-118.2920236651978,-0.05038332939147949,0.30212390422821045,AC6,83.95899204857152,False,2.96769630163908,0.30212390422821045,False,False,False,False,False,False,False,149.5443634269072,0.0,3.7234462425112724,-0.7557499408721924,0.30212390422821045
2470.0,KL001,3,33.072885915254204,True,51.26060687977583,3.7875115517087368,149.21975641287318,151.61227629311136,184.46035169088046,-115.74307589313503,0.1488809585571289,0.43475842475891113,AC6,83.74246318175173,False,3.0232874304056168,0.43475842475891113,False,False,False,False,False,False,False,149.6226482960305,0.0,0.7900730799883604,2.2332143504172564,0.43475842475891113
2480.0,KL001,3,31.56834462846731,True,51.26306435811322,3.765866194638476,150.7103417212885,153.1239672540241,185.0459613804776,-113.14990543149793,0.18060040473937988,0.40600740909576416,AC6,83.54870165620873,False,0.36764079239219427,0.40600740909576416,False,False,False,False,False,False,False,149.41398600365736,0.0,-2.3413652926683426,2.709006085060537,0.40600740909576416
2490.0,KL001,3,30.050421375408614,True,51.26566339829876,3.7440535803525807,152.10231704702406,154.53558274244278,185.6351530810532,-113.21523028375276,0.17977917194366455,0.39654672145843506,AC6,83.3614801700369,False,-0.15797875821590424,0.39654672145843506,False,False,False,False,False,False,False,149.13884269803725,0.0,-2.8546663373708725,2.6966875791549683,0.39654672145843506
2500.0,KL001,3,28.51886119678056,True,51.268247683286475,3.722033345082548,153.46184132657638,155.91422439987656,186.244235120394,-113.8067176579168,0.3668738603591919,0.6646387577056885,AC6,83.17627937966115,False,2.6523826830089092,0.6646387577056885,False,False,False,False,False,False,False,149.2507352977193,0.0,-2.8507251664996147,5.503107849508524,0.6646387577056885
2510.0,KL001,3,26.971207829475585,True,51.271488170762304,3.6999132456504187,155.74081688621936,158.22510165819102,186.80745742499587,-111.59928814430577,0.36828577518463135,0.6505348682403564,AC6,83.0124697632458,False,-0.30196084873750806,0.6505348682403564,False,False,False,False,False,False,False,148.97042670249505,0.0,-5.826247483491898,5.5242866347543895,0.6505348682403564
2520.0,KL001,3,25.401662129631614,True,51.274725008991176,3.6774557618529538,157.97141413460977,160.48674639999325,187.39551261666674,-112.34916973146647,0.02428436279296875,0.6560094356536865,AC6,82.84754619687389,False,-5.515158846974373,0.6560094356536865,False,False,False,False,False,False,False,147.83380802758265,0.0,-5.879424288868904,0.36426544189453125,0.6560094356536865
2530.0,KL001,3,23.802863170934643,True,51.276794603761076,3.6543234516512597,160.220780023154,162.7672422490345,188.12806004223478,-118.29806653603794,-0.08609092235565186,0.6590180397033691,AC6,82.64180017966191,False,-1.7344908602535725,0.6590180397033691,False,False,False,False,False,False,False,147.19328272429638,0.0,-0.44312695506960154,-1.291363905183971,0.6590180397033691
2540.0,KL001,3,22.18144973871095,True,51.278276847710245,3.6307399562750193,162.48045715854957,165.05800985548336,188.9426561415243,-120.45893938594776,-0.08031314611434937,0.5717546939849854,AC6,82.415629987915,False,0.1734185277018696,0.5717546939849854,False,False,False,False,False,False,False,146.93959668028688,0.0,1.3781157229095697,-1.2046971952077001,0.5717546939849854
2550.0,KL001,3,20.55286922017768,True,51.279806952434626,3.6070598144782307,162.99999999999994,165.5846750214427,189.76723424077554,-120.71075432522684,-0.0752989649772644,0.5670065879821777,AC6,82.19657001945113,False,0.16324916272424161,0.5670065879821777,False,False,False,False,False,False,False,146.74951315552377,0.0,1.292733633890748,-1.1294844711665064,0.5670065879821777
2560.0,KL001,3,18.924176015808833,True,51.28137925538721,3.583385937800157,162.99999999999994,165.5846750214427,190.59810402491848,-120.9697563723658,-0.07061749696731567,0.5638670921325684,AC6,81.98816545997067,False,0.159163927892223,0.5638670921325684,False,False,False,False,False,False,False,146.58220938678494,0.0,1.2184263858944178,-1.0592624580021948,0.5638670921325684
2570.0,KL001,3,17.29537434268906,True,51.28299268829058,3.5597183134203334,162.99999999999994,165.5846750214427,191.43527705344061,-121.2298600326871,-0.06510424613952637,0.5606663227081299,AC6,81.79053439358134,False,0.173194290837273,0.5606663227081299,False,False,False,False,False,False,False,146.43977763805185,0.0,1.1497579794377089,-0.9765636886004359,0.5606663227081299
2580.0,KL001,3,15.666457441182706,True,51.284650862610135,3.5360577506761635,162.99999999999994,165.5846750214427,192.27831485174363,-121.47302879153006,-0.05863630771636963,0.557274341583252,AC6,81.60394504649439,False,0.18807347863912582,0.557274341583252,False,False,False,False,False,False,False,146.3230171786634,0.0,1.0676180943846703,-0.8795446157455444,0.557274341583252
2590.0,KL001,3,14.037419035534887,True,51.286357604925044,3.5124051499934543,162.99999999999994,165.5846750214427,193.12676287112228,-121.69849810984323,-0.05142611265182495,0.5536950826644897,AC6,81.42867979036144,False,0.1982098608277738,0.5536950826644897,False,False,False,False,False,False,False,146.23174329333122,0.0,0.9696015436202288,-0.771391682792455,0.5536950826644897
2600.0,KL001,3,12.408256529766708,True,51.288115512935846,3.4887612379510005,162.99999999999994,165.5846750214427,193.9802887982777,-121.91107527631027,-0.04363328218460083,0.5499775409698486,AC6,81.2649855394499,False,0.20421057008206844,0.5499775409698486,False,False,False,False,False,False,False,146.16570795800814,0.0,0.8587098028510809,-0.6544992327690125,0.5499775409698486
2610.0,KL001,3,10.778970319719281,True,51.289926113650324,3.465126574472457,162.99999999999994,165.5846750214427,194.83866592605418,-122.11494288535653,-0.035407066345214844,0.5461676120758057,AC6,81.11307483880039,False,0.2058130013756454,0.5461676120758057,False,False,False,False,False,False,False,146.12448971025637,0.0,0.7369189895689487,-0.5311059881933033,0.5461676120758057
2620.0,KL001,3,9.149563461134843,True,51.29178979727233,3.4415015166176857,162.99999999999994,165.5846750214427,195.70177825959382,-122.31452707470277,0.23345279693603516,0.627159833908081,AC6,80.97311942596409,False,4.107516445219517,0.627159833908081,False,False,False,False,False,False,False,146.77823751280658,0.0,0.6057245610281825,3.5017918841913342,0.627159833908081
2630.0,KL001,3,7.52298039581809,True,51.294618261585825,3.418123761537025,162.99999999999994,165.5846750214427,196.48053392400553,-118.62478880143584,0.31620073318481445,0.597022533416748,AC6,80.88059206663091,False,0.521687432192266,0.597022533416748,False,False,False,False,False,False,False,146.8593065844324,0.0,-4.221323579549789,4.743011011742055,0.597022533416748
2640.0,KL001,3,5.900332723852099,True,51.29766825516214,3.3948135771547174,162.99999999999994,165.5846750214427,197.24761118459008,-118.52107333086065,0.32780957221984863,0.5906308889389038,AC6,80.80838350070019,False,-1.184481605887413,0.5906308889389038,False,False,False,False,False,False,False,146.74765633995966,0.0,-6.1016251891851425,4.9171435832977295,0.5906308889389038
2650.0,KL001,3,4.278952184872747,True,51.30041629356185,3.3714060731994517,162.99999999999994,165.5846750214427,198.05510367300363,-120.11545816580212,0.3030707836151123,0.5976029634475708,AC6,80.73510942887845,False,-2.303923834115267,0.5976029634475708,False,False,False,False,False,False,False,146.47508880752014,0.0,-6.849985644221306,4.546061810106039,0.5976029634475708
2660.0,KL001,3,2.658003059305164,True,51.30259229409306,3.3478440868166834,162.99999999999994,165.5846750214427,198.92799335536012,-122.81633325463304,-0.012034416198730469,0.6310311555862427,AC6,80.64982067695477,False,-7.635359242558479,0.6310311555862427,False,False,False,False,False,False,False,145.21408889062147,0.0,-7.45484322309494,-0.18051601946353912,0.6310311555862427
2670.0,KL001,3,1.0307239582104246,True,51.30315478705153,3.324058872056335,162.99999999999994,165.5846750214427,199.9563350638244,-130.81483894125887,-0.11177390813827515,0.6841833591461182,AC6,80.51541645587196,False,-3.588571697473526,0.6841833591461182,False,False,False,False,False,False,False,144.54224484827694,0.0,-1.9119632430374622,-1.6766084544360638,0.6841833591461182
2680.0,KL001,4,141.94655012495457,True,51.30246616403912,3.300267237136284,162.99999999999994,165.5846750214427,201.09777445379967,-134.7368582442474,0.029468297958374023,0.6958432197570801,AC6,80.34826947639853,False,45.0,0.6958432197570801,False,False,False,False,False,False,False,146.2012676968724,0.0,45.0,0.0,0.6958432197570801
2690.0,KL001,4,141.64617691237513,True,51.30396866776949,3.2766455329592126,162.99999999999994,165.5846750214427,202.05541037678572,-119.28652521584348,0.245108962059021,0.5916099548339844,AC6,80.26805608867062,False,45.0,0.5916099548339844,False,False,False,False,False,False,False,146.23098285575563,0.0,45.0,0.0,0.5916099548339844
2700.0,KL001,4,140.93071690032613,True,51.30944113337358,3.2545724451587,162.99999999999994,165.5846750214427,202.62069396494599,-103.8937671912816,0.5771534442901611,0.5370193719863892,AC6,80.38202444611267,False,45.0,0.5370193719863892,False,False,False,False,False,False,False,146.4775456963519,0.0,45.0,0.0,0.5370193719863892
2710.0,KL001,4,139.84874698765015,True,51.31846882918584,3.2357196448987455,162.99999999999994,165.5846750214427,202.75410797652174,-88.52818711087156,0.6028671264648438,0.3882538080215454,AC6,80.73292528231642,False,45.0,0.3882538080215454,False,False,False,False,False,False,False,147.1643019016123,0.0,42.08322912454605,2.916770875453949,0.3882538080215454
2720.0,KL001,4,138.47506049840462,True,51.330367589860835,3.221516197207728,162.99999999999994,165.5846750214427,202.44644404022017,-73.15797770131644,0.6172089576721191,0.35004866123199463,AC6,81.34347618705928,False,35.88760256767273,0.35004866123199463,False,False,False,False,False,False,False,148.3291300013002,0.0,26.62946730852127,9.258135259151459,0.35004866123199463
2730.0,KL001,4,136.90696646992004,True,51.344235665951466,3.213040486216164,162.99999999999994,165.5846750214427,201.71924367198724,-57.75154468771251,0.5301964282989502,0.19703662395477295,AC6,82.2139057921608,False,18.96807387471199,0.19703662395477295,False,False,False,False,False,False,False,149.96856954545237,0.0,11.015127673745155,7.952946200966835,0.19703662395477295
2740.0,KL001,4,135.25889550424893,True,51.35902206313246,3.210938220998048,162.99999999999994,165.5846750214427,200.6236288235909,-42.27914688238039,0.4108710289001465,0.014400601387023926,AC6,83.32207370854015,False,1.3822525274008512,0.014400601387023926,False,False,False,False,False,False,False,152.03836078073394,0.0,-4.780812934041023,6.1630654614418745,0.014400601387023926
2750.0,KL001,4,133.61377898906116,True,51.37388680367059,3.2123644875580286,162.99999999999994,165.5846750214427,199.35956775208342,-41.20396182343899,0.3946833610534668,-0.010056138038635254,AC6,84.54874428118848,False,-0.31840547220781446,-0.010056138038635254,False,False,False,False,False,False,False,154.321238233604,0.0,-6.238655894994736,5.920250422786921,-0.010056138038635254
2760.0,KL001,4,131.9682754485357,True,51.38875307649242,3.21365856241872,162.96499366929837,165.54918910087872,198.10759477469682,-41.83523675815934,0.4002234935760498,-0.0011298656463623047,AC6,85.78181677441242,False,0.009543970227241516,-0.0011298656463623047,False,False,False,False,False,False,False,156.61606769710468,0.0,-5.9938084334135056,6.003352403640747,-0.0011298656463623047
2770.0,KL001,4,130.32306961500646,True,51.40361881473224,3.214956991825912,162.96060123157437,165.54473648324142,196.86145407433708,-42.14246466564333,0.40202879905700684,-1.2755393981933594e-05,AC6,87.02479870294049,False,-0.048464834690093994,-1.2755393981933594e-05,False,False,False,False,False,False,False,158.92908618089137,0.0,-6.0788968205451965,6.0304319858551025,-1.2755393981933594e-05
2780.0,KL001,4,128.67795479809854,True,51.4184851818254,3.216235678005849,162.9600400789078,165.54416764228375,195.6223417490028,-42.51202417648952,0.40454423427581787,0.0023213624954223633,AC6,88.27663110322042,False,-0.03914527682354674,0.0023213624954223633,False,False,False,False,False,False,False,161.25837083499377,0.0,-6.1073087900877,6.068163513264153,0.0023213624954223633
2790.0,KL001,4,127.03288357544032,True,51.43335276801713,3.2174985476958007,162.96748408097952,165.55171363288412,194.39015193213834,-42.87660310096368,0.4069308042526245,0.004374146461486816,AC6,89.53706868486974,False,-0.04258543252944946,0.004374146461486816,False,False,False,False,False,False,False,163.60345541339024,0.0,-6.146547496318817,6.103962063789368,0.004374146461486816
2800.0,KL001,4,125.3877799563234,True,51.448222254006794,3.218744210074602,162.98196834204649,165.56639633368664,193.1650338815676,-43.24905485816876,0.409342885017395,0.006426334381103516,AC6,90.80573704575514,False,-0.04372783092549071,0.006426334381103516,False,False,False,False,False,False,False,165.96364524886977,0.0,-6.183871105313301,6.14014327438781,0.006426334381103516
2810.0,KL001,4,123.74261023610637,True,51.46309396990914,3.219972201045704,162.99999999999994,165.5846750214427,191.94712344833326,-43.62715503122098,0.4117395877838135,0.008438825607299805,AC6,92.08229350533617,False,-0.04553072329144925,0.008438825607299805,False,False,False,False,False,False,False,168.3383030092312,0.0,-6.221624538302422,6.176093815010972,0.008438825607299805
2820.0,KL001,4,122.09755612870693,True,51.477966289169274,3.221181619601136,162.99999999999994,165.5846750214427,190.73673302985355,-44.01159700681214,0.41408705711364746,0.01048743724822998,AC6,93.36632126461889,False,-0.047871621209196746,0.01048743724822998,False,False,False,False,False,False,False,170.72665204343045,0.0,-6.259177476167679,6.211305854958482,0.01048743724822998
2830.0,KL001,4,120.45261613188572,True,51.49283923267964,3.2223714771305256,162.99999999999994,165.5846750214427,189.53405384548049,-44.402991237976636,0.41642332077026367,0.012531518936157227,AC6,94.65748314640359,False,-0.04967585206031799,0.012531518936157227,False,False,False,False,False,False,False,173.12806715868945,0.0,-6.296025663614273,6.246349811553955,0.012531518936157227
2840.0,KL001,4,118.80779051103792,True,51.50771281299049,3.2235410077416207,162.99999999999994,165.5846750214427,188.33927039063343,-44.80087017534251,0.41873717308044434,0.014560580253601074,AC6,95.95546370213168,False,-0.051689520478248596,0.014560580253601074,False,False,False,False,False,False,False,175.54196364296033,0.0,-6.332747116684914,6.281057596206665,0.014560580253601074
2850.0,KL001,4,117.16307899468482,True,51.52258704404586,3.2246893573352167,162.99999999999994,165.5846750214427,187.15257519920252,-45.20551355926196,0.4210270643234253,0.01657867431640625,AC6,97.25996020319097,False,-0.053770244121551514,0.01657867431640625,False,False,False,False,False,False,False,177.96778106782912,0.0,-6.369176208972931,6.315405964851379,0.01657867431640625
2860.0,KL001,4,115.51848121656954,True,51.53746193919437,3.2258156428937914,162.99999999999994,165.5846750214427,185.97416613462724,-45.617058968429546,0.4232900142669678,0.018587589263916016,AC6,98.57068344757892,False,-0.05593858484644443,0.018587589263916016,False,False,False,False,False,False,False,180.40498460492262,0.0,-6.405288800597191,6.349350215750746,0.018587589263916016
2870.0,KL001,4,113.87399665226502,True,51.55233751131247,3.226918943853976,162.99999999999994,165.5846750214427,184.80424690199695,-46.03566479598999,0.4255228042602539,0.02058851718902588,AC6,99.88735682133537,False,-0.058199912309646606,0.02058851718902588,False,False,False,False,False,False,False,182.85306323936695,0.0,-6.441041976213455,6.382842063903809,0.02058851718902588
2880.0,KL001,4,112.22962460267046,True,51.567213772716286,3.227998299807939,162.99999999999994,165.5846750214427,183.64302726189717,-46.46149498783501,0.42772233486175537,0.022583603858947754,AC6,101.20971556350611,False,-0.0605544465361163,0.022583603858947754,False,False,False,False,False,False,False,185.31152835461108,0.0,-6.476389467716217,6.415835021180101,0.022583603858947754
2890.0,KL001,4,110.58536419404955,True,51.58209073499796,3.2290527103521485,162.99999999999994,165.5846750214427,182.49072313954144,-46.89471378353528,0.4309122562408447,0.02362644672393799,AC6,102.53750612054395,False,-0.04760049283504486,0.02362644672393799,False,False,False,False,False,False,False,187.77991248452304,0.0,-6.511284336447716,6.463683843612671,0.02362644672393799
2900.0,KL001,4,108.94126485913797,True,51.596968236558766,3.2300875721289968,162.99999999999994,165.5846750214427,181.34723366865583,-47.319989485700546,0.4147012233734131,0.07487034797668457,AC6,103.8706432162338,False,-0.3407965530641377,0.07487034797668457,False,False,False,False,False,False,False,190.25804908294336,0.0,-6.561314910650253,6.220518357586116,0.07487034797668457
2910.0,KL001,4,107.29638718390169,True,51.611849299142264,3.230980274551093,162.99999999999994,165.5846750214427,180.2189347460013,-48.04531305189391,0.4223628044128418,0.07873404026031494,AC6,105.2059282117704,False,0.01946479082107544,0.07873404026031494,False,False,False,False,False,False,False,192.74022473601812,0.0,-6.3159772753715515,6.335442066192627,0.07873404026031494
2920.0,KL001,4,105.65188065601907,True,51.626730172511,3.231881412129046,162.99999999999994,165.5846750214427,179.0984380002152,-48.41508418759969,0.42476892471313477,0.07819950580596924,AC6,106.54687536486716,False,-0.0626496970653534,0.07819950580596924,False,False,False,False,False,False,False,195.23268992959163,0.0,-6.434183567762375,6.3715338706970215,0.07819950580596924
2930.0,KL001,4,104.00749554096706,True,51.64161164875728,3.232756628958877,162.99999999999994,165.5846750214427,177.9876556816471,-48.87223125146875,0.42837488651275635,0.07837796211242676,AC6,107.89244952174313,False,-0.046803876757621765,0.07837796211242676,False,False,False,False,False,False,False,197.73358785451455,0.0,-6.472427174448967,6.425623297691345,0.07837796211242676
2940.0,KL001,4,102.36329139488811,True,51.656493563785574,3.2336125404259275,162.99999999999994,165.5846750214427,176.88642853638467,-49.31875030030719,0.4317004680633545,0.078316330909729,AC6,109.24262847021515,False,-0.05351543426513672,0.078316330909729,False,False,False,False,False,False,False,200.24286785962093,0.0,-6.529022455215454,6.475507020950317,0.078316330909729
2950.0,KL001,4,100.71925609376218,True,51.671375968347334,3.2344463227572304,162.99999999999994,165.5846750214427,175.79508288751543,-49.777290761008686,0.43503057956695557,0.07830798625946045,AC6,110.59716980329858,False,-0.05596741859335452,0.07830798625946045,False,False,False,False,False,False,False,202.7600876248162,0.0,-6.581426113843918,6.525458695250563,0.07830798625946045
2960.0,KL001,4,99.07539136331049,True,51.686258870982854,3.2352569335609886,162.99999999999994,165.5846750214427,174.7138583296515,-50.2436580140631,0.43831145763397217,0.07829427719116211,AC6,111.95588294222327,False,-0.059309451025910676,0.07829427719116211,False,False,False,False,False,False,False,205.28489788896604,0.0,-6.633981317281723,6.574671866255812,0.07829427719116211
2970.0,KL001,4,97.43169624407433,True,51.70114228593596,3.2360429563362985,162.99999999999994,165.5846750214427,173.64301846876697,-50.718810941503904,0.44155383110046387,0.07828176021575928,AC6,113.31857673806596,False,-0.062565878033638,0.07828176021575928,False,False,False,False,False,False,False,207.81694901788683,0.0,-6.685873344540596,6.623307466506958,0.07828176021575928
2980.0,KL001,4,95.78817026522552,True,51.71602622405031,3.2368030089489754,162.99999999999994,165.5846750214427,172.58282985679608,-51.20273057980353,0.4612758159637451,0.09632003307342529,AC6,114.6850688315292,False,0.1818680833093822,0.09632003307342529,False,False,False,False,False,False,False,210.355907633691,0.0,-6.737269163131714,6.919137246441096,0.09632003307342529
2990.0,KL001,4,94.14567050624365,True,51.7309085922418,3.2376395766559196,162.99999999999994,165.5846750214427,171.52801828681146,-51.44632054797319,0.4616011381149292,0.09366464614868164,AC6,116.05757416360751,False,-0.116224359953776,0.09366464614868164,False,False,False,False,False,False,False,212.90571185108604,0.0,-7.040241435170174,6.924017075216398,0.09366464614868164
