case,episode,agent,decision,critic_value,discounted_realized_return,future_intrusion_delay_seconds,advantage_lambda_0.95,advantage_lambda_0.99,advantage_lambda_1.0
std005,0,KL001,0,-0.5910470485687256,-0.5395778923702628,775,0.05850120236431108,0.2194178911976597,0.051469156198462
std005,0,KL001,1,-0.5293183922767639,-0.5414668906177503,770,-0.005359803730260185,0.15796837314963377,-0.012148498340987248
std005,0,KL001,2,-0.5295969247817993,-0.5433609316228875,765,-0.007317396047821237,0.15853425661455692,-0.013764006841088906
std005,0,KL001,3,-0.5424928069114685,-0.545261392584776,760,0.0038953816040722955,0.1718518891557803,-0.0027685856733082326
std005,0,KL001,4,-0.6592521071434021,-0.5471684946371814,755,0.12502203026670608,0.2902180972709058,0.11208361250622004
std005,0,KL001,5,-0.6766551733016968,-0.5490825353830219,750,0.1479540935196987,0.30942551909934374,0.12757263791867435
std005,0,KL001,6,-0.5984152555465698,-0.5510033004047747,745,0.07143665532280712,0.2322242484157401,0.04741195514179449
std005,0,KL001,7,-0.597517728805542,-0.5529310041790381,740,0.07231115967492868,0.23237025918345613,0.04458672462650328
std005,0,KL001,8,-0.5948479175567627,-0.5548654580348431,735,0.07137266784470962,0.23073125585736315,0.039982459521918985
std005,0,KL001,9,-0.5457562208175659,-0.5568066747297966,730,0.021526040313410124,0.18218856689000185,-0.011050453912231337
std005,0,KL001,10,-0.5436913371086121,-0.558754532601838,725,0.018555199037511363,0.18065948410722743,-0.015063195493226642
std005,0,KL001,11,-0.6320253610610962,-0.560709189150998,720,0.11058142880738236,0.2704289066892986,0.07131617191009755
std005,0,KL001,12,-0.6435690522193909,-0.5626704707660352,715,0.1266330679482579,0.28354440434169337,0.08089858145335505
std005,0,KL001,13,-0.6516587138175964,-0.5646385902342564,710,0.13991037150875038,0.2933090602473949,0.08702012358333938
std005,0,KL001,14,-0.656662106513977,-0.5666135830969071,705,0.15065693294531934,0.30006085643018093,0.09004852341706929
std005,0,KL001,15,-0.6626445651054382,-0.5685954872241445,700,0.16302088945599058,0.3078760046281555,0.09404907788129296
std005,0,KL001,16,-0.6710158586502075,-0.5705843150127848,695,0.17857370123598873,0.31818956516019964,0.10043154363742196
std005,0,KL001,17,-0.675171434879303,-0.5725800898225261,690,0.19053399404971463,0.3243558983160485,0.10259134505677624
std005,0,KL001,18,-0.680903434753418,-0.5745828335321896,685,0.20481197949119856,0.3321840052284591,0.10632060122122768
std005,0,KL001,19,-0.690442681312561,-0.5765925821703071,680,0.22388059786775436,0.34394431843590334,0.11385009914225334
std005,0,KL001,20,-0.699424147605896,-0.5786093421183807,675,0.24340086855995008,0.3552678996588189,0.12081480548751475
std005,0,KL001,21,-0.7063746452331543,-0.5806331530331422,670,0.2618495451872259,0.364662681537369,0.12574149220001152
std005,0,KL001,22,-0.5877155065536499,-0.5826640323179703,665,0.149090966044283,0.24728261320753833,0.0050514742356790945
std005,0,KL001,23,-0.5919839143753052,-0.5847023795108479,660,0.15981653377198668,0.25289029759764947,0.007281534864456679
std005,0,KL001,24,-0.6189137101173401,-0.5867470181243081,655,0.1949854079623783,0.2814505150592857,0.0321666919930315
std005,0,KL001,25,-0.6246669292449951,-0.58879874202882,650,0.209744612177458,0.2889145878884964,0.03586818721617463
std005,0,KL001,26,-0.6296185255050659,-0.5908576270573668,645,0.22447004778589824,0.2956504182139418,0.038760898447698595
std005,0,KL001,27,-0.6333731412887573,-0.5929237041951554,640,0.23874659736328044,0.3012515526814194,0.04044943709360133
std005,0,KL001,28,-0.6332229971885681,-0.594996993634493,635,0.24970310558813727,0.30297162449464743,0.03822600355407458
std005,0,KL001,29,-0.6346680521965027,-0.5970775291786518,630,0.2629564115206253,0.3063270203828152,0.03759052301785046
std005,0,KL001,30,-0.5285118818283081,-0.5991653360967578,625,0.16368638227303803,0.20103498222918895,-0.07065345426845025
std005,0,KL001,31,-0.5254198908805847,-0.6012604949722973,620,0.16770558312887332,0.1987876410251222,-0.07584060409171307
std005,0,KL001,32,-0.5251105427742004,-0.6033629728242104,615,0.1748916690261763,0.1993313612847207,-0.07825243005001044
std005,0,KL001,33,-0.5190083980560303,-0.6054727929365255,610,0.1763859593890947,0.1940323076729519,-0.08646439488049565
std005,0,KL001,34,-0.5136597752571106,-0.6075899745502362,605,0.17878012697850043,0.18944373490531727,-0.09393019929312611
std005,0,KL001,35,-0.5082945227622986,-0.6097145307643589,600,0.18131140098872162,0.18479474912471627,-0.1014200080020607
std005,0,KL001,36,-0.5046688318252563,-0.6118465103889915,595,0.18583616274456094,0.18185849249870178,-0.10717767856373554
std005,0,KL001,37,-0.4972592294216156,-0.613985938509183,590,0.18664608801993648,0.1750729056107038,-0.1167267090875677
std005,0,KL001,38,-0.4957360625267029,-0.6161328338548164,585,0.19372523422711507,0.17416690949967606,-0.12039677132811377
std005,0,KL001,39,-0.4865746796131134,-0.6182872114859953,580,0.19316850853696885,0.16553861679322704,-0.1317125318728821
std005,0,KL001,40,-0.4776288568973541,-0.62044909176072,575,0.19284117062639536,0.15704284012792666,-0.14282023486336615
std005,0,KL001,41,-0.4507463872432709,-0.6226185232345829,570,0.17364773463572244,0.13034503888662158,-0.17187213599131224
std005,0,KL001,42,-0.4411778450012207,-0.6247954933965906,565,0.17169772881480158,0.12086709514259775,-0.18361764839537
std005,0,KL001,43,-0.49201661348342896,-0.6269800608737898,560,0.23325986432335905,0.1723112513959966,-0.13496344739036098
std005,0,KL001,44,-0.47659608721733093,-0.6291730170910723,555,0.22835426261659883,0.15734786564876604,-0.15257692987374158
std005,0,KL001,45,-0.46652060747146606,-0.6313736349023763,550,0.22885564012900012,0.14763401160126088,-0.16485302743091038
std005,0,KL001,46,-0.4679032862186432,-0.633581925278679,545,0.2414836745498045,0.14939725339675541,-0.16567863906003596
std005,0,KL001,47,-0.43448111414909363,-0.6357979280498057,540,0.21818115835214816,0.11602326280666649,-0.20131681390071224
std005,0,KL001,48,-0.42218640446662903,-0.638021649996628,535,0.21592899861792494,0.10365324845207019,-0.21583524552999922
std005,0,KL001,49,-0.4029090702533722,-0.6402531192302888,530,0.2062452581675037,0.0841049064068583,-0.23734404897691688
std005,0,KL001,50,-0.39291471242904663,-0.6424924915750079,525,0.20585869507221496,0.0737348056261263,-0.24957777914596146
std005,0,KL001,51,-0.38083043694496155,-0.6447396659455159,520,0.20328735496554173,0.06114764325399962,-0.2639092290005546
std005,0,KL001,52,-0.36753103137016296,-0.6469946814041871,515,0.1993367164030248,0.047204186709533164,-0.2794636500340244
std005,0,KL001,53,-0.3521009385585785,-0.6492575659199392,510,0.1929698343618285,0.030965430751271547,-0.29715662736136095
std005,0,KL001,54,-0.2511749863624573,-0.6515283423202597,505,0.09630567715818365,-0.07179963185341515,-0.4003533559578025
std005,0,KL001,55,-0.24615401029586792,-0.6538068734540977,500,0.09552246956023329,-0.07873531746234204,-0.4076528631582299
std005,0,KL001,56,-0.23709909617900848,-0.656093353187069,495,0.09046745622308415,-0.08982248666766923,-0.41899425700806053
std005,0,KL001,57,-0.2275836020708084,-0.6583877840891372,490,0.08467638411488047,-0.10149401153894658,-0.4308041820183289
std005,0,KL001,58,-0.2068158984184265,-0.660690202761266,485,0.06674987802929219,-0.1246568774622512,-0.45387430434283943
std005,0,KL001,59,-0.23671050369739532,-0.6630006724129792,480,0.10121911369713975,-0.09688812283925805,-0.4262901687155838
std005,0,KL001,60,-0.2282049059867859,-0.6653192258210148,475,0.09709813758005509,-0.10763447158823297,-0.43711431983422866
std005,0,KL001,61,-0.2271338552236557,-0.6676458410207642,470,0.1006023432464446,-0.11098759380242938,-0.4405119857971082
std005,0,KL001,62,-0.266664981842041,-0.6699805737441129,465,0.1470470254094126,-0.07337032742413616,-0.4033155919020716
std005,0,KL001,63,-0.2587612569332123,-0.6723231724307396,460,0.14603057119208013,-0.08329353598400713,-0.4135619154975271
std005,0,KL001,64,-0.1775657683610916,-0.6746736733427244,455,0.06783711769695344,-0.16735590197353917,-0.4971079049816325
std005,0,KL001,65,-0.23290351033210754,-0.6770326136979394,450,0.12925826677968122,-0.11436538091406762,-0.44412910336583156
std005,0,KL001,66,-0.2193717360496521,-0.6793996476108425,445,0.12144049758612924,-0.13041290383277576,-0.46002791156119
std005,0,KL001,67,-0.20531003177165985,-0.6817749186220771,440,0.11267457944663745,-0.1471666523922663,-0.4764648868504169
std005,0,KL001,68,-0.18870986998081207,-0.6841585251179525,435,0.10079475464473413,-0.16666327002440864,-0.49544865513714004
std005,0,KL001,69,-0.1911662369966507,-0.686550525363793,430,0.10836654495784898,-0.16711809778055164,-0.4953842883671419
std005,0,KL001,70,-0.18857599794864655,-0.6889509559108024,425,0.11104344831544409,-0.1726854546051296,-0.5003749579621555
std005,0,KL001,71,-0.18226931989192963,-0.6913597856567258,420,0.1099686383337,-0.1820735511791261,-0.509090465764796
std005,0,KL001,72,-0.17462287843227386,-0.693777031045137,415,0.10744630378220613,-0.1929206544234297,-0.5191541526128629
std005,0,KL001,73,-0.16590091586112976,-0.6962027265383303,410,0.10367800625820457,-0.20497501742027077,-0.5303018106772004
std005,0,KL001,74,-0.1568697839975357,-0.6986368930022647,405,0.09940423547068779,-0.21747519938015622,-0.5417671090047289
std005,0,KL001,75,-0.08863095194101334,-0.7010795788697463,400,0.0325991902417649,-0.2899196716473794,-0.6124486269287328
std005,0,KL001,76,-0.06764889508485794,-0.7035307406006642,395,0.01202743903559534,-0.3153765907449068,-0.6358818455158062
std005,0,KL001,77,-0.11454028636217117,-0.7059905115985746,390,0.0618201901589499,-0.2725474703412589,-0.5914502252364033
std005,0,KL001,78,-0.05001617223024368,-0.7084586727343786,385,-0.003034925931179787,-0.34184079349795793,-0.6584425005041349
std005,0,KL001,79,-0.10136259347200394,-0.7109356462124626,380,0.050664121482533964,-0.2948101495125397,-0.6095730527404587
std005,0,KL001,80,-0.10179027169942856,-0.7134210340996874,375,0.053599712817736005,-0.2987525294851159,-0.6116307624002589
std005,0,KL001,81,-0.08907843381166458,-0.7159150631216841,370,0.04286805959073927,-0.3160223685384987,-0.6268366293100196
std005,0,KL001,82,-0.0788675919175148,-0.7184177863871745,365,0.034211559709381466,-0.3309564786141604,-0.6395501944696599
std005,0,KL001,83,-0.04370491951704025,-0.7209291856953438,360,-0.001159799691048017,-0.37126193001858254,-0.6772242661783039
std005,0,KL001,84,-0.03520282357931137,-0.723449270567137,355,-0.010329694786237978,-0.38506271813898,-0.688246446987826
std005,0,KL001,85,-0.023235537111759186,-0.7259780708547131,350,-0.02363212748990054,-0.4025217379882117,-0.7027425337429543
std005,0,KL001,86,-0.014115371741354465,-0.7285156482539494,345,-0.034642555317142214,-0.41730058372816614,-0.7144002765125953
std005,0,KL001,87,-0.006620832718908787,-0.731062091186198,340,-0.04452823844703024,-0.43060666507540146,-0.7244412584672896
std005,0,KL001,88,0.0018068470526486635,-0.7336173852779588,335,-0.05592521835024505,-0.4450102139583501,-0.7354242323306077
std005,0,KL001,89,0.008469334803521633,-0.7361815382652088,330,-0.06607479451608497,-0.4577972853178902,-0.7446508730687307
std005,0,KL001,90,0.016644231975078583,-0.7387546011642943,325,-0.07836335161760213,-0.47226280612728133,-0.7553988331393731
std005,0,KL001,91,0.021155498921871185,-0.7413366094471077,320,-0.08745732019566169,-0.4831959994853293,-0.7624921083689791
std005,0,KL001,92,0.03171222656965256,-0.7439275787467229,315,-0.1034103730941014,-0.5003687967008739,-0.7756398053163758
std005,0,KL001,93,0.033514998853206635,-0.7465276428801402,310,-0.11100829064534057,-0.5088961095162432,-0.7800426417333471
std005,0,KL001,94,0.038536928594112396,-0.7491367291032064,305,-0.12241596633906182,-0.5207849413899712,-0.7876736576973191
std005,0,KL001,95,0.04128553718328476,-0.7517549228630372,300,-0.13205459223779048,-0.5305218470885391,-0.7930404600463223
std005,0,KL001,96,0.04405822604894638,-0.7543822323697987,295,-0.14225121264246268,-0.5404061031830029,-0.7984404584187454
std005,0,KL001,97,0.04393114894628525,-0.7570186989381704,290,-0.14995944183232446,-0.5474862637580356,-0.800949847884456
std005,0,KL001,98,0.04278441518545151,-0.7596643520973736,285,-0.15702888881218421,-0.5536334409416006,-0.8024487672828254
std005,0,KL001,99,0.07098650187253952,-0.7623192185960428,280,-0.19539415047764766,-0.5895137413153673,-0.8333057204685826
std005,0,KL001,100,0.03833150118589401,-0.7649833952604967,275,-0.17175603658263294,-0.5643118461534522,-0.8033148964463912
std005,0,KL001,101,0.01087018009275198,-0.7676567473189099,270,-0.1523739307832307,-0.5441277442371858,-0.7785269274116623
std005,0,KL001,102,-0.01700536161661148,-0.7703395329643283,265,-0.1315655603003763,-0.5233471805191718,-0.7533341713477173
std005,0,KL001,103,-0.024397186934947968,-0.7730315598905524,260,-0.1312497171867768,-0.5230722847972195,-0.7486343729556049
std005,0,KL001,104,0.0027884163428097963,-0.7757328929440366,255,-0.16734050871854367,-0.5577463684505823,-0.7785213092868468
std005,0,KL001,105,-0.025840826332569122,-0.7784437727254861,250,-0.14661127624713005,-0.5364186487166943,-0.7526029463929175
std005,0,KL001,106,-0.03208710998296738,-0.781163995071544,245,-0.14838101372862295,-0.5375102309255003,-0.7490768850885771
std005,0,KL001,107,-0.001304724020883441,-0.783893628754767,240,-0.18925088074038357,-0.576041384756147,-0.7825889047338841
std005,0,KL001,108,-0.033750273287296295,-0.786632910470599,235,-0.1657533649275802,-0.5511226499049118,-0.7528826371833034
std005,0,KL001,109,-0.0382913276553154,-0.789381646327574,230,-0.17042514095769243,-0.5541650626057517,-0.7510903186722593
std005,0,KL001,110,-0.04227078706026077,-0.7921398972240001,225,-0.17596780905819315,-0.5578321964050972,-0.74986911016374
std005,0,KL001,111,0.02458544820547104,-0.7949077222233664,220,-0.2564011100083242,-0.6331145501137709,-0.819493170428838
std005,0,KL001,112,0.05951050668954849,-0.7976848088055607,215,-0.30750559293623136,-0.6769329984326327,-0.8571953154951097
std005,0,KL001,113,0.028001733124256134,-0.8004716938993455,210,-0.29142918032708265,-0.6541207205187597,-0.8284734270236022
std005,0,KL001,114,0.06201422959566116,-0.8032681014012002,205,-0.34353306095955183,-0.6972916502284762,-0.8652823309968619
std005,0,KL001,115,0.030560337007045746,-0.8060743980082594,200,-0.32953408271622353,-0.6748034894130401,-0.8366347350153056
std005,0,KL001,116,0.06407558172941208,-0.8088903053485733,195,-0.3832510249297661,-0.7177450736928755,-0.8729658870779858
std005,0,KL001,117,0.029232345521450043,-0.811716160697844,190,-0.36791347229897897,-0.6921048845555102,-0.8409485062192945
std005,0,KL001,118,0.024657927453517914,-0.8145517247926375,185,-0.3837023317087225,-0.6968126440747422,-0.8392096522461558
std005,0,KL001,119,0.029243968427181244,-0.8173970818384434,180,-0.4100397257892148,-0.7108536530901021,-0.8466410502656252
std005,0,KL001,120,0.023417197167873383,-0.8202524390489897,175,-0.42688269859325717,-0.7145519919439481,-0.8436696362168636
std005,0,KL001,121,-0.06848245114088058,-0.8231177927465424,170,-0.354092716677772,-0.6313790904617692,-0.7546353416056623
std005,0,KL001,122,-0.07342132180929184,-0.8259931485941685,165,-0.3690797841679878,-0.6352360755602171,-0.7525718267848771
std005,0,KL001,123,-0.32376962900161743,-0.8288785179939909,160,-0.1266033481025777,-0.3912747686533582,-0.5051088889923738
std005,0,KL001,124,-0.3723123073577881,-0.8317752270287627,155,-0.08382229960970877,-0.34871712264636406,-0.4594629196709749
std005,0,KL001,125,-0.3955189883708954,-0.8346820627123869,150,-0.06548031382654355,-0.3313426769307006,-0.4391630743414918
std005,0,KL001,126,-0.41632184386253357,-0.8375989950787569,145,-0.04872115203620267,-0.3162413904649415,-0.4212771512162237
std005,0,KL001,127,-0.44715753197669983,-0.8405260644817935,140,-0.02053387890966573,-0.290873486079619,-0.393368532505094
std005,0,KL001,128,-0.4288731515407562,-0.8434633516002374,135,-0.04257812817242797,-0.31488488400286485,-0.4145902000594816
std005,0,KL001,129,-0.4932691752910614,-0.8464107890347319,130,0.021235684959277523,-0.25564338764968825,-0.35314161374367087
std005,0,KL001,130,-0.4845312833786011,-0.8493685784702075,125,0.011422877238149144,-0.26969440222877816,-0.3648372950916068
std005,0,KL001,131,-0.4822569787502289,-0.8523366059611542,120,0.007893549504082902,-0.2773771475647927,-0.3700796272109257
std005,0,KL001,132,-0.48064398765563965,-0.855314901926099,115,0.004870096124193499,-0.2844885121189503,-0.37467091427045973
std005,0,KL001,133,-0.4820186197757721,-0.8583034947089105,110,0.004827323846757131,-0.2886732271841336,-0.37628487493313867
std005,0,KL001,134,-0.3758515417575836,-0.8613024126409804,105,-0.1084245735126625,-0.401547729881028,-0.48545087088339695
std005,0,KL001,135,-0.39859017729759216,-0.8643116691180354,100,-0.09197282444020308,-0.38537815555450494,-0.4657214918204434
std005,0,KL001,136,-0.4078075587749481,-0.8673313499119649,95,-0.08891115428187445,-0.3827262128972205,-0.4595237911370171
std005,0,KL001,137,-0.4183541238307953,-0.8703614785581858,90,-0.08431176694172537,-0.37872797564109906,-0.45200735472739084
std005,0,KL001,138,-0.4205588698387146,-0.8734020798118133,85,-0.0882729511177194,-0.38313846184245925,-0.452843209973099
std005,0,KL001,139,-0.2743016183376312,-0.8764531946988834,80,-0.24874099925873192,-0.5375783830623235,-0.6021515763612526
std005,0,KL001,140,-0.28519219160079956,-0.8795150878472237,75,-0.2522884756072524,-0.5348721754611452,-0.5943228962464246
std005,0,KL001,141,-0.2916661202907562,-0.8825875431154088,70,-0.2607248360398574,-0.5366286876101638,-0.5909214228246532
std005,0,KL001,142,-0.30054011940956116,-0.8856706034035738,65,-0.26713364867336764,-0.5360075957972119,-0.5851304839940132
std005,0,KL001,143,-0.3085663914680481,-0.8887642975998393,60,-0.2748282998880836,-0.5362655585044914,-0.5801979061317918
std005,0,KL001,144,-0.3170625865459442,-0.8918686613973049,55,-0.28249107949787405,-0.5360806046854366,-0.5748060748513613
std005,0,KL001,145,-0.32572510838508606,-0.894983725797905,50,-0.29044149395003954,-0.5357550124566646,-0.5692586174128195
std005,0,KL001,146,-0.3343927562236786,-0.8981095245282957,45,-0.29886603725782335,-0.5354502773918016,-0.5637167683046178
std005,0,KL001,147,-0.3425998389720917,-0.9012460893279042,40,-0.3082816261130853,-0.5356370912373252,-0.5586462503558132
std005,0,KL001,148,-0.35041165351867676,-0.9043934554192893,35,-0.318673641113965,-0.5362545698129757,-0.5539818019006133
std005,0,KL001,149,-0.35837432742118835,-0.9075516561274626,30,-0.32952074064966114,-0.5367555399778103,-0.5491773287062749
std005,0,KL001,150,-0.3670826256275177,-0.9107207235648147,25,-0.34022303683995364,-0.5365381678692634,-0.5436380979372977
std005,0,KL001,151,-0.374221533536911,-0.9139006903278669,20,-0.3532119760958896,-0.537933687113482,-0.5396791567909566
std005,0,KL001,152,-0.3816860616207123,-0.9170915916838364,15,-0.36661580246487907,-0.539044388557107,-0.5354055300631246
std005,0,KL001,153,-0.3829849064350128,-0.9202934595346373,10,-0.3872920274754921,-0.5464244053491059,-0.537308553099625
std005,0,KL001,154,-0.22461247444152832,-0.923506317887557,5,-0.5772123108364733,-0.7151935712040325,-0.6988938434460292
std005,0,KL001,155,-0.22138455510139465,-0.9267298261868905,0,-0.6139341000862615,-0.7289920295409933,-0.7053452710854964
std005,0,KL001,156,-0.22742542624473572,-0.8920039604422754,0,-0.6029969263291659,-0.6952607528464925,-0.6645785341975401
std005,0,KL001,157,-0.22868885099887848,-0.8476661333684707,0,-0.5865051653369444,-0.6563303073503779,-0.6189772823695927
std005,0,KL001,158,-0.22727526724338531,-0.803172717178624,0,-0.5719069034341462,-0.6195771223298562,-0.5758974499352392
std005,0,KL001,159,-0.22790439426898956,-0.7585232245542255,0,-0.5543308440529453,-0.5802540868190964,-0.5306188302852364
std005,0,KL001,160,-0.22576864063739777,-0.7137171073458841,0,-0.5386774334530642,-0.543189528763345,-0.4879484667084867
std005,0,KL001,161,-0.2232726663351059,-0.668753822063247,0,-0.5225135419039277,-0.505975524683725,-0.44548115572814145
std005,0,KL001,162,-0.22039580345153809,-0.6236328228974615,0,-0.5058308515118412,-0.4686296428322051,-0.40323701944592377
std005,0,KL001,163,-0.21773138642311096,-0.5783535717746395,0,-0.48797419158968863,-0.43054942330156676,-0.36062218535152896
std005,0,KL001,164,-0.24554400146007538,-0.5329156053921242,0,-0.43702086480686575,-0.3611554044776331,-0.2873716039320492
std005,0,KL001,165,-0.2990916669368744,-0.4873202948537081,0,-0.3562128679050822,-0.2649201510091168,-0.18822862791683392
std005,0,KL001,166,-0.3350284695625305,-0.4415671073653251,0,-0.2895910052127143,-0.1853523938442001,-0.10653863780279482
std005,0,KL001,167,-0.5646188259124756,-0.39565551466121923,0,-0.01550571419437212,0.09078122262162111,0.16896331125125608
std005,0,KL001,168,-0.6058347225189209,-0.34958499260534076,0,0.07487828263820664,0.17958960574054866,0.25624972991357997
std005,0,KL001,169,-0.644233763217926,-0.3033550209446319,0,0.16723348654702008,0.2666161809131218,0.34087874227329407
std005,0,KL001,170,-0.8426684141159058,-0.2569650826445613,0,0.43310490917887556,0.5163440117268452,0.5857033314713445
std005,0,KL001,171,-0.5414720177650452,-0.23888482095761324,110,0.15732011119019124,0.2353382407713358,0.302587196807432
std005,0,KL001,172,-0.5157738327980042,-0.23972147918370418,105,0.13713293303950713,0.21067451827842304,0.27605235361430014
std005,0,KL001,173,-0.453795462846756,-0.24056117700536228,100,0.07771381513516437,0.14911856766526976,0.2132342858413939
std005,0,KL001,174,-0.4258778393268585,-0.24140358081078805,95,0.05103048004253496,0.12134736766053358,0.1844742585160706
std005,0,KL001,175,-0.41594162583351135,-0.24224918925596847,90,0.04187484481516799,0.11145895351891219,0.17369243657754307
std005,0,KL001,176,-0.40451040863990784,-0.24309785400498118,85,0.030666426439668038,0.09996062639216172,0.16141255463492682
std005,0,KL001,177,-0.39179322123527527,-0.243949075755797,80,0.017515698615797354,0.08704737795193686,0.14784414547947847
std005,0,KL001,178,-0.38305792212486267,-0.24480273318819215,75,0.007863265190169534,0.07802566047825475,0.1382551889366707
std005,0,KL001,179,-0.3465534746646881,-0.24565859365161663,70,-0.03153042661451118,0.04086295201103486,0.10089488101307165
std005,0,KL001,180,-0.2871152460575104,-0.2465190579982925,65,-0.09715063854347936,-0.019844523903691805,0.04059618805921801
std005,0,KL001,181,-0.21609286963939667,-0.24738098658879906,60,-0.17843955362900016,-0.09286929183155498,-0.031288116949402284
std005,0,KL001,182,-0.3228081166744232,-0.24824584098360758,55,-0.0769523630737304,0.012894277671336517,0.07456227569081576
std005,0,KL001,183,-0.3449387848377228,-0.24911387044962316,50,-0.05917957467245868,0.034283683077558594,0.09582491438809977
std005,0,KL001,184,-0.36331865191459656,-0.24998495708147053,45,-0.04443567726552018,0.05209781571858589,0.11333369483312612
std005,0,KL001,185,-0.3323744833469391,-0.2508590821686346,40,-0.08084921851923588,0.020267642408750168,0.08151540117830453
std005,0,KL001,186,-0.2990635335445404,-0.2517363261649321,35,-0.12169084174184133,-0.014277928376320408,0.04732720737960837
std005,0,KL001,187,-0.36686065793037415,-0.25261670889666216,30,-0.05828031523386496,0.05295248829342657,0.11424394903371199
std005,0,KL001,188,-0.38436415791511536,-0.2535001818400246,25,-0.04448923423991381,0.07005834799070203,0.1308639760750908
std005,0,KL001,189,-0.383191853761673,-0.2543868316322617,20,-0.04964482576928678,0.06847105602430709,0.12880502212941125
std005,0,KL001,190,-0.3763364255428314,-0.2552766276375058,15,-0.06106873281727557,0.061125692738995846,0.1210597979053256
std005,0,KL001,191,-0.36702850461006165,-0.2561695962936101,10,-0.07569237665921752,0.05122707896963246,0.11085890831645158
std005,0,KL001,192,-0.35482773184776306,-0.2570657666778259,5,-0.09415047527759936,0.0383042423799171,0.09776196516993717
std005,0,KL001,193,-0.3418256342411041,-0.25796515933639685,0,-0.11444671734238288,0.024438814420204437,0.08386047490470727
std005,0,KL001,194,-0.32565733790397644,-0.21141721037106495,0,-0.08922303826193514,0.0551618864278159,0.11424012753291146
std005,0,KL001,195,-0.31157076358795166,-0.1647062156173504,0,-0.06032789976239819,0.08846395014257705,0.1468645479706012
std005,0,KL001,196,-0.3054927885532379,-0.11783158778487826,0,-0.021323368883267257,0.1303595767860754,0.18766120076835954
std005,0,KL001,197,-0.299944132566452,-0.07079273653426937,0,0.02045746708792278,0.17338282896258694,0.22915139603218254
std005,0,KL001,198,-0.2946549952030182,-0.02358908268800254,0,0.06488502027391918,0.2172746924629923,0.27106591251501555
std005,0,KL001,199,-0.289167195558548,0.023779952127597898,0,0.11162510128681358,0.2615832887724191,0.3129471476861458
std005,0,KL001,200,-0.2843092381954193,0.07131494526034017,0,0.16168079166717264,0.3071518764581685,0.3556241834557594
std005,0,KL001,201,-0.2737848460674286,0.11901648415000801,0,0.20860884897039733,0.34763554311858225,0.3928013302174366
std005,0,KL001,202,-0.26401785016059875,0.16688513373799777,0,0.2590159322479537,0.38947368336690746,0.4309029838985965
std005,0,KL001,203,-0.2497665137052536,0.2149215096630604,0,0.30757760002628903,0.4273874387251246,0.464688023368314
std005,0,KL001,204,-0.22304372489452362,0.26312619834646295,0,0.3457989705548126,0.45327135974327254,0.48616992324098657
std005,0,KL001,205,-0.19345811009407043,0.3114997622461742,0,0.3832579925680778,0.4767111515500345,0.5049578723402446
std005,0,KL001,206,-0.2251492291688919,0.3600427881533899,,0.4874376103915705,0.562471037054418,0.5851920173222818
std005,0,KL001,207,0.04192536324262619,0.36130474334248724,,0.2329289102955574,0.29957453623782737,0.319379380099861
std005,0,KL001,208,0.050176315009593964,0.3625714328004504,,0.23751762729268963,0.2954756388146721,0.3123951177908564
std005,0,KL001,209,0.0586373433470726,0.3638425747623799,,0.24217409247248933,0.29113784906558304,0.30520523141530725
std005,0,KL001,210,0.0670495256781578,0.3651181778269181,,0.24717543890503185,0.2868201828371786,0.2980686521487602
std005,0,KL001,211,0.07530305534601212,0.36639825725489444,,0.2526564956296241,0.2826336571854243,0.2910952019088823
std005,0,KL001,212,0.2052711695432663,0.3676828286328385,,0.13035607647215602,0.15547521930191655,0.16241165908957217
std005,0,KL001,213,0.22349023818969727,0.3689717326024654,,0.11927747009848332,0.13991995048073105,0.14548149441276811
std005,0,KL001,214,0.22483466565608978,0.3702648296229268,,0.1254045546642894,0.14126175120853154,0.14543016396683695
std005,0,KL001,215,0.2284269481897354,0.3715624523660327,,0.1295155051172759,0.14035604675022978,0.14313550417629722
std005,0,KL001,216,0.23168353736400604,0.3728646227589554,,0.13422459481183427,0.1397897872783263,0.14118108539494933
std005,0,KL001,217,0.23455406725406647,0.3741713569653161,,0.13961728971124965,0.13961728971124965,0.13961728971124965
std005,0,KL002,0,-0.1999112218618393,0.2049877854579464,,0.06643123962560953,0.20740339568611832,0.4048990073197857
std005,0,KL002,1,-0.21187140047550201,0.2057060386807433,,0.08202501076341569,0.22160590856059778,0.4175774391562453
std005,0,KL002,2,-0.22250996530056,0.2064268528226157,,0.09706178226832263,0.23462489848532703,0.42893681812317563
std005,0,KL002,3,-0.22584743797779083,0.20715024919351038,,0.10522088363917757,0.24040903473919867,0.43299768717130116
std005,0,KL002,4,-0.22715172171592712,0.20787621385079838,,0.11168703096309601,0.24420656355037,0.4350279355667255
std005,0,KL002,5,-0.2243807315826416,0.20860474455619013,,0.11422280132554183,0.2439348596328453,0.4329854761388317
std005,0,KL002,6,-0.2199123352766037,0.2093358403222997,,0.11512487531281379,0.24195471749158287,0.4292481755989034
std005,0,KL002,7,-0.21158364415168762,0.21006949581089238,,0.11203076390766858,0.23606409065418799,0.42165313996257997
std005,0,KL002,8,-0.20165038108825684,0.2108057189471883,,0.10710408441408135,0.22850180855143318,0.4124561000354451
std005,0,KL002,9,-0.19026562571525574,0.21154451699753785,,0.10040867962120983,0.21940537249852268,0.4018101427127935
std005,0,KL002,10,-0.1904783546924591,0.2122858992586098,,0.10558605390800682,0.2219397782208666,0.40276425395106885
std005,0,KL002,11,-0.1867782026529312,0.2130299115554713,,0.10693544403811331,0.22055562844368687,0.39980811420840245
std005,0,KL002,12,-0.1825132519006729,0.2137765286052982,,0.10777995112404852,0.21859518818628326,0.396289780505971
std005,0,KL002,13,-0.1798700988292694,0.2145257579512754,,0.11039490210106945,0.21826127728813519,0.39439585678054473
std005,0,KL002,14,-0.17552368342876434,0.21527760881191343,,0.11137396336023293,0.21621169567647722,0.39080129224067767
std005,0,KL002,15,-0.16840727627277374,0.21603210658801797,,0.10950842791322424,0.21135158133723345,0.3844393828607916
std005,0,KL002,16,-0.16205477714538574,0.21678924727488372,,0.108368185519784,0.20722198389862,0.3788440244202693
std005,0,KL002,17,-0.15449385344982147,0.2175490347105562,,0.10591512179679974,0.20183790351770678,0.37204288816037756
std005,0,KL002,18,-0.22634698450565338,0.21831147761532135,,0.18694552297391953,0.27662335288052486,0.4446584621209746
std005,0,KL002,19,-0.1844024360179901,0.21907755432494672,,0.1524885114039983,0.23722840980564477,0.4034799903429367
std005,0,KL002,20,-0.17520886659622192,0.21984629120867333,,0.15072027780559405,0.2305263342794638,0.39505515780489514
std005,0,KL002,21,-0.1280180960893631,0.22061772134845115,,0.10888931120076112,0.18538436738963526,0.34863581743781413
std005,0,KL002,22,-0.12287365645170212,0.22139172830227402,,0.10913564557759516,0.18226458598441755,0.34426538475397606
std005,0,KL002,23,-0.07840386778116226,0.22216845336237265,,0.0680197292757372,0.13939788866655609,0.3005723211435349
std005,0,KL002,24,-0.0777762308716774,0.2229475747900433,,0.07090147826854479,0.14038854139723486,0.30072380566172063
std005,0,KL002,25,-0.06944147497415543,0.2237294654306984,,0.0658351260796955,0.13360999917818525,0.2931709404048538
std005,0,KL002,26,-0.06089869886636734,0.22451410371702446,,0.06029521808174717,0.12655838126068056,0.2854128025833918
std005,0,KL002,27,-0.05353323370218277,0.22530150285148695,,0.05571409802697451,0.12063002707215478,0.27883473655366975
std005,0,KL002,28,-0.04336325079202652,0.22609167860893692,,0.04795003029012999,0.11181404841110369,0.2694549294009635
std005,0,KL002,29,-0.033883608877658844,0.2268846285175804,,0.04051288142698196,0.10361113124746485,0.2607682373952393
std005,0,KL002,30,-0.025582022964954376,0.22768037036195704,,0.03393191003618089,0.09651984418354073,0.25326239332691153
std005,0,KL002,31,-0.018108077347278595,0.22847890765327533,,0.02788212570662057,0.09019721912093898,0.24658698500055407
std005,0,KL002,32,-0.01062364224344492,0.2292802590129662,,0.021508159697775975,0.08380422476636515,0.23990390125641126
std005,0,KL002,33,0.013300917111337185,0.23008443196806008,,-0.002502561974587228,0.06074434536706188,0.21678351485672304
std005,0,KL002,34,0.014707616530358791,0.23089117769638515,,-0.004074570909532886,0.06019966386397937,0.2161835611660265
std005,0,KL002,35,0.022982053458690643,0.2317007757682404,,-0.012959097175912693,0.052715448704229846,0.20871872230954994
std005,0,KL002,36,0.029775582253932953,0.23251321974342154,,-0.0207546197862732,0.04665430828672352,0.20273763748948875
std005,0,KL002,37,0.0343816801905632,0.23332852701240014,,-0.026661552228449608,0.04274407923517741,0.1989468468218371
std005,0,KL002,38,0.026888005435466766,0.23414619271659942,,-0.020148095151560397,0.05101830508514847,0.20725818728113282
std005,0,KL002,39,0.02987103909254074,0.23496673820821432,,-0.02432353821181407,0.048796352746136314,0.20509569911567374
std005,0,KL002,40,0.034517668187618256,0.23579015314044677,,-0.030474298187470855,0.0448742449836729,0.20127248495282868
std005,0,KL002,41,0.0385284349322319,0.23661644531698423,,-0.0362850092953747,0.04155736148110177,0.19808801038475252
std005,0,KL002,42,0.04713612049818039,0.2374456174436303,,-0.04724706370865658,0.033566062184659615,0.19030949694545007
std005,0,KL002,43,0.055154018104076385,0.2382776694233453,,-0.05817394894755739,0.02609194396770744,0.18312365131926905
std005,0,KL002,44,0.04896005243062973,0.23911261973735976,,-0.054726824048408666,0.03289965442984431,0.1901525673067302
std005,0,KL002,45,-0.04920993000268936,0.23995048782981576,,0.045708449305471834,0.13268336144848797,0.28916041783250535
std005,0,KL002,46,-0.057662881910800934,0.24079184897398434,,0.05699975165636106,0.14285799575488067,0.2984547308847855
std005,0,KL002,47,-0.03737504035234451,0.24163566468584882,,0.038641815268537424,0.12410989458880792,0.2790107050381936
std005,0,KL002,48,-0.03109285980463028,0.24248237784565596,,0.03406752839715978,0.11932494069847667,0.27357523765028646
std005,0,KL002,49,-0.025664664804935455,0.24333204752349827,,0.030157710047805885,0.11535955425565608,0.2689967123284339
std005,0,KL002,50,-0.02378878742456436,0.24418468935791862,,0.029786988382624533,0.11494748519213707,0.2679734767824831
std005,0,KL002,51,-0.021464355289936066,0.24504031462993311,,0.028930139196214892,0.11408334479116777,0.2665046699198693
std005,0,KL002,52,-0.01938728243112564,0.24589893897328954,,0.028293984792140178,0.11346550292740318,0.2652862214044153
std005,0,KL002,53,-0.0165848508477211,0.24676057409971094,,0.026866129924392208,0.11211390149181946,0.2633454249474322
std005,0,KL002,54,-0.013093181885778904,0.2476252168475187,,0.024642669504878416,0.11005757139855638,0.2607183987332977
std005,0,KL002,55,0.05439990013837814,0.24849288315700577,,-0.04506305251688817,0.0433376521973656,0.19409298301862776
std005,0,KL002,56,0.058060429990291595,0.2493635756196872,,-0.05125351184656936,0.040423842102736564,0.19130314562939577
std005,0,KL002,57,0.06170954555273056,0.25023732548849553,,-0.05776709354276645,0.03749477869854387,0.1885277799357651
std005,0,KL002,58,0.06560977548360825,0.2511141443898297,,-0.06489838286844635,0.03428503399083004,0.18550436890622163
std005,0,KL002,59,0.06779112666845322,0.2519940363023675,,-0.07060757297921307,0.03278155336482745,0.18420290963391445
std005,0,KL002,60,0.07048731297254562,0.2528770163407365,,-0.07717218429875157,0.030745254925838243,0.182389703368191
std005,0,KL002,61,0.07392247766256332,0.25376309590279156,,-0.08487443480881254,0.0279442862757458,0.17984061824022832
std005,0,KL002,62,0.07721611112356186,0.25465228820958563,,-0.09284881587462913,0.025260238582014618,0.17743617708602383
std005,0,KL002,63,0.08258750289678574,0.2555445984182362,,-0.10344727611891487,0.020452493350222086,0.17295709552145055
std005,0,KL002,64,0.08913972228765488,0.25644005002360076,,-0.11586578909256942,0.014405439802035534,0.167300327735946
std005,0,KL002,65,0.08959820121526718,0.2573386445075907,,-0.12254507455813028,0.014454391644888738,0.16774044329232363
std005,0,KL002,66,0.09378007799386978,0.25824038609478855,,-0.13351821236397132,0.010744624523340407,0.16446030810091888
std005,0,KL002,67,0.09745921939611435,0.25914529042857465,,-0.14456473252166355,0.007506872677315368,0.16168607103246038
std005,0,KL002,68,-0.049339450895786285,0.26005336387204325,,0.0021778743383903884,0.1562357665271469,0.30939281476782965
std005,0,KL002,69,-0.05285312980413437,0.2609648826752088,,0.0058175403678225185,0.16174175561696746,0.31381801247934327
std005,0,KL002,70,-0.021570153534412384,0.2618796519175547,,-0.026978765976618427,0.1321623325755901,0.2834498054519672
std005,0,KL002,71,-0.1461605578660965,0.26279776804184846,,0.10257061681446256,0.2597381589948262,0.40895832590794495
std005,0,KL002,72,-0.15318164229393005,0.2637192097113517,,0.11519961329983285,0.26985641698791274,0.41690085200528176
std005,0,KL002,73,-0.1487164944410324,0.2646438591570732,,0.11642318410812993,0.26848556521016664,0.41336035359810563
std005,0,KL002,74,-0.16209040582180023,0.26557173214731333,,0.13651007438339013,0.2851310530188107,0.42766213796911356
std005,0,KL002,75,-0.1606050729751587,0.26650279755444095,,0.1420375566060426,0.28694685885946714,0.42710787052959964
std005,0,KL002,76,-0.15445078909397125,0.2674368432696038,,0.14296684135624596,0.2840762924877327,0.42188763236357507
std005,0,KL002,77,-0.14651474356651306,0.26837411074817863,,0.1420955690882409,0.2793885414182868,0.41488885431469175
std005,0,KL002,78,-0.12085851281881332,0.2693146540922303,,0.12255166141711553,0.2567657503771895,0.3901731669110437
std005,0,KL002,79,0.006361744366586208,0.2702585059237197,,-0.004907817451169139,0.13133526959327566,0.26389676155713354
std005,0,KL002,80,0.008262655697762966,0.2712055704368518,,-0.007161570654335687,0.13122925108029554,0.2629429147390889
std005,0,KL002,81,0.010411581955850124,0.272155931628185,,-0.009796334883063165,0.13087797211943436,0.26174434967233495
std005,0,KL002,82,0.01206617709249258,0.2731096161351418,,-0.01205122108813961,0.13102882481327854,0.2610434390426492
std005,0,KL002,83,0.014246455393731594,0.27406663340441334,,-0.01498035937371733,0.1306565891257795,0.25982017801068175
std005,0,KL002,84,0.015327653847634792,0.27502699823300164,,-0.01690950450058379,0.13139716843008495,0.25969934438536685
std005,0,KL002,85,0.015813015401363373,0.2759907202335196,,-0.018316122344591984,0.13275352354540548,0.26017770483215624
std005,0,KL002,86,0.019447676837444305,0.2769578151704025,,-0.023115226880792303,0.1309489825914594,0.2575101383329582
std005,0,KL002,87,0.03323102742433548,0.2779282992945798,,-0.03885404046638724,0.11888149059198512,0.24469727187024434
std005,0,KL002,88,0.03036361187696457,0.2789022042413424,,-0.03790128094790017,0.12351715379775267,0.24853859236437784
std005,0,KL002,89,0.033179499208927155,0.27987951371047654,,-0.04288787007939638,0.12246518211930482,0.2467000145015494
std005,0,KL002,90,0.03398074954748154,0.28086024479373417,,-0.046024249461555825,0.12344381142399954,0.24687949524625263
std005,0,KL002,91,0.033712081611156464,0.2818444081105991,,-0.04820808826742406,0.12551934661720326,0.24813232649944256
std005,0,KL002,92,0.03399982303380966,0.2828320138561376,,-0.051101611443831005,0.12706020603486576,0.24883219082232788
std005,0,KL002,93,0.030247680842876434,0.2838230752972204,,-0.04990453170661182,0.13270378722200982,0.2535753944543439
std005,0,KL002,94,0.035015471279621124,0.28481759719571165,,-0.05762223403807694,0.12980506371442485,0.24980212591609047
std005,0,KL002,95,-0.0897599384188652,0.28581560295600955,,0.0706042515406396,0.257735391683107,0.3755755413748747
std005,0,KL002,96,-0.07449019700288773,0.28681719757779045,,0.05817637607214079,0.24550945534822755,0.3613073945806781
std005,0,KL002,97,-0.07356580346822739,0.2878222863143285,,0.06020523333983317,0.24766103220179098,0.3613880897825558
std005,0,KL002,98,-0.03707291930913925,0.28883089597997325,,0.024911247521741585,0.2139174595140858,0.32590381528911244
std005,0,KL002,99,-0.03906010836362839,0.2898429981764999,,0.028269401893331134,0.21871149190334838,0.3289031065401283
std005,0,KL002,100,-0.04079490154981613,0.29085864249318466,,0.03154367346721503,0.22330893330820917,0.3316535440430008
std005,0,KL002,101,-0.04278775304555893,0.291877841196591,,0.03526758890006668,0.22822360559833973,0.3346655942421499
std005,0,KL002,102,-0.04449019581079483,0.2929006134047783,,0.03888819354746118,0.2329049221675461,0.33739080921557313
std005,0,KL002,103,-0.04679907113313675,0.2939269682033803,,0.043344779893958296,0.23825662462755565,0.34072603933651713
std005,0,KL002,104,-0.04766569286584854,0.29495691901650134,,0.046525682777273855,0.24221633182798785,0.34262261188234994
std005,0,KL002,105,-0.05010340362787247,0.29599048100501224,,0.05153631759688988,0.24781394409305135,0.3460938846328847
std005,0,KL002,106,-0.07905358821153641,0.2970276629575892,,0.08472802514108246,0.28025955645968953,0.37608125116912555
std005,0,KL002,107,-0.08402732759714127,0.2980685279767355,,0.09444399637046345,0.2888266911554549,0.3820958555738767
std005,0,KL002,108,-0.08595523983240128,0.29911304203511974,,0.1014826930386011,0.2944164891845787,0.38506828186752096
std005,0,KL002,109,-0.08993154019117355,0.300161214173743,,0.11106689316947334,0.30214478704940584,0.3900927543649164
std005,0,KL002,110,-0.09306011348962784,0.3012130596933909,,0.1202838643925068,0.30910813831402767,0.3942731731830187
std005,0,KL002,111,-0.09562348574399948,0.302268589204298,,0.1294134444578351,0.31558448674916845,0.3978920749482974
std005,0,KL002,112,-0.09833876043558121,0.30332781580362045,,0.13920764204533892,0.32229353703202,0.4016665762392016
std005,0,KL002,113,-0.09849720448255539,0.30439075026757434,,0.14685202773346545,0.32650182942645006,0.4028879547501296
std005,0,KL002,114,-0.10132194310426712,0.30545740700385854,,0.1577329827204122,0.33346018769244895,0.4067793501081255
std005,0,KL002,115,-0.10368075221776962,0.30652779963757254,,0.16872587866225713,0.34003282463180695,0.410208551855342
std005,0,KL002,116,-0.10539525002241135,0.3076019391482126,,0.17965096593658875,0.34603594217020817,0.4129971891706238
std005,0,KL002,117,-0.1038094237446785,0.3086798412079174,,0.18771100166590615,0.34878121367093473,0.41248926495259575
std005,0,KL002,118,-0.10512042790651321,0.30976151627701426,,0.19928011670731915,0.3544956312267735,0.4148819441835273
std005,0,KL002,119,-0.14219819009304047,0.31084697797145705,,0.24914518171620734,0.3964113896041463,0.4530451680644973
std005,0,KL002,120,-0.14184507727622986,0.31193630808383743,,0.2622810332058324,0.40095876312726153,0.45378138536006707
std005,0,KL002,121,-0.13686808943748474,0.31302945573759605,,0.2712907588932717,0.40089883326381887,0.44989754517508057
std005,0,KL002,122,-0.13583117723464966,0.3141264272099882,,0.2849737074786378,0.4048355682851028,0.4499576044446376
std005,0,KL002,123,-0.0970388874411583,0.3152272246358101,,0.2596885794150623,0.3706929080241446,0.4122661120769682
std005,0,KL002,124,-0.10434439033269882,0.31633228551576686,,0.28164689209959703,0.3827856657503931,0.4206766758484655
std005,0,KL002,125,0.046313218772411346,0.31744127137066486,,0.1385380434470055,0.23545887003704072,0.27112805259825334
std005,0,KL002,126,0.05717002600431442,0.3185539913504158,,0.13508357060170062,0.2278684912940317,0.2613839653461012
std005,0,KL002,127,0.0639766976237297,0.3196705964358493,,0.1357378708106073,0.2243040347908663,0.2556938988121194
std005,0,KL002,128,0.06893538683652878,0.3207911095135412,,0.13839936530813393,0.22258169290396987,0.25185572267701223
std005,0,KL002,129,0.07628758996725082,0.3219155440871293,,0.1387095499276846,0.21843571217195312,0.24562795411987834
std005,0,KL002,130,0.08371441811323166,0.3230439144846042,,0.13898576347953512,0.21418381739437775,0.2393294963713724
std005,0,KL002,131,0.09538360685110092,0.32417623481742014,,0.1348392782090389,0.2056149944043621,0.2287926279663191
std005,0,KL002,132,0.10425250977277756,0.3253125176675752,,0.1334499660600798,0.19979915694024525,0.22106000789479752
std005,0,KL002,133,0.10790245980024338,0.32645277304044007,,0.1375087436632102,0.19920703967461245,0.21855031324019658
std005,0,KL002,134,0.12403217703104019,0.3275970179439311,,0.12867296925075494,0.18601393240250047,0.2035648409128908
std005,0,KL002,135,0.1366027593612671,0.32874494970121415,,0.12314517391718785,0.1762927147325088,0.19214219033994695
std005,0,KL002,136,0.14330820739269257,0.329896881173416,,0.12352621903584315,0.1724077427763168,0.1865886737807233
std005,0,KL002,137,0.15034054219722748,0.3310528442324106,,0.12360935928521644,0.1681633175685248,0.18071230203518301
std005,0,KL002,138,0.15365643799304962,0.33221285431638375,,0.12763515613538212,0.16763986179246831,0.17855641632333408
std005,0,KL002,139,0.20063179731369019,0.3333769094852699,,0.08594256410182988,0.1230205137455547,0.1327451121715796
std005,0,KL002,140,0.19575199484825134,0.33454515307014304,,0.09665960532757366,0.130337865753882,0.1387931582218916
std005,0,KL002,141,0.19835375249385834,0.3357175110751398,,0.10008692595159757,0.1301806472348319,0.1373637585812814
std005,0,KL002,142,0.20442825555801392,0.3368939749652693,,0.10006134478638742,0.12652266680065438,0.13246571940725532
std005,0,KL002,143,0.20901843905448914,0.3380745505145434,,0.10161915742365192,0.1243355917158338,0.1290561114600542
std005,0,KL002,144,0.21517875790596008,0.3392592561250786,,0.10162885428026913,0.12054892816864546,0.12408049821911848
std005,0,KL002,145,0.2214369922876358,0.3404481016036497,,0.10155873695957403,0.116633500481755,0.11901110931601382
std005,0,KL002,146,0.22477638721466064,0.34164110103631623,,0.10458020259819831,0.11563512566338911,0.11686471382165553
std005,0,KL002,147,0.231284037232399,0.34283828536424643,,0.10444915250329599,0.11143469877439331,0.11155424813184742
std005,0,KL002,148,0.23796309530735016,0.3440396503920664,,0.10415427881756198,0.10702685540859301,0.10607655508471626
std005,0,KL002,149,0.2991773188114166,0.3452452102358418,,0.046461978899540055,0.047496486238915725,0.04606789142442519
std005,0,KL002,150,0.2984484136104584,0.3464551124344413,,0.05094964956702378,0.04993969605838038,0.048006698823982945
std005,0,KL002,151,0.3057357966899872,0.3476692795615935,,0.04724920528422303,0.0443164170428813,0.041933482871606295
std005,0,KL002,152,0.3037378191947937,0.3488876783010705,,0.05314127005959521,0.04802135607769525,0.04514985910627678
std005,0,KL002,153,0.3430492579936981,0.3501102408544057,,0.01587409877198351,0.010042970586187869,0.007060982860707544
std005,0,KL002,154,0.3573518395423889,0.3513370480334001,,0.0029781089284576065,-0.0030528844462256862,-0.0060147915089888305
std005,0,KL002,155,0.36144280433654785,0.3525681923386945,,0.00015768151781223212,-0.005961946577021867,-0.00887461199785335
std005,0,KL002,156,0.35962504148483276,0.35380364979118156,,0.0034132093141040556,-0.0029277989697796165,-0.005821391693651234
std005,0,KL002,157,0.34711503982543945,0.3550436519629569,,0.01810059895726222,0.010941760937267404,0.007928612137517397
std005,0,KL002,158,0.35245370864868164,0.35628797952142965,,0.014780945195199827,0.006927249530604593,0.0038342708727479692
std005,0,KL002,159,0.35573065280914307,0.35753666101297876,,0.013464249570051282,0.004959418110595226,0.001806008203835624
std005,0,KL002,160,0.36041003465652466,0.35878970709890873,,0.010609222670497638,0.0015597284381669418,-0.001620327557615952
std005,0,KL002,161,0.36522582173347473,0.36004714389920905,,0.007467075635516539,-0.002007555224473965,-0.0051786778342657065
std005,0,KL002,162,0.3703329861164093,0.3613089861528453,,0.0038590118359117997,-0.0059007742302994715,-0.009023999963564061
std005,0,KL002,163,0.37585392594337463,0.36257524841405475,,-0.0003689754681175531,-0.010246978534989194,-0.013278677529319952
std005,0,KL002,164,0.3821678161621094,0.3638459446329339,,-0.0056494072804821206,-0.015433889067209189,-0.018321871529175526
std005,0,KL002,165,0.39211130142211914,0.3651210879381317,,-0.015024576746448401,-0.02433546688136371,-0.026990213483987488
std005,0,KL002,166,0.40144839882850647,0.36640068928592523,,-0.024252787406085663,-0.032710769024175086,-0.03504770954258129
std005,0,KL002,167,0.4174152612686157,0.36768475767769876,,-0.0409450090452967,-0.04786401513541132,-0.04973050359091699
std005,0,KL002,168,0.42277780175209045,0.3689730422729392,,-0.04735629750793122,-0.05245629423057902,-0.053804759479151254
std005,0,KL002,169,0.4236655533313751,0.37026588956992335,,-0.04939853463182267,-0.05257219576632162,-0.05339966376145179
std005,0,KL002,170,0.4078785479068756,0.3715632971897931,,-0.03400010797323501,-0.035843316635595916,-0.0363152507170825
std005,0,KL002,171,0.39810553193092346,0.37286518982850597,,-0.024123250151976704,-0.02501692371232933,-0.025240342102417487
std005,0,KL002,172,0.39659175276756287,0.3741716332237575,,-0.02242011954380535,-0.02242011954380535,-0.02242011954380535
std005,0,KL003,0,-0.3308161199092865,0.17770785552507468,,0.4647273005748094,0.46409630153658954,0.5085239754343613
std005,0,KL003,1,-0.1823892742395401,0.17833203077586132,,0.3334433441428982,0.31933127982395215,0.36072130501540156
std005,0,KL003,2,-0.10374269634485245,0.17895996974107836,,0.26876750491738727,0.24360365657298969,0.282702666085931
std005,0,KL003,3,-0.02369455248117447,0.17959169772467748,,0.19926554054622755,0.1657073201861961,0.20328625020585211
std005,0,KL003,4,0.10663079470396042,0.18022723970568882,,0.07322278707754155,0.03624833057935207,0.07359644500172857
std005,0,KL003,5,0.14926041662693024,0.18086662032531084,,0.032874985857839475,-0.005932090615242764,0.03160620369838077
std005,0,KL003,6,0.17241345345973969,0.18150986340224584,,0.01091540801624599,-0.02886203000171758,0.009096409942506344
std005,0,KL003,7,0.1978529840707779,0.18215699163419607,,-0.014600653707965948,-0.054330737174338437,-0.01569599243658163
std005,0,KL003,8,0.2080703228712082,0.18280802576911023,,-0.025434863752517682,-0.06467920088297678,-0.02526229710209777
std005,0,KL003,9,0.2180839329957962,0.1834629849508273,,-0.03662538876656331,-0.07492521147572721,-0.034620948044968715
std005,0,KL003,10,0.21238748729228973,0.18412086523608914,,-0.03187166933197297,-0.06940616375861358,-0.028266622056200418
std005,0,KL003,11,0.2118699699640274,0.1847813005809425,,-0.03232247146771564,-0.06906298417944023,-0.027088669383084733
std005,0,KL003,12,0.2108156532049179,0.18544407109595995,,-0.03223549705452706,-0.0681747121267849,-0.02537158210895778
std005,0,KL003,13,0.20322786271572113,0.18610919405313114,,-0.025270140155162903,-0.060678556316865105,-0.017118668662589806
std005,0,KL003,14,0.2046755999326706,0.18677603472619925,,-0.02745220792924734,-0.0622344206407245,-0.017899565206471187
std005,0,KL003,15,0.204063281416893,0.18744524988416544,,-0.027583309960837177,-0.06172548065140517,-0.01661803153272739
std005,0,KL003,16,0.20360131561756134,0.1881168477904733,,-0.027882280005113353,-0.061363598797722,-0.015484467827087858
std005,0,KL003,17,0.2027692347764969,0.1887908416573506,,-0.027810151902374257,-0.060624518934325425,-0.013978393119146105
std005,0,KL003,18,0.1966603547334671,0.18946724094996514,,-0.02218245872373635,-0.05454815820498708,-0.007193113783501801
std005,0,KL003,19,0.19816412031650543,0.19014576286596127,,-0.024273917389997526,-0.05610032604029993,-0.008018357450544017
std005,0,KL003,20,0.19736330211162567,0.1908267092805101,,-0.024051693072665893,-0.05534043363595291,-0.00653659283111543
std005,0,KL003,21,0.1972968727350235,0.191510095331372,,-0.02459289097457414,-0.055314762987083536,-0.005786777403651354
std005,0,KL003,22,0.1971418708562851,0.19219593037255778,,-0.025071522359514497,-0.055199454998395604,-0.004945940483727156
std005,0,KL003,23,0.1978209763765335,0.1928842159654814,,-0.026455639557365174,-0.05592560746388444,-0.004936760411051963
std005,0,KL003,24,0.19641973078250885,0.19357496450762107,,-0.025725307893591308,-0.054557844669742256,-0.0028447662748876217
std005,0,KL003,25,0.1690734177827835,0.19426819240996254,,0.0023516473542984292,-0.026969186059420655,0.025194774627179197
std005,0,KL003,26,0.1674380749464035,0.1949641091072424,,0.0048451262706427365,-0.02507141085063644,0.02752603416083907
std005,0,KL003,27,0.16694961488246918,0.19566251067224802,,0.006265809839153187,-0.0243119578433446,0.028712895789778987
std005,0,KL003,28,0.1669079214334488,0.19636340992580806,,0.007294477101347684,-0.02399510275049785,0.029455488492359426
std005,0,KL003,29,0.16581128537654877,0.19706679412042918,,0.009491421468639129,-0.02260844521756343,0.03125550874388058
std005,0,KL003,30,0.16607867181301117,0.19777268516855231,,0.010372284053824066,-0.022584512321006067,0.03169401335554132
std005,0,KL003,31,0.16840146481990814,0.19848107525882797,,0.00914018402742448,-0.02463544887983999,0.030079610438919987
std005,0,KL003,32,0.16794903576374054,0.19919198543030256,,0.010768585729563865,-0.023902846784390062,0.031242949666562173
std005,0,KL003,33,0.12573020160198212,0.1999054239726447,,0.05645170641149257,0.019026472781850594,0.07417522237066274
std005,0,KL003,34,0.1854970008134842,0.20062086954819228,,-0.002801838152241297,-0.040624352592809054,0.01512386873470821
std005,0,KL003,35,0.2219797521829605,0.20133908033541206,,-0.040662301246308596,-0.07735779979337479,-0.02064067184754832
std005,0,KL003,36,0.21183088421821594,0.20206036160972377,,-0.03143400323678489,-0.06735997373230947,-0.00977052260849205
std005,0,KL003,37,0.211537703871727,0.20278414829597005,,-0.032097831506580965,-0.06721695611609793,-0.008753555575756812
std005,0,KL003,38,0.21086983382701874,0.20351049416318615,,-0.03240569308654251,-0.06669452744665401,-0.007359339663832454
std005,0,KL003,39,0.22175715863704681,0.2042385559247604,,-0.044897592263878024,-0.0778400878788131,-0.017518602712286283
std005,0,KL003,40,0.2198076993227005,0.20496924520952187,,-0.044540392828785066,-0.07613261771520756,-0.014838454113178485
std005,0,KL003,41,0.23326019942760468,0.20570166478216215,,-0.06038372836807574,-0.08996712984007268,-0.027558534645442386
std005,0,KL003,42,0.23242320120334625,0.20643672631841672,,-0.06202808457386331,-0.08950882331236687,-0.02598647488492939
std005,0,KL003,43,0.23274831473827362,0.2071744392192819,,-0.06499133316689304,-0.09022100128765945,-0.025573875518991596
std005,0,KL003,44,0.24834872782230377,0.20791390605480728,,-0.08420040935909417,-0.1063721775950145,-0.04043482176749636
std005,0,KL003,45,0.2500801980495453,0.2086560385791327,,-0.08983483301015897,-0.10867933761886946,-0.04142415947041247
std005,0,KL003,46,0.25287607312202454,0.20940084635214756,,-0.09690054725575932,-0.11208692040577098,-0.043475226769876835
std005,0,KL003,47,0.2714787423610687,0.21014743174646125,,-0.12099349560434541,-0.13149838731741473,-0.06133131061460735
std005,0,KL003,48,0.2720854580402374,0.2108967065961641,,-0.12743155648402665,-0.1329309869051299,-0.06118875144407314
std005,0,KL003,49,0.2705453932285309,0.21164868062337308,,-0.13197012295986035,-0.13221244034366686,-0.058896712605157636
std005,0,KL003,50,0.24634619057178497,0.2124024560109083,,-0.11291913359209488,-0.10860236698915508,-0.03394373456087652
std005,0,KL003,51,0.26312872767448425,0.21315729345855614,,-0.13602478360053485,-0.12615318473274625,-0.04997143421592797
std005,0,KL003,52,0.22915183007717133,0.2139131887674964,,-0.10694052772261257,-0.0926134492063527,-0.015238641309674774
std005,0,KL003,53,0.22852958738803864,0.21467013604598856,,-0.11145541004087939,-0.0924296589072961,-0.013859451342049927
std005,0,KL003,54,0.20043644309043884,0.21542812792688945,,-0.08731181798474891,-0.06449880222910818,0.014991684836450775
std005,0,KL003,55,0.09909477084875107,0.21618803832521175,,0.01519086032390338,0.03770127726317319,0.11709326747646083
std005,0,KL003,56,0.09243815392255783,0.21695024619266534,,0.023423834857504676,0.045294880046668054,0.12451209227010768
std005,0,KL003,57,0.06072061508893967,0.21771514095548394,,0.0584758726733766,0.07828258102358035,0.15699452586654447
std005,0,KL003,58,0.169492706656456,0.21848210005145824,,-0.05249941676337518,-0.030301353070685308,0.048989393395002453
std005,0,KL003,59,0.12797270715236664,0.21925144131132077,,-0.01112175669054259,0.011828456178649586,0.09127873415895432
std005,0,KL003,60,0.12572728097438812,0.22002359878300548,,-0.008908379170116514,0.014714812920307645,0.09429631780861754
std005,0,KL003,61,0.12721677124500275,0.2207984850938258,,-0.010510092683433982,0.013859973873905881,0.09358171384882323
std005,0,KL003,62,0.12821698188781738,0.22157610615782591,,-0.011681468846597477,0.0134929879990638,0.09335912427000873
std005,0,KL003,63,0.12869161367416382,0.22235647334329253,,-0.012361864119931287,0.013655445749088491,0.09366485966912891
std005,0,KL003,64,0.16736814379692078,0.22313937187237393,,-0.05329156668355835,-0.024766181780067252,0.05577122807545333
std005,0,KL003,65,0.13221676647663116,0.22392520371346794,,-0.01866998719434475,0.010998831606461333,0.09170843723683694
std005,0,KL003,66,0.13001029193401337,0.22471371701153006,,-0.016907094023392303,0.01384952729579355,0.09470342507751686
std005,0,KL003,67,0.1267624944448471,0.2255049852903956,,-0.013956931782184233,0.01778313138772722,0.09874249084554866
std005,0,KL003,68,0.1317555159330368,0.22629906335717598,,-0.01952710252891464,0.013434874205556134,0.09454354742413934
std005,0,KL003,69,0.12511123716831207,0.22709596073892518,,-0.013142740040511722,0.020799863322230144,0.10198472357061328
std005,0,KL003,70,0.1192571148276329,0.22789570094329745,,-0.007255007344562334,0.0274437103665396,0.10863858611566472
std005,0,KL003,71,0.10414772480726242,0.22869827330667836,,0.008685148651580002,0.043506247529223205,0.12455054849941612
std005,0,KL003,72,0.07416694611310959,0.22950365742153706,,0.041121417288602476,0.07475601032362614,0.15533671130842763
std005,0,KL003,73,0.05200894922018051,0.23031182620879362,,0.06703936790952027,0.09842408104139849,0.17830287698861325
std005,0,KL003,74,0.09386508911848068,0.2311228361060326,,0.026951996644237163,0.057675832906293766,0.13725774698755205
std005,0,KL003,75,0.15911827981472015,0.23193746305653756,,-0.0398663709865159,-0.007112694038891755,0.07281918324181755
std005,0,KL003,76,0.15407980978488922,0.23275481374669116,,-0.03621618302505877,-0.0015524603701899502,0.07867500396180208
std005,0,KL003,77,0.12216376513242722,0.23357509559515968,,-0.004086745419402203,0.03121491718771782,0.1114113304627326
std005,0,KL003,78,0.15174558758735657,0.23439814509199494,,-0.035000206734069485,0.002197126172024881,0.08265255750463851
std005,0,KL003,79,0.11439990252256393,0.23522426380930456,,0.0029045994824250868,0.04049195262284716,0.12082436128674076
std005,0,KL003,80,0.08582233637571335,0.23605314236158317,,0.03357671699507552,0.07032013283523894,0.15023080598586996
std005,0,KL003,81,0.08840542286634445,0.2368849094662113,,0.03307017809673027,0.0689786114100266,0.14847948659986696
std005,0,KL003,82,0.0911107286810875,0.23771966818871124,,0.03241606737324146,0.06750455757564187,0.14660893950762385
std005,0,KL003,83,0.09456314891576767,0.23855736699539462,,0.03094867479105224,0.06526532631173451,0.14399421807962706
std005,0,KL003,84,0.09677978605031967,0.23939804082920435,,0.030712238490805246,0.06425607630398697,0.1426182547788848
std005,0,KL003,85,0.10670038312673569,0.24024165149680587,,0.022361220833494507,0.05545911848689259,0.1335412683700703
std005,0,KL003,86,0.10684873908758163,0.2410882160654659,,0.023863032394144182,0.056448227935054364,0.13423947697788435
std005,0,KL003,87,0.10534840077161789,0.24193782450426615,,0.027185522228704042,0.0591167803017744,0.13658942373264835
std005,0,KL003,88,0.11706116050481796,0.24279046624181716,,0.016781135540012117,0.048469915589889785,0.1257293057369993
std005,0,KL003,89,0.1153896376490593,0.24364611403146286,,0.01992271314778634,0.05123877530542855,0.12825647638240367
std005,0,KL003,90,0.12063812464475632,0.24450481468243712,,0.01595089562646749,0.047049633433626184,0.12386669003768092
std005,0,KL003,91,0.09861566871404648,0.24536656332020246,,0.0404810407381162,0.07036837288040444,0.1467508946061561
std005,0,KL003,92,0.09839024394750595,0.24623117851150156,,0.04336709072602434,0.07190988534896961,0.14784093456399572
std005,0,KL003,93,0.10520698875188828,0.24709902047337423,,0.03900224860302375,0.06635852324939615,0.14189203172148604
std005,0,KL003,94,0.10928275436162949,0.24796988321892718,,0.03730194126672001,0.06352421089359694,0.13868712885729778
std005,0,KL003,95,0.11613061279058456,0.24884387828767288,,0.03260299801995646,0.05786565090362152,0.13271326549708837
std005,0,KL003,96,0.1218762919306755,0.24972097340021143,,0.028824896025541023,0.05326749342011908,0.12784468146953598
std005,0,KL003,97,0.12562601268291473,0.2506011995440263,,0.026956273095632928,0.050643129224625154,0.12497518686111164
std005,0,KL003,98,0.17725418508052826,0.25148457765374604,,-0.025402059316001313,-0.00036576471053220705,0.07423039257321787
std005,0,KL003,99,0.2434561401605606,0.2523713508003664,,-0.09585929459412323,-0.0666083979666501,0.008915210639805882
std005,0,KL003,100,0.1896577775478363,0.25326120660223805,,-0.04372440140715324,-0.012307875217986458,0.06360342905440183
std005,0,KL003,101,0.2412063181400299,0.2541543647918331,,-0.09974298443838372,-0.06386791204901032,0.012948046651803297
std005,0,KL003,102,0.18354760110378265,0.255050616100336,,-0.04377143041109511,-0.005638473442391,0.07150301499655344
std005,0,KL003,103,0.1915069967508316,0.2559501707570894,,-0.053931753550333486,-0.013099595975581753,0.06444317400625785
std005,0,KL003,104,0.23707331717014313,0.25685300880450146,,-0.10422104605465193,-0.05862097972374979,0.019779691634358346
std005,0,KL003,105,0.17602713406085968,0.2577589245589252,,-0.04495096477115254,0.0030872946230541616,0.08173179049806555
std005,0,KL003,106,0.18224184215068817,0.25866816974317003,,-0.05336873071103643,-0.0025189091406758457,0.07642632759248194
std005,0,KL003,107,0.22894026339054108,0.2595807155947005,,-0.10485197618311803,-0.04907211113210189,0.030640452204159507
std005,0,KL003,108,0.1629180759191513,0.26049636168343077,,-0.04040934330395636,0.017764069095735007,0.09757828576427954
std005,0,KL003,109,0.16606877744197845,0.2614153613259262,,-0.04539423294188328,0.015406784871575247,0.09534658388394784
std005,0,KL003,110,0.16660885512828827,0.26233768877978003,,-0.047900111374164236,0.015665600440059498,0.09572883365149187
std005,0,KL003,111,0.16388528048992157,0.2632633262122481,,-0.04710962237320876,0.019226555376878857,0.09937804572232672
std005,0,KL003,112,0.21492226421833038,0.26419226773099863,,-0.10287465560583943,-0.031477089649239925,0.04927000351266844
std005,0,KL003,113,0.15932564437389374,0.26512439375284474,,-0.04934630394177683,0.025018926712391337,0.1057987493789512
std005,0,KL003,114,0.21015653014183044,0.26605998461582214,,-0.10503704265849081,-0.02541353701091828,0.05590345447399185
std005,0,KL003,115,0.15095604956150055,0.26699876885656026,,-0.04785439514170971,0.034788699241464854,0.11604271929505987
std005,0,KL003,116,0.20549440383911133,0.2679410249030319,,-0.10739447390507648,-0.01928494334720114,0.06244662106392071
std005,0,KL003,117,0.14128677546977997,0.26888650849039974,,-0.04509099483301196,0.046042222709731545,0.12759973302061994
std005,0,KL003,118,0.03875892609357834,0.2698354646649572,,0.060821834877017804,0.15074067674560268,0.23107653857137903
std005,0,KL003,119,0.01740487664937973,0.27078748040991313,,0.08687512393237502,0.17451036769757827,0.2533826037605335
std005,0,KL003,120,0.0039308881387114525,0.27174280825851416,,0.10602214457888853,0.19056902458807834,0.2678119201198028
std005,0,KL003,121,-0.0027455769013613462,0.2727015069705596,,0.11904256327636673,0.19993287621264555,0.27544708387192113
std005,0,KL003,122,-0.004232981242239475,0.2736636067669574,,0.1273095398510557,0.20415939027764735,0.277896588009197
std005,0,KL003,123,-0.005486168898642063,0.2746291133370932,,0.135790118498879,0.20820174419479598,0.2801152822357354
std005,0,KL003,124,-0.01584181934595108,0.2755980576397783,,0.15432529674892634,0.2214892635019523,0.2914398769857295
std005,0,KL003,125,-0.016353555023670197,0.2765704494192604,,0.16350421795035783,0.2249780813192184,0.2929240044429307
std005,0,KL003,126,-0.014773526228964329,0.27754631422847953,,0.17099641847809757,0.22639984933622015,0.29231984045744397
std005,0,KL003,127,-0.014364727772772312,0.278525663240803,,0.18014934776361227,0.22902972908023958,0.29289039101357545
std005,0,KL003,128,-0.01266533974558115,0.27950851068672056,,0.18846083068907205,0.23039336949482048,0.2921738504323018
std005,0,KL003,129,-0.012158610858023167,0.28049486171232957,,0.1985021756470348,0.23298639131052146,0.29265347257035285
std005,0,KL003,130,-0.011548318900167942,0.2814847442174261,,0.20900198131962827,0.23551204290542718,0.29303306311759414
std005,0,KL003,131,-0.010905393399298191,0.28247817047484003,,0.22006111261335,0.23804141774988377,0.29338356387413833
std005,0,KL003,132,-0.010323711670935154,0.28347516643501963,,0.23181002343963406,0.24066952136673941,0.29379887810595495
std005,0,KL003,133,-0.010261842049658298,0.28447574555980304,,0.24477004064766372,0.24386068498361474,0.2947375876094615
std005,0,KL003,134,0.15739761292934418,0.28547991229586533,,0.08204176621480382,0.07780518795173944,0.12808229936652132
std005,0,KL003,135,0.1505737155675888,0.2864877934174775,,0.09443392581872684,0.08632404777132183,0.1359140778498888
std005,0,KL003,136,0.15119029581546783,0.2874992833786729,,0.0996668409069788,0.0874193997112192,0.13630898756320523
std005,0,KL003,137,0.1503119021654129,0.2885143954702173,,0.10677048548215481,0.09004202814814469,0.13820249330480452
std005,0,KL003,138,0.14160199463367462,0.28953314308134487,,0.1225147476655268,0.10060802058467674,0.14793114844767036
std005,0,KL003,139,0.34407374262809753,0.29055555592972065,,-0.08318277953145996,-0.10202739761731715,-0.05351818669837676
std005,0,KL003,140,0.34865644574165344,0.2915826603817911,,-0.09141296413726673,-0.1068211728423123,-0.05707378535986225
std005,0,KL003,141,0.34761467576026917,0.2926133719218649,,-0.09416926210526673,-0.10598282266123121,-0.055001303838404146
std005,0,KL003,142,0.34654319286346436,0.29364775276842764,,-0.09705329857963088,-0.10510665266343298,-0.05289544009503657
std005,0,KL003,143,0.34563496708869934,0.29468581299254815,,-0.10027550663482689,-0.104387174182189,-0.05094915409615105
std005,0,KL003,144,0.3457047939300537,0.29572756419906226,,-0.10471201071187575,-0.10464897377481974,-0.049977229730991314
std005,0,KL003,145,0.34584957361221313,0.29677301926356214,,-0.10947696115151237,-0.1049897528185044,-0.04907655434865084
std005,0,KL003,146,0.34768176078796387,0.2978221900730757,,-0.11628590136726452,-0.10703906651122935,-0.04985957071488801
std005,0,KL003,147,0.34776654839515686,0.29887508756592474,,-0.12163214071455743,-0.10734474756984717,-0.048891460829231966
std005,0,KL003,148,0.2942159175872803,0.2999317235515245,,-0.07082077906199517,-0.05347705788688448,0.005715805964244381
std005,0,KL003,149,0.2978481948375702,0.30099165371190617,,-0.077538202416989,-0.05682505334567429,0.003143458874336181
std005,0,KL003,150,0.2998262941837311,0.30205538537147575,,-0.08287922065001264,-0.0585348854107607,0.0022290911877449176
std005,0,KL003,151,0.2997185289859772,0.3031229034546281,,-0.0863180387606438,-0.058154045226089995,0.003404374468651182
std005,0,KL003,152,0.2694139778614044,0.3041942208078369,,-0.058164775220521533,-0.027266528215694957,0.034780242946432775
std005,0,KL003,153,0.26552847027778625,0.30526951680887837,,-0.056346977958112346,-0.022750628166301277,0.0397410465310924
std005,0,KL003,154,0.2648206651210785,0.3063486030956421,,-0.05778605925465332,-0.021396659407573997,0.041527937974563896
std005,0,KL003,155,0.2657574713230133,0.3074315088965419,,-0.06103992892701571,-0.021687911877038654,0.04167403757352888
std005,0,KL003,156,0.2898641526699066,0.3085182373958722,,-0.08886291293690954,-0.045383707124007626,0.018654084725965858
std005,0,KL003,157,0.2944680154323578,0.30960956066306017,,-0.0976338596169973,-0.04961678781799964,0.015141545230702672
std005,0,KL003,158,0.29448404908180237,0.31070463805527376,,-0.10205258347040363,-0.04925721414365039,0.016220588973471693
std005,0,KL003,159,0.2943532168865204,0.3118034603901258,,-0.10656561078319787,-0.04874442262014751,0.01745024350360574
std005,0,KL003,160,0.29308611154556274,0.31290600986847716,,-0.11013734554792921,-0.04707747303048985,0.019819898322914746
std005,0,KL003,161,0.2922331690788269,0.31401224575594733,,-0.11435105971400637,-0.04581079524144989,0.021779076677120705
std005,0,KL003,162,0.2916707396507263,0.31512209969889104,,-0.11911130972334402,-0.04482356650689331,0.023451360048164994
std005,0,KL003,163,0.2918546497821808,0.3162354491910006,,-0.12492776456513478,-0.044579137765198125,0.024380799408820097
std005,0,KL003,164,0.2923509180545807,0.31735204078455104,,-0.13140061393744012,-0.044646902829310796,0.0250011227299706
std005,0,KL003,165,0.27312347292900085,0.31847118276137254,,-0.11747581224836932,-0.02479226867000907,0.04534770983237191
std005,0,KL003,166,0.2362346202135086,0.3195924538501141,,-0.0842486143859791,0.013103132515889189,0.08335783363660565
std005,0,KL003,167,0.19343118369579315,0.3207158286241007,,-0.04306216480143142,0.05735736151828015,0.12728464492830768
std005,0,KL003,168,0.1455521434545517,0.32184172310824594,,0.005627278816539755,0.10718917932688488,0.17628957965369443
std005,0,KL003,169,0.14211736619472504,0.32297132249347166,,0.010098626323065003,0.11263782269212662,0.1808539562987468
std005,0,KL003,170,0.14027376472949982,0.3241048505132576,,0.01313417831708798,0.11654135245702626,0.18383108578375798
std005,0,KL003,171,0.1398540586233139,0.32524231957622124,,0.014835022924303887,0.11905329320161707,0.18538826095290756
std005,0,KL003,172,0.14076896011829376,0.3263837399260767,,0.01522522468932623,0.12024988886195033,0.18561477980778318
std005,0,KL003,173,0.11403357237577438,0.32752913055724503,,0.04474631394211575,0.14939560007356395,0.21349555818147084
std005,0,KL003,174,0.13495086133480072,0.3286788889008659,,0.02567107975914804,0.13071058416333592,0.19372802756606536
std005,0,KL003,175,0.13543428480625153,0.32983272934763475,,0.027108068234085004,0.1324850534125601,0.19439844454138336
std005,0,KL003,176,0.13730917870998383,0.33099060076787024,,0.027163052341322373,0.13287990000771907,0.19368142205788652
std005,0,KL003,177,0.14285899698734283,0.3321525182153583,,0.023359695172789883,0.12957471210451033,0.18929352122801557
std005,0,KL003,178,0.14402629435062408,0.3333185008838942,,0.02397577629882034,0.13067086544054532,0.1892922065332702
std005,0,KL003,179,0.14538638293743134,0.33448855680911055,,0.024427909318336005,0.13159135093383054,0.1891021738716793
std005,0,KL003,180,0.14552372694015503,0.33566270153431066,,0.026197610792743384,0.1337642901975403,0.19013897459415569
std005,0,KL003,181,0.1458653062582016,0.33684094746091336,,0.027852490026302513,0.1357610436432992,0.1909756412027118
std005,0,KL003,182,0.1474996656179428,0.3380233127581305,,0.02824100095952052,0.1364803945982203,0.19052364714018774
std005,0,KL003,183,0.13810375332832336,0.3392098085303439,,0.040268219895165616,0.14835701802850282,0.20110605520202054
std005,0,KL003,184,0.14208413660526276,0.340400424885984,,0.0388578053994643,0.14685094032404367,0.19831628828072126
std005,0,KL003,185,0.1381424218416214,0.34159517495386166,,0.0457216476970667,0.1533404875893379,0.2034527531122403
std005,0,KL003,186,0.13600651919841766,0.34279412733742276,,0.051056684345614375,0.15808056672296344,0.20678760813900512
std005,0,KL003,187,0.13446255028247833,0.3439972843382288,,0.056061227191115594,0.1622798329830454,0.20953473405575046
std005,0,KL003,188,0.13270865380764008,0.34520464762362385,,0.061562896817998536,0.16674295223645286,0.21249599381598377
std005,0,KL003,189,0.12833590805530548,0.3464162310422861,,0.07012462317032686,0.17390603387852363,0.2180803229869806
std005,0,KL003,190,0.128460094332695,0.34763204828223254,,0.07441879184553672,0.17660897833303957,0.2191719539495375
std005,0,KL003,191,0.12878461182117462,0.34885212280770755,,0.07874438730504824,0.17914687347590083,0.22006751098653288
std005,0,KL003,192,0.12916997075080872,0.35007646891867494,,0.08325074904144056,0.1816590751452018,0.22090649816786617
std005,0,KL003,193,0.12962128221988678,0.3513051007929306,,0.08794290122649019,0.18414028468269208,0.2216838185730438
std005,0,KL003,194,0.1300799399614334,0.3525380324839684,,0.09289324057036535,0.18664951004379685,0.22245809252253504
std005,0,KL003,195,0.13055522739887238,0.3537752787242219,,0.09810656282878097,0.18917778183674538,0.2232200513253495
std005,0,KL003,196,0.1310371607542038,0.35501685415138723,,0.10360824920269064,0.1917355028530425,0.2239796933971834
std005,0,KL003,197,0.15850068628787994,0.3562627734648068,,0.08101988403083048,0.1670756773669671,0.19776208717692684
std005,0,KL003,198,0.15931640565395355,0.3575131032365992,,0.08531100767173723,0.1690937068985021,0.19819669758264563
std005,0,KL003,199,0.1595536321401596,0.35876780742806097,,0.0904557479384052,0.17172647938160263,0.19921417528790136
std005,0,KL003,200,0.1594466120004654,0.3600268971944959,,0.09625346733021604,0.17474371604416725,0.20058028519403048
std005,0,KL003,201,0.1596326380968094,0.3612903918072319,,0.10206884134769068,0.1775057164801221,0.20165775371042252
std005,0,KL003,202,0.16110225021839142,0.36255830341760503,,0.10686126818285353,0.17900948780429915,0.2014560531992136
std005,0,KL003,203,0.160975381731987,0.3638306734024876,,0.11360954614296997,0.18215159475155276,0.2028552916705006
std005,0,KL003,204,0.16037149727344513,0.36510749504543116,,0.12123953284109067,0.18581793937536034,0.204735997771986
std005,0,KL003,205,0.15947313606739044,0.3663887882550897,,0.12960698456288094,0.18982960543021765,0.2069156521876992
std005,0,KL003,206,0.07936545461416245,0.36767457810570514,,0.22182061529173036,0.2739022335915572,0.2883091234915427
std005,0,KL003,207,0.07490741461515427,0.36896455633501846,,0.2393007089130189,0.28242401361137337,0.29405714171986413
std005,0,KL003,208,0.07495003193616867,0.3702590488785643,,0.2530112952718494,0.28650013040046907,0.29530901694239564
std005,0,KL003,209,0.07462766021490097,0.37155808481817565,,0.26787842283274405,0.291000680606377,0.2969304246032747
std005,0,KL003,210,0.07422008365392685,0.37286168374030615,,0.28367137574000634,0.29564755521710473,0.2986416000863793
std005,0,KL003,211,0.07371633499860764,0.3741698646394152,,0.30045352964080757,0.30045352964080757,0.30045352964080757
std005,0,KL004,0,-0.4550371468067169,-0.5955801335841978,125,-0.09036394518587348,-0.04825649172453397,-0.14054298677748134
std005,0,KL004,1,-0.4860610365867615,-0.5976653533731172,120,-0.06447311543871852,-0.019186334968439814,-0.11160431678635627
std005,0,KL004,2,-0.530884861946106,-0.5997563069061479,115,-0.022710638945135468,0.02411146229408412,-0.06887144496004244
std005,0,KL004,3,-0.5706387758255005,-0.6018530053950681,110,0.0159034873931244,0.06272168471043357,-0.031214229569568163
std005,0,KL004,4,-0.5839664340019226,-0.6039554604626021,105,0.028730294600456598,0.07502627990905324,-0.019989026460679984
std005,0,KL004,5,-0.6132071614265442,-0.6060636834941806,100,0.05898263158418307,0.10352696517986418,0.007143477932363015
std005,0,KL004,6,-0.6387040019035339,-0.6081776866701195,95,0.08689168532037139,0.1285328358485056,0.030526315233413783
std005,0,KL004,7,-0.6351738572120667,-0.6102988751409253,90,0.08572404539177281,0.12446959032474418,0.024874982071140788
std005,0,KL004,8,-0.6301928162574768,-0.6124274387955945,85,0.08297646478978604,0.11889792094476208,0.017765377461881806
std005,0,KL004,9,-0.6253088712692261,-0.6145634021485049,80,0.08019477970508311,0.11336601735937453,0.010745469120720599
std005,0,KL004,10,-0.6125524044036865,-0.6167067958783327,75,0.06898763485863822,0.09982395450902401,-0.0041543914746467285
std005,0,KL004,11,-0.6048386096954346,-0.6188576430034332,70,0.06250448993305667,0.09123598816028881,-0.014019033307999185
std005,0,KL004,12,-0.5985018610954285,-0.6210159802941074,65,0.05713423623283959,0.0839491828711529,-0.02251411919867951
std005,0,KL004,13,-0.5892654657363892,-0.6231818354780291,60,0.048432689203961155,0.07365651982959862,-0.033916369741640494
std005,0,KL004,14,-0.5815273523330688,-0.625355229863302,55,0.04085232957626961,0.06476961825964223,-0.04382787753023387
std005,0,KL004,15,-0.8640779256820679,-0.6275361976674612,50,0.3384406679964177,0.34900982203947367,0.23654172801460605
std005,0,KL004,16,-0.5551773905754089,-0.6297249165141804,45,0.029166783050328195,0.0387016462263646,-0.07454752593877205
std005,0,KL004,17,-0.5444915890693665,-0.6319213369014363,40,0.017524159617561406,0.026481033055224947,-0.0874297478320704
std005,0,KL004,18,-0.5332517623901367,-0.6341254045158865,35,0.004682104278110444,0.01357197502432933,-0.1008736421257504
std005,0,KL004,19,-0.8163458108901978,-0.6363371433684784,30,0.30098342775543846,0.2978336112368418,0.18000866752171876
std005,0,KL004,20,-0.8103571534156799,-0.6385564374881519,25,0.3086308875700137,0.2929681721804641,0.17180071592752735
std005,0,KL004,21,-0.804715633392334,-0.6407834555375423,20,0.31709660015781366,0.28840825888828425,0.16393217785479106
std005,0,KL004,22,-0.8022697567939758,-0.6430182251664891,15,0.3294237957319442,0.2870340883773818,0.15925153162748623
std005,0,KL004,23,-0.7853132486343384,-0.645260780106317,10,0.32717997485685635,0.2709926719410968,0.14005246852802072
std005,0,KL004,24,-0.7872008085250854,-0.6475111716517623,5,0.34470820405671193,0.27382689280747985,0.13968963687332256
std005,0,KL004,25,-0.7807716727256775,-0.6497694119198926,0,0.3544622786303792,0.26829242631415956,0.1310022608057843
std005,0,KL004,26,-0.7715301513671875,-0.6235651722491659,0,0.3917978401539837,0.2886224009990578,0.14796497911802114
std005,0,KL004,27,-0.75986248254776,-0.5782888392056313,0,0.4486956181261314,0.32598373298794153,0.18157364334212817
std005,0,KL004,28,-0.7469216585159302,-0.5328538135802516,0,0.5075007917091523,0.3626100136153953,0.2140678449356781
std005,0,KL004,29,-0.38907623291015625,-0.5252200043516131,425,0.1666497843967786,0.013049347440881195,-0.13614377144145734
std005,0,KL004,30,-0.37580326199531555,-0.5270495862306428,420,0.16064015664681328,-0.0015459271199806841,-0.15124632423532774
std005,0,KL004,31,-0.36225655674934387,-0.5288855278004383,415,0.15405293316586446,-0.016569756614386776,-0.16662897105109484
std005,0,KL004,32,-0.3435925245285034,-0.5307278254757329,410,0.14175810214251214,-0.036919509506811325,-0.18713530094722997
std005,0,KL004,33,-0.3230620324611664,-0.5325765051521918,405,0.1268750477051559,-0.059366020750437565,-0.20951447269102583
std005,0,KL004,34,-0.31015732884407043,-0.5344315919507499,400,0.11925672298727262,-0.07434315797994367,-0.22427426310667983
std005,0,KL004,35,-0.2866910398006439,-0.5362931196722394,395,0.10013953450777906,-0.10014712273827366,-0.24960207987159577
std005,0,KL004,36,-0.27287521958351135,-0.5381610933044906,390,0.09019068715292883,-0.11647198147875482,-0.2652858737209796
std005,0,KL004,37,-0.25188148021698,-0.5400355165639058,385,0.0721768742777982,-0.14022094476889566,-0.28815403634692627
std005,0,KL004,38,-0.2379247546195984,-0.5419164307913541,380,0.060633419985911,-0.15711137568488684,-0.30399167617175604
std005,0,KL004,39,-0.21965894103050232,-0.5438038742629275,375,0.04395549818136217,-0.17853535233492082,-0.32414493323242555
std005,0,KL004,40,-0.19917629659175873,-0.5456978520348398,370,0.0240722242872682,-0.20242605344783635,-0.3465215554430814
std005,0,KL004,41,-0.19234053790569305,-0.547598396033226,365,0.017509889273165505,-0.21278533280351158,-0.35525785812753335
std005,0,KL004,42,-0.16021142899990082,-0.5495050351638118,360,-0.016020808933151047,-0.24880999061675313,-0.38929360616391134
std005,0,KL004,43,-0.1476498246192932,-0.5514182868508148,355,-0.030724005419520563,-0.2654470961877489,-0.40376846223152196
std005,0,KL004,44,-0.13327036798000336,-0.5533382029500041,350,-0.048122440375537076,-0.284102852000071,-0.42006783497000116
std005,0,KL004,45,-0.12340892106294632,-0.5552648179781298,345,-0.06169188776241848,-0.29839850980775606,-0.43185589691518383
std005,0,KL004,46,-0.1267019510269165,-0.5571981487754057,340,-0.06214233810924627,-0.29956687619193956,-0.4304961977484896
std005,0,KL004,47,-0.11414612084627151,-0.5591382480639079,335,-0.07931330791943073,-0.3167717779752921,-0.4449921272176367
std005,0,KL004,48,-0.10732451826334,-0.5610851047767718,330,-0.09136896302188374,-0.3283747307127973,-0.4537605865134321
std005,0,KL004,49,-0.10642123967409134,-0.5630387683285637,325,-0.0978486003972334,-0.33413368725755377,-0.4566175286544726
std005,0,KL004,50,-0.10054410248994827,-0.5649992649598997,320,-0.10992546578622872,-0.34499208745278687,-0.4644551624699516
std005,0,KL004,51,-0.09731339663267136,-0.5669666213457929,315,-0.11987509429610027,-0.35330462550928043,-0.4696532247131217
std005,0,KL004,52,-0.08785469084978104,-0.5689408835396312,310,-0.1369289707287974,-0.36801003579090896,-0.4810861926898504
std005,0,KL004,53,-0.0918712243437767,-0.5709220732790499,305,-0.14072398024357297,-0.36927121196910684,-0.4790508489352733
std005,0,KL004,54,-0.0870019719004631,-0.5729102309433421,300,-0.1541010239907695,-0.3795393738567876,-0.4859082590428792
std005,0,KL004,55,-0.08544809371232986,-0.5749053944497811,295,-0.1647236751411953,-0.38658153945731644,-0.4894573007374514
std005,0,KL004,56,-0.08594540506601334,-0.5769076436446582,290,-0.17377981362162107,-0.3916424493861347,-0.49096223857864507
std005,0,KL004,57,-0.08425322920084,-0.5789169500996746,285,-0.18565259318546834,-0.39898579655320643,-0.4946637208988348
std005,0,KL004,58,-0.08318234235048294,-0.5809333290416213,280,-0.19753384932700335,-0.4057957873357769,-0.4977509866911386
std005,0,KL004,59,-0.08203247934579849,-0.5829568266356794,275,-0.21016349460727957,-0.412774705658445,-0.5009243472898812
std005,0,KL004,60,-0.08035136014223099,-0.5849874595338758,270,-0.22405946237016058,-0.4203814163680265,-0.504636099391645
std005,0,KL004,61,-0.07895532995462418,-0.5870252580752797,265,-0.23843180708600398,-0.4277980167248331,-0.5080699281206558
std005,0,KL004,62,-0.07748649269342422,-0.5890702634157975,260,-0.2536851592638224,-0.4353844499794153,-0.5115837707223735
std005,0,KL004,63,-0.07252687960863113,-0.5911225065549861,255,-0.2734667363933986,-0.44659527449865866,-0.5185956269463552
std005,0,KL004,64,-0.07179851084947586,-0.5931820387307157,250,-0.28989027737343764,-0.4536675789681601,-0.52138352788124
std005,0,KL004,65,-0.025249578058719635,-0.5952488901877471,245,-0.35546838301549444,-0.507117275253003,-0.5699993121290275
std005,0,KL004,66,-0.0280136838555336,-0.597323526346121,240,-0.3726602606257621,-0.5113206886736161,-0.5693098424905875
std005,0,KL004,67,-0.030514158308506012,-0.5994055545502871,235,-0.3911082111770102,-0.5158576384903762,-0.5688913962417811
std005,0,KL004,68,-0.24487605690956116,-0.6014949953318208,230,-0.1875924663197893,-0.30646400291989445,-0.3566189384222597
std005,0,KL004,69,-0.2625037729740143,-0.6035923499207534,225,-0.18049460626073233,-0.2936948589681413,-0.3410885769467392
std005,0,KL004,70,-0.2697157561779022,-0.6056971457212896,220,-0.18402603732329054,-0.2913349648019174,-0.3359813895433875
std005,0,KL004,71,-0.2705647647380829,-0.6078093548413354,215,-0.194480865436581,-0.29539569173585584,-0.33724459010325264
std005,0,KL004,72,-0.30940955877304077,-0.6099290553102554,210,-0.16553216994464878,-0.2611353227264689,-0.30051949653721477
std005,0,KL004,73,-0.2420302778482437,-0.6120566653630224,205,-0.24691168122528667,-0.33384264732020935,-0.3700263875147788
std005,0,KL004,74,-0.2984125018119812,-0.6141934186209501,200,-0.20235246907673365,-0.28229333062828654,-0.31578091680896897
std005,0,KL004,75,-0.35278359055519104,-0.616339356094209,195,-0.15761041186933455,-0.23227358257956338,-0.26355576553901794
std005,0,KL004,76,-0.4102594256401062,-0.6184945201422533,190,-0.10728266662989357,-0.178629602172636,-0.2082350945021471
std005,0,KL004,77,-0.4426972568035126,-0.6206589541716863,185,-0.08069005894354014,-0.1497499741165975,-0.1779616973681738
std005,0,KL004,78,-0.5686814785003662,-0.6228319407044723,180,0.04574946642305696,-0.026100900734802063,-0.054150462204106305
std005,0,KL004,79,-0.5804382562637329,-0.6250126367655485,175,0.05860586727974916,-0.016592464630381734,-0.044574380501815794
std005,0,KL004,80,-0.521190881729126,-0.627200948699185,170,-0.0025982104561724662,-0.07871728188324603,-0.10601006697005926
std005,0,KL004,81,-0.5380913615226746,-0.62939700719119,165,0.013124780634609666,-0.06456286171640577,-0.09130564566851561
std005,0,KL004,82,-0.5562170743942261,-0.6316007546712593,160,0.030960679591506432,-0.049037571633062174,-0.07538368027703338
std005,0,KL004,83,-0.5776895880699158,-0.6338120741435425,155,0.05325734668694804,-0.029983905937570762,-0.056122486073626826
std005,0,KL004,84,-0.5961220264434814,-0.6360308804804189,150,0.0735307577499791,-0.013816859071081874,-0.0399088540369376
std005,0,KL004,85,-0.5913998484611511,-0.6382570403615508,145,0.07050514266699622,-0.02088260276513522,-0.046857191900399914
std005,0,KL004,86,-0.5215359926223755,-0.6404927584451184,140,-0.001245496118625268,-0.09382946247753589,-0.11895676582274309
std005,0,KL004,87,-0.5013708472251892,-0.6427367662365961,135,-0.02446549134548097,-0.11732381365765066,-0.14136591901140708
std005,0,KL004,88,-0.4742789566516876,-0.6449886429865793,130,-0.056210175935961684,-0.1480639829432813,-0.17070968633489186
std005,0,KL004,89,-0.4636473059654236,-0.6472483855639332,125,-0.07231619991333722,-0.16250104141694222,-0.18360107959850974
std005,0,KL004,90,-0.449936181306839,-0.6495159667168713,120,-0.09253156815880248,-0.18020789663708978,-0.1995797854100325
std005,0,KL004,91,-0.46165797114372253,-0.6517915068177291,115,-0.08706341759453852,-0.17241795189019668,-0.19013353567400681
std005,0,KL004,92,-0.47016188502311707,-0.6540750303962765,110,-0.08471778306006844,-0.16781362662793334,-0.18391314537315961
std005,0,KL004,93,-0.4778488874435425,-0.6563665729997799,105,-0.08313133272309284,-0.1640017756505989,-0.17851768555623762
std005,0,KL004,94,-0.4841878116130829,-0.6586661591849583,100,-0.0829029299510085,-0.1615268457992207,-0.17447834757187572
std005,0,KL004,95,-0.49448198080062866,-0.6609738179072184,95,-0.07852164296704983,-0.1550454104303926,-0.16649183710659007
std005,0,KL004,96,-0.5037174820899963,-0.6632896198845208,90,-0.07504601772717294,-0.14958141973603598,-0.15957213779452478
std005,0,KL004,97,-0.5108199119567871,-0.665613550134167,85,-0.07365406159914503,-0.1462302171706414,-0.15479363817738018
std005,0,KL004,98,-0.5181350708007812,-0.6679456378235576,80,-0.07198599631940536,-0.142643577584192,-0.1498105670227767
std005,0,KL004,99,-0.5246722102165222,-0.6702859138579629,75,-0.07106995157449224,-0.13981980076975892,-0.1456137036414409
std005,0,KL004,100,-0.5342971086502075,-0.6726344091226008,70,-0.06687617334518563,-0.1338617142741725,-0.1383373004723935
std005,0,KL004,101,-0.5449784398078918,-0.674991154384616,65,-0.06136968896085106,-0.12678934038378445,-0.13001271457672442
std005,0,KL004,102,-0.4987972378730774,-0.6773561483908277,60,-0.11544776413502034,-0.17709519432506052,-0.17855891051775055
std005,0,KL004,103,-0.5153881311416626,-0.6797292931749006,55,-0.10632514639699443,-0.16451749224666523,-0.1643411620332382
std005,0,KL004,104,-0.5348227024078369,-0.6821107253053974,50,-0.09375656086789452,-0.1489545160913853,-0.1472880228975607
std005,0,KL004,105,-0.544471263885498,-0.6845004775990804,45,-0.09085283164772646,-0.14313287465307842,-0.14002921371358257
std005,0,KL004,106,-0.5517409443855286,-0.6868985835148174,40,-0.09032521538735498,-0.139668863196745,-0.13515763912928905
std005,0,KL004,107,-0.5590373277664185,-0.6893050731410618,35,-0.08976656778188531,-0.13615633909832897,-0.13026774537464364
std005,0,KL004,108,-0.5669887661933899,-0.6917199746663787,30,-0.08851381505829162,-0.13196003478825205,-0.12473120847298907
std005,0,KL004,109,-0.5722870230674744,-0.6941433179203427,25,-0.09001263603455627,-0.13041459522298915,-0.12185629485286861
std005,0,KL004,110,-0.5766296982765198,-0.6965751343402737,20,-0.09262126797332941,-0.12983204313137328,-0.11994543606375424
std005,0,KL004,111,-0.5807880759239197,-0.699015451536461,15,-0.09558681061159226,-0.12944305355531083,-0.11822737561254172
std005,0,KL004,112,-0.5814671516418457,-0.7014642988482823,10,-0.10239711053165286,-0.1325779012522359,-0.11999714720643699
std005,0,KL004,113,-0.5841768980026245,-0.703921708248066,5,-0.10745590230819227,-0.13370671140049087,-0.1197448102454418
std005,0,KL004,114,-0.5827676057815552,-0.7063877064181889,0,-0.11714540554113394,-0.13902113232392113,-0.12362010063663402
std005,0,KL004,115,-0.5793259143829346,-0.6898820984280616,0,-0.109535582257838,-0.12728401749030976,-0.11055618404512728
std005,0,KL004,116,-0.5702080726623535,-0.6448483001286789,0,-0.07749057866427697,-0.09235017302521117,-0.07464022746632556
std005,0,KL004,117,-0.5616151094436646,-0.5996566960414276,0,-0.04305465763590654,-0.05637735720134732,-0.03804158659776323
std005,0,KL004,118,-0.5628519654273987,-0.5543067336984632,0,0.003699574812749108,-0.009954326354243932,0.008545231728935294
std005,0,KL004,119,-0.5456618070602417,-0.5087981234597396,0,0.033685314363407604,0.01848414891774501,0.03686368360050184
std005,0,KL004,120,-0.5355483293533325,-0.4631300586301575,0,0.07287238445245445,0.054519533823588734,0.07241827072317487
std005,0,KL004,121,-0.5217637419700623,-0.4173019588370398,0,0.11043946102075292,0.08737407402062247,0.10446178313302236
std005,0,KL004,122,-0.48376038670539856,-0.3713132626168307,0,0.12467973299988991,0.09626216532651384,0.11244712408856772
std005,0,KL004,123,-0.46036791801452637,-0.3251634068971963,0,0.15524208442678902,0.12016448896635154,0.1352045111173299
std005,0,KL004,124,-0.4385209381580353,-0.27885182744946657,0,0.18923883257834107,0.1460367594614908,0.15966911070856854
std005,0,KL004,125,-0.4219173491001129,-0.2323779408970015,0,0.23075024779458925,0.17763564890120617,0.18953940820311124
std005,0,KL004,126,-0.4037843346595764,-0.1857413479001042,0,0.27305075727798644,0.20817931261843237,0.2180429867594721
std005,0,KL004,127,-0.05489257723093033,-0.17690177231796214,105,-0.07032493717174276,-0.13323982749101232,-0.12200919508703197
std005,0,KL004,128,-0.036737896502017975,-0.17752133382093876,100,-0.09359798942383618,-0.1535893123336506,-0.14078343731892096
std005,0,KL004,129,-0.04701114445924759,-0.178143026277217,95,-0.08819063920131533,-0.14543699555427186,-0.1311318818179696
std005,0,KL004,130,-0.03598061949014664,-0.17876692923545004,90,-0.10494169593831024,-0.15872883356217096,-0.14278630974530357
std005,0,KL004,131,-0.03234756737947464,-0.17939297911807853,85,-0.11480863087343404,-0.16469070141331832,-0.14704541173860403
std005,0,KL004,132,-0.15319471061229706,-0.18002117802925577,80,0.0058139616062441515,-0.044983416187260455,-0.026826467416958863
std005,0,KL004,133,-0.12430105358362198,-0.18065138486016863,75,-0.024837408302810463,-0.0753241391044131,-0.056350331276546775
std005,0,KL004,134,-0.14767195284366608,-0.1812837222225562,70,-0.0020930868997648677,-0.05318389591391337,-0.03361176937889026
std005,0,KL004,135,-0.13096313178539276,-0.18191829984910285,65,-0.020343212162377777,-0.07130896031757454,-0.05095516806371021
std005,0,KL004,136,-0.1079576388001442,-0.18255504624032776,60,-0.04618757312065234,-0.09598233796166802,-0.0745974074401837
std005,0,KL004,137,-0.20543716847896576,-0.18319397596844808,55,0.053423755989038146,0.0007912467027418914,0.02224319251051754
std005,0,KL004,138,-0.22548188269138336,-0.1838353409100005,50,0.07677511010630533,0.020322660014676197,0.04164654178138271
std005,0,KL004,139,-0.2276998609304428,-0.18447891415603335,45,0.08260273401930393,0.022042778944266275,0.04322094677440931
std005,0,KL004,140,-0.10160357505083084,-0.1851244368037638,40,-0.04631693685576505,-0.10583154837240956,-0.0835208617529331
std005,0,KL004,141,-0.10535644739866257,-0.18577239012024388,35,-0.0453491200478008,-0.10384323305598185,-0.08041594272158142
std005,0,KL004,142,-0.06800799816846848,-0.18642258881149731,30,-0.08760516009730694,-0.14335754007866758,-0.11841459064302894
std005,0,KL004,143,-0.06401533633470535,-0.1870751330041936,25,-0.09699201804731736,-0.1495860003208383,-0.12305979666948832
std005,0,KL004,144,-0.053303785622119904,-0.18772993704445182,20,-0.11396530258048215,-0.16267201680361257,-0.13442615142233202
std005,0,KL004,145,-0.04206634312868118,-0.18838700319558577,15,-0.1324085486694889,-0.1764297902012443,-0.14632066006690467
std005,0,KL004,146,-0.033619292080402374,-0.18904633872433366,10,-0.1489117794621953,-0.18751684047434028,-0.15542704664393137
std005,0,KL004,147,-0.02323702722787857,-0.1897079515451594,5,-0.16835034650088604,-0.20067995274495445,-0.16647092431728092
std005,0,KL004,148,-0.014136114157736301,-0.190371847119703,0,-0.18749656862913405,-0.21269153712899302,-0.17623573296196676
std005,0,KL004,149,-0.007955887354910374,-0.18154791936790532,0,-0.19462349788703837,-0.21229855426304595,-0.173592032012995
std005,0,KL004,150,-0.0027254901360720396,-0.13473258552294004,0,-0.16117079006048785,-0.17257498602291635,-0.13200709538686808
std005,0,KL004,151,0.007760277949273586,-0.08775317818075089,0,-0.13134666685481977,-0.13759948190676488,-0.09551345613002457
std005,0,KL004,152,0.010446063242852688,-0.04060912480738036,0,-0.09159363146823982,-0.09423098316778544,-0.05105518805023315
std005,0,KL004,153,0.01964768022298813,0.006700133154911879,0,-0.0564505554016842,-0.0568430504944764,-0.012947547068076354
std005,0,KL004,154,0.027600787580013275,0.05417516957559206,0,-0.017980053284078125,-0.01765143527566573,0.026574381995578683
std005,0,KL004,155,0.039712123572826385,0.1018165860921677,0,0.018309388427136225,0.017902715569893923,0.06210446251934121
std005,0,KL004,156,-0.07342598587274551,0.1496249601992934,0,0.18852886775626188,0.1804993198236573,0.2230509460720388
std005,0,KL004,157,-0.1306377649307251,0.19760052498196568,0,0.3090476361851262,0.28842179070800544,0.32823828991269066
std005,0,KL004,158,0.11343146115541458,0.20778374457719934,,0.0790467264940094,0.05494573393318098,0.09435228342178462
std005,0,KL004,159,0.12008721381425858,0.20851242140802118,,0.07691160379372253,0.04937433015054027,0.08842520759376246
std005,0,KL004,160,0.13960252702236176,0.20924370504187337,,0.061144456070547776,0.03076108637488271,0.0696411780195115
std005,0,KL004,161,0.1589588075876236,0.20997761578910126,,0.04472875341325758,0.012123727156419236,0.051018808201477556
std005,0,KL004,162,0.17789053916931152,0.2107141664815298,,0.027906877532010394,-0.006270437297129311,0.03282362731221816
std005,0,KL004,163,0.1961735188961029,0.2114533696392867,,0.01089039350659773,-0.024193121463600448,0.01527985074318367
std005,0,KL004,164,0.2138821929693222,0.21219523767813128,,-0.006412412790277988,-0.041715385337009164,-0.0016869552911910335
std005,0,KL004,165,0.2924950420856476,0.21293978552661078,,-0.08873396941767529,-0.12093326947857858,-0.07955525655903692
std005,0,KL004,166,0.3000967502593994,0.21368721269048865,,-0.10065306365555927,-0.12922477705808724,-0.08640953756891086
std005,0,KL004,167,0.3044778108596802,0.21443731490839094,,-0.10982518736240109,-0.13434924236613843,-0.09004049595128932
std005,0,KL004,168,0.30946579575538635,0.215190106435677,,-0.12013652802492962,-0.14014109407335587,-0.09427568931970946
std005,0,KL004,169,0.3144615590572357,0.21594560437675217,,-0.13101831964814808,-0.14600208181404517,-0.09851595468048366
std005,0,KL004,170,0.2567315101623535,0.21670384926428546,,-0.07646726998685853,-0.08856582648727986,-0.04002766089806818
std005,0,KL004,171,0.18008245527744293,0.2174648631157034,,0.0008580241608532636,-0.011440226299367778,0.037382407838260336
std005,0,KL004,172,0.18537893891334534,0.21822878630536527,,-0.004002641170750231,-0.016306918931048738,0.03284984739201978
std005,0,KL004,173,0.15918105840682983,0.2189954590195341,,0.024034515390492252,0.010591313710228882,0.0598144006127041
std005,0,KL004,174,0.1622946411371231,0.2197646557910955,,0.022699752791522282,0.00815602188213961,0.057470014653972216
std005,0,KL004,175,0.16607166826725006,0.22053668890376232,,0.020603086290947478,0.005028528549265528,0.054465020636512075
std005,0,KL004,176,0.16922612488269806,0.22131159616010554,,0.01905778178904009,0.002500773111658658,0.05208547127740729
std005,0,KL004,177,0.1717892438173294,0.22208940704143906,,0.01805973947444896,0.0005472040096915856,0.05030016322410947
std005,0,KL004,178,0.17460142076015472,0.22287015838132843,,0.01675300108419375,-0.001675297201054444,0.04826873762117353
std005,0,KL004,179,0.17715324461460114,0.22365390372639718,,0.015657367227764937,-0.0036549170001008787,0.046500659111795864
std005,0,KL004,180,0.17681385576725006,0.22444072504057092,,0.017553168177190537,-0.0027317577262978357,0.04762686927332067
std005,0,KL004,181,0.22345812618732452,0.22523057250550818,,-0.02990171150976622,-0.049255177206382526,0.0017724463181834735
std005,0,KL004,182,0.2240125983953476,0.22602369271536035,,-0.03134109714444151,-0.04969224036716205,0.0020110943200125726
std005,0,KL004,183,0.2190721035003662,0.22682051224898725,,-0.027074358872890072,-0.044581901242475686,0.0077484087486208685
std005,0,KL004,184,0.2082035392522812,0.2276224346047835,,-0.01634303477312432,-0.03342905828656196,0.019418895352502144
std005,0,KL004,185,0.2068513184785843,0.22842492883057666,,-0.015066969624236214,-0.031777282882262545,0.0215736103519922
std005,0,KL004,186,0.22380442917346954,0.22922797481250554,,-0.03299517293520677,-0.04860027933668665,0.005423545639035798
std005,0,KL004,187,0.18824709951877594,0.230031550536995,,0.003401181383594923,-0.012554202726998358,0.04178445101821888
std005,0,KL004,188,0.21945427358150482,0.23083852562029142,,-0.028561582653341265,-0.04358059750951269,0.011384252038786425
std005,0,KL004,189,0.22451700270175934,0.2316482433570188,,-0.034689005074910906,-0.04851130582166083,0.007131240655259292
std005,0,KL004,190,0.23180747032165527,0.23246080452165235,,-0.04348783137758254,-0.055741586502569274,0.0006533341999969073
std005,0,KL004,191,0.2399919480085373,0.23327623862084118,,-0.053696352841691004,-0.06394770160882464,-0.006715709387696302
std005,0,KL004,192,0.24697445333003998,0.2340945739008636,,-0.0631843494508886,-0.07102262530704292,-0.01287987942917658
std005,0,KL004,193,0.25155314803123474,0.23491583064129543,,-0.07065057095921742,-0.07574119367424521,-0.016637317389939545
std005,0,KL004,194,0.2544485032558441,0.2357400097130837,,-0.0767484176995245,-0.07880753118287182,-0.018708493542760683
std005,0,KL004,195,0.25665411353111267,0.23656710289975566,,-0.08245293999447979,-0.08120870820822836,-0.02008701063135731
std005,0,KL004,196,0.25863906741142273,0.23739710667967392,,-0.08823832168794046,-0.08341193365913267,-0.02124196073174912
std005,0,KL004,197,0.26055386662483215,0.2382300250842345,,-0.09426835994290964,-0.08556731655708597,-0.022323841540597952
std005,0,KL004,198,0.2624220848083496,0.23906586483878364,,-0.1005819105238056,-0.08769826788660916,-0.023356219969566258
std005,0,KL004,199,0.2642957866191864,0.23990463521687827,,-0.10724991848846491,-0.08985721078929917,-0.024391151402308436
std005,0,KL004,200,0.15123353898525238,0.24074634194480013,,0.006698650835982164,0.024057945393321043,0.08951280295954742
std005,0,KL004,201,0.147934690117836,0.24159143737396419,,0.011107825130170572,0.028255102328556426,0.09365674725612787
std005,0,KL004,202,0.14980052411556244,0.24243948297950113,,0.010316636613097565,0.027280971713407032,0.09263895886393837
std005,0,KL004,203,0.1519709974527359,0.24329049923195395,,0.00916709634248597,0.025992440055704353,0.09131950177921773
std005,0,KL004,204,0.15388794243335724,0.2441444968937292,,0.008227690914810109,0.024950103150224508,0.09025655446037162
std005,0,KL004,205,0.1556502729654312,0.2450014849979468,,0.007405198625300161,0.024056507392181847,0.08935121203251525
std005,0,KL004,206,0.09341128915548325,0.24586147470696507,,0.07391268698809889,0.0878047511763644,0.1524501855514815
std005,0,KL004,207,0.15069617331027985,0.24672393172496346,,0.018121139976744947,0.031470526952434505,0.09602775841468329
std005,0,KL004,208,0.15436936914920807,0.2475894236816002,,0.015832073343409463,0.028723868440093645,0.09322005453239181
std005,0,KL004,209,0.15572859346866608,0.24845793992743423,,0.015863385299137507,0.028290081758181082,0.09272934645876782
std005,0,KL004,210,0.1569550782442093,0.24932949787623934,,0.01604119818091467,0.027989267620914478,0.09237441963202973
std005,0,KL004,211,0.15815439820289612,0.2502041083522688,,0.016262142202135732,0.027716129040022127,0.09204971014937235
std005,0,KL004,212,0.1895938366651535,0.25108178205907566,,-0.015331751914050017,-0.003102066072510906,0.06148794539392186
std005,0,KL004,213,0.1921476125717163,0.25196225491698204,,-0.018183382174327536,-0.005052199281840159,0.05981464234526544
std005,0,KL004,214,0.19138102233409882,0.25284582926368676,,-0.017691057130077414,-0.0036659725383538,0.06146480692958765
std005,0,KL004,215,0.19239623844623566,0.2537325015645631,,-0.01904941518063171,-0.004063352768703205,0.061336263118327156
std005,0,KL004,216,0.19342781603336334,0.25462228035837703,,-0.02049775414028829,-0.004479087265486211,0.06119446432501344
std005,0,KL004,217,0.19444353878498077,0.25551517649603245,,-0.022007169497051584,-0.004880826784207159,0.061071637711051424
std005,0,KL004,218,0.17228944599628448,0.25641120088162916,,0.0007914306624615347,0.018119402533461584,0.08412175488534439
std005,0,KL004,219,0.17495770752429962,0.2573104317870102,,-0.0013363892256629643,0.016281934579377877,0.08235272426271026
std005,0,KL004,220,0.17679671943187714,0.2582128116650967,,-0.0027013138656145665,0.015266470792296743,0.08141609223321927
std005,0,KL004,221,0.17871631681919098,0.2591183539314546,,-0.004221154252687071,0.014162265654484986,0.0804020371122634
std005,0,KL004,222,0.18069668114185333,0.26002706967510875,,-0.005883476355231784,0.012988412664320362,0.0793303885332552
std005,0,KL004,223,0.18276189267635345,0.26093896998296146,,-0.007721428282506885,0.011719853333050048,0.07817707730660775
std005,0,KL004,224,0.18495775759220123,0.2618540659632324,,-0.009792805604359493,0.010309327229636726,0.07689630837103095
std005,0,KL004,225,0.18738417327404022,0.2627723687354117,,-0.012215428132013232,0.008654453779120032,0.0753881954613713
std005,0,KL004,226,0.19033677875995636,0.2636938893952827,,-0.015319426732087915,0.0064540905657598175,0.0733571106353262
std005,0,KL004,227,0.1957787126302719,0.2646186388735886,,-0.02120769768248493,0.0017196906759892687,0.06883992624331654
std005,0,KL004,228,0.19976477324962616,0.2655466263093537,,-0.025875027899255897,-0.0015894504888875247,0.06578185305972743
std005,0,KL004,229,0.20274190604686737,0.26647786407046836,,-0.029728491611298095,-0.0039105037216260055,0.06373595802360085
std005,0,KL004,230,0.20460201799869537,0.2674123615020403,,-0.032612193180278616,-0.0051243792835433,0.06281034350334473
std005,0,KL004,231,0.20520927011966705,0.2683501283338609,,-0.03433264898355938,-0.0050827190103326005,0.0631408582141936
std005,0,KL004,232,0.20611949265003204,0.26929117631801663,,-0.03646668180180998,-0.005344376648389259,0.06317168366798435
std005,0,KL004,233,0.20768292248249054,0.27023552001607976,,-0.03940513396947459,-0.006266188787803464,0.06255259753358897
std005,0,KL004,234,0.22219987213611603,0.2711831729849231,,-0.05613859631647838,-0.020279404313389662,0.048983300848806866
std005,0,KL004,235,0.22283689677715302,0.2721338547746251,,-0.05915080158366674,-0.020412552878104322,0.04929695799747183
std005,0,KL004,236,0.22463513910770416,0.2730878587759133,,-0.06355264767069842,-0.0217182190846615,0.04845271966820892
std005,0,KL004,237,0.2264682799577713,0.27404520555842526,,-0.06823250750639644,-0.023070581386997344,0.047576925600653755
std005,0,KL004,238,0.22829236090183258,0.27500590713017037,,-0.07315963770617977,-0.024425750467605426,0.046713546228337566
std005,0,KL004,239,0.23010458052158356,0.2759699752414302,,-0.07834504903302136,-0.025780966964516202,0.04586539471984641
std005,0,KL004,240,0.2319038063287735,0.27693742167121843,,-0.08380213948701662,-0.027135129592757712,0.04503361534244474
std005,0,KL004,241,0.23368842899799347,0.2779082582378252,,-0.08954456388536149,-0.028486644402020152,0.044219829239831566
std005,0,KL004,242,0.23545752465724945,0.27888249679814,,-0.09558747354950428,-0.02983459377592467,0.04342497214089038
std005,0,KL004,243,0.22958548367023468,0.2798601492479012,,-0.09392089151472621,-0.023476348061866614,0.05027466557766639
std005,0,KL004,244,0.23010466992855072,0.2808408130785642,,-0.09891014859858464,-0.023508360251051297,0.050736143150013326
std005,0,KL004,245,0.23197336494922638,0.2818248908029135,,-0.10559904337891635,-0.02490213411933637,0.04985152585368696
std005,0,KL004,246,0.23389728367328644,0.2828124149425603,,-0.1127158948398577,-0.026364088786937634,0.04891513126927369
std005,0,KL004,247,0.07839129120111465,0.28380339867038223,,0.045489225644472144,0.13118093614055487,0.2054121074692674
std005,0,KL004,248,0.08579565584659576,0.28479830176847104,,0.04054677056203298,0.12576907684326727,0.19900264592187508
std005,0,KL004,249,0.08854006230831146,0.28579669967873317,,0.04025849472854592,0.1250166415520249,0.19725663737042154
std005,0,KL004,250,0.09121651947498322,0.2867985946555906,,0.04003562954940637,0.12433229035685857,0.19558207518060722
std005,0,KL004,251,0.09388606250286102,0.28780399879018187,,0.03981736062452068,0.12365505961662052,0.19391793628732074
std005,0,KL004,252,0.0965493842959404,0.28881292436468964,,0.039603191926854964,0.12298432206904639,0.19226354006874913
std005,0,KL004,253,0.09920644015073776,0.2898253837070923,,0.03939337848063838,0.1223201894090553,0.19061894355635445
std005,0,KL004,254,0.10185741633176804,0.290841389189524,,0.03918794638493016,0.12166254139685342,0.18898397285775592
std005,0,KL004,255,0.10450183600187302,0.2918609532275503,,0.03898762189750561,0.12101192661152832,0.18735911722567722
std005,0,KL004,256,0.10714031010866165,0.29288408828111323,,0.03879202538446438,0.12036780065566854,0.18574377817245155
std005,0,KL004,257,0.10977179557085037,0.29391080685420384,,0.03860249916775692,0.11973128460508153,0.18413901128335347
std005,0,KL004,258,0.11239729076623917,0.29494112149519397,,0.038418308417810014,0.11910144905630074,0.18254383072895478
std005,0,KL004,259,0.11501609534025192,0.2959750447970183,,0.03824046874179223,0.11847907135394815,0.18095894945676638
std005,0,KL004,260,0.117628313601017,0.2970125893968137,,0.03806920334929743,0.11786412417656096,0.1793842757957967
std005,0,KL004,261,0.12023415416479111,0.2980537679773149,,0.03790463860909499,0.11725647483875787,0.17781961381252384
std005,0,KL004,262,0.12283318489789963,0.2990985932654176,,0.03774758324974555,0.1166566368055058,0.17626540836751803
std005,0,KL004,263,0.12542562186717987,0.3001470780334608,,0.037598207637985805,0.11606447426899884,0.174721456166281
std005,0,KL004,264,0.1280113160610199,0.30119923509904406,,0.03745707682609709,0.115480219100309,0.17318791903802422
std005,0,KL004,265,0.1305904984474182,0.3022550773251966,,0.03732438716239429,0.11490372198862964,0.17166457887777845
std005,0,KL004,266,0.13316303491592407,0.30331461762016254,,0.037200731198588514,0.1143352011702193,0.17015158270423852
std005,0,KL004,267,0.13572895526885986,0.30437786893831975,,0.03708656182532642,0.11377471181593526,0.16864891366945992
std005,0,KL004,268,0.13828794658184052,0.3054448442799044,,0.03698271831530887,0.11322265614371704,0.16715689769806397
std005,0,KL004,269,0.1408405601978302,0.3065155566907726,,0.03688917629971677,0.11267856775308349,0.16567499649294243
std005,0,KL004,270,0.14338640868663788,0.3075900192633795,,0.036806900253938526,0.11214292408967325,0.16420361057674163
std005,0,KL004,271,0.1459254026412964,0.30866824513640634,,0.03673659383518248,0.11161590670718403,0.16274284249510998
std005,0,KL004,272,0.14845792949199677,0.3097502474948583,,0.03667849806716145,0.11109721766590779,0.16129231800286156
std005,0,KL004,273,0.15098385512828827,0.3108360395707189,,0.036633417967865047,0.11058708314288342,0.1598521844424307
std005,0,KL004,274,0.15350300073623657,0.3119256346427596,,0.03660225045582067,0.11008577708106862,0.15842263390652306
std005,0,KL004,275,0.1560155153274536,0.3130190460364698,,0.03658559722496808,0.10959324539047716,0.1570035307090162
std005,0,KL004,276,0.15852117538452148,0.3141162871248596,,0.036584486542776705,0.10910981006349056,0.1555951117403381
std005,0,KL004,277,0.161020427942276,0.3152173713277131,,0.0365992979195501,0.10863511936786553,0.1541969433854371
std005,0,KL004,278,0.16351318359375,0.3163223121132755,,0.03663099856535875,0.10816936021766134,0.1528091285195255
std005,0,KL004,279,0.16599933803081512,0.3174311229966409,,0.03668062551863021,0.10771273681138481,0.15143178496582577
std005,0,KL004,280,0.16847862303256989,0.3185438175411086,,0.03674944637948997,0.10726562133299938,0.15006519450853872
std005,0,KL004,281,0.17095157504081726,0.3196604093574586,,0.036837952136325576,0.10682757730319098,0.1487088343166414
std005,0,KL004,282,0.17341792583465576,0.32078091210546533,,0.03694751042310608,0.10639897697947563,0.14736298627080968
std005,0,KL004,283,0.17587776482105255,0.3219053394927846,,0.03707918845899482,0.10597983550749758,0.14602757467173216
std005,0,KL004,284,0.17833103239536285,0.3230337052758835,,0.03723427075357439,0.10557031907348599,0.14470267288052072
std005,0,KL004,285,0.18077793717384338,0.3241660232597079,,0.0374138316023591,0.10517032498960638,0.14338808608586462
std005,0,KL004,286,0.18321837484836578,0.32530230729827236,,0.03761933596915828,0.1047800659916143,0.14208393244990666
std005,0,KL004,287,0.1856522560119629,0.3264425712947737,,0.037852315254715024,0.10439974229682325,0.14079031528281086
std005,0,KL004,288,0.1880796104669571,0.3275868292016584,,0.038114261295235444,0.10402943612423668,0.13950721873470132
std005,0,KL004,289,0.19050058722496033,0.3287350950208365,,0.03840662457383179,0.1036691105069735,0.13823450779587618
std005,0,KL004,290,0.19291535019874573,0.3298873828040162,,0.03873092212939044,0.10331871345036173,0.13697203260527052
std005,0,KL004,291,0.19532343745231628,0.33104370665276617,,0.039089415833428474,0.10297882500173398,0.1357202692004499
std005,0,KL004,292,0.19772525131702423,0.3322040807187032,,0.039483583487374456,0.10264915848882498,0.134478829401679
std005,0,KL004,293,0.2001204937696457,0.33336851920376886,,0.039915724822057186,0.10233013218263858,0.13324802543412323
std005,0,KL004,294,0.20250962674617767,0.3345370363609251,,0.04038746803366538,0.10202140137040991,0.13202740961474743
std005,0,KL004,295,0.20489205420017242,0.33570964649354335,,0.040901648387919494,0.10172368694190986,0.13081759229337095
std005,0,KL004,296,0.20726817846298218,0.3368863639562304,,0.04146020771085771,0.10143670904917078,0.12961818549324824
std005,0,KL004,297,0.20963777601718903,0.3380672031548027,,0.04206585746468799,0.10116081762236429,0.1284294271376137
std005,0,KL004,298,0.21200084686279297,0.3392521785467064,,0.04272122571584922,0.1008961407997018,0.12725133168391348
std005,0,KL004,299,0.21435771882534027,0.3404413046410728,,0.04342874346439119,0.10064247733134582,0.12608358581573254
std005,0,KL004,300,0.2167077511548996,0.3416345959993255,,0.04419199938742708,0.1004006027431422,0.12492684484442594
std005,0,KL004,301,0.21905140578746796,0.342832067235699,,0.04501362119213302,0.10017018704916306,0.12378066144823102
std005,0,KL004,302,0.22138838469982147,0.3440337330164941,,0.045897186239182555,0.09995166503372829,0.12264534831667263
std005,0,KL004,303,0.2237187922000885,0.3452396080619892,,0.046846048762192914,0.09974506996424833,0.12152081586190067
std005,0,KL004,304,0.2260422557592392,0.3464497071453101,,0.04786425422428125,0.0995509175860485,0.12040745138607083
std005,0,KL004,305,0.22835887968540192,0.3476640450940082,,0.04895557262304534,0.09936924770986352,0.11930516540860625
std005,0,KL004,306,0.23066866397857666,0.3488826367896922,,0.05012409646636369,0.09920020642248774,0.11821397281111552
std005,0,KL004,307,0.2329714298248291,0.3501054971694458,,0.051374336979845434,0.09904412242686635,0.11713406734461658
std005,0,KL004,308,0.23526693880558014,0.35133264122563845,,0.052711121545546094,0.09890138848634862,0.11606570242005822
std005,0,KL004,309,0.23755493760108948,0.35256408400674044,,0.054139564232342806,0.09877241693312534,0.1150091464056509
std005,0,KL004,310,0.23983564972877502,0.35379984061818104,,0.05566456426852019,0.09865714317770917,0.11396419088940597
std005,0,KL004,311,0.24210815131664276,0.3550399262233679,,0.057292505413701275,0.09855666152497185,0.11293177490672507
std005,0,KL004,312,0.24437285959720612,0.35628435604427694,,0.05902871586863721,0.0984707232910349,0.11191149644707075
std005,0,KL004,313,0.24662910401821136,0.35753314536306086,,0.060879970499648016,0.09840017665598504,0.11090404134484945
std005,0,KL004,314,0.24887670576572418,0.35878630952323215,,0.0628529056476729,0.09834538229855769,0.10990960375750798
std005,0,KL004,315,0.2511149048805237,0.3600438639310088,,0.06495514249252539,0.09830729220883234,0.10892895905048511
std005,0,KL004,316,0.25334325432777405,0.3613058240581528,,0.06719439925219683,0.09828655259902085,0.10796256973037874
std005,0,KL004,317,0.2555614709854126,0.3625722054439684,,0.06957865465833141,0.09828365135866057,0.10701073445855579
std005,0,KL004,318,0.25776854157447815,0.36384302369818483,,0.07211710436158454,0.09829981957853101,0.10607448212370663
std005,0,KL004,319,0.2599632740020752,0.36511829450587535,,0.07481964641915821,0.09833648219653764,0.1051550205038001
std005,0,KL004,320,0.2621447741985321,0.36639803363183526,,0.07769641826514612,0.09839477835942866,0.1042532594333031
std005,0,KL004,321,0.26431190967559814,0.367682256928172,,0.0807583759746198,0.09847610044709872,0.10337034725257385
std005,0,KL004,322,0.2664627730846405,0.3689709803431783,,0.08401790417455635,0.09858263855199108,0.1025082072585378
std005,0,KL004,323,0.2685950994491577,0.37026421993357056,,0.08748845446211673,0.09871696718271611,0.10166912048441282
std005,0,KL004,324,0.27070602774620056,0.37156199188295425,,0.09118485516311099,0.0988822900869666,0.10085596413675366
std005,0,KL004,325,0.2727918326854706,0.37286431252682467,,0.09512366903433118,0.0990827176799495,0.10007247984135408
std005,0,KL004,326,0.27484819293022156,0.37417119839037993,,0.09932300546015838,0.09932300546015838,0.09932300546015838
std005,0,KL005,0,-0.9100840091705322,-1.3845253110332523,240,-0.27623813922287077,-0.5346552891190244,-0.47444130186272027
std005,0,KL005,1,-0.9617879390716553,-1.3893753067779477,235,-0.24072605044946732,-0.4929417480541626,-0.42758736770629274
std005,0,KL005,2,-1.043736219406128,-1.394241962430578,230,-0.17156811345225217,-0.42029203000855897,-0.35050574302445037
std005,0,KL005,3,-1.0920541286468506,-1.39912560197447,225,-0.13421777736887608,-0.3809113888924789,-0.30707147332761975
std005,0,KL005,4,-1.1263880729675293,-1.4040263194967837,220,-0.10966201261486673,-0.3552897775197125,-0.2776382465292547
std005,0,KL005,5,-1.1458005905151367,-1.4089441885503382,215,-0.09955664738018226,-0.3445123249268845,-0.2631435980352018
std005,0,KL005,6,-1.1577675342559814,-1.413879274802918,210,-0.09679117873230382,-0.341177337644832,-0.2561117405469369
std005,0,KL005,7,-1.171363353729248,-1.418831648710227,205,-0.09219948577943946,-0.33619388067677214,-0.24746829498097914
std005,0,KL005,8,-1.185502290725708,-1.423801376904345,200,-0.08682763335457505,-0.3306419650529986,-0.23829908617863693
std005,0,KL005,9,-0.9097026586532593,-1.4287885235410018,195,-0.38640388612067594,-0.6179316075074451,-0.5190858648877424
std005,0,KL005,10,-0.9175230860710144,-1.4337937821638613,190,-0.40328824311862943,-0.6216795665492961,-0.5162706960928467
std005,0,KL005,11,-0.8595359325408936,-1.4388166117517478,185,-0.49042353933281563,-0.6919786641320289,-0.5792806792108542
std005,0,KL005,12,-0.8716050386428833,-1.4438569485500787,180,-0.5085088795434612,-0.6922674363533947,-0.5722519099071954
std005,0,KL005,13,-1.0143251419067383,-1.4489149475690946,175,-0.3901299313187444,-0.5606321598079264,-0.4345898056623562
std005,0,KL005,14,-1.0390076637268066,-1.4539904702718565,170,-0.38986016345973934,-0.5469361448230883,-0.41498280654504965
std005,0,KL005,15,-1.0616322755813599,-1.4590837718304037,165,-0.39183245194427313,-0.5352193615209365,-0.3974514962490438
std005,0,KL005,16,-1.089972972869873,-1.464194923808261,160,-0.38798233560791373,-0.5176490124447136,-0.374221950938388
std005,0,KL005,17,-1.1215934753417969,-1.4693239916930807,155,-0.3805674885932285,-0.4966263762187748,-0.3477305163512839
std005,0,KL005,18,-1.3511476516723633,-1.4744710355171298,150,-0.16450043062470807,-0.2754958986777584,-0.12332338384476672
std005,0,KL005,19,-1.3626782894134521,-1.479636143456424,145,-0.16660965840421904,-0.27238741967772656,-0.11695785404297199
std005,0,KL005,20,-1.3591216802597046,-1.4848193658949458,140,-0.1847615349574082,-0.2845170099119974,-0.12569768563524125
std005,0,KL005,21,-1.3383049964904785,-1.4900207644255519,135,-0.22209111900650685,-0.31423389663594226,-0.15171576793507352
std005,0,KL005,22,-1.3571614027023315,-1.4952403434659522,130,-0.2196851268089709,-0.30420858046530524,-0.1380789407636208
std005,0,KL005,23,-1.3591052293777466,-1.5004782124804077,125,-0.23501589260910488,-0.31119666856903955,-0.14137298310266122
std005,0,KL005,24,-1.3577370643615723,-1.5057344475503627,120,-0.25470357406973476,-0.32163241494884975,-0.14799738318879033
std005,0,KL005,25,-1.3581030368804932,-1.5110091010885314,115,-0.27366960886021774,-0.330454012293808,-0.1529060642080382
std005,0,KL005,26,-1.356829047203064,-1.5163022451924604,110,-0.2954314417076373,-0.3410537699130879,-0.15947319798939644
std005,0,KL005,27,-1.3406919240951538,-1.521613947061935,105,-0.33405961295563014,-0.3668068791840141,-0.1809220229667812
std005,0,KL005,28,-1.3622301816940308,-1.5269442707527074,100,-0.33514551268238196,-0.35479822421686064,-0.1647140890586767
std005,0,KL005,29,-1.3571951389312744,-1.5322932584050544,95,-0.36434388906616594,-0.3695437016301368,-0.17509811947377993
std005,0,KL005,30,-1.346489667892456,-1.5376609945583504,90,-0.4011370197946547,-0.3902002023089295,-0.1911713266658944
std005,0,KL005,31,-1.3346508741378784,-1.5430475320631278,85,-0.4411558119224457,-0.4122453371832002,-0.20839665792524933
std005,0,KL005,32,-1.320039987564087,-1.5484529454860985,80,-0.48630278431894847,-0.43734936856389295,-0.22841295792201158
std005,0,KL005,33,-1.309300184249878,-1.5538772998488881,75,-0.5298637127676195,-0.4588339294445534,-0.2445771155990102
std005,0,KL005,34,-1.292771577835083,-1.5593206600653773,70,-0.5819318487957602,-0.486420809518347,-0.2665490822302941
std005,0,KL005,35,-1.8280880451202393,-1.564783092306498,65,-0.05598193746184389,0.043093784692757764,0.26330495281374144
std005,0,KL005,36,-1.9698169231414795,-1.5702640905653908,60,0.08331288035232583,0.1803738348026454,0.3995528325760889
std005,0,KL005,37,-1.9887460470199585,-1.5757640414692207,55,0.10066739275110756,0.1949849053114023,0.41298200555073805
std005,0,KL005,38,-1.9674556255340576,-1.581283252846387,50,0.07659314014551936,0.169102486888445,0.3861723726876711
std005,0,KL005,39,-1.952933430671692,-1.5868218035482635,45,0.058366002061910394,0.1497789693294549,0.3661116271234289
std005,0,KL005,40,-2.0880062580108643,-1.5923797736009535,40,0.19663430658328523,0.2813493414151149,0.49562648440991103
std005,0,KL005,41,-2.0233724117279053,-1.597957538755915,35,0.13197378638512658,0.2125120741427508,0.4254148729719903
std005,0,KL005,42,-1.9838895797729492,-1.6035548891006175,30,0.09038469023216697,0.16836962691420645,0.38033469067233167
std005,0,KL005,43,-1.951568603515625,-1.6091718731376312,25,0.054137698437338524,0.1309989808327101,0.34239673037799373
std005,0,KL005,44,-1.9237042665481567,-1.614808559770391,20,0.0206596664943082,0.09773461552748311,0.3088957067777659
std005,0,KL005,45,-1.900108814239502,-1.6204649691902138,15,-0.010107480362466004,0.0684271668016018,0.2796438450492882
std005,0,KL005,46,-1.602567195892334,-1.6261412149822072,10,-0.3308848050668833,-0.2379098492593021,-0.023574019089873277
std005,0,KL005,47,-1.4709253311157227,-1.6318381748794588,5,-0.49400039395938333,-0.37979763245965215,-0.16091284376373619
std005,0,KL005,48,-1.4405314922332764,-1.6375551567623938,0,-0.5592402894192586,-0.4208842160654702,-0.19702366452911735
std005,0,KL005,49,-1.413964867591858,-1.6243119637034664,0,-0.6040345711931295,-0.43938586083565406,-0.21034709611160846
std005,0,KL005,50,-1.3830318450927734,-1.5825520381102238,0,-0.6258811117557526,-0.4336984399582414,-0.1995201930174505
std005,0,KL005,51,-1.3700469732284546,-1.5406457834409055,0,-0.6299511548009584,-0.4096945075798419,-0.17059881021245116
std005,0,KL005,52,-1.7787113189697266,-1.4985927085743151,0,-0.190361259451614,0.040591088980415295,0.2801186103954111
std005,0,KL005,53,-1.7301374673843384,-1.456392809211763,0,-0.20882490756281927,0.03371503920257016,0.27374465817257476
std005,0,KL005,54,-1.7232425212860107,-1.4140450507865538,0,-0.18427674230466737,0.06901701449595415,0.30919747049945634
std005,0,KL005,55,-1.7069168090820312,-1.37154893503089,0,-0.16824774317700517,0.09529887108261413,0.33536787405114066
std005,0,KL005,56,-1.6848095655441284,-1.3289039403389256,0,-0.15734162355532644,0.11615704754138964,0.35590562520520225
std005,0,KL005,57,-1.6307079792022705,-1.286109540342053,0,-0.17941800760040116,0.10506044315192492,0.34459843886021674
std005,0,KL005,58,-1.5770690441131592,-1.2431651786908096,0,-0.20205116956565172,0.0944712980480495,0.3339038654223489
std005,0,KL005,59,-1.5257227420806885,-1.2000703287224972,0,-0.2233478754501278,0.0862433643771941,0.3256524133581906
std005,0,KL005,60,-1.592698574066162,-1.1473343464427153,0,-0.11111539865852141,0.2071882280756408,0.4453642276234462
std005,0,KL005,61,-1.5600404739379883,-1.0564528164376936,0,-0.05772814963899481,0.26724964183772326,0.503587657500294
std005,0,KL005,62,-1.4802932739257812,-1.00321333292698,0,-0.09073956247690802,0.24233722491431076,0.4770799409988006
std005,0,KL005,63,-1.5108692646026611,-0.9592765357076084,0,-0.019175031801495643,0.31921972696262685,0.5515927288950521
std005,0,KL005,64,-1.5117321014404297,-0.9151857486628334,0,0.02503026994975993,0.36702946530014696,0.5965463527775955
std005,0,KL005,65,-1.4681072235107422,-0.8709406022757459,0,0.024892716667488116,0.370551071425265,0.5971666212349956
std005,0,KL005,66,-1.4596885442733765,-0.8265404459245161,0,0.06196745366278711,0.40983691019753204,0.6331480983488597
std005,0,KL005,67,-1.4763169288635254,-0.7819848665492211,0,0.12752645826455475,0.4749883277003881,0.6943320623143039
std005,0,KL005,68,-1.3988354206085205,-0.7372736500720102,0,0.0976528561268169,0.4459085931359079,0.6615617705365098
std005,0,KL005,69,-1.3572566509246826,-0.6924058375061821,0,0.10417483701041269,0.4529717556989703,0.6648508134184998
std005,0,KL005,70,-1.3213554620742798,-0.6473808398223796,0,0.11719386257602962,0.46601332351693003,0.6739746222518994
std005,0,KL005,71,-1.2917776107788086,-0.6021981027846458,0,0.13773465246581607,0.4857470322344815,0.6895795079941622
std005,0,KL005,72,-1.259110450744629,-0.5568570661313197,0,0.1562894682666205,0.5027340686147204,0.7022533846133088
std005,0,KL005,73,-1.230252981185913,-0.5113571640650908,0,0.18001997049099508,0.5239165984765703,0.7188958171208217
std005,0,KL005,74,-1.206931471824646,-0.42773740123037074,0,0.2509790842962754,0.5894259502525544,0.7791940705942748
std005,0,KL005,75,-0.9346652626991272,-0.3343345653694696,0,0.0739631266201192,0.4140380547954102,0.6003306973296573
std005,0,KL005,76,-0.9256089925765991,-0.24060454474414428,0,0.16504485188306944,0.503089979608423,0.6850044478324545
std005,0,KL005,77,-0.9661275744438171,-0.1465460820681051,0,0.31347376907861796,0.6434642815718037,0.8195814923757118
std005,0,KL005,78,-0.9710781574249268,-0.052157999759031015,0,0.4326727918549845,0.7496827006961818,0.9189201576658954
std005,0,KL005,79,-0.9447787404060364,0.04256080583024996,0,0.5256720887660561,0.8257667890189709,0.987339546236286
std005,0,KL005,80,-0.9106195569038391,0.13761148335572437,0,0.6157326409408779,0.8950425961664806,1.0482310402595632
std005,0,KL005,81,-0.8731515407562256,0.23299519658161255,0,0.7075083848678416,0.9620419768315452,1.1061467373378377
std005,0,KL005,82,-0.3821016252040863,0.243302107134669,,0.23723015272943843,0.4856505684202135,0.6254037323387549
std005,0,KL005,83,-0.4006195068359375,0.24415497493015123,,0.26867456155491154,0.5096279350699982,0.6447744817660883
std005,0,KL005,84,-0.3930586278438568,0.2450108893159593,,0.2743703489728648,0.507524695793779,0.6380695171598157
std005,0,KL005,85,-0.3479612469673157,0.24586969522736418,,0.24090258725676086,0.4675037601627129,0.5938309421946795
std005,0,KL005,86,-0.33846238255500793,0.24673159507982567,,0.24318846839225516,0.46305472217059224,0.5851939776348332
std005,0,KL005,87,-0.3186929225921631,0.24759648664357062,,0.2348269403623731,0.4482042491157198,0.5662894092357333
std005,0,KL005,88,-0.3036513030529022,0.2484643886073076,,0.23104405943687037,0.43799675655279924,0.5521156916602095
std005,0,KL005,89,-0.2840833067893982,0.24933531370889306,,0.22233897788870546,0.4231311510656985,0.5334186204982908
std005,0,KL005,90,-0.26531094312667847,0.2502092781111621,,0.2140532936029046,0.4089356873955101,0.5155202212378401
std005,0,KL005,91,-0.2483515590429306,0.25108628767035746,,0.20727857900963373,0.3964443088891982,0.49943784671328756
std005,0,KL005,92,-0.26456519961357117,0.25196635372839343,,0.23510381943628966,0.41735065702060936,0.5165315533419641
std005,0,KL005,93,-0.24352002143859863,0.25284941773753844,,0.22521647248444984,0.4008495317010071,0.49636943917613663
std005,0,KL005,94,-0.22515025734901428,0.2537355506279092,,0.2176660897223275,0.3869002235076278,0.4788858079769231
std005,0,KL005,95,-0.20816436409950256,0.25462476785595084,,0.21121490674925095,0.37422348655679327,0.462789131955453
std005,0,KL005,96,-0.19187673926353455,0.2555170866081485,,0.2051980462203656,0.36213925993744095,0.4473938258716827
std005,0,KL005,97,-0.17562581598758698,0.2564125152582794,,0.19894100494727612,0.3499849024426831,0.4320383312458661
std005,0,KL005,98,-0.15679560601711273,0.25731106288982397,,0.18967644689322188,0.33511691337370236,0.4141066689069364
std005,0,KL005,99,-0.13811668753623962,0.2582127390257953,,0.18011879366102862,0.32026556520569843,0.3963294265620347
std005,0,KL005,100,-0.1187223419547081,0.25911755428586625,,0.16933864449583425,0.3045550758103618,0.3778398962405741
std005,0,KL005,101,-0.09985025972127914,0.2600255173372394,,0.1585726169460145,0.2892264483841895,0.35987577705851836
std005,0,KL005,102,-0.08306268602609634,0.2609366322785611,,0.1494640414659318,0.27586106166055757,0.34399931830465724
std005,0,KL005,103,-0.06745650619268417,0.26185091862900006,,0.1411479392109004,0.26356608868223574,0.329307424821684
std005,0,KL005,104,-0.03371385484933853,0.26276838877412056,,0.1133299911041325,0.23283895489496959,0.2964822436234589
std005,0,KL005,105,-0.026428647339344025,0.26368909457861445,,0.11191975484081516,0.22853683041901188,0.29011774191795825
std005,0,KL005,106,-0.019251950085163116,0.26461302195162517,,0.11057118025002922,0.22431140964306506,0.28386497203678807
std005,0,KL005,107,-0.011753001250326633,0.26554017718211337,,0.1088339011234739,0.21972823676834602,0.2772931784324398
std005,0,KL005,108,-0.0035522065591067076,0.26647057073739105,,0.10628764042921365,0.21440014308324026,0.27002277729649754
std005,0,KL005,109,0.0041823601350188255,0.2674042245068385,,0.10411898757764837,0.20949933491496742,0.26322186437181944
std005,0,KL005,110,0.011156431399285793,0.2683411659082263,,0.1026572618482795,0.20532724644273415,0.2571847345089403
std005,0,KL005,111,0.01820751279592514,0.26928139936341183,,0.1010578800894567,0.20104515362898703,0.25107388656748647
std005,0,KL005,112,0.024206392467021942,0.27022493562371463,,0.10050201681092785,0.1977924457942427,0.2460185431566925
std005,0,KL005,113,-0.012816258706152439,0.27117178612636567,,0.1452228030481461,0.23797270161425918,0.28398804483251794
std005,0,KL005,114,0.04734938591718674,0.2721219818301339,,0.09002226678579152,0.18040002604433708,0.22477259591294702
std005,0,KL005,115,0.05037803202867508,0.27307547871291327,,0.09207893071802051,0.1799690967628625,0.222697446684238
std005,0,KL005,116,0.05804038792848587,0.27403231516246124,,0.08938500504389597,0.17486249217287136,0.2159919272339752
std005,0,KL005,117,0.06591662019491196,0.27499249252637065,,0.086342472993533,0.16949730245403477,0.2090758723314585
std005,0,KL005,118,0.07236023992300034,0.27595602428605653,,0.0846656380401947,0.16553387930367036,0.20359578436305603
std005,0,KL005,119,0.08019440621137619,0.27692292064415946,,0.08145438413117495,0.1601345953881259,0.1967285144327831
std005,0,KL005,120,0.051091425120830536,0.2778931955813702,,0.11697236504375001,0.19199963126619052,0.2268017704605395
std005,0,KL005,121,0.06544362753629684,0.27886709250655717,,0.10864130865059322,0.1803024114016119,0.21342346497026016
std005,0,KL005,122,0.07130544632673264,0.2798444242055116,,0.10883125220446688,0.17707260196908647,0.2085389778787788
std005,0,KL005,123,0.08300947397947311,0.2808251950050677,,0.10290383473125017,0.16791827712672722,0.19781572102559442
std005,0,KL005,124,0.09128823131322861,0.28180940705630375,,0.10029130587612205,0.16214038207225134,0.19052117574307498
std005,0,KL005,125,0.10076489299535751,0.28279705948177714,,0.09630121308889361,0.1551029628360029,0.18203216648641946
std005,0,KL005,126,0.10506298393011093,0.28378817376630977,,0.0975724793641898,0.1532339723302331,0.17872518983619867
std005,0,KL005,127,0.11683311313390732,0.2847827813350307,,0.09106591344204366,0.1438072075561968,0.16794966820112323
std005,0,KL005,128,0.12360545247793198,0.28578087806162167,,0.0894971455573719,0.13934179338404318,0.1621754255836895
std005,0,KL005,129,0.1354139745235443,0.2867824799861647,,0.08256376619250365,0.12975239353598345,0.15136850546262023
std005,0,KL005,130,0.14344920217990875,0.2877875929563788,,0.07925534308025062,0.12388539504180857,0.14433839077646993
std005,0,KL005,131,0.1586201786994934,0.28879623299851015,,0.06827891679185989,0.11075898595025299,0.1301760542990166
std005,0,KL005,132,0.17118634283542633,0.2898084021689415,,0.05948215668820441,0.10013834157212435,0.11862205933351506
std005,0,KL005,133,0.21217484772205353,0.29082411343847636,,0.02031805347290793,0.060707864007099904,0.07864926571642276
std005,0,KL005,134,0.2184748500585556,0.29184337446043096,,0.015613614049436357,0.05592349520414224,0.07336852440187529
std005,0,KL005,135,0.23156914114952087,0.29286638123505093,,0.0035157580501175467,0.044233421837945416,0.06129724008553
std005,0,KL005,136,0.23556406795978546,0.29389298321789714,,0.00036313740664109485,0.04162152466218587,0.05832891525811162
std005,0,KL005,137,0.23995982110500336,0.29492318707356,,-0.003374221366716646,0.038583269309194555,0.05496336596855664
std005,0,KL005,138,0.23752577602863312,0.295957002266913,,-0.00011659183706044102,0.04241791675066381,0.05843122623827986
std005,0,KL005,139,0.18732570111751556,0.29699444955427334,,0.053595571172914934,0.09454477988801123,0.10966874843675775
std005,0,KL005,140,0.18533934652805328,0.298035213420322,,0.05939602362008861,0.09850394699437097,0.11269586689226867
std005,0,KL005,141,0.18129535019397736,0.2990796361347426,,0.06768178167106549,0.10458852616408001,0.11778428594076516
std005,0,KL005,142,0.18154944479465485,0.3001277165311631,,0.07189496853428294,0.10640027992882234,0.11857827173650817
std005,0,KL005,143,0.17988775670528412,0.3011794785545828,,0.07836300143370596,0.11017278912148086,0.12129172184929861
std005,0,KL005,144,0.18013472855091095,0.3022349297101122,,0.08318007224336137,0.11206293971039759,0.12210020115920114
std005,0,KL005,145,0.18061856925487518,0.3032940877669909,,0.0880200238348693,0.11374049380433575,0.12267551851211562
std005,0,KL005,146,0.18154019117355347,0.3043569660506685,,0.09267353212563986,0.11500044843425694,0.12281677487711491
std005,0,KL005,147,0.18194730579853058,0.30542357771907713,,0.09813412037387358,0.11680056455875193,0.12347627192054644
std005,0,KL005,148,0.18236763775348663,0.30649393474609316,,0.1038898447614503,0.11861333285510567,0.12412629699260644
std005,0,KL005,149,0.1831754893064499,0.3075680504814769,,0.10956337388172063,0.12006088980941,0.1243925611750269
std005,0,KL005,150,0.18454618752002716,0.3086459385455721,,0.11496695342857287,0.12096252778283335,0.12409975102554485
std005,0,KL005,151,0.24834121763706207,0.30972760935084254,,0.05497009994507887,0.058826440788566386,0.06138639171378034
std005,0,KL005,152,0.23499606549739838,0.3108129251221478,,0.07302956492931631,0.07398781740930208,0.0758168596247493
std005,0,KL005,153,0.24044354259967804,0.31190204283190487,,0.07227519948790664,0.07032631261030439,0.07145850023222672
std005,0,KL005,154,0.24329157173633575,0.31299495618815065,,0.0742346791885091,0.06925982819340416,0.06970338445181477
std005,0,KL005,155,0.2459300011396408,0.3140916938320561,,0.07653564633394452,0.0684005881994741,0.06816169269241515
std005,0,KL005,156,0.3749922215938568,0.3151922694002717,,-0.05410174546666678,-0.06016183803334195,-0.05979995219358526
std005,0,KL005,157,0.29831793904304504,0.3162975812317876,,0.024945067461282614,0.017794432713481897,0.017979642188742394
std005,0,KL005,158,0.3039627969264984,0.3174067372994173,,0.02150923247679062,0.013392001987207152,0.013443940372918767
std005,0,KL005,159,0.30635660886764526,0.31851977670892617,,0.02132286192277796,0.012233381288600294,0.012163167841280761
std005,0,KL005,160,0.314574271440506,0.31963670816760154,,0.015004446543699812,0.005184743621995832,0.005062436727095438
std005,0,KL005,161,0.3239312767982483,0.32075755266509365,,0.0071611790960140805,-0.0030818067714528854,-0.0031737241331547313
std005,0,KL005,162,0.33456090092658997,0.32188232552295737,,-0.002428906432461995,-0.01271347069209328,-0.012678575403632639
std005,0,KL005,163,0.3478066623210907,0.3230110422532637,,-0.01527372491975857,-0.02508145214257483,-0.024795620067827068
std005,0,KL005,164,0.36518529057502747,0.32414371559200067,,-0.03314349195780751,-0.04174586721813786,-0.04104157498302685
std005,0,KL005,165,0.38688597083091736,0.3252803556093558,,-0.05650511492214139,-0.06294179306118233,-0.06160561522156158
std005,0,KL005,166,0.3742189407348633,0.3264209553780534,,-0.04492590958652254,-0.04963519681663496,-0.047797985356809916
std005,0,KL005,167,0.3917750120162964,0.3275652619610515,,-0.06455538021977135,-0.06672060471793315,-0.06420975005524487
std005,0,KL005,168,0.4021896421909332,0.32871352889185135,,-0.0777083731265206,-0.0767633993983545,-0.07347611329908188
std005,0,KL005,169,0.4068739414215088,0.3298657708591796,,-0.08553185182116357,-0.08111815609782813,-0.0770081705623292
std005,0,KL005,170,0.3900010585784912,0.3310220321452898,,-0.07108691859054617,-0.06374082059470193,-0.0589790264332014
std005,0,KL005,171,0.37087562680244446,0.33218239788418336,,-0.053519520288746784,-0.043910815437904094,-0.03869322891826109
std005,0,KL005,172,0.37221604585647583,0.33334688463273976,,-0.05657621097124787,-0.04455053427886409,-0.038869161223736015
std005,0,KL005,173,0.3120732605457306,0.3345154462684248,,0.004919046998671109,0.016910006541641067,0.022442185722694276
std005,0,KL005,174,0.3113318383693695,0.33568878195070506,,0.007128850433391567,0.01899533429201121,0.024356943581335628
std005,0,KL005,175,0.3118980824947357,0.3368662204915625,,0.008083875445694798,0.01978559888180415,0.02496813799682689
std005,0,KL005,176,0.3127578794956207,0.3380477741995063,,0.008785761766953849,0.020292118377784895,0.02528989470388569
std005,0,KL005,177,0.3138731122016907,0.33923345780259295,,0.009261459025626232,0.020550563884025527,0.025360345600902372
std005,0,KL005,178,0.3143767714500427,0.34042328697083507,,0.010411812887970818,0.021434223700075805,0.026046515520792422
std005,0,KL005,179,0.32998645305633545,0.3416172717847602,,-0.004272278121342442,0.007073097499888523,0.011630818728424874
std005,0,KL005,180,0.31795188784599304,0.3428154145502486,,0.009373378056388706,0.020494784136753822,0.024863526704255685
std005,0,KL005,181,0.32014599442481995,0.34401779526788495,,0.008765661439360533,0.019684597203930735,0.023871800843065095
std005,0,KL005,182,0.32057300209999084,0.345224407674901,,0.009991934548663518,0.020656091880501586,0.024651405574910235
std005,0,KL005,183,0.3189762830734253,0.3464352438403811,,0.013419080433042397,0.023686513571293654,0.02745896076695594
std005,0,KL005,184,0.31587234139442444,0.34765030916357464,,0.018619889479563237,0.028275053341590122,0.031777967769150296
std005,0,KL005,185,0.322273850440979,0.3488696351752661,,0.014096424885742663,0.023313734263301477,0.02659578473428716
std005,0,KL005,186,0.32823440432548523,0.35009321667042426,,0.009805955460232907,0.018752790245567866,0.021858812344939114
std005,0,KL005,187,0.3336739242076874,0.35132107075731017,,0.005844272944030944,0.014677011799304644,0.01764714654962289
std005,0,KL005,188,0.33642008900642395,0.35255321542955675,,0.004514629823063065,0.013285439415251787,0.016133126423132922
std005,0,KL005,189,0.33563122153282166,0.3537896740852111,,0.006841313137088627,0.015455341334147034,0.018158452552389574
std005,0,KL005,190,0.33587580919265747,0.35503045618970297,,0.008208268414910744,0.01660814617633498,0.019154646997045596
std005,0,KL005,191,0.33592161536216736,0.35627558449692276,,0.009862354761645997,0.01797832926839675,0.020353969134755456
std005,0,KL005,192,0.3231358826160431,0.3575250740039887,,0.025116649339284466,0.03232851296943903,0.03438919138794566
std005,0,KL005,193,0.3231697976589203,0.35877892407933876,,0.027688521653864453,0.03388002815222746,0.0356091264204185
std005,0,KL005,194,0.3229292631149292,0.3600371667243373,,0.030694259907027177,0.03573004746329314,0.037107903609408105
std005,0,KL005,195,0.3225451409816742,0.36129981713345033,,0.03401953742568188,0.03774948719461245,0.03875467615177615
std005,0,KL005,196,0.3220076560974121,0.3625668914243628,,0.03769211135942365,0.039950024671450264,0.040559235326950695
std005,0,KL005,197,0.321329802274704,0.3638384055733938,,0.04171729853151278,0.042320462740124486,0.042508603298689815
std005,0,KL005,198,0.3668929636478424,0.3651143756350566,,-0.002708068763424067,-0.001987260375251481,-0.001778588012785794
std005,0,KL005,199,0.36681291460990906,0.3663945811455249,,-0.0014221798909182213,-0.0006340777430267636,-0.0004183334643841313
std005,0,KL005,200,0.3654843270778656,0.3676792731850322,,0.0012500867784126213,0.0019984302135866456,0.0021949461071665965
std005,0,KL005,201,0.3646892011165619,0.368968469201434,,0.0035064191493234444,0.004123296612066263,0.004279268084872125
std005,0,KL005,202,0.3630138337612152,0.3702621867771859,,0.00681346968422483,0.007163469753441473,0.007248353015970731
std005,0,KL005,203,0.3622495234012604,0.3715604411432576,,0.009341590191174582,0.009318926331852707,0.009310917741997238
std005,0,KL005,204,0.3690122663974762,0.37286325079154625,,0.004086067697132407,0.003898001054682512,0.0038509843940700388
std005,0,KL005,205,0.3788887858390808,0.37417064624875324,,-0.004718139590327575,-0.004718139590327575,-0.004718139590327575
std005,0,KL006,0,-0.37088721990585327,-0.6030380247291002,570,0.19799922465247524,0.13976980168807412,-0.23215080482324746
std005,0,KL006,1,-0.3495572507381439,-0.6051493575917815,565,0.18533164935018548,0.1188198199520284,-0.25559210685363815
std005,0,KL006,2,-0.32813337445259094,-0.6072665182385961,560,0.1719321108169331,0.09756629708410738,-0.27913314378600584
std005,0,KL006,3,-0.3172909915447235,-0.6093895195050992,555,0.1689970030732026,0.08678866556884607,-0.29209852796037644
std005,0,KL006,4,-0.288053423166275,-0.6115191822185438,550,0.14657404419100273,0.057322187727021585,-0.32346575905226965
std005,0,KL006,5,-0.22880657017230988,-0.6136560665984347,545,0.09140759519765941,-0.002754907558489051,-0.3848494964261257
std005,0,KL006,6,-0.2053438425064087,-0.6158004146426689,540,0.07102022317937913,-0.02729617569592232,-0.41045657213626097
std005,0,KL006,7,-0.20488327741622925,-0.6179522442192642,535,0.07378401016448313,-0.028854612822880307,-0.41306896680303573
std005,0,KL006,8,-0.2097410410642624,-0.6201115748928183,530,0.08230343279500514,-0.02506058925423437,-0.4103705338285567
std005,0,KL006,9,-0.2403796911239624,-0.6222784475209664,525,0.11842255117666844,0.004809316520297563,-0.38189875639700477
std005,0,KL006,10,-0.21344000101089478,-0.6244525423386905,520,0.09585449906985699,-0.023181348000732606,-0.4110125413277965
std005,0,KL006,11,-0.22377744317054749,-0.6266342852389191,515,0.11135383253041845,-0.013804827982313316,-0.4028568420683723
std005,0,KL006,12,-0.2152000069618225,-0.6288237112759343,510,0.10777751918071485,-0.02344297345576072,-0.41362370431411244
std005,0,KL006,13,-0.1930638551712036,-0.6310208192332529,505,0.08975908037616404,-0.04687791104996378,-0.43795696406205
std005,0,KL006,14,-0.18468250334262848,-0.6332256594139165,500,0.08528619045774646,-0.05666045887474136,-0.4485431560712888
std005,0,KL006,15,-0.17263738811016083,-0.6354382551993074,495,0.07673567534383387,-0.07024758115120518,-0.46280086708914736
std005,0,KL006,16,-0.16418102383613586,-0.6376586595605295,490,0.07152559527774219,-0.08035246025125369,-0.47347763572439444
std005,0,KL006,17,-0.13116295635700226,-0.6398868716565216,485,0.04019881946885964,-0.11537507264909723,-0.5087239152995202
std005,0,KL006,18,-0.12203482538461685,-0.6421231485267067,480,0.03237653414310099,-0.1266275544554071,-0.5200883231420906
std005,0,KL006,19,-0.20782843232154846,-0.644367174054651,475,0.12406507591968613,-0.0421205851547169,-0.43653874173310336
std005,0,KL006,20,-0.20342501997947693,-0.6466193993635786,470,0.12565648614527358,-0.04787300464755055,-0.44319437938410244
std005,0,KL006,21,-0.1915140300989151,-0.6488794749019775,465,0.11945109474366966,-0.061271673937829146,-0.4573654448030632
std005,0,KL006,22,-0.17898784577846527,-0.6511474697427987,460,0.11229257337450137,-0.07543235751228257,-0.4721596239643342
std005,0,KL006,23,-0.17260028421878815,-0.6534233943203781,455,0.11123881042610684,-0.08354121703884891,-0.4808231101015908
std005,0,KL006,24,-0.16314338147640228,-0.6557072796225037,450,0.10691838707852368,-0.09483840709235959,-0.49256389814610235
std005,0,KL006,25,-0.15345817804336548,-0.6579991900894083,445,0.10214917655740083,-0.10648685319962652,-0.5045410120460438
std005,0,KL006,26,-0.14334076642990112,-0.6602991245105295,440,0.09669213670248052,-0.11869647609606646,-0.5169583580806294
std005,0,KL006,27,-0.1342993974685669,-0.6626071065076815,435,0.09209776037887722,-0.12994991044702822,-0.5283077090391157
std005,0,KL006,28,-0.12543664872646332,-0.6649231862092394,430,0.08746598567288776,-0.14114443142375988,-0.5394865374827773
std005,0,KL006,29,-0.12794212996959686,-0.667248004128319,425,0.09457193977186135,-0.1409778497994682,-0.5393058741587232
std005,0,KL006,30,-0.08697707206010818,-0.6695809190516169,420,0.05631044769587235,-0.1847274496696742,-0.5826038469915098
std005,0,KL006,31,-0.08024612814188004,-0.6719219579595693,415,0.05208112619211521,-0.19434885599112017,-0.5916758298176903
std005,0,KL006,32,-0.0675138309597969,-0.6742711932826925,410,0.04132122762415892,-0.21013964493135048,-0.6067573623228966
std005,0,KL006,33,-0.04554111510515213,-0.6766286508569193,405,0.020275546039442552,-0.23543450849819827,-0.6310875357517681
std005,0,KL006,34,-0.04248414188623428,-0.6789945850065465,400,0.018036696103071213,-0.24189004138028003,-0.6365104431203132
std005,0,KL006,35,-0.025144733488559723,-0.681368801220555,395,0.0006488950576330615,-0.262849504210072,-0.6562240677319963
std005,0,KL006,36,-0.05932457000017166,-0.6837513138308593,390,0.03657657569429351,-0.23199382687685022,-0.6244267438306886
std005,0,KL006,37,-0.0274893119931221,-0.6861421859671433,385,0.004912047681613494,-0.2675201662899053,-0.6586528739740222
std005,0,KL006,38,-0.027129121124744415,-0.6885413952787279,380,0.004713286839983932,-0.27162538353872895,-0.6614122741539845
std005,0,KL006,39,-0.0350533202290535,-0.690949000764988,375,0.013225081400768491,-0.2674172409896746,-0.6558956805359355
std005,0,KL006,40,-0.024713464081287384,-0.6933650610062931,370,0.00296169090751215,-0.2816283035775923,-0.6686515969250069
std005,0,KL006,41,-0.007227876223623753,-0.6957895563353738,365,-0.015363387058808983,-0.3032144933500194,-0.688561680111751
std005,0,KL006,42,0.0008063532877713442,-0.6982225337402335,360,-0.02470722728126434,-0.31548639858652044,-0.6990288870280057
std005,0,KL006,43,0.008317164145410061,-0.7006640076207242,355,-0.0339966820521693,-0.3273685261579207,-0.7089811717661352
std005,0,KL006,44,0.0160423144698143,-0.7031140044441276,350,-0.04400720287395214,-0.3396026187793848,-0.7191563189139428
std005,0,KL006,45,0.0019109167624264956,-0.7055725357566649,345,-0.03154607705005982,-0.3298988744745187,-0.7074834525190923
std005,0,KL006,46,0.007875732146203518,-0.7080395304481419,340,-0.039589012598553436,-0.3404118355903388,-0.7159152625943465
std005,0,KL006,47,0.016221903264522552,-0.7105151586435745,335,-0.05056960445366704,-0.35345248429414067,-0.726737061908098
std005,0,KL006,48,0.0627962276339531,-0.7129994512386096,330,-0.10237798958781924,-0.4052557577077826,-0.7757956788725637
std005,0,KL006,49,0.10026367753744125,-0.715492363301135,325,-0.14734616292980451,-0.4484018537119367,-0.8157560408385772
std005,0,KL006,50,0.11484795063734055,-0.7179932535241458,320,-0.17062039544448498,-0.4688887824208516,-0.8328412041614873
std005,0,KL006,51,0.1176612451672554,-0.7205030141330496,315,-0.18276124741234073,-0.47771377182337127,-0.8381642593003061
std005,0,KL006,52,0.14830346405506134,-0.7230215114604399,310,-0.22486903793494564,-0.5147591459957881,-0.8713249755155024
std005,0,KL006,53,0.15395820140838623,-0.7255487067082039,305,-0.24293256987902315,-0.5269613697166659,-0.8795069081165913
std005,0,KL006,54,0.15421412885189056,-0.7280847408203404,300,-0.2563096053446445,-0.5338566614615187,-0.882298869672232
std005,0,KL006,55,0.05120684951543808,-0.7306296279601048,295,-0.16174094146673385,-0.4365387979199173,-0.7818364774755439
std005,0,KL006,56,-0.02237296849489212,-0.7331830366759686,290,-0.09320196173875138,-0.3679823706951201,-0.7108100681810775
std005,0,KL006,57,-0.025677390396595,-0.7357451768103246,285,-0.09504813349214614,-0.3697362641668333,-0.7100677864137306
std005,0,KL006,58,-0.016330011188983917,-0.7383163212083216,280,-0.11032818239430295,-0.3843054003830257,-0.7219863100193387
std005,0,KL006,59,-0.02311701327562332,-0.7408961163903091,275,-0.1094503891140758,-0.3827424638450695,-0.7177791031146867
std005,0,KL006,60,-0.020945943892002106,-0.7434849549365782,270,-0.11797774388720872,-0.3902307903060292,-0.7225390110445771
std005,0,KL006,61,-0.01940447837114334,-0.7460828875936037,265,-0.12631463364129822,-0.3971776351989999,-0.7266784092224613
std005,0,KL006,62,-0.01883060485124588,-0.7486899861679668,260,-0.13409691857924586,-0.40323647907834714,-0.7298593813167218
std005,0,KL006,63,-0.01646266132593155,-0.7513062837895553,255,-0.14420394584836416,-0.41118819252888594,-0.7348436224636247
std005,0,KL006,64,-0.014189728535711765,-0.7539318530804524,250,-0.15477156399340936,-0.4191441235469494,-0.7397421245447415
std005,0,KL006,65,-0.015587070025503635,-0.7565667145317024,245,-0.16206261585774767,-0.4234932764846902,-0.7409796445061997
std005,0,KL006,66,-0.12129046767950058,-0.7592109152631401,240,-0.0599737159930091,-0.32254715373908704,-0.6379204475836404
std005,0,KL006,67,-0.11385389417409897,-0.7618646714879125,235,-0.07162005965622936,-0.3348813028509233,-0.6480107773138143
std005,0,KL006,68,-0.04901199787855148,-0.7645278795389912,230,-0.144321712483111,-0.40534270238853914,-0.7155158816604403
std005,0,KL006,69,-0.047160036861896515,-0.7672008285356282,225,-0.1545739924556535,-0.41290993811121096,-0.7200407916737323
std005,0,KL006,70,-0.02201489359140396,-0.7698835341765523,220,-0.18991639900756216,-0.44410269994212764,-0.7478686405851489
std005,0,KL006,71,-0.037000127136707306,-0.7725763788680938,215,-0.18491481798075932,-0.435096956434105,-0.7355762517313872
std005,0,KL006,72,-0.03824130445718765,-0.7752802258803185,210,-0.19415589460173913,-0.43990587630045075,-0.7370389214231315
std005,0,KL006,73,-0.06176302582025528,-0.777994536960723,205,-0.18046984233864766,-0.42228018373822906,-0.7162315111404683
std005,0,KL006,74,-0.08600621670484543,-0.7807177524530757,200,-0.1653396677980143,-0.4037679517349453,-0.6947115357482309
std005,0,KL006,75,-0.12832869589328766,-0.7834504047447284,195,-0.13041583865073597,-0.36682699710431893,-0.6551217088514413
std005,0,KL006,76,-0.15862621366977692,-0.7861926874588614,190,-0.10633911364324401,-0.34167842965739126,-0.627566473789085
std005,0,KL006,77,-0.18118689954280853,-0.7889445488521536,185,-0.08916213833168263,-0.324109011002287,-0.6077576493093455
std005,0,KL006,78,-0.30784866213798523,-0.7917060186282923,180,0.03847914827047115,-0.20122715176540376,-0.4838573564903076
std005,0,KL006,79,-0.3174406886100769,-0.7944771797075071,175,0.049610692203067575,-0.19536971392739524,-0.4770364910974307
std005,0,KL006,80,-0.32837799191474915,-0.7972580219091981,170,0.06274989561750176,-0.18810743319490372,-0.4688800299944495
std005,0,KL006,81,-0.33735188841819763,-0.8000485961868264,165,0.07452202497670987,-0.18276803030784533,-0.46269670776862926
std005,0,KL006,82,-0.34958842396736145,-0.8028489273667272,160,0.09035843904495477,-0.17409194128142055,-0.45326050339936613
std005,0,KL006,83,-0.3571353852748871,-0.8056590368604956,155,0.10210526676933028,-0.1700777259218081,-0.44852365158560886
std005,0,KL006,84,-0.36353209614753723,-0.808478968554766,150,0.11327507349714025,-0.1671973109960307,-0.44494687240722913
std005,0,KL006,85,-0.347810834646225,-0.811308753237368,145,0.10176832143753842,-0.18664160426131698,-0.46349791859114337
std005,0,KL006,86,-0.28349921107292175,-0.8141484543079179,140,0.038523743569968114,-0.2553766562333807,-0.5306492432349965
std005,0,KL006,87,-0.26930394768714905,-0.8169981483175773,135,0.024708456938623953,-0.2741991145472279,-0.5476942006304286
std005,0,KL006,88,-0.21547488868236542,-0.8198572256832929,130,-0.03155170053686052,-0.3332616046815135,-0.6043823370009278
std005,0,KL006,89,-0.22600841522216797,-0.8227266971833335,125,-0.02303219161907706,-0.32792687528723724,-0.5967182819611657
std005,0,KL006,90,-0.12186408787965775,-0.8256061951367393,120,-0.13478521699723336,-0.438392847357072,-0.7037421072570816
std005,0,KL006,91,-0.1276826709508896,-0.8284959289351337,115,-0.13669776521954843,-0.43892351197486235,-0.7008132579842442
std005,0,KL006,92,-0.12940052151679993,-0.8313957737793597,110,-0.1430560335232745,-0.44362414782310045,-0.7019952522625599
std005,0,KL006,93,-0.1253034770488739,-0.8343057845235782,105,-0.15589968160855272,-0.45426861779514427,-0.7090023074747044
std005,0,KL006,94,-0.12127087265253067,-0.8372259656709296,100,-0.16938371156834903,-0.4649786631962529,-0.715955093018399
std005,0,KL006,95,-0.11715488880872726,-0.8401563714382474,95,-0.18370004627086206,-0.47590473796493726,-0.7230014826295201
std005,0,KL006,96,-0.11414796859025955,-0.8430970320249224,90,-0.19764004423892173,-0.48584500005033937,-0.7289490634346628
std005,0,KL006,97,-0.11445983499288559,-0.8460479860710697,85,-0.20886057934557195,-0.492557887259823,-0.731588151078184
std005,0,KL006,98,-0.11547674983739853,-0.8490092604652228,80,-0.2199720260623183,-0.49865125367250357,-0.7335325106278241
std005,0,KL006,99,-0.11600296944379807,-0.8519808919073452,75,-0.2322295190248232,-0.5053269666425511,-0.735977922463547
std005,0,KL006,100,-0.0948137566447258,-0.8549628996681948,70,-0.26803760418795974,-0.5340303440887988,-0.7601491430234688
std005,0,KL006,101,-0.10359730571508408,-0.8579554955733915,65,-0.2742341139430017,-0.5327748727050321,-0.754358189858307
std005,0,KL006,102,-0.110118068754673,-0.8609585407501419,60,-0.283193846890815,-0.5338189688435285,-0.7508404719954684
std005,0,KL006,103,-0.16786308586597443,-0.8639720935706894,55,-0.2387619569592038,-0.4831586993799173,-0.6961090077047145
std005,0,KL006,104,-0.19395247101783752,-0.8669964814181882,50,-0.22536265625854526,-0.46398744890450205,-0.6730440104003502
std005,0,KL006,105,-0.2018352895975113,-0.8700314359071181,45,-0.23046970766316716,-0.46303747467099465,-0.6681961463096062
std005,0,KL006,106,-0.2084450125694275,-0.8730770062574948,40,-0.23723354192637242,-0.4633883782290895,-0.6646319936880669
std005,0,KL006,107,-0.21540889143943787,-0.8761332290428926,35,-0.24402987627428516,-0.4634097090660426,-0.6607243376034543
std005,0,KL006,108,-0.22440941631793976,-0.8792001420181587,30,-0.2490908055242145,-0.461398740643746,-0.6547907257002185
std005,0,KL006,109,-0.18973493576049805,-0.8822777788476424,25,-0.3004436274394126,-0.503508341538232,-0.6925428430871439
std005,0,KL006,110,-0.1967666894197464,-0.8853661369876196,20,-0.3106593776185721,-0.5039420340461819,-0.6885994475678727
std005,0,KL006,111,-0.20479589700698853,-0.8884653012443694,15,-0.32042644359257305,-0.5033989845319631,-0.6836694042373805
std005,0,KL006,112,-0.2087538093328476,-0.8915753032046908,10,-0.33505875321775735,-0.5069893425546691,-0.6828214938718429
std005,0,KL006,113,-0.21872594952583313,-0.8946961888687831,5,-0.3441989684829797,-0.5045676905396205,-0.6759702393429496
std005,0,KL006,114,-0.22551631927490234,-0.8978279849422216,0,-0.3572399437012533,-0.5053621846010194,-0.6723116656673189
std005,0,KL006,115,-0.2544078230857849,-0.8819905066622382,0,-0.3277968680002975,-0.4646952029296488,-0.627582683576453
std005,0,KL006,116,-0.2577638030052185,-0.8376273478956346,0,-0.2937130005423748,-0.4206114595205404,-0.5798635448904158
std005,0,KL006,117,-0.28612932562828064,-0.7931087039339263,0,-0.23139603150880453,-0.3506760719042473,-0.5069793783056453
std005,0,KL006,118,-0.2887776792049408,-0.7484339970251909,0,-0.19274462312349067,-0.3058640015094737,-0.45965631782024974
std005,0,KL006,119,-0.29233548045158386,-0.7036027339051572,0,-0.15096880328909026,-0.2595313991266994,-0.41126725345357296
std005,0,KL006,120,-0.29841622710227966,-0.6586143630722368,0,-0.10419753833950446,-0.21003094443791204,-0.36019813596995676
std005,0,KL006,121,-0.42222708463668823,-0.6134683265965131,0,0.06911191725458952,-0.040957474750225625,-0.1912412419598245
std005,0,KL006,122,-0.4252453148365021,-0.568163775157477,0,0.12457569996209808,0.007971581583194692,-0.14291846032097455
std005,0,KL006,123,-0.42156925797462463,-0.5227004745315097,0,0.17610545282149156,0.05079546310058004,-0.10113121655688485
std005,0,KL006,124,-0.43386492133140564,-0.4770778555000562,0,0.24736327065077895,0.1103495563084047,-0.043212934168650366
std005,0,KL006,125,-0.4243272840976715,-0.43129533245804486,0,0.2996065967935581,0.14861867562477277,-0.006968048360373166
std005,0,KL006,126,-0.4138251841068268,-0.3853523761032605,0,0.3538122299098173,0.18646936482564747,0.02847280800356647
std005,0,KL006,127,-0.17280937731266022,-0.37720886976477025,140,0.1285050969088365,-0.046312477732730103,-0.20439949245210984
std005,0,KL006,128,-0.1346716433763504,-0.37852639928565046,135,0.09496447644585335,-0.086074587446621,-0.24385475590929992
std005,0,KL006,129,-0.11944153904914856,-0.37984861078465293,130,0.08378874032185167,-0.10310513007270661,-0.2604070717355042
std005,0,KL006,130,-0.09878449887037277,-0.3811754447307574,125,0.0663272075267306,-0.12579581342491636,-0.2823909458603845
std005,0,KL006,131,-0.08223975449800491,-0.3825069221531226,120,0.0522871704241385,-0.14456905333896453,-0.3002671676551176
std005,0,KL006,132,-0.07210557907819748,-0.38384303456329644,115,0.04426542089638047,-0.15706445625739057,-0.3117374554850989
std005,0,KL006,133,-0.05870267003774643,-0.38518372377846327,110,0.03238860290853233,-0.17299607757615693,-0.32648105374071684
std005,0,KL006,134,0.02942546457052231,-0.38652908541866837,105,-0.05876578810064802,-0.2645775744087458,-0.4159545499891907
std005,0,KL006,135,0.026884309947490692,-0.38787994731928016,100,-0.05928841072919662,-0.2655120125891601,-0.41476425726677085
std005,0,KL006,136,0.04239680618047714,-0.38923549773195865,95,-0.07885363562189632,-0.28470415612906436,-0.4316323039124358
std005,0,KL006,137,0.05562841147184372,-0.3905957851409606,90,-0.09706260533126766,-0.3017992396462677,-0.4462241966128043
std005,0,KL006,138,0.09257497638463974,-0.3919608057438698,85,-0.14121137997287703,-0.3430351456289267,-0.48453578212850956
std005,0,KL006,139,0.1357664316892624,-0.39332986009110243,80,-0.19428311777484197,-0.3910099701219367,-0.5290962917803649
std005,0,KL006,140,0.029590927064418793,-0.3947036961429111,75,-0.09295615031515957,-0.2886105854978177,-0.4242946232073299
std005,0,KL006,141,0.04089608043432236,-0.39608227423088627,70,-0.10997784200409674,-0.3038574869556144,-0.4369783546652086
std005,0,KL006,142,0.048210375010967255,-0.397465688772837,65,-0.1237155983612319,-0.315241183785633,-0.44567606378380425
std005,0,KL006,143,0.05585167557001114,-0.39885395484815067,60,-0.13854430679262328,-0.32708458319298883,-0.4547056304181618
std005,0,KL006,144,0.06278038769960403,-0.4002470918060216,55,-0.15342989596076778,-0.33834270528077653,-0.46302747950562556
std005,0,KL006,145,0.06953077763319016,-0.4016451159848571,50,-0.1689405822664646,-0.3495497508574176,-0.47117589361804724
std005,0,KL006,146,0.0762358233332634,-0.4030480483967625,45,-0.18525220960411454,-0.36083997944280016,-0.4792838717300259
std005,0,KL006,147,0.08290626853704453,-0.4044559031003274,40,-0.20242135990435628,-0.3722255352366745,-0.48736217163737194
std005,0,KL006,148,0.0875299796462059,-0.40586870330995845,35,-0.218378427175473,-0.3816753888225268,-0.49339868295616435
std005,0,KL006,149,0.08985769003629684,-0.40728646353141557,30,-0.23280030702005738,-0.3889185932921631,-0.4971441535677124
std005,0,KL006,150,0.0916982963681221,-0.4087091930898652,25,-0.24751309938156896,-0.3957603356991611,-0.5004074894579873
std005,0,KL006,151,0.09572374075651169,-0.41013692287154785,20,-0.2653475697359352,-0.40489580901161654,-0.5058606636280596
std005,0,KL006,152,0.1081535741686821,-0.4115697373691083,15,-0.2930184384053687,-0.4226310099812215,-0.5197233115377904
std005,0,KL006,153,0.11605647951364517,-0.41300863451700354,10,-0.317437811038734,-0.4359925494412077,-0.5290651140306487
std005,0,KL006,154,0.11615335196256638,-0.41445285172217305,5,-0.33498674582253635,-0.44162377250340257,-0.5306062036847394
std005,0,KL006,155,0.10214673727750778,-0.4159020402099111,0,-0.33867780545051557,-0.43308542712326675,-0.5180487774874188
std005,0,KL006,156,0.0743124857544899,-0.3793974653296462,0,-0.2881163215394134,-0.37217061533060186,-0.4537099510841361
std005,0,KL006,157,0.09725543111562729,-0.33327573392737514,0,-0.2782708783920616,-0.3522284188752395,-0.43053116504300243
std005,0,KL006,158,0.10297628492116928,-0.2869923273347437,0,-0.24965772786130083,-0.31453688053716106,-0.389968612255913
std005,0,KL006,159,0.11058437079191208,-0.24054676658182858,0,-0.2213985649787993,-0.2782172834910943,-0.3511311373737407
std005,0,KL006,160,0.11638947576284409,-0.19393847105572593,0,-0.18962191798411893,-0.2395541616032955,-0.31032794681857
std005,0,KL006,161,0.12237489968538284,-0.14716687764092595,0,-0.15622402424530485,-0.20052527015988802,-0.2695417773263088
std005,0,KL006,162,0.12857559323310852,-0.10023141331010807,0,-0.12114969976763208,-0.1611602846584983,-0.22880700654321656
std005,0,KL006,163,0.13501231372356415,-0.053131503443845735,0,-0.08432558376611471,-0.12147482537616,-0.18814381716740985
std005,0,KL006,164,0.146895170211792,-0.005866570700812208,0,-0.05113658200528822,-0.08672642090578751,-0.15276174091260417
std005,0,KL006,165,0.16102448105812073,0.04156396120168486,0,-0.018399253009122866,-0.05373113905200782,-0.11946051985643584
std005,0,KL006,166,0.15302757918834686,0.08916073140180128,0,0.039524751480447956,0.0021139729971703866,-0.06386684778654554
std005,0,KL006,167,0.1489928811788559,0.13692430110543105,0,0.09651081997311671,0.0546903251979772,-0.01206858007342481
std005,0,KL006,168,0.16903774440288544,0.18485525155434482,0,0.13134457243092698,0.08364678776072339,0.015817507151459395
std005,0,KL006,169,0.18231426179409027,0.23295415282083728,0,0.17533866936641684,0.11990588832224444,0.05063989102674703
std005,0,KL006,170,0.19112476706504822,0.2812215952226899,0,0.22656054906187587,0.16121769411373377,0.09009682815764174
std005,0,KL006,171,0.4130195379257202,0.3011878262591565,,0.026431732561420614,-0.04087035855420511,-0.11183171166656365
std005,0,KL006,172,0.4203905165195465,0.3022440369559153,,0.02168569175381908,-0.04741060061096007,-0.1181464795636312
std005,0,KL006,173,0.4417097270488739,0.3033039268261188,,0.0020171684697234964,-0.06810311053731671,-0.1384058002227551
std005,0,KL006,174,0.44896796345710754,0.30436797971709245,,-0.0038789537698111186,-0.07479895960552448,-0.1445999837400151
std005,0,KL006,175,0.45522186160087585,0.30543575785874305,,-0.009023179441355585,-0.08054597301042116,-0.14978610374213278
std005,0,KL006,176,0.46095314621925354,0.30650725787979893,,-0.013883962050717898,-0.08582137022083335,-0.15444588833945455
std005,0,KL006,177,0.46610310673713684,0.3075824961399645,,-0.01838546154481359,-0.09056126096045346,-0.1585206105971723
std005,0,KL006,178,0.4695045053958893,0.30866148891335204,,-0.021280912543268173,-0.09358136698142372,-0.1608430164825372
std005,0,KL006,179,0.4733547866344452,0.3097436908991394,,-0.024799999049365754,-0.09708462351183762,-0.16361109573530574
std005,0,KL006,180,0.4701940715312958,0.3108296835642454,,-0.021123084141343163,-0.09354022492314394,-0.15936438796705032
std005,0,KL006,181,0.4680883586406708,0.3119194879228994,,-0.018361265226355023,-0.09102431851508501,-0.1561688707177713
std005,0,KL006,182,0.4695642292499542,0.31301310821000766,,-0.019221758103354986,-0.09209931079741801,-0.15655112103994653
std005,0,KL006,183,0.4720693528652191,0.31411054175845343,,-0.021208714177851407,-0.09422341103119107,-0.15795881110676568
std005,0,KL006,184,0.4712086617946625,0.3152117794054107,,-0.019755416179583415,-0.09296784697231564,-0.15599688238925177
std005,0,KL006,185,0.47404661774635315,0.3163168273873884,,-0.022116806507002564,-0.0954342586526516,-0.15772979035896467
std005,0,KL006,186,0.4763760268688202,0.3174257764504594,,-0.024065379634442687,-0.09741055541430639,-0.15895025041836072
std005,0,KL006,187,0.4777584373950958,0.31853862971900726,,-0.025118244331548644,-0.09844898191283319,-0.15921980767608848
std005,0,KL006,188,0.47810909152030945,0.319655395122138,,-0.025139234527338666,-0.0984544888819024,-0.15845369639817136
std005,0,KL006,189,0.47898492217063904,0.3207760740138034,,-0.02571293036977262,-0.0989893106738382,-0.1582088481568355
std005,0,KL006,190,0.478508323431015,0.3219006556393499,,-0.02489212163717345,-0.09816226163144162,-0.156607667791665
std005,0,KL006,191,0.4778260588645935,0.3230291686134111,,-0.023810361984808636,-0.09711788401112056,-0.15479689025118232
std005,0,KL006,192,0.47690871357917786,0.3241616266352754,,-0.022422750287537895,-0.09582422936209126,-0.1527470869439023
std005,0,KL006,193,0.47573617100715637,0.32529804381144367,,-0.020691752419175546,-0.09425840943950163,-0.15043812719571256
std005,0,KL006,194,0.4742877781391144,0.3264384344272429,,-0.018577229722451082,-0.09239675300359496,-0.14784934371187133
std005,0,KL006,195,0.4727054536342621,0.32758281256248334,,-0.016207987454005493,-0.09037955309403808,-0.14512264107177858
std005,0,KL006,196,0.47310465574264526,0.32873119306845244,,-0.015796971065482668,-0.09034198770332605,-0.14437346267419268
std005,0,KL006,197,0.473481684923172,0.3298835953561365,,-0.015337996056889425,-0.09028010207087377,-0.14359808956703535
std005,0,KL006,198,0.47387394309043884,0.3310400334381091,,-0.01486781370760438,-0.09023142272930629,-0.14283390965232956
std005,0,KL006,199,0.47415855526924133,0.332200521408931,,-0.014256394625011541,-0.09007195982666988,-0.1419580338603101
std005,0,KL006,200,0.4745338559150696,0.33336507557101264,,-0.013704952295659949,-0.09000091893267163,-0.14116878034405675
std005,0,KL006,201,0.47498056292533875,0.33453370791169845,,-0.013196235549134488,-0.08999971058872225,-0.14044685501364013
std005,0,KL006,202,0.4713084101676941,0.3357064365151726,,-0.008321576870575638,-0.08583643871771376,-0.13560197365252127
std005,0,KL006,203,0.4710266888141632,0.33688336245478384,,-0.006754704298701942,-0.08505396437011475,-0.13414332635937917
std005,0,KL006,204,0.4714190661907196,0.33806441575359086,,-0.0058101986178218995,-0.08494271808105529,-0.13335465043712852
std005,0,KL006,205,0.47177550196647644,0.33924960830966766,,-0.00477321700763865,-0.0847922599058503,-0.13252589365680859
std005,0,KL006,206,0.39258626103401184,0.34043895505234545,,0.08005577465099681,-0.004289318015265543,-0.052147305981666205
std005,0,KL006,207,0.39466407895088196,0.3416321136461144,,0.08382560394195158,-0.005056862863562991,-0.053031965304767385
std005,0,KL006,208,0.39598384499549866,0.34282945537577897,,0.08861336449935683,-0.005061811852096231,-0.05315438961971952
std005,0,KL006,209,0.3968052566051483,0.3440309842456736,,0.09420021319664265,-0.004558777314214089,-0.05277427235947455
std005,0,KL006,210,0.39755281805992126,0.34523672027628016,,0.1001824754828757,-0.003971380822674783,-0.05231609778364095
std005,0,KL006,211,0.3982795178890228,0.3464466784044922,,0.10652637138824027,-0.0033522566025391,-0.051832839484530435
std005,0,KL006,212,0.4872949421405792,0.34766087347735586,,0.020294732145728498,-0.09190264772932874,-0.13963406866322323
std005,0,KL006,213,0.48730382323265076,0.3488797128048759,,0.02322636124531588,-0.09143984833482258,-0.13842411042777472
std005,0,KL006,214,0.48758822679519653,0.35010282513193713,,0.026033110674093786,-0.09124900787502697,-0.13748540166325926
std005,0,KL006,215,0.4887746274471283,0.35133022721206597,,0.028049518322941426,-0.09196566164340278,-0.13744440023506221
std005,0,KL006,216,0.4899996519088745,0.35256192982210327,,0.030143208561338185,-0.09272690577816238,-0.1374377220867711
std005,0,KL006,217,0.4912388026714325,0.353797948108278,,0.03234446331071089,-0.09350846676605523,-0.13744085456315436
std005,0,KL006,218,0.6920118927955627,0.3550382974654783,,-0.17536146288739193,-0.29584573616844545,-0.3369735953300843
std005,0,KL006,219,0.6948109269142151,0.3562826885894741,,-0.18563142640327632,-0.3002588654988099,-0.3385282383247409
std005,0,KL006,220,0.6961031556129456,0.3575314283531455,,-0.1948833694391194,-0.3032002702793834,-0.33857172725979995
std005,0,KL006,221,0.6973499059677124,0.3587845446881808,,-0.20460374035706283,-0.30613128389448485,-0.3385653612795315
std005,0,KL006,222,0.6985964179039001,0.36004205382595306,,-0.21486670866111865,-0.30909762155020454,-0.33855436407794703
std005,0,KL006,223,0.6998462080955505,0.3613039716733995,,-0.22570653540012592,-0.31210331759131604,-0.3385422364221509
std005,0,KL006,224,0.7011018991470337,0.3625703143375439,,-0.23715845694866788,-0.31515154569917886,-0.33853158480948975
std005,0,KL006,225,0.7023731470108032,0.3638410982756445,,-0.24926708772761458,-0.3182526176581234,-0.3385320487351587
std005,0,KL006,226,0.7037203907966614,0.36511634062440135,,-0.2621329745187224,-0.32146824722348316,-0.33860405017226003
std005,0,KL006,227,0.6646627187728882,0.36639606033535754,,-0.23318699596752604,-0.28390991482462025,-0.2982666584375307
std005,0,KL006,228,0.6096205711364746,0.3676805857868001,,-0.1859287358843936,-0.2298312516089991,-0.24193998534967465
std005,0,KL006,229,0.6325446367263794,0.36896967849016565,,-0.2182815353284134,-0.2539634326748738,-0.2635749582362138
std005,0,KL006,230,0.6247738599777222,0.3702631142360685,,-0.22006171090692161,-0.24733893299135562,-0.2545107457416538
std005,0,KL006,231,0.6168943047523499,0.37156112820761633,,-0.22185625306956755,-0.24054165197363003,-0.24533317654473355
std005,0,KL006,232,0.614915132522583,0.3728637388217783,,-0.22999180276038628,-0.23963947551272102,-0.2420513937008047
std005,0,KL006,233,0.6162078380584717,0.3741709399974956,,-0.24203689806097606,-0.24203689806097606,-0.24203689806097606
std005,0,KL007,0,-0.03424493223428726,0.11412884741232744,125,0.05375070354575475,0.14210001018857102,0.1483737796466145
std005,0,KL007,1,-0.031392551958560944,0.11452937704961964,120,0.05364980627759308,0.1410365431732373,0.14592192900818038
std005,0,KL007,2,-0.02160794287919998,0.11493140413978249,115,0.04625676266417854,0.13296650903454418,0.13653934701898227
std005,0,KL007,3,-0.02409956604242325,0.1153349310025647,110,0.05140587769056072,0.13722135422104847,0.13943449704498775
std005,0,KL007,4,-0.02921045571565628,0.11573997781293081,105,0.05959303437033171,0.14417124886274757,0.1449504335285869
std005,0,KL007,5,-0.01916567236185074,0.11614654283175689,100,0.05226920404065105,0.13588919237217664,0.13531221519360742
std005,0,KL007,6,-0.011647799052298069,0.11655471920724263,95,0.04723004629433328,0.13008234043441852,0.1282025182595405
std005,0,KL007,7,0.010197869502007961,0.11696450723194617,90,0.026853112967136765,0.10975055187716823,0.106766637729938
std005,0,KL007,8,0.019125722348690033,0.11737582290658077,85,0.019006923842529617,0.10226714104706398,0.09825010055789053
std005,0,KL007,9,0.028517983853816986,0.11778858856097717,80,0.010262924830086633,0.0942441615746111,0.08927060470715997
std005,0,KL007,10,0.042889051139354706,0.11820281144578768,75,-0.004179730366814112,0.08111590236790786,0.07531376030643278
std005,0,KL007,11,0.04889719933271408,0.11861849250438937,70,-0.010579709416700217,0.07630683289960494,0.06972129317167508
std005,0,KL007,12,0.05184271186590195,0.11903563166814383,65,-0.014094145854464557,0.0745470037457617,0.06719291980224168
std005,0,KL007,13,0.05972271412611008,0.11945425120290913,60,-0.022989830829434035,0.06778928080417812,0.059731537076798846
std005,0,KL007,14,0.062365494668483734,0.1198743524903336,55,-0.0268445749992291,0.06625740806362049,0.05750885782184967
std005,0,KL007,15,-0.13052991032600403,0.12029592984859823,50,0.1749230029663881,0.26222731643761726,0.2508258401746021
std005,0,KL007,16,0.06800054758787155,0.12071889485206211,45,-0.02468466903722394,0.06480785011233349,0.052718347264190404
std005,0,KL007,17,0.07541490346193314,0.12114344757083219,40,-0.03362702537643002,0.05844485426660899,0.0457285441088989
std005,0,KL007,18,0.12947489321231842,0.12156949012307197,35,-0.09214633239531848,0.0049045070912692446,-0.007905403089246615
std005,0,KL007,19,-0.07865358144044876,0.12199665065817196,30,0.1222254130977672,0.2156616415994299,0.20065023209862054
std005,0,KL007,20,-0.08963979035615921,0.1224252447374685,25,0.1403846673915737,0.22942327377088156,0.21206503509362754
std005,0,KL007,21,-0.08907029777765274,0.12285534418018323,20,0.14736223489663516,0.23166131293919692,0.2119256419578358
std005,0,KL007,22,-0.09026093035936356,0.12328695298915986,15,0.15658764351055787,0.2357098014815363,0.21354788334852326
std005,0,KL007,23,-0.08487958461046219,0.12372007291236684,10,0.15941036046048304,0.23317093514193302,0.20859965752282886
std005,0,KL007,24,-0.09716970473527908,0.12415470181154514,5,0.1810134334609796,0.24846644053337147,0.22132440654682406
std005,0,KL007,25,-0.09802383929491043,0.12459086674780703,0,0.19174999243553184,0.2523755952681028,0.2226147060427173
std005,0,KL007,26,-0.09470469504594803,0.15349890080976447,0,0.22866393639042332,0.28087753557414624,0.24820359585571233
std005,0,KL007,27,-0.08843246847391129,0.20148845164476975,0,0.28453978767861265,0.325969031935719,0.28992092011868087
std005,0,KL007,28,-0.08513084799051285,0.24964614985474923,0,0.34671264335385404,0.3746983977220671,0.3347769978452619
std005,0,KL007,29,0.14742133021354675,0.2600121297755547,,0.13112448921859726,0.15419401475684802,0.11259079956200777
std005,0,KL007,30,0.1601431518793106,0.26092444220943883,,0.12566307122574372,0.14396997311079304,0.10078129033012803
std005,0,KL007,31,0.16892366111278534,0.2618399423525946,,0.12408972845030411,0.13763261311081748,0.09291628123980906
std005,0,KL007,32,0.18120355904102325,0.2627586234462045,,0.11877656423477667,0.12770512298744469,0.08155506440518097
std005,0,KL007,33,0.19731952250003815,0.2636805106739307,,0.10917147722200965,0.11381085422001615,0.06636098817389233
std005,0,KL007,34,0.20604190230369568,0.2646056217235305,,0.10686758560582961,0.10725236222872417,0.05856371941983462
std005,0,KL007,35,0.21988165378570557,0.2655339390656415,,0.09907936507526273,0.09546618344539246,0.04565228527993566
std005,0,KL007,36,0.23356984555721283,0.26646549999433633,,0.0910630843371516,0.08372130177181085,0.03289565443712326
std005,0,KL007,37,0.2447579950094223,0.2674003170772654,,0.08527742834164262,0.07438994998437409,0.022642322067842852
std005,0,KL007,38,0.25610101222991943,0.26833838939010035,,0.0790441495527021,0.06481446117296867,0.012237377160180626
std005,0,KL007,39,0.2650664150714874,0.2692797092032279,,0.07500435968381083,0.057550096815762876,0.004213294131740212
std005,0,KL007,40,0.29404279589653015,0.2702242907119992,,0.04970589007000991,0.030005229371340664,-0.02381850518453122
std005,0,KL007,41,0.3105471432209015,0.27117266169267734,,0.03621844828206361,0.01478569565679659,-0.039374481528224425
std005,0,KL007,42,0.3182940185070038,0.272124319617237,,0.03125062180991957,0.008262871498448591,-0.04616969888976703
std005,0,KL007,43,0.3255365192890167,0.273079283409298,,0.026562470911148734,0.002187932725507059,-0.052457235879719004
std005,0,KL007,44,0.33519452810287476,0.2740375643217928,,0.01909432571272418,-0.006384173123318817,-0.06115696378108222
std005,0,KL007,45,0.3400554656982422,0.2749991411646202,,0.0162906805819288,-0.01019355851971058,-0.06505632453362227
std005,0,KL007,46,0.3464902341365814,0.2759640578438303,,0.011690367941666172,-0.01562745867178315,-0.07052617629275137
std005,0,KL007,47,0.352390319108963,0.27693230963964477,,0.00741747594409525,-0.02057266635214473,-0.0754580094693185
std005,0,KL007,48,0.356241911649704,0.27790391806276943,,0.005081966297645131,-0.02349529815266788,-0.07833799358693477
std005,0,KL007,49,0.3596437871456146,0.2788788959212837,,0.003102476343869155,-0.025989939311987578,-0.08076489122433114
std005,0,KL007,50,0.36738380789756775,0.2798572529721141,,-0.00354245882085869,-0.032888570201251015,-0.08752655492545382
std005,0,KL007,51,0.37139323353767395,0.2808391937788527,,-0.006605982302658114,-0.03608547113280103,-0.09055403975882143
std005,0,KL007,52,0.34679922461509705,0.2818245236537328,,0.02028156914797357,-0.010419482137629192,-0.06497470096136443
std005,0,KL007,53,0.34264621138572693,0.2828134039506647,,0.027075979514390794,-0.005137818172099075,-0.05983280743506246
std005,0,KL007,54,0.35327479243278503,0.2838056423441888,,0.018678047110048085,-0.014729820688916208,-0.06946915008859642
std005,0,KL007,55,0.34073328971862793,0.2848006848371369,,0.03423519927189453,-0.0010115977584068377,-0.05593260488149125
std005,0,KL007,56,0.34670642018318176,0.28579915301794195,,0.03113311969425268,-0.005852353318454311,-0.06090726716524003
std005,0,KL007,57,0.35265451669692993,0.28680110927368785,,0.027904702364035684,-0.010712721355545733,-0.06585340742324235
std005,0,KL007,58,0.355812668800354,0.28780657207411864,,0.027453178280708063,-0.012800212826705395,-0.06800609672623563
std005,0,KL007,59,0.3584981858730316,0.2888155395780536,,0.027485363683513703,-0.014427610098505291,-0.06968264629497822
std005,0,KL007,60,0.35603034496307373,0.28982803163497695,,0.032953842570668634,-0.010862299510746916,-0.06620231332809698
std005,0,KL007,61,0.3599112927913666,0.29084405892025006,,0.032038254540871024,-0.013670021915392752,-0.0690672338711167
std005,0,KL007,62,0.3633168041706085,0.2918636375561767,,0.03158586482647127,-0.01602207665898225,-0.07145316661443195
std005,0,KL007,63,0.369015634059906,0.2928867789253173,,0.028706527129147705,-0.020710654254850535,-0.07612885513458886
std005,0,KL007,64,0.37229838967323303,0.29391350007555417,,0.02822927486534907,-0.023002541829682005,-0.078384889597679
std005,0,KL007,65,0.37546807527542114,0.29494380705572704,,0.02785626013967609,-0.02519987249089902,-0.08052426821969424
std005,0,KL007,66,0.39166250824928284,0.29597771314042753,,0.013763655855160902,-0.04057227852993078,-0.09568479510885544
std005,0,KL007,67,0.3971348702907562,0.29701555698965687,,0.01022380970922346,-0.04526635905183796,-0.1001193133010995
std005,0,KL007,68,0.406266450881958,0.29805703743086065,,0.002652974568347157,-0.053701280188051516,-0.10820941345109748
std005,0,KL007,69,0.4104975163936615,0.2991021594435229,,-0.00015214028195424277,-0.05726892933620609,-0.1113953569501387
std005,0,KL007,70,0.41338279843330383,0.30015091527223015,,-0.0016830489434503148,-0.05951091849441308,-0.1132318831610738
std005,0,KL007,71,0.41539275646209717,0.3012033405426759,,-0.0023681483088075625,-0.06088911682993429,-0.11418941591942136
std005,0,KL007,72,0.41018062829971313,0.30225943930228444,,0.004517762067343705,-0.054983978009891375,-0.10792118899742878
std005,0,KL007,73,0.40328681468963623,0.3033191917097423,,0.01354240805560472,-0.04731811362554462,-0.09996762297989399
std005,0,KL007,74,0.4131692051887512,0.30438261282013124,,0.005390685312050857,-0.05651778944432015,-0.10878659236862001
std005,0,KL007,75,0.4258880317211151,0.3054497263692095,,-0.006169449912397819,-0.06867309582703097,-0.12043830535190568
std005,0,KL007,76,0.4306415915489197,0.30652058112296043,,-0.009949246173815223,-0.0729034624391395,-0.1241210104259593
std005,0,KL007,77,0.43581661581993103,0.3075951355068583,,-0.014368089604447524,-0.07760048294625284,-0.1282214803130728
std005,0,KL007,78,0.44099724292755127,0.3086734059796848,,-0.01902266400879142,-0.08234896519623361,-0.1323238369478665
std005,0,KL007,79,0.421016126871109,0.30975541607415663,,0.002565729191765915,-0.06172801907103376,-0.11126071079695242
std005,0,KL007,80,0.42336612939834595,0.31084114471390184,,0.0017897645328387836,-0.063453274836424,-0.11252498468444416
std005,0,KL007,81,0.4274332523345947,0.31193065397089154,,-0.0008287549727570538,-0.06692823516869065,-0.11550259836370327
std005,0,KL007,82,0.43100932240486145,0.3130239634627075,,-0.0030628688922186365,-0.06994020468065096,-0.11798535894215405
std005,0,KL007,83,0.4365968406200409,0.3141210941391234,,-0.007526942240134209,-0.07501237710042087,-0.12247574648091755
std005,0,KL007,84,0.44020894169807434,0.3152220613436295,,-0.010142444854829392,-0.07813859648582891,-0.12498688035444494
std005,0,KL007,85,0.44694414734840393,0.31632687875501597,,-0.016179416079636348,-0.08444933271350691,-0.13061726859338807
std005,0,KL007,86,0.45207664370536804,0.31743555547760127,,-0.020844497333468204,-0.08920342503877873,-0.1346410882277669
std005,0,KL007,87,0.44588497281074524,0.31854805798563307,,-0.013833271066398353,-0.08256570583830032,-0.1273369148251123
std005,0,KL007,88,0.45111212134361267,0.3196642744913624,,-0.01847001378260884,-0.08739370717937932,-0.13144784685225042
std005,0,KL007,89,0.4582988917827606,0.32078475569807524,,-0.02541100561225048,-0.09424812231891962,-0.13751413608468552
std005,0,KL007,90,0.45864710211753845,0.32190912553649714,,-0.02551796123875693,-0.09426299889546016,-0.13673797658104145
std005,0,KL007,91,0.45787400007247925,0.32303738759357736,,-0.0244493772968214,-0.09314425503881305,-0.13483661247890202
std005,0,KL007,92,0.45627301931381226,0.32416956384452295,,-0.02245205205037653,-0.0911767856980594,-0.13210345546928948
std005,0,KL007,93,0.4580780565738678,0.32530568783432123,,-0.02393344490763036,-0.09262858744365027,-0.1327723687395467
std005,0,KL007,94,0.4590889513492584,0.32644578811944996,,-0.02465567734354981,-0.09329164403171467,-0.13264316322980857
std005,0,KL007,95,0.4611670970916748,0.3275898797128461,,-0.026538282956648725,-0.09503820175532429,-0.1335772173788288
std005,0,KL007,96,0.462772935628891,0.328737981390314,,-0.028022084877132165,-0.09632414847779854,-0.13403495423857706
std005,0,KL007,97,0.46424415707588196,0.329890104689146,,-0.029441830454910174,-0.09748597662216871,-0.13435405238673606
std005,0,KL007,98,0.46550294756889343,0.33104626211419574,,-0.030712500882917902,-0.09844387136089372,-0.13445668545469774
std005,0,KL007,99,0.46759501099586487,0.33220646660210246,,-0.03292722596350844,-0.10025207059829294,-0.13538854439376247
std005,0,KL007,100,0.46785488724708557,0.33337072991215677,,-0.03333035642994268,-0.10022684204196775,-0.13448415733492883
std005,0,KL007,101,0.46879807114601135,0.33453906953706775,,-0.03447450699029859,-0.10089056238599123,-0.13425900160894363
std005,0,KL007,102,0.46910884976387024,0.335711485933113,,-0.03501394513183256,-0.10092122168290751,-0.13339736383075726
std005,0,KL007,103,0.47040125727653503,0.3368880095676175,,-0.03661591232918654,-0.10194274426046596,-0.13351324770891757
std005,0,KL007,104,0.4720657765865326,0.33806865080077547,,-0.03869503683604898,-0.10334950175608497,-0.1339971257857572
std005,0,KL007,105,0.4722369611263275,0.33925341881709686,,-0.03931319717371071,-0.10326114770971404,-0.13298354230923073
std005,0,KL007,106,0.47323253750801086,0.3404423381886961,,-0.04083332145769121,-0.10400370147331517,-0.1327901993193148
std005,0,KL007,107,0.47383466362953186,0.3416354202827104,,-0.042021231864683116,-0.10435543878900681,-0.13219924334682154
std005,0,KL007,108,0.47403016686439514,0.3428326800917841,,-0.04284580295263752,-0.10429911524248156,-0.1311974867726111
std005,0,KL007,109,0.4739351272583008,0.34403413402845046,,-0.043410258890350925,-0.10394785469631095,-0.12990099322985035
std005,0,KL007,110,0.4745543301105499,0.3452397904383246,,-0.04475869704925537,-0.10431360349678566,-0.12931453967222534
std005,0,KL007,111,0.47514641284942627,0.34644967046264785,,-0.04615224845488682,-0.10465475639088341,-0.1286967423867784
std005,0,KL007,112,0.47660917043685913,0.34766378834594175,,-0.04853860180930014,-0.10587793802619924,-0.12894538209091738
std005,0,KL007,113,0.4768257439136505,0.34888215315603793,,-0.04974219376873279,-0.10585386243324138,-0.12794359075761255
std005,0,KL007,114,0.4776986837387085,0.3501047862575684,,-0.05170368551528549,-0.10649168884662823,-0.12759389748114003
std005,0,KL007,115,0.47823548316955566,0.35133170100040767,,-0.05341859873455376,-0.10679559229508566,-0.12690378216914797
std005,0,KL007,116,0.4793986976146698,0.35256291568481773,,-0.05588749867640408,-0.10773448252586325,-0.12683578192985207
std005,0,KL007,117,0.479479044675827,0.3537984405566538,,-0.05735129980316467,-0.10758826087550555,-0.12568060411917326
std005,0,KL007,118,0.4801553785800934,0.3550382944611537,,-0.05952460003660297,-0.10804176724371796,-0.12511708411893974
std005,0,KL007,119,0.48129716515541077,0.3562824914354995,,-0.06230775688640851,-0.10896922117297679,-0.12501467371991132
std005,0,KL007,120,0.4815461039543152,0.35753103476658155,,-0.06430362326934551,-0.10900343147382734,-0.1240150691877337
std005,0,KL007,121,0.4814075529575348,0.35878395107008937,,-0.06600309594143837,-0.1086458251870691,-0.12262360188744548
std005,0,KL007,122,0.4829205274581909,0.36004125611443827,,-0.06953724262924069,-0.10995204021233393,-0.12287927134375269
std005,0,KL007,123,0.4831613600254059,0.3613029790013274,,-0.0719257414954235,-0.10998571305395605,-0.12185838102407852
std005,0,KL007,124,0.4801153838634491,0.3625691217558039,,-0.0709880740902566,-0.10669898495848289,-0.11754626210764524
std005,0,KL007,125,0.49597275257110596,0.36383971677663407,,-0.08990707249066549,-0.12247247711545718,-0.13213303579447191
std005,0,KL007,126,0.4967189133167267,0.36511532412946796,,-0.09392597480655254,-0.12314058806958735,-0.13160358918725873
std005,0,KL007,127,0.49705037474632263,0.36639539633410606,,-0.09773194795396642,-0.1233962878125924,-0.13065497841221657
std005,0,KL007,128,0.49665185809135437,0.36767995734427306,,-0.10098264816250012,-0.12291694687618179,-0.12897190074708131
std005,0,KL007,129,0.4972135126590729,0.36896904916157,,-0.10542857176062892,-0.12340231767291446,-0.12824446349750293
std005,0,KL007,130,0.4970996677875519,0.37026265720103657,,-0.1094117656270408,-0.12320999901503567,-0.12683701058651528
std005,0,KL007,131,0.49637117981910706,0.37156080515874074,,-0.1129727113178589,-0.1223946009047493,-0.12481037466036629
std005,0,KL007,132,0.4954722821712494,0.3728635049144057,,-0.11655751319333854,-0.12139852444414269,-0.12260877725684372
std005,0,KL007,133,0.49562010169029236,0.37417077637612606,,-0.1214493253141663,-0.1214493253141663,-0.1214493253141663
std005,0,KL008,0,-0.7912315130233765,-1.242516899874416,215,-0.14092858621392762,-0.21926278728135318,-0.4512853868510392
std005,0,KL008,1,-0.7595596313476562,-1.2468688305776343,210,-0.18512103321597234,-0.2570440880702124,-0.48730919922997773
std005,0,KL008,2,-0.7186444997787476,-1.2512344395925494,205,-0.2414136607699012,-0.30456367071532614,-0.5325899398138014
std005,0,KL008,3,-0.747194766998291,-1.2556153378869281,200,-0.22760429350667996,-0.2824195469887804,-0.5084205708886367
std005,0,KL008,4,-0.7787747979164124,-1.2600115950138477,195,-0.2099332691628444,-0.25701405950289946,-0.48123679709743505
std005,0,KL008,5,-0.7785106301307678,-1.2644234263318435,190,-0.2249038786172328,-0.2635398333461314,-0.4859127962010751
std005,0,KL008,6,-0.7703992128372192,-1.2688507573986971,185,-0.2489769613520032,-0.27808024170415924,-0.49845154456147733
std005,0,KL008,7,-0.7601824402809143,-1.2732936005009448,180,-0.2765920809524405,-0.29491689726047887,-0.5131111602200299
std005,0,KL008,8,-0.7545777559280396,-1.2777519624562041,175,-0.3008699159845692,-0.3072883255840036,-0.5231742065281639
std005,0,KL008,9,-0.7512696981430054,-1.2822258936388036,170,-0.32407684541512705,-0.3174887892296786,-0.5309561954957975
std005,0,KL008,10,-0.8671562671661377,-1.2867154507685583,165,-0.22311050217644326,-0.20741801806764276,-0.41955918360242
std005,0,KL008,11,-0.9052662253379822,-1.2912205097516747,160,-0.19875504540702965,-0.17481800632760996,-0.3859542844136918
std005,0,KL008,12,-0.9161843061447144,-1.2957413333239067,155,-0.20179145914360538,-0.16937472461329883,-0.37955702717919165
std005,0,KL008,13,-0.956779956817627,-1.300277993831473,150,-0.17379960036893222,-0.13391849012853962,-0.3434980370138453
std005,0,KL008,14,-0.9906612634658813,-1.3048303843807472,145,-0.15144852733483405,-0.1049042997198158,-0.31416912091486515
std005,0,KL008,15,-0.9972226619720459,-1.3093982503206885,140,-0.15672090545606204,-0.10320964906186585,-0.31217558834864184
std005,0,KL008,16,-1.0470020771026611,-1.3139821106441678,135,-0.11682176221168064,-0.057860532206167395,-0.266980033541506
std005,0,KL008,17,-1.077514886856079,-1.3185818993508411,130,-0.09513960209912055,-0.031530106811712116,-0.2410670124947614
std005,0,KL008,18,-1.1299779415130615,-1.323197601672262,125,-0.049243110033402926,0.017223649925328134,-0.1932196601591997
std005,0,KL008,19,-1.1044248342514038,-1.327829569758527,120,-0.08307760579348623,-0.012347557265762418,-0.22340473550712248
std005,0,KL008,20,-1.0970523357391357,-1.3324777552348746,115,-0.09958591222428023,-0.023867420884480794,-0.2354254194957383
std005,0,KL008,21,-1.0637645721435547,-1.3371422523363576,110,-0.1442760245505534,-0.0616953861074097,-0.27337768019280256
std005,0,KL008,22,-1.0528056621551514,-1.3418227661754398,105,-0.16785590170824738,-0.07736679302793652,-0.28901710402028813
std005,0,KL008,23,-1.0514991283416748,-1.3465196900838319,100,-0.1825629885797645,-0.08346331108462858,-0.2950205617421566
std005,0,KL008,24,-1.0376242399215698,-1.3512330783905777,95,-0.21132341104340097,-0.1023336778756802,-0.3136088384690074
std005,0,KL008,25,-1.113635778427124,-1.3559630210125508,90,-0.14703519067809506,-0.030618003691517647,-0.24232724258542623
std005,0,KL008,26,-1.1290546655654907,-1.3607095815604662,85,-0.14318840337955357,-0.019397876621791547,-0.23165491599497492
std005,0,KL008,27,-1.166471004486084,-1.3654732233480353,80,-0.11602709520996518,0.014139918303450946,-0.19900221886195074
std005,0,KL008,28,-1.0719351768493652,-1.3702527733938596,75,-0.22637026066035176,-0.08528147433937155,-0.2983175965444938
std005,0,KL008,29,-1.2651584148406982,-1.3750492100667469,70,-0.03967512930987016,0.10494116698057511,-0.10989079522604794
std005,0,KL008,30,-1.1657981872558594,-1.3798616284472023,65,-0.15115974330612805,0.0015366076230569712,-0.2140634411913423
std005,0,KL008,31,-1.1635860204696655,-1.3846910300542499,60,-0.16629569681749334,-0.004797524287175461,-0.22110500958458368
std005,0,KL008,32,-1.1494619846343994,-1.389537362289592,55,-0.1948147641914717,-0.023242426203335248,-0.24007537765519185
std005,0,KL008,33,-1.3056092262268066,-1.3944006853029869,50,-0.045655013786038215,0.13010224636529558,-0.08879145907617973
std005,0,KL008,34,-1.3323794603347778,-1.3992813767978356,45,-0.02485719078055572,0.15430175848522626,-0.0669019164630571
std005,0,KL008,35,-1.28475821018219,-1.4041791456638626,40,-0.08129357367981778,0.10359372219894614,-0.11942093548167203
std005,0,KL008,36,-1.4018068313598633,-1.409094806818458,35,0.03260313223937045,0.21869502322098774,-0.007287975458593957
std005,0,KL008,37,-1.331080436706543,-1.4140274576457508,30,-0.04517488863939692,0.14528057462016347,-0.0829470209392072
std005,0,KL008,38,-1.4414676427841187,-1.418977500317102,25,0.06357328359007192,0.25405797343242104,0.022490142467017457
std005,0,KL008,39,-1.5030791759490967,-1.4239454966812557,20,0.12669554318812098,0.31465946394150074,0.0791336792678416
std005,0,KL008,40,-1.4864232540130615,-1.4289308409165666,15,0.11075886586462289,0.2968115399751321,0.05749241309649538
std005,0,KL008,41,-1.4726245403289795,-1.4339336442388344,10,0.09699366520725732,0.28166519267728024,0.03869089609014573
std005,0,KL008,42,-1.4646458625793457,-1.438953991404559,5,0.08863044152135532,0.27223989130939713,0.0256918711747872
std005,0,KL008,43,-1.4606919288635254,-1.4439919146979625,0,0.08406221728396096,0.26677967719098034,0.016700014165563423
std005,0,KL008,44,-1.5372177362442017,-1.4395573699218964,0,0.17395641127825018,0.35213762576811974,0.09766036632230579
std005,0,KL008,45,-1.5144915580749512,-1.397146521728556,0,0.20411411015883874,0.376478711207771,0.11734503634639576
std005,0,KL008,46,-1.5118234157562256,-1.354587074545798,0,0.25716782462597515,0.42149288823916764,0.15723634121042795
std005,0,KL008,47,-1.5028996467590332,-1.311878509102948,0,0.3066344814974568,0.46081169424822294,0.19102113765608564
std005,0,KL008,48,-1.4877135753631592,-1.2690203045710073,0,0.35232810160540884,0.4943728382521456,0.21869327079215206
std005,0,KL008,49,-1.4852166175842285,-1.2070316957228664,0,0.4339873448490098,0.5604347530423844,0.27818492186136234
std005,0,KL008,50,-1.4461205005645752,-1.1163555462064572,0,0.5116981813609269,0.6191956791761131,0.3297649543581182
std005,0,KL008,51,-1.2804116010665894,-1.0253617527818015,0,0.4606531856942404,0.5510047172786077,0.2550498482847881
std005,0,KL008,52,-1.035040259361267,-0.9340482913206443,0,0.32349020111234433,0.4020038314142203,0.10099196804062302
std005,0,KL008,53,-1.0217163562774658,-0.8424149638887289,0,0.4237675861022858,0.48623023267038484,0.17930139238873719
std005,0,KL008,54,-0.7602625489234924,-0.7979112202670724,0,0.2186042886947851,0.27308643960716567,-0.03764867134357967
std005,0,KL008,55,-0.7221689820289612,-0.7532514630211452,0,0.23796666209029027,0.28357714394583405,-0.03108248099218372
std005,0,KL008,56,-0.8419749140739441,-0.7084352844660117,0,0.42476995519752847,0.4538401491568224,0.13353962960793278
std005,0,KL008,57,-0.7922376394271851,-0.6634620894079991,0,0.4431855557773924,0.4547457849008065,0.12877555001918625
std005,0,KL008,58,-0.7522664666175842,-0.6183313717200689,0,0.4731018096508287,0.46570449758413124,0.13393509489751557
std005,0,KL008,59,-0.7001247406005859,-0.5730426102408299,0,0.4920391634690059,0.46466058059787024,0.12708213035975632
std005,0,KL008,60,-0.6894336342811584,-0.5275956776358908,0,0.5558670664530184,0.5056557597591602,0.16183795664526796
std005,0,KL008,61,-0.6521403789520264,-0.48198951516270006,0,0.5953269038669295,0.520377094345909,0.17015086378932665
std005,0,KL008,62,-0.3044399917125702,-0.47418402923212033,430,0.27044391487664676,0.1835447506613304,-0.1697440375195498
std005,0,KL008,63,-0.2699534595012665,-0.47584109110536515,425,0.24825540586036862,0.15014040118599603,-0.2058876316040984
std005,0,KL008,64,-0.24599286913871765,-0.477503963632934,420,0.2360243716553065,0.12703472379832786,-0.2315110944942161
std005,0,KL008,65,-0.221345916390419,-0.4791727059136484,415,0.22247032698983885,0.10300534218223226,-0.2578267895232291
std005,0,KL008,66,-0.19866330921649933,-0.4808473091371825,410,0.2103115414944423,0.08071959846352417,-0.282183999920683
std005,0,KL008,67,-0.15809310972690582,-0.4825278169348462,405,0.1787225499353799,0.04014183818293314,-0.32443470720794026
std005,0,KL008,68,-0.0448761060833931,-0.4842138118817408,400,0.06903420601468144,-0.07422603047561481,-0.43933770579834763
std005,0,KL008,69,-0.03825844079256058,-0.4859057304356246,395,0.06579561837802694,-0.0820771203178127,-0.44764728964306394
std005,0,KL008,70,-0.032415635883808136,-0.4876036164094158,390,0.06321464248364102,-0.0892292318583859,-0.45518798052560755
std005,0,KL008,71,-0.01711995154619217,-0.4893074813952035,385,0.05055942494302859,-0.10600661417258594,-0.47218752984901124
std005,0,KL008,72,0.010503909550607204,-0.49101702098078215,380,0.02427116453718888,-0.13541111442750306,-0.5015209305313892
std005,0,KL008,73,0.019186489284038544,-0.4927326273604816,375,0.016542347291713284,-0.14598640210609354,-0.5119191166445201
std005,0,KL008,74,0.030512593686580658,-0.4944542944966682,370,0.005627557994785858,-0.15934548657711142,-0.5249668881832488
std005,0,KL008,75,0.04552402347326279,-0.4961820197580282,365,-0.00973949394151813,-0.176569283291686,-0.5417060432312909
std005,0,KL008,76,-0.04544908553361893,-0.49791577638063617,360,0.08564604608135665,-0.08691977556680189,-0.45246669084701713
std005,0,KL008,77,-0.036479271948337555,-0.4996556825804203,355,0.08086499623457752,-0.09732192441212414,-0.46317641063208265
std005,0,KL008,78,-0.027284152805805206,-0.5014016785178453,350,0.0756106041499764,-0.1080617895476554,-0.47411752571204
std005,0,KL008,79,-0.01766590029001236,-0.5031537849280331,345,0.06964880310328804,-0.11934300555695863,-0.4854878846380206
std005,0,KL008,80,-0.009021439589560032,-0.5049120079325432,340,0.06441177624606015,-0.1297604080342593,-0.495890568342983
std005,0,KL008,81,0.0195307657122612,-0.5066763838915028,335,0.037956170804298354,-0.1603981369274172,-0.5262071496037639
std005,0,KL008,82,0.022024743258953094,-0.508447038568086,330,0.03754550927216808,-0.16503137438319435,-0.530471781827039
std005,0,KL008,83,0.02734299749135971,-0.5102238769094908,325,0.03414801613716776,-0.17257176762775955,-0.5375668744008503
std005,0,KL008,84,0.03166186064481735,-0.512006931816795,320,0.031630791815561714,-0.17918669587023478,-0.5436687924616121
std005,0,KL008,85,0.05119621008634567,-0.5137956502133066,315,0.01297204004987355,-0.2012451559575542,-0.5649918602996521
std005,0,KL008,86,0.08959659188985825,-0.5155905749163927,310,-0.026524439212292264,-0.24259189878269694,-0.6051871668062507
std005,0,KL008,87,0.08805070072412491,-0.5173920968672708,305,-0.026055339227926595,-0.2440172537978533,-0.6054427975913955
std005,0,KL008,88,0.091706283390522,-0.5191999208087006,300,-0.03104074612541504,-0.25072152579349294,-0.6109062041992224
std005,0,KL008,89,0.099667988717556,-0.5210140554845246,295,-0.040826183487795785,-0.26185390265243763,-0.6206820442020804
std005,0,KL008,90,0.09993364661931992,-0.5228345422656467,290,-0.04303226313968334,-0.2653361597475922,-0.6227681888849665
std005,0,KL008,91,0.09303437918424606,-0.524661399675202,285,-0.03781957384213584,-0.2616276688742548,-0.6176957788594479
std005,0,KL008,92,0.08891680091619492,-0.5264948478070651,280,-0.03526704656455276,-0.2607029899520812,-0.6154116487232599
std005,0,KL008,93,0.08642206341028214,-0.5283347218575316,275,-0.03429420340968073,-0.2614195060682643,-0.6147567852678136
std005,0,KL008,94,0.08348750323057175,-0.5301810169891792,270,-0.03281277301666394,-0.261710333860357,-0.6136685202197508
std005,0,KL008,95,0.07836677879095078,-0.53203376557824,265,-0.028957490117545805,-0.2598072520479071,-0.6104005443691907
std005,0,KL008,96,0.0741897001862526,-0.5338929809820823,260,-0.025897250080906965,-0.2588494875065733,-0.6080826811683347
std005,0,KL008,97,0.07094674557447433,-0.5357586878228641,255,-0.023663328270236945,-0.2588369787727099,-0.6067054333973383
std005,0,KL008,98,0.06746756285429001,-0.5376309093953141,250,-0.02106686851106583,-0.2585971399981011,-0.6050984722496041
std005,0,KL008,99,-0.016181163489818573,-0.5395096659955566,245,0.0660520107784953,-0.17738698111289394,-0.523328502505738
std005,0,KL008,100,-0.021448887884616852,-0.5413950645842316,240,0.07526251253578797,-0.17453793717124108,-0.5199461766996146
std005,0,KL008,101,-0.023409344255924225,-0.5432870477224636,235,0.08149100699717034,-0.17500932820688142,-0.5198777034665393
std005,0,KL008,102,0.018450863659381866,-0.5451856341935742,230,0.04193607026406575,-0.21975735872426852,-0.563636497852956
std005,0,KL008,103,0.06778999418020248,-0.5470911214602907,225,-0.007565014797415849,-0.2725223283895391,-0.6148811156404931
std005,0,KL008,104,0.06511598080396652,-0.5490035546998284,220,-0.004921623439261277,-0.273294145253649,-0.6141195355037948
std005,0,KL008,105,0.06297636777162552,-0.5509226392037817,215,-0.0027016937839194097,-0.27462570195454666,-0.6138990069754071
std005,0,KL008,106,0.060568325221538544,-0.5528484003253281,210,-8.202222021113509e-05,-0.2757118049256159,-0.6134167255468664
std005,0,KL008,107,0.07959531992673874,-0.5547808559654045,205,-0.019886834114040703,-0.29847274431344334,-0.634376175892143
std005,0,KL008,108,0.07773282378911972,-0.5567200005821433,200,-0.018747849321238932,-0.3003762286714522,-0.6344528243712628
std005,0,KL008,109,0.07888545840978622,-0.5586658856185149,195,-0.020725351524202826,-0.30535780073006064,-0.6375513440283009
std005,0,KL008,110,0.07703439146280289,-0.5606185350865295,190,-0.019648127614906637,-0.30736914688575223,-0.6376529265493323
std005,0,KL008,111,0.07600762695074081,-0.5625779656732068,185,-0.019384684861806663,-0.3102470469571362,-0.6385855926239475
std005,0,KL008,112,0.07601765543222427,-0.5645441993438133,180,-0.02020148743140855,-0.3142150386642441,-0.6405618547760374
std005,0,KL008,113,0.0765874907374382,-0.5665172573849299,175,-0.02165345721130526,-0.3188025148783833,-0.643104748122368
std005,0,KL008,114,0.07729501277208328,-0.5684971627435961,170,-0.02332996404075185,-0.32358955932011346,-0.6457921755156792
std005,0,KL008,115,0.07951683551073074,-0.5704839325774169,165,-0.026692206126387855,-0.3299689191018005,-0.6500007680881476
std005,0,KL008,116,0.08233235031366348,-0.5724775882442862,160,-0.030860474095292585,-0.3370270438850204,-0.6548099385579496
std005,0,KL008,117,0.08570723980665207,-0.5744781460538129,155,-0.03584184170623939,-0.34473641905822683,-0.6601853858604648
std005,0,KL008,118,0.088389091193676,-0.5764856297829921,150,-0.040361709771851745,-0.35183888422968224,-0.6648747209766681
std005,0,KL008,119,0.09517662972211838,-0.5785000539498719,145,-0.04944792226885342,-0.36317580118846726,-0.6736766836719902
std005,0,KL008,120,0.1304805427789688,-0.58052143531864,140,-0.08903796455471469,-0.4034476502500833,-0.7110019780976087
std005,0,KL008,121,0.06829693168401718,-0.5825496011986131,135,-0.028108741173313457,-0.34567132040520926,-0.6508465328826301
std005,0,KL008,122,0.06629826873540878,-0.5845839735136046,130,-0.027328972819361926,-0.34811895737053794,-0.650882242249013
std005,0,KL008,123,0.06808473914861679,-0.5866254681490487,125,-0.03049700448957285,-0.35443041542417153,-0.6547102072976652
std005,0,KL008,124,0.18355302512645721,-0.5886741107704647,120,-0.15350193393156217,-0.47565175196764903,-0.7722271358969215
std005,0,KL008,125,0.1861712783575058,-0.5907298316327813,115,-0.16421899034925755,-0.48412787460341555,-0.7769011099902866
std005,0,KL008,126,0.19027437269687653,-0.5927927988944416,110,-0.17709300872892061,-0.4942102301339819,-0.7830671715913178
std005,0,KL008,127,0.19124679267406464,-0.5948630653411675,105,-0.18738158378276745,-0.5012533635923608,-0.7861098580152318
std005,0,KL008,128,0.1881737858057022,-0.5969406780784654,100,-0.19398777576573872,-0.5043029287705223,-0.7851144638841673
std005,0,KL008,129,0.18682847917079926,-0.5990257932880816,95,-0.2027962271907948,-0.50915034338409,-0.7858542724588804
std005,0,KL008,130,0.1736748367547989,-0.6011186626658671,90,-0.19967637501588945,-0.5021414798320691,-0.7747934994206654
std005,0,KL008,131,0.16627798974514008,-0.603220471623857,85,-0.20249080230602692,-0.5009001347510578,-0.7694984613689965
std005,0,KL008,132,-0.011746310628950596,-0.6053308639322695,80,-0.02588445591678805,-0.32731830453809063,-0.5935845533033184
std005,0,KL008,133,-0.013898366130888462,-0.6074486905260146,75,-0.025116989209060678,-0.32964761766469447,-0.5935503243951255
std005,0,KL008,134,0.03992506116628647,-0.6095739588321584,70,-0.08323581943164483,-0.38855723274753196,-0.6494990199984442
std005,0,KL008,135,0.009897223673760891,-0.6117073037928799,65,-0.0561655517762577,-0.3633822845771222,-0.6216045274666401
std005,0,KL008,136,0.007865346036851406,-0.6138479984950551,60,-0.057150741072333575,-0.366248840202122,-0.621713344531906
std005,0,KL008,137,0.0970110222697258,-0.6159961558093535,55,-0.15417524252454817,-0.46126018825511184,-0.7130071780790788
std005,0,KL008,138,0.0028230168391019106,-0.6181526981973084,50,-0.06335343596796202,-0.3720673364947799,-0.6209757150364097
std005,0,KL008,139,0.08627980202436447,-0.6203166652809554,45,-0.15475832765853587,-0.4614302752581612,-0.7065964673053192
std005,0,KL008,140,0.1011989638209343,-0.6224876031903618,40,-0.17885780701442539,-0.48248623277270797,-0.7236865670112954
std005,0,KL008,141,0.09371661394834518,-0.6246662313474379,35,-0.18067908822249373,-0.4811488908773007,-0.7183828452957826
std005,0,KL008,142,0.09350689500570297,-0.6268524374674365,30,-0.19028588236026805,-0.48716582447018597,-0.7203593324731389
std005,0,KL008,143,0.09123488515615463,-0.629046308237552,25,-0.19826367465196493,-0.49118245488177587,-0.7202811933937061
std005,0,KL008,144,0.06099378317594528,-0.6312478537527894,20,-0.17725799148337965,-0.4670102933996281,-0.692241636928734
std005,0,KL008,145,0.06132837384939194,-0.6334570724986381,15,-0.18736570490328247,-0.4734999447552726,-0.6947854463480294
std005,0,KL008,146,0.05943404883146286,-0.635674037741683,10,-0.1956952273891126,-0.4778255078472505,-0.6951080865731452
std005,0,KL008,147,0.05937071889638901,-0.6378987590086634,5,-0.20642820404152518,-0.4840662548133931,-0.6972694779050519
std005,0,KL008,148,0.059911660850048065,-0.6401312719180091,0,-0.21840196509102883,-0.49100272309353926,-0.7000429327680566
std005,0,KL008,149,0.06284546107053757,-0.6328814903864294,0,-0.22357729201583862,-0.49086294362212257,-0.6957269514569664
std005,0,KL008,150,0.06935685127973557,-0.5876458480892595,0,-0.19284077775651481,-0.45598070339795105,-0.6570026993689945
std005,0,KL008,151,0.0798068568110466,-0.542251698779592,0,-0.1644950737563963,-0.4245780060130514,-0.6220585555906379
std005,0,KL008,152,0.10103067010641098,-0.496698496276913,0,-0.14585525264880678,-0.40359261770913446,-0.5977291663833233
std005,0,KL008,153,0.11794470995664597,-0.45098568235251424,0,-0.12155075678607677,-0.3778925605573976,-0.5689303923091595
std005,0,KL008,154,0.1212475374341011,-0.4051125034595717,0,-0.08148725540387605,-0.3380331895273595,-0.5263600408936722
std005,0,KL008,155,0.13043393194675446,-0.35907855146778067,0,-0.045348387999110576,-0.303561393105389,-0.48951248341453446
std005,0,KL008,156,0.10767628997564316,-0.3128832854683442,0,0.026485017067506285,-0.2363201579468897,-0.42055957544398676
std005,0,KL008,157,0.13909600675106049,-0.2665250656510194,0,0.04525248308907556,-0.2229657812479089,-0.4056210724020793
std005,0,KL008,158,0.3765551447868347,-0.2579648409660224,175,-0.19164913226652724,-0.45578253892348813,-0.6345199857528565
std005,0,KL008,159,0.38695889711380005,-0.2588645505789443,170,-0.212000925451004,-0.47117146161768453,-0.6458234476927438
std005,0,KL008,160,0.3952261209487915,-0.25976739220944806,165,-0.23121155695509785,-0.48457534112355255,-0.654993513158239
std005,0,KL008,161,0.40337005257606506,-0.26067337217840364,160,-0.25134382791336185,-0.49800822993419397,-0.6640434247544682
std005,0,KL008,162,0.41125237941741943,-0.2615825016301891,155,-0.27230450752264174,-0.5113312505665877,-0.6728348810476081
std005,0,KL008,163,0.41771283745765686,-0.2624947917005551,150,-0.29291988595986673,-0.523371846508627,-0.6802076291582116
std005,0,KL008,164,0.3515565097332001,-0.263410412394282,145,-0.23823390948569195,-0.46220366048709594,-0.6149669221274817
std005,0,KL008,165,0.3478128910064697,-0.2643283209175606,140,-0.246408648053946,-0.46347747862743616,-0.6121412119240299
std005,0,KL008,166,0.34316736459732056,-0.2652494171401822,135,-0.2541081865417649,-0.46387087452418907,-0.6084167817375022
std005,0,KL008,167,0.19100914895534515,-0.2661737184443632,130,-0.10698195625614557,-0.31528333880395787,-0.4571828673997079
std005,0,KL008,168,0.14212992787361145,-0.2671012714549672,125,-0.06084554397956145,-0.26952978611003,-0.4092311993285782
std005,0,KL008,169,0.13962247967720032,-0.2680320343383591,120,-0.0611033657792846,-0.27016527271819235,-0.40765451401555897
std005,0,KL008,170,0.16321896016597748,-0.26896612429891426,115,-0.0888628449817732,-0.29718597302044186,-0.4321850844648913
std005,0,KL008,171,0.19691796600818634,-0.2699034822994397,110,-0.12873293543512587,-0.3346962947612565,-0.4668214483076256
std005,0,KL008,172,0.21178142726421356,-0.2708441366183699,105,-0.1508973353607518,-0.3535732070276649,-0.48262556388258304
std005,0,KL008,173,0.16550688445568085,-0.2717880823454246,100,-0.10989941136664999,-0.31089943527505814,-0.437294966801105
std005,0,KL008,174,0.2072797566652298,-0.2727348401720742,95,-0.15944413114380213,-0.356743641592695,-0.4800145968373036
std005,0,KL008,175,0.20509938895702362,-0.2736849980268884,90,-0.16535865050427212,-0.3586682013972048,-0.47878438698391157
std005,0,KL008,176,0.13226160407066345,-0.27463845680041976,85,-0.09723805739611449,-0.2892555722193886,-0.40690006087108277
std005,0,KL008,177,0.1409941464662552,-0.27559509541037186,80,-0.11141290080986041,-0.3015480350312209,-0.41658924187662655
std005,0,KL008,178,0.13567402958869934,-0.27655508378489624,75,-0.11156158566079824,-0.29978265582796015,-0.4122291133735951
std005,0,KL008,179,0.12843574583530426,-0.27751842009538075,70,-0.10971912642893852,-0.29607446718804536,-0.4059541659306845
std005,0,KL008,180,0.15821507573127747,-0.27848510934742604,65,-0.14676548195782585,-0.32973282200475124,-0.436700185078703
std005,0,KL008,181,0.1777435839176178,-0.27945515102468826,60,-0.17499807262870545,-0.3533904883377352,-0.45719873494230556
std005,0,KL008,182,0.14782525599002838,-0.2804285627824986,55,-0.15269935988403227,-0.32735540661924384,-0.4282538187725265
std005,0,KL008,183,0.11497625708580017,-0.2814057930414113,50,-0.12617064568320221,-0.2981112259926383,-0.39638205012721095
std005,0,KL008,184,0.10682658106088638,-0.28238644320186984,45,-0.1242682766124086,-0.29353321448052283,-0.3892130242627557
std005,0,KL008,185,0.10894182324409485,-0.28337047402640003,40,-0.1330939428490029,-0.2992901494939851,-0.39231229727049444
std005,0,KL008,186,0.11014813184738159,-0.2843579370831435,35,-0.1414520784493176,-0.3041999934199072,-0.39450606893052464
std005,0,KL008,187,0.11076625436544418,-0.28534885559787737,30,-0.14965734523940172,-0.30857840733442665,-0.39611510996332117
std005,0,KL008,188,0.20069880783557892,-0.2863432468681639,25,-0.252337642204842,-0.4032309536491922,-0.48704205470374246
std005,0,KL008,189,0.18971462547779083,-0.287341430226797,20,-0.254241362415638,-0.39692050537090284,-0.4770560557045874
std005,0,KL008,190,0.1895320862531662,-0.28834306554986056,15,-0.267662914079362,-0.40147356100951087,-0.4778751518030264
std005,0,KL008,191,0.18936805427074432,-0.289348157284824,10,-0.2818604628689181,-0.4061080076825979,-0.478716211555568
std005,0,KL008,192,0.18922783434391022,-0.2903567159510666,5,-0.29688322683116564,-0.41083024686757313,-0.4795845502949765
std005,0,KL008,193,0.1891159564256668,-0.29136875202020945,0,-0.31278236066450016,-0.4156459658117736,-0.480484708445876
std005,0,KL008,194,0.19329816102981567,-0.24493371107577253,0,-0.2841494051020954,-0.37693530283664456,-0.4382318721055879
std005,0,KL008,195,0.19787265360355377,-0.1983359108150063,0,-0.25430129346116004,-0.33807800649144076,-0.3962085644185597
std005,0,KL008,196,0.20241807401180267,-0.15157477933311297,0,-0.22272460292232407,-0.29864507035535814,-0.3539928533449153
std005,0,KL008,197,0.20691630244255066,-0.10464974303416696,0,-0.18930301269659144,-0.2586104413215001,-0.3115660454767173
std005,0,KL008,198,0.21130356192588806,-0.057560226293403835,0,-0.1538656574796965,-0.21790165668251013,-0.2688637882192916
std005,0,KL008,199,0.21556417644023895,-0.010305651472037804,0,-0.11628291667651426,-0.17649407786367488,-0.22586982791227642
std005,0,KL008,200,0.2192574292421341,0.037114563096339606,0,-0.0759705139126817,-0.13393344960944698,-0.18214286614579417
std005,0,KL008,201,0.2238406091928482,0.08470099773289705,0,-0.034310796150884774,-0.09167806110841711,-0.13913961145995085
std005,0,KL008,202,0.230472594499588,0.1324542420387085,0,0.00755553504752679,-0.05089950306042052,-0.09801835246087921
std005,0,KL008,203,0.2384740263223648,0.1803748821907683,0,0.0503627888221566,-0.010924445853456023,-0.05809914413159621
std005,0,KL008,204,0.24723626673221588,0.22846352253915103,0,0.09480969873166023,0.028855801113725446,-0.018772744193064555
std005,0,KL008,205,0.2564437687397003,0.27672075463837587,0,0.14132357359700334,0.0687600105009451,0.02027698589867588
std005,0,KL008,206,0.12406217306852341,0.3251471717698948,,0.3395323211541706,0.2522605014020701,0.20108499870137175
std005,0,KL008,207,0.4067877531051636,0.3262927539164632,,0.0615130631913783,-0.02943453494475358,-0.08049499918870007
std005,0,KL008,208,0.4085031747817993,0.3274425188264854,,0.06467891493205041,-0.03012251301645886,-0.08106065595531362
std005,0,KL008,209,0.4111093282699585,0.32859642309078846,,0.06709189767861233,-0.03171342121237177,-0.08251290517916977
std005,0,KL008,210,0.4133956730365753,0.3297544834294384,,0.06998715073517467,-0.032993652756171395,-0.08364118960713664
std005,0,KL008,211,0.4153198301792145,0.3309167185218309,,0.07343526964123112,-0.033917290688433493,-0.08440311165738332
std005,0,KL008,212,0.5454795956611633,0.3320831472631385,,-0.05790004066791132,-0.16437751213991808,-0.21339644839802466
std005,0,KL008,213,0.5451036095619202,0.3332539245639178,,-0.058745741606387875,-0.16430201812871675,-0.21184968499800214
std005,0,KL008,214,0.5439903736114502,0.33442892692622,,-0.05886427703433712,-0.16348200404489505,-0.20956144668522989
std005,0,KL008,215,0.5418280363082886,0.3356081804422192,,-0.05788913565450174,-0.16159491083402153,-0.20621985586606903
std005,0,KL008,216,0.5394062995910645,0.3367917069965538,,-0.056593848968733394,-0.15942756795859978,-0.20261459259451026
std005,0,KL008,217,0.5367245674133301,0.3379795244520112,,-0.05496071272219788,-0.15697646583426356,-0.19874504296131845
std005,0,KL008,218,0.5616437792778015,0.3391716499611292,,-0.08229896072967267,-0.18238101509665366,-0.22247212931667187
std005,0,KL008,219,0.5624789595603943,0.34036815383704777,,-0.08573316148504218,-0.1837163855493199,-0.22211080572334618
std005,0,KL008,220,0.5650942325592041,0.34156899707247707,,-0.09123132225798047,-0.18686493971616494,-0.22352523548672668
std005,0,KL008,221,0.5679062008857727,0.3427741822513588,,-0.09723639866601425,-0.19024573114454982,-0.22513201863441365
std005,0,KL008,222,0.5708281993865967,0.34398371288685126,,-0.10368500046391835,-0.1937737027129124,-0.22684448649974517
std005,0,KL008,223,0.5739151239395142,0.34519758369454123,,-0.11065950780515296,-0.19750594366754073,-0.22871754024497273
std005,0,KL008,224,0.5772688984870911,0.3464157717837232,,-0.11829625974696545,-0.20154764853756466,-0.23085312670336777
std005,0,KL008,225,0.581062376499176,0.3476382142780582,,-0.1268136026813614,-0.20607677229389945,-0.2334241622211177
std005,0,KL008,226,0.5849379301071167,0.3488647235391731,,-0.13588327238908404,-0.21073737155129432,-0.2360732065679436
std005,0,KL008,227,0.5398211479187012,0.350094122190234,,-0.0938800522611922,-0.16596204032413509,-0.18972702572846722
std005,0,KL008,228,0.5998304486274719,0.3513263876734154,,-0.1603381708373003,-0.2269250592377644,-0.24850406095405653
std005,0,KL008,229,0.6525036692619324,0.3525614895565837,,-0.2225972390545991,-0.2810985558141809,-0.2999421797053486
std005,0,KL008,230,0.6420074701309204,0.3537993885952265,,-0.22167593942445807,-0.2720186202326477,-0.28820808153569377
std005,0,KL008,231,0.6222369074821472,0.35504003584915067,,-0.21098064903804356,-0.25348554169244497,-0.2671968716329964
std005,0,KL008,232,0.6138269305229187,0.3562844067959937,,-0.21171508710055228,-0.24624560860587646,-0.2575425237269248
std005,0,KL008,233,0.6155255436897278,0.35753311823872685,,-0.22316254767812374,-0.24914740262982885,-0.2579924254510008
std005,0,KL008,234,0.42154762148857117,0.3587862068101896,,-0.029273159187106858,-0.05442969796280231,-0.0627614146783815
std005,0,KL008,235,0.4278469383716583,0.36004375784238746,,-0.035997463250865176,-0.06004269842747161,-0.06780318052927078
std005,0,KL008,236,0.4306291341781616,0.3613057157985109,,-0.0393750119670254,-0.062157318564372385,-0.06932341837965066
std005,0,KL008,237,0.433368057012558,0.36257209676558727,,-0.042886970190565046,-0.06424722435144223,-0.07079596024697067
std005,0,KL008,238,0.43606287240982056,0.3638429165340139,,-0.046540188736891634,-0.06631138864049985,-0.0722199558758066
std005,0,KL008,239,0.43870463967323303,0.3651181909504765,,-0.05033337445881131,-0.06834058511240432,-0.0735864487227565
std005,0,KL008,240,0.4412839710712433,0.3663979359807716,,-0.05426472372431609,-0.07032504162744023,-0.07488603509047168
std005,0,KL008,241,0.4437897801399231,0.36768216773571216,,-0.05833057771175978,-0.07225316999566504,-0.07610761240421088
std005,0,KL008,242,0.4462074637413025,0.3689709025013322,,-0.06252341053719139,-0.0741097108830522,-0.07723656123997023
std005,0,KL008,243,0.4485184848308563,0.37026415678695523,,-0.06683118519039581,-0.07587527468761662,-0.07825432804390105
std005,0,KL008,244,0.4516253173351288,0.37156194739799375,,-0.07221074008947555,-0.07846058680701473,-0.08006336993713502
std005,0,KL008,245,0.45358797907829285,0.37286428928393267,,-0.07667741703537653,-0.07991443524256346,-0.08072368979436019
std005,0,KL008,246,0.4553802013397217,0.3741712024498265,,-0.08120899888989519,-0.08120899888989519,-0.08120899888989519
std005,0,KL009,0,-0.7200561165809631,-1.2734082674038112,215,-0.538122860561852,-0.7309999180171988,-0.5533521508228478
std005,0,KL009,1,-0.8669484853744507,-1.2778687842487448,210,-0.41646068291764377,-0.5951419211616683,-0.41092029887429393
std005,0,KL009,2,-0.947268009185791,-1.2823447782337014,205,-0.3585648055687935,-0.525195818641029,-0.3350767690479101
std005,0,KL009,3,-0.9786957502365112,-1.2868363883376808,200,-0.34916944332927996,-0.5039654747556626,-0.3081406381011694
std005,0,KL009,4,-1.0023488998413086,-1.291343667942355,195,-0.3475445564071727,-0.4904098270723425,-0.28899476810104635
std005,0,KL009,5,-1.0045223236083984,-1.295866695711338,190,-0.3685255842730929,-0.49844963832420797,-0.2913443721029396
std005,0,KL009,6,-1.0039180517196655,-1.300405634282861,185,-0.39362023105165705,-0.5094126230257282,-0.2964875825631955
std005,0,KL009,7,-1.0096311569213867,-1.3049604982889718,180,-0.4134761260520687,-0.5141418393510943,-0.29532934136758515
std005,0,KL009,8,-1.0159286260604858,-1.3095313433944369,175,-0.43385627419926354,-0.5183655380885198,-0.29360271733395116
std005,0,KL009,9,-1.0212314128875732,-1.3141182331786285,170,-0.4564545184668357,-0.5236738959227454,-0.2928868202910554
std005,0,KL009,10,-1.1617931127548218,-1.3187209966012001,165,-0.33796703648656923,-0.3924480636003496,-0.15692788384637857
std005,0,KL009,11,-1.1836411952972412,-1.3233398218836128,160,-0.3382864186555555,-0.3798424378861133,-0.13969862658637164
std005,0,KL009,12,-1.1888067722320557,-1.3279748290590736,155,-0.35626489861733057,-0.3839932074830405,-0.139168056827018
std005,0,KL009,13,-1.2065701484680176,-1.3326260834892527,150,-0.3620141399442378,-0.3754938336038462,-0.1260559350212351
std005,0,KL009,14,-1.2186486721038818,-1.3372936332075014,145,-0.37413674518992013,-0.3726836679370573,-0.11864496110361947
std005,0,KL009,15,-1.239014983177185,-1.3419775443628505,140,-0.3782626612952985,-0.3615064239774316,-0.10296256118566541
std005,0,KL009,16,-1.2464280128479004,-1.3466778703588311,135,-0.3963310992074348,-0.3633329262881553,-0.10024985751093071
std005,0,KL009,17,-1.3836102485656738,-1.3513946669404644,130,-0.27884532517587163,-0.23413057392109082,0.032215581625209266
std005,0,KL009,18,-1.6102120876312256,-1.3561277732906705,125,-0.06112260686333364,-0.013328338709203838,0.25408431434055484
std005,0,KL009,19,-1.629608392715454,-1.360877494063352,120,-0.050084666598038174,0.0003851461921593989,0.2687308986521021
std005,0,KL009,20,-1.6443884372711182,-1.3656438831121054,115,-0.043355858573879635,0.009554122693620944,0.27874455415901256
std005,0,KL009,21,-1.6189978122711182,-1.3704269836848646,110,-0.07858752424379745,-0.021780588553087836,0.2485708285862534
std005,0,KL009,22,-1.6505987644195557,-1.375226790000506,105,-0.05571859381605432,0.004114454213418679,0.27537197441904965
std005,0,KL009,23,-1.6658031940460205,-1.3800434164346662,100,-0.04893774094046452,0.013688722248325506,0.2857597776113543
std005,0,KL009,24,-1.674999713897705,-1.384876923809155,95,-0.04815518909077858,0.017271173646773143,0.29012279008855
std005,0,KL009,25,-1.6843481063842773,-1.3897273774151988,90,-0.047202627866185703,0.021023338192066893,0.29462072896907837
std005,0,KL009,26,-1.8459726572036743,-1.3945948386112201,85,0.1140597824498602,0.17860788594029625,0.45137781859245407
std005,0,KL009,27,-1.824460506439209,-1.3994794880321952,80,0.09103273622716831,0.15278319620044006,0.4249810184070135
std005,0,KL009,28,-1.8465337753295898,-1.4043812684401922,75,0.11266752493066916,0.17070804818836766,0.4421525068893975
std005,0,KL009,29,-1.849202275276184,-1.409300226838727,70,0.11501329347863427,0.1691984973415597,0.439902048437457
std005,0,KL009,30,-1.8638147115707397,-1.414236445821409,65,0.1300538707494281,0.1797234679299692,0.44957826574933046
std005,0,KL009,31,-1.8574813604354858,-1.4191899635546827,60,0.12383943553111926,0.16918292069696625,0.43829139688080276
std005,0,KL009,32,-1.9249721765518188,-1.4241608504590992,55,0.19500799918733913,0.23309086593176057,0.5008113260927193
std005,0,KL009,33,-1.9440863132476807,-1.4291490790422265,50,0.21901309953735495,0.2487664087766286,0.5149372342054538
std005,0,KL009,34,-1.9369580745697021,-1.4341548100539614,45,0.21667608575561614,0.23808064574336574,0.5028032645157405
std005,0,KL009,35,-1.9329209327697754,-1.4391781033769988,40,0.2174875036588649,0.23039665150910152,0.4937428293927763
std005,0,KL009,36,-1.9261430501937866,-1.4442190181326788,35,0.21547449770040122,0.21985368815687711,0.48192403206110745
std005,0,KL009,37,-1.4079678058624268,-1.4492776080077931,30,-0.32493990824992136,-0.30737209972761464,-0.04130980214536667
std005,0,KL009,38,-1.3590542078018188,-1.4543541995800078,25,-0.39991986409029057,-0.3659540493994345,-0.09529999177818914
std005,0,KL009,39,-1.3583539724349976,-1.4594485760907214,20,-0.4281913601701183,-0.3764615851174444,-0.10109460365572405
std005,0,KL009,40,-1.3574033975601196,-1.4645608223574265,15,-0.4583160539020927,-0.3873628557798098,-0.10715742479730711
std005,0,KL009,41,-1.342297911643982,-1.4696909979010775,10,-0.5050337814570425,-0.4127073646349972,-0.12739308625709567
std005,0,KL009,42,-1.3195221424102783,-1.4748391813086368,5,-0.562400945299917,-0.44609191032500833,-0.15531703889835868
std005,0,KL009,43,-1.487980604171753,-1.4800054180255027,0,-0.42161583816879356,-0.2866853453092562,0.007975186146249973
std005,0,KL009,44,-1.4352120161056519,-1.4757000785241672,0,-0.4964044972335773,-0.33957678271330094,-0.040488062418515575
std005,0,KL009,45,-1.61110520362854,-1.4334192049052796,0,-0.2945556418528279,-0.1236875332455155,0.17768599872326002
std005,0,KL009,46,-1.6318371295928955,-1.3909898947346115,0,-0.24531476742861774,-0.06220428171040736,0.2408472348582836
std005,0,KL009,47,-1.5746512413024902,-1.348411938935128,0,-0.27539589149842564,-0.07866064166308856,0.22623930236736206
std005,0,KL009,48,-1.502294898033142,-1.3056848046054605,0,-0.32292917037505936,-0.11046277586041184,0.19661009342768127
std005,0,KL009,49,-1.528444528579712,-1.2628076133130224,0,-0.2691817806241857,-0.04294127771525432,0.2656369152666894
std005,0,KL009,50,-1.5212081670761108,-1.2197802076414384,0,-0.24764696319979118,-0.008314564407263358,0.3014279594346725
std005,0,KL009,51,-1.6404194831848145,-1.176602049273547,0,-0.09176980817183687,0.15453499526531733,0.4638174339112676
std005,0,KL009,52,-1.598146677017212,-1.1332733133682258,0,-0.09753739484811438,0.15606795179433622,0.46487336364898635
std005,0,KL009,53,-1.5710623264312744,-1.08979244963485,30,-0.08748572248903652,0.17311361980253587,0.4812698767964248
std005,0,KL009,54,-1.0800957679748535,-1.093609834840155,25,-0.6150131069899832,-0.32601013203122536,-0.013514066865301322
std005,0,KL009,55,-1.7433817386627197,-1.0974404481620854,20,0.04456288378047119,0.3357073866854687,0.6459412905006346
std005,0,KL009,56,-1.732735514640808,-1.1012842616570604,15,0.02943764015797883,0.3233640027599706,0.6314512529837482
std005,0,KL009,57,-1.706039309501648,-1.1051415669792473,10,-0.0033949305571217003,0.2946778052831812,0.6008977425224012
std005,0,KL009,58,-1.6765882968902588,-1.1090123957888018,5,-0.040877969466967645,0.2629121630487785,0.5675759011014574
std005,0,KL009,59,-1.6530723571777344,-1.1128967960598604,0,-0.0741159877060697,0.23681247795575627,0.5401755611178746
std005,0,KL009,60,-1.6331106424331665,-1.1073047032668786,0,-0.09540836039555116,0.2236161043466415,0.5258059391662885
std005,0,KL009,61,-1.615394115447998,-1.0637325808816713,0,-0.07550458252591258,0.2509221190214029,0.5516615345663272
std005,0,KL009,62,-1.641253113746643,-1.0200077938239704,0,-0.008545515093342018,0.3226789741306487,0.6212453199226731
std005,0,KL009,63,-1.6188957691192627,-0.9761302096306835,0,0.011334827274569557,0.34661930063847046,0.6427655594885796
std005,0,KL009,64,-1.5814893245697021,-0.9320988783411168,0,0.016576136462957004,0.3557642027554751,0.6493904462285859
std005,0,KL009,65,-1.551321029663086,-0.8879132869799639,0,0.02986968506660704,0.37247747686771604,0.6634077426831226
std005,0,KL009,66,-1.5251827239990234,-0.8435728840994797,0,0.048265278249499034,0.39359618489200215,0.6816098398995442
std005,0,KL009,67,-1.4876099824905396,-0.7990771407991019,0,0.055757042168023664,0.40354550985786275,0.6885328416914379
std005,0,KL009,68,-1.4446327686309814,-0.7544255018449205,0,0.05812038956761764,0.4083044510611872,0.6902072667860613
std005,0,KL009,69,-1.4231641292572021,-0.6716569632437227,0,0.12337432151885597,0.4733501306098134,0.7515071660134797
std005,0,KL009,70,-0.8503369688987732,-0.5791082552264368,0,-0.37800522123813585,-0.007982745843783223,0.2712287136723366
std005,0,KL009,71,-0.9196560978889465,-0.48623550708979246,0,-0.22956642811556516,0.15477862643999457,0.4334205907991544
std005,0,KL009,72,-0.869825005531311,-0.3930375378062343,0,-0.19844473826427292,0.19916081579313405,0.4767874677250771
std005,0,KL009,73,-0.8649967908859253,-0.2995131503040188,0,-0.11801517875428982,0.28978207104500214,0.5654836405819068
std005,0,KL009,74,-0.9307985901832581,-0.20566125389541007,0,0.04130915608302674,0.4529997711820708,0.7251373362878483
std005,0,KL009,75,-0.9307023286819458,-0.1114805180389931,0,0.1399975344868895,0.5516472118055616,0.819221810642953
std005,0,KL009,76,-0.9119347929954529,-0.016969852712916747,0,0.22459033941571616,0.6327806294476681,0.8949649402825364
std005,0,KL009,77,-1.4013795852661133,0.07787189229798397,0,0.848976886516759,1.228432863368929,1.4792514775640975
std005,0,KL009,78,-1.099860668182373,0.13508588952523548,0,0.6341722454015767,0.9931809436758519,1.2349465577076089
std005,0,KL009,79,-0.9755620956420898,0.1830104296538914,0,0.5849402541903238,0.925211940978255,1.1585725252959815
std005,0,KL009,80,-0.9416463375091553,0.23110305096795364,0,0.62853394228815,0.9480516805106892,1.1727493884771092
std005,0,KL009,81,-0.9083884358406067,0.27936412836120605,0,0.6754003320339527,0.9719874428862155,1.1877525642018132
std005,0,KL009,82,-0.498597651720047,0.2898338345070344,,0.28872009754338973,0.5776872472833217,0.7884314862270818
std005,0,KL009,83,-0.48409852385520935,0.29085024134628795,,0.28788053227291677,0.5691577051964578,0.7749487652014978
std005,0,KL009,84,-0.4602532684803009,0.29187018735342574,,0.2772091059818209,0.5511225782690214,0.7521234558337271
std005,0,KL009,85,-0.41890448331832886,0.29289368819590744,,0.2475998250315297,0.5152454891684575,0.7117981715142367
std005,0,KL009,86,-0.3836616575717926,0.2939205866577396,,0.22290258548746172,0.48519281579598,0.6775822442295326
std005,0,KL009,87,-0.3575352132320404,0.2949510542730184,,0.2065405457539929,0.4640633857430885,0.6524862675050591
std005,0,KL009,88,-0.3384554386138916,0.29598511947763617,,0.1967708923150007,0.4498560474624356,0.6344405580915282
std005,0,KL009,89,-0.3127588927745819,0.2970227889507602,,0.17955634174314564,0.42883881868863294,0.6097816817253425
std005,0,KL009,90,-0.28978267312049866,0.2980640793354965,,0.16433053088731892,0.41037364474659915,0.5878467524559956
std005,0,KL009,91,-0.2688118815422058,0.2991090031263444,,0.15044290751340153,0.3937635889327198,0.5679208846685507
std005,0,KL009,92,-0.2476290464401245,0.30015757677884114,,0.13562726493273103,0.37678699130359383,0.5477866232189662
std005,0,KL009,93,-0.23133815824985504,0.301209812096717,,0.1252047398619333,0.364595147523207,0.5325479703465725
std005,0,KL009,94,-0.2115824669599533,0.3022657357808174,,0.11060814488490106,0.34879486144919886,0.5138482027407711
std005,0,KL009,95,-0.29461267590522766,0.3033253277981464,,0.2034579871381732,0.43667308528141746,0.5979380037033745
std005,0,KL009,96,-0.2642481029033661,0.30438859349268355,,0.18186791040358158,0.41091590275878975,0.56863669639605
std005,0,KL009,97,-0.2460126280784607,0.30545540763435824,,0.1719411611645101,0.39716628849504965,0.5514680357128192
std005,0,KL009,98,-0.23029029369354248,0.3065259289641804,,0.16416797415282236,0.3858321601079097,0.5368162226577231
std005,0,KL009,99,-0.15128393471240997,0.30760018402972755,,0.08940020911207092,0.31047580166046984,0.45888411874213775
std005,0,KL009,100,-0.1456133872270584,0.30867835277261985,,0.08790867988001093,0.3084479143174053,0.45429173999967853
std005,0,KL009,101,-0.13611836731433868,0.3097602984797498,,0.08232830088023999,0.3025493310516295,0.44587866579408875
std005,0,KL009,102,-0.12899281084537506,0.3108460139220141,,0.07896280538032795,0.29899727054291536,0.43983882476738945
std005,0,KL009,103,-0.12281706184148788,0.3119355233784209,,0.07643383301752718,0.29638136909518215,0.434752585219909
std005,0,KL009,104,-0.11443527787923813,0.3130288346796762,,0.07146304836996667,0.29152330941929533,0.42746411255891453
std005,0,KL009,105,-0.10759680718183517,0.3141259621367784,,0.06786774879665061,0.28818753703418437,0.42172276931861385
std005,0,KL009,106,-0.15710507333278656,0.3152269256065852,,0.12340753039522795,0.34174635423511013,0.47233199893937206
std005,0,KL009,107,-0.15062879025936127,0.3163318034333614,,0.12296165905051588,0.33931051281369123,0.46696059369272297
std005,0,KL009,108,-0.14281772077083588,0.3174405454149923,,0.12110951621287537,0.3355160904315523,0.46025826618582844
std005,0,KL009,109,-0.1343977153301239,0.31855316673000494,,0.11854087878846702,0.33108246377785466,0.45295088206012907
std005,0,KL009,110,-0.12772130966186523,0.3196696801278783,,0.11769399234826047,0.3283793669799529,0.4473909897897437
std005,0,KL009,111,-0.12061495333909988,0.3207900958447327,,0.11637144338533863,0.3252287249639807,0.4414050491838328
std005,0,KL009,112,-0.11422281712293625,0.3219144280375823,,0.11575241922135963,0.32278168333189244,0.4361372451605187
std005,0,KL009,113,-0.10681606084108353,0.3230426874447846,,0.11405407312976545,0.3192990053548936,0.4298587482858683
std005,0,KL009,114,-0.06206531077623367,0.32417489341484435,,0.07297791992604825,0.2780738242366494,0.3862402041910782
std005,0,KL009,115,-0.05541857331991196,0.32531097070691056,,0.06986280273123271,0.2749335096828424,0.3807295440268227
std005,0,KL009,116,-0.04863429814577103,0.32645102528220454,,0.06645197724514297,0.2716349542723573,0.37508532342797574
std005,0,KL009,117,-0.0430632159113884,0.32759506742747974,,0.06415111441716527,0.2695408570570986,0.3706582833388683
std005,0,KL009,118,-0.043473176658153534,0.32874311564532044,,0.06803704689026013,0.27347936808750717,0.3722162923034741
std005,0,KL009,119,-0.1263819932937622,0.3298951807425503,,0.15898121713900218,0.3608023221445615,0.45627717403631257
std005,0,KL009,120,-0.12916110455989838,0.3310512966565899,,0.17039451515557746,0.36808386662589276,0.4602124012164883
std005,0,KL009,121,-0.13121189177036285,0.33221146904393845,,0.18167370655648557,0.3747192217830913,0.46342336081430135
std005,0,KL009,122,-0.14032423496246338,0.33337570879287315,,0.2010137948992535,0.3885707134748917,0.4736999437553365
std005,0,KL009,123,-0.13758496940135956,0.3345440196754826,,0.20893411817158075,0.39060756166626476,0.4721289890768421
std005,0,KL009,124,-0.07270801812410355,0.33571642754370584,,0.15190252842567703,0.32991655192006186,0.40842444566780933
std005,0,KL009,125,-0.06787604838609695,0.3368929201592163,,0.1551034305273396,0.32927878954794443,0.4047689685453132
std005,0,KL009,126,-0.06720788031816483,0.33807353809514523,,0.16288538024103494,0.33285529255722757,0.40528141841331
std005,0,KL009,127,-0.061829812824726105,0.33925828423462817,,0.16615027403559174,0.33172546175615586,0.40108809705935417
std005,0,KL009,128,-0.05975232273340225,0.34044718209970726,,0.17309317377166566,0.333933170922894,0.4001995048331094
std005,0,KL009,129,-0.05319083482027054,0.34164024603691195,,0.17571476081094925,0.33164905589959415,0.3948310808571824
std005,0,KL009,130,-0.0477561429142952,0.3428374918064615,,0.17969429764578107,0.33049518671514555,0.39059363472075653
std005,0,KL009,131,-0.03388369828462601,0.3440389330590052,,0.17503616076645945,0.32082183085786126,0.3779226313436311
std005,0,KL009,132,-0.0220014825463295,0.3452445905322374,,0.17226182753200253,0.3130759644990212,0.36724607307856677
std005,0,KL009,133,-0.012359031476080418,0.3464544740174207,,0.17173271698301265,0.30752888649341514,0.358813505493501
std005,0,KL009,134,0.017503581941127777,0.34766859985364773,,0.1499249920405593,0.2815158683858164,0.33016501791251984
std005,0,KL009,135,0.03437160700559616,0.34888683029272055,,0.14067755670598467,0.26837941274086313,0.3145152232871243
std005,0,KL009,136,0.03785916417837143,0.3501093493256142,,0.14505624460916347,0.2686391167687672,0.3122501851472427
std005,0,KL009,137,0.04253985732793808,0.35133615520309747,,0.1484384728409905,0.2677095218160863,0.3087962978751593
std005,0,KL009,138,0.04630111902952194,0.35256726106168057,,0.15299627473306177,0.26771253292859404,0.3062661420321585
std005,0,KL009,139,-0.016338102519512177,0.3538026890910974,,0.22771989772871107,0.33480010076048533,0.3701407916106095
std005,0,KL009,140,0.005041575990617275,0.35504245878055707,,0.2179799786138255,0.31771350150859146,0.35000088278993974
std005,0,KL009,141,0.005544028244912624,0.35628656182148016,,0.22974637819666927,0.32155760093492247,0.35074253357656754
std005,0,KL009,142,0.010552472434937954,0.3575350195422827,,0.23743415761435152,0.32090440135801396,0.3469825471073448
std005,0,KL009,143,0.014405346475541592,0.35878783810244214,,0.24678975832844738,0.3214272466716142,0.3443824916269006
std005,0,KL009,144,0.02146921306848526,0.36004503587079345,,0.25330647113869953,0.31872742230530887,0.33857582280230825
std005,0,KL009,145,0.08875315636396408,0.3613066270165648,,0.1968266897788582,0.25518740004154256,0.2725534706526008
std005,0,KL009,146,0.09685755521059036,0.36257281225141463,,0.19970857619538845,0.25079630284222415,0.2657152570408244
std005,0,KL009,147,0.1034032329916954,0.36384342923158686,,0.20442341426441235,0.24794845408498045,0.2604401962398916
std005,0,KL009,148,0.11013101786375046,0.3651184864067057,,0.20923622839360537,0.2449009679489625,0.2549874685429554
std005,0,KL009,149,0.17263518273830414,0.36639799663347333,,0.15563291809462582,0.18549593190081223,0.1937628138951693
std005,0,KL009,150,0.1799342781305313,0.36768227094108186,,0.15735210404982283,0.18126479354673936,0.18774799281055063
std005,0,KL009,151,0.18526123464107513,0.36897102946381166,,0.16127095372219227,0.17899381813903437,0.1837097948227366
std005,0,KL009,152,0.19073353707790375,0.37026430784089176,,0.16527716763684286,0.17656390950420142,0.17953077076298807
std005,0,KL009,153,0.2712603509426117,0.3715621036842079,,0.09052442984372405,0.09830757202084502,0.10030175274159626
std005,0,KL009,154,0.26890575885772705,0.37286435615097757,,0.09910212311762061,0.10298730245812457,0.10395859729325055
std005,0,KL009,155,0.276701420545578,0.37417122286226606,,0.09746980231668806,0.09746980231668806,0.09746980231668806
std005,0,KL0010,0,-0.45425641536712646,-0.381938052442627,340,0.1509951720794307,0.034587175084201435,0.07231836292449995
std005,0,KL0010,1,-0.4129483997821808,-0.38327615724171604,335,0.11434180703183996,-0.008273885337215889,0.029672242540465212
std005,0,KL0010,2,-0.3605562150478363,-0.3846190431355407,330,0.06410884062099427,-0.06276960631171405,-0.024062828087703908
std005,0,KL0010,3,-0.24164392054080963,-0.3859666013681819,325,-0.058781136194870534,-0.1850152307818409,-0.14432268082737182
std005,0,KL0010,4,-0.20370908081531525,-0.3873187159433389,320,-0.10291407694365645,-0.2267118809908787,-0.1836096351280232
std005,0,KL0010,5,-0.18954625725746155,-0.38867559790513784,315,-0.12436952027151732,-0.24483091577292024,-0.19912934064767582
std005,0,KL0010,6,-0.18492037057876587,-0.3900369340570474,310,-0.13694189718126756,-0.25351340014638213,-0.20511656347828106
std005,0,KL0010,7,-0.18923106789588928,-0.3914030327578433,305,-0.1407983480125598,-0.2532710834669369,-0.20217196486195352
std005,0,KL0010,8,-0.19326211512088776,-0.3927739327784443,300,-0.14518227592475846,-0.2533232075993711,-0.199511817657556
std005,0,KL0010,9,-0.19613641500473022,-0.3941496526196595,295,-0.15104561892682852,-0.2545587575522309,-0.19801323761492873
std005,0,KL0010,10,-0.19332577288150787,-0.3955302085745083,290,-0.16323395110045774,-0.2615637149464429,-0.2022044356929999
std005,0,KL0010,11,-0.18900416791439056,-0.39691559786984126,285,-0.17768884418457084,-0.2701804950753959,-0.20791142995545017
std005,0,KL0010,12,-0.2278885543346405,-0.3983058564126582,280,-0.1474619194673873,-0.23525711446178812,-0.1704173020780172
std005,0,KL0010,13,-0.2079095095396042,-0.39970052826639346,275,-0.1776370588095589,-0.25945253992112893,-0.19179101872678875
std005,0,KL0010,14,-0.20694847404956818,-0.4011000397765422,270,-0.1894189617601426,-0.26469712821706826,-0.19415156572697342
std005,0,KL0010,15,-0.20586730539798737,-0.40250444413372927,265,-0.2019873187796897,-0.270131188121186,-0.1966371387357413
std005,0,KL0010,16,-0.21766646206378937,-0.403913782675253,260,-0.2017013120258394,-0.262625127084629,-0.18624732061146307
std005,0,KL0010,17,-0.22485999763011932,-0.40532805190222004,255,-0.20629072929248732,-0.2597105763301991,-0.18046805427210014
std005,0,KL0010,18,-0.23350267112255096,-0.40674727768500607,250,-0.20963974541718644,-0.2553179552828339,-0.17324460656245452
std005,0,KL0010,19,-0.2499934434890747,-0.40817147887819005,245,-0.20494809918662463,-0.24296863612926697,-0.15817803538911476
std005,0,KL0010,20,-0.26042696833610535,-0.40960063406536157,240,-0.20642905347419296,-0.23662762902843756,-0.14917366572925567
std005,0,KL0010,21,-0.27168145775794983,-0.4110347907108313,235,-0.2071677158672462,-0.22940779223748653,-0.13935333295288094
std005,0,KL0010,22,-0.28150269389152527,-0.4124739686520684,230,-0.20949817187358866,-0.22357703397257822,-0.13097127476054254
std005,0,KL0010,23,-0.29570087790489197,-0.41391820393022916,225,-0.20738880301767773,-0.21328035755388564,-0.11821732602533659
std005,0,KL0010,24,-0.30654674768447876,-0.41536750093221103,220,-0.20874175375374693,-0.20627965981813273,-0.10882075324773163
std005,0,KL0010,25,-0.3196587860584259,-0.41682187345009053,215,-0.20782546054630274,-0.19693279493622318,-0.09716308739166396
std005,0,KL0010,26,-0.3336103856563568,-0.41828133934022266,210,-0.20602217020676308,-0.18665679874229832,-0.08467095368386518
std005,0,KL0010,27,-0.3489529490470886,-0.41974591913415144,205,-0.2027046027939824,-0.17488499949006164,-0.07079297008706215
std005,0,KL0010,28,-0.35731253027915955,-0.42121558034263856,200,-0.20660723160269226,-0.17006039736301362,-0.06390305006347835
std005,0,KL0010,29,-0.37715238332748413,-0.42269041849738614,195,-0.1986760194812269,-0.15360336644362202,-0.04553803516990132
std005,0,KL0010,30,-0.3417881429195404,-0.42417041305699665,190,-0.24848085666434871,-0.19275377459273668,-0.08238227013745554
std005,0,KL0010,31,-0.37322983145713806,-0.4256561207464352,185,-0.23063878536020202,-0.16483283784562808,-0.05242628928929643
std005,0,KL0010,32,-0.4803384840488434,-0.42714700501118114,180,-0.13225834904363404,-0.06021102581400667,0.05319147903766296
std005,0,KL0010,33,-0.47965893149375916,-0.42864268251556537,175,-0.14219300164830495,-0.063417769198641,0.05101624897819451
std005,0,KL0010,34,-0.581486701965332,-0.43014361839986276,170,-0.04478223864263488,0.03687688442022861,0.1513430835654699
std005,0,KL0010,35,-0.5828734636306763,-0.431649350959016,165,-0.047987775171620506,0.03672409187806816,0.1512241126716609
std005,0,KL0010,36,-0.6570427417755127,-0.4331603596036032,160,0.025234213530479235,0.1100820003112179,0.2238823821719102
std005,0,KL0010,37,-0.650256872177124,-0.43467645743242384,155,0.017090768176565536,0.10240535675113255,0.2155804147447009
std005,0,KL0010,38,-0.6371784210205078,-0.4361978948404643,150,0.0018899144214069158,0.08829184795297793,0.2009805261800442
std005,0,KL0010,39,-0.7094850540161133,-0.4377246821100695,145,0.07576020378477219,0.16027965568277666,0.27176037190604446
std005,0,KL0010,40,-0.6938017010688782,-0.43925653275017323,140,0.06090343350657132,0.1441149999559545,0.25454516831870555
std005,0,KL0010,41,-0.6738011837005615,-0.4407937853389518,135,0.04072335639727288,0.1234245542745132,0.23300739836161036
std005,0,KL0010,42,-0.6582953929901123,-0.4423364067383327,130,0.024211817211503728,0.10706281790103879,0.21595898625178023
std005,0,KL0010,43,-0.6425015926361084,-0.44388445365314894,125,0.006524350612930614,0.0902418425650554,0.19861713898296013
std005,0,KL0010,44,-0.6187778115272522,-0.4454379445787989,120,-0.020448388684840876,0.06523722126277808,0.17333986694845396
std005,0,KL0010,45,-0.6078937649726868,-0.4469968900654227,115,-0.035337230602631726,0.052944912166723465,0.1608968749072648
std005,0,KL0010,46,-0.6487764716148376,-0.44856132592313613,110,0.003466823320184373,0.09281307548700234,0.20021514569170226
std005,0,KL0010,47,-0.614933431148529,-0.45013196088097385,105,-0.03435390718548148,0.057599079330900305,0.16480147026755596
std005,0,KL0010,48,-0.6016179919242859,-0.4517080470486043,100,-0.05257181689784019,0.04275953741699655,0.14990994487568227
std005,0,KL0010,49,-0.5973266363143921,-0.4532896765841959,95,-0.06226763198432969,0.03687992173046323,0.14403695973019687
std005,0,KL0010,50,-0.8070142269134521,-0.45487686869045013,90,0.15274728828643871,0.24707562346774167,0.3521373582230026
std005,0,KL0010,51,-0.7973266243934631,-0.4564694557286546,85,0.14817735046898708,0.23780537612906544,0.3408571686648091
std005,0,KL0010,52,-0.6360301375389099,-0.4580676123239769,80,-0.016202523814717328,0.07530269040499706,0.17796252521493355
std005,0,KL0010,53,-0.6371392607688904,-0.45967127295824983,75,-0.018291968169138122,0.07520046176757292,0.17746798781064105
std005,0,KL0010,54,-0.6316433548927307,-0.4612805526457282,70,-0.027455842581339387,0.06842116657629094,0.17036280224700295
std005,0,KL0010,55,-0.6343867182731628,-0.462895471124334,65,-0.028442639536033685,0.06989134548254569,0.17149124714882935
std005,0,KL0010,56,-0.696212887763977,-0.4645160586249731,60,0.03269728554294379,0.13105145997745826,0.23169682913900438
std005,0,KL0010,57,-0.6870735287666321,-0.4661425184298515,55,0.02235180975811754,0.12114444801715755,0.22093101033678086
std005,0,KL0010,58,-0.6837849617004395,-0.4677746833071633,50,0.017616108554639517,0.11704453282024768,0.2160102783932764
std005,0,KL0010,59,-0.6814287900924683,-0.4694125779422853,45,0.0136072799241241,0.11384213529682093,0.21201621215018326
std005,0,KL0010,60,-0.6798292994499207,-0.4710562226940317,40,0.010177859391871097,0.11136870817143317,0.20877307675588927
std005,0,KL0010,61,-0.6822634935379028,-0.4727056291598845,35,0.010807174955006566,0.11294163015859354,0.2095578643780186
std005,0,KL0010,62,-0.679508626461029,-0.47436082868244667,30,0.006000771380417737,0.10928590208035485,0.20514779777858264
std005,0,KL0010,63,-0.6740990281105042,-0.4760218420368805,25,-0.0018606363579023498,0.10290849787886028,0.19807718607362385
std005,0,KL0010,64,-0.6728328466415405,-0.47768870124956236,20,-0.005783381071390193,0.10064849349242708,0.1951441453919784
std005,0,KL0010,65,-0.6693795919418335,-0.47936141345745614,15,-0.012224579628198506,0.09615296576320193,0.19001817848437766
std005,0,KL0010,66,-0.6682578921318054,-0.4810400025228562,10,-0.016561557297842894,0.09396342961487006,0.18721788960894953
std005,0,KL0010,67,-0.5615323781967163,-0.48272448888198843,5,-0.13230058180686788,-0.014922537691800367,0.07880788931472818
std005,0,KL0010,68,-0.5575873255729675,-0.48441483401862473,0,-0.14597437248858022,-0.02109731794331361,0.07317249155434304
std005,0,KL0010,69,-0.5505104064941406,-0.44815067620265175,0,-0.12374207650676511,0.007838001629385478,0.10235973029148906
std005,0,KL0010,70,-0.5435009002685547,-0.40226936549776726,0,-0.09017103098598223,0.046847095214748835,0.14123153477078762
std005,0,KL0010,71,-0.5330025553703308,-0.3562273086062795,0,-0.05835589369604467,0.08288899635412195,0.17677524676405154
std005,0,KL0010,72,-0.5228733420372009,-0.31002394399308225,0,-0.024321669979945996,0.11983251752933,0.2128493980441188
std005,0,KL0010,73,-0.5164827704429626,-0.26365870791212437,0,0.015602108438627568,0.1610921947504902,0.25282406253083833
std005,0,KL0010,74,-0.5063856244087219,-0.179170578967766,0,0.09385465427987946,0.23753714225163552,0.32721504544095587
std005,0,KL0010,75,-0.4906391203403473,-0.08489634161804276,0,0.18059447135179268,0.31894006596872126,0.40574277872230446
std005,0,KL0010,76,-0.45299795269966125,0.009708179981047227,0,0.24923048288222127,0.3793932158509122,0.46270613268070837
std005,0,KL0010,77,-0.4352247416973114,0.10464410480852421,0,0.3427844509206531,0.4608727483466993,0.5398688465058356
std005,0,KL0010,78,-0.21900589764118195,0.1619521815995638,0,0.19282436464424588,0.30473252260947964,0.38095807924074565
std005,0,KL0010,79,-0.20650677382946014,0.20997113229825717,0,0.2396684372242364,0.3434194678003646,0.4164779061277173
std005,0,KL0010,80,-0.1887846142053604,0.25815830718934146,0,0.28369889874666177,0.37740252881706177,0.4469429213947018
std005,0,KL0010,81,-0.16871334612369537,0.30651429665899554,,0.32780173850240585,0.409538986938622,0.47522764278269086
std005,0,KL0010,82,0.09577446430921555,0.3075891257623601,,0.06723390691773981,0.14736954348526898,0.21181466145314445
std005,0,KL0010,83,0.10995417088270187,0.3086678050397673,,0.056448739741458746,0.1353966825191758,0.1987136341570654
std005,0,KL0010,84,0.12284203618764877,0.3097502346601824,,0.04646825412353715,0.12461555471535544,0.1869081984725336
std005,0,KL0010,85,0.13470067083835602,0.31083642436074427,,0.037056569187872396,0.11477257680001861,0.1761357535223882
std005,0,KL0010,86,0.1498851329088211,0.3119263744117032,,0.023657638426983797,0.10147784109152894,0.162041241502882
std005,0,KL0010,87,0.1622745394706726,0.31302008522689617,,0.01250218860029933,0.09087873280055911,0.15074554575622354
std005,0,KL0010,88,0.1718471497297287,0.3141175879891312,,0.003729167349543724,0.08302410718140295,0.14227043825940247
std005,0,KL0010,89,0.18387317657470703,0.31521888371331536,,-0.008085241802314371,0.07261797059457595,0.1313457071386083
std005,0,KL0010,90,0.19357281923294067,0.31632400946469713,,-0.01807188618118072,0.06446230863504228,0.12275119023175643
std005,0,KL0010,91,0.16937674582004547,0.31743295935144406,,0.007094448704369231,0.09046777923221415,0.14805621353139856
std005,0,KL0010,92,0.1749725490808487,0.31854607912365945,,0.0022293351947103453,0.08664981762724983,0.14357353004281076
std005,0,KL0010,93,0.18154220283031464,0.3196630445803414,,-0.003914305077352914,0.0818158404752879,0.13812084175002673
std005,0,KL0010,94,0.173740416765213,0.3207838793398735,,0.0047480611464018364,0.0914557392463809,0.1470434625746605
std005,0,KL0010,95,0.1737019121646881,0.321908199806415,,0.005697175457393429,0.09335737175778869,0.14820628764172694
std005,0,KL0010,96,0.1814441829919815,0.3230362138648005,,-0.0014909469816301547,0.08742518921484402,0.14159203087281905
std005,0,KL0010,97,0.18647964298725128,0.3241681364582444,,-0.006206119362592657,0.08417359997380451,0.13768849347099316
std005,0,KL0010,98,0.19112995266914368,0.32530397051142673,,-0.01076291345249257,0.08128446543307942,0.1341740178422831
std005,0,KL0010,99,0.19316013157367706,0.32644378659950624,,-0.012801159047988148,0.08101897989694669,0.13328365502582923
std005,0,KL0010,100,0.12466122955083847,0.3275876395056553,,0.05929447278295339,0.15199859770698065,0.20292640995481684
std005,0,KL0010,101,0.1269579976797104,0.32873594132408585,,0.06067658319738779,0.15219362863916902,0.20177794364437546
std005,0,KL0010,102,0.13037227094173431,0.3298882258634742,,0.060968640614541325,0.1512706143134055,0.19951595492173987
std005,0,KL0010,103,0.13447166979312897,0.33104453217749735,,0.060568537854297395,0.1496550317982697,0.19657286238436836
std005,0,KL0010,104,0.13774864375591278,0.33220487958336803,,0.06102672022974768,0.14886264265420152,0.19445623582745516
std005,0,KL0010,105,0.1381656676530838,0.33336927956304624,,0.06453325342780031,0.1509598682208183,0.19520361190996233
std005,0,KL0010,106,0.13880281150341034,0.33453774612742193,,0.06800709265457176,0.15286481948588382,0.19573493462401154
std005,0,KL0010,107,0.13947011530399323,0.33571029604303854,,0.07164716898265606,0.1547675341692663,0.19624018073904526
std005,0,KL0010,108,0.17491011321544647,0.3368869427367397,,0.03889186656273504,0.12157461876612878,0.1619768295212932
std005,0,KL0010,109,0.174115851521492,0.3380681633546621,,0.04256430335963081,0.12465509218142572,0.1639523118331701
std005,0,KL0010,110,0.17470873892307281,0.33925347988961774,,0.04498043951406736,0.1263735688127692,0.16454474096654487
std005,0,KL0010,111,0.17521704733371735,0.34044293994844493,,0.047623858996761755,0.12820300775320093,0.1652258926147275
std005,0,KL0010,112,0.1757335513830185,0.3416365546149641,,0.05040938928671801,0.13005090799293575,0.16590300323194557
std005,0,KL0010,113,0.1760473996400833,0.3428343389020091,,0.05356701361095069,0.13213053205680023,0.16678693926192575
std005,0,KL0010,114,0.17658372223377228,0.34403630539817487,,0.05666943325758888,0.13401489705200384,0.16745258316440256
std005,0,KL0010,115,0.176823690533638,0.345242471734338,,0.06026049817127223,0.1362261993149543,0.16841878120069997
std005,0,KL0010,116,0.17757414281368256,0.3464528485994269,,0.06351732804173936,0.1379528572576548,0.1688787057857443
std005,0,KL0010,117,0.1777123659849167,0.34766745240128105,,0.06760478658128265,0.14032412223061083,0.16995508641636434
std005,0,KL0010,118,0.1780254989862442,0.34888629758260287,,0.07173882889265643,0.14255152979797658,0.1708607985963587
std005,0,KL0010,119,0.17786715924739838,0.3501094044170495,,0.07660313206330073,0.14528665390868822,0.17224224516965117
std005,0,KL0010,120,0.17819760739803314,0.3513367881806557,,0.08122628503011656,0.14756479140085257,0.17313918078262264
std005,0,KL0010,121,0.20996136963367462,0.3525684679483928,,0.053023327843580166,0.11812434576140107,0.14260709831471824
std005,0,KL0010,122,0.2135826200246811,0.35380386042442163,,0.05297219949841855,0.11682091520734089,0.1402212403997406
std005,0,KL0010,123,0.2140180617570877,0.35504356107715035,,0.05628500879520722,0.11873048980475737,0.14102549932006267
std005,0,KL0010,124,0.21434123814105988,0.35628761183508184,,0.059904181552419056,0.12078105830629134,0.14194637369402202
std005,0,KL0010,125,0.21478517353534698,0.3575360271538895,,0.06360126840396182,0.12273876763346436,0.14275085361854253
std005,0,KL0010,126,0.21666200459003448,0.358788823139502,,0.06599990721496535,0.12327738882279494,0.14212681854946757
std005,0,KL0010,127,0.2322559952735901,0.3600460051021553,,0.0541014397366621,0.10997427893475692,0.12779000982856525
std005,0,KL0010,128,0.23311971127986908,0.3613078488943288,,0.05709618963263188,0.1114242268697983,0.12818813761445977
std005,0,KL0010,129,0.23392783105373383,0.36257410787167754,,0.060321304648494084,0.11295316089240609,0.12864627681794374
std005,0,KL0010,130,0.13687337934970856,0.36384480973157507,,0.16674427749797732,0.21335689846368516,0.22697143038186657
std005,0,KL0010,131,0.14063389599323273,0.36511999778052767,,0.17268202859276574,0.21295340177777808,0.22448610178729497
std005,0,KL0010,132,0.14404045045375824,0.3663996528104329,,0.17934065253334291,0.21291524695564853,0.22235920235667467
std005,0,KL0010,133,0.14484594762325287,0.36768379845419236,,0.18912481489908672,0.21551596569430823,0.2228378508309395
std005,0,KL0010,134,0.2362641841173172,0.3689724587970593,,0.10408117496901215,0.1266270054387063,0.1327082746797421
std005,0,KL0010,135,0.21591968834400177,0.37026570673086057,,0.1322301221788407,0.14974085031571105,0.15434601838685882
std005,0,KL0010,136,0.21574194729328156,0.3715630989432791,,0.1406608069023994,0.1527271193494643,0.15582115164999757
std005,0,KL0010,137,0.21627436578273773,0.37286504323011743,,0.14881812044954157,0.15503616604781206,0.1565906774473797
std005,0,KL0010,138,0.2181757539510727,0.3741715580420527,,0.15599580409098002,0.15599580409098002,0.15599580409098002
std005,1,KL001,0,-0.5661871433258057,-0.621716580933696,230,-0.21170692347949213,-0.1715989261320099,-0.055529437607889906
std005,1,KL001,1,-0.5393697023391724,-0.6238946383166863,225,-0.2539469799243416,-0.20303141880469083,-0.08452493597751351
std005,1,KL001,2,-0.5397445559501648,-0.6260803142674931,220,-0.2698435970012459,-0.20733076758872204,-0.08633575831732784
std005,1,KL001,3,-0.616335391998291,-0.6282736331214998,215,-0.20640952420741723,-0.1347042306795163,-0.011938241123208314
std005,1,KL001,4,-0.6764276027679443,-0.6304742886435601,210,-0.15705194786674048,-0.07802304899728126,0.04595331412438454
std005,1,KL001,5,-0.6807157397270203,-0.6326827285462787,205,-0.16387740355102706,-0.07714922816145292,0.048033011180741866
std005,1,KL001,6,-0.7076817750930786,-0.6348988560375691,200,-0.14723155767836232,-0.05337164578938711,0.07278291905550982
std005,1,KL001,7,-0.7327024936676025,-0.6371227365118693,195,-0.13179536675620052,-0.031330124781039144,0.09557975715573346
std005,1,KL001,8,-0.7457270622253418,-0.6393544082259583,190,-0.12820961971015324,-0.021193828519613114,0.10637265399938368
std005,1,KL001,9,-0.7565538883209229,-0.6415938905524669,185,-0.1267833651646293,-0.013185300627436409,0.1149599977684562
std005,1,KL001,10,-0.7682335376739502,-0.643841219863831,180,-0.12441900721696414,-0.004244415647196501,0.12439231781011945
std005,1,KL001,11,-0.7876198291778564,-0.6460964177086744,175,-0.11385230501408884,0.012561581044803302,0.14152341146918224
std005,1,KL001,12,-0.8746890425682068,-0.6483595176995649,170,-0.03151680831546089,0.0978947905087348,0.22632952486864205
std005,1,KL001,13,-0.8928927183151245,-0.6506303860376046,165,-0.017355193315698368,0.11452282110838541,0.24226233227752014
std005,1,KL001,14,-0.9145351648330688,-0.6529092304307965,160,0.0011566002370776603,0.13478672132417346,0.2616259344022725
std005,1,KL001,15,-0.9328441023826599,-0.6551960474615112,155,0.0171222080376532,0.15188325975054215,0.27764805492114897
std005,1,KL001,16,-0.9297113418579102,-0.6574908817687344,150,0.011349254819220143,0.14748991387426547,0.27222046008917594
std005,1,KL001,17,-0.9448031187057495,-0.6597936468090699,145,0.024446563626276854,0.16145646390217763,0.2850094718966798
std005,1,KL001,18,-0.9567439556121826,-0.6621044532562209,140,0.03490909800397729,0.17237736743340468,0.2946395023559619
std005,1,KL001,19,-0.9697058200836182,-0.6644233589576386,135,0.04699160283117324,0.18443631163217142,0.30528246112597984
std005,1,KL001,20,-0.979724645614624,-0.6667504025446693,130,0.056608836337539624,0.1936410880480635,0.312974243069955
std005,1,KL001,21,-0.8834514617919922,-0.6690855898950488,125,-0.045155556591330484,0.09557030468919908,0.21436587189694367
std005,1,KL001,22,-0.8635861277580261,-0.6714290480327822,120,-0.07186700067922847,0.07368210188452075,0.19215707972524426
std005,1,KL001,23,-0.7995778322219849,-0.6737799253871974,115,-0.14647500177091766,0.006977596577552821,0.12579790683478778
std005,1,KL001,24,-0.8118896484375,-0.6761391033077249,110,-0.14471194056558415,0.016680723764551632,0.13575054512977544
std005,1,KL001,25,-0.8232250213623047,-0.6785065567102351,105,-0.14392283731729574,0.02548631385164829,0.14471846465206994
std005,1,KL001,26,-0.8307764530181885,-0.6808823139178931,100,-0.14711420412696571,0.03054972420414248,0.14989413910029564
std005,1,KL001,27,-0.84149569272995,-0.6832664013763192,95,-0.14717863059425063,0.0388552745179685,0.158229291353631
std005,1,KL001,28,-0.85892653465271,-0.6856588383512241,90,-0.1402213715581681,0.05401557683123186,0.17326769630148608
std005,1,KL001,29,-0.8725854158401489,-0.6880596503383615,85,-0.13690704644339066,0.06551092396792998,0.18452576550178773
std005,1,KL001,30,-1.0402910709381104,-0.6904688675189757,80,0.02869807021548075,0.23271753732113715,0.34982220341913467
std005,1,KL001,31,-1.0791316032409668,-0.6928867705413815,75,0.06736374343599603,0.2714443024934197,0.3862448326995854
std005,1,KL001,32,-1.1141338348388672,-0.695313153986426,70,0.10402348153063512,0.3066847643050016,0.41882068085244123
std005,1,KL001,33,-1.11199951171875,-0.6977479348587817,65,0.1035277919901708,0.3047704671778451,0.4142515768599685
std005,1,KL001,34,-1.1366002559661865,-0.7001912470109102,60,0.13115423286482247,0.329842730589759,0.43640900895527657
std005,1,KL001,35,-1.18899405002594,-0.7026431239110353,55,0.18950169397637306,0.3832437016582034,0.4863509261149047
std005,1,KL001,36,-1.1638368368148804,-0.70510321881943,50,0.16930978542499203,0.3588536668082097,0.4587336179954502
std005,1,KL001,37,-1.1062651872634888,-0.7075719313829384,45,0.1139530004798562,0.3014781302011451,0.3986932558805502
std005,1,KL001,38,-1.117855429649353,-0.7100494982299396,40,0.12849264559406426,0.31338402713733665,0.40780593141941335
std005,1,KL001,39,-1.1210544109344482,-0.712535770406627,35,0.13497548086279804,0.31693525672802775,0.4085186405278209
std005,1,KL001,40,-1.1133034229278564,-0.7150307525339071,30,0.13028534737621458,0.30946303031870503,0.3982726703939489
std005,1,KL001,41,-1.1473872661590576,-0.7175344472553232,25,0.16939634895352765,0.34417374827649344,0.429852818903734
std005,1,KL001,42,-1.1430912017822266,-0.7200466638475477,20,0.17018472624996217,0.34046996772700694,0.42304453793467844
std005,1,KL001,43,-1.1300299167633057,-0.7225677130575021,15,0.16180676934012003,0.3278770825027915,0.4074622037058032
std005,1,KL001,44,-1.1196014881134033,-0.7250975801076145,10,0.15577658413815076,0.31781812051183483,0.3945039080057886
std005,1,KL001,45,-1.1100490093231201,-0.7276362940740129,5,0.15036731277676751,0.3085436755966229,0.3824127152491069
std005,1,KL001,46,-0.993492603302002,-0.7301838831351463,0,0.032052931923938204,0.19109177860609605,0.2633087201668554
std005,1,KL001,47,-0.989207923412323,-0.723250153584865,0,0.03567549035769499,0.19544221932773698,0.2659577698274577
std005,1,KL001,48,-0.9687929153442383,-0.6783317041017521,0,0.062496923129632065,0.2219177685692561,0.29046121124248586
std005,1,KL001,49,-0.9864920973777771,-0.6332558419887747,0,0.13102445702277501,0.28732591177506145,0.3532362553890022
std005,1,KL001,50,-0.9652371406555176,-0.5880222153966859,0,0.16234163069005184,0.31421580539855215,0.37721492525883155
std005,1,KL001,51,-0.9477975368499756,-0.5426300255054726,0,0.19951721202666095,0.34540167416704587,0.4051675113445028
std005,1,KL001,52,-0.9320747256278992,-0.4970787861039423,0,0.24065798953264333,0.37880878479562047,0.43499593952395665
std005,1,KL001,53,-0.9159287214279175,-0.45136793448128654,0,0.2837283395888966,0.4122997633119158,0.4645607869466307
std005,1,KL001,54,-0.8845301866531372,-0.4054969238935661,0,0.3132286538444038,0.43089810992202715,0.4790332627595708
std005,1,KL001,55,-1.2457982301712036,-0.35946564942584663,0,0.7578389806130632,0.8464937107919488,0.8863325807453568
std005,1,KL001,56,-0.9698875546455383,-0.31327303320548955,0,0.5554428526691154,0.6228647126076389,0.6566145214400486
std005,1,KL001,57,-0.9131485223770142,-0.2669184413446754,0,0.5733725585194138,0.6185474957868986,0.6462300810323386
std005,1,KL001,58,-0.47454366087913513,-0.2298915911008225,115,0.18056765440901193,0.21906312250765944,0.24465206977831244
std005,1,KL001,59,-0.42876625061035156,-0.23069535195440946,110,0.1408020490613433,0.17413363004921045,0.1980708986559419
std005,1,KL001,60,-0.39893028140068054,-0.2315019998753901,105,0.11574607935524166,0.1448556993681916,0.16742828152529027
std005,1,KL001,61,-0.3702700436115265,-0.23231152452890308,100,0.09062656280466715,0.11647156355652491,0.13795851908262327
std005,1,KL001,62,-0.36947524547576904,-0.23312393358514438,95,0.09353001642127454,0.11594855670671911,0.13635131189062452
std005,1,KL001,63,-0.32292822003364563,-0.23393868865652379,90,0.04844021072319369,0.06920736338449802,0.08898953137712166
std005,1,KL001,64,-0.29819005727767944,-0.2347562232670558,85,0.023939408526219993,0.04402257976424357,0.0634338340106234
std005,1,KL001,65,-0.28010472655296326,-0.23557664476534246,80,0.005152923316134501,0.025301833418319167,0.044528081787620535
std005,1,KL001,66,-0.25958722829818726,-0.23639996772167937,75,-0.017185114909875135,0.003932977744509774,0.0231872605765076
std005,1,KL001,67,-0.22783532738685608,-0.2372262003903982,70,-0.0525312671290249,-0.029002644749320898,-0.009390873003542414
std005,1,KL001,68,-0.22692140936851501,-0.23805592152966212,65,-0.0572905895303214,-0.031126261545515427,-0.0111345121611474
std005,1,KL001,69,-0.13149133324623108,-0.2388885264325031,60,-0.16180525322685918,-0.12874645348061603,-0.10739719318627233
std005,1,KL001,70,-0.17629490792751312,-0.23972405564889748,55,-0.1242398323928938,-0.085710313928266,-0.06342914772138468
std005,1,KL001,71,-0.2366514652967453,-0.2405633088687545,50,-0.06835325741217463,-0.026536442152213215,-0.003911843572009514
std005,1,KL001,72,-0.27666959166526794,-0.24140488353720616,45,-0.030949992872546905,0.012687715444457962,0.03526470812806148
std005,1,KL001,73,-0.23760883510112762,-0.24224992468337,40,-0.07482925397861179,-0.027572915882682694,-0.0046410895822427065
std005,1,KL001,74,-0.19142954051494598,-0.24309738880788542,35,-0.1285283531208548,-0.07543436596434552,-0.051667848292939786
std005,1,KL001,75,-0.16754858195781708,-0.24394783435016176,30,-0.16160953505588527,-0.1012616589260514,-0.07639925239234506
std005,1,KL001,76,-0.15073995292186737,-0.24480157537509406,25,-0.18902153879157704,-0.12021327373343688,-0.09406162245322708
std005,1,KL001,77,-0.1283768266439438,-0.24565832254644362,20,-0.2237622414665392,-0.14497452161760307,-0.11728149590250023
std005,1,KL001,78,-0.23126311600208282,-0.2465180777192201,15,-0.12853556916018669,-0.043479815417650086,-0.015254961717137666
std005,1,KL001,79,-0.19258172810077667,-0.24738014513875736,10,-0.17734308738361784,-0.08396178178744033,-0.054798417037981065
std005,1,KL001,80,-0.18202273547649384,-0.24824529157930555,5,-0.19915430955106694,-0.09645262869164581,-0.06622255610281208
std005,1,KL001,81,-0.2751629054546356,-0.24911347661206562,0,-0.11299798538983773,-0.004329861405483363,0.026049428842569652
std005,1,KL001,82,-0.24758051335811615,-0.20253408121039418,0,-0.09946123308681254,0.014707777809107488,0.04504643214772164
std005,1,KL001,83,-0.2250574380159378,-0.15579142893969603,0,-0.07973471256620442,0.039213187118806586,0.06926600907624142
std005,1,KL001,84,-0.2752435505390167,-0.10888501649527628,0,0.017721841064885557,0.13757617584399195,0.16635853404374007
std005,1,KL001,85,-0.2998274862766266,-0.06181485280141916,0,0.09353173955503952,0.2112418471516141,0.238012633475207
std005,1,KL001,86,-0.29250630736351013,-0.014579806092639307,0,0.139936189864709,0.2535978953791714,0.27792650127087043
std005,1,KL001,87,-0.27359506487846375,0.03282073370752017,0,0.17678105439057007,0.2848504555522003,0.30641579858598356
std005,1,KL001,88,-0.33904585242271423,0.080387334770674,0,0.30457287729073573,0.40181038816504,0.41943318719338785
std005,1,KL001,89,-0.30400529503822327,0.12812103563338653,0,0.33354060771649974,0.4186280661731997,0.4321263306716094
std005,1,KL001,90,-0.2689743936061859,0.1760219509245146,0,0.36427915837044295,0.4358088740371683,0.44499634453070014
std005,1,KL001,91,-0.2361631840467453,0.22409066639597314,0,0.3992145792608066,0.45559009012047147,0.46025385044271805
std005,1,KL001,92,-0.18704856932163239,0.27232776341466275,0,0.41907704667695933,0.4592891229270081,0.4593763327362947
std005,1,KL001,93,0.12960167229175568,0.2827738413802186,,0.11866493035220448,0.15463096335007162,0.15317216908846248
std005,1,KL001,94,0.15379510819911957,0.2837664118375443,,0.10036122071106257,0.1327628375465629,0.1299713036384243
std005,1,KL001,95,0.17258532345294952,0.2847624291378819,,0.08680344843154397,0.11613981865611567,0.1121771056849319
std005,1,KL001,96,0.18609680235385895,0.2857618957747801,,0.07810792932253754,0.10468857656952031,0.0996650934209207
std005,1,KL001,97,0.19478829205036163,0.2867648289207343,,0.07404614900298406,0.097997597090133,0.09197653687037219
std005,1,KL001,98,0.20827914774417877,0.28777136057517727,,0.06473579064532947,0.08639835295537018,0.079492212830998
std005,1,KL001,99,0.3016062080860138,0.2887813952294201,,-0.029087303226926493,-0.005954015399906851,-0.012824812856594158
std005,1,KL001,100,0.31328240036964417,0.2897949861215578,,-0.04190198373629282,-0.01676014458329088,-0.0234874142480868
std005,1,KL001,101,0.3694072365760803,0.29081209819377,,-0.10218339808345048,-0.07256999793041188,-0.07859513838231072
std005,1,KL001,102,0.1965159922838211,0.29183250429335145,,0.07541642590446225,0.10238662942692686,0.09531651200952992
std005,1,KL001,103,0.2210344523191452,0.292856923166286,,0.05458174687728085,0.07971450534203568,0.07182247084714037
std005,1,KL001,104,0.2356107085943222,0.2938848276551479,,0.04312946069481239,0.06686242968020678,0.05827411906082531
std005,1,KL001,105,0.2622021734714508,0.2949163363020078,,0.018438359108640456,0.041750065520160556,0.03271416283055664
std005,1,KL001,106,0.26496633887290955,0.2959509684585581,,0.01753558612017562,0.04045675954275855,0.030984629585648217
std005,1,KL001,107,0.29967644810676575,0.29698923381280423,,-0.017035136880038677,0.006886973507774494,-0.002687214293961862
std005,1,KL001,108,0.25353512167930603,0.29803117146502484,,0.0316819531185098,0.054650286145073015,0.04449604978571848
std005,1,KL001,109,0.26700201630592346,0.2990766591643478,,0.020226998545741122,0.04269137097706918,0.03207464285842401
std005,1,KL001,110,0.2807333767414093,0.3001257752389202,,0.007898150350733995,0.030349823361343804,0.01939239849751058
std005,1,KL001,111,0.2920285761356354,0.3011785291739989,,-0.0025100718349686177,0.020349262762443796,0.00914995303836321
std005,1,KL001,112,0.30346760153770447,0.30223493422809466,,-0.013614259116108723,0.010106951671312932,-0.0012326673096100787
std005,1,KL001,113,0.3100045621395111,0.30329501302521067,,-0.02014160326160713,0.004716970926563907,-0.006709549114300748
std005,1,KL001,114,0.31540969014167786,0.3043587961103301,,-0.025821064135465737,0.00041986044546737456,-0.011050894031348034
std005,1,KL001,115,0.3181517422199249,0.3054262877537132,,-0.028997237645380307,-0.0012267769402715505,-0.012725454466212047
std005,1,KL001,116,0.32134032249450684,0.30649750823431765,,-0.0328122209791868,-0.0033372202827699066,-0.014842814260189522
std005,1,KL001,117,0.32331910729408264,0.3075724670841193,,-0.03555684999196004,-0.004243164994568084,-0.015746640209963705
std005,1,KL001,118,0.32577642798423767,0.3086511739568192,,-0.03895249906592698,-0.0056378518664080566,-0.017125254027418824
std005,1,KL001,119,0.32794323563575745,0.3097336470252373,,-0.04222453807168792,-0.006749431617598459,-0.018209588610520425
std005,1,KL001,120,0.24571822583675385,0.31081990030157425,,0.043160612930746446,0.0773757425708945,0.06510167446482013
std005,1,KL001,121,0.24720783531665802,0.31190981874971396,,0.0449305743092085,0.07779702725168543,0.0647019834330557
std005,1,KL001,122,0.24959833920001984,0.3130035494071866,,0.045857396556273286,0.07731932926375765,0.06340521020716651
std005,1,KL001,123,0.24382059276103973,0.3141010954554023,,0.055443374360793746,0.08509431670984634,0.0702805026943624
std005,1,KL001,124,0.24249280989170074,0.3152022037028126,,0.06086345229359617,0.0884597090276263,0.07270939381111172
std005,1,KL001,125,0.2462490200996399,0.3163071703223179,,0.061232319283920665,0.08673096043363564,0.07005815022267788
std005,1,KL001,126,0.2484353929758072,0.3174159995461993,,0.06328826526466264,0.08657761048117599,0.068980606570392
std005,1,KL001,127,0.2501439154148102,0.3185287052268174,,0.06597105672081345,0.08691257522684476,0.06838478981200713
std005,1,KL001,128,0.29945114254951477,0.3196453013076278,,0.0187073352793691,0.03917864764001901,0.02019415875811288
std005,1,KL001,129,0.29908880591392517,0.3207656555547219,,0.021247175456023497,0.04113924817637863,0.02167684964079662
std005,1,KL001,130,0.30069515109062195,0.32188992562430413,,0.0218564156546273,0.041136732044340124,0.02119477453368203
std005,1,KL001,131,0.21159373223781586,0.3230181250805711,,0.1179877391559502,0.13276386087838352,0.11142439284275509
std005,1,KL001,132,0.2137160748243332,0.3241500353944818,,0.12317926663261555,0.13317999703966324,0.11043396057014843
std005,1,KL001,133,0.21551655232906342,0.32528590008752656,,0.12900980038698456,0.13393442522782578,0.10976934775846299
std005,1,KL001,134,0.2166050225496292,0.3264257300391181,,0.13592481487002778,0.13542470069841508,0.10982070748948874
std005,1,KL001,135,0.2168641835451126,0.32756955087678186,,0.14410624984032946,0.13777683928745996,0.11070536733166905
std005,1,KL001,136,0.21956655383110046,0.3287173763265527,,0.15017761454680092,0.13769408737846972,0.10915082249545205
std005,1,KL001,137,0.22065602242946625,0.32986921056444307,,0.158298661463459,0.13924895140076676,0.1092131881349767
std005,1,KL001,138,0.22169555723667145,0.3310250769330812,,0.166933659944801,0.14087931433668716,0.10932951969640958
std005,1,KL001,139,0.22322513163089752,0.33218497281036785,,0.17554296078995016,0.14204058470681727,0.10895984117947013
std005,1,KL001,140,0.22518116235733032,0.3333489252397198,,0.18419386741223567,0.14279233690261917,0.10816776288238927
std005,1,KL001,141,0.22674454748630524,0.3345169409686525,,0.1937525005822709,0.1439578624690884,0.10777239348234702
std005,1,KL001,142,0.22837072610855103,0.33568903910417597,,0.20378913064637488,0.14508138114347674,0.10731831299562469
std005,1,KL001,143,0.22914986312389374,0.33686523348432074,,0.2152886305320214,0.1470815670640086,0.10771537036042675
std005,1,KL001,144,0.23117287456989288,0.3380455366486637,,0.22612929851042324,0.14785534207255968,0.10687266207877058
std005,1,KL001,145,0.35332027077674866,0.33922997410297195,,0.11114124935529061,0.027309067642147446,-0.014090296673776911
std005,1,KL001,146,0.35639306902885437,0.3404185644726829,,0.11546928765969147,0.02582819532228703,-0.015974504556171665
std005,1,KL001,147,0.45412155985832214,0.3416113206483501,,0.02041484321610577,-0.0712738106358687,-0.11251023920997227
std005,1,KL001,148,0.4512355327606201,0.34280914174138993,,0.026278346892441865,-0.06772270679215092,-0.1084263910192304
std005,1,KL001,149,0.522925853729248,0.3440110680934047,,-0.046040077989553105,-0.1394631164630515,-0.1789147856358435
std005,1,KL001,150,0.5453863739967346,0.3452175859038933,,-0.07034580927044999,-0.16220089856080086,-0.20016878809284158
std005,1,KL001,151,0.5462219715118408,0.34642859082073835,,-0.07317424501809915,-0.16332571780620728,-0.19979338069110264
std005,1,KL001,152,0.5472591519355774,0.34764383227964696,,-0.07637109514972662,-0.16466654816211132,-0.19961531965593057
std005,1,KL001,153,0.5482193827629089,0.34886332760870675,,-0.07966317047382263,-0.16594427414855634,-0.1993560551542023
std005,1,KL001,154,0.5497586131095886,0.35008709255453746,,-0.0837465897200406,-0.16782088136191278,-0.19967152055505125
std005,1,KL001,155,0.5507710576057434,0.35131514356751403,,-0.08749979956237887,-0.16918553304719688,-0.19945591403822954
std005,1,KL001,156,0.551618218421936,0.35254749427328397,,-0.09128667563199507,-0.17039826553668663,-0.1990707241486522
std005,1,KL001,157,0.5524082183837891,0.3537841605046709,,-0.09522353628976171,-0.17156680579194908,-0.19862405787911827
std005,1,KL001,158,0.5531215071678162,0.35502515753579267,,-0.09929846000006462,-0.17267100536816002,-0.1980963496320235
std005,1,KL001,159,0.5537265539169312,0.3562705009110416,,-0.10348631459816915,-0.1736784084159683,-0.1974560530058895
std005,1,KL001,160,0.554168701171875,0.35752020633714227,,-0.10773632486800484,-0.1745328676622959,-0.19664849483473265
std005,1,KL001,161,0.5539807081222534,0.3587742897316879,,-0.11156075910370111,-0.1747609124000666,-0.1952064183905655
std005,1,KL001,162,0.5534269213676453,0.3600327808574317,,-0.11521621743099322,-0.17462323059435064,-0.19339414051021356
std005,1,KL001,163,0.5527291297912598,0.3612956914833469,,-0.11892799812947057,-0.1743401611620872,-0.19143343830791287
std005,1,KL001,164,0.5539812445640564,0.36256303038202703,,-0.12490392846339882,-0.1760252992163723,-0.1914182141820294
std005,1,KL001,165,0.5564277172088623,0.36383481041337024,,-0.13246902179561135,-0.17893541281406172,-0.19259290679549204
std005,1,KL001,166,0.5577301383018494,0.3651110531810902,,-0.13924688442832833,-0.18072094798108854,-0.1926190851207591
std005,1,KL001,167,0.5590672492980957,0.36639176993590306,,-0.14643818427931846,-0.18256126662215522,-0.19267547936219262
std005,1,KL001,168,0.5602210760116577,0.3676769774398617,,-0.1538366304327756,-0.18423681617733528,-0.192544098571796
std005,1,KL001,169,0.5588863492012024,0.3689666940561801,,-0.1590279633326968,-0.18341744039612706,-0.18991965514502238
std005,1,KL001,170,0.5612391829490662,0.37026075318591933,,-0.16839842183992423,-0.18631659877494436,-0.19097842976314686
std005,1,KL001,171,0.5626079440116882,0.3715593529468515,,-0.17725207170412208,-0.1882529556770259,-0.19104859106483676
std005,1,KL001,172,0.5631700158119202,0.3728625138291744,,-0.18575015039140785,-0.18939603166447816,-0.19030750198274576
std005,1,KL001,173,0.46563664078712463,0.3741702512561371,,-0.09146638953098751,-0.09146638953098751,-0.09146638953098751
std005,1,KL002,0,-1.2349445819854736,-0.9589254286063804,235,-0.26968748726267966,0.033332566126331176,0.27601915337909144
std005,1,KL002,1,-1.2695832252502441,-0.9622846405304771,230,-0.25296850873294474,0.06440573828109142,0.30729858471976534
std005,1,KL002,2,-1.3097394704818726,-0.9656555929349722,225,-0.22962764176099712,0.10135352712722726,0.3440838775468986
std005,1,KL002,3,-1.341174840927124,-0.969038351076851,220,-0.2143001887603632,0.1298542116424841,0.3721364898502713
std005,1,KL002,4,-1.3705987930297852,-0.9724329579091313,215,-0.20034271506517187,0.15660066358352062,0.3981658351206522
std005,1,KL002,5,-1.3991050720214844,-0.9758394541881558,210,-0.18667364754263857,0.18268086757946847,0.4232656178333269
std005,1,KL002,6,-1.4224045276641846,-0.9792578825596945,205,-0.17782074064715397,0.20375650770007211,0.4431466451044884
std005,1,KL002,7,-1.4396114349365234,-0.982688294136668,200,-0.1749683876085602,0.21888306748442074,0.4569231407998537
std005,1,KL002,8,-1.4617700576782227,-0.9861307438503566,195,-0.1668065405015908,0.2391567719522743,0.4756393138278645
std005,1,KL002,9,-1.485992193222046,-0.9895852645652783,190,-0.15609463625014902,0.2617129370953001,0.49640692865676617
std005,1,KL002,10,-1.512949824333191,-0.9930519040358883,185,-0.14198932232945485,0.2872541579166781,0.5198979202973011
std005,1,KL002,11,-1.5387356281280518,-0.9965306933029471,180,-0.12842253116454494,0.3118646904704028,0.5422049348251033
std005,1,KL002,12,-1.5911388397216797,-1.0000216843796448,175,-0.08616845382497695,0.36360591221461963,0.5911171553420336
std005,1,KL002,13,-1.609316349029541,-1.0035247816570974,170,-0.07775483246755653,0.3812961399023266,0.6057915673724424
std005,1,KL002,14,-1.6313331127166748,-1.0070401492099037,165,-0.06489307549144183,0.4030413707088578,0.6242929635067698
std005,1,KL002,15,-1.6512339115142822,-1.0105678441093178,160,-0.053615491518418976,0.42286794060996075,0.640666067404963
std005,1,KL002,16,-1.667896032333374,-1.0141079043133325,155,-0.04518529447655559,0.4396231191437252,0.6537881280200402
std005,1,KL002,17,-1.7831275463104248,-1.0176603747127295,150,0.0674154853349878,0.5561129081181965,0.765467171597694
std005,1,KL002,18,-1.7986292839050293,-1.0212252812333655,145,0.08095421886577488,0.5730466780052003,0.7774040026716625
std005,1,KL002,19,-1.8044390678405762,-1.0248026932167855,140,0.08499620528406532,0.5803666970560388,0.7796363746237894
std005,1,KL002,20,-1.7899318933486938,-1.0283926498668556,135,0.06785812505936784,0.5672438100584312,0.7615392434818369
std005,1,KL002,21,-1.6883915662765503,-1.0319951980366302,130,-0.04180552129476165,0.46608097923098435,0.6563963682399186
std005,1,KL002,22,-1.6885262727737427,-1.0356099506370737,125,-0.05024410753823727,0.4666001140271772,0.6529163221366675
std005,1,KL002,23,-1.6871449947357178,-1.03923733127821,120,-0.06075418372208971,0.4655945932261911,0.6479076634575063
std005,1,KL002,24,-1.689249873161316,-1.0428774310789797,115,-0.06818146219513681,0.4681016059070647,0.6463724420823347
std005,1,KL002,25,-1.6925393342971802,-1.0465302941530135,110,-0.07478788684207001,0.4718319040411294,0.6460090401441652
std005,1,KL002,26,-1.8345139026641846,-1.0501959619754355,105,0.06420580132271429,0.6156874030072389,0.7843179406887474
std005,1,KL002,27,-1.8352779150009155,-1.0538745898704678,100,0.06186113963453316,0.6183656018315172,0.7814033251304462
std005,1,KL002,28,-1.8347059488296509,-1.0575661291829692,95,0.057975292655903794,0.6197281319339932,0.7771398196466801
std005,1,KL002,29,-1.8364055156707764,-1.0612706095891826,90,0.05626378546262725,0.6234057423613216,0.7751349060815922
std005,1,KL002,30,-1.848630666732788,-1.0649880745597897,85,0.06552917545204684,0.6377593992378624,0.7836425921729969
std005,1,KL002,31,-1.857074499130249,-1.0687185735130011,80,0.07129095667102894,0.6484460529069087,0.7883559256172464
std005,1,KL002,32,-2.014789342880249,-1.0724621495737516,75,0.23447347138442765,0.8100273832295558,0.9423271933064964
std005,1,KL002,33,-1.96867835521698,-1.0762187538197423,70,0.19171129154460087,0.7673699434203807,0.8924596013972368
std005,1,KL002,34,-2.1430423259735107,-1.079989065785822,65,0.37878915106891575,0.9469952702518122,1.0630532601876879
std005,1,KL002,35,-2.0899658203125,-1.0837721454105136,60,0.33634954285844015,0.8987162072115564,1.0061936749019855
std005,1,KL002,36,-2.030787467956543,-1.0875689083287936,55,0.2852920544373709,0.8438025416535814,0.9432185596277485
std005,1,KL002,37,-1.9659150838851929,-1.0913780999107046,50,0.22558448365195502,0.7825986219380939,0.8745369839744873
std005,1,KL002,38,-1.982475996017456,-1.0952007687060348,45,0.24847257944299422,0.8030451868044071,0.8872752273114204
std005,1,KL002,39,-1.9865570068359375,-1.0990368107185016,40,0.25945193096875274,0.8111060943560968,0.887520196117435
std005,1,KL002,40,-1.9873114824295044,-1.1028862795046908,35,0.26753298388735464,0.8159023880522356,0.8844252029248127
std005,1,KL002,41,-1.9847338199615479,-1.1067492391434994,30,0.2725588599235391,0.817395634507028,0.8779845808180476
std005,1,KL002,42,-1.9837796688079834,-1.1106257321859645,25,0.2795862597680209,0.8205582837695692,0.873153936622018
std005,1,KL002,43,-1.96783447265625,-1.1145157997600117,20,0.2712329209307104,0.8086249871513906,0.8533186728962375
std005,1,KL002,44,-1.9625935554504395,-1.1184194949361277,15,0.2737355972081412,0.8073977561967359,0.844174060514311
std005,1,KL002,45,-1.9485318660736084,-1.1223368524029165,10,0.26711354580646623,0.7972624786422001,0.8261950136706911
std005,1,KL002,46,-1.9467037916183472,-1.1262679345203266,5,0.27304789433590937,0.7993959083737133,0.8204358570980198
std005,1,KL002,47,-1.9446942806243896,-1.1302127732208656,0,0.2791322382220204,0.801381656222988,0.8144815074035233
std005,1,KL002,48,-1.9353978633880615,-1.1246813109986495,0,0.2878858374953943,0.8056270731512016,0.8107165523894112
std005,1,KL002,49,-1.9781458377838135,-1.0811700148119419,0,0.3919086658447697,0.9008772842410783,0.8969758229718711
std005,1,KL002,50,-1.973564863204956,-1.037506419754944,0,0.45181226327874285,0.9494682570903239,0.9360584434500114
std005,1,KL002,51,-1.9702199697494507,-0.9936898562492262,0,0.516407630435656,0.9999867797627098,0.9765301135002238
std005,1,KL002,52,-1.9586880207061768,-0.9497197926273526,0,0.5760353519418117,1.0429364454223082,1.0089682280788235
std005,1,KL002,53,-1.9469175338745117,-0.9055956874409284,0,0.6388127111553258,1.0862717983837191,1.0413218464335827
std005,1,KL002,54,-1.9426498413085938,-0.8613169975401387,0,0.7130667488466269,1.13781847449458,1.0813328437684546
std005,1,KL002,55,-1.9296233654022217,-0.8168831832192252,0,0.7822987049611648,1.1812360860991171,1.1127401821829963
std005,1,KL002,56,-1.7927684783935547,-0.7722932063820641,0,0.7251326376650549,1.1002133024459384,1.0204752720114905
std005,1,KL002,57,-1.7239434719085693,-0.727546946886591,0,0.7368621891955027,1.0872868067781543,0.9963965250219781
std005,1,KL002,58,-1.6767611503601074,-0.6826440646936177,0,0.7722877923510612,1.096288712661816,0.9941170856664896
std005,1,KL002,59,-1.6119117736816406,-0.6375838636598115,0,0.7912856622914074,1.0877348710130452,0.9743279100218291
std005,1,KL002,60,-1.5510919094085693,-0.5923657880316939,0,0.8158342492394042,1.083364074358114,0.9587261213768753
std005,1,KL002,61,-1.1111202239990234,-0.5564794093243909,215,0.43289292959528214,0.686581282474374,0.5546408146746324
std005,1,KL002,62,-1.102054238319397,-0.5584276463345828,210,0.4436338221348059,0.6828579273414948,0.5436265919848142
std005,1,KL002,63,-1.0570238828659058,-0.5603826903098296,205,0.4171558648651617,0.6427882441179676,0.4966411925560762
std005,1,KL002,64,-1.0217232704162598,-0.5623445957984496,200,0.3995945779829131,0.612159384830683,0.4593786746178103
std005,1,KL002,65,-0.9811501502990723,-0.5643133583872294,195,0.3756244483171343,0.5759119289928092,0.416836791911843
std005,1,KL002,66,-0.9419357180595398,-0.5662890441878645,190,0.3518841388885865,0.5406860330486183,0.3756466738716754
std005,1,KL002,67,-0.9239169359207153,-0.5682716675415896,185,0.34926260534462894,0.5265281682315509,0.35564526837912586
std005,1,KL002,68,-0.8921850919723511,-0.570261074542815,180,0.33212525373578516,0.4983895461248151,0.32192401742953614
std005,1,KL002,69,-0.8760740756988525,-0.5722574689547852,175,0.3305827218700698,0.4857580091271322,0.3038166067440674
std005,1,KL002,70,-0.8233795166015625,-0.5742610181048844,170,0.2905035745029512,0.4360579602487666,0.24911849849667814
std005,1,KL002,71,-0.8037219643592834,-0.576272443126213,165,0.28313642187977656,0.4192363381545726,0.22744952123307055
std005,1,KL002,72,-0.8459174633026123,-0.5782909324695765,160,0.34053531078622434,0.4647326500320839,0.2676265308330359
std005,1,KL002,73,-0.8541933298110962,-0.5803166397643206,155,0.3653062370218664,0.4764378006098719,0.2738766900467756
std005,1,KL002,74,-0.7867347002029419,-0.582349228518569,150,0.3117214381369971,0.41177404909969956,0.20438547168437293
std005,1,KL002,75,-0.7698142528533936,-0.5843889916846026,145,0.30856558687865465,0.3975156356068031,0.185425261168791
std005,1,KL002,76,-0.7098142504692078,-0.5864358875730448,140,0.2599475192284355,0.33960793130174827,0.123378362896163
std005,1,KL002,77,-0.6438817977905273,-0.588490039779022,135,0.20256781101087565,0.2751302462940996,0.05539175801150533
std005,1,KL002,78,-0.6129732131958008,-0.590551135127444,130,0.17906715920922966,0.2453843214068245,0.02242207806835687
std005,1,KL002,79,-0.5722530484199524,-0.5926195065312535,125,0.1440289162654007,0.2054313054004306,-0.020366458111301014
std005,1,KL002,80,-0.5753264427185059,-0.5946951360030152,120,0.1532659828573586,0.20931334579845026,-0.019368693284509235
std005,1,KL002,81,-0.6038635969161987,-0.5967781868176034,115,0.18981574466638332,0.23895827991535187,0.007085410098595361
std005,1,KL002,82,-0.5489839315414429,-0.5988690029970606,110,0.1405110601168704,0.18464669314563323,-0.0498850714556177
std005,1,KL002,83,-0.5335448384284973,-0.600967241209979,105,0.13014824414182652,0.16962737960917415,-0.06742240278148179
std005,1,KL002,84,-0.5094273090362549,-0.6030728010651276,100,0.11012357457682201,0.1456917746420242,-0.09364549202887278
std005,1,KL002,85,-0.6338303089141846,-0.6051849986184089,95,0.24539824805874066,0.2715365235413654,0.028645310295775613
std005,1,KL002,86,-0.6597127914428711,-0.6073050133603991,90,0.28412649160242803,0.2991414392505132,0.05240777808247196
std005,1,KL002,87,-0.5710100531578064,-0.6094323397803174,85,0.20432454170860415,0.21128875869376618,-0.038422286622511063
std005,1,KL002,88,-0.6451231837272644,-0.6115671326328135,80,0.2917404284892868,0.2870121464888106,0.03355605109445081
std005,1,KL002,89,-0.6224299073219299,-0.6137094097211536,75,0.28190472859593263,0.2657218620006115,0.008720497600776214
std005,1,KL002,90,-0.5838195085525513,-0.6158591801682047,70,0.25484392894696045,0.22814360096582034,-0.03203967161565349
std005,1,KL002,91,-0.4141731560230255,-0.6180162654901258,65,0.08846911955352868,0.0578300847901313,-0.20384310946710024
std005,1,KL002,92,-0.5712201595306396,-0.6201811456171523,60,0.25723730110350856,0.2157869185179369,-0.0489609860865126
std005,1,KL002,93,-0.5562326312065125,-0.6223535879821006,55,0.25384229158075056,0.20157026469782297,-0.06612095677558814
std005,1,KL002,94,-0.5400983691215515,-0.624533683196089,50,0.24910422110189903,0.18605437808994,-0.08443531407453751
std005,1,KL002,95,-0.5161386132240295,-0.6267213922576873,45,0.23592147370009547,0.16247943961850736,-0.11058277903365771
std005,1,KL002,96,-0.4439389109611511,-0.6289167785862748,40,0.17130574136187432,0.08994050166128832,-0.18497786762512358
std005,1,KL002,97,-0.4246041774749756,-0.6311197179349921,35,0.15896463396859897,0.07006674541223654,-0.20651554046001633
std005,1,KL002,98,-0.4078299105167389,-0.6333303673633913,30,0.14869502518065594,0.05257667487740706,-0.22550045684665224
std005,1,KL002,99,-0.3896174728870392,-0.6355487515249325,25,0.13639504853848594,0.033454716945992224,-0.24593127863789316
std005,1,KL002,100,-0.3710080087184906,-0.6377749022166396,20,0.12305159469923614,0.013735358309491926,-0.26676689349814875
std005,1,KL002,101,-0.3511599600315094,-0.6400088585547157,15,0.10772149655321782,-0.007438215127620978,-0.2888488985232061
std005,1,KL002,102,-0.3322035074234009,-0.6422506700345382,10,0.09253970695374789,-0.02792978034978125,-0.3100471626111371
std005,1,KL002,103,-0.3437339961528778,-0.6445003425862901,5,0.10866430797892968,-0.01783888019860963,-0.30076634643341205
std005,1,KL002,104,-0.7031179070472717,-0.6467581492376023,0,0.49181574808279044,0.3437156920839443,0.05635975780966964
std005,1,KL002,105,-0.6872370839118958,-0.6395338634378924,0,0.5101946798347793,0.33946058805510254,0.047703220474003584
std005,1,KL002,106,-0.6528525352478027,-0.594323811964293,0,0.550148045945352,0.3548569089648437,0.05852872328351011
std005,1,KL002,107,-0.23284463584423065,-0.5774256616661417,360,0.15659033158682634,-0.047691490971018366,-0.34458102582191075
std005,1,KL002,108,-0.11026566475629807,-0.5794482787484374,355,0.03552076806446269,-0.17298267497663733,-0.469182613992139
std005,1,KL002,109,-0.09613844007253647,-0.581477895954349,350,0.022244513474564603,-0.1900017193263778,-0.48533945588181215
std005,1,KL002,110,-0.07400179654359818,-0.5835146533903272,345,-0.00015835049025081718,-0.215293259103216,-0.5095128568467286
std005,1,KL002,111,-0.05186327546834946,-0.5855585656375049,340,-0.02374329025680296,-0.24085334983963366,-0.5336952901691552
std005,1,KL002,112,-0.030357472598552704,-0.5876096552763904,335,-0.0479088749686931,-0.2660446396470658,-0.5572521826778375
std005,1,KL002,113,-0.009409853257238865,-0.5896679455700472,330,-0.07276859554986155,-0.29093962295657466,-0.5802580923128081
std005,1,KL002,114,-0.06439176946878433,-0.5917334610424397,325,-0.019025338206087206,-0.23940355407176545,-0.5273416915736552
std005,1,KL002,115,-0.04183631390333176,-0.5938064576888931,320,-0.044076599781603346,-0.2656799383379698,-0.5519701437855611
std005,1,KL002,116,-0.020129986107349396,-0.5958867373948867,315,-0.06956175587621893,-0.29137722472338334,-0.5757567512875371
std005,1,KL002,117,-0.0013508729171007872,-0.5979743161419212,310,-0.09332090518529347,-0.3143914321869498,-0.5966234432248202
std005,1,KL002,118,0.013255498372018337,-0.6000692504707401,305,-0.11395658674132428,-0.3334382458558133,-0.6133247488427581
std005,1,KL002,119,0.021891839802265167,-0.6021715703023818,300,-0.12941639971545146,-0.3466628796132689,-0.6240634101046467
std005,1,KL002,120,-0.11188923567533493,-0.6042813241385039,295,0.004197945681425725,-0.21618142619452585,-0.49239208846316873
std005,1,KL002,121,-0.11106642335653305,-0.6063978221169246,290,0.0031563892132051782,-0.22035652471735628,-0.4953313987603913
std005,1,KL002,122,-0.09948430210351944,-0.608521761395089,285,-0.009266408071329724,-0.2354536748863373,-0.5090374592915692
std005,1,KL002,123,-0.08568728715181351,-0.6106531710428185,280,-0.024677634493444928,-0.2529530569946883,-0.5249658838910046
std005,1,KL002,124,-0.07259400933980942,-0.6127920685687812,275,-0.04016517661997599,-0.26993147831944897,-0.5401980592289715
std005,1,KL002,125,-0.06312655657529831,-0.6149384988131706,270,-0.05266006561204822,-0.2834327383495635,-0.551811942237872
std005,1,KL002,126,-0.05345665663480759,-0.6170924712377107,265,-0.06603687107036293,-0.29728916492554847,-0.5636358146029028
std005,1,KL002,127,-0.04428587108850479,-0.6192540153516496,260,-0.07960603303336793,-0.3107962411496008,-0.5749681442631444
std005,1,KL002,128,-0.1045307144522667,-0.6214231561570217,255,-0.020836524693629163,-0.254338325800619,-0.5168924417047546
std005,1,KL002,129,-0.10508861392736435,-0.6235991984269744,250,-0.021806952148017728,-0.2576126675674074,-0.5185105844996096
std005,1,KL002,130,-0.0993514433503151,-0.625782883418915,245,-0.029460500344566855,-0.26729232157906174,-0.5264314400685995
std005,1,KL002,131,-0.09181398898363113,-0.6279742391594152,240,-0.039418991031671846,-0.27890219124048865,-0.5361602501757837
std005,1,KL002,132,-0.0914708748459816,-0.6301733026828825,235,-0.04233758365022343,-0.2833767649823328,-0.5387024278369006
std005,1,KL002,133,-0.0515117272734642,-0.6323800736793921,230,-0.08712037564569941,-0.32792735620445623,-0.5808683464059275
std005,1,KL002,134,-0.0466778501868248,-0.6345951168940374,225,-0.09730454684052076,-0.33746467770443406,-0.5879172667072122
std005,1,KL002,135,-0.036808960139751434,-0.6368178995815729,220,-0.11334445084882311,-0.3522008319511615,-0.6000089394418211
std005,1,KL002,136,-0.14530368149280548,-0.6390485486262808,215,-0.005658127308418123,-0.24754393785352546,-0.493744867133475
std005,1,KL002,137,-0.24706123769283295,-0.6412875847995907,210,0.10060056163019525,-0.1486492806387987,-0.3942263471067574
std005,1,KL002,138,-0.24111492931842804,-0.6435335695266398,205,0.09909686875942542,-0.15755669657982077,-0.40241864020821144
std005,1,KL002,139,-0.24592435359954834,-0.6457876393985275,200,0.10885201604126339,-0.15570040774357558,-0.3998632857989789
std005,1,KL002,140,-0.24836690723896027,-0.6480495929036698,195,0.11664740486564922,-0.15622658430885264,-0.39968268566470944
std005,1,KL002,141,-0.25159862637519836,-0.6503194903202454,190,0.12570350047990836,-0.15597146446921567,-0.39872086394504686
std005,1,KL002,142,-0.2541196048259735,-0.6525973477867354,185,0.13450955869646425,-0.15644222912827208,-0.39847774296076166
std005,1,KL002,143,-0.2537570595741272,-0.6548831951600818,180,0.1407669767172371,-0.15984099635602184,-0.4011261355859544
std005,1,KL002,144,-0.252828985452652,-0.6571770539862306,175,0.1467828520420572,-0.1638560839174632,-0.4043480685335785
std005,1,KL002,145,-0.20802730321884155,-0.659478961169036,170,0.10695820568148233,-0.21223944054084656,-0.4514516579501944
std005,1,KL002,146,-0.186864972114563,-0.6617892615988333,165,0.08993906380972798,-0.23724639280683363,-0.4749242894842703
std005,1,KL002,147,-0.0724492147564888,-0.6641076598394345,160,-0.02612204611712431,-0.35671493041147084,-0.5916584450829457
std005,1,KL002,148,-0.08723149448633194,-0.666433891617631,155,-0.012299465257357055,-0.3469047432236042,-0.5792023971312991
std005,1,KL002,149,-0.14833803474903107,-0.6687682922278516,150,0.05100944060542016,-0.2902208963381921,-0.5204302574788205
std005,1,KL002,150,-0.07979544997215271,-0.6711104708961492,145,-0.01881382410614439,-0.36393844492164074,-0.5913150209239966
std005,1,KL002,151,-0.08412652462720871,-0.6734607926477015,140,-0.015607538971046084,-0.3648091092103631,-0.5893342680204929
std005,1,KL002,152,-0.07957132905721664,-0.6758193594331241,135,-0.02159062965304481,-0.37468301854473646,-0.5962480303759075
std005,1,KL002,153,-0.07537718862295151,-0.6781861905414409,130,-0.027513828616311777,-0.38431078640176747,-0.6028090019184893
std005,1,KL002,154,-0.017567850649356842,-0.6805613146563047,125,-0.09019220219992458,-0.44821180027444213,-0.6629934640069478
std005,1,KL002,155,-0.0017061165999621153,-0.6829450130701529,120,-0.1120322885537506,-0.47040877620215227,-0.6812388964701908
std005,1,KL002,156,0.003305404679849744,-0.6853370846258275,115,-0.12362264807540489,-0.4818925959762502,-0.6886424893056773
std005,1,KL002,157,0.007586530409753323,-0.687737542271512,110,-0.13507845808051536,-0.49277755200367296,-0.6953240726812653
std005,1,KL002,158,0.01187912281602621,-0.6901464138030093,105,-0.1471757405347176,-0.50380741484821,-0.7020255366190356
std005,1,KL002,159,0.016275554895401,-0.6925637280956778,100,-0.1600478148126711,-0.5150774259268049,-0.7088392829910788
std005,1,KL002,160,0.020857229828834534,-0.6949895139734987,95,-0.17382362078046668,-0.5266727180666158,-0.7158467438023333
std005,1,KL002,161,0.02639484405517578,-0.697423799927835,90,-0.18936463133042641,-0.5393755526002081,-0.7238186439830108
std005,1,KL002,162,0.03242179751396179,-0.6998666214429025,85,-0.20627558472078356,-0.5527263459386326,-0.7322884189568643
std005,1,KL002,163,0.03839879482984543,-0.70231800103693,80,-0.22406414390488366,-0.5661874542333158,-0.7407167958667755
std005,1,KL002,164,0.04029235988855362,-0.7047779597452529,75,-0.23853414591802907,-0.5756863316633174,-0.7450703196338067
std005,1,KL002,165,0.041896723210811615,-0.7072465411206647,70,-0.2535076919156919,-0.5850159543566928,-0.7491432643314765
std005,1,KL002,166,0.044336482882499695,-0.70972378063566,65,-0.27019800099246283,-0.5953110001570954,-0.7540602635181599
std005,1,KL002,167,-0.0585506334900856,-0.7122097061206469,60,-0.17694891668070828,-0.4993470598875453,-0.6536590726305616
std005,1,KL002,168,-0.07889940589666367,-0.7147038425901531,55,-0.165709474505472,-0.48580984954481904,-0.6358044366934896
std005,1,KL002,169,-0.07903710752725601,-0.717206674653769,50,-0.175186845319928,-0.4925751861796364,-0.6381695671265133
std005,1,KL002,170,-0.07660756260156631,-0.7197182764661142,45,-0.18790085240674642,-0.5020264692348435,-0.6431107138645482
std005,1,KL002,171,-0.07483071833848953,-0.7222386804218993,40,-0.20063489749856372,-0.5109387793258129,-0.64740796208341
std005,1,KL002,172,-0.07288237661123276,-0.7247679200206963,35,-0.21426009617813668,-0.5201396008274157,-0.6518855434094639
std005,1,KL002,173,-0.07631465792655945,-0.7273060236063486,30,-0.2229816653547262,-0.5240240569542474,-0.6509913656797894
std005,1,KL002,174,-0.006462858058512211,-0.7298536579334199,25,-0.30934889947141186,-0.6019986137802152,-0.723390799874908
std005,1,KL002,175,-0.02547995001077652,-0.7324097262951177,20,-0.3067759691639236,-0.5910224854521291,-0.7069297762843414
std005,1,KL002,176,-0.027962200343608856,-0.7349747093245101,15,-0.321533323462092,-0.5966657639758989,-0.7070125089809015
std005,1,KL002,177,-0.02865726500749588,-0.7375486882366756,10,-0.33901222058130137,-0.6042000497503615,-0.70889142322918
std005,1,KL002,178,-0.02920747548341751,-0.7401317003697083,5,-0.3576305818329463,-0.6119858964891606,-0.7109242248862909
std005,1,KL002,179,-0.029803737998008728,-0.7427237780699731,0,-0.3772510941167764,-0.619833388994799,-0.7129200400719646
std005,1,KL002,180,0.14459721744060516,-0.7073645013474394,0,-0.5422280715866916,-0.7662110242810287,-0.8519617187880448
std005,1,KL002,181,0.16112424433231354,-0.6623916966133663,0,-0.5396811158834889,-0.7449139355836155,-0.8235159409456799
std005,1,KL002,182,0.1674293428659439,-0.6172613566118814,0,-0.526169878027004,-0.7129427184098567,-0.7846906994778254
std005,1,KL002,183,0.17318521440029144,-0.5719729028385399,0,-0.5112963155756399,-0.6799583314803992,-0.7451581172388314
std005,1,KL002,184,0.17886513471603394,-0.5265257793531407,0,-0.4954839113734811,-0.6464269531692652,-0.7053909140691748
std005,1,KL002,185,0.18325725197792053,-0.48091943000763926,0,-0.47740443647893577,-0.6111172982547315,-0.6641766819855599
std005,1,KL002,186,0.1869368702173233,-0.435153286317925,0,-0.4575405317126797,-0.5745907729665375,-0.6220901565352484
std005,1,KL002,187,0.19235685467720032,-0.3892267936535564,0,-0.43837629518811017,-0.5393109475998444,-0.5815836483307568
std005,1,KL002,188,0.1979386955499649,-0.343139395431697,0,-0.4182831295224527,-0.5036942188652523,-0.541078090981662
std005,1,KL002,189,0.20351944863796234,-0.2968905283964346,0,-0.3970366010411447,-0.4675708289357228,-0.500409977034397
std005,1,KL002,190,0.20908929407596588,-0.25047962689502823,0,-0.3745614200493719,-0.43092395175946446,-0.4595689209709942
std005,1,KL002,191,0.034662894904613495,-0.20390612327346425,0,-0.16133018002171165,-0.21194311489878914,-0.23856901817807788
std005,1,KL002,192,0.03878370672464371,-0.15716952251301444,0,-0.12467764674494836,-0.17094346977019298,-0.19595322923765826
std005,1,KL002,193,0.04458184540271759,-0.11026917212264262,0,-0.08771126547429949,-0.13106427248363278,-0.15485101752536032
std005,1,KL002,194,0.05068329721689224,-0.06320449513518771,0,-0.04896084046680423,-0.09092697390442125,-0.11388779235208006
std005,1,KL002,195,0.0570429190993309,-0.015974916007917617,0,-0.008277257362475497,-0.050481381178404956,-0.07301783510724863
std005,1,KL002,196,0.11389347165822983,0.0314201426463524,0,-0.018427279526861955,-0.06046253804369757,-0.08247332901187754
std005,1,KL002,197,0.12512587010860443,0.07898088120289938,0,0.019079434560700048,-0.02430007809777625,-0.046144988905705155
std005,1,KL002,198,0.13225455582141876,0.12670824526996066,0,0.06305962517140563,0.01654054512347025,-0.005546310551458204
std005,1,KL002,199,0.13934780657291412,0.1746028336190113,0,0.10958035977719013,0.05799926247933963,0.03525502704609705
std005,1,KL002,200,0.14656545221805573,0.2226652324513354,0,0.15861634884426146,0.0999229354582682,0.07609978023327957
std005,1,KL002,201,0.15387660264968872,0.27089602938859103,0,0.21034222520666948,0.14234954816319373,0.1170194267389022
std005,1,KL002,202,0.1612454354763031,0.3192958141223307,0,0.26494753493812784,0.18532247559814458,0.15805037864602756
std005,1,KL002,203,0.6732698082923889,0.3488849525254732,,-0.22854016531455393,-0.30001737759462943,-0.3243848557669158
std005,1,KL002,204,0.6766930818557739,0.35010763093263014,,-0.24253151924061228,-0.30518443924641153,-0.3265854509231439
std005,1,KL002,205,0.6799204349517822,0.35133459534327016,,-0.25709200291777234,-0.31021196346857116,-0.3285858396085121
std005,1,KL002,206,0.6829977035522461,0.35256585612006264,,-0.2723026454717252,-0.315145044003411,-0.33043184743218346
std005,1,KL002,207,0.6859146356582642,0.35380142801476794,,-0.28818982596635123,-0.3199725685460715,-0.3321132076434962
std005,1,KL002,208,0.40830668807029724,0.355041325995804,,-0.009671666554152072,-0.041497156606878347,-0.05326536207449324
std005,1,KL002,209,0.4145107567310333,0.3562856341492546,,-0.015240721087449473,-0.04688452939142665,-0.05822512258177869
std005,1,KL002,210,0.4199318587779999,0.3575343082255909,,-0.020276359844522085,-0.05153254807876851,-0.06239755055240896
std005,1,KL002,211,0.42534229159355164,0.35878736143443846,,-0.025564375507859324,-0.0562139992718272,-0.06655493015911312
std005,1,KL002,212,0.43076878786087036,0.36004480910422354,,-0.03114716091445948,-0.06095637948105388,-0.07072397875664674
std005,1,KL002,213,0.43621084094047546,0.3613066667062223,,-0.03704072479556367,-0.06575995110535435,-0.0749041742342531
std005,1,KL002,214,0.4416666328907013,0.36257294979003113,,-0.04326059901528516,-0.07062365734385714,-0.07909368310067014
std005,1,KL002,215,0.44713351130485535,0.36384367398764655,,-0.049822318479725236,-0.07554559049256379,-0.08328983731720878
std005,1,KL002,216,0.4526086747646332,0.36511885502321356,,-0.05674214590590148,-0.08052367565882242,-0.08748981974141963
std005,1,KL002,217,0.4580887258052826,0.3663985087230162,,-0.06403664278829663,-0.08555521744811731,-0.09169021708226638
std005,1,KL002,218,0.46356940269470215,0.3676826510338791,,-0.07172240606746948,-0.09063662266139265,-0.09588675166082304
std005,1,KL002,219,0.469045490026474,0.3689712980455914,,-0.0798159791781795,-0.0957633007753344,-0.10007419198088253
std005,1,KL002,220,0.47451016306877136,0.3702644660274766,,-0.08833316235625752,-0.10092899140364033,-0.10424569704129472
std005,1,KL002,221,0.47995492815971375,0.3715621714827022,,-0.0972889139190591,-0.10612568695452991,-0.1083927566770115
std005,1,KL002,222,0.4853688180446625,0.3728644312350452,,-0.10669646190028508,-0.11134280182775082,-0.11250438680961726
std005,1,KL002,223,0.4907367527484894,0.3741712625779693,,-0.11656549017052009,-0.11656549017052009,-0.11656549017052009
std005,1,KL003,0,-1.6823474168777466,-1.0148219713362905,150,0.003127992808165614,0.2432517089293081,0.6675254455414565
std005,1,KL003,1,-1.3762294054031372,-1.0183775149182703,145,-0.3251299518287544,-0.06859434469039441,0.3578518904848674
std005,1,KL003,2,-1.415438175201416,-1.0219452717660582,140,-0.3072441538794438,-0.03479545331185399,0.3934929034353585
std005,1,KL003,3,-1.4302546977996826,-1.02552550772148,135,-0.3141716680315182,-0.025312917239798213,0.4047291900782032
std005,1,KL003,4,-1.445940375328064,-1.0291182937598284,130,-0.32062909011497603,-0.014875547350068154,0.41682208156823625
std005,1,KL003,5,-1.4583532810211182,-1.032723677645467,125,-0.33095307715718514,-0.0076571638653727715,0.4256296033756519
std005,1,KL003,6,-1.5009031295776367,-1.036341701819704,120,-0.310181200065133,0.03005709683528008,0.46456142775793335
std005,1,KL003,7,-1.5360490083694458,-1.0399725456786204,115,-0.29619019009667386,0.06065629400221237,0.4960764626908261
std005,1,KL003,8,-1.5441079139709473,-1.043616107504151,110,-0.3100534335063901,0.06418790726530482,0.5004918064667971
std005,1,KL003,9,-1.8395522832870483,-1.0472724423220352,105,-0.02221616671303484,0.35802751090372104,0.7922798409650139
std005,1,KL003,10,-1.8436880111694336,-1.0509414327720092,100,-0.02589813811385056,0.3605785157391294,0.792746578397425
std005,1,KL003,11,-1.8545299768447876,-1.0546233029395715,95,-0.022743558558895663,0.36992363259997213,0.7999066739052166
std005,1,KL003,12,-1.9461307525634766,-1.058318106403215,90,0.06555793819787765,0.4609323693753479,0.8878126461602621
std005,1,KL003,13,-1.9527747631072998,-1.0620258511987821,85,0.06906654459215254,0.4670433811164971,0.8907489119085183
std005,1,KL003,14,-1.954162836074829,-1.0657466225144272,80,0.06721564737589043,0.4679051702135002,0.8884162135604026
std005,1,KL003,15,-1.9578428268432617,-1.0694804756282759,75,0.0676678862221851,0.47108882458759255,0.8883623512149865
std005,1,KL003,16,-1.9578754901885986,-1.07322744597728,70,0.06429269406141136,0.47061867631579424,0.8846480442113193
std005,1,KL003,17,-1.9293330907821655,-1.0769875791864447,65,0.03064824185691797,0.4412782650868997,0.8523455115957214
std005,1,KL003,18,-1.9266785383224487,-1.0807609300861118,60,0.0224645316273888,0.43778795862437303,0.8459176082363374
std005,1,KL003,19,-1.9306890964508057,-1.0845475160211517,55,0.020845598353675384,0.44099185936874113,0.8461415804296543
std005,1,KL003,20,-1.917464256286621,-1.088347378069085,50,0.0009781617375798496,0.42681576573825286,0.8291168782175361
std005,1,KL003,21,-1.9135427474975586,-1.092160579229473,45,-0.010166474709130334,0.421890391480535,0.8213821682680856
std005,1,KL003,22,-1.9152354001998901,-1.0959871602330373,40,-0.016014687737311795,0.42258256384440934,0.8192482399668531
std005,1,KL003,23,-1.9005656242370605,-1.0998272118989851,35,-0.03942218914096038,0.40675041740660944,0.8007384123380759
std005,1,KL003,24,-1.8957209587097168,-1.1036806920697162,30,-0.05375164152709756,0.4006786168574332,0.7920402666400009
std005,1,KL003,25,-1.8885165452957153,-1.1075476570386866,25,-0.07135418451828983,0.3921575753018323,0.780968888257029
std005,1,KL003,26,-1.883777141571045,-1.111428120226705,20,-0.08732672681454831,0.386035762871001,0.7723490213443402
std005,1,KL003,27,-1.876984715461731,-1.1153221577808954,15,-0.1063424121699483,0.3777734834893228,0.7616625576808356
std005,1,KL003,28,-1.8725556135177612,-1.1192298128883027,10,-0.12391626729815085,0.3718097673281868,0.7533258006294586
std005,1,KL003,29,-2.0322530269622803,-1.1231511465642805,5,0.030301224363373052,0.5315647524134642,0.9091018803979994
std005,1,KL003,30,-2.0265653133392334,-1.1270862101808425,0,0.018525617761489283,0.5258779536488263,0.8994791031583904
std005,1,KL003,31,-2.1159400939941406,-1.083584488152936,0,0.1561215444079706,0.6640863091014884,1.032355605841204
std005,1,KL003,32,-2.106712579727173,-1.0399304475363107,0,0.1973452139468208,0.7042651582673425,1.0667821321908615
std005,1,KL003,33,-2.1008989810943604,-0.9961234804241907,0,0.24451819000498748,0.7484730835987327,1.104775500670169
std005,1,KL003,34,-2.1017863750457764,-0.9521630233662123,0,0.3014230550243293,0.8000732676422704,1.1496233516795638
std005,1,KL003,35,-2.095149517059326,-0.9080485554351448,0,0.35360923280142176,0.8447738752799496,1.1871009616241808
std005,1,KL003,36,-2.0798885822296143,-0.8637795243361398,0,0.3996810217011247,0.8813965032020358,1.216109057893474
std005,1,KL003,37,-2.0589239597320557,-0.8193554045936117,0,0.4423999448908188,0.9128113601928758,1.2395685551384432
std005,1,KL003,38,-2.0588607788085938,-0.7747756303220664,0,0.5096036288690814,0.9658414882720509,1.2840851484865263
std005,1,KL003,39,-2.024676561355591,-0.7300394635707507,0,0.5446757658624943,0.985129683673412,1.2946370977848394
std005,1,KL003,40,-1.9872030019760132,-0.6851465488196135,0,0.578386772201151,1.0014793919771245,1.3020564531563987
std005,1,KL003,41,-1.5200881958007812,-0.6685666535499241,25,0.1319118877865807,0.5554457878127117,0.8515215422508562
std005,1,KL003,42,-1.6166248321533203,-0.6709089689952822,20,0.2353524907060522,0.6551542718183524,0.9457158631580374
std005,1,KL003,43,-1.5923738479614258,-0.6732589411817272,15,0.21711851431190726,0.6338739961084601,0.9191149067796978
std005,1,KL003,44,-1.7062718868255615,-0.6756174297754942,10,0.3433667734479443,0.7519334641378511,1.0306544570500666
std005,1,KL003,45,-1.6762605905532837,-0.677984184835678,5,0.3248217138482635,0.7258372123002652,0.9982764057176051
std005,1,KL003,46,-1.6390163898468018,-0.6803591897128392,0,0.297729349311339,0.6921852970025074,0.958657200133962
std005,1,KL003,47,-1.5998369455337524,-0.6732523824696766,0,0.2772010283362262,0.6658373790165365,0.9265845630640756
std005,1,KL003,48,-1.6038669347763062,-0.6281601947295208,0,0.3411030721663023,0.7212585448066671,0.9757067400467851
std005,1,KL003,49,-1.5563139915466309,-0.5829100419782213,0,0.3542913474682746,0.7253174018777072,0.9734039495684093
std005,1,KL003,50,-1.592500925064087,-0.5375013131922872,0,0.45654503707349564,0.8141856842671475,1.0549996118717995
std005,1,KL003,51,-1.5510870218276978,-0.4919330188115859,0,0.48273956265455503,0.825753858788395,1.0591540030161117
std005,1,KL003,52,-1.5071656703948975,-0.44620498491080574,0,0.5079227630103946,0.8350936991858379,1.0609606854840918
std005,1,KL003,53,-1.4622726440429688,-0.4003167171421756,0,0.5336634631265351,0.8437349049989663,1.0619559269007932
std005,1,KL003,54,-1.4093388319015503,-0.3542676254560613,0,0.5525555057535592,0.8445308985315048,1.0550712064454892
std005,1,KL003,55,-1.3412541151046753,-0.30805713728912204,0,0.5567585059127951,0.8302211982975349,1.0331969778155532
std005,1,KL003,56,-1.3052480220794678,-0.26168413518466144,0,0.5952169336267785,0.8483605334478063,1.043563886894806
std005,1,KL003,57,-1.3296217918395996,-0.21514856200988353,0,0.6995319732331857,0.9278645756234652,1.1144732298297158
std005,1,KL003,58,-0.9190268516540527,-0.17794043688616565,130,0.34178031775182577,0.5594181089347418,0.7410864147678868
std005,1,KL003,59,-0.8632667660713196,-0.17856214101242457,125,0.29894679331329144,0.5074745417425455,0.6847046250588948
std005,1,KL003,60,-0.8108228445053101,-0.17918596783798008,120,0.25739730573992303,0.45836951609634274,0.6316368766673298
std005,1,KL003,61,-0.7590340375900269,-0.1798119381326103,115,0.21439082245342592,0.4094420716331266,0.5792220994574164
std005,1,KL003,62,-0.7302570343017578,-0.18044006048125266,110,0.1933762253267371,0.38327482506879257,0.549816973820505
std005,1,KL003,63,-0.7185814380645752,-0.18107090415103855,105,0.18928515904927132,0.3741261219680724,0.5375105339135364
std005,1,KL003,64,-0.7234116792678833,-0.18170421228789888,100,0.2023810447626491,0.3815662571577422,0.5417074669799842
std005,1,KL003,65,-0.6797722578048706,-0.18233978473727167,95,0.1651759274636711,0.34013148102261986,0.49743247306759864
std005,1,KL003,66,-0.6874491572380066,-0.18297749369792218,90,0.1800536519544612,0.35012073324790155,0.5044716635400841
std005,1,KL003,67,-0.6606826782226562,-0.18361761239060204,85,0.15948460004383552,0.3254276023038934,0.4770650658320538
std005,1,KL003,68,-0.583670973777771,-0.1842599082992576,80,0.08496618171944909,0.24973969700904786,0.399411065478513
std005,1,KL003,69,-0.5532969832420349,-0.18490450081272874,75,0.055627218898301765,0.22040070786046975,0.3683924824293058
std005,1,KL003,70,-0.5588142275810242,-0.18555126797580737,70,0.06252825300055784,0.2270228856154873,0.3732629596052165
std005,1,KL003,71,-0.47482985258102417,-0.18619936999028347,65,-0.024413647521051608,0.1433111291613002,0.2886304825907404
std005,1,KL003,72,-0.5339815616607666,-0.18684947733192264,60,0.034727496221721416,0.20333693551089718,0.34713208432884357
std005,1,KL003,73,-0.4961351752281189,-0.1875022183459043,55,-0.005122340238909062,0.16599392300419868,0.3086329568822142
std005,1,KL003,74,-0.5639625787734985,-0.18815717850898495,50,0.0641587142899876,0.23501676045503878,0.3758054002645132
std005,1,KL003,75,-0.5345873832702637,-0.18881453466711806,45,0.03477286961778924,0.20655648343646207,0.3457728486031452
std005,1,KL003,76,-0.5131741762161255,-0.18947409927113615,40,0.012221502501778597,0.18585447521847454,0.323700076944989
std005,1,KL003,77,-0.4991852343082428,-0.19013584696977817,35,-0.0037058258666379743,0.17244525972905025,0.3090493873384643
std005,1,KL003,78,-0.4916192591190338,-0.1907997992976646,30,-0.013717446203625437,0.16539060966090202,0.3008194598213689
std005,1,KL003,79,-0.5609281063079834,-0.1914659168538751,25,0.05665602135572659,0.2359180086272662,0.3694621894541079
std005,1,KL003,80,-0.5180906057357788,-0.19213380128112967,20,0.012689091908028794,0.1938835518303446,0.3259568044546487
std005,1,KL003,81,-0.5042362809181213,-0.1928039150307532,15,-0.0030873293113604094,0.18070339366952431,0.3114323658873677
std005,1,KL003,82,-0.6620641946792603,-0.1934762888285314,10,0.16101706085631937,0.34080897994360787,0.46858790585072846
std005,1,KL003,83,-0.6385442018508911,-0.1941512963876997,5,0.14288884711857575,0.3193598710443613,0.444392905463191
std005,1,KL003,84,-0.6224597692489624,-0.1948284390214862,0,0.13165355028043196,0.3052123328714163,0.42763133022747574
std005,1,KL003,85,-0.5842306017875671,-0.14805710978316028,0,0.14648281654436848,0.31649047207252534,0.4361734920044064
std005,1,KL003,86,-0.5313735604286194,-0.10112162060446159,0,0.1468907963740374,0.31328240284383396,0.4302519398241574
std005,1,KL003,87,-0.4403654932975769,-0.05402328981532697,0,0.10735603095874612,0.2716796291205903,0.3863422034822495
std005,1,KL003,88,-0.3766026794910431,-0.006761572011016834,0,0.09460782442271055,0.2573502853523107,0.36984110748002585
std005,1,KL003,89,-0.3375245928764343,0.04066587257852835,0,0.10736087356035956,0.2679853555710398,0.3781904654549623
std005,1,KL003,90,-0.31685060262680054,0.08825951085437181,0,0.14034905112270657,0.29749380897170935,0.405110113481172
std005,1,KL003,91,-0.38202959299087524,0.13601991078853018,0,0.26564292747083074,0.414198118301209,0.5180495037794051
std005,1,KL003,92,-0.28543099761009216,0.18394710061627192,0,0.22746015663125008,0.36885135554022547,0.4693780982263637
std005,1,KL003,93,-0.2505928874015808,0.23204223404809937,0,0.2524942699357427,0.3856122795600877,0.4826351214496798
std005,1,KL003,94,-0.2144313007593155,0.28030586268736357,0,0.27767363438249804,0.4013882589899947,0.49473716344667873
std005,1,KL003,95,0.0741361603140831,0.30975837280093643,,0.0187348884285582,0.14338003584193315,0.235622212486853
std005,1,KL003,96,0.09462004154920578,0.310843893887167,,-0.0014983092158841124,0.12490755642387638,0.21622385233796085
std005,1,KL003,97,0.11139722913503647,0.3119332358047276,,-0.01889368630801476,0.10999975756558833,0.2005360066696908
std005,1,KL003,98,0.1278645545244217,0.313026420330455,,-0.03688069165005561,0.09526100912759564,0.18516186580603303
std005,1,KL003,99,0.14535781741142273,0.3141234690068022,,-0.05689988486055546,0.07934323587529822,0.16876565159537918
std005,1,KL003,100,0.16082482039928436,0.31522438788361695,,-0.07584910293939524,0.06531700677590066,0.15439956748433228
std005,1,KL003,101,0.17946551740169525,0.3163292246905958,,-0.09914915808024068,0.04794850736987019,0.1368637072889003
std005,1,KL003,102,0.1498071551322937,0.31743795794154595,,-0.07285157471684582,0.07919602525117365,0.167630802809252
std005,1,KL003,103,0.15904395282268524,0.3185505593230509,,-0.0861245942772586,0.07147674175493068,0.15950660650036536
std005,1,KL003,104,-0.05253342539072037,0.3196671051788908,,0.13232494314937085,0.28672952519017686,0.3722005305696109
std005,1,KL003,105,-0.03354627639055252,0.320787472635514,,0.11959757275536215,0.27127603373787,0.35433374902606624
std005,1,KL003,106,-0.018379785120487213,0.3219117576603442,,0.11024516453319011,0.25953819479378304,0.3402915427808311
std005,1,KL003,107,-0.008955934084951878,0.3230399835171549,,0.10646685378646563,0.25349457467459674,0.3319959176021065
std005,1,KL003,108,-0.002993442816659808,0.32417215857610926,,0.10615403886763367,0.2508981901744319,0.32716560139276885
std005,1,KL003,109,0.004647842608392239,0.32530829378568776,,0.10407843816677836,0.2465917342790561,0.3206604511772953
std005,1,KL003,110,0.013939372263848782,0.3264483940110433,,0.10017700677876952,0.24058665205317145,0.31250902174719436
std005,1,KL003,111,0.02257036417722702,0.32759248014189474,,0.09678541020026818,0.2351997446957149,0.30502211596466755
std005,1,KL003,112,0.02965133637189865,0.32874057210126423,,0.09486622911224035,0.23133557912905323,0.2990892357293654
std005,1,KL003,113,0.04527517408132553,0.329892681587648,,0.08387258066959698,0.21881460411282028,0.28461750750632236
std005,1,KL003,114,0.055168114602565765,0.33104886610435497,,0.07834995977188974,0.21196695985167438,0.27588075150178915
std005,1,KL003,115,0.05694916099309921,0.3322091036136806,,0.08109163113719497,0.21325475971452015,0.27525994262058134
std005,1,KL003,116,0.06298116594552994,0.333374002445836,,0.07952021583618916,0.2102731333899831,0.27039283650030593
std005,1,KL003,117,0.06560108810663223,0.3345429830690062,,0.08147421226223375,0.21071873392973672,0.26894189496237386
std005,1,KL003,118,0.07149641960859299,0.33571605487355705,,0.080100115805605,0.20787118586554743,0.26421963526496395
std005,1,KL003,119,0.07085961848497391,0.3368927390261968,,0.08554577863869467,0.21160327218567593,0.26603312054122275
std005,1,KL003,120,0.04048002511262894,0.33807352146012853,,0.1226039677509965,0.24542721074702803,0.2975934963474994
std005,1,KL003,121,0.039974145591259,0.33925820338822854,,0.13019095490548582,0.24942928670119063,0.2992840577969693
std005,1,KL003,122,0.0437416210770607,0.3404470209629961,,0.1337050890940079,0.24916762568639905,0.2967053998859352
std005,1,KL003,123,0.07444306463003159,0.34163999661286704,,0.10907948057095963,0.22170969356907325,0.26719693198283523
std005,1,KL003,124,0.08013217896223068,0.3428371004020175,,0.10950890922858217,0.21925081461608242,0.26270492143978663
std005,1,KL003,125,0.08237629383802414,0.34403841538881935,,0.11360983856964638,0.2202583452369737,0.26166212155079505
std005,1,KL003,126,0.08549588173627853,0.3452439475186333,,0.1170284658073168,0.22040325292992086,0.2597480657823546
std005,1,KL003,127,0.08924698084592819,0.34645371135770053,,0.11998639443802221,0.21992329567053354,0.2572067305117722
std005,1,KL003,128,0.07384661585092545,0.34766772134479373,,0.14328419128770353,0.23879498817124617,0.2738211054938681
std005,1,KL003,129,0.0731269046664238,0.3488860784246229,,0.15238409367294825,0.243040740586587,0.27575917375819897
std005,1,KL003,130,0.07729985564947128,0.35010871755174194,,0.15684368908638302,0.24239978894630765,0.2728088619022706
std005,1,KL003,131,0.08302036672830582,0.35133564622315966,,0.159940833749049,0.24020167708954926,0.2683152794948538
std005,1,KL003,132,0.08960052579641342,0.3525668955777721,,0.16232863740600983,0.23712551913462981,0.2629663697813586
std005,1,KL003,133,0.09403257817029953,0.3538024638347755,,0.16713636042986976,0.2362004997688418,0.2597698856644759
std005,1,KL003,134,0.09994629770517349,0.3550423678877296,,0.17067155675934775,0.23378192193649935,0.25509607018255603
std005,1,KL003,135,0.18398363888263702,0.3562866217103358,,0.09219227980986208,0.1524385402350745,0.17230298282769874
std005,1,KL003,136,0.20687778294086456,0.35753511492907747,,0.07396414732587912,0.13204372633676215,0.15065733198821288
std005,1,KL003,137,0.17185454070568085,0.35878790954873163,,0.11575944141924946,0.16995408637076936,0.18693336884305073
std005,1,KL003,138,0.17088226974010468,0.36004527594863367,,0.12393652855584192,0.17386286094414655,0.18916300620852897
std005,1,KL003,139,0.17555658519268036,0.3613070638468654,,0.12662680295392142,0.1721179043323677,0.18575047865418504
std005,1,KL003,140,0.17984549701213837,0.362573282288155,,0.12989153069399165,0.17075499558460466,0.18272778527601663
std005,1,KL003,141,0.18362726271152496,0.36384396107879813,,0.13388980843117584,0.16990096852963324,0.1802166983672732
std005,1,KL003,142,0.1868046075105667,0.36511910429817723,,0.13876346142578078,0.16965921521756352,0.17831449678761055
std005,1,KL003,143,0.19043417274951935,0.3663987295005764,,0.143447309356503,0.16896863547027466,0.1759645567510571
std005,1,KL003,144,0.1940539926290512,0.36768284478372937,,0.14841860209876528,0.1682913321369522,0.1736288521546782
std005,1,KL003,145,0.18889158964157104,0.36897147498505517,,0.16292768896498175,0.17648854940845302,0.18007988534348418
std005,1,KL003,146,0.19254516065120697,0.37026459733544886,,0.16895488742594533,0.17587426015660867,0.17771943668424192
std005,1,KL003,147,0.3321995437145233,0.3715622725922119,,0.032176284953413625,0.037889987158234634,0.03936272887768861
std005,1,KL003,148,0.31312742829322815,0.37286415973603926,,0.0552895872776962,0.05884730260978813,0.05973673144281111
std005,1,KL003,149,0.28491634130477905,0.37417085949468315,,0.0892545181899041,0.0892545181899041,0.0892545181899041
std005,1,KL004,0,-0.5749820470809937,-0.5321673224168806,560,0.09181607228566,0.09152739435486043,0.0428147246641128
std005,1,KL004,1,-0.565319299697876,-0.5340314508663269,555,0.08469566907276573,0.0809810062918561,0.03128784883154884
std005,1,KL004,2,-0.5595090389251709,-0.5359020862125424,550,0.0812651593271087,0.07421638714898161,0.023606952712628283
std005,1,KL004,3,-0.49842312932014465,-0.5377792901458244,545,0.019477964786513546,0.01154605771077503,-0.03935616082567989
std005,1,KL004,4,-0.5025931000709534,-0.5396633215197756,540,0.023126363225903432,0.014151865108147029,-0.037070221448822396
std005,1,KL004,5,-0.4966799020767212,-0.5415539651900598,535,0.016350985471441398,0.006593427833507824,-0.044874063113338816
std005,1,KL004,6,-0.494119793176651,-0.5434512423805848,530,0.012745386855079706,0.002339769387437317,-0.049331449203934015
std005,1,KL004,7,-0.491511732339859,-0.5453551703440028,525,0.008895684893453746,-0.0020112885338396643,-0.05384343800414405
std005,1,KL004,8,-0.4896807372570038,-0.5472657703333373,520,0.005656750433758009,-0.005627551492838992,-0.05758503307633373
std005,1,KL004,9,-0.4881446957588196,-0.5491830642650951,515,0.0025526308409109287,-0.00898872743484317,-0.061038368506275656
std005,1,KL004,10,-0.4876633584499359,-0.5511070822063342,510,0.0003895615323944758,-0.011324962644008152,-0.06344372375639841
std005,1,KL004,11,-0.4858202636241913,-0.5530378429840658,505,-0.003326986624520325,-0.015066875151276415,-0.06721757935987463
std005,1,KL004,12,-0.4846002161502838,-0.554975371958869,500,-0.0065902163196480505,-0.018223967506252922,-0.07037515580858528
std005,1,KL004,13,-0.4668639302253723,-0.5569196884894521,495,-0.027418243568038306,-0.03810287322909141,-0.0900557582640798
std005,1,KL004,14,-0.4469608962535858,-0.5588703165268227,490,-0.051634145786910876,-0.06037828745574178,-0.11190942027323697
std005,1,KL004,15,-0.4447791278362274,-0.5608277896147413,485,-0.05848652310017176,-0.06498684446895191,-0.11604866177851393
std005,1,KL004,16,-0.4434433877468109,-0.5627921245428474,480,-0.0648262252196836,-0.06879597062684725,-0.11934873679603648
std005,1,KL004,17,-0.4470679461956024,-0.5647633412427104,475,-0.06629668362977625,-0.06764192313855448,-0.11769539504710799
std005,1,KL004,18,-0.453544944524765,-0.5667414459591171,470,-0.06486073795118015,-0.0636036908731202,-0.11319650143435211
std005,1,KL004,19,-0.4576859772205353,-0.5687264777814716,465,-0.0658267157490405,-0.06189285705759355,-0.11104050056093631
std005,1,KL004,20,-0.46338391304016113,-0.5707184619303725,460,-0.06522352172541546,-0.058600710741988415,-0.1073345488902114
std005,1,KL004,21,-0.4682615101337433,-0.5727174146852914,455,-0.0654708739775267,-0.056112438916566885,-0.1044559045515481
std005,1,KL004,22,-0.526244044303894,-0.5747233642285557,450,-0.009850205260406211,3.3868497998844685e-05,-0.04847931992466177
std005,1,KL004,23,-0.5152690410614014,-0.5767360790960652,445,-0.02389744848691123,-0.012913000849173425,-0.06146703803466386
std005,1,KL004,24,-0.5213462710380554,-0.5787558613664151,440,-0.02074564820937249,-0.00877316287587493,-0.05740959032835972
std005,1,KL004,25,-0.5263695120811462,-0.5807827151757232,435,-0.018548209651470828,-0.005662995020478557,-0.05441320309457704
std005,1,KL004,26,-0.530052900314331,-0.5828166695513476,430,-0.017655908752590835,-0.003881567606701483,-0.052763769237016575
std005,1,KL004,27,-0.6261634230613708,-0.5848577471971441,425,0.08056478527607328,0.09127186787991731,0.04130567586422662
std005,1,KL004,28,-0.6539613008499146,-0.5869063325981528,420,0.11205434981523604,0.11838003032394004,0.06705496825176165
std005,1,KL004,29,-0.6777800917625427,-0.5889625152824031,415,0.14102592133091096,0.14173986814725317,0.08881757648013963
std005,1,KL004,30,-0.6766696572303772,-0.5910258658728653,410,0.14530006519610172,0.14015304066051773,0.08564379135751192
std005,1,KL004,31,-0.679699718952179,-0.5930964538119534,405,0.15417743209847362,0.14273081009880903,0.08660326514022561
std005,1,KL004,32,-0.6749351024627686,-0.5951742960032115,400,0.1553386709081544,0.1374596051505687,0.07976080645955713
std005,1,KL004,33,-0.6774746179580688,-0.5972594176530344,395,0.16427144396532617,0.13951127472676433,0.08021520030503448
std005,1,KL004,34,-0.6041827201843262,-0.5993518244708664,390,0.09387542381944541,0.06498457534960976,0.004830895713459821
std005,1,KL004,35,-0.6170685887336731,-0.6014515978879378,385,0.11049843155657729,0.07674892402952603,0.015616990845735354
std005,1,KL004,36,-0.6268267631530762,-0.6035587259461022,380,0.12471781064219603,0.08546885077559463,0.02326803720697406
std005,1,KL004,37,-0.6683294773101807,-0.6056732367376817,375,0.17311733693562242,0.12633837487170396,0.06265624057249905
std005,1,KL004,38,-0.6476031541824341,-0.6077948178304927,370,0.15858574983850066,0.10476120993082055,0.03980833635194146
std005,1,KL004,39,-0.6545840501785278,-0.6099238622719882,365,0.17247765204059493,0.1109501424611526,0.04466018790653967
std005,1,KL004,40,-0.6586610674858093,-0.6120603452665617,360,0.18406950379401513,0.1142655971125221,0.046600722219247735
std005,1,KL004,41,-0.6606770753860474,-0.6142043151045323,355,0.19412968426055455,0.11553001711004408,0.046472760281515174
std005,1,KL004,42,-0.6559915542602539,-0.6163557977862573,350,0.19769477420272183,0.11003532691375177,0.039635756473996864
std005,1,KL004,43,-0.6678115129470825,-0.6185148169740187,345,0.21885212128915973,0.12115447465175969,0.049296695973064054
std005,1,KL004,44,-0.6555471420288086,-0.6206814029693947,340,0.21580552273621043,0.10805584893768835,0.034865739059414105
std005,1,KL004,45,-0.6612124443054199,-0.6228555884896013,335,0.23150590507728103,0.11293273391779102,0.03835685581581874
std005,1,KL004,46,-0.6551496982574463,-0.6250374000134202,330,0.23572431181429093,0.106009568318755,0.03011229824402626
std005,1,KL004,47,-0.5646070837974548,-0.6272268552049173,325,0.15127648228281648,0.01368022707341707,-0.06261977140746217
std005,1,KL004,48,-0.5366419553756714,-0.6294234780428863,320,0.12827807689751303,-0.016377966652080626,-0.0927815226672147
std005,1,KL004,49,-0.5178083777427673,-0.6316278618185751,315,0.11369963809799892,-0.037523462645171576,-0.11381948407580755
std005,1,KL004,50,-0.5119573473930359,-0.6338399369843235,310,0.11203547992691032,-0.045777015044971545,-0.12188258959128732
std005,1,KL004,51,-0.5502992868423462,-0.6360597603608072,305,0.1568180944739025,-0.009483073724227187,-0.08576047351846082
std005,1,KL004,52,-0.5150502324104309,-0.6382870870231866,300,0.12651752786770348,-0.04716383514971177,-0.12323685461275541
std005,1,KL004,53,-0.49916723370552063,-0.6405219228937254,295,0.1150260776301599,-0.0656718462680152,-0.1413546891882045
std005,1,KL004,54,-0.5039610862731934,-0.6427645759436154,290,0.12471113146563548,-0.06349037567373439,-0.13880348967042175
std005,1,KL004,55,-0.3949522376060486,-0.6450150796540225,285,0.015131654921726467,-0.17624833198081344,-0.25006284204797363
std005,1,KL004,56,-0.41406071186065674,-0.6472739518746911,280,0.03464256413892318,-0.1607475770821664,-0.233213240014034
std005,1,KL004,57,-0.409335196018219,-0.6495407329756213,275,0.030093442910123773,-0.16917774892148232,-0.24020553695740204
std005,1,KL004,58,-0.39542356133461,-0.6518154487824435,270,0.0156359540002973,-0.18698508564968339,-0.2563918874478332
std005,1,KL004,59,-0.37382063269615173,-0.6540981286812356,265,-0.007680561192740881,-0.21275505971889414,-0.28027749598508356
std005,1,KL004,60,-0.3573399782180786,-0.6563887752956428,260,-0.02683868096053009,-0.23362603850361421,-0.29904879707756377
std005,1,KL004,61,-0.3444788455963135,-0.6586874262506406,255,-0.04320495209051573,-0.25106726885156105,-0.31420858065432666
std005,1,KL004,62,-0.3332277834415436,-0.6609941164850619,250,-0.05875070702764566,-0.26707453431805167,-0.32776633304351793
std005,1,KL004,63,-0.3163418471813202,-0.663308874858233,245,-0.08106193089441258,-0.2889521002037544,-0.3469670276769124
std005,1,KL004,64,-0.26849740743637085,-0.6656317523375573,240,-0.1371553467033819,-0.3423395422261392,-0.39713434490118615
std005,1,KL004,65,-0.28693997859954834,-0.6679622213282707,235,-0.1264550941392921,-0.3293287393812244,-0.381022242728722
std005,1,KL004,66,-0.059865452349185944,-0.6703009005471017,230,-0.37365932247856987,-0.5642028515208246,-0.6104354481979154
std005,1,KL004,67,-0.09280098229646683,-0.6726483739141035,225,-0.36025437704516794,-0.5388412190150165,-0.5798473916176363
std005,1,KL004,68,-0.08769918233156204,-0.6750040368961543,220,-0.3862551977430436,-0.5516717232360576,-0.5873048545645918
std005,1,KL004,69,-0.2879803478717804,-0.67736793608221,215,-0.19750894821590573,-0.3572016230233486,-0.38938758821042924
std005,1,KL004,70,-0.23798240721225739,-0.6797407161376166,210,-0.26232354887075476,-0.4135955269764742,-0.44175830892535883
std005,1,KL004,71,-0.25572746992111206,-0.6821209796646635,205,-0.25929479221682744,-0.4021535879276497,-0.426393509743551
std005,1,KL004,72,-0.2539162337779999,-0.6845095754000021,200,-0.27674647325906776,-0.41037221094604187,-0.4305933416220018
std005,1,KL004,73,-0.25652316212654114,-0.6869065295170149,195,-0.29052363777120965,-0.4142337238801953,-0.43038336739047334
std005,1,KL004,74,-0.252616822719574,-0.6893118871112901,190,-0.31194242027696784,-0.42473619832238735,-0.4366950643917157
std005,1,KL004,75,-0.25253063440322876,-0.6917256506494983,185,-0.3305318613548192,-0.4315093425560654,-0.4391950162462692
std005,1,KL004,76,-0.253671258687973,-0.694147875791702,180,-0.34887656015123614,-0.4371353683085192,-0.4404766171037286
std005,1,KL004,77,-0.5169543623924255,-0.6965785812882064,175,-0.09231917573247916,-0.1780517809623864,-0.17962421889578048
std005,1,KL004,78,-0.5697023272514343,-0.6990185760111717,170,-0.04390032559412939,-0.12902858724712502,-0.1293162487597369
std005,1,KL004,79,-0.6470943093299866,-0.7014668387499826,165,0.0329922852596481,-0.05463016162553834,-0.05437252941999556
std005,1,KL004,80,-0.6435613632202148,-0.7039235351864624,160,0.028746050969164792,-0.0612330372265459,-0.06036217196624709
std005,1,KL004,81,-0.6309188604354858,-0.7063888650703648,155,0.014684665788654655,-0.07711507192088124,-0.07547000463487852
std005,1,KL004,82,-0.6297888159751892,-0.7088628459164079,150,0.011996338090754882,-0.08154026379296299,-0.07907402994121826
std005,1,KL004,83,-0.6066430807113647,-0.7113455277756935,145,-0.014013673621034523,-0.10825992123017703,-0.1047024470643283
std005,1,KL004,84,-0.6112587451934814,-0.7138371598337422,140,-0.012180935917937917,-0.10722055894608443,-0.10257841464026024
std005,1,KL004,85,-0.563056468963623,-0.7163373042395148,135,-0.06585960537542057,-0.15953459046525434,-0.15328083527589134
std005,1,KL004,86,-0.5479997396469116,-0.7188461794618625,130,-0.08749358583320042,-0.17891121887643227,-0.17084643981495048
std005,1,KL004,87,-0.5123563408851624,-0.721363864945099,125,-0.1319606540368601,-0.21929349515689384,-0.20900752405993622
std005,1,KL004,88,-0.44073182344436646,-0.7238906027543207,120,-0.21667574234142495,-0.2964452424483685,-0.28315877930995387
std005,1,KL004,89,-0.4613936245441437,-0.7264262175955536,115,-0.20875433178957978,-0.28117738264979986,-0.26503259305140947
std005,1,KL004,90,-0.439615398645401,-0.7289705134872857,110,-0.2451364924471044,-0.3086429009854407,-0.2893551148418843
std005,1,KL004,91,-0.41713693737983704,-0.7315237450586406,105,-0.28422447753607566,-0.33711330674378753,-0.3143868076788032
std005,1,KL004,92,-0.33343225717544556,-0.7340859382976905,100,-0.38987965188200846,-0.42773718028317237,-0.4006536811222446
std005,1,KL004,93,-0.3184681236743927,-0.7366566201314068,95,-0.4288175974307047,-0.44986554526451916,-0.4181884964570137
std005,1,KL004,94,-0.29817649722099304,-0.7392363349808115,90,-0.47550124273331573,-0.47762411664233984,-0.4410598377598181
std005,1,KL004,95,-0.2902285158634186,-0.7418251275366641,85,-0.5117459907446533,-0.4932212153191743,-0.45159661167324516
std005,1,KL004,96,-0.45335131883621216,-0.7444229975637202,80,-0.3699282179348386,-0.33620416683660825,-0.29107167872750767
std005,1,KL004,97,-0.4084576368331909,-0.7470301633516296,75,-0.43968985309719893,-0.3877405537598338,-0.3385725265184383
std005,1,KL004,98,-0.40136969089508057,-0.7496464920764442,70,-0.4734193884482742,-0.40163343595441403,-0.3482768011813633
std005,1,KL004,99,-0.38238468766212463,-0.7522718135753593,65,-0.5215454560983505,-0.42770778762766043,-0.36988712591323436
std005,1,KL004,100,-0.674762487411499,-0.7549063380359393,60,-0.2445616377187328,-0.13956272959758748,-0.08014385062443997
std005,1,KL004,101,-0.6799660921096802,-0.7575492655731558,55,-0.25534425443046654,-0.13859620421791308,-0.07758317346347537
std005,1,KL004,102,-0.7673860788345337,-0.7602014373705879,50,-0.18020976043072454,-0.054588045011610076,0.007184641463946106
std005,1,KL004,103,-0.7665239572525024,-0.7628633144030159,45,-0.1940950998273921,-0.05891765712279623,0.0036606428494867504
std005,1,KL004,104,-0.566457211971283,-0.7655345293961854,40,-0.4184483679865217,-0.2645200777801898,-0.19907731742490217
std005,1,KL004,105,-0.8562132716178894,-0.7682158197449138,35,-0.13909707696350285,0.022550904564476545,0.08799745187297585
std005,1,KL004,106,-0.8560144901275635,-0.7709064557096706,30,-0.15029703167548375,0.019628462466612498,0.08510803441789305
std005,1,KL004,107,-0.9104947447776794,-0.7736065554464575,25,-0.10457019010309974,0.07189817414336787,0.13688818933122218
std005,1,KL004,108,-0.9550176858901978,-0.7763163784576074,20,-0.06695061602095737,0.1146298813718942,0.1787013074325906
std005,1,KL004,109,-0.95839524269104,-0.7790359821612337,15,-0.07068775719073214,0.11622559929517057,0.1793592605298065
std005,1,KL004,110,-0.9547333717346191,-0.7817651319224096,10,-0.08205777230483714,0.1107205789065445,0.17296823981220968
std005,1,KL004,111,-0.9513797163963318,-0.7845038694232744,5,-0.09373022752360002,0.10546473226616572,0.1668758469730575
std005,1,KL004,112,-0.9352103471755981,-0.7872522271217528,0,-0.11953795438828362,0.0872038740239015,0.1479581200538455
std005,1,KL004,113,-0.9166353344917297,-0.7425596737719292,0,-0.09932384935086253,0.1142510567065653,0.17407566071980082
std005,1,KL004,114,-0.9088147878646851,-0.6977105544855442,0,-0.06658232010393983,0.15259597784034,0.21110423337914114
std005,1,KL004,115,-0.8962818384170532,-0.6147438677968702,0,0.0030299673060864563,0.22507547065861805,0.2815379706201833
std005,1,KL004,116,-0.8923042416572571,-0.5219963932592422,0,0.09560423023275108,0.31681567389110077,0.37030784839801517
std005,1,KL004,117,-0.8428571224212646,-0.4289239722072133,0,0.14554424774142372,0.36389247650785406,0.41393315021405164
std005,1,KL004,118,-0.8397247791290283,-0.33552543041299543,0,0.24723165770900185,0.45856903463667553,0.5041993487160331
std005,1,KL004,119,-0.8288564682006836,-0.24179965329652192,0,0.34651449443029203,0.5467339625912229,0.5870568149041618
std005,1,KL004,120,-0.8100904226303101,-0.14774548991904016,0,0.44311558807766793,0.6281624228618214,0.6623449327112702
std005,1,KL004,121,-0.7970499992370605,-0.053361785594764864,0,0.5512534116696451,0.7165514508481097,0.743688213642296
std005,1,KL004,122,-0.7690153121948242,0.041352605381773544,0,0.6497461783578082,0.791046539358858,0.8103679175765981
std005,1,KL004,123,-0.7293192148208618,0.13639884301058547,0,0.7416142504400136,0.8548777596575875,0.8657180578314476
std005,1,KL004,124,-0.4252920150756836,0.18432751650292337,0,0.5106114670669399,0.6047891429862866,0.6096195315786073
std005,1,KL004,125,-0.3089962303638458,0.23242430745707235,0,0.4653321814740722,0.5419931562486116,0.5414205378209185
std005,1,KL004,126,-0.26388826966285706,0.2806897247695286,0,0.4928663604514631,0.5506592112929379,0.544577994432386
std005,1,KL004,127,0.12008064240217209,0.3196341079334623,,0.15543225913694989,0.20773332276927542,0.19955346553129044
std005,1,KL004,128,0.08901786059141159,0.3207546061530572,,0.19732731459499542,0.2423689526164941,0.2317367455616458
std005,1,KL004,129,0.12057565897703171,0.3218795005441178,,0.17555141902014496,0.21411444582631445,0.20130384156708633
std005,1,KL004,130,0.14593805372714996,0.32300822680088,,0.15918686327516077,0.19184410370620775,0.1770701730737302
std005,1,KL004,131,0.3064853250980377,0.3241408847323637,,-0.00030569375193626033,0.03280934811675736,0.017655559634326197
std005,1,KL004,132,0.30516374111175537,0.32527702988469026,,0.0021990562006596586,0.03567694197623871,0.020113288772935094
std005,1,KL004,133,0.29929420351982117,0.32641681915244475,,0.00962696401489016,0.043172525460970335,0.027122615632623803
std005,1,KL004,134,0.030357860028743744,0.3275606392301431,,0.2943640283646459,0.3164736607360799,0.2972027792013996
std005,1,KL004,135,0.061428509652614594,0.32870950043409997,,0.2783497827697529,0.2895145383236294,0.2672809907814856
std005,1,KL004,136,0.08245726674795151,0.3298622963254743,,0.27211853052900375,0.27244088709787456,0.24740502957752308
std005,1,KL004,137,0.10706024616956711,0.3310191347093812,,0.2618515576530743,0.25159845030372424,0.22395888853981438
std005,1,KL004,138,0.12571834027767181,0.33218002857742607,,0.2573548677782348,0.236563729868506,0.20646168829975453
std005,1,KL004,139,0.14605467021465302,0.3333449751577518,,0.25090716012661574,0.21969476461264068,0.18729030494309906
std005,1,KL004,140,0.1607217937707901,0.3345140014308975,,0.2501389066330145,0.2083941463781381,0.17379220766010764
std005,1,KL004,141,0.17937882244586945,0.3356871216334444,,0.24518157788291411,0.1929610857966318,0.15630829918757522
std005,1,KL004,142,0.1980874389410019,0.33686434680487043,,0.23995955533545915,0.17733143150842617,0.13877690786386881
std005,1,KL004,143,0.26508286595344543,0.33804569077340246,,0.18368420255398726,0.11278023679092435,0.07296282481995725
std005,1,KL004,144,0.27808791399002075,0.33923089922040167,,0.18131821532680334,0.10212111921486491,0.061142985230381114
std005,1,KL004,145,0.328614205121994,0.3404202645954925,,0.1393709002475155,0.053462395126819884,0.011806059473498644
std005,1,KL004,146,0.285930871963501,0.3416135863434773,,0.1933626444971869,0.09846970101977134,0.05568271437997649
std005,1,KL004,147,0.5290101170539856,0.3428113569765414,,-0.05056466521504421,-0.14470894740096885,-0.18619876007744401
std005,1,KL004,148,0.4947163760662079,0.34401286911388185,,-0.015362297061311647,-0.11017002399678222,-0.15070350695232587
std005,1,KL004,149,0.5322651863098145,0.3452189343356887,,-0.05392719831715763,-0.14784924167005617,-0.18704625197412558
std005,1,KL004,150,0.5635514259338379,0.3464295356774855,,-0.08793307245154053,-0.1795833766384299,-0.2171218902563522
std005,1,KL004,151,0.5504320859909058,0.3476446490722954,,-0.07699575996098147,-0.16678524969870107,-0.20278743691861012
std005,1,KL004,152,0.5509287714958191,0.3488640566734256,,-0.07982346683608005,-0.16761250952413706,-0.2020647148223932
std005,1,KL004,153,0.551579475402832,0.3500877367708561,,-0.08297072225367202,-0.16860486962752605,-0.20149173863197561
std005,1,KL004,154,0.5520654916763306,0.35131570595568096,,-0.08611947331776883,-0.1694421099827776,-0.2007497857206493
std005,1,KL004,155,0.5524270534515381,0.3525479787366616,,-0.08931276287443354,-0.1701633376409475,-0.19987907471487623
std005,1,KL004,156,0.5529649257659912,0.3537845715937558,,-0.09287015163164454,-0.17107121228635355,-0.19918035417223523
std005,1,KL004,157,0.5534446835517883,0.35502549978641296,,-0.09656473194349334,-0.17193086270235466,-0.19841918376537523
std005,1,KL004,158,0.553849995136261,0.3562707789641123,,-0.10038725302264749,-0.1727253396756455,-0.19757921617214846
std005,1,KL004,159,0.5541563630104065,0.3575204249580822,,-0.10431940756296902,-0.1734292721554452,-0.1966359380523241
std005,1,KL004,160,0.5543228387832642,0.3587744537825009,,-0.1083246306943881,-0.17400041254488047,-0.1955483850007631
std005,1,KL004,161,0.5553606152534485,0.36003288171221937,,-0.11347196607350059,-0.17545885057731295,-0.195327733541229
std005,1,KL004,162,0.555601954460144,0.3612957256511602,,-0.11806700845912844,-0.17612902016652493,-0.1943062288089837
std005,1,KL004,163,0.5549635291099548,0.3625630023072358,,-0.12199387600455347,-0.17591881768477316,-0.19240052680271896
std005,1,KL004,164,0.5558998584747314,0.36383473008952055,,-0.12780188345970114,-0.17729865782364937,-0.19206512838521078
std005,1,KL004,165,0.5569146871566772,0.36511092100960374,,-0.13401616628063906,-0.17877329025763145,-0.19180376614707342
std005,1,KL004,166,0.5579746961593628,0.3663915911604639,,-0.14062424316909178,-0.18031007413629266,-0.19158310499889877
std005,1,KL004,167,0.5590485334396362,0.36767675832964225,,-0.14761512152211806,-0.18187802647047957,-0.19137177510999384
std005,1,KL004,168,0.560559868812561,0.3689664399638548,,-0.15545627606929657,-0.1839054710635139,-0.19159342884870612
std005,1,KL004,169,0.5616618990898132,0.37026065287218224,,-0.16330260776541214,-0.1855417693347655,-0.19140124621763094
std005,1,KL004,170,0.5632087588310242,0.37155941638280665,,-0.17205500315093766,-0.18764579327292977,-0.19164934244821746
std005,1,KL004,171,0.5642998218536377,0.3728627526099955,,-0.18081481684464887,-0.1893126187638435,-0.19143706924364218
std005,1,KL004,172,0.5873600840568542,0.3741706787299852,,-0.21318940532686903,-0.21318940532686903,-0.21318940532686903
std005,1,KL005,0,-0.8791847825050354,0.07318881258883857,695,0.08863518575391269,0.47233625969634496,0.9523735950938744
std005,1,KL005,1,-0.6555453538894653,0.07344675781267293,690,-0.14502382455568225,0.24977054413034194,0.7289921117021387
std005,1,KL005,2,-0.6997911334037781,0.0737053985093304,685,-0.10903342112141932,0.2955513989735551,0.773496531913109
std005,1,KL005,3,-0.7080380320549011,0.07396497552615387,680,-0.10907276029581685,0.305437644050442,0.7820030075810556
std005,1,KL005,4,-0.7209821939468384,0.07422546500333821,675,-0.10420024028851414,0.32017426542890515,0.7952076589501771
std005,1,KL005,5,-0.7863471508026123,0.07448686910332201,670,-0.04392125526680729,0.38801638525388094,0.8608340199059348
std005,1,KL005,6,-0.7682557702064514,0.07474851838826076,665,-0.06833793230835378,0.3722525378342134,0.8430042885947127
std005,1,KL005,7,-0.8159269094467163,0.07501068262478466,660,-0.024839744264110588,0.4227640789840114,0.8909375920715014
std005,1,KL005,8,-0.8251142501831055,0.07527379518958206,655,-0.01957679871663395,0.43492339667186364,0.9003880453726878
std005,1,KL005,9,-0.8522965908050537,0.07553784224577718,650,0.004890788530532772,0.46539283433528367,0.9278344330508311
std005,1,KL005,10,-0.8608402013778687,0.07580284427963575,645,0.011016446595248724,0.4773547077152533,0.9366430456575047
std005,1,KL005,11,-0.8782836198806763,0.07606878213583253,640,0.026823816465833497,0.49843921823486304,0.9543524020165091
std005,1,KL005,12,-0.8884742856025696,0.07633566798300644,635,0.0358226595906119,0.5124235934610101,0.9648099535855763
std005,1,KL005,13,-0.9105312824249268,0.0766035005145757,630,0.05778161742140919,0.5385488562583499,0.9871347829395027
std005,1,KL005,14,-0.9223355054855347,0.07687228544130832,625,0.07010356956528091,0.5545960858071174,0.9992077909268432
std005,1,KL005,15,-0.9466320872306824,0.07714201226836682,620,0.09622580637617893,0.5834389695129152,1.0237740994990494
std005,1,KL005,16,-0.9689874649047852,0.07741269356443414,615,0.12168626828615194,0.6106284828608759,1.0464001584692197
std005,1,KL005,17,-0.9385970234870911,0.07768433012165119,610,0.09297629897961185,0.5848311483005219,1.0162813536087425
std005,1,KL005,18,-0.8840177655220032,0.07795687566275758,605,0.03729951935591652,0.5343562990974277,0.961974641184761
std005,1,KL005,19,-0.9166741967201233,0.07823023783744236,600,0.07051523070405077,0.5715028471163632,0.9949044345575658
std005,1,KL005,20,-0.9626367092132568,0.07850457899350419,595,0.11948762377108438,0.6224810115700651,1.0411412882067612
std005,1,KL005,21,-0.9802597761154175,0.07877977296434463,590,0.1412175026930156,0.6453660460270537,1.0590395490797622
std005,1,KL005,22,-0.97767174243927,0.07905592831198803,585,0.14283136038402125,0.6480856093948175,1.056727670751258
std005,1,KL005,23,-0.9924144744873047,0.07933304676189945,580,0.16278856182681925,0.6683572469497145,1.0717475212492042
std005,1,KL005,24,-0.923311710357666,0.07961114674948777,575,0.09555696826485309,0.6041608064832642,1.002922857107154
std005,1,KL005,25,-0.9541387557983398,0.07989014412664099,570,0.12998296315067248,0.6402724051678176,1.034028899924981
std005,1,KL005,26,-0.9671850204467773,0.08017013030238336,565,0.14751752654148412,0.6588070970649876,1.0473551507491607
std005,1,KL005,27,-0.9806439876556396,0.08045110854583876,560,0.16642595070330793,0.6779653149180341,1.0610950962014787
std005,1,KL005,28,-0.9909337162971497,0.08073308426543953,555,0.18301362670449495,0.6941359827064536,1.0716668005625896
std005,1,KL005,29,-1.1118578910827637,0.0810160593296424,550,0.3169548899000399,0.8222427814181364,1.1928739504124064
std005,1,KL005,30,-1.125091552734375,0.08129996279567363,545,0.3446352012615514,0.8428906488140655,1.2063915155300489
std005,1,KL005,31,-1.1427717208862305,0.08158486111153002,540,0.37850618613987286,0.8682647413833943,1.2243565819977607
std005,1,KL005,32,-1.1584032773971558,0.08187074656172914,535,0.41206312399117473,0.891853052032812,1.240274023958885
std005,1,KL005,33,-1.025221586227417,0.08215762162297169,530,0.29080679179679725,0.7653913646536733,1.1073792078503888
std005,1,KL005,34,-1.041290521621704,0.08244552721579437,525,0.320318479590638,0.7884343039288289,1.1237360488374983
std005,1,KL005,35,-1.1139577627182007,0.08273446096346804,520,0.41101017762410313,0.8689047076094636,1.1966922236816684
std005,1,KL005,36,-1.0592892169952393,0.08302468446547584,515,0.3725042218967468,0.8215938335703387,1.1423139014607149
std005,1,KL005,37,-1.0450141429901123,0.08331590449400168,510,0.3745506698398989,0.8146325778904737,1.1283300474841138
std005,1,KL005,38,-1.0562654733657837,0.08360811633408705,505,0.4036348914535781,0.8334111092447954,1.1398735896998706
std005,1,KL005,39,-1.0387015342712402,0.08390134100680349,500,0.40398375816944193,0.8232996187523157,1.1226028752780435
std005,1,KL005,40,-1.0114084482192993,0.08419556868378834,495,0.39417581882186153,0.8032849215671369,1.0956040169030874
std005,1,KL005,41,-0.9886505603790283,0.08449080016823689,490,0.3886900247141504,0.7876747959991395,1.073141360547265
std005,1,KL005,42,-1.4159417152404785,0.08478703192736092,485,0.85671500554608,1.2265272475751403,1.5007287471678392
std005,1,KL005,43,-1.1064988374710083,0.08508482807656466,480,0.5740141596353108,0.9256782106722242,1.1915836655475727
std005,1,KL005,44,-0.9876934885978699,0.08538388499679654,475,0.47720426292178186,0.814384089610274,1.0730773735946662
std005,1,KL005,45,-0.9519864320755005,0.0856842322429114,470,0.46285237346426644,0.7859302829038605,1.0376706643184117
std005,1,KL005,46,-0.9406833648681641,0.08598564776965412,465,0.4735123095289106,0.781865244742388,1.026669012637818
std005,1,KL005,47,-0.9191484451293945,0.0862881319194725,460,0.4740439403197245,0.767449570184886,1.005436577048867
std005,1,KL005,48,-0.8934351801872253,0.08659167838007682,455,0.47028668142936075,0.7486929306625983,0.980026858567302
std005,1,KL005,49,-0.8761271238327026,0.08689629519997194,450,0.4752602447647931,0.7382615672730235,0.9630234190326743
std005,1,KL005,50,-0.6170818209648132,0.08720197231106674,445,0.2261174861842295,0.48357013029642903,0.7042837932758796
std005,1,KL005,51,-0.651664137840271,0.08750809217423394,440,0.2729795167886539,0.5229143822334217,0.7391722300145046
std005,1,KL005,52,-0.6531749963760376,0.08781522372576077,435,0.2875411342647114,0.5292673291135198,0.7409902201017982
std005,1,KL005,53,-0.7827718257904053,0.08812337371990203,430,0.43774456317239696,0.6650812943866837,0.870895199510307
std005,1,KL005,54,-0.8588346242904663,0.08843216409594498,425,0.5395773624937898,0.7482138988651756,0.9472667883864111
std005,1,KL005,55,-0.764323890209198,0.08874218585245645,420,0.4673138974384117,0.6599149011700698,0.8530660760616543
std005,1,KL005,56,-0.5223209857940674,0.08905342791643872,415,0.23607436886912778,0.4217641238920475,0.6113744137105059
std005,1,KL005,57,-0.44431382417678833,0.0893659611044897,410,0.16533134483172912,0.3468738845689604,0.5336797852812779
std005,1,KL005,58,-0.6441944241523743,0.08967971479755056,405,0.3834053604557941,0.5519330448647725,0.7338741389499247
std005,1,KL005,59,-0.5252172350883484,0.08999552020588342,400,0.277385280896467,0.4370042247704512,0.6152127552942317
std005,1,KL005,60,-0.5002926588058472,0.09031268062278486,395,0.26483599708500283,0.41593172549594304,0.5906053394286319
std005,1,KL005,61,-0.47793859243392944,0.09063096400140987,390,0.25437767909750786,0.39725649227563126,0.5685695564353392
std005,1,KL005,62,-0.4576749801635742,0.09095036088061893,385,0.24561327312035766,0.3805172083925178,0.548625341044193
std005,1,KL005,63,-0.4375915825366974,0.09127086068604985,380,0.23661967628687505,0.36380333264581965,0.5288624432227471
std005,1,KL005,64,-0.44472983479499817,0.0915924913603236,375,0.2558480099831542,0.374429179172707,0.5363223261553216
std005,1,KL005,65,-0.42852017283439636,0.09191518971618794,370,0.2515561373884997,0.3615908890508662,0.5204353625505841
std005,1,KL005,66,-0.4122658669948578,0.09223902022109583,365,0.24703533964099472,0.34858975771872336,0.5045048872159534
std005,1,KL005,67,-0.4041113257408142,0.09256396536326718,360,0.25084592731969324,0.34365037551788524,0.49667529110408126
std005,1,KL005,68,-0.3925928473472595,0.09289003119761567,355,0.25136019646732594,0.33527454519442085,0.48548287854487504
std005,1,KL005,69,-0.12686030566692352,0.09321721713481608,350,-0.015647863095193844,0.07004332815656533,0.22007752280173948
std005,1,KL005,70,-0.0912228599190712,0.09354482892302791,345,-0.0545090770691314,0.03455334319353054,0.184767688842099
std005,1,KL005,71,-0.08269412070512772,0.0938734918149669,340,-0.06689212921054857,0.02608782952481387,0.1765676125200945
std005,1,KL005,72,-0.0544172003865242,0.09420333764694011,335,-0.10072866233353706,-0.002410596599637674,0.1486205380334642
std005,1,KL005,73,-0.04028598219156265,0.09453429786467883,330,-0.12147640116272246,-0.016909123287675243,0.1348202800562414
std005,1,KL005,74,-0.020797111093997955,0.09486640191709846,325,-0.1489801803538613,-0.03696718624206831,0.11566351301109631
std005,1,KL005,75,-0.01798943430185318,0.09519964917445477,320,-0.16040195682002756,-0.04038019974949152,0.11318908347630785
std005,1,KL005,76,-0.006240048445761204,0.09553410202793576,315,-0.1818689350595802,-0.0528618215193286,0.10177415047369687
std005,1,KL005,77,-0.025082118809223175,0.09586972931063974,310,-0.17230005883505656,-0.034571648334421806,0.12095184811986281
std005,1,KL005,78,-0.266103059053421,0.09620640863666621,305,0.07161060548534143,0.20832429654695056,0.36230946769008715
std005,1,KL005,79,-0.40178224444389343,0.09654483230598022,300,0.21748386767131797,0.34727512917325354,0.49832707674987353
std005,1,KL005,80,-0.1878693848848343,0.09688456594323813,295,0.0030807719751864,0.13451793217158436,0.2847539508280723
std005,1,KL005,81,-0.16260121762752533,0.09722549396049195,290,-0.024035140690857992,0.11016596096208112,0.2598267115880172
std005,1,KL005,82,-0.22312813997268677,0.09756759719661694,285,0.03772557884574143,0.17223293996748654,0.32069573716930355
std005,1,KL005,83,-0.1906677931547165,0.09791084222858668,280,0.004860017219049658,0.14100571671940781,0.288578635383303
std005,1,KL005,84,-0.16690121591091156,0.09825524062850752,275,-0.020585520792894666,0.11824896683917922,0.2651564565394189
std005,1,KL005,85,-0.1672939509153366,0.09860086208839239,270,-0.021945617716162526,0.11966928697465937,0.26589481300372875
std005,1,KL005,86,-0.23129938542842865,0.09894770239708221,265,0.043576981176905144,0.18536285054317223,0.3302470878255106
std005,1,KL005,87,-0.21551574766635895,0.09929522894901031,260,0.02856467949342234,0.17113040316543537,0.314810976615369
std005,1,KL005,88,-0.4315004050731659,0.09964396972122463,255,0.2567317243716477,0.39086906919132786,0.5311443747943903
std005,1,KL005,89,-0.1926591843366623,0.09999410522361156,250,0.01818859150047012,0.15342069936124955,0.2926532895602736
std005,1,KL005,90,-0.17075297236442566,0.10034537425506286,245,-0.004555801068468906,0.13270496793915282,0.2710983466194883
std005,1,KL005,91,-0.14917874336242676,0.10069784405809087,240,-0.028150934098061145,0.1121195060391196,0.24987658742051744
std005,1,KL005,92,-0.11198312789201736,0.10105151631654115,235,-0.06943896860834323,0.07555039848624628,0.2130346442085583
std005,1,KL005,93,-0.07579199224710464,0.10140695473061956,230,-0.11185724922364916,0.03962928169842592,0.17719894697772398
std005,1,KL005,94,-0.2525091767311096,0.10176360197018007,225,0.06758294500718409,0.21840515329094745,0.3542727787012894
std005,1,KL005,95,-0.23603110015392303,0.10212150059541825,220,0.05311397209295598,0.20384740123368966,0.338152600749341
std005,1,KL005,96,-0.22512976825237274,0.10248062735737255,215,0.04376111454682044,0.1947824468164788,0.32761039560974503
std005,1,KL005,97,-0.2143232375383377,0.10284099014115647,210,0.03402147965912766,0.18572816270565437,0.317164227679494
std005,1,KL005,98,-0.20470595359802246,0.10320259912944192,205,0.025024988728272177,0.17778986543297848,0.3079085527274642
std005,1,KL005,99,-0.1977512687444687,0.10356547068818853,200,0.018360019092539252,0.17246681509485398,0.3013167394326571
std005,1,KL005,100,-0.1983158141374588,0.10392960509221807,195,0.019260300285726423,0.1746909445896913,0.30224541922967674
std005,1,KL005,101,-0.13412851095199585,0.10429501001970044,190,-0.047950643255140535,0.1115375005392581,0.23842352097169614
std005,1,KL005,102,0.075883649289608,0.10466197252374505,185,-0.27220971424027224,-0.09954775342449022,0.02877832323413687
std005,1,KL005,103,-0.10695303231477737,0.10503019378644471,180,-0.09479937102547566,0.08404800518509487,0.21198322610122192
std005,1,KL005,104,-0.11205703765153885,0.10539972257419261,175,-0.0951586639710169,0.08997301461272644,0.2174567602257313
std005,1,KL005,105,-0.1331653892993927,0.10577053669681458,170,-0.07871034623424543,0.1121267751547348,0.23893592599620708
std005,1,KL005,106,-0.13783375918865204,0.10614261340128092,165,-0.07871879712378126,0.11790193170649985,0.24397637258993277
std005,1,KL005,107,-0.13924811780452728,0.10651597366707886,160,-0.0821702379108164,0.12045243987835656,0.24576409147160594
std005,1,KL005,108,-0.1400216519832611,0.10689063889778662,155,-0.08649583479417418,0.12238543112422381,0.24691229088104752
std005,1,KL005,109,-0.22496150434017181,0.10726661502066345,150,-0.0024717786934701433,0.2093585321764762,0.3322281193608351
std005,1,KL005,110,-0.2546790540218353,0.10764366543701462,145,0.0278422230466928,0.24143699617924116,0.3623227194588498
std005,1,KL005,111,-0.2556728422641754,0.10802203709614393,140,0.0295183601785139,0.2448339404191254,0.36369487936031925
std005,1,KL005,112,-0.23377437889575958,0.10840172955316263,135,0.007188119529548051,0.22515021091794626,0.3421761084489221
std005,1,KL005,113,-0.23813115060329437,0.10878276757456755,130,0.011318116153527243,0.231795948990168,0.34691391817786177
std005,1,KL005,114,-0.2434530407190323,0.10916514111892388,125,0.016680559228637887,0.23949178427738277,0.35261818183795607
std005,1,KL005,115,-0.246465265750885,0.10954885056360118,120,0.019894155263194224,0.24494075811673402,0.3560141163144861
std005,1,KL005,116,-0.2480405569076538,0.1099339024027625,115,0.02176506650851717,0.2490019457172476,0.35797445931041627
std005,1,KL005,117,-0.25156378746032715,0.11032029005689331,110,0.025785985570026235,0.25508055549041714,0.3618840775172204
std005,1,KL005,118,-0.25349104404449463,0.11070802552949024,105,0.02834038860520102,0.2596175082763394,0.36419906957398485
std005,1,KL005,119,-0.25520792603492737,0.11109711374731511,100,0.030810093896017673,0.2639970195529084,0.3663050397822425
std005,1,KL005,120,-0.333721399307251,0.11148756962939722,95,0.11425108197908512,0.3460025106382105,0.44520896893664824
std005,1,KL005,121,-0.34528523683547974,0.11187922097626228,90,0.13162839207199314,0.3612226297771517,0.4571644578117421
std005,1,KL005,122,-0.33994659781455994,0.11227224289476713,85,0.13214965617548075,0.35953621730844065,0.45221884070932716
std005,1,KL005,123,-0.40908870100975037,0.11266663889627346,80,0.21112074571767547,0.43307876611128493,0.521755339906024
std005,1,KL005,124,-0.3958832025527954,0.11306194751809703,75,0.20760227949659,0.4241998732063209,0.5089451500708926
std005,1,KL005,125,-0.3980141580104828,0.1134586618309088,70,0.2200780156995506,0.4307379954669151,0.5114728198413917
std005,1,KL005,126,-0.39980143308639526,0.11385676326183561,65,0.23288675108693813,0.43701060221102705,0.513658196348231
std005,1,KL005,127,-0.3757353723049164,0.11425625484114797,60,0.21919623679491948,0.41724795748977667,0.4899916271460645
std005,1,KL005,128,-0.35563206672668457,0.11465726100164077,55,0.2089948780961316,0.40130381960481915,0.4702893277283255
std005,1,KL005,129,-0.36144357919692993,0.11505966538260164,50,0.22557187454436384,0.41138992677220065,0.4765032445795317
std005,1,KL005,130,-0.3912515342235565,0.11546346817290179,45,0.2683204505453384,0.44583186149420834,0.5067150023964584
std005,1,KL005,131,-0.3633280098438263,0.11586835658790728,40,0.25259635399130703,0.4223231367291831,0.4791963664317336
std005,1,KL005,132,-0.35822710394859314,0.1162746599795423,35,0.2601134720878048,0.4216457210516921,0.4745017639281355
std005,1,KL005,133,-0.3532489836215973,0.11668235295303399,30,0.2682019775990392,0.4211011096858988,0.46993133657463126
std005,1,KL005,134,-0.3499103784561157,0.11709145192486829,25,0.278490167690072,0.4222227413059721,0.46700183038098403
std005,1,KL005,135,-0.34741950035095215,0.11750197330599353,20,0.290262432165105,0.4242277668829395,0.46492147365694564
std005,1,KL005,136,-0.34360599517822266,0.11791393395029028,15,0.3013146563634663,0.4249329709119255,0.46151992912851286
std005,1,KL005,137,-0.34127435088157654,0.11832731727231102,10,0.31456323567835204,0.42715809885257217,0.45960166815388753
std005,1,KL005,138,-0.3401317596435547,0.1187421398166958,5,0.3298181963388131,0.4306228843871729,0.4588738994602505
std005,1,KL005,139,-0.33668744564056396,0.11915839938683856,0,0.3435136433237443,0.4318139849090633,0.4558458450274025
std005,1,KL005,140,-0.3318241536617279,0.1290660186225009,0,0.36648882635495916,0.44118596989443576,0.4608901722842288
std005,1,KL005,141,-0.3249998092651367,0.17696880988002933,0,0.42867001385528386,0.48706603825965655,0.501968619145166
std005,1,KL005,142,-0.3178774118423462,0.22503943770804427,0,0.49406465603542365,0.5332950035716646,0.5429168495503904
std005,1,KL005,143,-0.3120177686214447,0.2732785070218717,0,0.5644978058559289,0.5814552696822324,0.5852962756433162
std005,1,KL005,144,-0.30524611473083496,0.32168661256519027,0,0.6379593521846586,0.6293719831877592,0.6269327272960251
std005,1,KL005,145,0.37276214361190796,0.370264345924738,,0.009018380941740766,-5.050022024575087e-05,-0.0024977976871699914
std005,1,KL005,146,0.37565481662750244,0.37156186471856945,,0.007856396520023234,-0.0016536158473062224,-0.00409295190893301
std005,1,KL005,147,0.49479398131370544,0.3728639328403051,,-0.11572508667955292,-0.12068905611463086,-0.12193004847340035
std005,1,KL005,148,0.498705118894577,0.37417106856155685,,-0.12453405033302017,-0.12453405033302017,-0.12453405033302017
std005,1,KL006,0,-0.9507851600646973,-2.6636155094645044,315,-0.3204648649172961,-0.9998838132456638,-1.7128303493998118
std005,1,KL006,1,-0.9869917035102844,-2.6729475107734704,310,-0.30390716051150196,-0.9803144187689082,-1.6859558072631904
std005,1,KL006,2,-1.0032553672790527,-2.6823121720495973,305,-0.30754293209525474,-0.9807505204677414,-1.679056804770549
std005,1,KL006,3,-1.0179275274276733,-2.6917096390976734,300,-0.3131187135055574,-0.9828577038679154,-1.6737821116700045
std005,1,KL006,4,-1.0332562923431396,-2.7011400309692535,295,-0.3183714703168933,-0.9843823178186384,-1.667883738626118
std005,1,KL006,5,-1.0461559295654297,-2.7106034608785827,290,-0.3265335687079379,-0.9884356391090499,-1.6644475313131573
std005,1,KL006,6,-1.0547600984573364,-2.7201000465879037,285,-0.33972447423358776,-0.9969287572532421,-1.6653399481305717
std005,1,KL006,7,-1.0636546611785889,-2.729629902159865,280,-0.3533843400893915,-1.0052748433567322,-1.6659752409812807
std005,1,KL006,8,-1.0723340511322021,-2.739193144694662,275,-0.3680728249509607,-1.0139835934931754,-1.666859093562464
std005,1,KL006,9,-1.0867488384246826,-2.7487898936988557,270,-0.3775833114436447,-1.0170485186069667,-1.6620410552741771
std005,1,KL006,10,-1.1067962646484375,-2.758420266657482,265,-0.3817534959568712,-1.0145167309116774,-1.6516240020090485
std005,1,KL006,11,-1.1279510259628296,-2.768084381632546,260,-0.385066866146429,-1.0109028393374129,-1.6401333556697202
std005,1,KL006,12,-1.1490907669067383,-2.777782356241579,255,-0.38866067664819964,-1.0073296946114554,-1.6286915893348444
std005,1,KL006,13,-1.1749603748321533,-2.787514311804985,250,-0.38755605095348267,-0.9990049865724278,-1.6125539369728354
std005,1,KL006,14,-1.1584045886993408,-2.797280365026032,245,-0.431142933270683,-1.0335122172706237,-1.6388757763266948
std005,1,KL006,15,-1.1946089267730713,-2.807080792827627,240,-0.4215867494076492,-1.0151386422737585,-1.6124718660545596
std005,1,KL006,16,-1.2272417545318604,-2.816915578597229,235,-0.4153853966497928,-1.000250187412229,-1.5896738240653725
std005,1,KL006,17,-1.2609741687774658,-2.826784838172456,230,-0.407797697119272,-0.984163465983187,-1.5658106693949936
std005,1,KL006,18,-1.2951912879943848,-2.836688693369274,225,-0.39939687235749444,-0.9674871185179247,-1.5414974053748927
std005,1,KL006,19,-1.3288030624389648,-2.84662726780575,220,-0.391286338341425,-0.9513158806404708,-1.5178242053667879
std005,1,KL006,20,-1.3600927591323853,-2.856600684497374,215,-0.38528730034323216,-0.9373885748172036,-1.4965079253649916
std005,1,KL006,21,-1.3921244144439697,-2.8666090650457763,210,-0.378284811126518,-0.9226326037447986,-1.4744846506018088
std005,1,KL006,22,-1.4328303337097168,-2.8766525334682247,205,-0.3618752995405794,-0.8990268620940473,-1.44382219975851
std005,1,KL006,23,-1.468186855316162,-2.886731205942392,200,-0.35032269855421727,-0.8806466450284816,-1.418544350626232
std005,1,KL006,24,-1.4988245964050293,-2.8968452112324155,195,-0.3432170168486771,-0.8669073156789411,-1.3980206148273884
std005,1,KL006,25,-1.5302109718322754,-2.906994675122631,190,-0.33503612869438637,-0.8523328367622728,-1.376783703290358
std005,1,KL006,26,-1.5631451606750488,-2.917179723171454,185,-0.3248810000793419,-0.8361072159734904,-1.3540345624964076
std005,1,KL006,27,-1.6005070209503174,-2.9274004798146938,180,-0.30961472112723076,-0.8153044616793385,-1.326893458864379
std005,1,KL006,28,-1.722359538078308,-2.9376570702089255,175,-0.20468893642342625,-0.7090061088363271,-1.21529753213062
std005,1,KL006,29,-1.7632408142089844,-2.9479495117306582,170,-0.17953596592411852,-0.6834781297771201,-1.1847086975216763
std005,1,KL006,30,-1.806025505065918,-2.95827802993534,165,-0.1511135842854648,-0.6558240034557307,-1.152252524869424
std005,1,KL006,31,-1.8426995277404785,-2.9686427600966034,160,-0.12768056528832836,-0.6341165075521327,-1.125943232356127
std005,1,KL006,32,-1.8982423543930054,-2.9790438295544015,155,-0.08320119066255798,-0.5931833388905615,-1.0808014751613981
std005,1,KL006,33,-1.9117114543914795,-2.989480728261785,150,-0.08070908762064115,-0.5943865036822501,-1.0777692738703075
std005,1,KL006,34,-1.9263745546340942,-2.9999542140732625,145,-0.07686948361530413,-0.5944477070919124,-1.0735796594391704
std005,1,KL006,35,-1.9578003883361816,-3.0104644195854595,140,-0.055222755815197144,-0.5776296096314565,-1.0526640312492799
std005,1,KL006,36,-1.9617314338684082,-3.0210114673696187,135,-0.061414693753194895,-0.5884658619170309,-1.0592800335012125
std005,1,KL006,37,-1.974258542060852,-3.0315954932569236,130,-0.05892139644748724,-0.5907809674618341,-1.0573369511960735
std005,1,KL006,38,-1.964991807937622,-3.042216612148554,125,-0.07927477559557886,-0.6151859781192238,-1.0772248042109336
std005,1,KL006,39,-2.015789031982422,-3.052874961188321,120,-0.03751507267135175,-0.5792204323541641,-1.037085929205901
std005,1,KL006,40,-2.013470411300659,-3.06357049373998,115,-0.049502068792867,-0.5965962958237105,-1.0501000824393223
std005,1,KL006,41,-2.017359972000122,-3.074303519929432,110,-0.05562071033160218,-0.6079300919147765,-1.0569435479293114
std005,1,KL006,42,-2.0147907733917236,-3.0850741770406103,105,-0.06889701786437415,-0.6259562731068177,-1.0702834036488882
std005,1,KL006,43,-1.999688982963562,-3.0958825904885616,100,-0.0961037894764247,-0.6568784439430319,-1.096193607525001
std005,1,KL006,44,-1.9970331192016602,-3.1067289073390056,95,-0.11168620128259318,-0.6755973412386874,-1.1096957881373473
std005,1,KL006,45,-2.0130889415740967,-3.117613251669684,90,-0.10843992948426112,-0.6756614996089363,-1.1045243100955893
std005,1,KL006,46,-2.080185651779175,-3.1285357633462962,85,-0.05134282757227519,-0.624226936294596,-1.048350111567123
std005,1,KL006,47,-2.07324481010437,-3.1394964529250533,80,-0.06921166360831241,-0.6471135757205811,-1.0662516428206847
std005,1,KL006,48,-2.211714267730713,-3.150495557697025,75,0.06500219178982161,-0.523408749419011,-0.9387812899663136
std005,1,KL006,49,-2.201937675476074,-3.1615333844584836,70,0.05021557196903474,-0.548250304051245,-0.9595957089824108
std005,1,KL006,50,-2.1956751346588135,-3.172609933270891,65,0.03833118202427802,-0.5698466024141544,-0.9769347986120787
std005,1,KL006,51,-2.186490774154663,-3.183725325182818,60,0.022724928603375452,-0.5946666806007592,-0.9972345510281562
std005,1,KL006,52,-2.181445360183716,-3.194879692310397,55,0.010630363140486855,-0.6156120796154262,-1.013434332126682
std005,1,KL006,53,-2.1673600673675537,-3.2060731750591964,50,-0.01164245393517031,-0.6459565452791813,-1.038713107691644
std005,1,KL006,54,-2.1673591136932373,-3.2173058975997484,45,-0.02029212294139711,-0.6624384799227385,-1.0499467839065126
std005,1,KL006,55,-2.2297592163085938,-3.2285781931973805,40,0.036256159140956784,-0.6161140759538463,-0.9988189768887885
std005,1,KL006,56,-2.07072377204895,-3.239890033035074,35,-0.13733101661314542,-0.7930509619514841,-1.169166260986126
std005,1,KL006,57,-2.0443787574768066,-3.251241165896738,30,-0.1804335333572194,-0.8378073637142455,-1.206862408419933
std005,1,KL006,58,-2.0422422885894775,-3.262632077971898,25,-0.20038373642651358,-0.8586279422572608,-1.2203897893824216
std005,1,KL006,59,-2.0243003368377686,-3.2740629213936976,20,-0.23808702204154092,-0.8956901103364482,-1.24976258455593
std005,1,KL006,60,-2.01261830329895,-3.285533814018001,15,-0.271258184861078,-0.926871161667832,-1.2729155107190515
std005,1,KL006,61,-1.9924540519714355,-3.297044908077206,10,-0.31518311494715057,-0.9670040901650958,-1.3045908561057713
std005,1,KL006,62,-1.9880142211914062,-3.3085962189954787,5,-0.34495537395095127,-0.9917297044938898,-1.3205819978040738
std005,1,KL006,63,-1.983628749847412,-3.3201880110726627,0,-0.3763308123843207,-1.0167219666998575,-1.3365592612252521
std005,1,KL006,64,-1.9764927625656128,-3.293859965012879,0,-0.3723940416559872,-1.0064740136054446,-1.3173672024472678
std005,1,KL006,65,-1.9632209539413452,-3.2579495604569497,0,-0.36467840276087826,-0.9926728497558774,-1.2947286065156065
std005,1,KL006,66,-1.9539154767990112,-3.22191334315629,0,-0.3523041958139175,-0.9746300782423862,-1.2679978663572806
std005,1,KL006,67,-1.9564586877822876,-3.185750865005798,0,-0.3267264547447116,-0.9443398965295638,-1.2292921772235124
std005,1,KL006,68,-1.9532890319824219,-3.149461662765265,0,-0.3057310851214873,-0.9194161055534472,-1.196172630782845
std005,1,KL006,69,-1.9471983909606934,-3.113045314830248,0,-0.28661629581671555,-0.8970916252964749,-1.1658469238695568
std005,1,KL006,70,-2.0393803119659424,-3.076501365784095,0,-0.1629576936783294,-0.7751758586461521,-1.0371210538181546
std005,1,KL006,71,-1.9843631982803345,-3.03982928179078,0,-0.18762090643312754,-0.8006091860094423,-1.0554660835104481
std005,1,KL006,72,-1.8922046422958374,-3.0030287407908873,0,-0.2525665227179031,-0.8637113560892404,-1.1108240984950524
std005,1,KL006,73,-1.677351713180542,-2.966098908550988,0,-0.44998156573839787,-1.0512814426182626,-1.2887471953704484
std005,1,KL006,74,-1.6266411542892456,-2.9290392534310197,0,-0.4849406658425187,-1.0748488104987086,-1.3023980991417763
std005,1,KL006,75,-1.5890913009643555,-2.891849738922258,0,-0.507828238520139,-1.0852645154248457,-1.3027584379579047
std005,1,KL006,76,-1.1769877672195435,-2.8735101544732764,25,-0.9461125682803008,-1.4931984013211304,-1.696522387253735
std005,1,KL006,77,-1.1469264030456543,-2.8835765383699163,20,-1.0353800603315895,-1.5480946970656981,-1.7366501353242643
std005,1,KL006,78,-1.3920013904571533,-2.8936781980720294,15,-0.8399469975374939,-1.3257178945129928,-1.5016768076148783
std005,1,KL006,79,-1.5130300521850586,-2.903815517655185,10,-0.7649864317837948,-1.2264747816497905,-1.3907854654701288
std005,1,KL006,80,-1.487112283706665,-2.9139882809675743,5,-0.8409308540456033,-1.2747369773272847,-1.4268759972609115
std005,1,KL006,81,-1.4651873111724854,-2.9241966486105193,0,-0.916853874342003,-1.3195325840986383,-1.459009337438036
std005,1,KL006,82,-1.4669430255889893,-2.8869902184735476,0,-0.922096994634609,-1.293011864539795,-1.4200471928845604
std005,1,KL006,83,-1.5035333633422852,-2.8496531602205257,0,-0.8909735774375716,-1.230948855254363,-1.3461197968782423
std005,1,KL006,84,-1.9533063173294067,-2.812185704201589,0,-0.42330362359595797,-0.750813043868412,-0.8588793868721845
std005,1,KL006,85,-1.9453396797180176,-2.7745873034190645,0,-0.4127849533395265,-0.7280834764815961,-0.8292476237010492
std005,1,KL006,86,-1.9980757236480713,-2.736857291507088,0,-0.33774706370035595,-0.6436999649750974,-0.7387815678590193
std005,1,KL006,87,-1.9613078832626343,-2.698995062731944,0,-0.3528921526151858,-0.6487600334061316,-0.7376871794693125
std005,1,KL006,88,-2.0993263721466064,-2.6610001790417126,0,-0.18476899896154003,-0.47720715260999597,-0.5616738068951087
std005,1,KL006,89,-2.0599210262298584,-2.62287232258243,0,-0.1944483187977118,-0.48301887962696755,-0.5629512963525741
std005,1,KL006,90,-1.9946441650390625,-2.5846108743933636,0,-0.2317606150215758,-0.5149032609000284,-0.5899667093543033
std005,1,KL006,91,-1.9185798168182373,-2.5462153554970017,0,-0.2822888154395599,-0.5578879652559521,-0.6276355386787666
std005,1,KL006,92,-2.0862598419189453,-2.507685298998201,0,-0.07880917933186071,-0.3549833379876832,-0.4214254570792577
std005,1,KL006,93,-1.5127180814743042,-2.5069813977464466,75,-0.6846806230389936,-0.936957979458971,-0.9942633162721445
std005,1,KL006,94,-1.5549824237823486,-2.5157651458853376,70,-0.6843319201283504,-0.9124006069737338,-0.9607827221029912
std005,1,KL006,95,-1.5033199787139893,-2.524579635488545,65,-0.7829897225110045,-0.982533355680695,-1.021259656774558
std005,1,KL006,96,-2.005103826522827,-2.5334249929994663,60,-0.30443830584721493,-0.49440320965313755,-0.5283211664766414
std005,1,KL006,97,-2.04746413230896,-2.542301067390629,55,-0.2843890965337974,-0.46545468458218364,-0.49483693508167115
std005,1,KL006,98,-1.8419406414031982,-2.551208279198182,50,-0.5242973048957414,-0.6866489280999919,-0.7092676377949856
std005,1,KL006,99,-2.072680711746216,-2.5601461096085236,45,-0.3177336553034911,-0.46946205812397646,-0.4874653978623097
std005,1,KL006,100,-2.036837100982666,-2.569115321191263,40,-0.3810018712124769,-0.5194058596096641,-0.5322782202085992
std005,1,KL006,101,-2.0062930583953857,-2.578115983589096,35,-0.4421226732066872,-0.5645509726049891,-0.5718229251937119
std005,1,KL006,102,-2.177506446838379,-2.5871481963990353,30,-0.2941969036610575,-0.40640840178284404,-0.4096417495606579
std005,1,KL006,103,-2.0934643745422363,-2.5962128734892627,25,-0.40726227529775083,-0.5045493154354788,-0.5027484989470279
std005,1,KL006,104,-2.0592830181121826,-2.6053087139114504,20,-0.47389990625361295,-0.5533664867919267,-0.5460256957992693
std005,1,KL006,105,-2.1042215824127197,-2.6144364546403707,15,-0.4608803904472862,-0.5228094784048105,-0.5102148722276525
std005,1,KL006,106,-2.081660509109497,-2.623596172183902,10,-0.5183456051626101,-0.5601761593751627,-0.5419356630744063
std005,1,KL006,107,-2.347456216812134,-2.6327879986023426,5,-0.27543059987237606,-0.3067032206952841,-0.2853317817902107
std005,1,KL006,108,-2.382455587387085,-2.6420115159269866,0,-0.2627579528585621,-0.2838406544715692,-0.2595559285399035
std005,1,KL006,109,-2.371344566345215,-2.6322872813181464,0,-0.2780589036101767,-0.2881944735931043,-0.2609427149729331
std005,1,KL006,110,-2.3414690494537354,-2.5940586221926787,0,-0.2839639289101541,-0.2827644596914273,-0.2525895727389449
std005,1,KL006,111,-2.314885139465332,-2.555696015971739,0,-0.2866264852869441,-0.27382978701676725,-0.24081087650640803
std005,1,KL006,112,-2.237652063369751,-2.5171989950131923,0,-0.34265586053937547,-0.31583993194883697,-0.27954693164344224
std005,1,KL006,113,-2.1831295490264893,-2.4311165552221436,0,-0.32770216199515884,-0.287279968298088,-0.2479870061956551
std005,1,KL006,114,-2.1603777408599854,-2.344732529500049,0,-0.27826236583809316,-0.22604588284364396,-0.18435478864006444
std005,1,KL006,115,-1.9646949768066406,-2.258045851852417,0,-0.40798682341894127,-0.3385737828397933,-0.29335087504577695
std005,1,KL006,116,-1.9568812847137451,-2.1710557664727146,0,-0.3465390394321358,-0.2621776161181163,-0.21417448175897003
std005,1,KL006,117,-1.943472146987915,-2.083760887276765,0,-0.287491654901519,-0.1903637033436021,-0.14028874028885024
std005,1,KL006,118,-1.9269108772277832,-1.996160157625562,0,-0.22838732558762875,-0.12070676193318061,-0.06924928039777935
std005,1,KL006,119,-1.8120874166488647,-1.908252512123147,0,-0.26932707667873734,-0.1492958301916334,-0.09616509547428266
std005,1,KL006,120,-1.8108128309249878,-1.820036330673408,0,-0.19262336810322186,-0.06317211316196891,-0.009223499748420683
std005,1,KL006,121,-1.799972653388977,-1.7315110597873953,0,-0.12166406804270463,0.014468643403419093,0.0684615936015813
std005,1,KL006,122,-1.7771364450454712,-1.6426754515866595,0,-0.05929560385932682,0.081089762319559,0.1344609934588111
std005,1,KL006,123,-1.7704495191574097,-1.544038485948966,0,0.03365848259695295,0.1745987897594619,0.226411033208443
std005,1,KL006,124,-1.443861722946167,-1.45454607555498,0,-0.21485501336908275,-0.06331124640394864,-0.01068435260881355
std005,1,KL006,125,-1.37912118434906,-1.3647402503989745,0,-0.2005316764797123,-0.03881853744430069,0.01438093395008505
std005,1,KL006,126,-1.3318653106689453,-1.2746197736769385,0,-0.16675797530704334,0.003898653733269565,0.057245536992006504
std005,1,KL006,127,-1.288482666015625,-1.1841835389106343,0,-0.1268307796570461,0.05127811004864741,0.10429912710499017
std005,1,KL006,128,-1.408366322517395,-1.0934304387816993,0,0.08736437082942217,0.2643728217571557,0.31493588373569537
std005,1,KL006,129,-1.3797874450683594,-1.0023591359339674,0,0.15690467296347552,0.32998796576870143,0.3774283091343918
std005,1,KL006,130,-1.3426977396011353,-0.9109687413545646,0,0.22150810448506375,0.3880024597026546,0.43172899824657046
std005,1,KL006,131,-1.2982776165008545,-0.8192581381141382,0,0.2821705475684871,0.4395350831957713,0.4790194783867161
std005,1,KL006,132,-1.2527803182601929,-0.7272262133186632,0,0.34527943357135205,0.4908397633752305,0.5255541049415295
std005,1,KL006,133,-1.2436131238937378,-0.6348718336122621,0,0.4503526094496471,0.5797023412616613,0.6087412902814758
std005,1,KL006,134,-1.1909394264221191,-0.5421939502247749,0,0.5155808829271942,0.6258634157055024,0.6487454761973444
std005,1,KL006,135,-0.80036461353302,-0.49664191431554383,0,0.17904371433351632,0.28359642967875665,0.30372269921747624
std005,1,KL006,136,-0.7836437821388245,-0.45093006730661156,0,0.21852408861935102,0.31567366423376464,0.33271371483221296
std005,1,KL006,137,-0.7374368906021118,-0.4050579626587668,0,0.22925179811545435,0.3184638111375466,0.33237892794334506
std005,1,KL006,138,-0.6910876631736755,-0.3590251446330407,0,0.24060426902147009,0.3213117640880446,0.3320625185406349
std005,1,KL006,139,-0.6448348760604858,-0.31283103804048823,0,0.2528685688033725,0.3244600156153194,0.33200383801999767
std005,1,KL006,140,-0.5903505086898804,-0.2664750871330688,0,0.2573293484414708,0.31950016906817585,0.32387542155681154
std005,1,KL006,141,-0.5454705953598022,-0.2199567353868358,0,0.27235223695900357,0.32436694710245506,0.3255138599729664
std005,1,KL006,142,-0.5020970106124878,-0.1732754034973528,0,0.28997233506451314,0.3309804805377808,0.32882160711513503
std005,1,KL006,143,-0.460478812456131,-0.12643052158097814,0,0.31059252646013313,0.3396108368496388,0.33404829087515286
std005,1,KL006,144,-0.41914546489715576,-0.07942150427977696,0,0.33282738182678334,0.3487939357991301,0.3397239606173788
std005,1,KL006,145,-0.28725701570510864,-0.03224779313946184,0,0.261145768199364,0.26677876444591314,0.2550092225656468
std005,1,KL006,146,-0.23935003578662872,0.015090609033541882,0,0.2743144120658958,0.26894083272683145,0.2544406448201706
std005,1,KL006,147,-0.05956488102674484,0.062594846515779,0,0.14958223977034593,0.13809163705860253,0.1221597275425238
std005,1,KL006,148,-0.07830340415239334,0.11026496089951923,0,0.2274599571531619,0.20662231941585676,0.18856836505191255
std005,1,KL006,149,0.13859035074710846,0.15810248052902942,0,0.06162104089479141,0.03800943529724764,0.019512129781920934
std005,1,KL006,150,0.11555380374193192,0.2061072902654778,0,0.13979993403196972,0.11021778003551624,0.09055348652354586
std005,1,KL006,151,0.12259279936552048,0.2542802090272172,0,0.19063832116668783,0.1529501032532161,0.1316874096616967
std005,1,KL006,152,0.13481667637825012,0.3026219261496227,0,0.23890811722929217,0.19105297255235892,0.16780524977137257
std005,1,KL006,153,0.4107353985309601,0.3416429156721968,,0.0023784339773388063,-0.04622556115119695,-0.06909248285876328
std005,1,KL006,154,0.41653525829315186,0.34283999785491054,,-0.0020778172258946424,-0.05126082669670664,-0.07369526043824128
std005,1,KL006,155,0.42529138922691345,0.3440412721617188,,-0.009875519180465036,-0.05933038218036719,-0.08125011706519461
std005,1,KL006,156,0.42954525351524353,0.3452467606407738,,-0.01334085813799097,-0.06293126909894724,-0.08429849287446965
std005,1,KL006,157,0.4336407482624054,0.3464564774045004,,-0.01681896558243813,-0.0664062438073998,-0.08718427085790491
std005,1,KL006,158,0.4375879466533661,0.347670437442126,,-0.020321747895163136,-0.06976432409500186,-0.08991750921124
std005,1,KL006,159,0.4413767158985138,0.34888865571580285,,-0.023840475507176,-0.07299420510966696,-0.0924880601827109
std005,1,KL006,160,0.4449911415576935,0.35011114727100556,,-0.027359878593342296,-0.07607862357850746,-0.09487999428668785
std005,1,KL006,161,0.44730445742607117,0.35133792728997,,-0.029694568295472946,-0.07787806450394387,-0.09596653013610111
std005,1,KL006,162,0.4496366083621979,0.3525690032338566,,-0.032172044170950945,-0.0797128906852818,-0.09706760512834121
std005,1,KL006,163,0.4522855877876282,0.35380439326322505,,-0.035113952448210584,-0.08188451843910503,-0.09848119452440304
std005,1,KL006,164,0.48468342423439026,0.3550441184121493,,-0.06952635776186374,-0.11412573626055549,-0.1296393058222409
std005,1,KL006,165,0.4844187796115875,0.35628839322615646,,-0.07137559655952011,-0.1136994554894761,-0.128130386385431
std005,1,KL006,166,0.4875759184360504,0.3575370213129075,,-0.07693184410338756,-0.11672465015008965,-0.1300388971231429
std005,1,KL006,167,0.490630179643631,0.35879002031387275,,-0.08268108602158795,-0.11967602260123526,-0.1318401593297582
std005,1,KL006,168,0.4931543171405792,0.3600474057473391,,-0.08818483819518849,-0.12212136807909121,-0.13310691139324005
std005,1,KL006,169,0.4958672523498535,0.3613092086490647,,-0.09418797279185952,-0.12478182791272552,-0.13455804370078875
std005,1,KL006,170,0.4988601505756378,0.36257543001391285,,-0.1008138973103611,-0.1277517689081561,-0.13628472056172486
std005,1,KL006,171,0.4379114508628845,0.36384608698112725,,-0.04049500971667229,-0.06616415634134183,-0.07406536388175718
std005,1,KL006,172,0.3821476101875305,0.3651209394726846,,0.017538216899268294,-0.009189675966220404,-0.017026670714845857
std005,1,KL006,173,0.4386976957321167,0.366400592761087,,-0.039590640149669495,-0.06508348408182923,-0.07229710297102965
std005,1,KL006,174,0.4995160400867462,0.3676847606497337,,-0.104221285140129,-0.1258508946751706,-0.13183127943701245
std005,1,KL006,175,0.4921998083591461,0.3689730660572218,,-0.10054737799612193,-0.11840949866892604,-0.12322674230192429
std005,1,KL006,176,0.49328628182411194,0.3702659005387279,,-0.10553847772163184,-0.11938005976439488,-0.12302038128538405
std005,1,KL006,177,0.49479976296424866,0.3715632613135122,,-0.11125615328386404,-0.12079133868852346,-0.12323650165073645
std005,1,KL006,178,0.49630656838417053,0.37286516258403657,,-0.1172832432820221,-0.12220977329651159,-0.12344140580013395
std005,1,KL006,179,0.4977664053440094,0.37417161999820986,,-0.12359478534579954,-0.12359478534579954,-0.12359478534579954
std005,1,KL007,0,-0.9452515840530396,-1.3293795006987512,150,-0.4295978513116906,-0.44372421295894915,-0.3841279166457111
std005,1,KL007,1,-1.1299898624420166,-1.334035812378934,145,-0.2628160005586821,-0.26651621981594464,-0.20404594993691696
std005,1,KL007,2,-1.2021756172180176,-1.338707873363626,140,-0.20579812964732097,-0.20123374456350365,-0.13653225614560813
std005,1,KL007,3,-1.2178778648376465,-1.343396216288908,135,-0.20529149077756517,-0.1923702410363224,-0.125518351451261
std005,1,KL007,4,-1.2479687929153442,-1.3481010073901771,130,-0.18966827375616888,-0.16890741142955046,-0.10013221447483235
std005,1,KL007,5,-1.3267698287963867,-1.3528223735977825,125,-0.12200243928324139,-0.09602900386557812,-0.026052544801395152
std005,1,KL007,6,-1.3574590682983398,-1.3575605835989877,120,-0.10146062693137134,-0.07103349027755154,-0.00010151530064717723
std005,1,KL007,7,-1.3890835046768188,-1.3623154046183321,115,-0.07889068420607895,-0.0448610139704857,0.026768100058487353
std005,1,KL007,8,-1.3725076913833618,-1.367086852422362,110,-0.10590331449054441,-0.06713055211229088,0.005420838961000388
std005,1,KL007,9,-1.414108395576477,-1.371874576000398,105,-0.07313724995313489,-0.030880580264311827,0.04223381957607969
std005,1,KL007,10,-1.5729355812072754,-1.3766790174658345,100,0.08471711704491154,0.12412726089560402,0.19625656374144165
std005,1,KL007,11,-1.5980594158172607,-1.3815001002796525,95,0.1101358536045351,0.14563362487365844,0.2165593155376091
std005,1,KL007,12,-1.7154310941696167,-1.386338039412102,90,0.23399653695976258,0.26052409818176925,0.3290930547575155
std005,1,KL007,13,-1.6965911388397217,-1.3911927975942884,85,0.22101960808002138,0.23897892446114027,0.30539834124543414
std005,1,KL007,14,-1.708651065826416,-1.3960648313359294,80,0.2399072190980845,0.24841828255912712,0.31258623449048756
std005,1,KL007,15,-1.729785442352295,-1.4009539285973953,75,0.2693661560342357,0.26710983076036543,0.3288315137549005
std005,1,KL007,16,-1.7218968868255615,-1.405860145633692,70,0.2698558219805518,0.2566654545212178,0.3160367411918702
std005,1,KL007,17,-1.5539772510528564,-1.4107848565318855,65,0.10194701922065993,0.08445766147819425,0.14319239452097163
std005,1,KL007,18,-1.6004592180252075,-1.4157266513116336,60,0.15088702878436508,0.12706266769462973,0.18473256671357463
std005,1,KL007,19,-1.66658616065979,-1.420685650806665,55,0.22309093172719766,0.18992782738218764,0.2459005098531258
std005,1,KL007,20,-1.623877763748169,-1.4256625388543624,50,0.18455339724771627,0.14348123974099192,0.1982152248938073
std005,1,KL007,21,-1.4739446640014648,-1.430657075714674,45,0.03113462401948483,-0.011755729133364937,0.04328758828679169
std005,1,KL007,22,-1.3788694143295288,-1.4356693361427433,40,-0.07262680758028214,-0.11316777579463891,-0.056799921813213666
std005,1,KL007,23,-1.3486783504486084,-1.440699242787845,35,-0.11358234924375002,-0.1500871171593204,-0.09202089233923577
std005,1,KL007,24,-1.357029676437378,-1.4457468093467913,30,-0.1161622484990121,-0.14847152332066044,-0.08871713290941274
std005,1,KL007,25,-1.369922399520874,-1.4508120868595458,25,-0.1141378569904091,-0.14227620509291408,-0.08088968733867108
std005,1,KL007,26,-1.3762967586517334,-1.4558951368203419,20,-0.11890846480616635,-0.1426262422264856,-0.07959837816860783
std005,1,KL007,27,-1.3814003467559814,-1.460996018398156,15,-0.1253089384766055,-0.1442872429007972,-0.07959567164217389
std005,1,KL007,28,-1.493334412574768,-1.4661147983933303,10,-0.019635601220397342,-0.038079415238989806,0.027219614181438728
std005,1,KL007,29,-1.4012595415115356,-1.4712514277430462,5,-0.12316975921916172,-0.1368885939914091,-0.06999188623150962
std005,1,KL007,30,-1.446813941001892,-1.4764054305484768,0,-0.08732177395810126,-0.09769958342844409,-0.029591489546583815
std005,1,KL007,31,-1.4635789394378662,-1.4341265632261135,0,-0.029979138422898795,-0.03928722461522432,0.02945237621175356
std005,1,KL007,32,-1.4736242294311523,-1.3916995193167092,0,0.02345785417716064,0.01307501205767072,0.08192471011444406
std005,1,KL007,33,-1.4607346057891846,-1.349123826169244,0,0.05572533642920848,0.04294934187683534,0.11161077961994137
std005,1,KL007,34,-1.4057831764221191,-1.306398970096951,0,0.04558205654843484,0.030790096057276173,0.09938420632516899
std005,1,KL007,35,-1.325931191444397,-1.263524768981046,0,0.008858697517907386,-0.0064929549397025575,0.062406422463351596
std005,1,KL007,36,-1.2947536706924438,-1.220500708399749,0,0.021597493418161418,0.005163815878612893,0.0742529622926954
std005,1,KL007,37,-1.439549446105957,-1.177325864700176,0,0.22040381072221119,0.1948407706222458,0.26222358140578156
std005,1,KL007,38,-1.3803255558013916,-1.133998935013357,0,0.21511612998988,0.18051284497622871,0.24632662078803522
std005,1,KL007,39,-1.3311030864715576,-1.0905199367214236,0,0.22027716289749738,0.17630179594829196,0.24058314975013464
std005,1,KL007,40,-1.2964842319488525,-1.04688862863724,0,0.24128259902086766,0.18695860889452676,0.24959560331161293
std005,1,KL007,41,-0.8142144680023193,-1.0315748165969147,30,-0.23758155757043306,-0.2830472810791683,-0.21736034859459508
std005,1,KL007,42,-1.008333683013916,-1.0351874043821037,25,-0.049627137569989044,-0.09370788421532783,-0.026853721368187256
std005,1,KL007,43,-0.7639095783233643,-1.0388125617174304,20,-0.3134275708163814,-0.34544584592074934,-0.2749029833940658
std005,1,KL007,44,-0.9064242243766785,-1.0424503938867522,15,-0.183879724212028,-0.20890525009177766,-0.1360261695100734
std005,1,KL007,45,-1.119865894317627,-1.046101636275117,10,0.027097932389715224,0.0006361882319098622,0.07376425804251031
std005,1,KL007,46,-0.9925445914268494,-1.0497654039687823,5,-0.10952699578363273,-0.13192434935685562,-0.05722081254193265
std005,1,KL007,47,-0.9697933197021484,-1.0534419393631083,0,-0.14330323308770695,-0.1602160606580564,-0.08364861966095964
std005,1,KL007,48,-0.9475839138031006,-1.0476412679491132,0,-0.16833787712610823,-0.17867986808019243,-0.10005735414601248
std005,1,KL007,49,-0.9191528558731079,-1.0038598392830225,0,-0.1612913107788124,-0.16525754756696714,-0.08470698340991455
std005,1,KL007,50,-0.8854455351829529,-0.9599250438938987,0,-0.15929702052840983,-0.1568811141903923,-0.07447950871094576
std005,1,KL007,51,-0.876392662525177,-0.9158363512038232,0,-0.13111408532097274,-0.12336768681903398,-0.03944368867864624
std005,1,KL007,52,-0.8632389307022095,-0.8715932264047126,0,-0.10562724610099712,-0.0935074179196952,-0.00835429570250304
std005,1,KL007,53,-0.9241913557052612,-0.8271951380795407,0,-0.0006500571063128291,0.011661352474769071,0.09699621762572064
std005,1,KL007,54,-1.2287544012069702,-0.7826416527898222,0,0.366446678069966,0.3641200909326366,0.44611274841714815
std005,1,KL007,55,-1.1852205991744995,-0.7379321207659768,0,0.38667713361954675,0.3686954929177697,0.44728847840852276
std005,1,KL007,56,-0.9212140440940857,-0.6930661111818942,0,0.17613075817379606,0.1507874506413511,0.22814793291219163
std005,1,KL007,57,-0.8542240262031555,-0.6480429044312037,0,0.1620859906531925,0.1298480672881117,0.20618112177195191
std005,1,KL007,58,-0.7958080768585205,-0.6028620262652941,0,0.15652254793055143,0.11752075059411309,0.1929460505932266
std005,1,KL007,59,-0.7292339205741882,-0.557522899258723,0,0.14227357819921005,0.09699136247755086,0.17171102131546537
std005,1,KL007,60,-0.6870173811912537,-0.5120245752620508,0,0.15310760100476686,0.10102156265447343,0.1749928059292029
std005,1,KL007,61,-0.32526132464408875,-0.47585695664300254,10,-0.18163949212652244,-0.22709702329835263,-0.15059563199891376
std005,1,KL007,62,-0.29452818632125854,-0.4775232182022064,5,-0.22541859197193745,-0.2623883495091959,-0.18299503188094784
std005,1,KL007,63,-0.4103142321109772,-0.4791953425447182,0,-0.11731927649947456,-0.15005313487227942,-0.06888111043374101
std005,1,KL007,64,-0.37106719613075256,-0.44291287982689165,0,-0.12679322702373486,-0.15485062198528712,-0.07184568369613908
std005,1,KL007,65,-0.2574019730091095,-0.3970131528869084,0,-0.20500131204092967,-0.2251585332278571,-0.139611179877799
std005,1,KL007,66,-0.2320813536643982,-0.35095263262785337,0,-0.19420055024070348,-0.2067862323888263,-0.1188712789634552
std005,1,KL007,67,-0.20993897318840027,-0.30473074501016917,0,-0.17935260957957774,-0.18486339243522754,-0.0947917718217689
std005,1,KL007,68,-0.18702064454555511,-0.2583469181614014,0,-0.16440357116536372,-0.16334695348106903,-0.07132627361584626
std005,1,KL007,69,-0.16484661400318146,-0.21180059073401308,0,-0.1477446265057419,-0.1407041165221995,-0.046953976730831605
std005,1,KL007,70,-0.137846440076828,-0.16509119000813266,0,-0.13514583828786453,-0.12254885667001686,-0.027244749931304664
std005,1,KL007,71,-0.0720628872513771,-0.11821817194222584,0,-0.16256256106799322,-0.14322557024637889,-0.04615528469084876
std005,1,KL007,72,-0.05527503043413162,-0.07118084095397827,0,-0.139706263727345,-0.11446081561998528,-0.015905810519846672
std005,1,KL007,73,-0.13071636855602264,-0.023978843167959115,0,-0.018417574117363222,0.007916370497348245,0.10673752538806348
std005,1,KL007,74,-0.09301663190126419,0.023388489904227046,0,-0.009672096477006484,0.017411839285985865,0.11640512180549119
std005,1,KL007,75,-0.04381973296403885,0.07092180546662966,0,-0.012397289149242707,0.015556976560499924,0.11474153843066845
std005,1,KL007,76,0.2528518736362457,0.09964152338030445,315,-0.2955733076888649,-0.25529538529304363,-0.15321035025594135
std005,1,KL007,77,0.2703261077404022,0.09999165466763747,310,-0.3296802281420437,-0.27553249494729903,-0.17033445307276482
std005,1,KL007,78,-0.012539663352072239,0.10034297270083285,305,-0.04949626214057959,0.007389904089491861,0.11288263605290505
std005,1,KL007,79,-0.14869095385074615,0.10069608199665012,300,0.09098863188274939,0.14497442649458053,0.24938703584739622
std005,1,KL007,80,0.024316899478435516,0.10105045116207258,295,-0.0865472030876373,-0.028328176594571514,0.07673355168363699
std005,1,KL007,81,0.04391755908727646,0.10140602325434761,290,-0.11196251353922715,-0.048425631949713915,0.057488464167071075
std005,1,KL007,82,0.021389208734035492,0.1017628381992773,285,-0.09439059421595142,-0.026173297642943703,0.08037362946524174
std005,1,KL007,83,0.05452098697423935,0.10212027850890604,280,-0.13450238396999165,-0.0599201524030733,0.047599291534666605
std005,1,KL007,84,-0.04504910856485367,0.10247893399156087,275,-0.037064920288421566,0.040032197821747086,0.14752804255641444
std005,1,KL007,85,-0.03106025606393814,0.10283883169999877,270,-0.05404278451576125,0.02628949791936028,0.13389908776393683
std005,1,KL007,86,-0.02135605365037918,0.10319999749292805,265,-0.06741507908878755,0.01673679057938112,0.12455605114330714
std005,1,KL007,87,-0.021419532597064972,0.10356244122852973,260,-0.07122292418326187,0.016954484848254098,0.12498197382559462
std005,1,KL007,88,-0.23748888075351715,0.10392615717192119,255,0.15212914128962823,0.2353626728312594,0.34141503792543826
std005,1,KL007,89,-0.035878606140613556,0.10429103217509703,250,-0.05239944364467164,0.03408655630774941,0.1401696383157105
std005,1,KL007,90,-0.02097926288843155,0.10465714790837347,245,-0.07116567138212243,0.019375392613295208,0.12563641079680493
std005,1,KL007,91,-0.006694682873785496,0.10502452228295933,240,-0.09028676326959476,0.005137245883997143,0.11171920515674474
std005,1,KL007,92,0.004484257660806179,0.10539316165837972,235,-0.1071629954767073,-0.006107569015293773,0.10090890399757345
std005,1,KL007,93,0.059641383588314056,0.10576307144514847,230,-0.17124131208780002,-0.06188863195926585,0.04612168785683432
std005,1,KL007,94,-0.11466125398874283,0.10613484315505484,225,0.0028121142192427248,0.11354276226185697,0.22079609714379755
std005,1,KL007,95,-0.10959372669458389,0.10650789983510706,220,-0.0027853903828013006,0.10956818308684858,0.2161016265296908
std005,1,KL007,96,-0.11463139206171036,0.10688224996881748,215,0.0019575754011663038,0.11576457628863154,0.2215136420305277
std005,1,KL007,97,-0.11726231127977371,0.1072579031655642,210,0.004415658038551037,0.11959659486463126,0.22452021444533776
std005,1,KL007,98,-0.12235672026872635,0.10763488048016802,205,0.00959563145676356,0.12595995308021626,0.22999160074889421
std005,1,KL007,99,-0.12271270900964737,0.10801317395948454,200,0.010060734922939907,0.12760579084939933,0.23072588296913174
std005,1,KL007,100,-0.1261122077703476,0.10839279535913128,195,0.013754417309689619,0.13234707325845285,0.2345050031294787
std005,1,KL007,101,-0.1302068680524826,0.10877373845121115,190,0.018375329148434677,0.1378431710488905,0.23898060650369357
std005,1,KL007,102,0.07852374762296677,0.1091559977374576,185,-0.20078523800744033,-0.07157530006344272,0.03063225011449064
std005,1,KL007,103,-0.10379797965288162,0.10953967884170633,180,-0.019884907295069157,0.11189090622680292,0.21333765849458777
std005,1,KL007,104,-0.034558095037937164,0.10992472620809059,175,-0.09427042254005938,0.04311174089149561,0.14448282124602757
std005,1,KL007,105,-0.05510175973176956,0.11031122882147094,170,-0.07808083188807169,0.06433002812079247,0.16541298855324033
std005,1,KL007,106,-0.05450049787759781,0.11069904201615446,165,-0.08331307944316484,0.0644064733398382,0.16519953989375208
std005,1,KL007,107,-0.05637148767709732,0.11108819285563627,160,-0.08623544043723397,0.06698329176135306,0.16745968053273338
std005,1,KL007,108,-0.05740935355424881,0.11147870439798906,155,-0.09020626409731196,0.06874709455560093,0.16888805795223766
std005,1,KL007,109,-0.055532462894916534,0.11187058141409796,150,-0.09747271909740644,0.067587081407045,0.16740304430901426
std005,1,KL007,110,-0.08304638415575027,0.11226382422552693,145,-0.0742038076149644,0.09610556958080085,0.19531020838127697
std005,1,KL007,111,-0.17348334193229675,0.11265843312564995,140,0.016508890009896297,0.18847428949357373,0.28614177505794647
std005,1,KL007,112,-0.1515035778284073,0.11305423385115121,135,-0.0063366351683369244,0.1682304265442264,0.2645578116795583
std005,1,KL007,113,-0.15603171288967133,0.11345144909979708,130,-0.0024846685419857998,0.174563907488486,0.2694831619894682
std005,1,KL007,114,-0.16129164397716522,0.11385005902604167,125,0.0023378540336874785,0.18170694325186998,0.27514170300320673
std005,1,KL007,115,-0.1646362841129303,0.11425006319064204,120,0.0053964820872162,0.18699415574633857,0.2788863473035722
std005,1,KL007,116,-0.16648341715335846,0.11465146713300345,115,0.0070387106101717535,0.19082901430397442,0.2811348842863618
std005,1,KL007,117,-0.17015685141086578,0.11505426855505033,110,0.010689029407922495,0.1965543833454845,0.2852111199659159
std005,1,KL007,118,-0.17263749241828918,0.1154584742399653,105,0.013275805721844088,0.20113999771788643,0.2880959666582543
std005,1,KL007,119,-0.17535878717899323,0.11586409081264579,100,0.016252433707797727,0.2060224604474878,0.2912228779916388
std005,1,KL007,120,-0.17634275555610657,0.11627113054738517,95,0.01755790550465447,0.20920701655470852,0.2926138861034915
std005,1,KL007,121,-0.2703110873699188,0.1166795910170858,90,0.11681154368301372,0.3063551220578222,0.38699067838700435
std005,1,KL007,122,-0.26441678404808044,0.11708938563931796,85,0.1161898852757974,0.30362432867191785,0.38150616968739814
std005,1,KL007,123,-0.3217673599720001,0.11750061678941437,80,0.18212851227266047,0.36476086478986314,0.43926797676141427
std005,1,KL007,124,-0.304263710975647,0.11791272833739383,75,0.17277475661280334,0.3509174464567923,0.4221764393130406
std005,1,KL007,125,-0.3073329031467438,0.11832631284237684,70,0.1846144090624611,0.35772782669391917,0.42565921598912043
std005,1,KL007,126,-0.3089698255062103,0.11874134373270905,65,0.19560189279433196,0.36317349936964827,0.4277111692389192
std005,1,KL007,127,-0.2586608827114105,0.11915782455216777,60,0.15252228910829566,0.31621708345360144,0.37781870726357814
std005,1,KL007,128,-0.23568333685398102,0.11957564747302141,55,0.13597176910986594,0.29640557874218687,0.35525898432700226
std005,1,KL007,129,-0.24095195531845093,0.1199949445621677,50,0.1483066883958676,0.3049366523657461,0.36094689988061845
std005,1,KL007,130,-0.2972046732902527,0.12041569827326741,45,0.2149843357103897,0.36506452257606614,0.41762037156351994
std005,1,KL007,131,-0.2722528576850891,0.1208376066534893,40,0.1997309890564927,0.3437883556066347,0.39309046433857825
std005,1,KL007,132,-0.2671358585357666,0.12126100832009187,35,0.20458937428687754,0.34234546986048614,0.38839686685585834
std005,1,KL007,133,-0.2626994848251343,0.12168592584588214,30,0.210456736837442,0.3415885458999163,0.3843854106710163
std005,1,KL007,134,-0.25979357957839966,0.1221123566798334,25,0.21828195512559023,0.34238295087454584,0.38190593625823294
std005,1,KL007,135,-0.25780075788497925,0.12254029457214574,20,0.22751975945493974,0.3441207958115117,0.38034105245712485
std005,1,KL007,136,-0.25417545437812805,0.12296973846118603,15,0.23556678954362142,0.34424043328916387,0.37714519283931397
std005,1,KL007,137,-0.25251954793930054,0.12340070750272347,10,0.2461534682207927,0.34636384381249585,0.37592025544202395
std005,1,KL007,138,-0.25144028663635254,0.12383319863140743,5,0.25794950087066376,0.3491045605476754,0.37527348526775994
std005,1,KL007,139,-0.24943052232265472,0.12426722908263747,0,0.26943441203736385,0.3509466029741727,0.3736977514052922
std005,1,KL007,140,-0.25198236107826233,0.13419290945416318,0,0.2963648600124996,0.3670145529723519,0.38617527053242556
std005,1,KL007,141,-0.24530388414859772,0.1821138363985126,0,0.35504487950399716,0.41231299833474394,0.42741772054711036
std005,1,KL007,142,-0.23920319974422455,0.2302026829853699,0,0.417662594020234,0.45883660316440095,0.46940588272959444
std005,1,KL007,143,-0.23421894013881683,0.2784600380356497,0,0.4850046244043554,0.5071441074204444,0.5126789781744665
std005,1,KL007,144,-0.2285398691892624,0.3268864943957848,0,0.5554263635850472,0.5554263635850472,0.5554263635850472
std005,1,KL008,0,-0.19609500467777252,-0.3882062208446562,895,-0.042346209035259756,0.042841380420698086,-0.1921112161668837
std005,1,KL008,1,-0.18227577209472656,-0.38956476650080807,890,-0.0599992063249397,0.028774566334190326,-0.20728899440608153
std005,1,KL008,2,-0.1717206984758377,-0.3909264957469576,885,-0.07515783211371875,0.01786350961100143,-0.21920579727111988
std005,1,KL008,3,-0.2044696807861328,-0.39229140786709144,880,-0.04554637034169984,0.05058405529716879,-0.18782172708095862
std005,1,KL008,4,-0.26646533608436584,-0.3936595026086435,875,0.016399673170592127,0.11317872069882814,-0.12719416652427767
std005,1,KL008,5,-0.37011441588401794,-0.3950307804432126,870,0.12545325693273046,0.2184835682559332,-0.024916364559194645
std005,1,KL008,6,-0.3647588789463043,-0.39640619930518234,865,0.12552543244730918,0.2147529579995919,-0.031647320358878
std005,1,KL008,7,-0.36430248618125916,-0.3977864489517515,860,0.13077840662666068,0.21593903439851833,-0.03348396277049239
std005,1,KL008,8,-0.3633379340171814,-0.39917149622398085,855,0.1357940460995475,0.21662965083093774,-0.03583356220679948
std005,1,KL008,9,-0.36188414692878723,-0.40056135104636464,850,0.14058078616123426,0.2168389701818221,-0.03867720411757748
std005,1,KL008,10,-0.36051145195961,-0.40195602437614725,845,0.14572789009013548,0.21713825282725704,-0.04144457241653735
std005,1,KL008,11,-0.3591589033603668,-0.403355539425989,840,0.1511911943248566,0.21746687112726493,-0.04419663606562229
std005,1,KL008,12,-0.35815855860710144,-0.4047599116706398,835,0.157337968638032,0.2181605670204024,-0.046601353063538485
std005,1,KL008,13,-0.35636284947395325,-0.40616915962932587,830,0.16299743877287945,0.21806391238129932,-0.049806310155372784
std005,1,KL008,14,-0.35659316182136536,-0.40758330100869145,825,0.171114972517326,0.22001882569396414,-0.05099013918732627
std005,1,KL008,15,-0.35624420642852783,-0.40900234503400906,820,0.17907913371718298,0.22141452300651576,-0.052758138605481425
std005,1,KL008,16,-0.2908661365509033,-0.41042632027835435,815,0.11904146497160731,0.15714455983074174,-0.11956018372745125
std005,1,KL008,17,-0.26011601090431213,-0.4118555482522512,810,0.09231380553527013,0.12720678219811948,-0.15173953734793927
std005,1,KL008,18,-0.2127942144870758,-0.4132901037794773,805,0.046750062051513774,0.08023009330623243,-0.20049588929240167
std005,1,KL008,19,-0.21227963268756866,-0.4147294829910844,800,0.048065676363852936,0.08006033326693718,-0.20244985030351595
std005,1,KL008,20,-0.25794389843940735,-0.41617387097246555,795,0.09806663311625013,0.12653541423836348,-0.15822997253305837
std005,1,KL008,21,-0.25832605361938477,-0.41762339484539923,790,0.10304975503875405,0.1277432285900624,-0.1592973412260146
std005,1,KL008,22,-0.25072577595710754,-0.41907795753983684,785,0.09990959688187924,0.12090314211811314,-0.16835218158272944
std005,1,KL008,23,-0.24754568934440613,-0.4205375707652671,780,0.10127349794848076,0.1184615401200713,-0.1729918814208611
std005,1,KL008,24,-0.24571003019809723,-0.4220022209628697,775,0.1041412103301196,0.11735597457727377,-0.17629219076477268
std005,1,KL008,25,-0.24404487013816833,-0.4234719504807367,770,0.10735672974198315,0.11641409991869671,-0.1794270803425686
std005,1,KL008,26,-0.24313993752002716,-0.424946777863082,765,0.11155978166266711,0.11623322994478613,-0.18180684034305508
std005,1,KL008,27,-0.24187715351581573,-0.42642671743745897,760,0.11562625846595447,0.11569168533880055,-0.1845495639216435
std005,1,KL008,28,-0.24403755366802216,-0.4279117875768806,755,0.1235298250206686,0.11860504028567072,-0.18387423390885874
std005,1,KL008,29,-0.23471103608608246,-0.4294020003915878,750,0.11977912205380908,0.10994760195133936,-0.19469096430550567
std005,1,KL008,30,-0.21749621629714966,-0.4308973585855799,745,0.10754818220179695,0.09323717743573239,-0.2134011422884306
std005,1,KL008,31,-0.19711925089359283,-0.432397819816197,740,0.09136345927458087,0.07316579713036854,-0.2352785689226045
std005,1,KL008,32,-0.19580677151679993,-0.43390344469212994,735,0.09441034911195498,0.07214990827834705,-0.23809667317533031
std005,1,KL008,33,-0.23270833492279053,-0.4354142927156067,730,0.13785904282643738,0.10972490355204807,-0.20270595779281653
std005,1,KL008,34,-0.23826052248477936,-0.43692967922988846,725,0.15062010875846918,0.11601655419903012,-0.19866915674510943
std005,1,KL008,35,-0.19618412852287292,-0.43845046322204473,720,0.113943955807906,0.07426460683180264,-0.24226633469917214
std005,1,KL008,36,-0.19949260354042053,-0.43997691700334135,715,0.12313058304913849,0.0779350281205905,-0.24048431346292115
std005,1,KL008,37,-0.19978614151477814,-0.44150862109588845,710,0.1296488818701892,0.07859851341633625,-0.24172247958111065
std005,1,KL008,38,-0.1755715161561966,-0.4430456498280144,705,0.11073518468331052,0.05451433186210788,-0.26747413367181816
std005,1,KL008,39,-0.16778139770030975,-0.4445878612271649,700,0.10813474851192172,0.04677795318732805,-0.27680646352685545
std005,1,KL008,40,-0.15704989433288574,-0.4461354293447196,695,0.10232044237144639,0.0359925708962571,-0.2890855350118342
std005,1,KL008,41,-0.1495818942785263,-0.4476883566689014,690,0.09965358866527535,0.02839458640135188,-0.2981064623903754
std005,1,KL008,42,-0.1570228785276413,-0.4492466686624027,685,0.11255780877437493,0.03577903164937204,-0.29222379013476174
std005,1,KL008,43,-0.1285678893327713,-0.45081039391218575,680,0.08837616167607298,0.006979355291952115,-0.32224250457941483
std005,1,KL008,44,-0.060064904391765594,-0.4523795799390052,675,0.02078179124022708,-0.06256494941372595,-0.39231467554724
std005,1,KL008,45,-0.06216173619031906,-0.45395435369500337,670,0.02394867566470765,-0.06150255161211206,-0.3917926175046847
std005,1,KL008,46,-0.051461078226566315,-0.4555345889031724,665,0.013815202041459092,-0.07335978412703757,-0.40407351067660646
std005,1,KL008,47,-0.05200544744729996,-0.45712028341971683,660,0.014987431835704326,-0.07398218840156759,-0.40511483597241726
std005,1,KL008,48,-0.03942275792360306,-0.45871147684025654,655,0.0024057770155255587,-0.08787460670711486,-0.41928871891665387
std005,1,KL008,49,-0.03566121309995651,-0.46030818746942875,650,-0.0015525898654332633,-0.09300168208935074,-0.4246469743694726
std005,1,KL008,50,-0.02439228445291519,-0.4619104264832686,645,-0.013622457454488517,-0.10576852813970467,-0.4375181420303537
std005,1,KL008,51,-0.03235504776239395,-0.46351820464823695,640,-0.006086570314681592,-0.09924360665146365,-0.43116315688584333
std005,1,KL008,52,-0.03945053368806839,-0.4651315366252183,635,0.0009315281548846503,-0.09353382310672029,-0.4256810029371502
std005,1,KL008,53,-0.045167483389377594,-0.4667504392536506,630,0.006867710450808688,-0.08916364711747833,-0.4215829558642734
std005,1,KL008,54,-0.09081069380044937,-0.4683749527072314,625,0.05514483947488302,-0.044424476057475626,-0.37756425890678236
std005,1,KL008,55,-0.10821030288934708,-0.4700050095129368,620,0.0762426340974797,-0.027765333878638155,-0.36179470662359003
std005,1,KL008,56,-0.14250433444976807,-0.4716406483768012,615,0.11624821719279944,0.006124665621769179,-0.32913631392703346
std005,1,KL008,57,-0.048861630260944366,-0.47328164469116973,610,0.02371056742230814,-0.0888730903777781,-0.4244200144302257
std005,1,KL008,58,-0.03955874592065811,-0.47492826017922213,605,0.015085485757598528,-0.09964334638039175,-0.4353695142585644
std005,1,KL008,59,-0.04562283307313919,-0.47658062600391843,600,0.022184731762324297,-0.09500537346968073,-0.4309577929307796
std005,1,KL008,60,-0.04570478945970535,-0.4782387468070589,595,0.023364496723411836,-0.09636812104691166,-0.43253395734735395
std005,1,KL008,61,-0.04593250900506973,-0.4799025798511114,590,0.02476394093981147,-0.09760241286213381,-0.433970070846042
std005,1,KL008,62,-0.047948069870471954,-0.4815722265382799,585,0.0281233167491197,-0.09704843003659572,-0.4336241566678083
std005,1,KL008,63,-0.04489893466234207,-0.48324771051302706,580,0.02633321244078835,-0.10160986590740537,-0.4383487758506854
std005,1,KL008,64,-0.04479525238275528,-0.4849290309556213,575,0.027554048230720638,-0.10324748980060919,-0.4401337785728664
std005,1,KL008,65,-0.041117049753665924,-0.48661621218744033,570,0.02508140233649066,-0.1085176803574486,-0.4454991624337748
std005,1,KL008,66,-0.042091019451618195,-0.48830927278122466,565,0.02738012080226383,-0.10914754304116084,-0.44621825332960685
std005,1,KL008,67,-0.04530862718820572,-0.49000824368693807,560,0.03216645752309494,-0.10752312114458867,-0.4446996164987327
std005,1,KL008,68,-0.04901883751153946,-0.4917131441266287,555,0.03772904596876832,-0.10539032761401902,-0.4426943066150896
std005,1,KL008,69,-0.04872528463602066,-0.49342400102817197,550,0.039376764547855866,-0.10728576140947485,-0.44469871639215164
std005,1,KL008,70,-0.0742965117096901,-0.49514083675548487,545,0.06834446549415182,-0.08307995418310882,-0.42084432504579516
std005,1,KL008,71,-0.1251627504825592,-0.4968643003542343,540,0.12547499244680513,-0.033084578089676485,-0.3717015498716755
std005,1,KL008,72,-0.1108788475394249,-0.4985932267478446,535,0.11705700259444918,-0.04839492264006074,-0.38771437920842017
std005,1,KL008,73,-0.09978172928094864,-0.5003281722988256,530,0.11157214596432971,-0.0606445364603366,-0.4005464430178774
std005,1,KL008,74,0.016688726842403412,-0.5020694260160057,525,-0.0051002327513931444,-0.17945990927240557,-0.5187581528584094
std005,1,KL008,75,0.0057921027764678,-0.5038173860601124,520,0.006155965774793676,-0.17083073153745396,-0.5096094888365805
std005,1,KL008,76,0.0004204728174954653,-0.505571518034653,515,0.012190088714447439,-0.16770326533531638,-0.5059919908521489
std005,1,KL008,77,-0.0012979886960238218,-0.5073317709069068,510,0.014698826483305878,-0.16824219472605303,-0.5060337822108835
std005,1,KL008,78,-0.005140014924108982,-0.5090981727082653,505,0.0195778685958208,-0.16664952347322365,-0.5039581577841566
std005,1,KL008,79,-0.013494887389242649,-0.5108707103182647,500,0.02946794760146372,-0.16049024112250557,-0.4973758229290224
std005,1,KL008,80,-0.012152531184256077,-0.5126494858481728,495,0.029676581255199428,-0.16407172245131108,-0.5004969546639171
std005,1,KL008,81,-0.011416771449148655,-0.5144345032954153,490,0.030540428538294792,-0.1670845908681525,-0.503017731846267
std005,1,KL008,82,-0.010806390084326267,-0.5162258210840573,485,0.03158756984135628,-0.17000935304955794,-0.5054194309997314
std005,1,KL008,83,-0.009741642512381077,-0.5180235133398207,480,0.032217553580760235,-0.17343090410525996,-0.5082818708274399
std005,1,KL008,84,-0.03467545658349991,-0.5198281319547858,475,0.060253191108995775,-0.15063481801003464,-0.48515267537128626
std005,1,KL008,85,-0.007091977633535862,-0.5216407483990786,470,0.03449270447084292,-0.1806654966886491,-0.514548770765543
std005,1,KL008,86,-0.003193893237039447,-0.5234614031221274,465,0.032313344420580814,-0.18708523995539345,-0.5202675098850881
std005,1,KL008,87,0.002132616238668561,-0.5252901379637909,460,0.02852022431687049,-0.19502332542790252,-0.5274227542024597
std005,1,KL008,88,0.006916156969964504,-0.527126997491736,455,0.025102860153472472,-0.20250411765534493,-0.5340431544617007
std005,1,KL008,89,0.055131278932094574,-0.5289711469278223,450,-0.02420767944575764,-0.2539411661169281,-0.584102425859917
std005,1,KL008,90,0.06040193885564804,-0.5308212597419381,445,-0.03091232950789812,-0.2625304360229317,-0.5912231985975862
std005,1,KL008,91,0.06365185230970383,-0.5326778137114119,440,-0.03584799977345643,-0.2691770116387142,-0.5963296660211158
std005,1,KL008,92,0.0652584657073021,-0.5345408582528717,435,-0.0393198548767453,-0.27424283215104894,-0.5997993239601739
std005,1,KL008,93,0.06701617687940598,-0.5364104239296954,430,-0.04314036194148614,-0.2795246826555303,-0.6034266008091015
std005,1,KL008,94,0.06896846741437912,-0.5382864989826608,425,-0.04737433334870543,-0.28506886091753203,-0.60725496639704
std005,1,KL008,95,0.07170923799276352,-0.540169138748641,420,-0.052669530517949405,-0.29147818901995226,-0.6118783767414048
std005,1,KL008,96,0.062484823167324066,-0.5420583498939946,415,-0.04565788517837013,-0.2858791703458303,-0.6045431730613189
std005,1,KL008,97,0.06150003522634506,-0.543954752950146,410,-0.04695926110236916,-0.28855986055184146,-0.6054547881764913
std005,1,KL008,98,0.0644572302699089,-0.5458578276582918,405,-0.05248704656604574,-0.2952624295058456,-0.6103150579282011
std005,1,KL008,99,0.06702949851751328,-0.5477675520800167,400,-0.05791004361755094,-0.30165712329731753,-0.6147970505975303
std005,1,KL008,100,0.0697527751326561,-0.5496839597442382,395,-0.06378792332173783,-0.3082824637570801,-0.6194367348768947
std005,1,KL008,101,0.07235678285360336,-0.5516070625459216,390,-0.06986123310301885,-0.31486804352880327,-0.6239638453995253
std005,1,KL008,102,0.07563617080450058,-0.5535368727795643,385,-0.07697788043012514,-0.3222164069878239,-0.6291730435840653
std005,1,KL008,103,0.07767762988805771,-0.555473417523451,380,-0.08318012908483058,-0.3284029365156672,-0.6331510474115092
std005,1,KL008,104,0.08108889311552048,-0.5574167185449249,375,-0.09116602624854353,-0.3360502376293558,-0.638505611660446
std005,1,KL008,105,0.11629071086645126,-0.5593668292978209,370,-0.13305284834179265,-0.37590144831405725,-0.6756575401642728
std005,1,KL008,106,0.11901115626096725,-0.5613238199765661,365,-0.14297802688198885,-0.38336223205377784,-0.680334976237534
std005,1,KL008,107,0.1189522072672844,-0.5632876436979127,360,-0.15052645219422328,-0.3881076609304918,-0.6822398509651978
std005,1,KL008,108,-0.03949684649705887,-0.5652583158384832,355,0.008226239773016382,-0.23292798937203235,-0.525761469341425
std005,1,KL008,109,-0.03299493342638016,-0.5672347062501459,350,0.0017041087290334328,-0.2428083569694541,-0.5342397728237663
std005,1,KL008,110,-0.035402990877628326,-0.5692179086732442,345,0.004217668132619093,-0.24380039897848396,-0.5338149177956164
std005,1,KL008,111,-0.03871137648820877,-0.5712080295793531,340,0.007811654877311282,-0.24390504221664397,-0.5324966530911449
std005,1,KL008,112,-0.040959663689136505,-0.5732050969112786,335,0.010479986985275615,-0.24509360141613343,-0.5322454332221427
std005,1,KL008,113,-0.031663842499256134,-0.5752091350713501,330,0.001138641596081718,-0.25796701865325966,-0.5435452925720945
std005,1,KL008,114,-0.04256496578454971,-0.5772208049613431,325,0.012564777940396146,-0.25058279427711516,-0.5346558391767939
std005,1,KL008,115,-0.046152956783771515,-0.5792395403163164,320,0.016896174289961728,-0.25052344815833855,-0.5330865835325456
std005,1,KL008,116,-0.05101882666349411,-0.5812653295679543,315,0.022803436629998612,-0.2491851847889253,-0.5302465029044608
std005,1,KL008,117,-0.053257979452610016,-0.5832981967999833,310,0.026260503946231677,-0.2504991178344646,-0.5300402173473738
std005,1,KL008,118,-0.027067042887210846,-0.5853381623400206,305,-2.2370131285441575e-05,-0.2805561352036886,-0.5582711194528103
std005,1,KL008,119,-0.0032288215588778257,-0.5873849020171544,300,-0.02521195702259396,-0.3085535842405414,-0.5841560804582773
std005,1,KL008,120,-0.002023556036874652,-0.5894383856289915,295,-0.027907681857095683,-0.3139865527507415,-0.5874148295921177
std005,1,KL008,121,-0.0056581879034638405,-0.5914990073241426,290,-0.02565609535694499,-0.3146005195758608,-0.5858408194206794
std005,1,KL008,122,0.02520882338285446,-0.5935668298273595,285,-0.05960860419185064,-0.3500858498197961,-0.6187756532102145
std005,1,KL008,123,0.016431353986263275,-0.5956421109195764,280,-0.05362865938590937,-0.3459012482926405,-0.6120734649058401
std005,1,KL008,124,0.014454684220254421,-0.5977246396663168,275,-0.05450300996491545,-0.3485601036343504,-0.6121793238865717
std005,1,KL008,125,0.01109983678907156,-0.599814427558218,270,-0.05398314119893552,-0.3498700853705826,-0.61091426434729
std005,1,KL008,126,0.008014998398721218,-0.6019115020489215,265,-0.05373054945828863,-0.3514825093233321,-0.6099265004476431
std005,1,KL008,127,0.0050409650430083275,-0.6040158846807206,260,-0.05359170451613607,-0.353239729094557,-0.6090568497237293
std005,1,KL008,128,0.001918605761602521,-0.6061275985678259,255,-0.05329983184095008,-0.3548815766052193,-0.6080462043294288
std005,1,KL008,129,0.02076076716184616,-0.6082466670017883,250,-0.07612353811823376,-0.37874320938175254,-0.6290074341636347
std005,1,KL008,130,0.018993698060512543,-0.6103730080466439,245,-0.07846908976541955,-0.38204607525423157,-0.6293667061071565
std005,1,KL008,131,0.01670166105031967,-0.6125067376898068,240,-0.08040059691519788,-0.38486991386116465,-0.6292083987401266
std005,1,KL008,132,0.12947864830493927,-0.6146478931940407,235,-0.20357457532876172,-0.5039716688803837,-0.7441265414989799
std005,1,KL008,133,0.12719304859638214,-0.6167963435271935,230,-0.21215100983450758,-0.5080738115831073,-0.7439893921235755
std005,1,KL008,134,0.1199154481291771,-0.6189522770682458,225,-0.21596411225343848,-0.5071975273726637,-0.7388677251974228
std005,1,KL008,135,-0.03192473202943802,-0.621115717960703,220,-0.06784762320461263,-0.3603121922912435,-0.5891909859312647
std005,1,KL008,136,-0.047363050282001495,-0.6232867711877564,215,-0.05553020419474784,-0.34974039388840694,-0.5759237209057547
std005,1,KL008,137,-0.06517688184976578,-0.6254654066696197,210,-0.04007544415914775,-0.3366794997632997,-0.5602885248198537
std005,1,KL008,138,-0.07046825438737869,-0.6276516347898221,205,-0.03699746925205118,-0.3361524061171923,-0.5571833804024432
std005,1,KL008,139,-0.08687452226877213,-0.6298454991542317,200,-0.022065744187721552,-0.3244096587800588,-0.5429709768854594
std005,1,KL008,140,-0.10110122710466385,-0.6320470179578307,195,-0.00864782006908771,-0.3147663489218673,-0.5309457908531667
std005,1,KL008,141,-0.1155315712094307,-0.6342562236720455,190,0.005687712881119689,-0.3048361300490825,-0.5187246524626146
std005,1,KL008,142,-0.13086377084255219,-0.6364731435837263,185,0.021726747219007372,-0.2939105407945847,-0.5056093727411739
std005,1,KL008,143,-0.14476408064365387,-0.6386978084176003,180,0.03710531956673263,-0.2843365182276296,-0.49393372777394606
std005,1,KL008,144,-0.15764059126377106,-0.6409302492169382,175,0.05222107891994647,-0.2757152214283936,-0.4832896579531667
std005,1,KL008,145,-0.06682787090539932,-0.6431704944721437,170,-0.04100587722277339,-0.3717584799685507,-0.5763426235667439
std005,1,KL008,146,-0.04881740361452103,-0.6454184116730026,165,-0.06251428210978563,-0.39525257562463983,-0.5966010080584812
std005,1,KL008,147,0.010866603814065456,-0.6476742273775303,160,-0.12903451716774425,-0.4610979003380793,-0.6585408311915953
std005,1,KL008,148,0.003600380616262555,-0.6499373811378352,155,-0.12860650787356337,-0.46000306811517677,-0.6535377617540973
std005,1,KL008,149,-0.050254978239536285,-0.6522084699978787,150,-0.07914000269394583,-0.4118592911054363,-0.6019534917583421
std005,1,KL008,150,-0.009726443327963352,-0.6544874038723856,145,-0.12643753295783922,-0.4585865804469947,-0.6447609605444219
std005,1,KL008,151,-0.008136698044836521,-0.6567739858536006,140,-0.13526081807223725,-0.46647535009005703,-0.6486372878087637
std005,1,KL008,152,-0.007236548699438572,-0.6590686744679758,135,-0.14384937468643758,-0.47376963189847193,-0.6518321257685369
std005,1,KL008,153,-0.007006862200796604,-0.6613715204455286,130,-0.15221268989568093,-0.48048310645332687,-0.6543646582447317
std005,1,KL008,154,-0.008587309159338474,-0.6636825713268913,125,-0.15914091762566734,-0.48545906103567954,-0.6550952621675526
std005,1,KL008,155,-0.001452901167795062,-0.6660018785911896,120,-0.1756388692838104,-0.49931152631133535,-0.6645489774233942
std005,1,KL008,156,-0.004717656411230564,-0.6683295031979412,115,-0.1820933820298337,-0.5028236794081417,-0.6636118467867103
std005,1,KL008,157,-0.009236969985067844,-0.670665509676217,110,-0.18760310293760263,-0.5051282914069822,-0.6614285396911488
std005,1,KL008,158,-0.014717587269842625,-0.6730099749841624,105,-0.19242818776115062,-0.5065095961824259,-0.6582923877143194
std005,1,KL008,159,-0.021434225142002106,-0.6753629928496457,100,-0.19624451522424924,-0.5066809748174771,-0.6539287677076433
std005,1,KL008,160,-0.029908619821071625,-0.6777246855870639,95,-0.198450732208431,-0.5051033851869958,-0.6478160657659919
std005,1,KL008,161,-0.03646654635667801,-0.6800952274439147,90,-0.20283039723699428,-0.5054706756884433,-0.6436286810872363
std005,1,KL008,162,-0.04776743799448013,-0.682474889869905,85,-0.2024891734657374,-0.5010761347552002,-0.6347074518754244
std005,1,KL008,163,-0.06066533178091049,-0.6848638964382797,80,-0.20049041613745544,-0.49504953021854153,-0.6241985646573688
std005,1,KL008,164,-0.05977017432451248,-0.6872613376135767,75,-0.21294572772656112,-0.50291880918273,-0.6274911632890637
std005,1,KL008,165,-0.058367662131786346,-0.6896671904828202,70,-0.22663328773154207,-0.5114047495898264,-0.6312995283510334
std005,1,KL008,166,-0.0561332181096077,-0.692081479227984,65,-0.24196227939429363,-0.5208418175023126,-0.6359482611183759
std005,1,KL008,167,-0.054076723754405975,-0.6945042359175005,60,-0.2579590489190949,-0.5302199623376388,-0.6404275121630941
std005,1,KL008,168,-0.06578636914491653,-0.6969354904648379,55,-0.26035850397749144,-0.5258135658891199,-0.631149121319921
std005,1,KL008,169,-0.06500222533941269,-0.6993752682880767,50,-0.2760876449757587,-0.5340085015889064,-0.6343730429486636
std005,1,KL008,170,-0.06261236220598221,-0.7018236032810972,45,-0.29438999532894666,-0.5439343899308062,-0.6392112410751145
std005,1,KL008,171,-0.061846666038036346,-0.7042805256800674,40,-0.3120046753371486,-0.5523466473540841,-0.6424338596420306
std005,1,KL008,172,-0.061656154692173004,-0.7067460649574298,35,-0.3300031368673678,-0.5602899531624304,-0.6450899102652563
std005,1,KL008,173,-0.1711195707321167,-0.7092202523274989,30,-0.23358938784286426,-0.4575793994356788,-0.5381006815953817
std005,1,KL008,174,-0.13717283308506012,-0.7117038634763485,25,-0.28310821145121084,-0.4987147683316244,-0.5745310303912881
std005,1,KL008,175,-0.14590464532375336,-0.7141960362634442,20,-0.2903657843879667,-0.49718129957332435,-0.5682913909396905
std005,1,KL008,176,-0.14785917103290558,-0.7166969483782254,15,-0.3051983000123148,-0.5025035686755214,-0.5688377773453195
std005,1,KL008,177,-0.14903222024440765,-0.7192066326344094,10,-0.32169600473975907,-0.5086947316128121,-0.5701744123900014
std005,1,KL008,178,-0.15014347434043884,-0.721725119967029,5,-0.33919224024720074,-0.5150369237846151,-0.5715816456265899
std005,1,KL008,179,-0.15127670764923096,-0.7242524413102421,0,-0.3576548322208287,-0.5214473661097954,-0.5729757336610108
std005,1,KL008,180,-0.020557798445224762,-0.6888281758599664,0,-0.4759947813844696,-0.6227893602177882,-0.6682703774147413
std005,1,KL008,181,-0.0049560898914933205,-0.6437901712613253,0,-0.46935241789011267,-0.5991855650651031,-0.6388340813698318
std005,1,KL008,182,0.0020085491705685854,-0.5985944035987056,0,-0.45318680579973075,-0.5664803206199606,-0.600602952769274
std005,1,KL008,183,0.008477083407342434,-0.5532402893098562,0,-0.4355628571936468,-0.5328032150626331,-0.5617173727171986
std005,1,KL008,184,0.014919436536729336,-0.5077272721666153,0,-0.4168949236931978,-0.49861741682748567,-0.5226467087033445
std005,1,KL008,185,0.00804149266332388,-0.46205479538077987,0,-0.38313049865139537,-0.4504876799963258,-0.47009628804410364
std005,1,KL008,186,0.017293818295001984,-0.41622263483506206,0,-0.3644694274953143,-0.4180193344888923,-0.43351645313006393
std005,1,KL008,187,0.023746617138385773,-0.37022991972288155,0,-0.3417764070864414,-0.38224759593038105,-0.3939765368612672
std005,1,KL008,188,0.030011646449565887,-0.3240760665316649,0,-0.3175838802758739,-0.34577543091653534,-0.35408771298123065
std005,1,KL008,189,0.03623252362012863,-0.27776050927331625,0,-0.29195926249160226,-0.30873901671988707,-0.31399303289344477
std005,1,KL008,190,0.0424155592918396,-0.23128268121689766,0,-0.264828704180686,-0.2711371873753201,-0.27369824050873715
std005,1,KL008,191,-0.02309071272611618,-0.1846420137142268,0,-0.1606849346278706,-0.16058714598837331,-0.16155130098811052
std005,1,KL008,192,-0.013057404197752476,-0.13783828341723353,0,-0.13043313401666393,-0.12506398590707296,-0.12478087921948093
std005,1,KL008,193,-0.0069616371765732765,-0.09087057378976979,0,-0.09429578481917061,-0.08504346993924888,-0.08390893661319639
std005,1,KL008,194,-0.0007718137931078672,-0.04373830370745918,0,-0.056199717038840885,-0.04455050341173746,-0.04296648991435119
std005,1,KL008,195,0.0055797165259718895,0.003559102866682304,0,-0.016105480937704014,-0.003646643602435523,-0.002020613659289461
std005,1,KL008,196,0.012072703801095486,0.05102222392637501,0,0.026121371361651796,0.037694740360283835,0.03894952012527965
std005,1,KL008,197,0.02072160691022873,0.09865163952760796,0,0.06848098636395611,0.07744530949495243,0.07793003261737935
std005,1,KL008,198,0.02742781490087509,0.14644793717484395,0,0.11530312504300139,0.11973101090508462,0.11902012227396896
std005,1,KL008,199,0.03416413813829422,0.1944116955495547,0,0.16475530178797762,0.16258680487726276,0.16024755741126062
std005,1,KL008,200,0.04093260318040848,0.24254350063820196,0,0.21698361674499053,0.20601852635883805,0.20161089745779362
std005,1,KL008,201,0.047709546983242035,0.2908439408281873,0,0.2721694479106965,0.25005804650323615,0.24313439384494545
std005,1,KL008,202,0.054472871124744415,0.33931360662396187,0,0.3305026542600533,0.29473600707435493,0.2848407354992176
std005,1,KL008,203,0.5703678131103516,0.36897286471023377,,-0.1637610958362503,-0.19339899608787103,-0.20139494840011757
std005,1,KL008,204,0.5726860761642456,0.3702657516017393,,-0.17332064405734987,-0.1963599558778288,-0.20242032456250614
std005,1,KL008,205,0.5756868124008179,0.37156315568105147,,-0.18412843978602667,-0.2000424787196367,-0.20412365671976626
std005,1,KL008,206,0.5784174203872681,0.3728650962500881,,-0.1952495249250479,-0.20349176429475346,-0.20555232413717986
std005,1,KL008,207,0.5809495449066162,0.3741715890895705,,-0.20677795581704572,-0.20677795581704572,-0.20677795581704572
std005,1,KL009,0,-0.7422121167182922,-1.865964938685029,540,-0.09070034483094308,-0.5042591793686837,-1.1237528219667359
std005,1,KL009,1,-0.7415918111801147,-1.8725024630056986,535,-0.09919852887963834,-0.5143903531309528,-1.130910651825583
std005,1,KL009,2,-0.7477967739105225,-1.879062870583807,530,-0.10098852395598891,-0.5177632891379768,-1.1312660966732837
std005,1,KL009,3,-0.7543160319328308,-1.8856462634364286,525,-0.10257137804509714,-0.5208867220339776,-1.131330231503597
std005,1,KL009,4,-0.7605084776878357,-1.892252716175734,520,-0.1046114280211157,-0.5244059383056274,-1.1317442384878975
std005,1,KL009,5,-0.7653231620788574,-1.8988823067054095,515,-0.10823947686484535,-0.5293867416864771,-1.1335591446265512
std005,1,KL009,6,-0.7668635845184326,-1.9055351179553686,510,-0.11553619722263847,-0.5377598513934471,-1.138671533436935
std005,1,KL009,7,-0.7684389352798462,-1.9122112409562266,505,-0.12321278371680977,-0.546217344255137,-1.1437723056763796
std005,1,KL009,8,-0.7711304426193237,-1.9189107614291177,500,-0.13015262838400168,-0.5536683492178652,-1.1477803188097933
std005,1,KL009,9,-0.7742950916290283,-1.9256337565958987,495,-0.13699520747571994,-0.5607525930742255,-1.1513386649668695
std005,1,KL009,10,-0.7768113613128662,-1.932380312588557,490,-0.14491734055060587,-0.5685996010763741,-1.15556895127569
std005,1,KL009,11,-0.7796553373336792,-1.9391505077889684,485,-0.15294997350437456,-0.5762315334125405,-1.1594951704552883
std005,1,KL009,12,-0.7825771570205688,-1.945944426974618,480,-0.16136355369213842,-0.5838990047259819,-1.1633672699540483
std005,1,KL009,13,-0.7940932512283325,-1.9527621517898475,475,-0.16121515745401455,-0.5830003183723654,-1.1586689005615143
std005,1,KL009,14,-0.8072397112846375,-1.9596037678457177,470,-0.15938470607178706,-0.5804833004246567,-1.1523640565610793
std005,1,KL009,15,-0.8306488990783691,-1.966469357638013,465,-0.14669678168579223,-0.567612088000911,-1.135820458559643
std005,1,KL009,16,-0.8519309759140015,-1.97335900635748,460,-0.1356196815493054,-0.5567967593489185,-1.1214280304434776
std005,1,KL009,17,-0.8567000031471252,-1.9802728027804044,455,-0.1413793797565296,-0.5625890845680146,-1.1235727996332783
std005,1,KL009,18,-0.8792328238487244,-1.9872108091156946,450,-0.12878230660903445,-0.5505340561226678,-1.1079779852669693
std005,1,KL009,19,-0.8990628719329834,-1.994173136930083,445,-0.11840391116399625,-0.5411244280682915,-1.095110264997099
std005,1,KL009,20,-0.9121734499931335,-2.0011598710127325,440,-0.11458728258974167,-0.5384439882476769,-1.0889864210195983
std005,1,KL009,21,-0.9271585941314697,-2.0081710837234,435,-0.10863082776262313,-0.533879884818709,-1.0810124895919295
std005,1,KL009,22,-0.938821017742157,-2.015206867236358,430,-0.10589178067319767,-0.5326628496006645,-1.0763858494942002
std005,1,KL009,23,-0.9589216709136963,-2.0222673130346798,425,-0.09415914837407618,-0.5229470354167002,-1.0633456421209828
std005,1,KL009,24,-0.9772837162017822,-2.0293525066489866,420,-0.08366999556882358,-0.5149260146138867,-1.052068790447204
std005,1,KL009,25,-0.9910842776298523,-2.036462533597625,415,-0.07745938956899856,-0.5114681399220482,-1.0453782559677725
std005,1,KL009,26,-1.0084365606307983,-2.0435974820197105,410,-0.06721125847105794,-0.5044243537465603,-1.0351609213889117
std005,1,KL009,27,-1.0256561040878296,-2.0507574383254146,405,-0.05658968839300844,-0.49747999073366145,-1.0251013342375845
std005,1,KL009,28,-1.0408248901367188,-2.057942488835627,400,-0.047592122581385385,-0.4925733277139299,-1.0171175986989074
std005,1,KL009,29,-1.0528321266174316,-2.0651527187857823,395,-0.04147171308066234,-0.4908469108703198,-1.0123205921683502
std005,1,KL009,30,-1.0822601318359375,-2.0723882198667942,390,-0.016713245712695963,-0.4715427130638308,-0.9901280880308562
std005,1,KL009,31,-1.1004912853240967,-2.079649096870154,385,-0.0024551086123824947,-0.46338932901376756,-0.9791578115460566
std005,1,KL009,32,-1.1199328899383545,-2.086935432670332,380,0.013812943301102928,-0.4539665950212801,-0.9670025427319768
std005,1,KL009,33,-1.050882339477539,-2.0942473106346036,375,-0.062224146281657844,-0.5338701681569145,-1.043364971157064
std005,1,KL009,34,-1.0693564414978027,-2.101584819733168,370,-0.05015775504523262,-0.5262105309092402,-1.032228378235365
std005,1,KL009,35,-1.0666704177856445,-2.1089480399500964,365,-0.059753742224538775,-0.5398856642787547,-1.0422776221644516
std005,1,KL009,36,-1.0629682540893555,-2.1163370712361593,360,-0.07094990025381494,-0.5547642387073226,-1.0533688171468036
std005,1,KL009,37,-1.0736756324768066,-2.1237518601713106,355,-0.06759489115948569,-0.5552774307056199,-1.050076227694504
std005,1,KL009,38,-1.0935018062591553,-2.131192636531489,350,-0.05449169561432215,-0.5466246211996685,-1.037690830272333
std005,1,KL009,39,-1.099034070968628,-2.1386594869019357,345,-0.05576987723815108,-0.5523622491643072,-1.0396254159333074
std005,1,KL009,40,-1.0921761989593506,-2.146152510154805,340,-0.07018271022768333,-0.5707130193957901,-1.053976311195454
std005,1,KL009,41,-1.091779112815857,-2.153671799354615,335,-0.07858116294966162,-0.5827637920536066,-1.0618926865387581
std005,1,KL009,42,-1.1000312566757202,-2.1612174460115803,330,-0.07834670954042232,-0.5862409496948047,-1.0611861893358603
std005,1,KL009,43,-1.107019066810608,-2.1687895385096723,325,-0.07946037278988874,-0.5910718544899949,-1.0617704716990644
std005,1,KL009,44,-1.4047373533248901,-2.176388169045181,320,0.22536954328035363,-0.3023262440018426,-0.7716508157202907
std005,1,KL009,45,-1.417317509651184,-2.1840132462336572,315,0.2461241543451036,-0.29871390125857,-0.7666957365824729
std005,1,KL009,46,-1.429490089416504,-2.191665023674529,310,0.2675722512769286,-0.295508485805807,-0.7621749342580246
std005,1,KL009,47,-1.4315255880355835,-2.1993436103045756,305,0.27951279427138526,-0.3025419036725159,-0.7678180222689918
std005,1,KL009,48,-1.433884620666504,-2.20704910843831,300,0.2924588725860046,-0.30935166806290726,-0.7731644877718057
std005,1,KL009,49,-1.445720911026001,-2.2147816106576057,295,0.31610142491992316,-0.3066896860443085,-0.7690606996316046
std005,1,KL009,50,-1.447702407836914,-2.222541197822777,290,0.33065840708976424,-0.3139876135437911,-0.7748387899858625
std005,1,KL009,51,-1.5964466333389282,-2.2303279770804134,285,0.500515005054987,-0.1731469226870024,-0.6338813437414847
std005,1,KL009,52,-1.6647462844848633,-2.238141488836583,280,0.5947113702370138,-0.11216816014272729,-0.5733952043517198
std005,1,KL009,53,-1.6693817377090454,-2.2459823129902623,275,0.6269460729149359,-0.11490656594033277,-0.5766005752812169
std005,1,KL009,54,-1.1759976148605347,-2.2538505674911686,270,0.13674804124973153,-0.6207487640027857,-1.0778529526306342
std005,1,KL009,55,-0.9001801609992981,-2.261746917258602,265,-0.15022114414409612,-0.9119807902563838,-1.3615667562593041
std005,1,KL009,56,-0.9018951058387756,-2.2696708134370804,260,-0.1601956064537216,-0.9258732307038358,-1.3677757075983052
std005,1,KL009,57,-0.8873478174209595,-2.277622454544011,255,-0.187856273777709,-0.9563877153169963,-1.3902746371230519
std005,1,KL009,58,-0.8851235508918762,-2.28560196532118,250,-0.20404953758554467,-0.9748194496699052,-1.400478414429304
std005,1,KL009,59,-0.8901098966598511,-2.293609442852707,245,-0.21355648917852432,-0.9862112856611105,-1.4034995461928559
std005,1,KL009,60,-0.8891984820365906,-2.301644966665967,240,-0.22982541870386475,-1.0037334792345614,-1.4124464846293763
std005,1,KL009,61,-0.8842720985412598,-2.3097086341820057,235,-0.25123352041987823,-1.0255469659214191,-1.425436535640746
std005,1,KL009,62,-0.8743503093719482,-2.317800552679943,230,-0.2790874711949569,-1.0526864190330403,-1.4434502433079945
std005,1,KL009,63,-0.8854513168334961,-2.3259208284270874,225,-0.28634430202089634,-1.0589258010430125,-1.4404695115935913
std005,1,KL009,64,-0.8862241506576538,-2.334069570416426,220,-0.30492255540019236,-1.0757220909355971,-1.4478454197587725
std005,1,KL009,65,-0.8793734908103943,-2.3422468678347115,215,-0.3325747163006452,-1.1004507230456009,-1.4628733770243174
std005,1,KL009,66,-0.9360241293907166,-2.3504528204114448,210,-0.29491550563083196,-1.0613496904373232,-1.4144286910207282
std005,1,KL009,67,-0.9565964937210083,-2.3586872593067714,205,-0.29332112632644397,-1.0583582418699706,-1.4020907655857628
std005,1,KL009,68,-0.8743503093719482,-2.366950519500253,200,-0.3999428458265488,-1.1592558875880612,-1.4926002101283045
std005,1,KL009,69,-0.8807874917984009,-2.3752425553404737,195,-0.4189150373876114,-1.1716593748571285,-1.4944550635420724
std005,1,KL009,70,-1.0264567136764526,-2.383563640319416,190,-0.2924194335605117,-1.043616402010184,-1.3571069266429632
std005,1,KL009,71,-1.1531249284744263,-2.3919135984687556,185,-0.179337645286719,-0.9335350994888948,-1.2387886699943294
std005,1,KL009,72,-1.1352524757385254,-2.400293315033945,180,-0.21250289268271455,-0.968401749764823,-1.26504083929542
std005,1,KL009,73,-0.9183416962623596,-2.4087024092333564,175,-0.45698412801514504,-1.204729565684206,-1.4903607129709973
std005,1,KL009,74,-0.9167952537536621,-2.417140926166631,170,-0.4877351364269645,-1.2259734757037886,-1.5003456724129691
std005,1,KL009,75,-0.9189196825027466,-2.425609010952712,165,-0.5163482567902884,-1.2437937336050233,-1.506689328449966
std005,1,KL009,76,-0.9154170155525208,-2.434106755304804,160,-0.5525039437164095,-1.267548505799922,-1.5186897397522836
std005,1,KL009,77,-0.8778634071350098,-2.4426342538202386,155,-0.626526066817434,-1.3260097707838132,-1.564770846685229
std005,1,KL009,78,-1.0756655931472778,-2.451191545685752,150,-0.45683556234650813,-1.1474023375094462,-1.3755259525384742
std005,1,KL009,79,-1.1310675144195557,-2.459778851825142,145,-0.42821270814949264,-1.1108974050788953,-1.3287113374055866
std005,1,KL009,80,-0.9351931810379028,-2.4683963069355648,140,-0.662683538747479,-1.327905075676127,-1.5332031258976624
std005,1,KL009,81,-0.959098219871521,-2.4770432311608515,135,-0.6782898197907763,-1.3251794395105603,-1.5179450112893313
std005,1,KL009,82,-1.0161608457565308,-2.485720451556283,130,-0.6599604847651276,-1.2890087160783412,-1.4695596057997533
std005,1,KL009,83,-0.9331121444702148,-2.4944281896398444,125,-0.7882950313088753,-1.3940732805152756,-1.5613160451696304
std005,1,KL009,84,-0.961121141910553,-2.5031662940011397,120,-0.8066480577889964,-1.3880973820504081,-1.5420451520905873
std005,1,KL009,85,-1.1413885354995728,-2.5119350618861467,115,-0.6658660779957349,-1.228342787541236,-1.3705465263865744
std005,1,KL009,86,-1.1060822010040283,-2.520735246871544,110,-0.7447405930220804,-1.2847990491487944,-1.4146530458675157
std005,1,KL009,87,-1.0784436464309692,-2.529566261666981,105,-0.8198557338335771,-1.33415519266301,-1.451122615236012
std005,1,KL009,88,-1.055905818939209,-2.538428234634795,100,-0.8937302358031446,-1.378934511978209,-1.482522415695586
std005,1,KL009,89,-1.0426818132400513,-2.5473212730170873,95,-0.961878200991234,-1.4148369782568355,-1.504639459777036
std005,1,KL009,90,-1.0735979080200195,-2.556245466757583,90,-0.987352202632506,-1.4065963944447684,-1.4826475587375634
std005,1,KL009,91,-1.3053958415985107,-2.5652008244451987,85,-0.802920240652436,-1.1954417709186156,-1.2598049828466877
std005,1,KL009,92,-1.280879020690918,-2.5741886038385187,80,-0.8787621311202779,-1.2411321794987573,-1.2933095831476003
std005,1,KL009,93,-1.283555030822754,-2.583207872188778,75,-0.930160960873598,-1.259891535757416,-1.2996528413660235
std005,1,KL009,94,-1.2915377616882324,-2.592258702361866,70,-0.9788783660732474,-1.2735558796233537,-1.3007209406736338
std005,1,KL009,95,-1.2742356061935425,-2.6013413070686733,65,-1.056984700835564,-1.3129752119770635,-1.3271057008751308
std005,1,KL009,96,-1.9378331899642944,-2.6104557385791427,60,-0.42268958767793235,-0.665093484662716,-0.6726225486148483
std005,1,KL009,97,-2.0804877281188965,-2.619601843255311,55,-0.3034794189961099,-0.5369279506260412,-0.5391141151364149
std005,1,KL009,98,-2.0077199935913086,-2.6287791887460528,50,-0.40484093748328287,-0.6251165362015065,-0.6210591951547444
std005,1,KL009,99,-1.978013277053833,-2.637988725741404,45,-0.4663153823496698,-0.6707545512126406,-0.6599754486875709
std005,1,KL009,100,-2.0273280143737793,-2.6472305352820187,40,-0.4479620161778194,-0.6370902938045566,-0.6199025209082395
std005,1,KL009,101,-2.0009241104125977,-2.6565050127433194,35,-0.5084610090743362,-0.679625148616019,-0.6555809023307217
std005,1,KL009,102,-1.9749425649642944,-2.6658119807241945,30,-0.5718253148347042,-0.7222201084987915,-0.6908694157599002
std005,1,KL009,103,-2.0684449672698975,-2.67515156057532,25,-0.5128898841314407,-0.6446132641194012,-0.6067065933054228
std005,1,KL009,104,-2.195221185684204,-2.6845237528893104,20,-0.4159548909548032,-0.5326687414687385,-0.48930256720510673
std005,1,KL009,105,-2.274022102355957,-2.6939296163642696,15,-0.3645293103137695,-0.4681067001206854,-0.4199075140083132
std005,1,KL009,106,-2.351740837097168,-2.7033683701034894,10,-0.31163715489044974,-0.404035957272699,-0.3516275330063221
std005,1,KL009,107,-2.3398373126983643,-2.7128400903427776,5,-0.3503918764995712,-0.4298937663332239,-0.37300277764441403
std005,1,KL009,108,-2.3379666805267334,-2.7223449774696196,0,-0.38072439213977166,-0.4459278972115216,-0.384378296942887
std005,1,KL009,109,-2.3229827880859375,-2.712902935347389,0,-0.40658256846064295,-0.4562478816304317,-0.38992014726145235
std005,1,KL009,110,-2.292921304702759,-2.6749574823070414,0,-0.41974418947141234,-0.45312758455793856,-0.38203617760428377
std005,1,KL009,111,-2.456204414367676,-2.6368790675684743,0,-0.2300155632092571,-0.2545607552311775,-0.18067465320079962
std005,1,KL009,112,-2.35115122795105,-2.5986671186928576,0,-0.31266282069770773,-0.3249099719687591,-0.24751589074180902
std005,1,KL009,113,-2.308659076690674,-2.560320735455768,0,-0.33372299810515466,-0.3326534450512572,-0.2516616587650953
std005,1,KL009,114,-2.2887346744537354,-2.521839995328151,0,-0.3320570355735996,-0.31755644775692426,-0.23310532087441652
std005,1,KL009,115,-2.279635190963745,-2.445263994249139,0,-0.278870759428428,-0.25290487575788795,-0.1656288032853947
std005,1,KL009,116,-2.299109935760498,-2.3589295888584125,0,-0.1825877708940159,-0.1488904245918713,-0.05981965309791504
std005,1,KL009,117,-1.6594643592834473,-2.272292799966476,0,-0.7747649568540693,-0.7093043385400563,-0.6128284406830296
std005,1,KL009,118,-1.6437002420425415,-2.185352674214388,0,-0.7412171954799023,-0.6449155139625876,-0.541652432171847
std005,1,KL009,119,-1.6249778270721436,-2.0981078664175747,0,-0.7088358216006004,-0.5825807380021579,-0.47313003934543196
std005,1,KL009,120,-1.6171389818191528,-2.0105573686321616,0,-0.6631052910973482,-0.5083359342484504,-0.39341838681300934
std005,1,KL009,121,-1.4335519075393677,-1.9227001162416582,0,-0.7997684550512869,-0.6105741415382131,-0.4891482087022909
std005,1,KL009,122,-1.4094386100769043,-1.8345351221333106,0,-0.7755843142049905,-0.5524726189141339,-0.42509651205640675
std005,1,KL009,123,-1.3659151792526245,-1.7460612257295685,0,-0.7703809212930365,-0.5130994436099723,-0.38014604647694455
std005,1,KL009,124,-1.964038372039795,-1.6572773489145294,0,-0.08930646596075797,0.1750927158012218,0.3067610231252651
std005,1,KL009,125,-1.9501068592071533,-1.5681820406510236,0,-0.016347786954397817,0.2523183601360453,0.38192481855612925
std005,1,KL009,126,-1.909085750579834,-1.4787744782377124,0,0.03225601425988761,0.3032835388454018,0.43031127234212113
std005,1,KL009,127,-1.635759949684143,-1.3795635511146034,0,-0.1507932118560671,0.1300238281330493,0.25619639856953913
std005,1,KL009,128,-1.6244173049926758,-1.2894953557951396,0,-0.07736174404447821,0.2104114139693271,0.3349219491975356
std005,1,KL009,129,-1.5896614789962769,-1.199111528386966,0,-0.024398197331123594,0.26828602002939417,0.3905499506093102
std005,1,KL009,130,-1.550886869430542,-1.1084110137710015,0,0.02744613396456831,0.32301367787928387,0.44247585565953984
std005,1,KL009,131,-1.5086814165115356,-1.0173927127923033,0,0.07874191132241659,0.37515955418274033,0.4912887037192317
std005,1,KL009,132,-1.5181382894515991,-0.926055525155883,0,0.18746368971541583,0.48035022788494564,0.5920827642957155
std005,1,KL009,133,-1.4849743843078613,-0.834398279825783,0,0.2574098316696322,0.5438909935492071,0.6505761044820777
std005,1,KL009,134,-1.4360183477401733,-0.7424198963747415,0,0.3147943333198187,0.5924641827914174,0.6935984513654313
std005,1,KL009,135,-1.3961868286132812,-0.6501192240980341,0,0.385196048603935,0.6510898841563033,0.7460676045152466
std005,1,KL009,136,-1.3832736015319824,-0.5574951361089088,0,0.4880447375626644,0.737846429828968,0.8257784654230731
std005,1,KL009,137,-1.3327645063400269,-0.4645464227127092,0,0.5571589646658448,0.7878565201187738,0.8682180836273172
std005,1,KL009,138,-1.2768667936325073,-0.37127204053718077,0,0.6246797435140854,0.833284466282821,0.9055947530953261
std005,1,KL009,139,-0.9158856272697449,-0.32512143510736774,0,0.32512097119580813,0.5234348961190752,0.5907641921623767
std005,1,KL009,140,-0.86220383644104,-0.2788087178891106,0,0.33349594356419743,0.5210403197309332,0.583395118551929
std005,1,KL009,141,-0.8175374269485474,-0.23233375257738073,0,0.3520304332718297,0.5279094939800942,0.5852036743711663
std005,1,KL009,142,-0.7738393545150757,-0.18569596060941912,0,0.37279280921997393,0.5360085537557929,0.5881433939056562
std005,1,KL009,143,-0.7333142161369324,-0.13889477315807808,0,0.398225600663965,0.547577711761732,0.594419442978854
std005,1,KL009,144,-0.6912508010864258,-0.09192961075638648,0,0.4236209800634311,0.5578942795287498,0.599321190330039
std005,1,KL009,145,-0.5264735221862793,-0.04479991280760751,0,0.32142924948509194,0.444547018638063,0.48167360937867154
std005,1,KL009,146,-0.48048466444015503,0.0024945098588680797,0,0.3391298483778488,0.45022474822228137,0.48297917429902293
std005,1,KL009,147,-0.2847174406051636,0.04995462161888206,0,0.20033549704101808,0.3048513862250894,0.33467206222404544
std005,1,KL009,148,-0.2687292993068695,0.0975808556729418,0,0.24368726963484486,0.33978282259070014,0.3663101549798111
std005,1,KL009,149,-0.22569876909255981,0.14537396397691893,0,0.26107390110793205,0.3479317728925679,0.3710727330694786
std005,1,KL009,150,-0.23402385413646698,0.19333471813232983,0,0.3336571898328276,0.40821871881290983,0.42735857226879664
std005,1,KL009,151,-0.22445982694625854,0.24146365782744003,0,0.391467152411958,0.45122885836875964,0.46592348477369844
std005,1,KL009,152,-0.20847761631011963,0.28976122932280457,0,0.4458122482544168,0.48837649769950514,0.49823884563292403
std005,1,KL009,153,0.12628446519374847,0.32873791009955405,,0.15772963904620868,0.19450155720310577,0.20245344490580539
std005,1,KL009,154,0.13830411434173584,0.329890761646323,,0.15442751555422743,0.18546151319462464,0.19158664730458702
std005,1,KL009,155,0.15234555304050446,0.3310476472686532,,0.148855542782536,0.17429848393208192,0.17870209422814856
std005,1,KL009,156,0.16610251367092133,0.33220857302216883,,0.14332098171380003,0.16332022206384939,0.16610605935124736
std005,1,KL009,157,0.17959317564964294,0.33337356214244795,,0.1378057634913079,0.1525098871601399,0.15378038649280487
std005,1,KL009,158,0.19307535886764526,0.33454262931786005,,0.13203860646003268,0.14160840362374863,0.1414672704502147
std005,1,KL009,159,0.20665858685970306,0.3357157886948245,,0.12589000213672477,0.13050386818789067,0.12905720183512134
std005,1,KL009,160,0.25332435965538025,0.33689305434888367,,0.0846214714466182,0.08587922204444855,0.08356869469350332
std005,1,KL009,161,0.2631390392780304,0.3380738428919523,,0.07999080952473922,0.07803376414930391,0.07493480361392181
std005,1,KL009,162,0.279467910528183,0.3392583829041224,,0.0682780982516901,0.06353564741232992,0.05979047237593937
std005,1,KL009,163,0.29108330607414246,0.3404470735785097,,0.060927507388991185,0.053658651263491945,0.049363767504367155
std005,1,KL009,164,0.2988739609718323,0.34163993327730896,,0.05723181979744064,0.047551418509522096,0.04276597230547664
std005,1,KL009,165,0.3057108223438263,0.3428369705889525,,0.054360716479165724,0.04235188032738817,0.037126148245126195
std005,1,KL009,166,0.31303641200065613,0.34403819548886766,,0.05083867114199836,0.03661194475080841,0.031001783488211487
std005,1,KL009,167,0.3201499283313751,0.3452436264450821,,0.04736851530913743,0.031033854604361942,0.025093698113706934
std005,1,KL009,168,0.3265901803970337,0.3464532789579075,,0.04443785417122703,0.026084917130302275,0.019863098560873753
std005,1,KL009,169,0.3330424726009369,0.34766718579879885,,0.04135323469093249,0.02107912278006094,0.014624713197861933
std005,1,KL009,170,0.3400709927082062,0.3488853450746341,,0.037512130837260516,0.015445835027932703,0.008814352366427905
std005,1,KL009,171,0.34583863615989685,0.35010777110916635,,0.03480785649267314,0.011034194709203388,0.004269134949269518
std005,1,KL009,172,0.35125789046287537,0.35133447581697536,,0.03233927092191152,0.006934695240426485,7.658535410003109e-05
std005,1,KL009,173,0.3731735050678253,0.3525654749682088,,0.012387048747247095,-0.013864536377376696,-0.02060803009961648
std005,1,KL009,174,0.4899924397468567,0.3538015069234528,,-0.10850552315949662,-0.13073112271665244,-0.1361909328234039
std005,1,KL009,175,0.4844820201396942,0.35504156827604294,,-0.10700846216142972,-0.1252136483534121,-0.12944045186365127
std005,1,KL009,176,0.485976904630661,0.3562859640917938,,-0.11282142572093325,-0.12671649222822146,-0.1296909405388672
std005,1,KL009,177,0.48785218596458435,0.3575347237049988,,-0.11935667435798245,-0.12861877998335988,-0.13031746225958557
std005,1,KL009,178,0.4896886646747589,0.35878786436721516,,-0.1262122193579226,-0.13050117802951922,-0.13090080030754375
std005,1,KL009,179,0.49143078923225403,0.36004540180985856,,-0.133347767148252,-0.13230743935570916,-0.1313853874223955
std005,1,KL009,180,0.4102354943752289,0.36130735165350014,,-0.05357620859300508,-0.0503569952601701,-0.04892814272172879
std005,1,KL009,181,0.399945467710495,0.3625733541960703,,-0.04424891064458548,-0.0391979519345385,-0.03737211351442476
std005,1,KL009,182,0.4034278392791748,0.3638437833915885,,-0.048931523887504776,-0.041834637994883794,-0.03958405588758635
std005,1,KL009,183,0.4066082835197449,0.3651186608510861,,-0.053547202096870236,-0.04418999018677106,-0.04148962266865886
std005,1,KL009,184,0.32559734582901,0.36639800288436924,,0.030211400749875564,0.038475583925549235,0.040800657055359166
std005,1,KL009,185,0.32256338000297546,0.3676822360890479,,0.03630789213028286,0.04321781459428258,0.04511885608607233
std005,1,KL009,186,0.3261631429195404,0.36897097190595207,,0.0357536773587569,0.04131325928642326,0.04280782898641158
std005,1,KL009,187,0.3293249011039734,0.370264216876959,,0.03564257690696298,0.03983788833660023,0.04093931577298551
std005,1,KL009,188,0.3324068486690521,0.3715619934282981,,0.035620891967759784,0.03843420018270121,0.0391551447592459
std005,1,KL009,189,0.3355221748352051,0.37286431856727587,,0.0355742186866205,0.03698855872298071,0.03734214373207075
std005,1,KL009,190,0.33868882060050964,0.3741712093580708,,0.035482388757561156,0.035482388757561156,0.035482388757561156
std005,1,KL0010,0,-0.6374915838241577,-0.8739395929185211,420,0.05655397879485295,-0.1032828127957927,-0.23644800909436323
std005,1,KL0010,1,-0.6309588551521301,-0.8770012747404988,415,0.05051176649207723,-0.11354610489539702,-0.24604241958836864
std005,1,KL0010,2,-0.6291546821594238,-0.8800736893840054,410,0.04913077346024622,-0.11914995625419991,-0.2509190072245816
std005,1,KL0010,3,-0.6265369653701782,-0.8831568910833535,405,0.04682227225489109,-0.12564564349839816,-0.25661992571317527
std005,1,KL0010,4,-0.6280516386032104,-0.8862509089213735,400,0.0487432816321271,-0.12804655061241932,-0.25819927031816303
std005,1,KL0010,5,-0.5588534474372864,-0.8893557734458603,395,-0.02366770499242574,-0.20191270895658703,-0.3305023260085739
std005,1,KL0010,6,-0.5552999973297119,-0.8924713308535114,390,-0.030801722480749263,-0.21023350381724684,-0.33717133352379947
std005,1,KL0010,7,-0.5963120460510254,-0.8955978069476952,385,0.008586628433724182,-0.17363956663706537,-0.2992857608966698
std005,1,KL0010,8,-0.5915483236312866,-0.8987351459169156,380,0.0018571360959365223,-0.18292969029555625,-0.30718682228562905
std005,1,KL0010,9,-0.590307354927063,-0.901883474936235,375,-0.0015256257679670138,-0.1887713336689736,-0.31157612000917206
std005,1,KL0010,10,-0.584945797920227,-0.9050428391248059,370,-0.009431792790585364,-0.19885048066082234,-0.3200970412045788
std005,1,KL0010,11,-0.5882787704467773,-0.908213443876328,365,-0.00861150236799584,-0.20026595306196027,-0.31993467342955056
std005,1,KL0010,12,-0.5860695242881775,-0.9113951608950096,360,-0.013591223761597666,-0.20731073259056781,-0.3253256366068321
std005,1,KL0010,13,-0.5852655172348022,-0.9145880255098888,355,-0.017364054277753744,-0.21302435138052178,-0.3293225082750866
std005,1,KL0010,14,-0.5740329027175903,-0.9177920807158005,350,-0.032323889628979134,-0.22934700988746667,-0.3437591779982102
std005,1,KL0010,15,-0.5706885457038879,-0.9210073702722424,345,-0.03978141094185096,-0.23788462949745606,-0.35031882456835445
std005,1,KL0010,16,-0.5680341720581055,-0.9242339279919365,340,-0.0469203078361204,-0.24582991713016922,-0.35619975593383096
std005,1,KL0010,17,-0.5620095729827881,-0.9274717904573521,335,-0.05799908118777472,-0.2572784533175338,-0.365462217474564
std005,1,KL0010,18,-0.5593119263648987,-0.9307209792609311,330,-0.06617751398844074,-0.2655012508509861,-0.3714090528960325
std005,1,KL0010,19,-0.5569277405738831,-0.933981552405147,325,-0.07447664588882598,-0.27351003416584807,-0.37705381183126396
std005,1,KL0010,20,-0.5528338551521301,-0.9372535539496601,320,-0.08503407770809578,-0.28334659409495166,-0.3844196987975299
std005,1,KL0010,21,-0.5493874549865723,-0.940537013958426,315,-0.09548943291633528,-0.2926488060066305,-0.3911495589718537
std005,1,KL0010,22,-0.5490988492965698,-0.9438319765441938,310,-0.10319692403812233,-0.2988760109833707,-0.39473312724762394
std005,1,KL0010,23,-0.5403447151184082,-0.9471384841787015,305,-0.12024851762948012,-0.3137381738047728,-0.4067937690602932
std005,1,KL0010,24,-0.5376803278923035,-0.9504565842259377,300,-0.13181791359794445,-0.3226208244623517,-0.4127762563336342
std005,1,KL0010,25,-0.5347604155540466,-0.9537863090592699,295,-0.14429804104764352,-0.3318733113758638,-0.41902589350522323
std005,1,KL0010,26,-0.5731202960014343,-0.9571277018696028,290,-0.1140178650577986,-0.2995449107518225,-0.3840074058681685
std005,1,KL0010,27,-0.5604180693626404,-0.9604811424581273,285,-0.1359237395852717,-0.3184895366819433,-0.4000630730954869
std005,1,KL0010,28,-0.5817030072212219,-0.9638463244474648,280,-0.12324052819330375,-0.3033171377562333,-0.38214331722624284
std005,1,KL0010,29,-0.6030938625335693,-0.9672233047689592,275,-0.10981001988102193,-0.28790613577997015,-0.3641294422353899
std005,1,KL0010,30,-0.613017737865448,-0.9706121050568621,270,-0.10777249427106127,-0.2839434265111006,-0.3575943671914142
std005,1,KL0010,31,-0.6235334873199463,-0.9740127867209971,265,-0.1050337995302267,-0.2793639426199646,-0.3504792994010509
std005,1,KL0010,32,-0.6039869785308838,-0.9774253851655949,260,-0.1338241301220901,-0.305125129711784,-0.373438406634711
std005,1,KL0010,33,-0.6191686987876892,-0.9808499925603259,255,-0.12760785825639853,-0.296089558826017,-0.3616812937726366
std005,1,KL0010,34,-0.6394318342208862,-0.9842865853479794,250,-0.11574860788901843,-0.2818517153634161,-0.34485475112709313
std005,1,KL0010,35,-0.6520140171051025,-0.9877351200923554,245,-0.1113812903722022,-0.2752498176205312,-0.33572110298725294
std005,1,KL0010,36,-0.6606324911117554,-0.9911957389705958,240,-0.11098673836490351,-0.27260614683757023,-0.33056324785884045
std005,1,KL0010,37,-0.6716856956481934,-0.9946684828647967,235,-0.10803887728035502,-0.26749759412265967,-0.3229827872166035
std005,1,KL0010,38,-0.614582896232605,-0.9981533968640771,230,-0.17670892413182557,-0.33120292980409416,-0.3835705006314723
std005,1,KL0010,39,-0.627204179763794,-1.0016506478812193,225,-0.17564220782956494,-0.32514688249672963,-0.3744464681174255
std005,1,KL0010,40,-0.6392403841018677,-1.0051601517611424,220,-0.17517783592375138,-0.3196438867847802,-0.36591976765927486
std005,1,KL0010,41,-0.6514624357223511,-1.0086819355512744,215,-0.17453605615521078,-0.31392068604154505,-0.3572194998289235
std005,1,KL0010,42,-0.6609897613525391,-1.0122160480069387,210,-0.17673975081733168,-0.31088461013607166,-0.35122628665439987
std005,1,KL0010,43,-0.6796835660934448,-1.0157625294703274,205,-0.16945375565007106,-0.29858175670489934,-0.33607896337688276
std005,1,KL0010,44,-0.6947381496429443,-1.0193214306386054,200,-0.16565711351195395,-0.28985322520656676,-0.32458328099566114
std005,1,KL0010,45,-0.7277660965919495,-1.0228927952559896,195,-0.14278283302018924,-0.2629039969190739,-0.29512669866404034
std005,1,KL0010,46,-0.7493984699249268,-1.0264766752029577,190,-0.1307374343751188,-0.2472147502881421,-0.277078205278031
std005,1,KL0010,47,-0.7082828283309937,-1.0300731036897153,185,-0.18414395884868354,-0.29476988471239945,-0.3217902753587219
std005,1,KL0010,48,-0.8389300107955933,-1.033682102993149,180,-0.0596036794270826,-0.16933033179257911,-0.19475209219755601
std005,1,KL0010,49,-0.7975937724113464,-1.0373034070579559,175,-0.10956599337891332,-0.21636242665496147,-0.23970963464660983
std005,1,KL0010,50,-0.7779862880706787,-1.040936948210119,170,-0.139316869731201,-0.2419410596333169,-0.2629506601394405
std005,1,KL0010,51,-0.8103322386741638,-1.0445832292842805,165,-0.11598317532311758,-0.21532098729144858,-0.23425099061011706
std005,1,KL0010,52,-0.9166921377182007,-1.0482422593864047,160,-0.013545182997527331,-0.11369069907291732,-0.1315501216682045
std005,1,KL0010,53,-0.9134674668312073,-1.051914171639347,155,-0.02108242595955586,-0.12174212829079165,-0.13844670480814017
std005,1,KL0010,54,-0.9177934527397156,-1.055598948077033,150,-0.0210842102460818,-0.12226504032657437,-0.13780549533731776
std005,1,KL0010,55,-0.8265172839164734,-1.0592966355445952,145,-0.12173589755833528,-0.21937822881610258,-0.23277935162812227
std005,1,KL0010,56,-0.8889210820198059,-1.063007439093399,140,-0.06595140308234701,-0.1622608887753941,-0.1740863570735936
std005,1,KL0010,57,-0.8916057348251343,-1.0667312408422427,135,-0.07011755015646967,-0.16490768087555951,-0.17512550601710886
std005,1,KL0010,58,-0.8744971752166748,-1.0704681084545893,130,-0.0953632150148066,-0.18759323964318075,-0.19597093323791484
std005,1,KL0010,59,-0.8756108283996582,-1.0742180875081198,125,-0.10278635280748843,-0.19212142631423373,-0.19860725910846197
std005,1,KL0010,60,-0.8673522472381592,-1.077981205270232,120,-0.12049717670837554,-0.20618222263565067,-0.21062895803207327
std005,1,KL0010,61,-0.8675967454910278,-1.0817575205629133,115,-0.13022441393925668,-0.21181662561950718,-0.21416077507188594
std005,1,KL0010,62,-0.8699110150337219,-1.0855470748297384,110,-0.13832168994607466,-0.21543807777452523,-0.21563605979601688
std005,1,KL0010,63,-0.8464266657829285,-1.0893499093596306,105,-0.17403998148202893,-0.24517633118474513,-0.24292324357670236
std005,1,KL0010,64,-0.8372151851654053,-1.09316608117521,100,-0.1966592454837443,-0.2608200786924025,-0.2559508960098049
std005,1,KL0010,65,-0.7490003108978271,-1.0969956252536517,95,-0.3036799156517132,-0.35644601768306905,-0.347995314355825
std005,1,KL0010,66,-0.9434999227523804,-1.1008384827979596,90,-0.11880830593194883,-0.1674938107518636,-0.15733856004557967
std005,1,KL0010,67,-1.0094635486602783,-1.1046950219059062,85,-0.059543387587589355,-0.10648717732875215,-0.09523147324562833
std005,1,KL0010,68,-1.013609528541565,-1.1085651143474433,80,-0.06225521843373598,-0.10732396689057205,-0.09495558580587868
std005,1,KL0010,69,-1.0121876001358032,-1.112448766389606,75,-0.0709960257959444,-0.11381099316057586,-0.10026116625380306
std005,1,KL0010,70,-1.0471827983856201,-1.1163459248255665,70,-0.04188994508584155,-0.08359639267144651,-0.06916312643994652
std005,1,KL0010,71,-1.0676902532577515,-1.1202562474522233,65,-0.02652342531027639,-0.06772710220912749,-0.05256599419447197
std005,1,KL0010,72,-1.057884693145752,-1.124180269809093,60,-0.042275537641494026,-0.08233313699497133,-0.0662955766633413
std005,1,KL0010,73,-1.2494759559631348,-1.1281180528198833,55,0.1531180028601709,0.10632742523471947,0.12135790314325122
std005,1,KL0010,74,-1.0276458263397217,-1.1320693786457727,50,-0.07637070809446117,-0.12071383178234607,-0.1044235523060513
std005,1,KL0010,75,-1.2290351390838623,-1.1360348219221674,45,0.12752784413018226,0.07742723271501717,0.09300031716169457
std005,1,KL0010,76,-1.015965461730957,-1.1400138898022638,40,-0.09410518399050688,-0.14108694639724284,-0.1240484280713072
std005,1,KL0010,77,-0.9882971048355103,-1.1440071832802305,35,-0.1322757055770578,-0.174553834061273,-0.15571007844472057
std005,1,KL0010,78,-0.7385556697845459,-1.1480141051815989,30,-0.4062546884351712,-0.4326951667569143,-0.4094584353970532
std005,1,KL0010,79,-0.7375956773757935,-1.152034918083661,25,-0.4328676511286043,-0.4421791798934074,-0.41443924070786775
std005,1,KL0010,80,-0.8496494293212891,-1.1560697738844614,20,-0.3420140250400353,-0.33763381611483,-0.30642034456317224
std005,1,KL0010,81,-0.882997453212738,-1.1601187562928272,15,-0.3293049425465804,-0.3115597366413747,-0.2771213030800889
std005,1,KL0010,82,-1.1296017169952393,-1.1641819410680776,10,-0.09152284495316083,-0.06983769877138797,-0.034580224072838145
std005,1,KL0010,83,-1.1459455490112305,-1.1682593711088776,5,-0.08363784893968615,-0.058277606740138106,-0.02231382209764704
std005,1,KL0010,84,-1.1745712757110596,-1.172351089943294,0,-0.06244074316023615,-0.034211724742160776,0.0022201857677655867
std005,1,KL0010,85,-0.9581001400947571,-1.129006595153949,0,-0.24820414803485144,-0.20956163069876044,-0.17090645505919186
std005,1,KL0010,86,-1.3164066076278687,-1.085510733369843,0,0.16139720883722933,0.19404571717081093,0.23089587425802555
std005,1,KL0010,87,-1.2852509021759033,-1.0418621840134223,0,0.18278583769261772,0.20849439072246512,0.24338871816248103
std005,1,KL0010,88,-1.2740838527679443,-0.9980607133468377,0,0.22653465342117057,0.24344096008778127,0.2760231394211067
std005,1,KL0010,89,-1.2639408111572266,-0.9541057822966064,0,0.27386647039648127,0.2799380699543407,0.30983502886062025
std005,1,KL0010,90,-1.3592944145202637,-0.9099967883184021,0,0.4349505709382775,0.42353122767899254,0.4492976262018615
std005,1,KL0010,91,-1.124798059463501,-0.8657331315401595,0,0.25754484627536167,0.2355638889056188,0.2590649279233414
std005,1,KL0010,92,-1.3177783489227295,-0.8213146660393311,0,0.520987658134533,0.47765687047194944,0.4964636828833982
std005,1,KL0010,93,-1.2570761442184448,-0.7767403208094694,0,0.5315218156693449,0.4661243599616821,0.4803358234089753
std005,1,KL0010,94,-1.2721967697143555,-0.7320098300564746,0,0.6226866058567255,0.5312380632264355,0.5401869396578807
std005,1,KL0010,95,-0.7751502394676208,-0.7061023584843118,45,0.1598280069016205,0.0606743937366363,0.06904788098330886
std005,1,KL0010,96,-0.5141502618789673,-0.7085742675120155,40,-0.10876400796029748,-0.2048755874790968,-0.1944240056330484
std005,1,KL0010,97,-0.4968070685863495,-0.711054722081331,35,-0.13503949830701517,-0.22700591436263856,-0.21424765349498176
std005,1,KL0010,98,-0.48679259419441223,-0.7135438630894054,30,-0.1550164073799821,-0.24197397141407853,-0.2267512688949935
std005,1,KL0010,99,-0.5195422768592834,-0.7160417624426914,25,-0.13106661266415673,-0.21391467157791474,-0.19649948558340816
std005,1,KL0010,100,-0.4979735016822815,-0.7185484477507375,20,-0.1630661176774658,-0.2404557078461087,-0.22057494606845618
std005,1,KL0010,101,-0.477677583694458,-0.7210639313302909,15,-0.1954484440763394,-0.2659967342568237,-0.24338634763583306
std005,1,KL0010,102,-0.4532110393047333,-0.723588253857941,10,-0.23396983987882441,-0.29602709357241347,-0.2703772145532078
std005,1,KL0010,103,-0.3291853070259094,-0.7261214413003106,5,-0.37936968078436295,-0.4269453377986413,-0.39693613427440133
std005,1,KL0010,104,-0.664689302444458,-0.7286638970851117,0,-0.048785886779262946,-0.09503933670398348,-0.06397459464065385
std005,1,KL0010,105,-0.6260132789611816,-0.7217252311134231,0,-0.08470529120049677,-0.12816720984417526,-0.0957119521522417
std005,1,KL0010,106,-0.5993470549583435,-0.676801803639004,0,-0.06990476103647608,-0.11113507266827527,-0.07745474868066077
std005,1,KL0010,107,-0.22989314794540405,-0.6601913328317247,75,-0.4449702567010019,-0.46878436039022736,-0.4302981848863209
std005,1,KL0010,108,-0.41399428248405457,-0.6625028390462582,70,-0.27708635353304717,-0.2900298773220652,-0.24850855656220383
std005,1,KL0010,109,-0.3842792510986328,-0.664822467680259,65,-0.3254959404352911,-0.3254646649064825,-0.28054321658162645
std005,1,KL0010,110,-0.35852178931236267,-0.6671502618040297,60,-0.3723565264089174,-0.3572801161389754,-0.3086284724916673
std005,1,KL0010,111,-0.3962012827396393,-0.6694862348115738,55,-0.35498557269585607,-0.32536066626769655,-0.27328495207193476
std005,1,KL0010,112,-0.37935808300971985,-0.6718304317720998,50,-0.3941676095720343,-0.34821265048446326,-0.2924723487623802
std005,1,KL0010,113,-0.359742134809494,-0.6741828504394233,45,-0.4384129396321794,-0.37411749315551346,-0.31444071562992953
std005,1,KL0010,114,-0.33089807629585266,-0.6765435202424822,40,-0.49479161830031143,-0.40962759073437577,-0.3456454439466297
std005,1,KL0010,115,-0.39195987582206726,-0.6789124692769182,35,-0.4596014114001933,-0.35470597837976836,-0.286952593454851
std005,1,KL0010,116,-0.6102166175842285,-0.6812897469441469,30,-0.2571861768920064,-0.14046859208814894,-0.0710731293599185
std005,1,KL0010,117,-0.5780538320541382,-0.6836751661908844,25,-0.30777523989070454,-0.17703024464725084,-0.10562133413674629
std005,1,KL0010,118,-0.5472722053527832,-0.6860691501284109,20,-0.35964121067494703,-0.21258187400821177,-0.13879694477562773
std005,1,KL0010,119,-0.7114040851593018,-0.688471539984534,15,-0.20914263889510445,-0.051627180857653734,0.022932545174767643
std005,1,KL0010,120,-0.8650915622711182,-0.6908823369537994,10,-0.06176746891265528,0.10039218140239484,0.17420922531731864
std005,1,KL0010,121,-0.8418550491333008,-0.6933018862897162,5,-0.0928950927077502,0.07522977920719849,0.1485531628435844
std005,1,KL0010,122,-0.830379843711853,-0.6957299577857705,0,-0.11330983933866515,0.06168645903571521,0.13464988592608246
std005,1,KL0010,123,-0.8214556574821472,-0.6886764556710202,0,-0.12215717458354741,0.0601617457373438,0.13277920181112698
std005,1,KL0010,124,-0.8114465475082397,-0.6436378185910411,0,-0.09265356254576226,0.09589579636644119,0.16780872891719864
std005,1,KL0010,125,-0.7996560335159302,-0.5984413943794028,0,-0.06332657975857832,0.1303532733630378,0.20121463913652735
std005,1,KL0010,126,-0.7858198285102844,-0.5530866373072661,0,-0.034457808143250654,0.16325610496480994,0.23273319120301827
std005,1,KL0010,127,-0.7716200947761536,-0.48859276529217666,0,0.015684374618849042,0.21546142618225989,0.28302732948397685
std005,1,KL0010,128,-0.755830705165863,-0.39540261076843536,0,0.09699835038546964,0.2955812687925987,0.36042809439742757
std005,1,KL0010,129,-0.7566046714782715,-0.30188595944310814,0,0.2003852340263947,0.3935804832790947,0.45471871203516323
std005,1,KL0010,130,-0.6980850100517273,-0.2080416632626336,0,0.247177625529567,0.4330211152502529,0.49004334678909345
std005,1,KL0010,131,-0.6815829277038574,-0.1138685545318478,0,0.3410502186320464,0.5156488375570343,0.5677143731720095
std005,1,KL0010,132,-0.7064005732536316,-0.019365506548646313,0,0.48376498360203957,0.6411990966988685,0.6870350667049852
std005,1,KL0010,133,-0.6831339597702026,0.07546846879477703,0,0.5838106684507565,0.7198038991207091,0.7586024285649796
std005,1,KL0010,134,-0.6535300612449646,0.1706347086489482,0,0.6829058743932176,0.7931619187397612,0.8241647698939127
std005,1,KL0010,135,-0.39064183831214905,0.21868381181059224,0,0.4921808597530859,0.5840547194844216,0.6093256501227412
std005,1,KL0010,136,-0.35020187497138977,0.26690122066034067,0,0.5258398500452498,0.597720829911234,0.6171030956317303
std005,1,KL0010,137,-0.30642563104629517,0.3152875575527682,0,0.5580317664449956,0.6083464767580005,0.6217131885990632
std005,1,KL0010,138,-0.26895415782928467,0.3638434016901852,,0.5988347501897102,0.6256404180529296,0.6327975595194697
std005,1,KL0010,139,0.10666563361883163,0.36511878058109276,,0.2361803578506229,0.2538090187473713,0.25845314696226107
std005,1,KL0010,140,0.13530875742435455,0.3663987380964359,,0.2197254241684306,0.22871674800722802,0.2310899806720813
std005,1,KL0010,141,0.1611045002937317,0.36768317305813486,,0.20544662898408195,0.20625972207270094,0.20657867276440314
std005,1,KL0010,142,0.33859166502952576,0.36897207532457976,,0.030783579052944716,0.030363981894289377,0.030380410295053964
std005,1,KL0010,143,0.42203420400619507,0.3702649878858854,,-0.05406803658333785,-0.0523087899821376,-0.051769216120309686
std005,1,KL0010,144,0.4349516034126282,0.3715625118833206,,-0.06915364896537385,-0.06457631912191827,-0.06338909152930755
std005,1,KL0010,145,0.338955819606781,0.37286461159629036,,0.02960424937226122,0.03304788346605973,0.03390879198950936
std005,1,KL0010,146,0.28777876496315,0.37417125935184176,,0.08639249438869173,0.08639249438869173,0.08639249438869173
