case,episode,agent,scenario_sha256,decision,start_seconds,terminal,heading_action,speed_action,critic_value,native_reward,reward_goal,reward_intrusion,reward_restricted,reward_outside,reward_drift,intrusion_seconds,intrusion_events,predicted_threats,earliest_predicted_entry_seconds
std005,0,KL001,6684926c7289bd8432a31af5074bd32b85fff20f3961f66edf76fb6119b4b60b,0,0,0,-0.025371341034770012,-0.049447424709796906,-0.5910470485687256,-0.00015500073491646796,0.0,-0.0,-0.0,-0.0,-0.00015500073491646796,0.0,0.0,0,
std005,0,KL002,6684926c7289bd8432a31af5074bd32b85fff20f3961f66edf76fb6119b4b60b,0,0,0,-0.0014850418083369732,-0.016195857897400856,-0.1999112218618393,-2.4279945809824326e-06,0.0,-0.0,-0.0,-0.0,-2.4279945809824326e-06,0.0,0.0,0,
std005,0,KL003,6684926c7289bd8432a31af5074bd32b85fff20f3961f66edf76fb6119b4b60b,0,0,0,0.052700720727443695,-0.02508535422384739,-0.3308161199092865,-0.00015234960687438077,0.0,-0.0,-0.0,-0.0,-0.00015234960687438077,0.0,0.0,0,
std005,0,KL004,6684926c7289bd8432a31af5074bd32b85fff20f3961f66edf76fb6119b4b60b,0,0,0,0.00029651541262865067,-0.05766482651233673,-0.4550371468067169,-0.00015471221779496345,0.0,-0.0,-0.0,-0.0,-0.00015471221779496345,0.0,0.0,0,
std005,0,KL005,6684926c7289bd8432a31af5074bd32b85fff20f3961f66edf76fb6119b4b60b,0,0,0,0.06441348046064377,-0.0489298477768898,-0.9100840091705322,-0.00010507496626083643,0.0,-0.0,-0.0,-0.0,-0.00010507496626083643,0.0,0.0,0,
std005,0,KL006,6684926c7289bd8432a31af5074bd32b85fff20f3961f66edf76fb6119b4b60b,0,0,0,0.03497149050235748,-0.021365266293287277,-0.37088721990585327,-0.0001564678672389545,0.0,-0.0,-0.0,-0.0,-0.0001564678672389545,0.0,0.0,0,
std005,0,KL007,6684926c7289bd8432a31af5074bd32b85fff20f3961f66edf76fb6119b4b60b,0,0,0,0.03955365717411041,-0.009259996935725212,-0.03424493223428726,-6.46804822680675e-05,0.0,-0.0,-0.0,-0.0,-6.46804822680675e-05,0.0,0.0,0,
std005,0,KL008,6684926c7289bd8432a31af5074bd32b85fff20f3961f66edf76fb6119b4b60b,0,0,0,0.005684155970811844,-0.024163266643881798,-0.7912315130233765,-0.000155005895619862,0.0,-0.0,-0.0,-0.0,-0.000155005895619862,0.0,0.0,0,
std005,0,KL009,6684926c7289bd8432a31af5074bd32b85fff20f3961f66edf76fb6119b4b60b,0,0,0,0.0735834538936615,-0.03247125446796417,-0.7200561165809631,-0.00012012062209099744,0.0,-0.0,-0.0,-0.0,-0.00012012062209099744,0.0,0.0,0,
std005,0,KL0010,6684926c7289bd8432a31af5074bd32b85fff20f3961f66edf76fb6119b4b60b,0,0,0,0.007069408893585205,-0.01564619317650795,-0.45425641536712646,-1.156586145797077e-05,0.0,-0.0,-0.0,-0.0,-1.156586145797077e-05,0.0,0.0,0,
std005,0,KL001,6684926c7289bd8432a31af5074bd32b85fff20f3961f66edf76fb6119b4b60b,1,5,0,-0.03070857934653759,-0.04667143523693085,-0.5293183922767639,-0.0003120351957403066,0.0,-0.0,-0.0,-0.0,-0.0003120351957403066,0.0,0.0,0,
std005,0,KL002,6684926c7289bd8432a31af5074bd32b85fff20f3961f66edf76fb6119b4b60b,1,5,0,0.004187362268567085,-0.01625104807317257,-0.21187140047550201,-6.845433830429058e-06,0.0,-0.0,-0.0,-0.0,-6.845433830429058e-06,0.0,0.0,0,
std005,0,KL003,6684926c7289bd8432a31af5074bd32b85fff20f3961f66edf76fb6119b4b60b,1,5,0,0.08906885981559753,-0.025799686089158058,-0.1823892742395401,-0.0003094742343843828,0.0,-0.0,-0.0,-0.0,-0.0003094742343843828,0.0,0.0,0,
std005,0,KL004,6684926c7289bd8432a31af5074bd32b85fff20f3961f66edf76fb6119b4b60b,1,5,0,-0.003495538607239723,-0.059029221534729004,-0.4860610365867615,-0.0003114006454671832,0.0,-0.0,-0.0,-0.0,-0.0003114006454671832,0.0,0.0,0,
std005,0,KL005,6684926c7289bd8432a31af5074bd32b85fff20f3961f66edf76fb6119b4b60b,1,5,0,0.08465071767568588,-0.07574863731861115,-0.9617879390716553,-0.00013829191943968766,0.0,-0.0,-0.0,-0.0,-0.00013829191943968766,0.0,0.0,0,
std005,0,KL006,6684926c7289bd8432a31af5074bd32b85fff20f3961f66edf76fb6119b4b60b,1,5,0,0.04291475564241409,-0.01303207129240036,-0.3495572507381439,-0.0003129025868589371,0.0,-0.0,-0.0,-0.0,-0.0003129025868589371,0.0,0.0,0,
std005,0,KL007,6684926c7289bd8432a31af5074bd32b85fff20f3961f66edf76fb6119b4b60b,1,5,0,0.04525022953748703,-0.00917067565023899,-0.031392551958560944,-7.405677782516785e-05,0.0,-0.0,-0.0,-0.0,-7.405677782516785e-05,0.0,0.0,0,
std005,0,KL008,6684926c7289bd8432a31af5074bd32b85fff20f3961f66edf76fb6119b4b60b,1,5,0,0.005094433203339577,-0.015902124345302582,-0.7595596313476562,-0.0003114405023868669,0.0,-0.0,-0.0,-0.0,-0.0003114405023868669,0.0,0.0,0,
std005,0,KL009,6684926c7289bd8432a31af5074bd32b85fff20f3961f66edf76fb6119b4b60b,1,5,0,0.08265893161296844,-0.0312749445438385,-0.8669484853744507,-0.00013521364708156804,0.0,-0.0,-0.0,-0.0,-0.00013521364708156804,0.0,0.0,0,
std005,0,KL0010,6684926c7289bd8432a31af5074bd32b85fff20f3961f66edf76fb6119b4b60b,1,5,0,0.0014237351715564728,-0.016704877838492393,-0.4129483997821808,-2.3291162196009126e-06,0.0,-0.0,-0.0,-0.0,-2.3291162196009126e-06,0.0,0.0,0,
std005,0,KL001,6684926c7289bd8432a31af5074bd32b85fff20f3961f66edf76fb6119b4b60b,2,10,0,-0.03498037904500961,-0.03950784355401993,-0.5295969247817993,-0.0003335912939547001,0.0,-0.0,-0.0,-0.0,-0.0003335912939547001,0.0,0.0,0,
std005,0,KL002,6684926c7289bd8432a31af5074bd32b85fff20f3961f66edf76fb6119b4b60b,2,10,0,0.007641125470399857,-0.014538059942424297,-0.22250996530056,-1.2492274582057515e-05,0.0,-0.0,-0.0,-0.0,-1.2492274582057515e-05,0.0,0.0,0,
std005,0,KL003,6684926c7289bd8432a31af5074bd32b85fff20f3961f66edf76fb6119b4b60b,2,10,0,0.09141550958156586,-0.02634982205927372,-0.10374269634485245,-0.00046780630967155064,0.0,-0.0,-0.0,-0.0,-0.00046780630967155064,0.0,0.0,0,
std005,0,KL004,6684926c7289bd8432a31af5074bd32b85fff20f3961f66edf76fb6119b4b60b,2,10,0,-0.002747228369116783,-0.057217083871364594,-0.530884861946106,-0.00046897376428508327,0.0,-0.0,-0.0,-0.0,-0.00046897376428508327,0.0,0.0,0,
std005,0,KL005,6684926c7289bd8432a31af5074bd32b85fff20f3961f66edf76fb6119b4b60b,2,10,0,0.08877893537282944,-0.07358375936746597,-1.043736219406128,-0.00014504051763327734,0.0,-0.0,-0.0,-0.0,-0.00014504051763327734,0.0,0.0,0,
std005,0,KL006,6684926c7289bd8432a31af5074bd32b85fff20f3961f66edf76fb6119b4b60b,2,10,0,0.046059004962444305,-0.015668822452425957,-0.32813337445259094,-0.0004700930212404461,0.0,-0.0,-0.0,-0.0,-0.0004700930212404461,0.0,0.0,0,
std005,0,KL007,6684926c7289bd8432a31af5074bd32b85fff20f3961f66edf76fb6119b4b60b,2,10,0,0.05079849064350128,-0.00017841625958681107,-0.02160794287919998,-8.314139804547036e-05,0.0,-0.0,-0.0,-0.0,-8.314139804547036e-05,0.0,0.0,0,
std005,0,KL008,6684926c7289bd8432a31af5074bd32b85fff20f3961f66edf76fb6119b4b60b,2,10,0,0.003737097606062889,-0.005408657714724541,-0.7186444997787476,-0.0003121166312734175,0.0,-0.0,-0.0,-0.0,-0.0003121166312734175,0.0,0.0,0,
std005,0,KL009,6684926c7289bd8432a31af5074bd32b85fff20f3961f66edf76fb6119b4b60b,2,10,0,0.08671923726797104,-0.02953939512372017,-0.947268009185791,-0.00014186118789731464,0.0,-0.0,-0.0,-0.0,-0.00014186118789731464,0.0,0.0,0,
std005,0,KL0010,6684926c7289bd8432a31af5074bd32b85fff20f3961f66edf76fb6119b4b60b,2,10,0,-0.0034218113869428635,-0.017868539318442345,-0.3605562150478363,-5.599324315433465e-06,0.0,-0.0,-0.0,-0.0,-5.599324315433465e-06,0.0,0.0,0,
std005,0,KL001,6684926c7289bd8432a31af5074bd32b85fff20f3961f66edf76fb6119b4b60b,3,15,0,-0.03504478186368942,-0.039263710379600525,-0.5424928069114685,-0.00033535277275867923,0.0,-0.0,-0.0,-0.0,-0.00033535277275867923,0.0,0.0,0,
std005,0,KL002,6684926c7289bd8432a31af5074bd32b85fff20f3961f66edf76fb6119b4b60b,3,15,0,0.009693384170532227,-0.0135724488645792,-0.22584743797779083,-1.5848127356769883e-05,0.0,-0.0,-0.0,-0.0,-1.5848127356769883e-05,0.0,0.0,0,
std005,0,KL003,6684926c7289bd8432a31af5074bd32b85fff20f3961f66edf76fb6119b4b60b,3,15,0,0.09245137870311737,-0.028099369257688522,-0.02369455248117447,-0.0006273046190792687,0.0,-0.0,-0.0,-0.0,-0.0006273046190792687,0.0,0.0,0,
std005,0,KL004,6684926c7289bd8432a31af5074bd32b85fff20f3961f66edf76fb6119b4b60b,3,15,0,-0.0010265400633215904,-0.05635037273168564,-0.5706387758255005,-0.0006273945377682971,0.0,-0.0,-0.0,-0.0,-0.0006273945377682971,0.0,0.0,0,
std005,0,KL005,6684926c7289bd8432a31af5074bd32b85fff20f3961f66edf76fb6119b4b60b,3,15,0,0.09079862385988235,-0.07221759855747223,-1.0920541286468506,-0.0001483432284067452,0.0,-0.0,-0.0,-0.0,-0.0001483432284067452,0.0,0.0,0,
std005,0,KL006,6684926c7289bd8432a31af5074bd32b85fff20f3961f66edf76fb6119b4b60b,3,15,0,0.04500679671764374,-0.016519395634531975,-0.3172909915447235,-0.000547526594947392,0.0,-0.0,-0.0,-0.0,-0.000547526594947392,0.0,0.0,0,
std005,0,KL007,6684926c7289bd8432a31af5074bd32b85fff20f3961f66edf76fb6119b4b60b,3,15,0,0.057254545390605927,-0.0013842815533280373,-0.02409956604242325,-9.371282035726418e-05,0.0,-0.0,-0.0,-0.0,-9.371282035726418e-05,0.0,0.0,0,
std005,0,KL008,6684926c7289bd8432a31af5074bd32b85fff20f3961f66edf76fb6119b4b60b,3,15,0,0.0023172199726104736,-0.005329364910721779,-0.747194766998291,-0.00031120003592157905,0.0,-0.0,-0.0,-0.0,-0.00031120003592157905,0.0,0.0,0,
std005,0,KL009,6684926c7289bd8432a31af5074bd32b85fff20f3961f66edf76fb6119b4b60b,3,15,0,0.09086043387651443,-0.030446002259850502,-0.9786957502365112,-0.000148641615760384,0.0,-0.0,-0.0,-0.0,-0.000148641615760384,0.0,0.0,0,
std005,0,KL0010,6684926c7289bd8432a31af5074bd32b85fff20f3961f66edf76fb6119b4b60b,3,15,0,0.01348152570426464,-0.0020389347337186337,-0.24164392054080963,-2.206002345121508e-05,0.0,-0.0,-0.0,-0.0,-2.206002345121508e-05,0.0,0.0,0,
std005,0,KL001,6684926c7289bd8432a31af5074bd32b85fff20f3961f66edf76fb6119b4b60b,4,20,0,-0.018371084704995155,-0.0469648614525795,-0.6592521071434021,-0.00030977662584110566,0.0,-0.0,-0.0,-0.0,-0.00030977662584110566,0.0,0.0,0,
std005,0,KL002,6684926c7289bd8432a31af5074bd32b85fff20f3961f66edf76fb6119b4b60b,4,20,0,0.011060619726777077,-0.013300994411110878,-0.22715172171592712,-1.8084207614985918e-05,0.0,-0.0,-0.0,-0.0,-1.8084207614985918e-05,0.0,0.0,0,
std005,0,KL003,6684926c7289bd8432a31af5074bd32b85fff20f3961f66edf76fb6119b4b60b,4,20,0,0.056981079280376434,-0.03822697699069977,0.10663079470396042,-0.0007879267758899548,0.0,-0.0,-0.0,-0.0,-0.0007879267758899548,0.0,0.0,0,
std005,0,KL004,6684926c7289bd8432a31af5074bd32b85fff20f3961f66edf76fb6119b4b60b,4,20,0,-0.009330008178949356,-0.0786529928445816,-0.5839664340019226,-0.0007866906704837742,0.0,-0.0,-0.0,-0.0,-0.0007866906704837742,0.0,0.0,0,
std005,0,KL005,6684926c7289bd8432a31af5074bd32b85fff20f3961f66edf76fb6119b4b60b,4,20,0,0.09198161214590073,-0.0715387836098671,-1.1263880729675293,-0.000150279166981869,0.0,-0.0,-0.0,-0.0,-0.000150279166981869,0.0,0.0,0,
std005,0,KL006,6684926c7289bd8432a31af5074bd32b85fff20f3961f66edf76fb6119b4b60b,4,20,0,0.058704592287540436,-0.013404915109276772,-0.288053423166275,-0.0005714596851751608,0.0,-0.0,-0.0,-0.0,-0.0005714596851751608,0.0,0.0,0,
std005,0,KL007,6684926c7289bd8432a31af5074bd32b85fff20f3961f66edf76fb6119b4b60b,4,20,0,0.06327980756759644,-0.0022829649969935417,-0.02921045571565628,-0.00010358024313686342,0.0,-0.0,-0.0,-0.0,-0.00010358024313686342,0.0,0.0,0,
std005,0,KL008,6684926c7289bd8432a31af5074bd32b85fff20f3961f66edf76fb6119b4b60b,4,20,0,-0.008980650454759598,-0.0015881219878792763,-0.7787747979164124,-0.00029418536365482135,0.0,-0.0,-0.0,-0.0,-0.00029418536365482135,0.0,0.0,0,
std005,0,KL009,6684926c7289bd8432a31af5074bd32b85fff20f3961f66edf76fb6119b4b60b,4,20,0,0.09355386346578598,-0.03137442097067833,-1.0023488998413086,-0.0001530542020853082,0.0,-0.0,-0.0,-0.0,-0.0001530542020853082,0.0,0.0,0,
std005,0,KL0010,6684926c7289bd8432a31af5074bd32b85fff20f3961f66edf76fb6119b4b60b,4,20,0,0.011660274118185043,-0.0027658971957862377,-0.20370908081531525,-1.9080857644562885e-05,0.0,-0.0,-0.0,-0.0,-1.9080857644562885e-05,0.0,0.0,0,
std005,0,KL001,6684926c7289bd8432a31af5074bd32b85fff20f3961f66edf76fb6119b4b60b,5,25,0,-0.016226908192038536,-0.05002180486917496,-0.6766551733016968,-0.00030799003273759373,0.0,-0.0,-0.0,-0.0,-0.00030799003273759373,0.0,0.0,0,
std005,0,KL002,6684926c7289bd8432a31af5074bd32b85fff20f3961f66edf76fb6119b4b60b,5,25,0,0.011819621548056602,-0.013097980059683323,-0.2243807315826416,-1.9325950464417676e-05,0.0,-0.0,-0.0,-0.0,-1.9325950464417676e-05,0.0,0.0,0,
std005,0,KL003,6684926c7289bd8432a31af5074bd32b85fff20f3961f66edf76fb6119b4b60b,5,25,0,0.05741240084171295,-0.04314299672842026,0.14926041662693024,-0.0009495822141158032,0.0,-0.0,-0.0,-0.0,-0.0009495822141158032,0.0,0.0,0,
std005,0,KL004,6684926c7289bd8432a31af5074bd32b85fff20f3961f66edf76fb6119b4b60b,5,25,0,-0.006188453175127506,-0.07637786865234375,-0.6132071614265442,-0.0009467869267591699,0.0,-0.0,-0.0,-0.0,-0.0009467869267591699,0.0,0.0,0,
std005,0,KL005,6684926c7289bd8432a31af5074bd32b85fff20f3961f66edf76fb6119b4b60b,5,25,0,0.09282461553812027,-0.07135982811450958,-1.1458005905151367,-0.0001516597649517449,0.0,-0.0,-0.0,-0.0,-0.0001516597649517449,0.0,0.0,0,
std005,0,KL006,6684926c7289bd8432a31af5074bd32b85fff20f3961f66edf76fb6119b4b60b,5,25,0,0.05942009389400482,-0.011507494375109673,-0.22880657017230988,-0.000573798947000346,0.0,-0.0,-0.0,-0.0,-0.000573798947000346,0.0,0.0,0,
std005,0,KL007,6684926c7289bd8432a31af5074bd32b85fff20f3961f66edf76fb6119b4b60b,5,25,0,0.07465129345655441,-0.004984768107533455,-0.01916567236185074,-0.00012219987576728999,0.0,-0.0,-0.0,-0.0,-0.00012219987576728999,0.0,0.0,0,
std005,0,KL008,6684926c7289bd8432a31af5074bd32b85fff20f3961f66edf76fb6119b4b60b,5,25,0,-0.01244922075420618,0.004748964682221413,-0.7785106301307678,-0.0002900266980153535,0.0,-0.0,-0.0,-0.0,-0.0002900266980153535,0.0,0.0,0,
std005,0,KL009,6684926c7289bd8432a31af5074bd32b85fff20f3961f66edf76fb6119b4b60b,5,25,0,0.08970141410827637,-0.030003217980265617,-1.0045223236083984,-0.00014675827083371579,0.0,-0.0,-0.0,-0.0,-0.00014675827083371579,0.0,0.0,0,
std005,0,KL0010,6684926c7289bd8432a31af5074bd32b85fff20f3961f66edf76fb6119b4b60b,5,25,0,0.02992764674127102,-0.017447181046009064,-0.18954625725746155,-4.8976539098178465e-05,0.0,-0.0,-0.0,-0.0,-4.8976539098178465e-05,0.0,0.0,0,
std005,0,KL001,6684926c7289bd8432a31af5074bd32b85fff20f3961f66edf76fb6119b4b60b,6,30,0,-0.002429288811981678,-0.04201573133468628,-0.5984152555465698,-0.0002871784665413334,0.0,-0.0,-0.0,-0.0,-0.0002871784665413334,0.0,0.0,0,
std005,0,KL002,6684926c7289bd8432a31af5074bd32b85fff20f3961f66edf76fb6119b4b60b,6,30,0,0.011705519631505013,-0.013410390354692936,-0.2199123352766037,-1.9140134881855725e-05,0.0,-0.0,-0.0,-0.0,-1.9140134881855725e-05,0.0,0.0,0,
std005,0,KL003,6684926c7289bd8432a31af5074bd32b85fff20f3961f66edf76fb6119b4b60b,6,30,0,0.05649860203266144,-0.04775562137365341,0.17241345345973969,-0.0011121509087747658,0.0,-0.0,-0.0,-0.0,-0.0011121509087747658,0.0,0.0,0,
std005,0,KL004,6684926c7289bd8432a31af5074bd32b85fff20f3961f66edf76fb6119b4b60b,6,30,0,-0.00470723956823349,-0.07254448533058167,-0.6387040019035339,-0.0009688769001359584,0.0,-0.0,-0.0,-0.0,-0.0009688769001359584,0.0,0.0,0,
std005,0,KL005,6684926c7289bd8432a31af5074bd32b85fff20f3961f66edf76fb6119b4b60b,6,30,0,0.09304965287446976,-0.07156093418598175,-1.1577675342559814,-0.00015203083021449976,0.0,-0.0,-0.0,-0.0,-0.00015203083021449976,0.0,0.0,0,
std005,0,KL006,6684926c7289bd8432a31af5074bd32b85fff20f3961f66edf76fb6119b4b60b,6,30,0,0.06065364181995392,-0.010024632327258587,-0.2053438425064087,-0.0005769636069932029,0.0,-0.0,-0.0,-0.0,-0.0005769636069932029,0.0,0.0,0,
std005,0,KL007,6684926c7289bd8432a31af5074bd32b85fff20f3961f66edf76fb6119b4b60b,6,30,0,0.08569581061601639,-0.008490629494190216,-0.011647799052298069,-0.000140286051943629,0.0,-0.0,-0.0,-0.0,-0.000140286051943629,0.0,0.0,0,
std005,0,KL008,6684926c7289bd8432a31af5074bd32b85fff20f3961f66edf76fb6119b4b60b,6,30,0,-0.013373460620641708,0.009349845349788666,-0.7703992128372192,-0.0002900554535244435,0.0,-0.0,-0.0,-0.0,-0.0002900554535244435,0.0,0.0,0,
std005,0,KL009,6684926c7289bd8432a31af5074bd32b85fff20f3961f66edf76fb6119b4b60b,6,30,0,0.08835356682538986,-0.030022060498595238,-1.0039180517196655,-0.00014455954907900158,0.0,-0.0,-0.0,-0.0,-0.00014455954907900158,0.0,0.0,0,
std005,0,KL0010,6684926c7289bd8432a31af5074bd32b85fff20f3961f66edf76fb6119b4b60b,6,30,0,0.030367640778422356,-0.016544310376048088,-0.18492037057876587,-4.969920153943942e-05,0.0,-0.0,-0.0,-0.0,-4.969920153943942e-05,0.0,0.0,0,
std005,0,KL001,6684926c7289bd8432a31af5074bd32b85fff20f3961f66edf76fb6119b4b60b,7,35,0,-0.0015917904675006866,-0.04343736171722412,-0.597517728805542,-0.00028759080889699464,0.0,-0.0,-0.0,-0.0,-0.00028759080889699464,0.0,0.0,0,
std005,0,KL002,6684926c7289bd8432a31af5074bd32b85fff20f3961f66edf76fb6119b4b60b,7,35,0,0.011527832597494125,-0.01342197135090828,-0.21158364415168762,-1.8850339247071936e-05,0.0,-0.0,-0.0,-0.0,-1.8850339247071936e-05,0.0,0.0,0,
std005,0,KL003,6684926c7289bd8432a31af5074bd32b85fff20f3961f66edf76fb6119b4b60b,7,35,0,0.08750550448894501,-0.03575584292411804,0.1978529840707779,-0.0012754306403076439,0.0,-0.0,-0.0,-0.0,-0.0012754306403076439,0.0,0.0,0,
std005,0,KL004,6684926c7289bd8432a31af5074bd32b85fff20f3961f66edf76fb6119b4b60b,7,35,0,-0.005901080556213856,-0.07123525440692902,-0.6351738572120667,-0.0009745530419089544,0.0,-0.0,-0.0,-0.0,-0.0009745530419089544,0.0,0.0,0,
std005,0,KL005,6684926c7289bd8432a31af5074bd32b85fff20f3961f66edf76fb6119b4b60b,7,35,0,0.09290504455566406,-0.07104267179965973,-1.171363353729248,-0.00015179798994651719,0.0,-0.0,-0.0,-0.0,-0.00015179798994651719,0.0,0.0,0,
std005,0,KL006,6684926c7289bd8432a31af5074bd32b85fff20f3961f66edf76fb6119b4b60b,7,35,0,0.062312155961990356,-0.009212600998580456,-0.20488327741622925,-0.0005807908382306549,0.0,-0.0,-0.0,-0.0,-0.0005807908382306549,0.0,0.0,0,
std005,0,KL007,6684926c7289bd8432a31af5074bd32b85fff20f3961f66edf76fb6119b4b60b,7,35,0,0.0912821814417839,-0.010431336238980293,0.010197869502007961,-0.0001494389157874937,0.0,-0.0,-0.0,-0.0,-0.0001494389157874937,0.0,0.0,0,
std005,0,KL008,6684926c7289bd8432a31af5074bd32b85fff20f3961f66edf76fb6119b4b60b,7,35,0,-0.011408036574721336,0.013173464685678482,-0.7601824402809143,-0.0002948209023781165,0.0,-0.0,-0.0,-0.0,-0.0002948209023781165,0.0,0.0,0,
std005,0,KL009,6684926c7289bd8432a31af5074bd32b85fff20f3961f66edf76fb6119b4b60b,7,35,0,0.08701393753290176,-0.028641263023018837,-1.0096311569213867,-0.0001423742005407588,0.0,-0.0,-0.0,-0.0,-0.0001423742005407588,0.0,0.0,0,
std005,0,KL0010,6684926c7289bd8432a31af5074bd32b85fff20f3961f66edf76fb6119b4b60b,7,35,0,0.029462944716215134,-0.015509815886616707,-0.18923106789588928,-4.82211676367918e-05,0.0,-0.0,-0.0,-0.0,-4.82211676367918e-05,0.0,0.0,0,
std005,0,KL001,6684926c7289bd8432a31af5074bd32b85fff20f3961f66edf76fb6119b4b60b,8,40,0,-0.001404852606356144,-0.043559372425079346,-0.5948479175567627,-0.0002890886566090512,0.0,-0.0,-0.0,-0.0,-0.0002890886566090512,0.0,0.0,0,
std005,0,KL002,6684926c7289bd8432a31af5074bd32b85fff20f3961f66edf76fb6119b4b60b,8,40,0,0.011244729161262512,-0.013658166863024235,-0.20165038108825684,-1.8388139510582276e-05,0.0,-0.0,-0.0,-0.0,-1.8388139510582276e-05,0.0,0.0,0,
std005,0,KL003,6684926c7289bd8432a31af5074bd32b85fff20f3961f66edf76fb6119b4b60b,8,40,0,0.08564784377813339,-0.03999403119087219,0.2080703228712082,-0.0014392543136059325,0.0,-0.0,-0.0,-0.0,-0.0014392543136059325,0.0,0.0,0,
std005,0,KL004,6684926c7289bd8432a31af5074bd32b85fff20f3961f66edf76fb6119b4b60b,8,40,0,-0.0071836551651358604,-0.06996454298496246,-0.6301928162574768,-0.0009803613732339074,0.0,-0.0,-0.0,-0.0,-0.0009803613732339074,0.0,0.0,0,
std005,0,KL005,6684926c7289bd8432a31af5074bd32b85fff20f3961f66edf76fb6119b4b60b,8,40,0,0.09255608171224594,-0.07048666477203369,-1.185502290725708,-0.00015123127932850083,0.0,-0.0,-0.0,-0.0,-0.00015123127932850083,0.0,0.0,0,
std005,0,KL006,6684926c7289bd8432a31af5074bd32b85fff20f3961f66edf76fb6119b4b60b,8,40,0,0.06310494244098663,-0.008369263261556625,-0.2097410410642624,-0.0005831656025328159,0.0,-0.0,-0.0,-0.0,-0.0005831656025328159,0.0,0.0,0,
std005,0,KL007,6684926c7289bd8432a31af5074bd32b85fff20f3961f66edf76fb6119b4b60b,8,40,0,0.0918143168091774,-0.010621242225170135,0.019125722348690033,-0.0001503184978221648,0.0,-0.0,-0.0,-0.0,-0.0001503184978221648,0.0,0.0,0,
std005,0,KL008,6684926c7289bd8432a31af5074bd32b85fff20f3961f66edf76fb6119b4b60b,8,40,0,-0.009200667962431908,0.015988295897841454,-0.7545777559280396,-0.0002999849618749028,0.0,-0.0,-0.0,-0.0,-0.0002999849618749028,0.0,0.0,0,
std005,0,KL009,6684926c7289bd8432a31af5074bd32b85fff20f3961f66edf76fb6119b4b60b,8,40,0,0.08521238714456558,-0.027159029617905617,-1.0159286260604858,-0.0001394329635650557,0.0,-0.0,-0.0,-0.0,-0.0001394329635650557,0.0,0.0,0,
std005,0,KL0010,6684926c7289bd8432a31af5074bd32b85fff20f3961f66edf76fb6119b4b60b,8,40,0,0.028456151485443115,-0.014593429863452911,-0.19326211512088776,-4.657590796601784e-05,0.0,-0.0,-0.0,-0.0,-4.657590796601784e-05,0.0,0.0,0,
std005,0,KL001,6684926c7289bd8432a31af5074bd32b85fff20f3961f66edf76fb6119b4b60b,9,45,0,-0.01006585918366909,-0.04485127329826355,-0.5457562208175659,-0.00030507149773226813,0.0,-0.0,-0.0,-0.0,-0.00030507149773226813,0.0,0.0,0,
std005,0,KL002,6684926c7289bd8432a31af5074bd32b85fff20f3961f66edf76fb6119b4b60b,9,45,0,0.01097838394343853,-0.014175057411193848,-0.19026562571525574,-1.7953321554749738e-05,0.0,-0.0,-0.0,-0.0,-1.7953321554749738e-05,0.0,0.0,0,
std005,0,KL003,6684926c7289bd8432a31af5074bd32b85fff20f3961f66edf76fb6119b4b60b,9,45,0,0.08207710087299347,-0.045017316937446594,0.2180839329957962,-0.0015016637488319568,0.0,-0.0,-0.0,-0.0,-0.0015016637488319568,0.0,0.0,0,
std005,0,KL004,6684926c7289bd8432a31af5074bd32b85fff20f3961f66edf76fb6119b4b60b,9,45,0,-0.008184973150491714,-0.0684599056839943,-0.6253088712692261,-0.0009856961758504393,0.0,-0.0,-0.0,-0.0,-0.0009856961758504393,0.0,0.0,0,
std005,0,KL005,6684926c7289bd8432a31af5074bd32b85fff20f3961f66edf76fb6119b4b60b,9,45,0,0.05360747128725052,-0.047587111592292786,-0.9097026586532593,-8.763405785318472e-05,0.0,-0.0,-0.0,-0.0,-8.763405785318472e-05,0.0,0.0,0,
std005,0,KL006,6684926c7289bd8432a31af5074bd32b85fff20f3961f66edf76fb6119b4b60b,9,45,0,0.08506565541028976,-0.011861314065754414,-0.2403796911239624,-0.0006200385182678267,0.0,-0.0,-0.0,-0.0,-0.0006200385182678267,0.0,0.0,0,
std005,0,KL007,6684926c7289bd8432a31af5074bd32b85fff20f3961f66edf76fb6119b4b60b,9,45,0,0.09247840940952301,-0.011070651933550835,0.028517983853816986,-0.00015141434862347554,0.0,-0.0,-0.0,-0.0,-0.00015141434862347554,0.0,0.0,0,
std005,0,KL008,6684926c7289bd8432a31af5074bd32b85fff20f3961f66edf76fb6119b4b60b,9,45,0,-0.007127058692276478,0.018287522718310356,-0.7512696981430054,-0.00030493288720564033,0.0,-0.0,-0.0,-0.0,-0.00030493288720564033,0.0,0.0,0,
std005,0,KL009,6684926c7289bd8432a31af5074bd32b85fff20f3961f66edf76fb6119b4b60b,9,45,0,0.09725115448236465,-0.03623717278242111,-1.0212314128875732,-0.00015913809077975247,0.0,-0.0,-0.0,-0.0,-0.00015913809077975247,0.0,0.0,0,
std005,0,KL0010,6684926c7289bd8432a31af5074bd32b85fff20f3961f66edf76fb6119b4b60b,9,45,0,0.02748563326895237,-0.013586312532424927,-0.19613641500473022,-4.498989026920605e-05,0.0,-0.0,-0.0,-0.0,-4.498989026920605e-05,0.0,0.0,0,
std005,0,KL001,6684926c7289bd8432a31af5074bd32b85fff20f3961f66edf76fb6119b4b60b,10,50,0,-0.010538974776864052,-0.042662277817726135,-0.5436913371086121,-0.0003076781147475986,0.0,-0.0,-0.0,-0.0,-0.0003076781147475986,0.0,0.0,0,
std005,0,KL002,6684926c7289bd8432a31af5074bd32b85fff20f3961f66edf76fb6119b4b60b,10,50,0,0.012952612712979317,-0.02404186688363552,-0.1904783546924591,-2.1182725248379694e-05,0.0,-0.0,-0.0,-0.0,-2.1182725248379694e-05,0.0,0.0,0,
std005,0,KL003,6684926c7289bd8432a31af5074bd32b85fff20f3961f66edf76fb6119b4b60b,10,50,0,0.09470801055431366,-0.05356471240520477,0.21238748729228973,-0.0015265766818400486,0.0,-0.0,-0.0,-0.0,-0.0015265766818400486,0.0,0.0,0,
std005,0,KL004,6684926c7289bd8432a31af5074bd32b85fff20f3961f66edf76fb6119b4b60b,10,50,0,-0.009376995265483856,-0.06777925044298172,-0.6125524044036865,-0.0009913315187343886,0.0,-0.0,-0.0,-0.0,-0.0009913315187343886,0.0,0.0,0,
std005,0,KL005,6684926c7289bd8432a31af5074bd32b85fff20f3961f66edf76fb6119b4b60b,10,50,0,0.05157367140054703,-0.04818439483642578,-0.9175230860710144,-8.427391026396628e-05,0.0,-0.0,-0.0,-0.0,-8.427391026396628e-05,0.0,0.0,0,
std005,0,KL006,6684926c7289bd8432a31af5074bd32b85fff20f3961f66edf76fb6119b4b60b,10,50,0,0.08282197266817093,-0.011876395903527737,-0.21344000101089478,-0.0006169924926350115,0.0,-0.0,-0.0,-0.0,-0.0006169924926350115,0.0,0.0,0,
std005,0,KL007,6684926c7289bd8432a31af5074bd32b85fff20f3961f66edf76fb6119b4b60b,10,50,0,0.09288901835680008,-0.01176711916923523,0.042889051139354706,-0.00015209541127772036,0.0,-0.0,-0.0,-0.0,-0.00015209541127772036,0.0,0.0,0,
std005,0,KL008,6684926c7289bd8432a31af5074bd32b85fff20f3961f66edf76fb6119b4b60b,10,50,0,0.005865219049155712,0.018546534702181816,-0.8671562671661377,-0.00032770271157351406,0.0,-0.0,-0.0,-0.0,-0.00032770271157351406,0.0,0.0,1,179.68861389160156
std005,0,KL009,6684926c7289bd8432a31af5074bd32b85fff20f3961f66edf76fb6119b4b60b,10,50,0,0.10121350735425949,-0.03349466621875763,-1.1617931127548218,-0.00016562911951180904,0.0,-0.0,-0.0,-0.0,-0.00016562911951180904,0.0,0.0,1,179.68861389160156
std005,0,KL0010,6684926c7289bd8432a31af5074bd32b85fff20f3961f66edf76fb6119b4b60b,10,50,0,0.0277155339717865,-0.01218663714826107,-0.19332577288150787,-4.5368763166635874e-05,0.0,-0.0,-0.0,-0.0,-4.5368763166635874e-05,0.0,0.0,0,
std005,0,KL001,6684926c7289bd8432a31af5074bd32b85fff20f3961f66edf76fb6119b4b60b,11,55,0,-0.0230348352342844,-0.05175779014825821,-0.6320253610610962,-0.0003299590179719531,0.0,-0.0,-0.0,-0.0,-0.0003299590179719531,0.0,0.0,0,
std005,0,KL002,6684926c7289bd8432a31af5074bd32b85fff20f3961f66edf76fb6119b4b60b,11,55,0,0.012824706733226776,-0.024081354960799217,-0.1867782026529312,-2.0974389041150382e-05,0.0,-0.0,-0.0,-0.0,-2.0974389041150382e-05,0.0,0.0,0,
std005,0,KL003,6684926c7289bd8432a31af5074bd32b85fff20f3961f66edf76fb6119b4b60b,11,55,0,0.09376750141382217,-0.05413484573364258,0.2118699699640274,-0.0015286853402795117,0.0,-0.0,-0.0,-0.0,-0.0015286853402795117,0.0,0.0,0,
std005,0,KL004,6684926c7289bd8432a31af5074bd32b85fff20f3961f66edf76fb6119b4b60b,11,55,0,-0.009926751255989075,-0.0677688792347908,-0.6048386096954346,-0.0009959050457952578,0.0,-0.0,-0.0,-0.0,-0.0009959050457952578,0.0,0.0,0,
std005,0,KL005,6684926c7289bd8432a31af5074bd32b85fff20f3961f66edf76fb6119b4b60b,11,55,0,0.05715849995613098,-0.0710740014910698,-0.8595359325408936,-9.340191717171578e-05,0.0,-0.0,-0.0,-0.0,-9.340191717171578e-05,0.0,0.0,0,
std005,0,KL006,6684926c7289bd8432a31af5074bd32b85fff20f3961f66edf76fb6119b4b60b,11,55,0,0.08006568998098373,-0.011153114028275013,-0.22377744317054749,-0.0006131236295367483,0.0,-0.0,-0.0,-0.0,-0.0006131236295367483,0.0,0.0,0,
std005,0,KL007,6684926c7289bd8432a31af5074bd32b85fff20f3961f66edf76fb6119b4b60b,11,55,0,0.0929843857884407,-0.011916488409042358,0.04889719933271408,-0.00015226050820712133,0.0,-0.0,-0.0,-0.0,-0.00015226050820712133,0.0,0.0,0,
std005,0,KL008,6684926c7289bd8432a31af5074bd32b85fff20f3961f66edf76fb6119b4b60b,11,55,0,0.0061729466542601585,0.016963070258498192,-0.9052662253379822,-0.00032970321515386536,0.0,-0.0,-0.0,-0.0,-0.00032970321515386536,0.0,0.0,1,170.37049865722656
std005,0,KL009,6684926c7289bd8432a31af5074bd32b85fff20f3961f66edf76fb6119b4b60b,11,55,0,0.1012929230928421,-0.03264256566762924,-1.1836411952972412,-0.00016576678510601993,0.0,-0.0,-0.0,-0.0,-0.00016576678510601993,0.0,0.0,1,170.37049865722656
std005,0,KL0010,6684926c7289bd8432a31af5074bd32b85fff20f3961f66edf76fb6119b4b60b,11,55,0,0.026790495961904526,-0.01163429394364357,-0.18900416791439056,-4.385704877534421e-05,0.0,-0.0,-0.0,-0.0,-4.385704877534421e-05,0.0,0.0,0,
std005,0,KL001,6684926c7289bd8432a31af5074bd32b85fff20f3961f66edf76fb6119b4b60b,12,60,0,-0.023973753675818443,-0.050732262432575226,-0.6435690522193909,-0.0003333486479210869,0.0,-0.0,-0.0,-0.0,-0.0003333486479210869,0.0,0.0,0,
std005,0,KL002,6684926c7289bd8432a31af5074bd32b85fff20f3961f66edf76fb6119b4b60b,12,60,0,0.012600339949131012,-0.024095701053738594,-0.1825132519006729,-2.0608280115737968e-05,0.0,-0.0,-0.0,-0.0,-2.0608280115737968e-05,0.0,0.0,0,
std005,0,KL003,6684926c7289bd8432a31af5074bd32b85fff20f3961f66edf76fb6119b4b60b,12,60,0,0.09342294186353683,-0.05390109866857529,0.2108156532049179,-0.0015316998352940135,0.0,-0.0,-0.0,-0.0,-0.0015316998352940135,0.0,0.0,0,
std005,0,KL004,6684926c7289bd8432a31af5074bd32b85fff20f3961f66edf76fb6119b4b60b,12,60,0,-0.010386628098785877,-0.06796309351921082,-0.5985018610954285,-0.0010003307009841915,0.0,-0.0,-0.0,-0.0,-0.0010003307009841915,0.0,0.0,0,
std005,0,KL005,6684926c7289bd8432a31af5074bd32b85fff20f3961f66edf76fb6119b4b60b,12,60,0,0.057030946016311646,-0.07134460657835007,-0.8716050386428833,-9.319571854600098e-05,0.0,-0.0,-0.0,-0.0,-9.319571854600098e-05,0.0,0.0,0,
std005,0,KL006,6684926c7289bd8432a31af5074bd32b85fff20f3961f66edf76fb6119b4b60b,12,60,0,0.07900726050138474,-0.01055654976516962,-0.2152000069618225,-0.0006120585807979533,0.0,-0.0,-0.0,-0.0,-0.0006120585807979533,0.0,0.0,0,
std005,0,KL007,6684926c7289bd8432a31af5074bd32b85fff20f3961f66edf76fb6119b4b60b,12,60,0,0.09412378817796707,-0.01229831576347351,0.05184271186590195,-0.0001541353148633052,0.0,-0.0,-0.0,-0.0,-0.0001541353148633052,0.0,0.0,0,
std005,0,KL008,6684926c7289bd8432a31af5074bd32b85fff20f3961f66edf76fb6119b4b60b,12,60,0,0.005428275093436241,0.017998239025473595,-0.9161843061447144,-0.0003299986114348356,0.0,-0.0,-0.0,-0.0,-0.0003299986114348356,0.0,0.0,1,165.46829223632812
std005,0,KL009,6684926c7289bd8432a31af5074bd32b85fff20f3961f66edf76fb6119b4b60b,12,60,0,0.10084468871355057,-0.032167285680770874,-1.1888067722320557,-0.00016504106249466772,0.0,-0.0,-0.0,-0.0,-0.00016504106249466772,0.0,0.0,1,165.46829223632812
std005,0,KL0010,6684926c7289bd8432a31af5074bd32b85fff20f3961f66edf76fb6119b4b60b,12,60,0,0.054669782519340515,-0.020587658509612083,-0.2278885543346405,-8.947991199779697e-05,0.0,-0.0,-0.0,-0.0,-8.947991199779697e-05,0.0,0.0,0,
std005,0,KL001,6684926c7289bd8432a31af5074bd32b85fff20f3961f66edf76fb6119b4b60b,13,65,0,-0.024194441735744476,-0.050694823265075684,-0.6516587138175964,-0.0003355840200696137,0.0,-0.0,-0.0,-0.0,-0.0003355840200696137,0.0,0.0,0,
std005,0,KL002,6684926c7289bd8432a31af5074bd32b85fff20f3961f66edf76fb6119b4b60b,13,65,0,0.01237998716533184,-0.024800153449177742,-0.1798700988292694,-2.0248712355060153e-05,0.0,-0.0,-0.0,-0.0,-2.0248712355060153e-05,0.0,0.0,0,
std005,0,KL003,6684926c7289bd8432a31af5074bd32b85fff20f3961f66edf76fb6119b4b60b,13,65,0,0.053724974393844604,-0.05488228052854538,0.20322786271572113,-0.0014706419588479593,0.0,-0.0,-0.0,-0.0,-0.0014706419588479593,0.0,0.0,0,
std005,0,KL004,6684926c7289bd8432a31af5074bd32b85fff20f3961f66edf76fb6119b4b60b,13,65,0,-0.011154423467814922,-0.06850544363260269,-0.5892654657363892,-0.0010052578810475284,0.0,-0.0,-0.0,-0.0,-0.0010052578810475284,0.0,0.0,0,
std005,0,KL005,6684926c7289bd8432a31af5074bd32b85fff20f3961f66edf76fb6119b4b60b,13,65,0,0.069125235080719,-0.07263648509979248,-1.0143251419067383,-0.00011296166173194005,0.0,-0.0,-0.0,-0.0,-0.00011296166173194005,0.0,0.0,1,178.30604553222656
std005,0,KL006,6684926c7289bd8432a31af5074bd32b85fff20f3961f66edf76fb6119b4b60b,13,65,0,0.07652026414871216,-0.010680784471333027,-0.1930638551712036,-0.000608662957396639,0.0,-0.0,-0.0,-0.0,-0.000608662957396639,0.0,0.0,0,
std005,0,KL007,6684926c7289bd8432a31af5074bd32b85fff20f3961f66edf76fb6119b4b60b,13,65,0,0.09503138810396194,-0.012611445039510727,0.05972271412611008,-0.0001556309278678533,0.0,-0.0,-0.0,-0.0,-0.0001556309278678533,0.0,0.0,0,
std005,0,KL008,6684926c7289bd8432a31af5074bd32b85fff20f3961f66edf76fb6119b4b60b,13,65,0,0.014586534351110458,0.014798666350543499,-0.956779956817627,-0.00034647556263414745,0.0,-0.0,-0.0,-0.0,-0.00034647556263414745,0.0,0.0,2,160.8982391357422
std005,0,KL009,6684926c7289bd8432a31af5074bd32b85fff20f3961f66edf76fb6119b4b60b,13,65,0,0.10093792527914047,-0.031871497631073,-1.2065701484680176,-0.00016520155457864212,0.0,-0.0,-0.0,-0.0,-0.00016520155457864212,0.0,0.0,1,160.8982391357422
std005,0,KL0010,6684926c7289bd8432a31af5074bd32b85fff20f3961f66edf76fb6119b4b60b,13,65,0,0.05751100182533264,-0.02137128636240959,-0.2079095095396042,-9.415800658248255e-05,0.0,-0.0,-0.0,-0.0,-9.415800658248255e-05,0.0,0.0,0,
std005,0,KL001,6684926c7289bd8432a31af5074bd32b85fff20f3961f66edf76fb6119b4b60b,14,70,0,-0.023561662063002586,-0.05163978785276413,-0.656662106513977,-0.00033644546571725816,0.0,-0.0,-0.0,-0.0,-0.00033644546571725816,0.0,0.0,0,
std005,0,KL002,6684926c7289bd8432a31af5074bd32b85fff20f3961f66edf76fb6119b4b60b,14,70,0,0.013147547841072083,-0.024320663884282112,-0.17552368342876434,-2.1505046510011884e-05,0.0,-0.0,-0.0,-0.0,-2.1505046510011884e-05,0.0,0.0,0,
std005,0,KL003,6684926c7289bd8432a31af5074bd32b85fff20f3961f66edf76fb6119b4b60b,14,70,0,0.05302250385284424,-0.05147556960582733,0.2046755999326706,-0.0014744319238394824,0.0,-0.0,-0.0,-0.0,-0.0014744319238394824,0.0,0.0,0,
std005,0,KL004,6684926c7289bd8432a31af5074bd32b85fff20f3961f66edf76fb6119b4b60b,14,70,0,-0.011450088582932949,-0.06950697302818298,-0.5815273523330688,-0.001009407590068723,0.0,-0.0,-0.0,-0.0,-0.001009407590068723,0.0,0.0,0,
std005,0,KL005,6684926c7289bd8432a31af5074bd32b85fff20f3961f66edf76fb6119b4b60b,14,70,0,0.069402776658535,-0.07210906594991684,-1.0390076637268066,-0.00011341794298444273,0.0,-0.0,-0.0,-0.0,-0.00011341794298444273,0.0,0.0,1,172.615966796875
std005,0,KL006,6684926c7289bd8432a31af5074bd32b85fff20f3961f66edf76fb6119b4b60b,14,70,0,0.07424121350049973,-0.010647055692970753,-0.18468250334262848,-0.000605637088949765,0.0,-0.0,-0.0,-0.0,-0.000605637088949765,0.0,0.0,0,
std005,0,KL007,6684926c7289bd8432a31af5074bd32b85fff20f3961f66edf76fb6119b4b60b,14,70,0,0.09527717530727386,-0.01268407329916954,0.062365494668483734,-0.00015604298431037134,0.0,-0.0,-0.0,-0.0,-0.00015604298431037134,0.0,0.0,0,
std005,0,KL008,6684926c7289bd8432a31af5074bd32b85fff20f3961f66edf76fb6119b4b60b,14,70,0,0.04269726574420929,-0.0088206110522151,-0.9906612634658813,-0.0003938208980549213,0.0,-0.0,-0.0,-0.0,-0.0003938208980549213,0.0,0.0,2,153.76644897460938
std005,0,KL009,6684926c7289bd8432a31af5074bd32b85fff20f3961f66edf76fb6119b4b60b,14,70,0,0.10047978162765503,-0.030669666826725006,-1.2186486721038818,-0.00016445978949526882,0.0,-0.0,-0.0,-0.0,-0.00016445978949526882,0.0,0.0,1,153.76644897460938
std005,0,KL0010,6684926c7289bd8432a31af5074bd32b85fff20f3961f66edf76fb6119b4b60b,14,70,0,0.058159589767456055,-0.02129853330552578,-0.20694847404956818,-9.52253912239895e-05,0.0,-0.0,-0.0,-0.0,-9.52253912239895e-05,0.0,0.0,0,
std005,0,KL001,6684926c7289bd8432a31af5074bd32b85fff20f3961f66edf76fb6119b4b60b,15,75,0,-0.023635121062397957,-0.05210044980049133,-0.6626445651054382,-0.00033848464737424325,0.0,-0.0,-0.0,-0.0,-0.00033848464737424325,0.0,0.0,0,
std005,0,KL002,6684926c7289bd8432a31af5074bd32b85fff20f3961f66edf76fb6119b4b60b,15,75,0,0.013106083497405052,-0.023701537400484085,-0.16840727627277374,-2.143812973939393e-05,0.0,-0.0,-0.0,-0.0,-2.143812973939393e-05,0.0,0.0,0,
std005,0,KL003,6684926c7289bd8432a31af5074bd32b85fff20f3961f66edf76fb6119b4b60b,15,75,0,0.052181340754032135,-0.05064312368631363,0.204063281416893,-0.0014782162892928443,0.0,-0.0,-0.0,-0.0,-0.0014782162892928443,0.0,0.0,0,
std005,0,KL004,6684926c7289bd8432a31af5074bd32b85fff20f3961f66edf76fb6119b4b60b,15,75,0,-0.0024997759610414505,-0.059493646025657654,-0.8640779256820679,-0.0009985012319716506,0.0,-0.0,-0.0,-0.0,-0.0009985012319716506,0.0,0.0,1,57.41944885253906
std005,0,KL005,6684926c7289bd8432a31af5074bd32b85fff20f3961f66edf76fb6119b4b60b,15,75,0,0.06911497563123703,-0.07236236333847046,-1.0616322755813599,-0.00011295040046449785,0.0,-0.0,-0.0,-0.0,-0.00011295040046449785,0.0,0.0,1,166.16453552246094
std005,0,KL006,6684926c7289bd8432a31af5074bd32b85fff20f3961f66edf76fb6119b4b60b,15,75,0,0.07036946713924408,-0.008563474752008915,-0.17263738811016083,-0.000600040498311785,0.0,-0.0,-0.0,-0.0,-0.000600040498311785,0.0,0.0,0,
std005,0,KL007,6684926c7289bd8432a31af5074bd32b85fff20f3961f66edf76fb6119b4b60b,15,75,0,0.08982781320810318,-0.007260150276124477,-0.13052991032600403,-0.00014712797608393237,0.0,-0.0,-0.0,-0.0,-0.00014712797608393237,0.0,0.0,1,57.41944885253906
std005,0,KL008,6684926c7289bd8432a31af5074bd32b85fff20f3961f66edf76fb6119b4b60b,15,75,0,0.042516984045505524,-0.008009008131921291,-0.9972226619720459,-0.0003948514344228696,0.0,-0.0,-0.0,-0.0,-0.0003948514344228696,0.0,0.0,2,143.23204040527344
std005,0,KL009,6684926c7289bd8432a31af5074bd32b85fff20f3961f66edf76fb6119b4b60b,15,75,0,0.10026045888662338,-0.029902799054980278,-1.239014983177185,-0.00016410896329041255,0.0,-0.0,-0.0,-0.0,-0.00016410896329041255,0.0,0.0,1,143.23204040527344
std005,0,KL0010,6684926c7289bd8432a31af5074bd32b85fff20f3961f66edf76fb6119b4b60b,15,75,0,0.057335592806339264,-0.020404895767569542,-0.20586730539798737,-9.388183162468983e-05,0.0,-0.0,-0.0,-0.0,-9.388183162468983e-05,0.0,0.0,0,
std005,0,KL001,6684926c7289bd8432a31af5074bd32b85fff20f3961f66edf76fb6119b4b60b,16,80,0,-0.023749761283397675,-0.05249731242656708,-0.6710158586502075,-0.00034061343294363404,0.0,-0.0,-0.0,-0.0,-0.00034061343294363404,0.0,0.0,0,
std005,0,KL002,6684926c7289bd8432a31af5074bd32b85fff20f3961f66edf76fb6119b4b60b,16,80,0,0.012734310701489449,-0.023621603846549988,-0.16205477714538574,-2.0830897053784853e-05,0.0,-0.0,-0.0,-0.0,-2.0830897053784853e-05,0.0,0.0,0,
std005,0,KL003,6684926c7289bd8432a31af5074bd32b85fff20f3961f66edf76fb6119b4b60b,16,80,0,0.05165436863899231,-0.05046390742063522,0.20360131561756134,-0.0014824853205468525,0.0,-0.0,-0.0,-0.0,-0.0014824853205468525,0.0,0.0,0,
std005,0,KL004,6684926c7289bd8432a31af5074bd32b85fff20f3961f66edf76fb6119b4b60b,16,80,0,0.0019100401550531387,-0.06753961741924286,-0.5551773905754089,-0.0009952340927186318,0.0,-0.0,-0.0,-0.0,-0.0009952340927186318,0.0,0.0,0,
std005,0,KL005,6684926c7289bd8432a31af5074bd32b85fff20f3961f66edf76fb6119b4b60b,16,80,0,0.06864766776561737,-0.07177112996578217,-1.089972972869873,-0.00011218948655050656,0.0,-0.0,-0.0,-0.0,-0.00011218948655050656,0.0,0.0,1,161.33999633789062
std005,0,KL006,6684926c7289bd8432a31af5074bd32b85fff20f3961f66edf76fb6119b4b60b,16,80,0,0.06818079203367233,-0.007270420901477337,-0.16418102383613586,-0.000597254108321903,0.0,-0.0,-0.0,-0.0,-0.000597254108321903,0.0,0.0,0,
std005,0,KL007,6684926c7289bd8432a31af5074bd32b85fff20f3961f66edf76fb6119b4b60b,16,80,0,0.09625578671693802,-0.012844445183873177,0.06800054758787155,-0.0001576656228847404,0.0,-0.0,-0.0,-0.0,-0.0001576656228847404,0.0,0.0,0,
std005,0,KL008,6684926c7289bd8432a31af5074bd32b85fff20f3961f66edf76fb6119b4b60b,16,80,0,0.04979756474494934,0.0047721853479743,-1.0470020771026611,-0.0004080434490529647,0.0,-0.0,-0.0,-0.0,-0.0004080434490529647,0.0,0.0,2,138.44139099121094
std005,0,KL009,6684926c7289bd8432a31af5074bd32b85fff20f3961f66edf76fb6119b4b60b,16,80,0,0.1001487597823143,-0.02965729683637619,-1.2464280128479004,-0.00016393439042430058,0.0,-0.0,-0.0,-0.0,-0.00016393439042430058,0.0,0.0,1,138.44139099121094
std005,0,KL0010,6684926c7289bd8432a31af5074bd32b85fff20f3961f66edf76fb6119b4b60b,16,80,0,0.05777665972709656,-0.01869201473891735,-0.21766646206378937,-9.46097253160777e-05,0.0,-0.0,-0.0,-0.0,-9.46097253160777e-05,0.0,0.0,0,
std005,0,KL001,6684926c7289bd8432a31af5074bd32b85fff20f3961f66edf76fb6119b4b60b,17,85,0,-0.02400064282119274,-0.05250769108533859,-0.675171434879303,-0.0003429875491479493,0.0,-0.0,-0.0,-0.0,-0.0003429875491479493,0.0,0.0,0,
std005,0,KL002,6684926c7289bd8432a31af5074bd32b85fff20f3961f66edf76fb6119b4b60b,17,85,0,0.01232886128127575,-0.023588689044117928,-0.15449385344982147,-2.0168527787245078e-05,0.0,-0.0,-0.0,-0.0,-2.0168527787245078e-05,0.0,0.0,0,
std005,0,KL003,6684926c7289bd8432a31af5074bd32b85fff20f3961f66edf76fb6119b4b60b,17,85,0,0.05122006684541702,-0.04995938390493393,0.2027692347764969,-0.001486861006804603,0.0,-0.0,-0.0,-0.0,-0.001486861006804603,0.0,0.0,0,
std005,0,KL004,6684926c7289bd8432a31af5074bd32b85fff20f3961f66edf76fb6119b4b60b,17,85,0,0.0014276746660470963,-0.06801123172044754,-0.5444915890693665,-0.001000068340519706,0.0,-0.0,-0.0,-0.0,-0.001000068340519706,0.0,0.0,0,
std005,0,KL005,6684926c7289bd8432a31af5074bd32b85fff20f3961f66edf76fb6119b4b60b,17,85,0,0.06834747642278671,-0.0713428184390068,-1.1215934753417969,-0.0001117017002120453,0.0,-0.0,-0.0,-0.0,-0.0001117017002120453,0.0,0.0,1,156.1666259765625
std005,0,KL006,6684926c7289bd8432a31af5074bd32b85fff20f3961f66edf76fb6119b4b60b,17,85,0,0.05194437503814697,-0.0018469500355422497,-0.13116295635700226,-0.0005715796166867048,0.0,-0.0,-0.0,-0.0,-0.0005715796166867048,0.0,0.0,0,
std005,0,KL007,6684926c7289bd8432a31af5074bd32b85fff20f3961f66edf76fb6119b4b60b,17,85,0,0.09638958424329758,-0.013085294514894485,0.07541490346193314,-0.00015789490611067868,0.0,-0.0,-0.0,-0.0,-0.00015789490611067868,0.0,0.0,0,
std005,0,KL008,6684926c7289bd8432a31af5074bd32b85fff20f3961f66edf76fb6119b4b60b,17,85,0,0.061413973569869995,0.006637474521994591,-1.077514886856079,-0.0004282685957239741,0.0,-0.0,-0.0,-0.0,-0.0004282685957239741,0.0,0.0,2,132.39215087890625
std005,0,KL009,6684926c7289bd8432a31af5074bd32b85fff20f3961f66edf76fb6119b4b60b,17,85,0,0.11334150284528732,-0.0719228982925415,-1.3836102485656738,-0.00018553613127964677,0.0,-0.0,-0.0,-0.0,-0.00018553613127964677,0.0,0.0,1,132.39215087890625
std005,0,KL0010,6684926c7289bd8432a31af5074bd32b85fff20f3961f66edf76fb6119b4b60b,17,85,0,0.05769459903240204,-0.016743933781981468,-0.22485999763011932,-9.448117809658134e-05,0.0,-0.0,-0.0,-0.0,-9.448117809658134e-05,0.0,0.0,0,
std005,0,KL001,6684926c7289bd8432a31af5074bd32b85fff20f3961f66edf76fb6119b4b60b,18,90,0,-0.023529978469014168,-0.05278612673282623,-0.680903434753418,-0.0003442046044651483,0.0,-0.0,-0.0,-0.0,-0.0003442046044651483,0.0,0.0,0,
std005,0,KL002,6684926c7289bd8432a31af5074bd32b85fff20f3961f66edf76fb6119b4b60b,18,90,0,-0.07114755362272263,-0.03537575155496597,-0.22634698450565338,-0.00011607098116380102,0.0,-0.0,-0.0,-0.0,-0.00011607098116380102,0.0,0.0,0,
std005,0,KL003,6684926c7289bd8432a31af5074bd32b85fff20f3961f66edf76fb6119b4b60b,18,90,0,0.03297566622495651,-0.07843941450119019,0.1966603547334671,-0.0014622153370358296,0.0,-0.0,-0.0,-0.0,-0.0014622153370358296,0.0,0.0,0,
std005,0,KL004,6684926c7289bd8432a31af5074bd32b85fff20f3961f66edf76fb6119b4b60b,18,90,0,0.0007782187312841415,-0.06834079325199127,-0.5332517623901367,-0.001005179929924099,0.0,-0.0,-0.0,-0.0,-0.001005179929924099,0.0,0.0,0,
std005,0,KL005,6684926c7289bd8432a31af5074bd32b85fff20f3961f66edf76fb6119b4b60b,18,90,0,0.06651123613119125,-0.07426291704177856,-1.3511476516723633,-0.00010870345359358991,0.0,-0.0,-0.0,-0.0,-0.00010870345359358991,0.0,0.0,2,150.8843994140625
std005,0,KL006,6684926c7289bd8432a31af5074bd32b85fff20f3961f66edf76fb6119b4b60b,18,90,0,0.05652058124542236,-0.010944489389657974,-0.12203482538461685,-0.0005802222360413675,0.0,-0.0,-0.0,-0.0,-0.0005802222360413675,0.0,0.0,0,
std005,0,KL007,6684926c7289bd8432a31af5074bd32b85fff20f3961f66edf76fb6119b4b60b,18,90,0,0.07357796281576157,-0.0239189974963665,0.12947489321231842,-0.00012054878124296764,0.0,-0.0,-0.0,-0.0,-0.00012054878124296764,0.0,0.0,0,
std005,0,KL008,6684926c7289bd8432a31af5074bd32b85fff20f3961f66edf76fb6119b4b60b,18,90,0,0.05497891455888748,0.012760890647768974,-1.1299779415130615,-0.00041895797439918744,0.0,-0.0,-0.0,-0.0,-0.00041895797439918744,0.0,0.0,2,125.65496826171875
std005,0,KL009,6684926c7289bd8432a31af5074bd32b85fff20f3961f66edf76fb6119b4b60b,18,90,0,0.11146547645330429,-0.07006838172674179,-1.6102120876312256,-0.00018247345846338932,0.0,-0.0,-0.0,-0.0,-0.00018247345846338932,0.0,0.0,2,125.65496826171875
std005,0,KL0010,6684926c7289bd8432a31af5074bd32b85fff20f3961f66edf76fb6119b4b60b,18,90,0,0.05752192437648773,-0.014883222058415413,-0.23350267112255096,-9.420435278569217e-05,0.0,-0.0,-0.0,-0.0,-9.420435278569217e-05,0.0,0.0,0,
std005,0,KL001,6684926c7289bd8432a31af5074bd32b85fff20f3961f66edf76fb6119b4b60b,19,95,0,-0.0241513941437006,-0.05540002882480621,-0.690442681312561,-0.0003472315299137365,0.0,-0.0,-0.0,-0.0,-0.0003472315299137365,0.0,0.0,0,
std005,0,KL002,6684926c7289bd8432a31af5074bd32b85fff20f3961f66edf76fb6119b4b60b,19,95,0,-0.06948677450418472,-0.0359993502497673,-0.1844024360179901,-0.00011368155069507705,0.0,-0.0,-0.0,-0.0,-0.00011368155069507705,0.0,0.0,0,
std005,0,KL003,6684926c7289bd8432a31af5074bd32b85fff20f3961f66edf76fb6119b4b60b,19,95,0,0.03223094716668129,-0.07807277143001556,0.19816412031650543,-0.0014669106632729577,0.0,-0.0,-0.0,-0.0,-0.0014669106632729577,0.0,0.0,0,
std005,0,KL004,6684926c7289bd8432a31af5074bd32b85fff20f3961f66edf76fb6119b4b60b,19,95,0,-0.008610770106315613,-0.06053944677114487,-0.8163458108901978,-0.0010245265699834344,0.0,-0.0,-0.0,-0.0,-0.0010245265699834344,0.0,0.0,1,34.234214782714844
std005,0,KL005,6684926c7289bd8432a31af5074bd32b85fff20f3961f66edf76fb6119b4b60b,19,95,0,0.06546210497617722,-0.07246233522891998,-1.3626782894134521,-0.00010699154167391223,0.0,-0.0,-0.0,-0.0,-0.00010699154167391223,0.0,0.0,2,146.1876220703125
std005,0,KL006,6684926c7289bd8432a31af5074bd32b85fff20f3961f66edf76fb6119b4b60b,19,95,0,0.03527428209781647,-0.01281664427369833,-0.20782843232154846,-0.0005466155116823582,0.0,-0.0,-0.0,-0.0,-0.0005466155116823582,0.0,0.0,0,
std005,0,KL007,6684926c7289bd8432a31af5074bd32b85fff20f3961f66edf76fb6119b4b60b,19,95,0,0.06974072009325027,-0.016843056306242943,-0.07865358144044876,-0.00011425826365795868,0.0,-0.0,-0.0,-0.0,-0.00011425826365795868,0.0,0.0,1,34.234214782714844
std005,0,KL008,6684926c7289bd8432a31af5074bd32b85fff20f3961f66edf76fb6119b4b60b,19,95,0,0.054943569004535675,0.012536229565739632,-1.1044248342514038,-0.00042014718070932034,0.0,-0.0,-0.0,-0.0,-0.00042014718070932034,0.0,0.0,2,121.77848815917969
std005,0,KL009,6684926c7289bd8432a31af5074bd32b85fff20f3961f66edf76fb6119b4b60b,19,95,0,0.10985492914915085,-0.06897127628326416,-1.629608392715454,-0.0001798452056423176,0.0,-0.0,-0.0,-0.0,-0.0001798452056423176,0.0,0.0,2,121.77848815917969
std005,0,KL0010,6684926c7289bd8432a31af5074bd32b85fff20f3961f66edf76fb6119b4b60b,19,95,0,0.059712983667850494,-0.014029932208359241,-0.2499934434890747,-9.779887070668035e-05,0.0,-0.0,-0.0,-0.0,-9.779887070668035e-05,0.0,0.0,0,
std005,0,KL001,6684926c7289bd8432a31af5074bd32b85fff20f3961f66edf76fb6119b4b60b,20,100,0,-0.023839281871914864,-0.05573958903551102,-0.699424147605896,-0.0003487546488366998,0.0,-0.0,-0.0,-0.0,-0.0003487546488366998,0.0,0.0,0,
std005,0,KL002,6684926c7289bd8432a31af5074bd32b85fff20f3961f66edf76fb6119b4b60b,20,100,0,-0.06947062164545059,-0.036457762122154236,-0.17520886659622192,-0.00011365995661293575,0.0,-0.0,-0.0,-0.0,-0.00011365995661293575,0.0,0.0,0,
std005,0,KL003,6684926c7289bd8432a31af5074bd32b85fff20f3961f66edf76fb6119b4b60b,20,100,0,0.03189835697412491,-0.07780542224645615,0.19736330211162567,-0.0014722679590458525,0.0,-0.0,-0.0,-0.0,-0.0014722679590458525,0.0,0.0,0,
std005,0,KL004,6684926c7289bd8432a31af5074bd32b85fff20f3961f66edf76fb6119b4b60b,20,100,0,-0.009452645666897297,-0.05987892299890518,-0.8103571534156799,-0.0010297037802823555,0.0,-0.0,-0.0,-0.0,-0.0010297037802823555,0.0,0.0,1,27.348588943481445
std005,0,KL005,6684926c7289bd8432a31af5074bd32b85fff20f3961f66edf76fb6119b4b60b,20,100,0,0.06452738493680954,-0.07177659124135971,-1.3591216802597046,-0.00010546658234547543,0.0,-0.0,-0.0,-0.0,-0.00010546658234547543,0.0,0.0,2,141.2922821044922
std005,0,KL006,6684926c7289bd8432a31af5074bd32b85fff20f3961f66edf76fb6119b4b60b,20,100,0,0.036833591759204865,-0.011991719715297222,-0.20342501997947693,-0.0005507048702108638,0.0,-0.0,-0.0,-0.0,-0.0005507048702108638,0.0,0.0,0,
std005,0,KL007,6684926c7289bd8432a31af5074bd32b85fff20f3961f66edf76fb6119b4b60b,20,100,0,0.06995932012796402,-0.017646927386522293,-0.08963979035615921,-0.000114624065979987,0.0,-0.0,-0.0,-0.0,-0.000114624065979987,0.0,0.0,1,27.348588943481445
std005,0,KL008,6684926c7289bd8432a31af5074bd32b85fff20f3961f66edf76fb6119b4b60b,20,100,0,0.05261850357055664,0.013074864633381367,-1.0970523357391357,-0.0004176081356895903,0.0,-0.0,-0.0,-0.0,-0.0004176081356895903,0.0,0.0,2,117.02996826171875
std005,0,KL009,6684926c7289bd8432a31af5074bd32b85fff20f3961f66edf76fb6119b4b60b,20,100,0,0.10916685312986374,-0.06780968606472015,-1.6443884372711182,-0.0001787270393409102,0.0,-0.0,-0.0,-0.0,-0.0001787270393409102,0.0,0.0,2,117.02996826171875
std005,0,KL0010,6684926c7289bd8432a31af5074bd32b85fff20f3961f66edf76fb6119b4b60b,20,100,0,0.060071952641010284,-0.012232869863510132,-0.26042696833610535,-9.839323206256425e-05,0.0,-0.0,-0.0,-0.0,-9.839323206256425e-05,0.0,0.0,0,
std005,0,KL001,6684926c7289bd8432a31af5074bd32b85fff20f3961f66edf76fb6119b4b60b,21,105,0,-0.0239570215344429,-0.055851519107818604,-0.7063746452331543,-0.0003510053729901932,0.0,-0.0,-0.0,-0.0,-0.0003510053729901932,0.0,0.0,0,
std005,0,KL002,6684926c7289bd8432a31af5074bd32b85fff20f3961f66edf76fb6119b4b60b,21,105,0,-0.061787597835063934,-0.0431930273771286,-0.1280180960893631,-0.00010109445938936584,0.0,-0.0,-0.0,-0.0,-0.00010109445938936584,0.0,0.0,0,
std005,0,KL003,6684926c7289bd8432a31af5074bd32b85fff20f3961f66edf76fb6119b4b60b,21,105,0,0.03163826838135719,-0.07761932909488678,0.1972968727350235,-0.0014777055834176449,0.0,-0.0,-0.0,-0.0,-0.0014777055834176449,0.0,0.0,0,
std005,0,KL004,6684926c7289bd8432a31af5074bd32b85fff20f3961f66edf76fb6119b4b60b,21,105,0,-0.010266486555337906,-0.0597708597779274,-0.804715633392334,-0.0010348224944128003,0.0,-0.0,-0.0,-0.0,-0.0010348224944128003,0.0,0.0,1,22.27280616760254
std005,0,KL005,6684926c7289bd8432a31af5074bd32b85fff20f3961f66edf76fb6119b4b60b,21,105,0,0.06720619648694992,-0.07662096619606018,-1.3383049964904785,-0.00010984763280241247,0.0,-0.0,-0.0,-0.0,-0.00010984763280241247,0.0,0.0,2,136.47938537597656
std005,0,KL006,6684926c7289bd8432a31af5074bd32b85fff20f3961f66edf76fb6119b4b60b,21,105,0,0.03586842119693756,-0.01187326479703188,-0.1915140300989151,-0.0005506519823680826,0.0,-0.0,-0.0,-0.0,-0.0005506519823680826,0.0,0.0,0,
std005,0,KL007,6684926c7289bd8432a31af5074bd32b85fff20f3961f66edf76fb6119b4b60b,21,105,0,0.07010047882795334,-0.01793207973241806,-0.08907029777765274,-0.00011486315281621906,0.0,-0.0,-0.0,-0.0,-0.00011486315281621906,0.0,0.0,1,22.27280616760254
std005,0,KL008,6684926c7289bd8432a31af5074bd32b85fff20f3961f66edf76fb6119b4b60b,21,105,0,0.07177266478538513,-0.004157198593020439,-1.0637645721435547,-0.0004501501373604004,0.0,-0.0,-0.0,-0.0,-0.0004501501373604004,0.0,0.0,2,112.56578063964844
std005,0,KL009,6684926c7289bd8432a31af5074bd32b85fff20f3961f66edf76fb6119b4b60b,21,105,0,0.11239433288574219,-0.04784981906414032,-1.6189978122711182,-0.00018401984676245833,0.0,-0.0,-0.0,-0.0,-0.00018401984676245833,0.0,0.0,2,112.56578063964844
std005,0,KL0010,6684926c7289bd8432a31af5074bd32b85fff20f3961f66edf76fb6119b4b60b,21,105,0,0.06029003858566284,-0.010032285004854202,-0.27168145775794983,-9.875704732993379e-05,0.0,-0.0,-0.0,-0.0,-9.875704732993379e-05,0.0,0.0,0,
std005,0,KL001,6684926c7289bd8432a31af5074bd32b85fff20f3961f66edf76fb6119b4b60b,22,110,0,-0.0012179287150502205,-0.06795573234558105,-0.5877155065536499,-0.000315909741817337,0.0,-0.0,-0.0,-0.0,-0.000315909741817337,0.0,0.0,0,
std005,0,KL002,6684926c7289bd8432a31af5074bd32b85fff20f3961f66edf76fb6119b4b60b,22,110,0,-0.06216064840555191,-0.04300210624933243,-0.12287365645170212,-0.00010170915009471485,0.0,-0.0,-0.0,-0.0,-0.00010170915009471485,0.0,0.0,0,
std005,0,KL003,6684926c7289bd8432a31af5074bd32b85fff20f3961f66edf76fb6119b4b60b,22,110,0,0.03097573295235634,-0.07702427357435226,0.1971418708562851,-0.0014824437315266931,0.0,-0.0,-0.0,-0.0,-0.0014824437315266931,0.0,0.0,0,
std005,0,KL004,6684926c7289bd8432a31af5074bd32b85fff20f3961f66edf76fb6119b4b60b,22,110,0,-0.010686436668038368,-0.0597459077835083,-0.8022697567939758,-0.0010392863412196514,0.0,-0.0,-0.0,-0.0,-0.0010392863412196514,0.0,0.0,1,17.20978355407715
std005,0,KL005,6684926c7289bd8432a31af5074bd32b85fff20f3961f66edf76fb6119b4b60b,22,110,0,0.06709473580121994,-0.07664518058300018,-1.3571614027023315,-0.00010966825771464568,0.0,-0.0,-0.0,-0.0,-0.00010966825771464568,0.0,0.0,2,131.08409118652344
std005,0,KL006,6684926c7289bd8432a31af5074bd32b85fff20f3961f66edf76fb6119b4b60b,22,110,0,0.03594829887151718,-0.012186722829937935,-0.17898784577846527,-0.0005523243528327453,0.0,-0.0,-0.0,-0.0,-0.0005523243528327453,0.0,0.0,0,
std005,0,KL007,6684926c7289bd8432a31af5074bd32b85fff20f3961f66edf76fb6119b4b60b,22,110,0,0.0700262188911438,-0.018056023865938187,-0.09026093035936356,-0.00011474942632755313,0.0,-0.0,-0.0,-0.0,-0.00011474942632755313,0.0,0.0,1,17.20978355407715
std005,0,KL008,6684926c7289bd8432a31af5074bd32b85fff20f3961f66edf76fb6119b4b60b,22,110,0,0.07042387872934341,-0.003630036488175392,-1.0528056621551514,-0.0004490885939974159,0.0,-0.0,-0.0,-0.0,-0.0004490885939974159,0.0,0.0,2,105.34789276123047
std005,0,KL009,6684926c7289bd8432a31af5074bd32b85fff20f3961f66edf76fb6119b4b60b,22,110,0,0.11222253739833832,-0.047932207584381104,-1.6505987644195557,-0.00018374788646049835,0.0,-0.0,-0.0,-0.0,-0.00018374788646049835,0.0,0.0,2,105.34789276123047
std005,0,KL0010,6684926c7289bd8432a31af5074bd32b85fff20f3961f66edf76fb6119b4b60b,22,110,0,0.05938577651977539,-0.007731117773801088,-0.28150269389152527,-9.72825316574927e-05,0.0,-0.0,-0.0,-0.0,-9.72825316574927e-05,0.0,0.0,0,
std005,0,KL001,6684926c7289bd8432a31af5074bd32b85fff20f3961f66edf76fb6119b4b60b,23,115,0,-0.05178951472043991,-0.06325316429138184,-0.5919839143753052,-0.0004006595261675584,0.0,-0.0,-0.0,-0.0,-0.0004006595261675584,0.0,0.0,0,
std005,0,KL002,6684926c7289bd8432a31af5074bd32b85fff20f3961f66edf76fb6119b4b60b,23,115,0,-0.04235786199569702,-0.008322610519826412,-0.07840386778116226,-6.93132713361012e-05,0.0,-0.0,-0.0,-0.0,-6.93132713361012e-05,0.0,0.0,0,
std005,0,KL003,6684926c7289bd8432a31af5074bd32b85fff20f3961f66edf76fb6119b4b60b,23,115,0,0.030561700463294983,-0.07683206349611282,0.1978209763765335,-0.0014875616811912498,0.0,-0.0,-0.0,-0.0,-0.0014875616811912498,0.0,0.0,0,
std005,0,KL004,6684926c7289bd8432a31af5074bd32b85fff20f3961f66edf76fb6119b4b60b,23,115,0,-0.009638315066695213,-0.05603821575641632,-0.7853132486343384,-0.001041356889309144,0.0,-0.0,-0.0,-0.0,-0.001041356889309144,0.0,0.0,1,12.172481536865234
std005,0,KL005,6684926c7289bd8432a31af5074bd32b85fff20f3961f66edf76fb6119b4b60b,23,115,0,0.06625180691480637,-0.07619256526231766,-1.3591052293777466,-0.00010829330279738446,0.0,-0.0,-0.0,-0.0,-0.00010829330279738446,0.0,0.0,2,126.25048065185547
std005,0,KL006,6684926c7289bd8432a31af5074bd32b85fff20f3961f66edf76fb6119b4b60b,23,115,0,0.03583701699972153,-0.012724626809358597,-0.17260028421878815,-0.0005536774558916576,0.0,-0.0,-0.0,-0.0,-0.0005536774558916576,0.0,0.0,0,
std005,0,KL007,6684926c7289bd8432a31af5074bd32b85fff20f3961f66edf76fb6119b4b60b,23,115,0,0.0694999024271965,-0.017727790400385857,-0.08487958461046219,-0.00011389501034888361,0.0,-0.0,-0.0,-0.0,-0.00011389501034888361,0.0,0.0,1,12.172481536865234
std005,0,KL008,6684926c7289bd8432a31af5074bd32b85fff20f3961f66edf76fb6119b4b60b,23,115,0,0.06925862282514572,-0.003460383042693138,-1.0514991283416748,-0.0004483427414001449,0.0,-0.0,-0.0,-0.0,-0.0004483427414001449,0.0,0.0,2,100.66622161865234
std005,0,KL009,6684926c7289bd8432a31af5074bd32b85fff20f3961f66edf76fb6119b4b60b,23,115,0,0.11193572729825974,-0.04729151725769043,-1.6658031940460205,-0.00018328777728693875,0.0,-0.0,-0.0,-0.0,-0.00018328777728693875,0.0,0.0,2,100.66622161865234
std005,0,KL0010,6684926c7289bd8432a31af5074bd32b85fff20f3961f66edf76fb6119b4b60b,23,115,0,0.05929254740476608,-0.005118733271956444,-0.29570087790489197,-9.713664263471481e-05,0.0,-0.0,-0.0,-0.0,-9.713664263471481e-05,0.0,0.0,0,
std005,0,KL001,6684926c7289bd8432a31af5074bd32b85fff20f3961f66edf76fb6119b4b60b,24,120,0,-0.0552484467625618,-0.056775011122226715,-0.6189137101173401,-0.0004084961146796702,0.0,-0.0,-0.0,-0.0,-0.0004084961146796702,0.0,0.0,0,
std005,0,KL002,6684926c7289bd8432a31af5074bd32b85fff20f3961f66edf76fb6119b4b60b,24,120,0,-0.04475367069244385,-0.007995988242328167,-0.0777762308716774,-7.323505462141854e-05,0.0,-0.0,-0.0,-0.0,-7.323505462141854e-05,0.0,0.0,0,
std005,0,KL003,6684926c7289bd8432a31af5074bd32b85fff20f3961f66edf76fb6119b4b60b,24,120,0,0.030650565400719643,-0.07649409025907516,0.19641973078250885,-0.0014934550532066926,0.0,-0.0,-0.0,-0.0,-0.0014934550532066926,0.0,0.0,0,
std005,0,KL004,6684926c7289bd8432a31af5074bd32b85fff20f3961f66edf76fb6119b4b60b,24,120,0,-0.009502755478024483,-0.055843792855739594,-0.7872008085250854,-0.0010449561362232736,0.0,-0.0,-0.0,-0.0,-0.0010449561362232736,0.0,0.0,1,7.1857686042785645
std005,0,KL005,6684926c7289bd8432a31af5074bd32b85fff20f3961f66edf76fb6119b4b60b,24,120,0,0.0661366805434227,-0.07565316557884216,-1.3577370643615723,-0.0001081079410913079,0.0,-0.0,-0.0,-0.0,-0.0001081079410913079,0.0,0.0,2,121.39620208740234
std005,0,KL006,6684926c7289bd8432a31af5074bd32b85fff20f3961f66edf76fb6119b4b60b,24,120,0,0.033495545387268066,-0.012143108062446117,-0.16314338147640228,-0.000551388546574481,0.0,-0.0,-0.0,-0.0,-0.000551388546574481,0.0,0.0,0,
std005,0,KL007,6684926c7289bd8432a31af5074bd32b85fff20f3961f66edf76fb6119b4b60b,24,120,0,0.07029757648706436,-0.019452249631285667,-0.09716970473527908,-0.00011521039353799347,0.0,-0.0,-0.0,-0.0,-0.00011521039353799347,0.0,0.0,1,7.1857686042785645
std005,0,KL008,6684926c7289bd8432a31af5074bd32b85fff20f3961f66edf76fb6119b4b60b,24,120,0,0.06611637771129608,-0.003746306523680687,-1.0376242399215698,-0.0004443851913944035,0.0,-0.0,-0.0,-0.0,-0.0004443851913944035,0.0,0.0,2,95.95561981201172
std005,0,KL009,6684926c7289bd8432a31af5074bd32b85fff20f3961f66edf76fb6119b4b60b,24,120,0,0.11127492040395737,-0.04689975827932358,-1.674999713897705,-0.00018221537420015294,0.0,-0.0,-0.0,-0.0,-0.00018221537420015294,0.0,0.0,2,95.95561981201172
std005,0,KL0010,6684926c7289bd8432a31af5074bd32b85fff20f3961f66edf76fb6119b4b60b,24,120,0,0.059439077973365784,-0.003006923943758011,-0.30654674768447876,-9.738367790288835e-05,0.0,-0.0,-0.0,-0.0,-9.738367790288835e-05,0.0,0.0,0,
std005,0,KL001,6684926c7289bd8432a31af5074bd32b85fff20f3961f66edf76fb6119b4b60b,25,125,0,-0.05565478652715683,-0.056217364966869354,-0.6246669292449951,-0.00041124973329747643,0.0,-0.0,-0.0,-0.0,-0.00041124973329747643,0.0,0.0,0,
std005,0,KL002,6684926c7289bd8432a31af5074bd32b85fff20f3961f66edf76fb6119b4b60b,25,125,0,-0.045243747532367706,-0.008059673011302948,-0.06944147497415543,-7.404075763498471e-05,0.0,-0.0,-0.0,-0.0,-7.404075763498471e-05,0.0,0.0,0,
std005,0,KL003,6684926c7289bd8432a31af5074bd32b85fff20f3961f66edf76fb6119b4b60b,25,125,0,0.04308895021677017,-0.048353470861911774,0.1690734177827835,-0.0015193530978837545,0.0,-0.0,-0.0,-0.0,-0.0015193530978837545,0.0,0.0,0,
std005,0,KL004,6684926c7289bd8432a31af5074bd32b85fff20f3961f66edf76fb6119b4b60b,25,125,0,-0.010415321215987206,-0.055763497948646545,-0.7807716727256775,-2.8381436593751235,0.0,-2.8370933822834496,-0.0,-0.0,-0.0010502770916738235,3.0,1.0,1,2.2038307189941406
std005,0,KL005,6684926c7289bd8432a31af5074bd32b85fff20f3961f66edf76fb6119b4b60b,25,125,0,0.06556043773889542,-0.07504209131002426,-1.3581030368804932,-0.0001071688624969553,0.0,-0.0,-0.0,-0.0,-0.0001071688624969553,0.0,0.0,2,116.6025161743164
std005,0,KL006,6684926c7289bd8432a31af5074bd32b85fff20f3961f66edf76fb6119b4b60b,25,125,0,0.03290899097919464,-0.012076553888618946,-0.15345817804336548,-0.0005520222817202512,0.0,-0.0,-0.0,-0.0,-0.0005520222817202512,0.0,0.0,0,
std005,0,KL007,6684926c7289bd8432a31af5074bd32b85fff20f3961f66edf76fb6119b4b60b,25,125,0,0.07041545957326889,-0.019890084862709045,-0.09802383929491043,-2.8372087942123283,0.0,-2.8370933822834496,-0.0,-0.0,-0.00011541192887865037,3.0,1.0,1,2.2038307189941406
std005,0,KL008,6684926c7289bd8432a31af5074bd32b85fff20f3961f66edf76fb6119b4b60b,25,125,0,0.06261280179023743,-0.013966638594865799,-1.113635778427124,-0.00043986876970641324,0.0,-0.0,-0.0,-0.0,-0.00043986876970641324,0.0,0.0,2,91.44750213623047
std005,0,KL009,6684926c7289bd8432a31af5074bd32b85fff20f3961f66edf76fb6119b4b60b,25,125,0,0.11049340665340424,-0.046330392360687256,-1.6843481063842773,-0.00018094538106671945,0.0,-0.0,-0.0,-0.0,-0.00018094538106671945,0.0,0.0,2,91.44750213623047
std005,0,KL0010,6684926c7289bd8432a31af5074bd32b85fff20f3961f66edf76fb6119b4b60b,25,125,0,0.05958104133605957,-0.000580071471631527,-0.3196587860584259,-9.762344421095983e-05,0.0,-0.0,-0.0,-0.0,-9.762344421095983e-05,0.0,0.0,0,
std005,0,KL001,6684926c7289bd8432a31af5074bd32b85fff20f3961f66edf76fb6119b4b60b,26,130,0,-0.05568767338991165,-0.055992014706134796,-0.6296185255050659,-0.00041341597822432477,0.0,-0.0,-0.0,-0.0,-0.00041341597822432477,0.0,0.0,0,
std005,0,KL002,6684926c7289bd8432a31af5074bd32b85fff20f3961f66edf76fb6119b4b60b,26,130,0,-0.04595144838094711,-0.008321622386574745,-0.06089869886636734,-7.520274860851752e-05,0.0,-0.0,-0.0,-0.0,-7.520274860851752e-05,0.0,0.0,0,
std005,0,KL003,6684926c7289bd8432a31af5074bd32b85fff20f3961f66edf76fb6119b4b60b,26,130,0,0.0430254191160202,-0.04903127998113632,0.1674380749464035,-0.0015239908221078575,0.0,-0.0,-0.0,-0.0,-0.0015239908221078575,0.0,0.0,0,
std005,0,KL004,6684926c7289bd8432a31af5074bd32b85fff20f3961f66edf76fb6119b4b60b,26,130,0,-0.011375244706869125,-0.05537990480661392,-0.7715301513671875,-4.729544626115793,0.0,-4.728488970472416,-0.0,-0.0,-0.0010556556433769515,5.0,0.0,1,0.0
std005,0,KL005,6684926c7289bd8432a31af5074bd32b85fff20f3961f66edf76fb6119b4b60b,26,130,0,0.06483709067106247,-0.07448319345712662,-1.356829047203064,-0.00010598930610007811,0.0,-0.0,-0.0,-0.0,-0.00010598930610007811,0.0,0.0,2,111.82532501220703
std005,0,KL006,6684926c7289bd8432a31af5074bd32b85fff20f3961f66edf76fb6119b4b60b,26,130,0,0.03258996456861496,-0.011915718205273151,-0.14334076642990112,-0.000553103671292389,0.0,-0.0,-0.0,-0.0,-0.000553103671292389,0.0,0.0,0,
std005,0,KL007,6684926c7289bd8432a31af5074bd32b85fff20f3961f66edf76fb6119b4b60b,26,130,0,0.07064837962388992,-0.020329562947154045,-0.09470469504594803,-4.728604772663942,0.0,-4.728488970472416,-0.0,-0.0,-0.00011580219152662607,5.0,0.0,1,0.0
std005,0,KL008,6684926c7289bd8432a31af5074bd32b85fff20f3961f66edf76fb6119b4b60b,26,130,0,0.03434743732213974,0.008031443692743778,-1.1290546655654907,-0.0003949849440704546,0.0,-0.0,-0.0,-0.0,-0.0003949849440704546,0.0,0.0,2,86.97132110595703
std005,0,KL009,6684926c7289bd8432a31af5074bd32b85fff20f3961f66edf76fb6119b4b60b,26,130,0,0.10234571248292923,-0.028545206412672997,-1.8459726572036743,-0.00016761321173091304,0.0,-0.0,-0.0,-0.0,-0.00016761321173091304,0.0,0.0,2,86.97132110595703
std005,0,KL0010,6684926c7289bd8432a31af5074bd32b85fff20f3961f66edf76fb6119b4b60b,26,130,0,0.05955956131219864,0.0020527206361293793,-0.3336103856563568,-9.75955913199289e-05,0.0,-0.0,-0.0,-0.0,-9.75955913199289e-05,0.0,0.0,0,
std005,0,KL001,6684926c7289bd8432a31af5074bd32b85fff20f3961f66edf76fb6119b4b60b,27,135,0,-0.05601068586111069,-0.05540010333061218,-0.6333731412887573,-0.0004160811896489232,0.0,-0.0,-0.0,-0.0,-0.0004160811896489232,0.0,0.0,0,
std005,0,KL002,6684926c7289bd8432a31af5074bd32b85fff20f3961f66edf76fb6119b4b60b,27,135,0,-0.047030553221702576,-0.008520145900547504,-0.05353323370218277,-7.697275825418002e-05,0.0,-0.0,-0.0,-0.0,-7.697275825418002e-05,0.0,0.0,0,
std005,0,KL003,6684926c7289bd8432a31af5074bd32b85fff20f3961f66edf76fb6119b4b60b,27,135,0,0.04328688979148865,-0.049412429332733154,0.16694961488246918,-0.001529038553584455,0.0,-0.0,-0.0,-0.0,-0.001529038553584455,0.0,0.0,0,
std005,0,KL004,6684926c7289bd8432a31af5074bd32b85fff20f3961f66edf76fb6119b4b60b,27,135,0,-0.012411313131451607,-0.05484526604413986,-0.75986248254776,-4.72955010575856,0.0,-4.728488970472416,-0.0,-0.0,-0.0010611352861440437,5.0,0.0,1,0.0
std005,0,KL005,6684926c7289bd8432a31af5074bd32b85fff20f3961f66edf76fb6119b4b60b,27,135,0,0.0641726553440094,-0.07311940938234329,-1.3406919240951538,-0.00010490604051434888,0.0,-0.0,-0.0,-0.0,-0.00010490604051434888,0.0,0.0,2,107.85001373291016
std005,0,KL006,6684926c7289bd8432a31af5074bd32b85fff20f3961f66edf76fb6119b4b60b,27,135,0,0.03092961199581623,-0.010710944421589375,-0.1342993974685669,-0.000551999561682626,0.0,-0.0,-0.0,-0.0,-0.000551999561682626,0.0,0.0,0,
std005,0,KL007,6684926c7289bd8432a31af5074bd32b85fff20f3961f66edf76fb6119b4b60b,27,135,0,0.07084410637617111,-0.021121198311448097,-0.08843246847391129,-4.728605102136536,0.0,-4.728488970472416,-0.0,-0.0,-0.000116131664119834,5.0,0.0,1,0.0
std005,0,KL008,6684926c7289bd8432a31af5074bd32b85fff20f3961f66edf76fb6119b4b60b,27,135,0,0.08126045018434525,-0.026599237695336342,-1.166471004486084,-0.00047295367544681813,0.0,-0.0,-0.0,-0.0,-0.00047295367544681813,0.0,0.0,2,85.34175109863281
std005,0,KL009,6684926c7289bd8432a31af5074bd32b85fff20f3961f66edf76fb6119b4b60b,27,135,0,0.1013462170958519,-0.027893247082829475,-1.824460506439209,-0.00016598617227286464,0.0,-0.0,-0.0,-0.0,-0.00016598617227286464,0.0,0.0,2,85.34175109863281
std005,0,KL0010,6684926c7289bd8432a31af5074bd32b85fff20f3961f66edf76fb6119b4b60b,27,135,0,0.06260351091623306,-0.015432861633598804,-0.3489529490470886,-0.00010259085372794132,0.0,-0.0,-0.0,-0.0,-0.00010259085372794132,0.0,0.0,0,
std005,0,KL001,6684926c7289bd8432a31af5074bd32b85fff20f3961f66edf76fb6119b4b60b,28,140,0,-0.05579892545938492,-0.05633775144815445,-0.6332229971885681,-0.000417896073571459,0.0,-0.0,-0.0,-0.0,-0.000417896073571459,0.0,0.0,0,
std005,0,KL002,6684926c7289bd8432a31af5074bd32b85fff20f3961f66edf76fb6119b4b60b,28,140,0,-0.047366686165332794,-0.007954910397529602,-0.04336325079202652,-7.752698510470017e-05,0.0,-0.0,-0.0,-0.0,-7.752698510470017e-05,0.0,0.0,0,
std005,0,KL003,6684926c7289bd8432a31af5074bd32b85fff20f3961f66edf76fb6119b4b60b,28,140,0,0.04232500493526459,-0.04813358187675476,0.1669079214334488,-0.0015319439109309876,0.0,-0.0,-0.0,-0.0,-0.0015319439109309876,0.0,0.0,0,
std005,0,KL004,6684926c7289bd8432a31af5074bd32b85fff20f3961f66edf76fb6119b4b60b,28,140,0,-0.012659400701522827,-0.05534595251083374,-0.7469216585159302,-0.9467630981801323,0.0,-0.9456977940944832,-0.0,-0.0,-0.001065304085649088,1.0,0.0,1,0.0
std005,0,KL005,6684926c7289bd8432a31af5074bd32b85fff20f3961f66edf76fb6119b4b60b,28,140,0,0.06491673737764359,-0.07322072982788086,-1.3622301816940308,-0.00010612532671532194,0.0,-0.0,-0.0,-0.0,-0.00010612532671532194,0.0,0.0,2,101.6590805053711
std005,0,KL006,6684926c7289bd8432a31af5074bd32b85fff20f3961f66edf76fb6119b4b60b,28,140,0,-0.00815633125603199,-0.016980210319161415,-0.12543664872646332,-0.0004898951159524306,0.0,-0.0,-0.0,-0.0,-0.0004898951159524306,0.0,0.0,0,
std005,0,KL007,6684926c7289bd8432a31af5074bd32b85fff20f3961f66edf76fb6119b4b60b,28,140,0,0.07085933536291122,-0.02109753154218197,-0.08513084799051285,-0.9458139595383696,0.0,-0.9456977940944832,-0.0,-0.0,-0.00011616544388637351,1.0,0.0,1,0.0
std005,0,KL008,6684926c7289bd8432a31af5074bd32b85fff20f3961f66edf76fb6119b4b60b,28,140,0,0.07196017354726791,-0.027360038831830025,-1.0719351768493652,-0.0004589815436931392,0.0,-0.0,-0.0,-0.0,-0.0004589815436931392,0.0,0.0,2,75.82723236083984
std005,0,KL009,6684926c7289bd8432a31af5074bd32b85fff20f3961f66edf76fb6119b4b60b,28,140,0,0.1011388897895813,-0.026202846318483353,-1.8465337753295898,-0.00016565652928339654,0.0,-0.0,-0.0,-0.0,-0.00016565652928339654,0.0,0.0,2,75.82723236083984
std005,0,KL0010,6684926c7289bd8432a31af5074bd32b85fff20f3961f66edf76fb6119b4b60b,28,140,0,0.0609205886721611,-0.014742787927389145,-0.35731253027915955,-9.984049259535222e-05,0.0,-0.0,-0.0,-0.0,-9.984049259535222e-05,0.0,0.0,0,
std005,0,KL001,6684926c7289bd8432a31af5074bd32b85fff20f3961f66edf76fb6119b4b60b,29,145,0,-0.05557865649461746,-0.05650585889816284,-0.6346680521965027,-0.00041972286738229173,0.0,-0.0,-0.0,-0.0,-0.00041972286738229173,0.0,0.0,0,
std005,0,KL002,6684926c7289bd8432a31af5074bd32b85fff20f3961f66edf76fb6119b4b60b,29,145,0,-0.04819373041391373,-0.007832568138837814,-0.033883608877658844,-7.888485299715632e-05,0.0,-0.0,-0.0,-0.0,-7.888485299715632e-05,0.0,0.0,0,
std005,0,KL003,6684926c7289bd8432a31af5074bd32b85fff20f3961f66edf76fb6119b4b60b,29,145,0,0.04221697896718979,-0.04795356094837189,0.16581128537654877,-0.0015361652367849544,0.0,-0.0,-0.0,-0.0,-0.0015361652367849544,0.0,0.0,0,
std005,0,KL004,6684926c7289bd8432a31af5074bd32b85fff20f3961f66edf76fb6119b4b60b,29,145,0,-0.008806495927274227,-0.06398141384124756,-0.38907623291015625,-0.0010627915375218907,0.0,-0.0,-0.0,-0.0,-0.0010627915375218907,0.0,0.0,0,
std005,0,KL005,6684926c7289bd8432a31af5074bd32b85fff20f3961f66edf76fb6119b4b60b,29,145,0,0.06449373811483383,-0.0726810097694397,-1.3571951389312744,-0.00010543677201804683,0.0,-0.0,-0.0,-0.0,-0.00010543677201804683,0.0,0.0,2,96.9918441772461
std005,0,KL006,6684926c7289bd8432a31af5074bd32b85fff20f3961f66edf76fb6119b4b60b,29,145,0,-0.006843322888016701,-0.016442475840449333,-0.12794212996959686,-0.0004947390944042653,0.0,-0.0,-0.0,-0.0,-0.0004947390944042653,0.0,0.0,0,
std005,0,KL007,6684926c7289bd8432a31af5074bd32b85fff20f3961f66edf76fb6119b4b60b,29,145,0,0.07848390191793442,-0.029058268293738365,0.14742133021354675,-0.00012867416196942762,0.0,-0.0,-0.0,-0.0,-0.00012867416196942762,0.0,0.0,0,
std005,0,KL008,6684926c7289bd8432a31af5074bd32b85fff20f3961f66edf76fb6119b4b60b,29,145,0,0.12158029526472092,-0.020071910694241524,-1.2651584148406982,-0.0005410814236094431,0.0,-0.0,-0.0,-0.0,-0.0005410814236094431,0.0,0.0,2,71.73243713378906
std005,0,KL009,6684926c7289bd8432a31af5074bd32b85fff20f3961f66edf76fb6119b4b60b,29,145,0,0.09956825524568558,-0.02477717585861683,-1.849202275276184,-0.00016309411123661602,0.0,-0.0,-0.0,-0.0,-0.00016309411123661602,0.0,0.0,2,71.73243713378906
std005,0,KL0010,6684926c7289bd8432a31af5074bd32b85fff20f3961f66edf76fb6119b4b60b,29,145,0,0.06158965826034546,-0.01359535101801157,-0.37715238332748413,-0.00010094464578679545,0.0,-0.0,-0.0,-0.0,-0.00010094464578679545,0.0,0.0,0,
std005,0,KL001,6684926c7289bd8432a31af5074bd32b85fff20f3961f66edf76fb6119b4b60b,30,150,0,-0.05198335647583008,-0.02994052693247795,-0.5285118818283081,-0.0004160582710840154,0.0,-0.0,-0.0,-0.0,-0.0004160582710840154,0.0,0.0,0,
std005,0,KL002,6684926c7289bd8432a31af5074bd32b85fff20f3961f66edf76fb6119b4b60b,30,150,0,-0.04863886535167694,-0.0071623800322413445,-0.025582022964954376,-7.961780286316417e-05,0.0,-0.0,-0.0,-0.0,-7.961780286316417e-05,0.0,0.0,0,
std005,0,KL003,6684926c7289bd8432a31af5074bd32b85fff20f3961f66edf76fb6119b4b60b,30,150,0,0.041183874011039734,-0.04636778682470322,0.16607867181301117,-0.0015387328794553784,0.0,-0.0,-0.0,-0.0,-0.0015387328794553784,0.0,0.0,0,
std005,0,KL004,6684926c7289bd8432a31af5074bd32b85fff20f3961f66edf76fb6119b4b60b,30,150,0,-0.009512159042060375,-0.06470108777284622,-0.37580326199531555,-0.0010678470906852033,0.0,-0.0,-0.0,-0.0,-0.0010678470906852033,0.0,0.0,0,
std005,0,KL005,6684926c7289bd8432a31af5074bd32b85fff20f3961f66edf76fb6119b4b60b,30,150,0,0.06485337764024734,-0.0720100849866867,-1.346489667892456,-0.00010602771365402378,0.0,-0.0,-0.0,-0.0,-0.00010602771365402378,0.0,0.0,2,91.43423461914062
std005,0,KL006,6684926c7289bd8432a31af5074bd32b85fff20f3961f66edf76fb6119b4b60b,30,150,0,-0.0055436622351408005,-0.01658722758293152,-0.08697707206010818,-0.0004997215433898601,0.0,-0.0,-0.0,-0.0,-0.0004997215433898601,0.0,0.0,0,
std005,0,KL007,6684926c7289bd8432a31af5074bd32b85fff20f3961f66edf76fb6119b4b60b,30,150,0,0.07794189453125,-0.028831608593463898,0.1601431518793106,-0.00012779540640559488,0.0,-0.0,-0.0,-0.0,-0.00012779540640559488,0.0,0.0,0,
std005,0,KL008,6684926c7289bd8432a31af5074bd32b85fff20f3961f66edf76fb6119b4b60b,30,150,0,0.11361847072839737,-0.02109512872993946,-1.1657981872558594,-0.000528959146771902,0.0,-0.0,-0.0,-0.0,-0.000528959146771902,0.0,0.0,2,63.329689025878906
std005,0,KL009,6684926c7289bd8432a31af5074bd32b85fff20f3961f66edf76fb6119b4b60b,30,150,0,0.09935498982667923,-0.023144535720348358,-1.8638147115707397,-0.00016275496058376092,0.0,-0.0,-0.0,-0.0,-0.00016275496058376092,0.0,0.0,2,63.329689025878906
std005,0,KL0010,6684926c7289bd8432a31af5074bd32b85fff20f3961f66edf76fb6119b4b60b,30,150,0,0.029486553743481636,-0.02261747047305107,-0.3417881429195404,-4.837105926217023e-05,0.0,-0.0,-0.0,-0.0,-4.837105926217023e-05,0.0,0.0,0,
std005,0,KL001,6684926c7289bd8432a31af5074bd32b85fff20f3961f66edf76fb6119b4b60b,31,155,0,-0.051944904029369354,-0.030496293678879738,-0.5254198908805847,-0.00041824722379681415,0.0,-0.0,-0.0,-0.0,-0.00041824722379681415,0.0,0.0,0,
std005,0,KL002,6684926c7289bd8432a31af5074bd32b85fff20f3961f66edf76fb6119b4b60b,31,155,0,-0.04962124675512314,-0.007229066453874111,-0.018108077347278595,-8.123035522038852e-05,0.0,-0.0,-0.0,-0.0,-8.123035522038852e-05,0.0,0.0,0,
std005,0,KL003,6684926c7289bd8432a31af5074bd32b85fff20f3961f66edf76fb6119b4b60b,31,155,0,0.040956124663352966,-0.04582718759775162,0.16840146481990814,-0.0015425245326897027,0.0,-0.0,-0.0,-0.0,-0.0015425245326897027,0.0,0.0,0,
std005,0,KL004,6684926c7289bd8432a31af5074bd32b85fff20f3961f66edf76fb6119b4b60b,31,155,0,-0.011811498552560806,-0.0640278086066246,-0.36225655674934387,-0.0010754804242366777,0.0,-0.0,-0.0,-0.0,-0.0010754804242366777,0.0,0.0,0,
std005,0,KL005,6684926c7289bd8432a31af5074bd32b85fff20f3961f66edf76fb6119b4b60b,31,155,0,0.0646832212805748,-0.07129107415676117,-1.3346508741378784,-0.00010575256880502531,0.0,-0.0,-0.0,-0.0,-0.00010575256880502531,0.0,0.0,2,86.5975112915039
std005,0,KL006,6684926c7289bd8432a31af5074bd32b85fff20f3961f66edf76fb6119b4b60b,31,155,0,-0.006922675296664238,-0.015990886837244034,-0.08024612814188004,-0.0005003227442575177,0.0,-0.0,-0.0,-0.0,-0.0005003227442575177,0.0,0.0,0,
std005,0,KL007,6684926c7289bd8432a31af5074bd32b85fff20f3961f66edf76fb6119b4b60b,31,155,0,0.07631030678749084,-0.028652530163526535,0.16892366111278534,-0.00012513013047671815,0.0,-0.0,-0.0,-0.0,-0.00012513013047671815,0.0,0.0,0,
std005,0,KL008,6684926c7289bd8432a31af5074bd32b85fff20f3961f66edf76fb6119b4b60b,31,155,0,0.11254159361124039,-0.020044082775712013,-1.1635860204696655,-0.0005280080805093097,0.0,-0.0,-0.0,-0.0,-0.0005280080805093097,0.0,0.0,2,58.9168815612793
std005,0,KL009,6684926c7289bd8432a31af5074bd32b85fff20f3961f66edf76fb6119b4b60b,31,155,0,0.09854486584663391,-0.021992100402712822,-1.8574813604354858,-0.00016143825420124523,0.0,-0.0,-0.0,-0.0,-0.00016143825420124523,0.0,0.0,2,58.9168815612793
std005,0,KL0010,6684926c7289bd8432a31af5074bd32b85fff20f3961f66edf76fb6119b4b60b,31,155,0,0.0312705934047699,-0.019208326935768127,-0.37322983145713806,-5.1260341953049556e-05,0.0,-0.0,-0.0,-0.0,-5.1260341953049556e-05,0.0,0.0,0,
std005,0,KL001,6684926c7289bd8432a31af5074bd32b85fff20f3961f66edf76fb6119b4b60b,32,160,0,-0.052032820880413055,-0.03041685000061989,-0.5251105427742004,-0.00042067134642265744,0.0,-0.0,-0.0,-0.0,-0.00042067134642265744,0.0,0.0,0,
std005,0,KL002,6684926c7289bd8432a31af5074bd32b85fff20f3961f66edf76fb6119b4b60b,32,160,0,-0.05046148598194122,-0.007293124683201313,-0.01062364224344492,-8.261044193446153e-05,0.0,-0.0,-0.0,-0.0,-8.261044193446153e-05,0.0,0.0,0,
std005,0,KL003,6684926c7289bd8432a31af5074bd32b85fff20f3961f66edf76fb6119b4b60b,32,160,0,0.04079912602901459,-0.04562878608703613,0.16794903576374054,-0.0015462623643420677,0.0,-0.0,-0.0,-0.0,-0.0015462623643420677,0.0,0.0,0,
std005,0,KL004,6684926c7289bd8432a31af5074bd32b85fff20f3961f66edf76fb6119b4b60b,32,160,0,-0.01393820345401764,-0.06360292434692383,-0.3435925245285034,-0.001082752486569897,0.0,-0.0,-0.0,-0.0,-0.001082752486569897,0.0,0.0,0,
std005,0,KL005,6684926c7289bd8432a31af5074bd32b85fff20f3961f66edf76fb6119b4b60b,32,160,0,0.0645810142159462,-0.07070919126272202,-1.320039987564087,-0.0001055885486483174,0.0,-0.0,-0.0,-0.0,-0.0001055885486483174,0.0,0.0,2,81.70130920410156
std005,0,KL006,6684926c7289bd8432a31af5074bd32b85fff20f3961f66edf76fb6119b4b60b,32,160,0,-0.008174831047654152,-0.016207844018936157,-0.0675138309597969,-0.0005012111760157459,0.0,-0.0,-0.0,-0.0,-0.0005012111760157459,0.0,0.0,0,
std005,0,KL007,6684926c7289bd8432a31af5074bd32b85fff20f3961f66edf76fb6119b4b60b,32,160,0,0.0755319818854332,-0.028705764561891556,0.18120355904102325,-0.00012386378922149818,0.0,-0.0,-0.0,-0.0,-0.00012386378922149818,0.0,0.0,0,
std005,0,KL008,6684926c7289bd8432a31af5074bd32b85fff20f3961f66edf76fb6119b4b60b,32,160,0,0.11141002923250198,-0.019680146127939224,-1.1494619846343994,-0.0005269744206662813,0.0,-0.0,-0.0,-0.0,-0.0005269744206662813,0.0,0.0,2,54.085453033447266
std005,0,KL009,6684926c7289bd8432a31af5074bd32b85fff20f3961f66edf76fb6119b4b60b,32,160,0,0.10310905426740646,-0.02441600151360035,-1.9249721765518188,-0.00016892569133465497,0.0,-0.0,-0.0,-0.0,-0.00016892569133465497,0.0,0.0,3,54.085453033447266
std005,0,KL0010,6684926c7289bd8432a31af5074bd32b85fff20f3961f66edf76fb6119b4b60b,32,160,0,0.05744663625955582,-0.02232886292040348,-0.4803384840488434,-9.415676587067847e-05,0.0,-0.0,-0.0,-0.0,-9.415676587067847e-05,0.0,0.0,1,179.45773315429688
std005,0,KL001,6684926c7289bd8432a31af5074bd32b85fff20f3961f66edf76fb6119b4b60b,33,165,0,-0.05249830335378647,-0.030747516080737114,-0.5190083980560303,-0.00042374166045863553,0.0,-0.0,-0.0,-0.0,-0.00042374166045863553,0.0,0.0,0,
std005,0,KL002,6684926c7289bd8432a31af5074bd32b85fff20f3961f66edf76fb6119b4b60b,33,165,0,-0.03555461764335632,-0.010940030217170715,0.013300917111337185,-5.821001979860425e-05,0.0,-0.0,-0.0,-0.0,-5.821001979860425e-05,0.0,0.0,0,
std005,0,KL003,6684926c7289bd8432a31af5074bd32b85fff20f3961f66edf76fb6119b4b60b,33,165,0,0.008260244503617287,-0.040733613073825836,0.12573020160198212,-0.0014971656679788382,0.0,-0.0,-0.0,-0.0,-0.0014971656679788382,0.0,0.0,0,
std005,0,KL004,6684926c7289bd8432a31af5074bd32b85fff20f3961f66edf76fb6119b4b60b,33,165,0,-0.01594448648393154,-0.06348910927772522,-0.3230620324611664,-0.001089749521727343,0.0,-0.0,-0.0,-0.0,-0.001089749521727343,0.0,0.0,0,
std005,0,KL005,6684926c7289bd8432a31af5074bd32b85fff20f3961f66edf76fb6119b4b60b,33,165,0,0.0645672157406807,-0.07032082229852676,-1.309300184249878,-0.00010556909251264909,0.0,-0.0,-0.0,-0.0,-0.00010556909251264909,0.0,0.0,2,76.80166625976562
std005,0,KL006,6684926c7289bd8432a31af5074bd32b85fff20f3961f66edf76fb6119b4b60b,33,165,0,-0.02324417047202587,-0.014644429087638855,-0.04554111510515213,-0.0004796268003990072,0.0,-0.0,-0.0,-0.0,-0.0004796268003990072,0.0,0.0,0,
std005,0,KL007,6684926c7289bd8432a31af5074bd32b85fff20f3961f66edf76fb6119b4b60b,33,165,0,0.07514585554599762,-0.028445055708289146,0.19731952250003815,-0.0001232406163893684,0.0,-0.0,-0.0,-0.0,-0.0001232406163893684,0.0,0.0,0,
std005,0,KL008,6684926c7289bd8432a31af5074bd32b85fff20f3961f66edf76fb6119b4b60b,33,165,0,0.09084592759609222,-0.014129155315458775,-1.3056092262268066,-0.0004942346793063836,0.0,-0.0,-0.0,-0.0,-0.0004942346793063836,0.0,0.0,2,49.208980560302734
std005,0,KL009,6684926c7289bd8432a31af5074bd32b85fff20f3961f66edf76fb6119b4b60b,33,165,0,0.10159068554639816,-0.023170392960309982,-1.9440863132476807,-0.00016644916538276948,0.0,-0.0,-0.0,-0.0,-0.00016644916538276948,0.0,0.0,3,49.208980560302734
std005,0,KL0010,6684926c7289bd8432a31af5074bd32b85fff20f3961f66edf76fb6119b4b60b,33,165,0,0.05634345859289169,-0.02332213521003723,-0.47965893149375916,-9.237514177363677e-05,0.0,-0.0,-0.0,-0.0,-9.237514177363677e-05,0.0,0.0,1,171.4295654296875
std005,0,KL001,6684926c7289bd8432a31af5074bd32b85fff20f3961f66edf76fb6119b4b60b,34,170,0,-0.05371991544961929,-0.030343985185027122,-0.5136597752571106,-0.0004280769372384909,0.0,-0.0,-0.0,-0.0,-0.0004280769372384909,0.0,0.0,0,
std005,0,KL002,6684926c7289bd8432a31af5074bd32b85fff20f3961f66edf76fb6119b4b60b,34,170,0,-0.037116579711437225,-0.010344291105866432,0.014707616530358791,-6.077072307661148e-05,0.0,-0.0,-0.0,-0.0,-6.077072307661148e-05,0.0,0.0,0,
std005,0,KL003,6684926c7289bd8432a31af5074bd32b85fff20f3961f66edf76fb6119b4b60b,34,170,0,0.02003381960093975,-0.05838996171951294,0.1854970008134842,-0.0015229213361645864,0.0,-0.0,-0.0,-0.0,-0.0015229213361645864,0.0,0.0,0,
std005,0,KL004,6684926c7289bd8432a31af5074bd32b85fff20f3961f66edf76fb6119b4b60b,34,170,0,-0.01730499230325222,-0.06384075433015823,-0.31015732884407043,-0.0010956153416654465,0.0,-0.0,-0.0,-0.0,-0.0010956153416654465,0.0,0.0,0,
std005,0,KL005,6684926c7289bd8432a31af5074bd32b85fff20f3961f66edf76fb6119b4b60b,34,170,0,0.06457904726266861,-0.06955461204051971,-1.292771577835083,-0.00010559159907053675,0.0,-0.0,-0.0,-0.0,-0.00010559159907053675,0.0,0.0,2,72.10393524169922
std005,0,KL006,6684926c7289bd8432a31af5074bd32b85fff20f3961f66edf76fb6119b4b60b,34,170,0,-0.024983815848827362,-0.015333238057792187,-0.04248414188623428,-0.0004803852348792934,0.0,-0.0,-0.0,-0.0,-0.0004803852348792934,0.0,0.0,0,
std005,0,KL007,6684926c7289bd8432a31af5074bd32b85fff20f3961f66edf76fb6119b4b60b,34,170,0,0.07300829142332077,-0.028620442375540733,0.20604190230369568,-0.00011974502044655597,0.0,-0.0,-0.0,-0.0,-0.00011974502044655597,0.0,0.0,0,
std005,0,KL008,6684926c7289bd8432a31af5074bd32b85fff20f3961f66edf76fb6119b4b60b,34,170,0,0.0916609913110733,-0.012365341186523438,-1.3323794603347778,-0.0004965685820178311,0.0,-0.0,-0.0,-0.0,-0.0004965685820178311,0.0,0.0,2,45.344356536865234
std005,0,KL009,6684926c7289bd8432a31af5074bd32b85fff20f3961f66edf76fb6119b4b60b,34,170,0,0.10016005486249924,-0.02178843691945076,-1.9369580745697021,-0.0001641163047843213,0.0,-0.0,-0.0,-0.0,-0.0001641163047843213,0.0,0.0,3,45.344356536865234
std005,0,KL0010,6684926c7289bd8432a31af5074bd32b85fff20f3961f66edf76fb6119b4b60b,34,170,0,0.08444897085428238,-0.015944695100188255,-0.581486701965332,-0.00013843879714770703,0.0,-0.0,-0.0,-0.0,-0.00013843879714770703,0.0,0.0,1,166.80226135253906
std005,0,KL001,6684926c7289bd8432a31af5074bd32b85fff20f3961f66edf76fb6119b4b60b,35,175,0,-0.053525783121585846,-0.03085431084036827,-0.5082945227622986,-0.0004301231107469299,0.0,-0.0,-0.0,-0.0,-0.0004301231107469299,0.0,0.0,0,
std005,0,KL002,6684926c7289bd8432a31af5074bd32b85fff20f3961f66edf76fb6119b4b60b,35,175,0,-0.03767814487218857,-0.011323596350848675,0.022982053458690643,-6.169375004321014e-05,0.0,-0.0,-0.0,-0.0,-6.169375004321014e-05,0.0,0.0,0,
std005,0,KL003,6684926c7289bd8432a31af5074bd32b85fff20f3961f66edf76fb6119b4b60b,35,175,0,0.050564929842948914,-0.04230160266160965,0.2219797521829605,-0.0015781324763341632,0.0,-0.0,-0.0,-0.0,-0.0015781324763341632,0.0,0.0,0,
std005,0,KL004,6684926c7289bd8432a31af5074bd32b85fff20f3961f66edf76fb6119b4b60b,35,175,0,-0.01977727748453617,-0.06350819021463394,-0.2866910398006439,-0.00110323298807198,0.0,-0.0,-0.0,-0.0,-0.00110323298807198,0.0,0.0,0,
std005,0,KL005,6684926c7289bd8432a31af5074bd32b85fff20f3961f66edf76fb6119b4b60b,35,175,0,0.09952113777399063,-0.06861458718776703,-1.8280880451202393,-0.00016269717361269066,0.0,-0.0,-0.0,-0.0,-0.00016269717361269066,0.0,0.0,2,67.17361450195312
std005,0,KL006,6684926c7289bd8432a31af5074bd32b85fff20f3961f66edf76fb6119b4b60b,35,175,0,-0.02590365894138813,-0.01604796200990677,-0.025144733488559723,-0.00048260719010791815,0.0,-0.0,-0.0,-0.0,-0.00048260719010791815,0.0,0.0,0,
std005,0,KL007,6684926c7289bd8432a31af5074bd32b85fff20f3961f66edf76fb6119b4b60b,35,175,0,0.07245423644781113,-0.028426453471183777,0.21988165378570557,-0.0001188463235828527,0.0,-0.0,-0.0,-0.0,-0.0001188463235828527,0.0,0.0,0,
std005,0,KL008,6684926c7289bd8432a31af5074bd32b85fff20f3961f66edf76fb6119b4b60b,35,175,0,0.046347543597221375,-0.009789246134459972,-1.28475821018219,-0.00042365789315460905,0.0,-0.0,-0.0,-0.0,-0.00042365789315460905,0.0,0.0,2,40.388763427734375
std005,0,KL009,6684926c7289bd8432a31af5074bd32b85fff20f3961f66edf76fb6119b4b60b,35,175,0,0.0988762304186821,-0.020765257999300957,-1.9329209327697754,-0.000162023887468554,0.0,-0.0,-0.0,-0.0,-0.000162023887468554,0.0,0.0,3,40.388763427734375
std005,0,KL0010,6684926c7289bd8432a31af5074bd32b85fff20f3961f66edf76fb6119b4b60b,35,175,0,0.0844053104519844,-0.01671239361166954,-0.5828734636306763,-0.00013840355612444743,0.0,-0.0,-0.0,-0.0,-0.00013840355612444743,0.0,0.0,1,159.8806915283203
std005,0,KL001,6684926c7289bd8432a31af5074bd32b85fff20f3961f66edf76fb6119b4b60b,36,180,0,-0.05336915701627731,-0.03105880506336689,-0.5046688318252563,-0.0004322614444419414,0.0,-0.0,-0.0,-0.0,-0.0004322614444419414,0.0,0.0,0,
std005,0,KL002,6684926c7289bd8432a31af5074bd32b85fff20f3961f66edf76fb6119b4b60b,36,180,0,-0.03869112581014633,-0.012796442955732346,0.029775582253932953,-6.335609636191261e-05,0.0,-0.0,-0.0,-0.0,-6.335609636191261e-05,0.0,0.0,0,
std005,0,KL003,6684926c7289bd8432a31af5074bd32b85fff20f3961f66edf76fb6119b4b60b,36,180,0,0.04796738922595978,-0.043123893439769745,0.21183088421821594,-0.001575961328509014,0.0,-0.0,-0.0,-0.0,-0.001575961328509014,0.0,0.0,0,
std005,0,KL004,6684926c7289bd8432a31af5074bd32b85fff20f3961f66edf76fb6119b4b60b,36,180,0,-0.023472202941775322,-0.06192288547754288,-0.27287521958351135,-0.0011127309013626535,0.0,-0.0,-0.0,-0.0,-0.0011127309013626535,0.0,0.0,0,
std005,0,KL005,6684926c7289bd8432a31af5074bd32b85fff20f3961f66edf76fb6119b4b60b,36,180,0,0.11482615023851395,-0.033392488956451416,-1.9698169231414795,-0.00018775740578508371,0.0,-0.0,-0.0,-0.0,-0.00018775740578508371,0.0,0.0,3,63.23702621459961
std005,0,KL006,6684926c7289bd8432a31af5074bd32b85fff20f3961f66edf76fb6119b4b60b,36,180,0,-0.02896452136337757,-0.016043096780776978,-0.05932457000017166,-0.00048143493108823054,0.0,-0.0,-0.0,-0.0,-0.00048143493108823054,0.0,0.0,0,
std005,0,KL007,6684926c7289bd8432a31af5074bd32b85fff20f3961f66edf76fb6119b4b60b,36,180,0,0.07197321951389313,-0.028141256421804428,0.23356984555721283,-0.00011806749550737425,0.0,-0.0,-0.0,-0.0,-0.00011806749550737425,0.0,0.0,0,
std005,0,KL008,6684926c7289bd8432a31af5074bd32b85fff20f3961f66edf76fb6119b4b60b,36,180,0,0.05980005860328674,-0.0036810701712965965,-1.4018068313598633,-0.00044694078769906515,0.0,-0.0,-0.0,-0.0,-0.00044694078769906515,0.0,0.0,2,37.583526611328125
std005,0,KL009,6684926c7289bd8432a31af5074bd32b85fff20f3961f66edf76fb6119b4b60b,36,180,0,0.0980822816491127,-0.02006371133029461,-1.9261430501937866,-0.0001607341131162986,0.0,-0.0,-0.0,-0.0,-0.0001607341131162986,0.0,0.0,3,37.583526611328125
std005,0,KL0010,6684926c7289bd8432a31af5074bd32b85fff20f3961f66edf76fb6119b4b60b,36,180,0,0.0968581959605217,-0.01540188118815422,-0.6570427417755127,-0.0001588353394377945,0.0,-0.0,-0.0,-0.0,-0.0001588353394377945,0.0,0.0,2,155.08180236816406
std005,0,KL001,6684926c7289bd8432a31af5074bd32b85fff20f3961f66edf76fb6119b4b60b,37,185,0,-0.053642287850379944,-0.03201153874397278,-0.4972592294216156,-0.0004351339944920751,0.0,-0.0,-0.0,-0.0,-0.0004351339944920751,0.0,0.0,0,
std005,0,KL002,6684926c7289bd8432a31af5074bd32b85fff20f3961f66edf76fb6119b4b60b,37,185,0,-0.008353562094271183,-0.02545059286057949,0.0343816801905632,-1.3709130109428194e-05,0.0,-0.0,-0.0,-0.0,-1.3709130109428194e-05,0.0,0.0,0,
std005,0,KL003,6684926c7289bd8432a31af5074bd32b85fff20f3961f66edf76fb6119b4b60b,37,185,0,0.04833158850669861,-0.04268306493759155,0.211537703871727,-0.0015782735383229455,0.0,-0.0,-0.0,-0.0,-0.0015782735383229455,0.0,0.0,0,
std005,0,KL004,6684926c7289bd8432a31af5074bd32b85fff20f3961f66edf76fb6119b4b60b,37,185,0,-0.026125924661755562,-0.061829522252082825,-0.25188148021698,-0.0011203610691567574,0.0,-0.0,-0.0,-0.0,-0.0011203610691567574,0.0,0.0,0,
std005,0,KL005,6684926c7289bd8432a31af5074bd32b85fff20f3961f66edf76fb6119b4b60b,37,185,0,0.11543493717908859,-0.03143016993999481,-1.9887460470199585,-0.00018875965135686405,0.0,-0.0,-0.0,-0.0,-0.00018875965135686405,0.0,0.0,3,58.258358001708984
std005,0,KL006,6684926c7289bd8432a31af5074bd32b85fff20f3961f66edf76fb6119b4b60b,37,185,0,-0.028990307822823524,-0.016596173867583275,-0.0274893119931221,-0.0004854086902934242,0.0,-0.0,-0.0,-0.0,-0.0004854086902934242,0.0,0.0,0,
std005,0,KL007,6684926c7289bd8432a31af5074bd32b85fff20f3961f66edf76fb6119b4b60b,37,185,0,0.07074300944805145,-0.027576887980103493,0.2447579950094223,-0.00011605966109472025,0.0,-0.0,-0.0,-0.0,-0.00011605966109472025,0.0,0.0,0,
std005,0,KL008,6684926c7289bd8432a31af5074bd32b85fff20f3961f66edf76fb6119b4b60b,37,185,0,0.05233701318502426,-0.0046884650364518166,-1.331080436706543,-0.0004360789618586296,0.0,-0.0,-0.0,-0.0,-0.0004360789618586296,0.0,0.0,2,32.029869079589844
std005,0,KL009,6684926c7289bd8432a31af5074bd32b85fff20f3961f66edf76fb6119b4b60b,37,185,0,0.0811956450343132,-0.011709555983543396,-1.4079678058624268,-0.00013307191992722612,0.0,-0.0,-0.0,-0.0,-0.00013307191992722612,0.0,0.0,3,32.029869079589844
std005,0,KL0010,6684926c7289bd8432a31af5074bd32b85fff20f3961f66edf76fb6119b4b60b,37,185,0,0.09517694264650345,-0.0151616670191288,-0.650256872177124,-0.00015609195456508517,0.0,-0.0,-0.0,-0.0,-0.00015609195456508517,0.0,0.0,2,149.5314178466797
std005,0,KL001,6684926c7289bd8432a31af5074bd32b85fff20f3961f66edf76fb6119b4b60b,38,190,0,-0.05457303673028946,-0.03092825599014759,-0.4957360625267029,-0.00043911299713025306,0.0,-0.0,-0.0,-0.0,-0.00043911299713025306,0.0,0.0,0,
std005,0,KL002,6684926c7289bd8432a31af5074bd32b85fff20f3961f66edf76fb6119b4b60b,38,190,0,-0.009276382625102997,-0.025704514235258102,0.026888005435466766,-1.519189674291717e-05,0.0,-0.0,-0.0,-0.0,-1.519189674291717e-05,0.0,0.0,0,
std005,0,KL003,6684926c7289bd8432a31af5074bd32b85fff20f3961f66edf76fb6119b4b60b,38,190,0,0.04907097667455673,-0.04292704164981842,0.21086983382701874,-0.0014956579771896819,0.0,-0.0,-0.0,-0.0,-0.0014956579771896819,0.0,0.0,0,
std005,0,KL004,6684926c7289bd8432a31af5074bd32b85fff20f3961f66edf76fb6119b4b60b,38,190,0,-0.027913058176636696,-0.061496831476688385,-0.2379247546195984,-0.001126443333328398,0.0,-0.0,-0.0,-0.0,-0.001126443333328398,0.0,0.0,0,
std005,0,KL005,6684926c7289bd8432a31af5074bd32b85fff20f3961f66edf76fb6119b4b60b,38,190,0,0.11535084247589111,-0.029708584770560265,-1.9674556255340576,-0.00018862914405119317,0.0,-0.0,-0.0,-0.0,-0.00018862914405119317,0.0,0.0,3,53.38356018066406
std005,0,KL006,6684926c7289bd8432a31af5074bd32b85fff20f3961f66edf76fb6119b4b60b,38,190,0,-0.030882349237799644,-0.017411673441529274,-0.027129121124744415,-0.00048641406216666256,0.0,-0.0,-0.0,-0.0,-0.00048641406216666256,0.0,0.0,0,
std005,0,KL007,6684926c7289bd8432a31af5074bd32b85fff20f3961f66edf76fb6119b4b60b,38,190,0,0.0683506652712822,-0.027650363743305206,0.25610101222991943,-0.00011214499066931694,0.0,-0.0,-0.0,-0.0,-0.00011214499066931694,0.0,0.0,0,
std005,0,KL008,6684926c7289bd8432a31af5074bd32b85fff20f3961f66edf76fb6119b4b60b,38,190,0,0.014233697205781937,-0.025997374206781387,-1.4414676427841187,-0.0003753008484554101,0.0,-0.0,-0.0,-0.0,-0.0003753008484554101,0.0,0.0,2,27.522653579711914
std005,0,KL009,6684926c7289bd8432a31af5074bd32b85fff20f3961f66edf76fb6119b4b60b,38,190,0,0.08132591098546982,-0.012165777385234833,-1.3590542078018188,-0.0001332952526772544,0.0,-0.0,-0.0,-0.0,-0.0001332952526772544,0.0,0.0,3,27.522653579711914
std005,0,KL0010,6684926c7289bd8432a31af5074bd32b85fff20f3961f66edf76fb6119b4b60b,38,190,0,0.09400775283575058,-0.013381022959947586,-0.6371784210205078,-0.0001541882557744204,0.0,-0.0,-0.0,-0.0,-0.0001541882557744204,0.0,0.0,2,145.3994140625
std005,0,KL001,6684926c7289bd8432a31af5074bd32b85fff20f3961f66edf76fb6119b4b60b,39,195,0,-0.05584274232387543,-0.03116980381309986,-0.4865746796131134,-0.00044367577072404864,0.0,-0.0,-0.0,-0.0,-0.00044367577072404864,0.0,0.0,0,
std005,0,KL002,6684926c7289bd8432a31af5074bd32b85fff20f3961f66edf76fb6119b4b60b,39,195,0,-0.008937699720263481,-0.025532538071274757,0.02987103909254074,-1.4638109578948101e-05,0.0,-0.0,-0.0,-0.0,-1.4638109578948101e-05,0.0,0.0,0,
std005,0,KL003,6684926c7289bd8432a31af5074bd32b85fff20f3961f66edf76fb6119b4b60b,39,195,0,0.05261440575122833,-0.04139985144138336,0.22175715863704681,-0.0015032878911876847,0.0,-0.0,-0.0,-0.0,-0.0015032878911876847,0.0,0.0,0,
std005,0,KL004,6684926c7289bd8432a31af5074bd32b85fff20f3961f66edf76fb6119b4b60b,39,195,0,-0.030856112018227577,-0.061716943979263306,-0.21965894103050232,-0.001134301447155664,0.0,-0.0,-0.0,-0.0,-0.001134301447155664,0.0,0.0,0,
std005,0,KL005,6684926c7289bd8432a31af5074bd32b85fff20f3961f66edf76fb6119b4b60b,39,195,0,0.11451918631792068,-0.027657771483063698,-1.952933430671692,-0.00018727635234623522,0.0,-0.0,-0.0,-0.0,-0.00018727635234623522,0.0,0.0,3,48.96229934692383
std005,0,KL006,6684926c7289bd8432a31af5074bd32b85fff20f3961f66edf76fb6119b4b60b,39,195,0,-0.03465365618467331,-0.01803913153707981,-0.0350533202290535,-0.00048451340071844833,0.0,-0.0,-0.0,-0.0,-0.00048451340071844833,0.0,0.0,0,
std005,0,KL007,6684926c7289bd8432a31af5074bd32b85fff20f3961f66edf76fb6119b4b60b,39,195,0,0.06612970679998398,-0.027204614132642746,0.2650664150714874,-0.00010851102432341868,0.0,-0.0,-0.0,-0.0,-0.00010851102432341868,0.0,0.0,0,
std005,0,KL008,6684926c7289bd8432a31af5074bd32b85fff20f3961f66edf76fb6119b4b60b,39,195,0,0.016769424080848694,-0.021660739555954933,-1.5030791759490967,-0.0003811619620702645,0.0,-0.0,-0.0,-0.0,-0.0003811619620702645,0.0,0.0,2,23.957109451293945
std005,0,KL009,6684926c7289bd8432a31af5074bd32b85fff20f3961f66edf76fb6119b4b60b,39,195,0,0.08008792251348495,-0.012512912973761559,-1.3583539724349976,-0.00013127611627824972,0.0,-0.0,-0.0,-0.0,-0.00013127611627824972,0.0,0.0,3,23.957109451293945
std005,0,KL0010,6684926c7289bd8432a31af5074bd32b85fff20f3961f66edf76fb6119b4b60b,39,195,0,0.11138367652893066,-0.013002091087400913,-0.7094850540161133,-0.0001827015549446574,0.0,-0.0,-0.0,-0.0,-0.0001827015549446574,0.0,0.0,2,140.59983825683594
std005,0,KL001,6684926c7289bd8432a31af5074bd32b85fff20f3961f66edf76fb6119b4b60b,40,200,0,-0.05573852360248566,-0.03183508664369583,-0.4776288568973541,-0.00044601950945062754,0.0,-0.0,-0.0,-0.0,-0.00044601950945062754,0.0,0.0,0,
std005,0,KL002,6684926c7289bd8432a31af5074bd32b85fff20f3961f66edf76fb6119b4b60b,40,200,0,-0.008462144993245602,-0.025639275088906288,0.034517668187618256,-1.3860092487707774e-05,0.0,-0.0,-0.0,-0.0,-1.3860092487707774e-05,0.0,0.0,0,
std005,0,KL003,6684926c7289bd8432a31af5074bd32b85fff20f3961f66edf76fb6119b4b60b,40,200,0,0.05230750888586044,-0.04146416485309601,0.2198076993227005,-0.001420590139022318,0.0,-0.0,-0.0,-0.0,-0.001420590139022318,0.0,0.0,0,
std005,0,KL004,6684926c7289bd8432a31af5074bd32b85fff20f3961f66edf76fb6119b4b60b,40,200,0,-0.033350974321365356,-0.06147902458906174,-0.19917629659175873,-0.0011412595655692157,0.0,-0.0,-0.0,-0.0,-0.0011412595655692157,0.0,0.0,0,
std005,0,KL005,6684926c7289bd8432a31af5074bd32b85fff20f3961f66edf76fb6119b4b60b,40,200,0,0.09493634104728699,-0.017726948484778404,-2.0880062580108643,-0.00015525993547697297,0.0,-0.0,-0.0,-0.0,-0.00015525993547697297,0.0,0.0,3,43.94481658935547
std005,0,KL006,6684926c7289bd8432a31af5074bd32b85fff20f3961f66edf76fb6119b4b60b,40,200,0,-0.035572730004787445,-0.018626926466822624,-0.024713464081287384,-0.00048752460301063993,0.0,-0.0,-0.0,-0.0,-0.00048752460301063993,0.0,0.0,0,
std005,0,KL007,6684926c7289bd8432a31af5074bd32b85fff20f3961f66edf76fb6119b4b60b,40,200,0,0.09528390318155289,-0.019200140610337257,0.29404279589653015,-0.00015633157854614592,0.0,-0.0,-0.0,-0.0,-0.00015633157854614592,0.0,0.0,0,
std005,0,KL008,6684926c7289bd8432a31af5074bd32b85fff20f3961f66edf76fb6119b4b60b,40,200,0,0.01618858613073826,-0.02099873684346676,-1.4864232540130615,-0.00038199738945717156,0.0,-0.0,-0.0,-0.0,-0.00038199738945717156,0.0,0.0,2,18.90452766418457
std005,0,KL009,6684926c7289bd8432a31af5074bd32b85fff20f3961f66edf76fb6119b4b60b,40,200,0,0.07903790473937988,-0.012812172062695026,-1.3574033975601196,-0.00012956494649827522,0.0,-0.0,-0.0,-0.0,-0.00012956494649827522,0.0,0.0,3,18.90452766418457
std005,0,KL0010,6684926c7289bd8432a31af5074bd32b85fff20f3961f66edf76fb6119b4b60b,40,200,0,0.1092650517821312,-0.013070205226540565,-0.6938017010688782,-0.00017924314343492156,0.0,-0.0,-0.0,-0.0,-0.00017924314343492156,0.0,0.0,2,134.7934112548828
std005,0,KL001,6684926c7289bd8432a31af5074bd32b85fff20f3961f66edf76fb6119b4b60b,41,205,0,-0.057987652719020844,-0.032665885984897614,-0.4507463872432709,-0.0004522465035834409,0.0,-0.0,-0.0,-0.0,-0.0004522465035834409,0.0,0.0,0,
std005,0,KL002,6684926c7289bd8432a31af5074bd32b85fff20f3961f66edf76fb6119b4b60b,41,205,0,-0.007537937723100185,-0.025668567046523094,0.0385284349322319,-1.2347112339594176e-05,0.0,-0.0,-0.0,-0.0,-1.2347112339594176e-05,0.0,0.0,0,
std005,0,KL003,6684926c7289bd8432a31af5074bd32b85fff20f3961f66edf76fb6119b4b60b,41,205,0,0.056565918028354645,-0.03914918005466461,0.23326019942760468,-0.0014281375107106824,0.0,-0.0,-0.0,-0.0,-0.0014281375107106824,0.0,0.0,0,
std005,0,KL004,6684926c7289bd8432a31af5074bd32b85fff20f3961f66edf76fb6119b4b60b,41,205,0,-0.0661967545747757,-0.06479839980602264,-0.19234053790569305,-0.0011974552455317766,0.0,-0.0,-0.0,-0.0,-0.0011974552455317766,0.0,0.0,0,
std005,0,KL005,6684926c7289bd8432a31af5074bd32b85fff20f3961f66edf76fb6119b4b60b,41,205,0,0.09237227588891983,-0.016386251896619797,-2.0233724117279053,-0.00015107300075809654,0.0,-0.0,-0.0,-0.0,-0.00015107300075809654,0.0,0.0,3,38.850746154785156
std005,0,KL006,6684926c7289bd8432a31af5074bd32b85fff20f3961f66edf76fb6119b4b60b,41,205,0,-0.03764290362596512,-0.01974959298968315,-0.007227876223623753,-0.0004887985477082247,0.0,-0.0,-0.0,-0.0,-0.0004887985477082247,0.0,0.0,0,
std005,0,KL007,6684926c7289bd8432a31af5074bd32b85fff20f3961f66edf76fb6119b4b60b,41,205,0,0.09307515621185303,-0.016997797414660454,0.3105471432209015,-0.00015275168369695204,0.0,-0.0,-0.0,-0.0,-0.00015275168369695204,0.0,0.0,0,
std005,0,KL008,6684926c7289bd8432a31af5074bd32b85fff20f3961f66edf76fb6119b4b60b,41,205,0,0.014155002310872078,-0.021138573065400124,-1.4726245403289795,-0.00038048265357017424,0.0,-0.0,-0.0,-0.0,-0.00038048265357017424,0.0,0.0,2,13.943608283996582
std005,0,KL009,6684926c7289bd8432a31af5074bd32b85fff20f3961f66edf76fb6119b4b60b,41,205,0,0.07702949643135071,-0.012148752808570862,-1.342297911643982,-0.00012628258136434403,0.0,-0.0,-0.0,-0.0,-0.00012628258136434403,0.0,0.0,3,13.943608283996582
std005,0,KL0010,6684926c7289bd8432a31af5074bd32b85fff20f3961f66edf76fb6119b4b60b,41,205,0,0.11030943691730499,-0.014083120971918106,-0.6738011837005615,-0.00018097307585941133,0.0,-0.0,-0.0,-0.0,-0.00018097307585941133,0.0,0.0,2,130.060791015625
std005,0,KL001,6684926c7289bd8432a31af5074bd32b85fff20f3961f66edf76fb6119b4b60b,42,210,0,-0.058258526027202606,-0.032560475170612335,-0.4411778450012207,-0.00045526341893812667,0.0,-0.0,-0.0,-0.0,-0.00045526341893812667,0.0,0.0,0,
std005,0,KL002,6684926c7289bd8432a31af5074bd32b85fff20f3961f66edf76fb6119b4b60b,42,210,0,-0.005994078237563372,-0.026765258982777596,0.04713612049818039,-9.81891869706258e-06,0.0,-0.0,-0.0,-0.0,-9.81891869706258e-06,0.0,0.0,0,
std005,0,KL003,6684926c7289bd8432a31af5074bd32b85fff20f3961f66edf76fb6119b4b60b,42,210,0,0.05689719319343567,-0.03885715454816818,0.23242320120334625,-0.0014356992499407928,0.0,-0.0,-0.0,-0.0,-0.0014356992499407928,0.0,0.0,0,
std005,0,KL004,6684926c7289bd8432a31af5074bd32b85fff20f3961f66edf76fb6119b4b60b,42,210,0,-0.0696713924407959,-0.06175711005926132,-0.16021142899990082,-0.0012042172980720298,0.0,-0.0,-0.0,-0.0,-0.0012042172980720298,0.0,0.0,0,
std005,0,KL005,6684926c7289bd8432a31af5074bd32b85fff20f3961f66edf76fb6119b4b60b,42,210,0,0.09103421866893768,-0.015294491313397884,-1.9838895797729492,-0.00014889097289493523,0.0,-0.0,-0.0,-0.0,-0.00014889097289493523,0.0,0.0,3,33.8837890625
std005,0,KL006,6684926c7289bd8432a31af5074bd32b85fff20f3961f66edf76fb6119b4b60b,42,210,0,-0.03890417516231537,-0.019979776814579964,0.0008063532877713442,-0.0004915990777197447,0.0,-0.0,-0.0,-0.0,-0.0004915990777197447,0.0,0.0,0,
std005,0,KL007,6684926c7289bd8432a31af5074bd32b85fff20f3961f66edf76fb6119b4b60b,42,210,0,0.09133446961641312,-0.01716577261686325,0.3182940185070038,-0.00014990989705060146,0.0,-0.0,-0.0,-0.0,-0.00014990989705060146,0.0,0.0,0,
std005,0,KL008,6684926c7289bd8432a31af5074bd32b85fff20f3961f66edf76fb6119b4b60b,42,210,0,0.013879303820431232,-0.020825201645493507,-1.4646458625793457,-0.0003818762543771085,0.0,-0.0,-0.0,-0.0,-0.0003818762543771085,0.0,0.0,2,9.006543159484863
std005,0,KL009,6684926c7289bd8432a31af5074bd32b85fff20f3961f66edf76fb6119b4b60b,42,210,0,0.07609409838914871,-0.012300991453230381,-1.3195221424102783,-0.0001247590447436432,0.0,-0.0,-0.0,-0.0,-0.0001247590447436432,0.0,0.0,3,9.006543159484863
std005,0,KL0010,6684926c7289bd8432a31af5074bd32b85fff20f3961f66edf76fb6119b4b60b,42,210,0,0.10905171930789948,-0.013720606453716755,-0.6582953929901123,-0.00017892686033565253,0.0,-0.0,-0.0,-0.0,-0.00017892686033565253,0.0,0.0,2,125.20384216308594
std005,0,KL001,6684926c7289bd8432a31af5074bd32b85fff20f3961f66edf76fb6119b4b60b,43,215,0,-0.011885907500982285,-0.06817122548818588,-0.49201661348342896,-0.00038206679943714525,0.0,-0.0,-0.0,-0.0,-0.00038206679943714525,0.0,0.0,0,
std005,0,KL002,6684926c7289bd8432a31af5074bd32b85fff20f3961f66edf76fb6119b4b60b,43,215,0,0.004961036611348391,-0.027243295684456825,0.055154018104076385,-8.126885798674179e-06,0.0,-0.0,-0.0,-0.0,-8.126885798674179e-06,0.0,0.0,0,
std005,0,KL003,6684926c7289bd8432a31af5074bd32b85fff20f3961f66edf76fb6119b4b60b,43,215,0,0.05656087398529053,-0.038553543388843536,0.23274831473827362,-0.0013529056024687222,0.0,-0.0,-0.0,-0.0,-0.0013529056024687222,0.0,0.0,0,
std005,0,KL004,6684926c7289bd8432a31af5074bd32b85fff20f3961f66edf76fb6119b4b60b,43,215,0,-0.07165137678384781,-0.061220452189445496,-0.1476498246192932,-0.0012081206736636126,0.0,-0.0,-0.0,-0.0,-0.0012081206736636126,0.0,0.0,0,
std005,0,KL005,6684926c7289bd8432a31af5074bd32b85fff20f3961f66edf76fb6119b4b60b,43,215,0,0.08968943357467651,-0.014641916379332542,-1.951568603515625,-0.00014669782327706782,0.0,-0.0,-0.0,-0.0,-0.00014669782327706782,0.0,0.0,3,28.89751434326172
std005,0,KL006,6684926c7289bd8432a31af5074bd32b85fff20f3961f66edf76fb6119b4b60b,43,215,0,-0.04007423669099808,-0.02011859603226185,0.008317164145410061,-0.0004947286912488671,0.0,-0.0,-0.0,-0.0,-0.0004947286912488671,0.0,0.0,0,
std005,0,KL007,6684926c7289bd8432a31af5074bd32b85fff20f3961f66edf76fb6119b4b60b,43,215,0,0.0895739197731018,-0.017037779092788696,0.3255365192890167,-0.00014703522088904962,0.0,-0.0,-0.0,-0.0,-0.00014703522088904962,0.0,0.0,0,
std005,0,KL008,6684926c7289bd8432a31af5074bd32b85fff20f3961f66edf76fb6119b4b60b,43,215,0,0.013153037056326866,-0.02004745416343212,-1.4606919288635254,-0.9460803482924733,0.0,-0.9456977940944832,-0.0,-0.0,-0.0003825541979901592,1.0,1.0,2,4.020423889160156
std005,0,KL009,6684926c7289bd8432a31af5074bd32b85fff20f3961f66edf76fb6119b4b60b,43,215,0,0.049607910215854645,-0.0025080693885684013,-1.487980604171753,-0.9457791583739587,0.0,-0.9456977940944832,-0.0,-0.0,-8.136427947547098e-05,1.0,1.0,3,4.020423889160156
std005,0,KL0010,6684926c7289bd8432a31af5074bd32b85fff20f3961f66edf76fb6119b4b60b,43,215,0,0.10782527178525925,-0.013707431964576244,-0.6425015926361084,-0.0001769318980581994,0.0,-0.0,-0.0,-0.0,-0.0001769318980581994,0.0,0.0,2,120.4224853515625
std005,0,KL001,6684926c7289bd8432a31af5074bd32b85fff20f3961f66edf76fb6119b4b60b,44,220,0,-0.01158911269158125,-0.07518498599529266,-0.47659608721733093,-0.0003842598551959261,0.0,-0.0,-0.0,-0.0,-0.0003842598551959261,0.0,0.0,0,
std005,0,KL002,6684926c7289bd8432a31af5074bd32b85fff20f3961f66edf76fb6119b4b60b,44,220,0,0.004492928273975849,-0.025342341512441635,0.04896005243062973,-7.360515814800641e-06,0.0,-0.0,-0.0,-0.0,-7.360515814800641e-06,0.0,0.0,0,
std005,0,KL003,6684926c7289bd8432a31af5074bd32b85fff20f3961f66edf76fb6119b4b60b,44,220,0,0.0605430006980896,-0.036974214017391205,0.24834872782230377,-0.001360356635557415,0.0,-0.0,-0.0,-0.0,-0.001360356635557415,0.0,0.0,0,
std005,0,KL004,6684926c7289bd8432a31af5074bd32b85fff20f3961f66edf76fb6119b4b60b,44,220,0,-0.07309383898973465,-0.0623670369386673,-0.13327036798000336,-0.0012109113258380374,0.0,-0.0,-0.0,-0.0,-0.0012109113258380374,0.0,0.0,0,
std005,0,KL005,6684926c7289bd8432a31af5074bd32b85fff20f3961f66edf76fb6119b4b60b,44,220,0,0.09132042527198792,-0.014447145164012909,-1.9237042665481567,-0.0001493718135192308,0.0,-0.0,-0.0,-0.0,-0.0001493718135192308,0.0,0.0,3,23.913488388061523
std005,0,KL006,6684926c7289bd8432a31af5074bd32b85fff20f3961f66edf76fb6119b4b60b,44,220,0,-0.04024134576320648,-0.022008929401636124,0.0160423144698143,-0.0004996835256993698,0.0,-0.0,-0.0,-0.0,-0.0004996835256993698,0.0,0.0,0,
std005,0,KL007,6684926c7289bd8432a31af5074bd32b85fff20f3961f66edf76fb6119b4b60b,44,220,0,0.08582162111997604,-0.01559910923242569,0.33519452810287476,-0.00014089075041150964,0.0,-0.0,-0.0,-0.0,-0.00014089075041150964,0.0,0.0,0,
std005,0,KL008,6684926c7289bd8432a31af5074bd32b85fff20f3961f66edf76fb6119b4b60b,44,220,0,0.031155770644545555,-0.029485417529940605,-1.5372177362442017,-4.728902812303407,0.0,-4.728488970472416,-0.0,-0.0,-0.00041384183099157923,5.0,0.0,2,0.0
std005,0,KL009,6684926c7289bd8432a31af5074bd32b85fff20f3961f66edf76fb6119b4b60b,44,220,0,0.04945811629295349,-0.004315126687288284,-1.4352120161056519,-4.72857007343392,0.0,-4.728488970472416,-0.0,-0.0,-8.11029615039871e-05,5.0,0.0,3,0.0
std005,0,KL0010,6684926c7289bd8432a31af5074bd32b85fff20f3961f66edf76fb6119b4b60b,44,220,0,0.10711655765771866,-0.014938309788703918,-0.6187778115272522,-0.00017578639845556692,0.0,-0.0,-0.0,-0.0,-0.00017578639845556692,0.0,0.0,2,116.81471252441406
std005,0,KL001,6684926c7289bd8432a31af5074bd32b85fff20f3961f66edf76fb6119b4b60b,45,225,0,-0.012174298986792564,-0.0757172480225563,-0.46652060747146606,-0.0003880347128061457,0.0,-0.0,-0.0,-0.0,-0.0003880347128061457,0.0,0.0,0,
std005,0,KL002,6684926c7289bd8432a31af5074bd32b85fff20f3961f66edf76fb6119b4b60b,45,225,0,0.038417406380176544,-0.07466652989387512,-0.04920993000268936,-6.290186321651774e-05,0.0,-0.0,-0.0,-0.0,-6.290186321651774e-05,0.0,0.0,0,
std005,0,KL003,6684926c7289bd8432a31af5074bd32b85fff20f3961f66edf76fb6119b4b60b,45,225,0,0.05981506407260895,-0.03610712289810181,0.2500801980495453,-0.0013678295863046492,0.0,-0.0,-0.0,-0.0,-0.0013678295863046492,0.0,0.0,0,
std005,0,KL004,6684926c7289bd8432a31af5074bd32b85fff20f3961f66edf76fb6119b4b60b,45,225,0,-0.07508043199777603,-0.06200103461742401,-0.12340892106294632,-0.0012143627880041917,0.0,-0.0,-0.0,-0.0,-0.0012143627880041917,0.0,0.0,0,
std005,0,KL005,6684926c7289bd8432a31af5074bd32b85fff20f3961f66edf76fb6119b4b60b,45,225,0,0.09024129062891006,-0.013422966003417969,-1.900108814239502,-0.00014761322319724462,0.0,-0.0,-0.0,-0.0,-0.00014761322319724462,0.0,0.0,3,18.7923641204834
std005,0,KL006,6684926c7289bd8432a31af5074bd32b85fff20f3961f66edf76fb6119b4b60b,45,225,0,-0.034332022070884705,-0.033823609352111816,0.0019109167624264956,-0.0005147043942726836,0.0,-0.0,-0.0,-0.0,-0.0005147043942726836,0.0,0.0,0,
std005,0,KL007,6684926c7289bd8432a31af5074bd32b85fff20f3961f66edf76fb6119b4b60b,45,225,0,0.08403400331735611,-0.015717647969722748,0.3400554656982422,-0.00013797077083781004,0.0,-0.0,-0.0,-0.0,-0.00013797077083781004,0.0,0.0,0,
std005,0,KL008,6684926c7289bd8432a31af5074bd32b85fff20f3961f66edf76fb6119b4b60b,45,225,0,0.030194642022252083,-0.028731685131788254,-1.5144915580749512,-4.728902949735737,0.0,-4.728488970472416,-0.0,-0.0,-0.0004139792633210959,5.0,0.0,2,0.0
std005,0,KL009,6684926c7289bd8432a31af5074bd32b85fff20f3961f66edf76fb6119b4b60b,45,225,0,0.06734040379524231,-0.05100630223751068,-1.61110520362854,-4.728599404839471,0.0,-4.728488970472416,-0.0,-0.0,-0.0001104343670554897,5.0,0.0,3,0.0
std005,0,KL0010,6684926c7289bd8432a31af5074bd32b85fff20f3961f66edf76fb6119b4b60b,45,225,0,0.10539378970861435,-0.014773562550544739,-0.6078937649726868,-0.00017297686718064316,0.0,-0.0,-0.0,-0.0,-0.00017297686718064316,0.0,0.0,2,111.9849853515625
std005,0,KL001,6684926c7289bd8432a31af5074bd32b85fff20f3961f66edf76fb6119b4b60b,46,230,0,-0.011949405074119568,-0.07541762292385101,-0.4679032862186432,-0.0003905193942007411,0.0,-0.0,-0.0,-0.0,-0.0003905193942007411,0.0,0.0,0,
std005,0,KL002,6684926c7289bd8432a31af5074bd32b85fff20f3961f66edf76fb6119b4b60b,46,230,0,0.008366234600543976,-0.053458668291568756,-0.057662881910800934,-1.3737789109646757e-05,0.0,-0.0,-0.0,-0.0,-1.3737789109646757e-05,0.0,0.0,0,
std005,0,KL003,6684926c7289bd8432a31af5074bd32b85fff20f3961f66edf76fb6119b4b60b,46,230,0,0.059783339500427246,-0.035771727561950684,0.25287607312202454,-0.0012849191360603163,0.0,-0.0,-0.0,-0.0,-0.0012849191360603163,0.0,0.0,0,
std005,0,KL004,6684926c7289bd8432a31af5074bd32b85fff20f3961f66edf76fb6119b4b60b,46,230,0,-0.07544897496700287,-0.06192639470100403,-0.1267019510269165,-0.0012149052820579912,0.0,-0.0,-0.0,-0.0,-0.0012149052820579912,0.0,0.0,0,
std005,0,KL005,6684926c7289bd8432a31af5074bd32b85fff20f3961f66edf76fb6119b4b60b,46,230,0,0.039869628846645355,0.00467997882515192,-1.602567195892334,-6.531371752616225e-05,0.0,-0.0,-0.0,-0.0,-6.531371752616225e-05,0.0,0.0,3,13.807015419006348
std005,0,KL006,6684926c7289bd8432a31af5074bd32b85fff20f3961f66edf76fb6119b4b60b,46,230,0,-0.036880090832710266,-0.0338563472032547,0.007875732146203518,-0.0005157271756691342,0.0,-0.0,-0.0,-0.0,-0.0005157271756691342,0.0,0.0,0,
std005,0,KL007,6684926c7289bd8432a31af5074bd32b85fff20f3961f66edf76fb6119b4b60b,46,230,0,0.08124993741512299,-0.016197538003325462,0.3464902341365814,-0.00013341434722924833,0.0,-0.0,-0.0,-0.0,-0.00013341434722924833,0.0,0.0,0,
std005,0,KL008,6684926c7289bd8432a31af5074bd32b85fff20f3961f66edf76fb6119b4b60b,46,230,0,0.0291343592107296,-0.02805037796497345,-1.5118234157562256,-4.72890294913771,0.0,-4.728488970472416,-0.0,-0.0,-0.0004139786652945787,5.0,0.0,2,0.0
std005,0,KL009,6684926c7289bd8432a31af5074bd32b85fff20f3961f66edf76fb6119b4b60b,46,230,0,0.0663224384188652,-0.04948057979345322,-1.6318371295928955,-4.7285977438713225,0.0,-4.728488970472416,-0.0,-0.0,-0.00010877339890669191,5.0,0.0,3,0.0
std005,0,KL0010,6684926c7289bd8432a31af5074bd32b85fff20f3961f66edf76fb6119b4b60b,46,230,0,0.06174568086862564,-0.004483411088585854,-0.6487764716148376,-0.00010145886726152138,0.0,-0.0,-0.0,-0.0,-0.00010145886726152138,0.0,0.0,2,106.410888671875
std005,0,KL001,6684926c7289bd8432a31af5074bd32b85fff20f3961f66edf76fb6119b4b60b,47,235,0,-0.012933303602039814,-0.07694163918495178,-0.43448111414909363,-0.00039502116230509705,0.0,-0.0,-0.0,-0.0,-0.00039502116230509705,0.0,0.0,0,
std005,0,KL002,6684926c7289bd8432a31af5074bd32b85fff20f3961f66edf76fb6119b4b60b,47,235,0,0.004790905863046646,-0.05261225253343582,-0.03737504035234451,-7.85008684541048e-06,0.0,-0.0,-0.0,-0.0,-7.85008684541048e-06,0.0,0.0,0,
std005,0,KL003,6684926c7289bd8432a31af5074bd32b85fff20f3961f66edf76fb6119b4b60b,47,235,0,0.061594799160957336,-0.03267219662666321,0.2714787423610687,-0.0012922530632537134,0.0,-0.0,-0.0,-0.0,-0.0012922530632537134,0.0,0.0,0,
std005,0,KL004,6684926c7289bd8432a31af5074bd32b85fff20f3961f66edf76fb6119b4b60b,47,235,0,-0.0780678391456604,-0.06159272789955139,-0.11414612084627151,-0.0012189138379980697,0.0,-0.0,-0.0,-0.0,-0.0012189138379980697,0.0,0.0,0,
std005,0,KL005,6684926c7289bd8432a31af5074bd32b85fff20f3961f66edf76fb6119b4b60b,47,235,0,0.03619732707738876,0.0027354080229997635,-1.4709253311157227,-5.9216907027052285e-05,0.0,-0.0,-0.0,-0.0,-5.9216907027052285e-05,0.0,0.0,3,8.768356323242188
std005,0,KL006,6684926c7289bd8432a31af5074bd32b85fff20f3961f66edf76fb6119b4b60b,47,235,0,-0.039644911885261536,-0.03430064022541046,0.016221903264522552,-0.0005166855940269708,0.0,-0.0,-0.0,-0.0,-0.0005166855940269708,0.0,0.0,0,
std005,0,KL007,6684926c7289bd8432a31af5074bd32b85fff20f3961f66edf76fb6119b4b60b,47,235,0,0.07906254380941391,-0.01630706898868084,0.352390319108963,-0.0001298370174906858,0.0,-0.0,-0.0,-0.0,-0.0001298370174906858,0.0,0.0,0,
std005,0,KL008,6684926c7289bd8432a31af5074bd32b85fff20f3961f66edf76fb6119b4b60b,47,235,0,0.027958018705248833,-0.029178094118833542,-1.5028996467590332,-4.728902784492632,0.0,-4.728488970472416,-0.0,-0.0,-0.000413814020216563,5.0,0.0,2,0.0
std005,0,KL009,6684926c7289bd8432a31af5074bd32b85fff20f3961f66edf76fb6119b4b60b,47,235,0,0.0660386011004448,-0.04776715487241745,-1.5746512413024902,-4.728597286898671,0.0,-4.728488970472416,-0.0,-0.0,-0.00010831642625497295,5.0,0.0,3,0.0
std005,0,KL0010,6684926c7289bd8432a31af5074bd32b85fff20f3961f66edf76fb6119b4b60b,47,235,0,0.06495524942874908,-0.006901534274220467,-0.614933431148529,-0.00010663320711285006,0.0,-0.0,-0.0,-0.0,-0.00010663320711285006,0.0,0.0,2,104.45895385742188
std005,0,KL001,6684926c7289bd8432a31af5074bd32b85fff20f3961f66edf76fb6119b4b60b,48,240,0,-0.013830642215907574,-0.07694604992866516,-0.42218640446662903,-0.0003994168050817232,0.0,-0.0,-0.0,-0.0,-0.0003994168050817232,0.0,0.0,0,
std005,0,KL002,6684926c7289bd8432a31af5074bd32b85fff20f3961f66edf76fb6119b4b60b,48,240,0,0.004172440618276596,-0.05246638506650925,-0.03109285980463028,-6.837116490484688e-06,0.0,-0.0,-0.0,-0.0,-6.837116490484688e-06,0.0,0.0,0,
std005,0,KL003,6684926c7289bd8432a31af5074bd32b85fff20f3961f66edf76fb6119b4b60b,48,240,0,0.0586409792304039,-0.030081160366535187,0.2720854580402374,-0.0012996167760340265,0.0,-0.0,-0.0,-0.0,-0.0012996167760340265,0.0,0.0,0,
std005,0,KL004,6684926c7289bd8432a31af5074bd32b85fff20f3961f66edf76fb6119b4b60b,48,240,0,-0.07933234423398972,-0.06158412992954254,-0.10732451826334,-0.0012203575659937476,0.0,-0.0,-0.0,-0.0,-0.0012203575659937476,0.0,0.0,0,
std005,0,KL005,6684926c7289bd8432a31af5074bd32b85fff20f3961f66edf76fb6119b4b60b,48,240,0,0.03497583419084549,0.0036256732419133186,-1.4405314922332764,-1.891452809621194,0.0,-1.8913955881889664,-0.0,-0.0,-5.722143222763876e-05,2.0,1.0,3,3.775049924850464
std005,0,KL006,6684926c7289bd8432a31af5074bd32b85fff20f3961f66edf76fb6119b4b60b,48,240,0,-0.038015179336071014,-0.03355249762535095,0.0627962276339531,-0.0005251467371616845,0.0,-0.0,-0.0,-0.0,-0.0005251467371616845,0.0,0.0,0,
std005,0,KL007,6684926c7289bd8432a31af5074bd32b85fff20f3961f66edf76fb6119b4b60b,48,240,0,0.07693898677825928,-0.016135351732373238,0.356241911649704,-0.00012636404699400906,0.0,-0.0,-0.0,-0.0,-0.00012636404699400906,0.0,0.0,0,
std005,0,KL008,6684926c7289bd8432a31af5074bd32b85fff20f3961f66edf76fb6119b4b60b,48,240,0,0.027680397033691406,-0.028500573709607124,-1.4877135753631592,-6.620299703220514,0.0,-6.619884558661382,-0.0,-0.0,-0.0004151445591320524,7.0,1.0,2,0.0
std005,0,KL009,6684926c7289bd8432a31af5074bd32b85fff20f3961f66edf76fb6119b4b60b,48,240,0,0.08736900985240936,-0.03301451355218887,-1.502294898033142,-4.7286322803359795,0.0,-4.728488970472416,-0.0,-0.0,-0.0001433098635637009,5.0,0.0,3,0.0
std005,0,KL0010,6684926c7289bd8432a31af5074bd32b85fff20f3961f66edf76fb6119b4b60b,48,240,0,0.06366532295942307,-0.006823793053627014,-0.6016179919242859,-0.00010452721404914365,0.0,-0.0,-0.0,-0.0,-0.00010452721404914365,0.0,0.0,2,99.39322662353516
std005,0,KL001,6684926c7289bd8432a31af5074bd32b85fff20f3961f66edf76fb6119b4b60b,49,245,0,-0.006872325204312801,-0.08836186677217484,-0.4029090702533722,-0.00039098942134866685,0.0,-0.0,-0.0,-0.0,-0.00039098942134866685,0.0,0.0,0,
std005,0,KL002,6684926c7289bd8432a31af5074bd32b85fff20f3961f66edf76fb6119b4b60b,49,245,0,0.0038750916719436646,-0.052856914699077606,-0.025664664804935455,-6.3502628403417396e-06,0.0,-0.0,-0.0,-0.0,-6.3502628403417396e-06,0.0,0.0,0,
std005,0,KL003,6684926c7289bd8432a31af5074bd32b85fff20f3961f66edf76fb6119b4b60b,49,245,0,0.054173752665519714,-0.026581890881061554,0.2705453932285309,-0.001216569820346965,0.0,-0.0,-0.0,-0.0,-0.001216569820346965,0.0,0.0,0,
std005,0,KL004,6684926c7289bd8432a31af5074bd32b85fff20f3961f66edf76fb6119b4b60b,49,245,0,-0.08063466101884842,-0.061367280781269073,-0.10642123967409134,-0.0012215630230579626,0.0,-0.0,-0.0,-0.0,-0.0012215630230579626,0.0,0.0,0,
std005,0,KL005,6684926c7289bd8432a31af5074bd32b85fff20f3961f66edf76fb6119b4b60b,49,245,0,0.03452488034963608,0.00436263345181942,-1.413964867591858,-4.728545456958324,0.0,-4.728488970472416,-0.0,-0.0,-5.6486485908280315e-05,5.0,0.0,3,0.0
std005,0,KL006,6684926c7289bd8432a31af5074bd32b85fff20f3961f66edf76fb6119b4b60b,49,245,0,0.004590732976794243,0.00956796482205391,0.10026367753744125,-0.0006005241799512359,0.0,-0.0,-0.0,-0.0,-0.0006005241799512359,0.0,0.0,0,
std005,0,KL007,6684926c7289bd8432a31af5074bd32b85fff20f3961f66edf76fb6119b4b60b,49,245,0,0.07469143718481064,-0.0162937194108963,0.3596437871456146,-0.00012268691379028237,0.0,-0.0,-0.0,-0.0,-0.00012268691379028237,0.0,0.0,0,
std005,0,KL008,6684926c7289bd8432a31af5074bd32b85fff20f3961f66edf76fb6119b4b60b,49,245,0,0.02708486095070839,-0.027778098359704018,-1.4852166175842285,-9.457393914349057,0.0,-9.456977940944832,-0.0,-0.0,-0.00041597340422505624,10.0,0.0,2,0.0
std005,0,KL009,6684926c7289bd8432a31af5074bd32b85fff20f3961f66edf76fb6119b4b60b,49,245,0,0.08631579577922821,-0.03230324387550354,-1.528444528579712,-4.72863056759959,0.0,-4.728488970472416,-0.0,-0.0,-0.00014159712717454198,5.0,0.0,3,0.0
std005,0,KL0010,6684926c7289bd8432a31af5074bd32b85fff20f3961f66edf76fb6119b4b60b,49,245,0,0.06238887459039688,-0.006030462682247162,-0.5973266363143921,-0.00010244313944197547,0.0,-0.0,-0.0,-0.0,-0.00010244313944197547,0.0,0.0,2,93.51478576660156
std005,0,KL001,6684926c7289bd8432a31af5074bd32b85fff20f3961f66edf76fb6119b4b60b,50,250,0,-0.007715903222560883,-0.08924521505832672,-0.39291471242904663,-0.00039539466576396834,0.0,-0.0,-0.0,-0.0,-0.00039539466576396834,0.0,0.0,0,
std005,0,KL002,6684926c7289bd8432a31af5074bd32b85fff20f3961f66edf76fb6119b4b60b,50,250,0,0.0036305105313658714,-0.05299125611782074,-0.02378878742456436,-5.949834414583684e-06,0.0,-0.0,-0.0,-0.0,-5.949834414583684e-06,0.0,0.0,0,
std005,0,KL003,6684926c7289bd8432a31af5074bd32b85fff20f3961f66edf76fb6119b4b60b,50,250,0,0.07393191009759903,-0.045650362968444824,0.24634619057178497,-0.0010592220217546266,0.0,-0.0,-0.0,-0.0,-0.0010592220217546266,0.0,0.0,0,
std005,0,KL004,6684926c7289bd8432a31af5074bd32b85fff20f3961f66edf76fb6119b4b60b,50,250,0,-0.08197241276502609,-0.061724722385406494,-0.10054410248994827,-0.0012224960831563995,0.0,-0.0,-0.0,-0.0,-0.0012224960831563995,0.0,0.0,0,
std005,0,KL005,6684926c7289bd8432a31af5074bd32b85fff20f3961f66edf76fb6119b4b60b,50,250,0,0.035262808203697205,0.005663307383656502,-1.3830318450927734,-4.728546667225838,0.0,-4.728488970472416,-0.0,-0.0,-5.7696753422042946e-05,5.0,0.0,3,0.0
std005,0,KL006,6684926c7289bd8432a31af5074bd32b85fff20f3961f66edf76fb6119b4b60b,50,250,0,-0.004187405109405518,0.008328115567564964,0.11484795063734055,-0.000589776204425478,0.0,-0.0,-0.0,-0.0,-0.000589776204425478,0.0,0.0,0,
std005,0,KL007,6684926c7289bd8432a31af5074bd32b85fff20f3961f66edf76fb6119b4b60b,50,250,0,0.08413544297218323,-0.010534661822021008,0.36738380789756775,-0.00013821486041987147,0.0,-0.0,-0.0,-0.0,-0.00013821486041987147,0.0,0.0,0,
std005,0,KL008,6684926c7289bd8432a31af5074bd32b85fff20f3961f66edf76fb6119b4b60b,50,250,0,0.022067563608288765,-0.027530178427696228,-1.4461205005645752,-9.457387543130686,0.0,-9.456977940944832,-0.0,-0.0,-0.00040960218585439634,10.0,0.0,2,0.0
std005,0,KL009,6684926c7289bd8432a31af5074bd32b85fff20f3961f66edf76fb6119b4b60b,50,250,0,0.08599331229925156,-0.03208386152982712,-1.5212081670761108,-4.728630050813125,0.0,-4.728488970472416,-0.0,-0.0,-0.00014108034070936526,5.0,0.0,3,0.0
std005,0,KL0010,6684926c7289bd8432a31af5074bd32b85fff20f3961f66edf76fb6119b4b60b,50,250,0,0.07246902585029602,-0.048844464123249054,-0.8070142269134521,-0.00011900659311159488,0.0,-0.0,-0.0,-0.0,-0.00011900659311159488,0.0,0.0,2,88.76329040527344
std005,0,KL001,6684926c7289bd8432a31af5074bd32b85fff20f3961f66edf76fb6119b4b60b,51,255,0,-0.007822750136256218,-0.09029264003038406,-0.38083043694496155,-0.0003986314127470767,0.0,-0.0,-0.0,-0.0,-0.0003986314127470767,0.0,0.0,0,
std005,0,KL002,6684926c7289bd8432a31af5074bd32b85fff20f3961f66edf76fb6119b4b60b,51,255,0,0.0037009306252002716,-0.05219442397356033,-0.021464355289936066,-6.065645810649044e-06,0.0,-0.0,-0.0,-0.0,-6.065645810649044e-06,0.0,0.0,0,
std005,0,KL003,6684926c7289bd8432a31af5074bd32b85fff20f3961f66edf76fb6119b4b60b,51,255,0,0.07997466623783112,-0.044161394238471985,0.26312872767448425,-0.0009010849856236838,0.0,-0.0,-0.0,-0.0,-0.0009010849856236838,0.0,0.0,0,
std005,0,KL004,6684926c7289bd8432a31af5074bd32b85fff20f3961f66edf76fb6119b4b60b,51,255,0,-0.08218584209680557,-0.06279665976762772,-0.09731339663267136,-0.0012212349884787369,0.0,-0.0,-0.0,-0.0,-0.0012212349884787369,0.0,0.0,0,
std005,0,KL005,6684926c7289bd8432a31af5074bd32b85fff20f3961f66edf76fb6119b4b60b,51,255,0,0.03468629717826843,0.007093128748238087,-1.3700469732284546,-4.728545726890839,0.0,-4.728488970472416,-0.0,-0.0,-5.675641842284307e-05,5.0,0.0,3,0.0
std005,0,KL006,6684926c7289bd8432a31af5074bd32b85fff20f3961f66edf76fb6119b4b60b,51,255,0,-0.0030298829078674316,0.005731269717216492,0.1176612451672554,-0.0005954454216224194,0.0,-0.0,-0.0,-0.0,-0.0005954454216224194,0.0,0.0,0,
std005,0,KL007,6684926c7289bd8432a31af5074bd32b85fff20f3961f66edf76fb6119b4b60b,51,255,0,0.0810062512755394,-0.010200632736086845,0.37139323353767395,-0.00013309072684234376,0.0,-0.0,-0.0,-0.0,-0.00013309072684234376,0.0,0.0,0,
std005,0,KL008,6684926c7289bd8432a31af5074bd32b85fff20f3961f66edf76fb6119b4b60b,51,255,0,0.0726466104388237,-0.015337884426116943,-1.2804116010665894,-9.457471971662475,0.0,-9.456977940944832,-0.0,-0.0,-0.0004940307176433123,10.0,0.0,2,0.0
std005,0,KL009,6684926c7289bd8432a31af5074bd32b85fff20f3961f66edf76fb6119b4b60b,51,255,0,0.04289502650499344,-0.026408087462186813,-1.6404194831848145,-4.728559443529873,0.0,-4.728488970472416,-0.0,-0.0,-7.047305745722099e-05,5.0,0.0,3,0.0
std005,0,KL0010,6684926c7289bd8432a31af5074bd32b85fff20f3961f66edf76fb6119b4b60b,51,255,0,0.07309799641370773,-0.05027142912149429,-0.7973266243934631,-0.0001200521579718057,0.0,-0.0,-0.0,-0.0,-0.0001200521579718057,0.0,0.0,2,83.35710906982422
std005,0,KL001,6684926c7289bd8432a31af5074bd32b85fff20f3961f66edf76fb6119b4b60b,52,260,0,-0.007874720729887486,-0.09197574853897095,-0.36753103137016296,-0.00040181877337626756,0.0,-0.0,-0.0,-0.0,-0.00040181877337626756,0.0,0.0,0,
std005,0,KL002,6684926c7289bd8432a31af5074bd32b85fff20f3961f66edf76fb6119b4b60b,52,260,0,0.0038445163518190384,-0.051237381994724274,-0.01938728243112564,-6.301405368398223e-06,0.0,-0.0,-0.0,-0.0,-6.301405368398223e-06,0.0,0.0,0,
std005,0,KL003,6684926c7289bd8432a31af5074bd32b85fff20f3961f66edf76fb6119b4b60b,52,260,0,0.06818179041147232,-0.048478901386260986,0.22915183007717133,-0.0007419914770457946,0.0,-0.0,-0.0,-0.0,-0.0007419914770457946,0.0,0.0,0,
std005,0,KL004,6684926c7289bd8432a31af5074bd32b85fff20f3961f66edf76fb6119b4b60b,52,260,0,-0.0827416479587555,-0.06361795216798782,-0.08785469084978104,-0.0012202189040902039,0.0,-0.0,-0.0,-0.0,-0.0012202189040902039,0.0,0.0,0,
std005,0,KL005,6684926c7289bd8432a31af5074bd32b85fff20f3961f66edf76fb6119b4b60b,52,260,0,0.0030278824269771576,-0.04552120715379715,-1.7787113189697266,-4.728493952201713,0.0,-4.728488970472416,-0.0,-0.0,-4.981729297526272e-06,5.0,0.0,3,0.0
std005,0,KL006,6684926c7289bd8432a31af5074bd32b85fff20f3961f66edf76fb6119b4b60b,52,260,0,0.002379287965595722,0.012611916288733482,0.14830346405506134,-0.0006080313556665236,0.0,-0.0,-0.0,-0.0,-0.0006080313556665236,0.0,0.0,0,
std005,0,KL007,6684926c7289bd8432a31af5074bd32b85fff20f3961f66edf76fb6119b4b60b,52,260,0,0.08694315701723099,0.002935999073088169,0.34679922461509705,-0.00014286234355312643,0.0,-0.0,-0.0,-0.0,-0.00014286234355312643,0.0,0.0,0,
std005,0,KL008,6684926c7289bd8432a31af5074bd32b85fff20f3961f66edf76fb6119b4b60b,52,260,0,0.06718543916940689,-0.023346764966845512,-1.035040259361267,-9.457464511435232,0.0,-9.456977940944832,-0.0,-0.0,-0.0004865704904002399,10.0,0.0,2,0.0
std005,0,KL009,6684926c7289bd8432a31af5074bd32b85fff20f3961f66edf76fb6119b4b60b,52,260,0,0.06202627718448639,-0.0705031305551529,-1.598146677017212,-4.72859074941141,0.0,-4.728488970472416,-0.0,-0.0,-0.00010177893899410151,5.0,0.0,3,0.0
std005,0,KL0010,6684926c7289bd8432a31af5074bd32b85fff20f3961f66edf76fb6119b4b60b,52,260,0,0.0788855031132698,-0.034418269991874695,-0.6360301375389099,-0.00012957129162982745,0.0,-0.0,-0.0,-0.0,-0.00012957129162982745,0.0,0.0,2,80.50961303710938
std005,0,KL001,6684926c7289bd8432a31af5074bd32b85fff20f3961f66edf76fb6119b4b60b,53,265,0,-0.008190191350877285,-0.09198018908500671,-0.3521009385585785,-0.00040547886095894614,0.0,-0.0,-0.0,-0.0,-0.00040547886095894614,0.0,0.0,0,
std005,0,KL002,6684926c7289bd8432a31af5074bd32b85fff20f3961f66edf76fb6119b4b60b,53,265,0,0.003154575824737549,-0.05132969468832016,-0.0165848508477211,-5.170876833881146e-06,0.0,-0.0,-0.0,-0.0,-5.170876833881146e-06,0.0,0.0,0,
std005,0,KL003,6684926c7289bd8432a31af5074bd32b85fff20f3961f66edf76fb6119b4b60b,53,265,0,0.10070081800222397,-0.050055451691150665,0.22852958738803864,-0.0005817965280212814,0.0,-0.0,-0.0,-0.0,-0.0005817965280212814,0.0,0.0,0,
std005,0,KL004,6684926c7289bd8432a31af5074bd32b85fff20f3961f66edf76fb6119b4b60b,53,265,0,-0.08254048228263855,-0.06393568217754364,-0.0918712243437767,-0.001217597762677557,0.0,-0.0,-0.0,-0.0,-0.001217597762677557,0.0,0.0,0,
std005,0,KL005,6684926c7289bd8432a31af5074bd32b85fff20f3961f66edf76fb6119b4b60b,53,265,0,0.003078928217291832,-0.04434460401535034,-1.7301374673843384,-4.728494008736972,0.0,-4.728488970472416,-0.0,-0.0,-5.038264555778937e-06,5.0,0.0,3,0.0
std005,0,KL006,6684926c7289bd8432a31af5074bd32b85fff20f3961f66edf76fb6119b4b60b,53,265,0,0.001278954092413187,0.009779760614037514,0.15395820140838623,-0.000609609006433403,0.0,-0.0,-0.0,-0.0,-0.000609609006433403,0.0,0.0,0,
std005,0,KL007,6684926c7289bd8432a31af5074bd32b85fff20f3961f66edf76fb6119b4b60b,53,265,0,0.08046095818281174,0.005121137946844101,0.34264621138572693,-0.00013222892459015758,0.0,-0.0,-0.0,-0.0,-0.00013222892459015758,0.0,0.0,0,
std005,0,KL008,6684926c7289bd8432a31af5074bd32b85fff20f3961f66edf76fb6119b4b60b,53,265,0,0.06144290417432785,-0.02144179679453373,-1.0217163562774658,-4.72896751183535,0.0,-4.728488970472416,-0.0,-0.0,-0.0004785413629342372,5.0,0.0,2,0.0
std005,0,KL009,6684926c7289bd8432a31af5074bd32b85fff20f3961f66edf76fb6119b4b60b,53,265,0,0.06014931946992874,-0.06979893893003464,-1.5710623264312744,-9.87072952727786e-05,0.0,-0.0,-0.0,-0.0,-9.87072952727786e-05,0.0,0.0,3,0.0
std005,0,KL0010,6684926c7289bd8432a31af5074bd32b85fff20f3961f66edf76fb6119b4b60b,53,265,0,0.07886406034231186,-0.03481569141149521,-0.6371392607688904,-0.0001295509094671509,0.0,-0.0,-0.0,-0.0,-0.0001295509094671509,0.0,0.0,2,74.39202880859375
std005,0,KL001,6684926c7289bd8432a31af5074bd32b85fff20f3961f66edf76fb6119b4b60b,54,270,0,-0.018510255962610245,-0.05586245656013489,-0.2511749863624573,-0.0004255616425997676,0.0,-0.0,-0.0,-0.0,-0.0004255616425997676,0.0,0.0,0,
std005,0,KL002,6684926c7289bd8432a31af5074bd32b85fff20f3961f66edf76fb6119b4b60b,54,270,0,0.0027931202203035355,-0.05126123130321503,-0.013093181885778904,-4.578691765245764e-06,0.0,-0.0,-0.0,-0.0,-4.578691765245764e-06,0.0,0.0,0,
std005,0,KL003,6684926c7289bd8432a31af5074bd32b85fff20f3961f66edf76fb6119b4b60b,54,270,0,0.10667922347784042,-0.04609537869691849,0.20043644309043884,-0.000508323224014945,0.0,-0.0,-0.0,-0.0,-0.000508323224014945,0.0,0.0,0,
std005,0,KL004,6684926c7289bd8432a31af5074bd32b85fff20f3961f66edf76fb6119b4b60b,54,270,0,-0.08172627538442612,-0.06399326026439667,-0.0870019719004631,-0.0012136310052542642,0.0,-0.0,-0.0,-0.0,-0.0012136310052542642,0.0,0.0,0,
std005,0,KL005,6684926c7289bd8432a31af5074bd32b85fff20f3961f66edf76fb6119b4b60b,54,270,0,0.0019079390913248062,-0.04355493187904358,-1.7232425212860107,-4.7284920926350145,0.0,-4.728488970472416,-0.0,-0.0,-3.1221625986788126e-06,5.0,0.0,3,0.0
std005,0,KL006,6684926c7289bd8432a31af5074bd32b85fff20f3961f66edf76fb6119b4b60b,54,270,0,0.0011228760704398155,0.006803517229855061,0.15421412885189056,-0.0006128613934061743,0.0,-0.0,-0.0,-0.0,-0.0006128613934061743,0.0,0.0,0,
std005,0,KL007,6684926c7289bd8432a31af5074bd32b85fff20f3961f66edf76fb6119b4b60b,54,270,0,0.03961995989084244,-0.010959029197692871,0.35327479243278503,-6.521672887194387e-05,0.0,-0.0,-0.0,-0.0,-6.521672887194387e-05,0.0,0.0,0,
std005,0,KL008,6684926c7289bd8432a31af5074bd32b85fff20f3961f66edf76fb6119b4b60b,54,270,0,0.06563390046358109,-0.022273709997534752,-0.7602625489234924,-4.728975783053013,0.0,-4.728488970472416,-0.0,-0.0,-0.00048681258059701804,5.0,0.0,1,0.0
std005,0,KL009,6684926c7289bd8432a31af5074bd32b85fff20f3961f66edf76fb6119b4b60b,54,270,0,0.06907639652490616,-0.0679214745759964,-1.0800957679748535,-0.0001133660222131938,0.0,-0.0,-0.0,-0.0,-0.0001133660222131938,0.0,0.0,2,31.407289505004883
std005,0,KL0010,6684926c7289bd8432a31af5074bd32b85fff20f3961f66edf76fb6119b4b60b,54,270,0,0.07883940637111664,-0.03517140448093414,-0.6316433548927307,-0.00012952553632665154,0.0,-0.0,-0.0,-0.0,-0.00012952553632665154,0.0,0.0,2,69.63780975341797
std005,0,KL001,6684926c7289bd8432a31af5074bd32b85fff20f3961f66edf76fb6119b4b60b,55,275,0,-0.018678680062294006,-0.055076636373996735,-0.24615401029586792,-0.0004290331404513539,0.0,-0.0,-0.0,-0.0,-0.0004290331404513539,0.0,0.0,0,
std005,0,KL002,6684926c7289bd8432a31af5074bd32b85fff20f3961f66edf76fb6119b4b60b,55,275,0,-0.0019451305270195007,-0.0676322802901268,0.05439990013837814,-3.1890675303520814e-06,0.0,-0.0,-0.0,-0.0,-3.1890675303520814e-06,0.0,0.0,0,
std005,0,KL003,6684926c7289bd8432a31af5074bd32b85fff20f3961f66edf76fb6119b4b60b,55,275,0,0.0831640362739563,-0.04887702316045761,0.09909477084875107,-0.0004719429226116305,0.0,-0.0,-0.0,-0.0,-0.0004719429226116305,0.0,0.0,0,
std005,0,KL004,6684926c7289bd8432a31af5074bd32b85fff20f3961f66edf76fb6119b4b60b,55,275,0,-0.07772742956876755,-0.0273722056299448,-0.08544809371232986,-0.0012041536085252052,0.0,-0.0,-0.0,-0.0,-0.0012041536085252052,0.0,0.0,0,
std005,0,KL005,6684926c7289bd8432a31af5074bd32b85fff20f3961f66edf76fb6119b4b60b,55,275,0,0.0008464585989713669,-0.043583378195762634,-1.7069168090820312,-4.728490355580462,0.0,-4.728488970472416,-0.0,-0.0,-1.3851080460369758e-06,5.0,0.0,3,0.0
std005,0,KL006,6684926c7289bd8432a31af5074bd32b85fff20f3961f66edf76fb6119b4b60b,55,275,0,0.023062318563461304,-0.021702328696846962,0.05120684951543808,-0.0006522342676394009,0.0,-0.0,-0.0,-0.0,-0.0006522342676394009,0.0,0.0,0,
std005,0,KL007,6684926c7289bd8432a31af5074bd32b85fff20f3961f66edf76fb6119b4b60b,55,275,0,0.035992711782455444,-0.010217538103461266,0.34073328971862793,-5.9167287044083324e-05,0.0,-0.0,-0.0,-0.0,-5.9167287044083324e-05,0.0,0.0,0,
std005,0,KL008,6684926c7289bd8432a31af5074bd32b85fff20f3961f66edf76fb6119b4b60b,55,275,0,0.06137850880622864,-0.022524518892169,-0.7221689820289612,-4.7289702077844105,0.0,-4.728488970472416,-0.0,-0.0,-0.00048123731199467557,5.0,0.0,1,0.0
std005,0,KL009,6684926c7289bd8432a31af5074bd32b85fff20f3961f66edf76fb6119b4b60b,55,275,0,0.08251308649778366,-0.07963395118713379,-1.7433817386627197,-0.00013542798810542265,0.0,-0.0,-0.0,-0.0,-0.00013542798810542265,0.0,0.0,2,25.364255905151367
std005,0,KL0010,6684926c7289bd8432a31af5074bd32b85fff20f3961f66edf76fb6119b4b60b,55,275,0,0.07817928493022919,-0.0352897047996521,-0.6343867182731628,-0.00012845642902158813,0.0,-0.0,-0.0,-0.0,-0.00012845642902158813,0.0,0.0,2,64.44441223144531
std005,0,KL001,6684926c7289bd8432a31af5074bd32b85fff20f3961f66edf76fb6119b4b60b,56,280,0,-0.020358333364129066,-0.05502493679523468,-0.23709909617900848,-0.0004350238169907649,0.0,-0.0,-0.0,-0.0,-0.0004350238169907649,0.0,0.0,0,
std005,0,KL002,6684926c7289bd8432a31af5074bd32b85fff20f3961f66edf76fb6119b4b60b,56,280,0,-0.002352530136704445,-0.06759652495384216,0.058060429990291595,-3.857233821664233e-06,0.0,-0.0,-0.0,-0.0,-3.857233821664233e-06,0.0,0.0,0,
std005,0,KL003,6684926c7289bd8432a31af5074bd32b85fff20f3961f66edf76fb6119b4b60b,56,280,0,0.08276078850030899,-0.0475427582859993,0.09243815392255783,-0.0004735671068191224,0.0,-0.0,-0.0,-0.0,-0.0004735671068191224,0.0,0.0,0,
std005,0,KL004,6684926c7289bd8432a31af5074bd32b85fff20f3961f66edf76fb6119b4b60b,56,280,0,-0.07702743262052536,-0.026385925710201263,-0.08594540506601334,-0.0011999831057071275,0.0,-0.0,-0.0,-0.0,-0.0011999831057071275,0.0,0.0,0,
std005,0,KL005,6684926c7289bd8432a31af5074bd32b85fff20f3961f66edf76fb6119b4b60b,56,280,0,7.318705320358276e-05,-0.04365852475166321,-1.6848095655441284,-4.72848909006625,0.0,-4.728488970472416,-0.0,-0.0,-1.195938343911962e-07,5.0,0.0,3,0.0
std005,0,KL006,6684926c7289bd8432a31af5074bd32b85fff20f3961f66edf76fb6119b4b60b,56,280,0,0.035304807126522064,-0.017235176637768745,-0.02237296849489212,-0.0006736715041669873,0.0,-0.0,-0.0,-0.0,-0.0006736715041669873,0.0,0.0,0,
std005,0,KL007,6684926c7289bd8432a31af5074bd32b85fff20f3961f66edf76fb6119b4b60b,56,280,0,0.03536214679479599,-0.010107986629009247,0.34670642018318176,-5.813868153048105e-05,0.0,-0.0,-0.0,-0.0,-5.813868153048105e-05,0.0,0.0,0,
std005,0,KL008,6684926c7289bd8432a31af5074bd32b85fff20f3961f66edf76fb6119b4b60b,56,280,0,0.059961579740047455,-0.014869502745568752,-0.8419749140739441,-4.7289693290895345,0.0,-4.728488970472416,-0.0,-0.0,-0.00048035861711870353,5.0,0.0,1,0.0
std005,0,KL009,6684926c7289bd8432a31af5074bd32b85fff20f3961f66edf76fb6119b4b60b,56,280,0,0.08104833215475082,-0.08003496378660202,-1.732735514640808,-0.00013303525012062567,0.0,-0.0,-0.0,-0.0,-0.00013303525012062567,0.0,0.0,2,19.132034301757812
std005,0,KL0010,6684926c7289bd8432a31af5074bd32b85fff20f3961f66edf76fb6119b4b60b,56,280,0,0.06639602035284042,-0.037783779203891754,-0.696212887763977,-0.00010910943414743312,0.0,-0.0,-0.0,-0.0,-0.00010910943414743312,0.0,0.0,2,59.17596435546875
std005,0,KL001,6684926c7289bd8432a31af5074bd32b85fff20f3961f66edf76fb6119b4b60b,57,285,0,-0.02148141711950302,-0.05465216189622879,-0.2275836020708084,-0.0004401433516132284,0.0,-0.0,-0.0,-0.0,-0.0004401433516132284,0.0,0.0,0,
std005,0,KL002,6684926c7289bd8432a31af5074bd32b85fff20f3961f66edf76fb6119b4b60b,57,285,0,-0.0028154179453849792,-0.06748956441879272,0.06170954555273056,-4.616477891262562e-06,0.0,-0.0,-0.0,-0.0,-4.616477891262562e-06,0.0,0.0,0,
std005,0,KL003,6684926c7289bd8432a31af5074bd32b85fff20f3961f66edf76fb6119b4b60b,57,285,0,0.04381348192691803,-0.059358760714530945,0.06072061508893967,-0.00041221430184361883,0.0,-0.0,-0.0,-0.0,-0.00041221430184361883,0.0,0.0,0,
std005,0,KL004,6684926c7289bd8432a31af5074bd32b85fff20f3961f66edf76fb6119b4b60b,57,285,0,-0.07716476172208786,-0.026405368000268936,-0.08425322920084,-0.0011967593042865685,0.0,-0.0,-0.0,-0.0,-0.0011967593042865685,0.0,0.0,0,
std005,0,KL005,6684926c7289bd8432a31af5074bd32b85fff20f3961f66edf76fb6119b4b60b,57,285,0,-0.001300925388932228,-0.043525129556655884,-1.6307079792022705,-4.728491099926784,0.0,-4.728488970472416,-0.0,-0.0,-2.129454368393624e-06,5.0,0.0,3,0.0
std005,0,KL006,6684926c7289bd8432a31af5074bd32b85fff20f3961f66edf76fb6119b4b60b,57,285,0,0.03368900716304779,-0.017271894961595535,-0.025677390396595,-0.0006709680920643794,0.0,-0.0,-0.0,-0.0,-0.0006709680920643794,0.0,0.0,0,
std005,0,KL007,6684926c7289bd8432a31af5074bd32b85fff20f3961f66edf76fb6119b4b60b,57,285,0,0.03511030972003937,-0.009995656087994576,0.35265451669692993,-5.77327295966353e-05,0.0,-0.0,-0.0,-0.0,-5.77327295966353e-05,0.0,0.0,0,
std005,0,KL008,6684926c7289bd8432a31af5074bd32b85fff20f3961f66edf76fb6119b4b60b,57,285,0,0.05584441125392914,-0.014584159478545189,-0.7922376394271851,-4.7289640635891965,0.0,-4.728488970472416,-0.0,-0.0,-0.00047509311678073374,5.0,0.0,1,0.0
std005,0,KL009,6684926c7289bd8432a31af5074bd32b85fff20f3961f66edf76fb6119b4b60b,57,285,0,0.08053147792816162,-0.08010854572057724,-1.706039309501648,-0.00013219826364667986,0.0,-0.0,-0.0,-0.0,-0.00013219826364667986,0.0,0.0,2,14.289766311645508
std005,0,KL0010,6684926c7289bd8432a31af5074bd32b85fff20f3961f66edf76fb6119b4b60b,57,285,0,0.06600327044725418,-0.03742537647485733,-0.6870735287666321,-0.00010847756340807278,0.0,-0.0,-0.0,-0.0,-0.00010847756340807278,0.0,0.0,2,54.84699630737305
std005,0,KL001,6684926c7289bd8432a31af5074bd32b85fff20f3961f66edf76fb6119b4b60b,58,290,0,-0.02043457143008709,-0.05396217107772827,-0.2068158984184265,-0.00044175295803545127,0.0,-0.0,-0.0,-0.0,-0.00044175295803545127,0.0,0.0,0,
std005,0,KL002,6684926c7289bd8432a31af5074bd32b85fff20f3961f66edf76fb6119b4b60b,58,290,0,-0.00286654569208622,-0.0673726499080658,0.06560977548360825,-4.7006384493611625e-06,0.0,-0.0,-0.0,-0.0,-4.7006384493611625e-06,0.0,0.0,0,
std005,0,KL003,6684926c7289bd8432a31af5074bd32b85fff20f3961f66edf76fb6119b4b60b,58,290,0,0.023737525567412376,-0.02656436711549759,0.169492706656456,-0.0003818128302902516,0.0,-0.0,-0.0,-0.0,-0.0003818128302902516,0.0,0.0,0,
std005,0,KL004,6684926c7289bd8432a31af5074bd32b85fff20f3961f66edf76fb6119b4b60b,58,290,0,-0.07634270936250687,-0.026038646697998047,-0.08318234235048294,-0.0011914044839756454,0.0,-0.0,-0.0,-0.0,-0.0011914044839756454,0.0,0.0,0,
std005,0,KL005,6684926c7289bd8432a31af5074bd32b85fff20f3961f66edf76fb6119b4b60b,58,290,0,-0.002603808417916298,-0.04331450164318085,-1.5770690441131592,-4.728493232599678,0.0,-4.728488970472416,-0.0,-0.0,-4.262127261789317e-06,5.0,0.0,3,0.0
std005,0,KL006,6684926c7289bd8432a31af5074bd32b85fff20f3961f66edf76fb6119b4b60b,58,290,0,0.05563417077064514,-0.013704827055335045,-0.016330011188983917,-0.0007066330927789946,0.0,-0.0,-0.0,-0.0,-0.0007066330927789946,0.0,0.0,0,
std005,0,KL007,6684926c7289bd8432a31af5074bd32b85fff20f3961f66edf76fb6119b4b60b,58,290,0,0.034002386033535004,-0.010332051664590836,0.355812668800354,-5.59189816170613e-05,0.0,-0.0,-0.0,-0.0,-5.59189816170613e-05,0.0,0.0,0,
std005,0,KL008,6684926c7289bd8432a31af5074bd32b85fff20f3961f66edf76fb6119b4b60b,58,290,0,0.04981239140033722,-0.013374604284763336,-0.7522664666175842,-4.728955732753526,0.0,-4.728488970472416,-0.0,-0.0,-0.0004667622811105332,5.0,0.0,1,0.0
std005,0,KL009,6684926c7289bd8432a31af5074bd32b85fff20f3961f66edf76fb6119b4b60b,58,290,0,0.07997871190309525,-0.08049529045820236,-1.6765882968902588,-0.00013130238097684978,0.0,-0.0,-0.0,-0.0,-0.00013130238097684978,0.0,0.0,2,9.35041332244873
std005,0,KL0010,6684926c7289bd8432a31af5074bd32b85fff20f3961f66edf76fb6119b4b60b,58,290,0,0.06532571464776993,-0.03698784112930298,-0.6837849617004395,-0.00010737771750457966,0.0,-0.0,-0.0,-0.0,-0.00010737771750457966,0.0,0.0,2,50.01128005981445
std005,0,KL001,6684926c7289bd8432a31af5074bd32b85fff20f3961f66edf76fb6119b4b60b,59,295,0,-0.019075969234108925,-0.021466663107275963,-0.23671050369739532,-0.0004429073589932359,0.0,-0.0,-0.0,-0.0,-0.0004429073589932359,0.0,0.0,0,
std005,0,KL002,6684926c7289bd8432a31af5074bd32b85fff20f3961f66edf76fb6119b4b60b,59,295,0,-0.0031818468123674393,-0.06745858490467072,0.06779112666845322,-5.218033160411651e-06,0.0,-0.0,-0.0,-0.0,-5.218033160411651e-06,0.0,0.0,0,
std005,0,KL003,6684926c7289bd8432a31af5074bd32b85fff20f3961f66edf76fb6119b4b60b,59,295,0,0.02947886474430561,-0.017360379919409752,0.12797270715236664,-0.0003938328631400991,0.0,-0.0,-0.0,-0.0,-0.0003938328631400991,0.0,0.0,0,
std005,0,KL004,6684926c7289bd8432a31af5074bd32b85fff20f3961f66edf76fb6119b4b60b,59,295,0,-0.07636024802923203,-0.025918396189808846,-0.08203247934579849,-0.001186875774306653,0.0,-0.0,-0.0,-0.0,-0.001186875774306653,0.0,0.0,0,
std005,0,KL005,6684926c7289bd8432a31af5074bd32b85fff20f3961f66edf76fb6119b4b60b,59,295,0,-0.004135310649871826,-0.04319772124290466,-1.5257227420806885,-5.674193533797684,0.0,-5.674186764566899,-0.0,-0.0,-6.769230784797742e-06,6.0,1.0,3,0.0
std005,0,KL006,6684926c7289bd8432a31af5074bd32b85fff20f3961f66edf76fb6119b4b60b,59,295,0,0.057366445660591125,-0.0016042543575167656,-0.02311701327562332,-0.0007061975827564956,0.0,-0.0,-0.0,-0.0,-0.0007061975827564956,0.0,0.0,0,
std005,0,KL007,6684926c7289bd8432a31af5074bd32b85fff20f3961f66edf76fb6119b4b60b,59,295,0,0.033353291451931,-0.010533163323998451,0.3584981858730316,-5.4859573565943605e-05,0.0,-0.0,-0.0,-0.0,-5.4859573565943605e-05,0.0,0.0,0,
std005,0,KL008,6684926c7289bd8432a31af5074bd32b85fff20f3961f66edf76fb6119b4b60b,59,295,0,0.017696049064397812,-0.00998812448233366,-0.7001247406005859,-4.7289049094233535,0.0,-4.728488970472416,-0.0,-0.0,-0.00041593895093772204,5.0,0.0,1,0.0
std005,0,KL009,6684926c7289bd8432a31af5074bd32b85fff20f3961f66edf76fb6119b4b60b,59,295,0,0.07937223464250565,-0.08083538711071014,-1.6530723571777344,-0.9458281124359253,0.0,-0.9456977940944832,-0.0,-0.0,-0.00013031834144217047,1.0,1.0,2,4.395735740661621
std005,0,KL0010,6684926c7289bd8432a31af5074bd32b85fff20f3961f66edf76fb6119b4b60b,59,295,0,0.06463097035884857,-0.03647911548614502,-0.6814287900924683,-0.00010624966102940013,0.0,-0.0,-0.0,-0.0,-0.00010624966102940013,0.0,0.0,2,45.173828125
std005,0,KL001,6684926c7289bd8432a31af5074bd32b85fff20f3961f66edf76fb6119b4b60b,60,300,0,-0.02074265293776989,-0.02275897189974785,-0.2282049059867859,-0.00044907302009535363,0.0,-0.0,-0.0,-0.0,-0.00044907302009535363,0.0,0.0,0,
std005,0,KL002,6684926c7289bd8432a31af5074bd32b85fff20f3961f66edf76fb6119b4b60b,60,300,0,-0.003532206639647484,-0.06706153601408005,0.07048731297254562,-5.793005156850445e-06,0.0,-0.0,-0.0,-0.0,-5.793005156850445e-06,0.0,0.0,0,
std005,0,KL003,6684926c7289bd8432a31af5074bd32b85fff20f3961f66edf76fb6119b4b60b,60,300,0,0.029290297999978065,-0.017622003331780434,0.12572728097438812,-0.00039616284478319525,0.0,-0.0,-0.0,-0.0,-0.00039616284478319525,0.0,0.0,0,
std005,0,KL004,6684926c7289bd8432a31af5074bd32b85fff20f3961f66edf76fb6119b4b60b,60,300,0,-0.07650548964738846,-0.026537172496318817,-0.08035136014223099,-0.0011818150639984727,0.0,-0.0,-0.0,-0.0,-0.0011818150639984727,0.0,0.0,0,
std005,0,KL005,6684926c7289bd8432a31af5074bd32b85fff20f3961f66edf76fb6119b4b60b,60,300,0,0.023713942617177963,-0.06979105621576309,-1.592698574066162,-9.4570167413959,0.0,-9.456977940944832,-0.0,-0.0,-3.880045106896546e-05,10.0,0.0,3,0.0
std005,0,KL006,6684926c7289bd8432a31af5074bd32b85fff20f3961f66edf76fb6119b4b60b,60,300,0,0.058487579226493835,-0.00180093664675951,-0.020945943892002106,-0.0007038626619143762,0.0,-0.0,-0.0,-0.0,-0.0007038626619143762,0.0,0.0,0,
std005,0,KL007,6684926c7289bd8432a31af5074bd32b85fff20f3961f66edf76fb6119b4b60b,60,300,0,0.03260286897420883,-0.010061349719762802,0.35603034496307373,-5.363336583484334e-05,0.0,-0.0,-0.0,-0.0,-5.363336583484334e-05,0.0,0.0,0,
std005,0,KL008,6684926c7289bd8432a31af5074bd32b85fff20f3961f66edf76fb6119b4b60b,60,300,0,0.016119759529829025,-0.010141911916434765,-0.6894336342811584,-4.728904364751485,0.0,-4.728488970472416,-0.0,-0.0,-0.00041539427906922555,5.0,0.0,1,0.0
std005,0,KL009,6684926c7289bd8432a31af5074bd32b85fff20f3961f66edf76fb6119b4b60b,60,300,0,0.07841657847166061,-0.08094684034585953,-1.6331106424331665,-4.728617731496385,0.0,-4.728488970472416,-0.0,-0.0,-0.00012876102396930378,5.0,0.0,2,0.0
std005,0,KL0010,6684926c7289bd8432a31af5074bd32b85fff20f3961f66edf76fb6119b4b60b,60,300,0,0.06445441395044327,-0.03655853122472763,-0.6798292994499207,-0.00010597357650338561,0.0,-0.0,-0.0,-0.0,-0.00010597357650338561,0.0,0.0,2,40.323829650878906
std005,0,KL001,6684926c7289bd8432a31af5074bd32b85fff20f3961f66edf76fb6119b4b60b,61,305,0,-0.02070852369070053,-0.02343776635825634,-0.2271338552236557,-0.00045249975090380927,0.0,-0.0,-0.0,-0.0,-0.00045249975090380927,0.0,0.0,0,
std005,0,KL002,6684926c7289bd8432a31af5074bd32b85fff20f3961f66edf76fb6119b4b60b,61,305,0,-0.004025962203741074,-0.06666100025177002,0.07392247766256332,-6.603258077509211e-06,0.0,-0.0,-0.0,-0.0,-6.603258077509211e-06,0.0,0.0,0,
std005,0,KL003,6684926c7289bd8432a31af5074bd32b85fff20f3961f66edf76fb6119b4b60b,61,305,0,0.028856586664915085,-0.01743057183921337,0.12721677124500275,-0.0003981293833808944,0.0,-0.0,-0.0,-0.0,-0.0003981293833808944,0.0,0.0,0,
std005,0,KL004,6684926c7289bd8432a31af5074bd32b85fff20f3961f66edf76fb6119b4b60b,61,305,0,-0.07621558010578156,-0.02702525071799755,-0.07895532995462418,-0.0011751550390910407,0.0,-0.0,-0.0,-0.0,-0.0011751550390910407,0.0,0.0,0,
std005,0,KL005,6684926c7289bd8432a31af5074bd32b85fff20f3961f66edf76fb6119b4b60b,61,305,0,0.022356702014803886,-0.07137392461299896,-1.5600404739379883,-5.674223363017186,0.0,-5.674186764566899,-0.0,-0.0,-3.659845028636255e-05,6.0,0.0,3,0.0
std005,0,KL006,6684926c7289bd8432a31af5074bd32b85fff20f3961f66edf76fb6119b4b60b,61,305,0,0.05777826905250549,-0.0011509545147418976,-0.01940447837114334,-0.000697547391112655,0.0,-0.0,-0.0,-0.0,-0.000697547391112655,0.0,0.0,0,
std005,0,KL007,6684926c7289bd8432a31af5074bd32b85fff20f3961f66edf76fb6119b4b60b,61,305,0,0.032078810036182404,-0.009742159396409988,0.3599112927913666,-5.2779423514917476e-05,0.0,-0.0,-0.0,-0.0,-5.2779423514917476e-05,0.0,0.0,0,
std005,0,KL008,6684926c7289bd8432a31af5074bd32b85fff20f3961f66edf76fb6119b4b60b,61,305,0,0.01371741108596325,-0.010203626938164234,-0.6521403789520264,-0.9461114011390819,0.0,-0.9456977940944832,-0.0,-0.0,-0.00041360704459869613,1.0,0.0,1,0.0
std005,0,KL009,6684926c7289bd8432a31af5074bd32b85fff20f3961f66edf76fb6119b4b60b,61,305,0,0.07830200344324112,-0.08093862235546112,-1.615394115447998,-4.7286175552450125,0.0,-4.728488970472416,-0.0,-0.0,-0.00012858477259669598,5.0,0.0,2,0.0
std005,0,KL0010,6684926c7289bd8432a31af5074bd32b85fff20f3961f66edf76fb6119b4b60b,61,305,0,0.06360166519880295,-0.03580813854932785,-0.6822634935379028,-0.000104585895202117,0.0,-0.0,-0.0,-0.0,-0.000104585895202117,0.0,0.0,2,35.45130920410156
std005,0,KL001,6684926c7289bd8432a31af5074bd32b85fff20f3961f66edf76fb6119b4b60b,62,310,0,-0.03768140822649002,-0.035225361585617065,-0.266664981842041,-0.0004838289390531147,0.0,-0.0,-0.0,-0.0,-0.0004838289390531147,0.0,0.0,0,
std005,0,KL002,6684926c7289bd8432a31af5074bd32b85fff20f3961f66edf76fb6119b4b60b,62,310,0,-0.004170356318354607,-0.06640593707561493,0.07721611112356186,-6.840597756575473e-06,0.0,-0.0,-0.0,-0.0,-6.840597756575473e-06,0.0,0.0,0,
std005,0,KL003,6684926c7289bd8432a31af5074bd32b85fff20f3961f66edf76fb6119b4b60b,62,310,0,0.028507450595498085,-0.017266402021050453,0.12821698188781738,-0.0004002739339188246,0.0,-0.0,-0.0,-0.0,-0.0004002739339188246,0.0,0.0,0,
std005,0,KL004,6684926c7289bd8432a31af5074bd32b85fff20f3961f66edf76fb6119b4b60b,62,310,0,-0.07618675380945206,-0.027343379333615303,-0.07748649269342422,-0.0011679221580711242,0.0,-0.0,-0.0,-0.0,-0.0011679221580711242,0.0,0.0,0,
std005,0,KL005,6684926c7289bd8432a31af5074bd32b85fff20f3961f66edf76fb6119b4b60b,62,310,0,0.07648468762636185,-0.08843175321817398,-1.4802932739257812,-4.728614066384088,0.0,-4.728488970472416,-0.0,-0.0,-0.00012509591167209066,5.0,0.0,2,0.0
std005,0,KL006,6684926c7289bd8432a31af5074bd32b85fff20f3961f66edf76fb6119b4b60b,62,310,0,0.057562194764614105,-0.0010031992569565773,-0.01883060485124588,-0.0006911310070535481,0.0,-0.0,-0.0,-0.0,-0.0006911310070535481,0.0,0.0,0,
std005,0,KL007,6684926c7289bd8432a31af5074bd32b85fff20f3961f66edf76fb6119b4b60b,62,310,0,0.03149056434631348,-0.00972428172826767,0.3633168041706085,-5.181979799627226e-05,0.0,-0.0,-0.0,-0.0,-5.181979799627226e-05,0.0,0.0,0,
std005,0,KL008,6684926c7289bd8432a31af5074bd32b85fff20f3961f66edf76fb6119b4b60b,62,310,0,0.025584746152162552,-0.022484317421913147,-0.3044399917125702,-0.00043518899170855667,0.0,-0.0,-0.0,-0.0,-0.00043518899170855667,0.0,0.0,0,
std005,0,KL009,6684926c7289bd8432a31af5074bd32b85fff20f3961f66edf76fb6119b4b60b,62,310,0,0.0537567064166069,-0.07742580026388168,-1.641253113746643,-4.728577275714388,0.0,-4.728488970472416,-0.0,-0.0,-8.830524197200873e-05,5.0,0.0,2,0.0
std005,0,KL0010,6684926c7289bd8432a31af5074bd32b85fff20f3961f66edf76fb6119b4b60b,62,310,0,0.06272000074386597,-0.03554484248161316,-0.679508626461029,-0.00010315061489515057,0.0,-0.0,-0.0,-0.0,-0.00010315061489515057,0.0,0.0,2,30.564882278442383
std005,0,KL001,6684926c7289bd8432a31af5074bd32b85fff20f3961f66edf76fb6119b4b60b,63,315,0,-0.0541405975818634,-0.04646249860525131,-0.2587612569332123,-0.0005142910054211173,0.0,-0.0,-0.0,-0.0,-0.0005142910054211173,0.0,0.0,0,
std005,0,KL002,6684926c7289bd8432a31af5074bd32b85fff20f3961f66edf76fb6119b4b60b,63,315,0,-0.0050783585757017136,-0.06571400910615921,0.08258750289678574,-8.330594881298494e-06,0.0,-0.0,-0.0,-0.0,-8.330594881298494e-06,0.0,0.0,0,
std005,0,KL003,6684926c7289bd8432a31af5074bd32b85fff20f3961f66edf76fb6119b4b60b,63,315,0,0.014472629874944687,-0.020481286570429802,0.12869161367416382,-0.0003800568728942901,0.0,-0.0,-0.0,-0.0,-0.0003800568728942901,0.0,0.0,0,
std005,0,KL004,6684926c7289bd8432a31af5074bd32b85fff20f3961f66edf76fb6119b4b60b,63,315,0,-0.07534832507371902,-0.02812216617166996,-0.07252687960863113,-0.0011581104795071028,0.0,-0.0,-0.0,-0.0,-0.0011581104795071028,0.0,0.0,0,
std005,0,KL005,6684926c7289bd8432a31af5074bd32b85fff20f3961f66edf76fb6119b4b60b,63,315,0,0.0791902020573616,-0.09121989458799362,-1.5108692646026611,-4.728618615405742,0.0,-4.728488970472416,-0.0,-0.0,-0.000129644933326567,5.0,0.0,2,0.0
std005,0,KL006,6684926c7289bd8432a31af5074bd32b85fff20f3961f66edf76fb6119b4b60b,63,315,0,0.05563630163669586,0.00042000506073236465,-0.01646266132593155,-0.0006806896464791272,0.0,-0.0,-0.0,-0.0,-0.0006806896464791272,0.0,0.0,0,
std005,0,KL007,6684926c7289bd8432a31af5074bd32b85fff20f3961f66edf76fb6119b4b60b,63,315,0,0.03117876872420311,-0.009100347757339478,0.369015634059906,-5.131506917200556e-05,0.0,-0.0,-0.0,-0.0,-5.131506917200556e-05,0.0,0.0,0,
std005,0,KL008,6684926c7289bd8432a31af5074bd32b85fff20f3961f66edf76fb6119b4b60b,63,315,0,0.024055156856775284,-0.0230728629976511,-0.2699534595012665,-0.0004347206021696573,0.0,-0.0,-0.0,-0.0,-0.0004347206021696573,0.0,0.0,0,
std005,0,KL009,6684926c7289bd8432a31af5074bd32b85fff20f3961f66edf76fb6119b4b60b,63,315,0,0.05439285933971405,-0.07669458538293839,-1.6188957691192627,-4.728578310982968,0.0,-4.728488970472416,-0.0,-0.0,-8.934051055220493e-05,5.0,0.0,2,0.0
std005,0,KL0010,6684926c7289bd8432a31af5074bd32b85fff20f3961f66edf76fb6119b4b60b,63,315,0,0.06113215535879135,-0.034192778170108795,-0.6740990281105042,-0.00010055379628880013,0.0,-0.0,-0.0,-0.0,-0.00010055379628880013,0.0,0.0,2,26.126728057861328
std005,0,KL001,6684926c7289bd8432a31af5074bd32b85fff20f3961f66edf76fb6119b4b60b,64,320,0,-0.03960868716239929,-0.05819962918758392,-0.1775657683610916,-0.0004939779420541181,0.0,-0.0,-0.0,-0.0,-0.0004939779420541181,0.0,0.0,0,
std005,0,KL002,6684926c7289bd8432a31af5074bd32b85fff20f3961f66edf76fb6119b4b60b,64,320,0,-0.005407640710473061,-0.06525915116071701,0.08913972228765488,-8.871437433856717e-06,0.0,-0.0,-0.0,-0.0,-8.871437433856717e-06,0.0,0.0,0,
std005,0,KL003,6684926c7289bd8432a31af5074bd32b85fff20f3961f66edf76fb6119b4b60b,64,320,0,0.024308068677783012,-0.024051764979958534,0.16736814379692078,-0.0003990124767701382,0.0,-0.0,-0.0,-0.0,-0.0003990124767701382,0.0,0.0,0,
std005,0,KL004,6684926c7289bd8432a31af5074bd32b85fff20f3961f66edf76fb6119b4b60b,64,320,0,-0.07508769631385803,-0.028232049196958542,-0.07179851084947586,-0.0011478298743825078,0.0,-0.0,-0.0,-0.0,-0.0011478298743825078,0.0,0.0,0,
std005,0,KL005,6684926c7289bd8432a31af5074bd32b85fff20f3961f66edf76fb6119b4b60b,64,320,0,0.07161629945039749,-0.0957532525062561,-1.5117321014404297,-4.72860622108055,0.0,-4.728488970472416,-0.0,-0.0,-0.00011725060813461141,5.0,0.0,2,0.0
std005,0,KL006,6684926c7289bd8432a31af5074bd32b85fff20f3961f66edf76fb6119b4b60b,64,320,0,0.055184610188007355,0.0008150162175297737,-0.014189728535711765,-0.0006714435677488465,0.0,-0.0,-0.0,-0.0,-0.0006714435677488465,0.0,0.0,0,
std005,0,KL007,6684926c7289bd8432a31af5074bd32b85fff20f3961f66edf76fb6119b4b60b,64,320,0,0.030473822727799416,-0.009288853034377098,0.37229838967323303,-5.016322079488754e-05,0.0,-0.0,-0.0,-0.0,-5.016322079488754e-05,0.0,0.0,0,
std005,0,KL008,6684926c7289bd8432a31af5074bd32b85fff20f3961f66edf76fb6119b4b60b,64,320,0,0.020137663930654526,-0.022771986201405525,-0.24599286913871765,-0.00043039177279254433,0.0,-0.0,-0.0,-0.0,-0.00043039177279254433,0.0,0.0,0,
std005,0,KL009,6684926c7289bd8432a31af5074bd32b85fff20f3961f66edf76fb6119b4b60b,64,320,0,0.05345747619867325,-0.07571186125278473,-1.5814893245697021,-4.728576783405079,0.0,-4.728488970472416,-0.0,-0.0,-8.781293266313384e-05,5.0,0.0,2,0.0
std005,0,KL0010,6684926c7289bd8432a31af5074bd32b85fff20f3961f66edf76fb6119b4b60b,64,320,0,0.06035297363996506,-0.033639900386333466,-0.6728328466415405,-9.928687252450798e-05,0.0,-0.0,-0.0,-0.0,-9.928687252450798e-05,0.0,0.0,2,21.21175765991211
std005,0,KL001,6684926c7289bd8432a31af5074bd32b85fff20f3961f66edf76fb6119b4b60b,65,325,0,-0.04785078018903732,-0.04128756374120712,-0.23290351033210754,-0.0005110793233931789,0.0,-0.0,-0.0,-0.0,-0.0005110793233931789,0.0,0.0,0,
std005,0,KL002,6684926c7289bd8432a31af5074bd32b85fff20f3961f66edf76fb6119b4b60b,65,325,0,-0.005324609577655792,-0.06512169539928436,0.08959820121526718,-8.735917505066434e-06,0.0,-0.0,-0.0,-0.0,-8.735917505066434e-06,0.0,0.0,0,
std005,0,KL003,6684926c7289bd8432a31af5074bd32b85fff20f3961f66edf76fb6119b4b60b,65,325,0,0.018186718225479126,-0.01763014681637287,0.13221676647663116,-0.0003918463372723691,0.0,-0.0,-0.0,-0.0,-0.0003918463372723691,0.0,0.0,0,
std005,0,KL004,6684926c7289bd8432a31af5074bd32b85fff20f3961f66edf76fb6119b4b60b,65,325,0,-0.04909220337867737,-0.046124137938022614,-0.025249578058719635,-0.001093725317528429,0.0,-0.0,-0.0,-0.0,-0.001093725317528429,0.0,0.0,0,
std005,0,KL005,6684926c7289bd8432a31af5074bd32b85fff20f3961f66edf76fb6119b4b60b,65,325,0,0.07072504609823227,-0.09493289142847061,-1.4681072235107422,-4.728604766733911,0.0,-4.728488970472416,-0.0,-0.0,-0.00011579626149504918,5.0,0.0,2,0.0
std005,0,KL006,6684926c7289bd8432a31af5074bd32b85fff20f3961f66edf76fb6119b4b60b,65,325,0,0.05507343262434006,0.0007600449025630951,-0.015587070025503635,-0.0006607463438654847,0.0,-0.0,-0.0,-0.0,-0.0006607463438654847,0.0,0.0,0,
std005,0,KL007,6684926c7289bd8432a31af5074bd32b85fff20f3961f66edf76fb6119b4b60b,65,325,0,0.029811987653374672,-0.00905453972518444,0.37546807527542114,-4.9082193200962365e-05,0.0,-0.0,-0.0,-0.0,-4.9082193200962365e-05,0.0,0.0,0,
std005,0,KL008,6684926c7289bd8432a31af5074bd32b85fff20f3961f66edf76fb6119b4b60b,65,325,0,0.01796245202422142,-0.023409226909279823,-0.221345916390419,-0.00042899034215792734,0.0,-0.0,-0.0,-0.0,-0.00042899034215792734,0.0,0.0,0,
std005,0,KL009,6684926c7289bd8432a31af5074bd32b85fff20f3961f66edf76fb6119b4b60b,65,325,0,0.05318678170442581,-0.0747838243842125,-1.551321029663086,-4.728576347684918,0.0,-4.728488970472416,-0.0,-0.0,-8.737721250184904e-05,5.0,0.0,2,0.0
std005,0,KL0010,6684926c7289bd8432a31af5074bd32b85fff20f3961f66edf76fb6119b4b60b,65,325,0,0.05937062203884125,-0.03371255099773407,-0.6693795919418335,-9.768564214263838e-05,0.0,-0.0,-0.0,-0.0,-9.768564214263838e-05,0.0,0.0,2,16.28871726989746
std005,0,KL001,6684926c7289bd8432a31af5074bd32b85fff20f3961f66edf76fb6119b4b60b,66,330,0,-0.049076348543167114,-0.043611399829387665,-0.2193717360496521,-0.0005167026485234335,0.0,-0.0,-0.0,-0.0,-0.0005167026485234335,0.0,0.0,0,
std005,0,KL002,6684926c7289bd8432a31af5074bd32b85fff20f3961f66edf76fb6119b4b60b,66,330,0,-0.005521971732378006,-0.06446462124586105,0.09378007799386978,-9.06045293713762e-06,0.0,-0.0,-0.0,-0.0,-9.06045293713762e-06,0.0,0.0,0,
std005,0,KL003,6684926c7289bd8432a31af5074bd32b85fff20f3961f66edf76fb6119b4b60b,66,330,0,0.015926921740174294,-0.017708128318190575,0.13001029193401337,-0.0003910706713063575,0.0,-0.0,-0.0,-0.0,-0.0003910706713063575,0.0,0.0,0,
std005,0,KL004,6684926c7289bd8432a31af5074bd32b85fff20f3961f66edf76fb6119b4b60b,66,330,0,-0.04673946648836136,-0.04752971976995468,-0.0280136838555336,-0.0010814672711580429,0.0,-0.0,-0.0,-0.0,-0.0010814672711580429,0.0,0.0,0,
std005,0,KL005,6684926c7289bd8432a31af5074bd32b85fff20f3961f66edf76fb6119b4b60b,66,330,0,0.06191803514957428,-0.08918681740760803,-1.4596885442733765,-4.728590351954092,0.0,-4.728488970472416,-0.0,-0.0,-0.00010138148167637695,5.0,0.0,2,0.0
std005,0,KL006,6684926c7289bd8432a31af5074bd32b85fff20f3961f66edf76fb6119b4b60b,66,330,0,0.04555932432413101,-0.001622246578335762,-0.12129046767950058,-0.0006317641350751459,0.0,-0.0,-0.0,-0.0,-0.0006317641350751459,0.0,0.0,0,
std005,0,KL007,6684926c7289bd8432a31af5074bd32b85fff20f3961f66edf76fb6119b4b60b,66,330,0,0.04888176918029785,0.005494718439877033,0.39166250824928284,-8.049228316329862e-05,0.0,-0.0,-0.0,-0.0,-8.049228316329862e-05,0.0,0.0,0,
std005,0,KL008,6684926c7289bd8432a31af5074bd32b85fff20f3961f66edf76fb6119b4b60b,66,330,0,0.014344843104481697,-0.02332228235900402,-0.19866330921649933,-0.00042528738070183897,0.0,-0.0,-0.0,-0.0,-0.00042528738070183897,0.0,0.0,0,
std005,0,KL009,6684926c7289bd8432a31af5074bd32b85fff20f3961f66edf76fb6119b4b60b,66,330,0,0.05209583789110184,-0.07363912463188171,-1.5251827239990234,-4.7285745644369905,0.0,-4.728488970472416,-0.0,-0.0,-8.559396457474833e-05,5.0,0.0,2,0.0
std005,0,KL0010,6684926c7289bd8432a31af5074bd32b85fff20f3961f66edf76fb6119b4b60b,66,330,0,0.05839771777391434,-0.03374429792165756,-0.6682578921318054,-9.60998473706114e-05,0.0,-0.0,-0.0,-0.0,-9.60998473706114e-05,0.0,0.0,2,11.343340873718262
std005,0,KL001,6684926c7289bd8432a31af5074bd32b85fff20f3961f66edf76fb6119b4b60b,67,335,0,-0.04604276269674301,-0.041739046573638916,-0.20531003177165985,-0.0005153977027595752,0.0,-0.0,-0.0,-0.0,-0.0005153977027595752,0.0,0.0,0,
std005,0,KL002,6684926c7289bd8432a31af5074bd32b85fff20f3961f66edf76fb6119b4b60b,67,335,0,-0.005432747304439545,-0.06388439983129501,0.09745921939611435,-8.914793433509047e-06,0.0,-0.0,-0.0,-0.0,-8.914793433509047e-06,0.0,0.0,0,
std005,0,KL003,6684926c7289bd8432a31af5074bd32b85fff20f3961f66edf76fb6119b4b60b,67,335,0,0.016382647678256035,-0.016295164823532104,0.1267624944448471,-0.00039479467042013853,0.0,-0.0,-0.0,-0.0,-0.00039479467042013853,0.0,0.0,0,
std005,0,KL004,6684926c7289bd8432a31af5074bd32b85fff20f3961f66edf76fb6119b4b60b,67,335,0,-0.045189268887043,-0.04803452640771866,-0.030514158308506012,-0.0010697441913713054,0.0,-0.0,-0.0,-0.0,-0.0010697441913713054,0.0,0.0,0,
std005,0,KL005,6684926c7289bd8432a31af5074bd32b85fff20f3961f66edf76fb6119b4b60b,67,335,0,0.03298535197973251,-0.08512335270643234,-1.4763169288635254,-4.728543003787841,0.0,-4.728488970472416,-0.0,-0.0,-5.403331542552792e-05,5.0,0.0,2,0.0
std005,0,KL006,6684926c7289bd8432a31af5074bd32b85fff20f3961f66edf76fb6119b4b60b,67,335,0,0.0448518767952919,-0.013432853855192661,-0.11385389417409897,-0.0006164487632741263,0.0,-0.0,-0.0,-0.0,-0.0006164487632741263,0.0,0.0,0,
std005,0,KL007,6684926c7289bd8432a31af5074bd32b85fff20f3961f66edf76fb6119b4b60b,67,335,0,0.0488867461681366,0.006292331963777542,0.3971348702907562,-8.051539044504363e-05,0.0,-0.0,-0.0,-0.0,-8.051539044504363e-05,0.0,0.0,0,
std005,0,KL008,6684926c7289bd8432a31af5074bd32b85fff20f3961f66edf76fb6119b4b60b,67,335,0,0.037402018904685974,-0.024361561983823776,-0.15809310972690582,-0.00046524276409717793,0.0,-0.0,-0.0,-0.0,-0.00046524276409717793,0.0,0.0,0,
std005,0,KL009,6684926c7289bd8432a31af5074bd32b85fff20f3961f66edf76fb6119b4b60b,67,335,0,0.05166955292224884,-0.07264236360788345,-1.4876099824905396,-4.728573873134403,0.0,-4.728488970472416,-0.0,-0.0,-8.490266198712959e-05,5.0,0.0,2,0.0
std005,0,KL0010,6684926c7289bd8432a31af5074bd32b85fff20f3961f66edf76fb6119b4b60b,67,335,0,0.061007797718048096,-0.019610190764069557,-0.5615323781967163,-0.00010041128553502656,0.0,-0.0,-0.0,-0.0,-0.00010041128553502656,0.0,0.0,2,6.38755464553833
std005,0,KL001,6684926c7289bd8432a31af5074bd32b85fff20f3961f66edf76fb6119b4b60b,68,340,0,-0.041198424994945526,-0.03930901736021042,-0.18870986998081207,-0.000511196928114699,0.0,-0.0,-0.0,-0.0,-0.000511196928114699,0.0,0.0,0,
std005,0,KL002,6684926c7289bd8432a31af5074bd32b85fff20f3961f66edf76fb6119b4b60b,68,340,0,0.021458087489008904,-0.08709555864334106,-0.049339450895786285,-3.519117746314096e-05,0.0,-0.0,-0.0,-0.0,-3.519117746314096e-05,0.0,0.0,0,
std005,0,KL003,6684926c7289bd8432a31af5074bd32b85fff20f3961f66edf76fb6119b4b60b,68,340,0,0.016792824491858482,-0.015200811438262463,0.1317555159330368,-0.00039848700245907883,0.0,-0.0,-0.0,-0.0,-0.00039848700245907883,0.0,0.0,0,
std005,0,KL004,6684926c7289bd8432a31af5074bd32b85fff20f3961f66edf76fb6119b4b60b,68,340,0,-0.016167981550097466,-0.06187885254621506,-0.24487605690956116,-0.0010106612385891894,0.0,-0.0,-0.0,-0.0,-0.0010106612385891894,0.0,0.0,0,
std005,0,KL005,6684926c7289bd8432a31af5074bd32b85fff20f3961f66edf76fb6119b4b60b,68,340,0,0.029256485402584076,-0.08106672018766403,-1.3988354206085205,-4.728536878287133,0.0,-4.728488970472416,-0.0,-0.0,-4.790781471708527e-05,5.0,0.0,2,0.0
std005,0,KL006,6684926c7289bd8432a31af5074bd32b85fff20f3961f66edf76fb6119b4b60b,68,340,0,0.032031282782554626,-0.01672676019370556,-0.04901199787855148,-0.0005756225472703267,0.0,-0.0,-0.0,-0.0,-0.0005756225472703267,0.0,0.0,0,
std005,0,KL007,6684926c7289bd8432a31af5074bd32b85fff20f3961f66edf76fb6119b4b60b,68,340,0,0.048421889543533325,0.005971013568341732,0.406266450881958,-7.976498028627345e-05,0.0,-0.0,-0.0,-0.0,-7.976498028627345e-05,0.0,0.0,0,
std005,0,KL008,6684926c7289bd8432a31af5074bd32b85fff20f3961f66edf76fb6119b4b60b,68,340,0,0.03522912412881851,-0.030649928376078606,-0.0448761060833931,-0.00046362061721032266,0.0,-0.0,-0.0,-0.0,-0.00046362061721032266,0.0,0.0,0,
std005,0,KL009,6684926c7289bd8432a31af5074bd32b85fff20f3961f66edf76fb6119b4b60b,68,340,0,0.051602572202682495,-0.07144969701766968,-1.4446327686309814,-8.511364948740658,0.0,-8.511280146850348,-0.0,-0.0,-8.480189030990459e-05,9.0,1.0,2,0.0
std005,0,KL0010,6684926c7289bd8432a31af5074bd32b85fff20f3961f66edf76fb6119b4b60b,68,340,0,0.05940406769514084,-0.01943640038371086,-0.5575873255729675,-3.78288896462649,0.0,-3.7827911763779327,-0.0,-0.0,-9.778824855732893e-05,4.0,1.0,2,1.3892322778701782
std005,0,KL001,6684926c7289bd8432a31af5074bd32b85fff20f3961f66edf76fb6119b4b60b,69,345,0,-0.0358700156211853,-0.03866773843765259,-0.1911662369966507,-0.0005062844985880325,0.0,-0.0,-0.0,-0.0,-0.0005062844985880325,0.0,0.0,0,
std005,0,KL002,6684926c7289bd8432a31af5074bd32b85fff20f3961f66edf76fb6119b4b60b,69,345,0,0.024885129183530807,-0.08848471939563751,-0.05285312980413437,-4.0840609030523145e-05,0.0,-0.0,-0.0,-0.0,-4.0840609030523145e-05,0.0,0.0,0,
std005,0,KL003,6684926c7289bd8432a31af5074bd32b85fff20f3961f66edf76fb6119b4b60b,69,345,0,0.018005603924393654,-0.01442171074450016,0.12511123716831207,-0.00040353751968677894,0.0,-0.0,-0.0,-0.0,-0.00040353751968677894,0.0,0.0,0,
std005,0,KL004,6684926c7289bd8432a31af5074bd32b85fff20f3961f66edf76fb6119b4b60b,69,345,0,-0.012911415658891201,-0.063270702958107,-0.2625037729740143,-0.0010014359871772546,0.0,-0.0,-0.0,-0.0,-0.0010014359871772546,0.0,0.0,0,
std005,0,KL005,6684926c7289bd8432a31af5074bd32b85fff20f3961f66edf76fb6119b4b60b,69,345,0,0.027970151975750923,-0.07954543083906174,-1.3572566509246826,-4.72853477405615,0.0,-4.728488970472416,-0.0,-0.0,-4.580358373384996e-05,5.0,0.0,2,0.0
std005,0,KL006,6684926c7289bd8432a31af5074bd32b85fff20f3961f66edf76fb6119b4b60b,69,345,0,0.022232593968510628,-0.017447255551815033,-0.047160036861896515,-0.0005366330206851667,0.0,-0.0,-0.0,-0.0,-0.0005366330206851667,0.0,0.0,0,
std005,0,KL007,6684926c7289bd8432a31af5074bd32b85fff20f3961f66edf76fb6119b4b60b,69,345,0,0.04671613872051239,0.006616286933422089,0.4104975163936615,-7.69702707651577e-05,0.0,-0.0,-0.0,-0.0,-7.69702707651577e-05,0.0,0.0,0,
std005,0,KL008,6684926c7289bd8432a31af5074bd32b85fff20f3961f66edf76fb6119b4b60b,69,345,0,0.03163100779056549,-0.029696648940443993,-0.03825844079256058,-0.000459700721465689,0.0,-0.0,-0.0,-0.0,-0.000459700721465689,0.0,0.0,0,
std005,0,KL009,6684926c7289bd8432a31af5074bd32b85fff20f3961f66edf76fb6119b4b60b,69,345,0,0.05493254214525223,-0.07285384088754654,-1.4231641292572021,-9.45706822510766,0.0,-9.456977940944832,-0.0,-0.0,-9.028416282852447e-05,10.0,0.0,2,0.0
std005,0,KL0010,6684926c7289bd8432a31af5074bd32b85fff20f3961f66edf76fb6119b4b60b,69,345,0,0.05811493098735809,-0.019314156845211983,-0.5505104064941406,-4.72858465317167,0.0,-4.728488970472416,-0.0,-0.0,-9.568269925441797e-05,5.0,0.0,2,0.0
std005,0,KL001,6684926c7289bd8432a31af5074bd32b85fff20f3961f66edf76fb6119b4b60b,70,350,0,-0.03417797386646271,-0.0384245440363884,-0.18857599794864655,-0.0005074149006050175,0.0,-0.0,-0.0,-0.0,-0.0005074149006050175,0.0,0.0,0,
std005,0,KL002,6684926c7289bd8432a31af5074bd32b85fff20f3961f66edf76fb6119b4b60b,70,350,0,0.033489376306533813,-0.10609713196754456,-0.021570153534412384,-5.496574324428008e-05,0.0,-0.0,-0.0,-0.0,-5.496574324428008e-05,0.0,0.0,0,
std005,0,KL003,6684926c7289bd8432a31af5074bd32b85fff20f3961f66edf76fb6119b4b60b,70,350,0,0.017938166856765747,-0.014199554920196533,0.1192571148276329,-0.0004065328184675415,0.0,-0.0,-0.0,-0.0,-0.0004065328184675415,0.0,0.0,0,
std005,0,KL004,6684926c7289bd8432a31af5074bd32b85fff20f3961f66edf76fb6119b4b60b,70,350,0,-0.012073371559381485,-0.06372220814228058,-0.2697157561779022,-0.000997588328420383,0.0,-0.0,-0.0,-0.0,-0.000997588328420383,0.0,0.0,0,
std005,0,KL005,6684926c7289bd8432a31af5074bd32b85fff20f3961f66edf76fb6119b4b60b,70,350,0,0.02689666673541069,-0.07775185257196426,-1.3213554620742798,-4.728533018241644,0.0,-4.728488970472416,-0.0,-0.0,-4.404776922850573e-05,5.0,0.0,2,0.0
std005,0,KL006,6684926c7289bd8432a31af5074bd32b85fff20f3961f66edf76fb6119b4b60b,70,350,0,-0.0018066000193357468,-0.03357265889644623,-0.02201489359140396,-0.0004629429416670513,0.0,-0.0,-0.0,-0.0,-0.0004629429416670513,0.0,0.0,0,
std005,0,KL007,6684926c7289bd8432a31af5074bd32b85fff20f3961f66edf76fb6119b4b60b,70,350,0,0.04639521986246109,0.006509078666567802,0.41338279843330383,-7.645693375475498e-05,0.0,-0.0,-0.0,-0.0,-7.645693375475498e-05,0.0,0.0,0,
std005,0,KL008,6684926c7289bd8432a31af5074bd32b85fff20f3961f66edf76fb6119b4b60b,70,350,0,0.02855401672422886,-0.02920345403254032,-0.032415635883808136,-0.0004567092071801995,0.0,-0.0,-0.0,-0.0,-0.0004567092071801995,0.0,0.0,0,
std005,0,KL009,6684926c7289bd8432a31af5074bd32b85fff20f3961f66edf76fb6119b4b60b,70,350,0,0.041059255599975586,-0.052980341017246246,-0.8503369688987732,-9.45704543220022,0.0,-9.456977940944832,-0.0,-0.0,-6.749125538796363e-05,10.0,0.0,2,0.0
std005,0,KL0010,6684926c7289bd8432a31af5074bd32b85fff20f3961f66edf76fb6119b4b60b,70,350,0,0.05743256211280823,-0.019201137125492096,-0.5435009002685547,-4.728583546461978,0.0,-4.728488970472416,-0.0,-0.0,-9.457598956252866e-05,5.0,0.0,2,0.0
std005,0,KL001,6684926c7289bd8432a31af5074bd32b85fff20f3961f66edf76fb6119b4b60b,71,355,0,-0.033233486115932465,-0.03872833400964737,-0.18226931989192963,-0.0005098392926503418,0.0,-0.0,-0.0,-0.0,-0.0005098392926503418,0.0,0.0,0,
std005,0,KL002,6684926c7289bd8432a31af5074bd32b85fff20f3961f66edf76fb6119b4b60b,71,355,0,0.04008494317531586,-0.10044966638088226,-0.1461605578660965,-6.579607932231345e-05,0.0,-0.0,-0.0,-0.0,-6.579607932231345e-05,0.0,0.0,0,
std005,0,KL003,6684926c7289bd8432a31af5074bd32b85fff20f3961f66edf76fb6119b4b60b,71,355,0,0.015995606780052185,-0.013963292352855206,0.10414772480726242,-0.00040650563250976466,0.0,-0.0,-0.0,-0.0,-0.00040650563250976466,0.0,0.0,0,
std005,0,KL004,6684926c7289bd8432a31af5074bd32b85fff20f3961f66edf76fb6119b4b60b,71,355,0,-0.010785144753754139,-0.0643666535615921,-0.2705647647380829,-0.000988553360625018,0.0,-0.0,-0.0,-0.0,-0.000988553360625018,0.0,0.0,0,
std005,0,KL005,6684926c7289bd8432a31af5074bd32b85fff20f3961f66edf76fb6119b4b60b,71,355,0,0.026284480467438698,-0.0757979229092598,-1.2917776107788086,-4.72853201779696,0.0,-4.728488970472416,-0.0,-0.0,-4.304732454407656e-05,5.0,0.0,2,0.0
std005,0,KL006,6684926c7289bd8432a31af5074bd32b85fff20f3961f66edf76fb6119b4b60b,71,355,0,-0.016552267596125603,-0.043178386986255646,-0.037000127136707306,-0.00030676735009608146,0.0,-0.0,-0.0,-0.0,-0.00030676735009608146,0.0,0.0,0,
std005,0,KL007,6684926c7289bd8432a31af5074bd32b85fff20f3961f66edf76fb6119b4b60b,71,355,0,0.04554154723882675,0.006638891063630581,0.41539275646209717,-7.506572917027139e-05,0.0,-0.0,-0.0,-0.0,-7.506572917027139e-05,0.0,0.0,0,
std005,0,KL008,6684926c7289bd8432a31af5074bd32b85fff20f3961f66edf76fb6119b4b60b,71,355,0,0.0452774241566658,-0.04023869335651398,-0.01711995154619217,-0.0004861402173827435,0.0,-0.0,-0.0,-0.0,-0.0004861402173827435,0.0,0.0,0,
std005,0,KL009,6684926c7289bd8432a31af5074bd32b85fff20f3961f66edf76fb6119b4b60b,71,355,0,0.02995758317410946,-0.04684777557849884,-0.9196560978889465,-9.457027190087452,0.0,-9.456977940944832,-0.0,-0.0,-4.9249142620055864e-05,10.0,0.0,2,0.0
std005,0,KL0010,6684926c7289bd8432a31af5074bd32b85fff20f3961f66edf76fb6119b4b60b,71,355,0,0.056648410856723785,-0.01924254558980465,-0.5330025553703308,-4.728582272177156,0.0,-4.728488970472416,-0.0,-0.0,-9.330170473997867e-05,5.0,0.0,2,0.0
std005,0,KL001,6684926c7289bd8432a31af5074bd32b85fff20f3961f66edf76fb6119b4b60b,72,360,0,-0.031945399940013885,-0.03892986476421356,-0.17462287843227386,-0.0005117678352513275,0.0,-0.0,-0.0,-0.0,-0.0005117678352513275,0.0,0.0,0,
std005,0,KL002,6684926c7289bd8432a31af5074bd32b85fff20f3961f66edf76fb6119b4b60b,72,360,0,0.038822777569293976,-0.10013708472251892,-0.15318164229393005,-6.37295113676916e-05,0.0,-0.0,-0.0,-0.0,-6.37295113676916e-05,0.0,0.0,0,
std005,0,KL003,6684926c7289bd8432a31af5074bd32b85fff20f3961f66edf76fb6119b4b60b,72,360,0,0.011770028620958328,-0.013672488741576672,0.07416694611310959,-0.00040279826165283086,0.0,-0.0,-0.0,-0.0,-0.00040279826165283086,0.0,0.0,0,
std005,0,KL004,6684926c7289bd8432a31af5074bd32b85fff20f3961f66edf76fb6119b4b60b,72,360,0,-0.01740448921918869,-0.06935392320156097,-0.30940955877304077,-0.0009404565510208329,0.0,-0.0,-0.0,-0.0,-0.0009404565510208329,0.0,0.0,0,
std005,0,KL005,6684926c7289bd8432a31af5074bd32b85fff20f3961f66edf76fb6119b4b60b,72,360,0,0.026350900530815125,-0.07341989129781723,-1.259110450744629,-4.728532128737195,0.0,-4.728488970472416,-0.0,-0.0,-4.3158264778853095e-05,5.0,0.0,2,0.0
std005,0,KL006,6684926c7289bd8432a31af5074bd32b85fff20f3961f66edf76fb6119b4b60b,72,360,0,-0.021191218867897987,-0.03773131221532822,-0.03824130445718765,-0.00020807057037242958,0.0,-0.0,-0.0,-0.0,-0.00020807057037242958,0.0,0.0,0,
std005,0,KL007,6684926c7289bd8432a31af5074bd32b85fff20f3961f66edf76fb6119b4b60b,72,360,0,0.042710646986961365,0.005898136645555496,0.41018062829971313,-7.041471088254152e-05,0.0,-0.0,-0.0,-0.0,-7.041471088254152e-05,0.0,0.0,0,
std005,0,KL008,6684926c7289bd8432a31af5074bd32b85fff20f3961f66edf76fb6119b4b60b,72,360,0,0.03948137164115906,-0.040295638144016266,0.010503909550607204,-0.0004784700343676779,0.0,-0.0,-0.0,-0.0,-0.0004784700343676779,0.0,0.0,0,
std005,0,KL009,6684926c7289bd8432a31af5074bd32b85fff20f3961f66edf76fb6119b4b60b,72,360,0,0.022348148748278618,-0.04333088546991348,-0.869825005531311,-9.457014685226891,0.0,-9.456977940944832,-0.0,-0.0,-3.6744282059686384e-05,10.0,0.0,2,0.0
std005,0,KL0010,6684926c7289bd8432a31af5074bd32b85fff20f3961f66edf76fb6119b4b60b,72,360,0,0.05577726662158966,-0.019482990726828575,-0.5228733420372009,-4.72858085457804,0.0,-4.728488970472416,-0.0,-0.0,-9.188410562455118e-05,5.0,0.0,2,0.0
std005,0,KL001,6684926c7289bd8432a31af5074bd32b85fff20f3961f66edf76fb6119b4b60b,73,365,0,-0.0311459731310606,-0.03987957537174225,-0.16590091586112976,-0.0005145674473624451,0.0,-0.0,-0.0,-0.0,-0.0005145674473624451,0.0,0.0,0,
std005,0,KL002,6684926c7289bd8432a31af5074bd32b85fff20f3961f66edf76fb6119b4b60b,73,365,0,0.03783567249774933,-0.09985652565956116,-0.1487164944410324,-6.211426299101262e-05,0.0,-0.0,-0.0,-0.0,-6.211426299101262e-05,0.0,0.0,0,
std005,0,KL003,6684926c7289bd8432a31af5074bd32b85fff20f3961f66edf76fb6119b4b60b,73,365,0,0.010340891778469086,-0.013489576987922192,0.05200894922018051,-0.0004037426669898191,0.0,-0.0,-0.0,-0.0,-0.0004037426669898191,0.0,0.0,0,
std005,0,KL004,6684926c7289bd8432a31af5074bd32b85fff20f3961f66edf76fb6119b4b60b,73,365,0,-0.030198434367775917,-0.05777287483215332,-0.2420302778482437,-0.0007721899881674332,0.0,-0.0,-0.0,-0.0,-0.0007721899881674332,0.0,0.0,0,
std005,0,KL005,6684926c7289bd8432a31af5074bd32b85fff20f3961f66edf76fb6119b4b60b,73,365,0,0.02561924420297146,-0.07168690860271454,-1.230252981185913,-8.511322108939163,0.0,-8.511280146850348,-0.0,-0.0,-4.196208881523944e-05,9.0,1.0,2,0.0
std005,0,KL006,6684926c7289bd8432a31af5074bd32b85fff20f3961f66edf76fb6119b4b60b,73,365,0,0.014864124357700348,-0.04449240863323212,-0.06176302582025528,-0.0002684484165219067,0.0,-0.0,-0.0,-0.0,-0.0002684484165219067,0.0,0.0,0,
std005,0,KL007,6684926c7289bd8432a31af5074bd32b85fff20f3961f66edf76fb6119b4b60b,73,365,0,0.040016889572143555,0.006230131722986698,0.40328681468963623,-6.598826189422514e-05,0.0,-0.0,-0.0,-0.0,-6.598826189422514e-05,0.0,0.0,0,
std005,0,KL008,6684926c7289bd8432a31af5074bd32b85fff20f3961f66edf76fb6119b4b60b,73,365,0,0.035277798771858215,-0.039289653301239014,0.019186489284038544,-0.0004735197464324312,0.0,-0.0,-0.0,-0.0,-0.0004735197464324312,0.0,0.0,0,
std005,0,KL009,6684926c7289bd8432a31af5074bd32b85fff20f3961f66edf76fb6119b4b60b,73,365,0,0.011528532952070236,-0.03646297752857208,-0.8649967908859253,-9.456996898400833,0.0,-9.456977940944832,-0.0,-0.0,-1.895745600144494e-05,10.0,0.0,2,0.0
std005,0,KL0010,6684926c7289bd8432a31af5074bd32b85fff20f3961f66edf76fb6119b4b60b,73,365,0,0.055050745606422424,-0.019438916817307472,-0.5164827704429626,-8.511370851580573,0.0,-8.511280146850348,-0.0,-0.0,-9.07047302245445e-05,9.0,1.0,2,0.0
std005,0,KL001,6684926c7289bd8432a31af5074bd32b85fff20f3961f66edf76fb6119b4b60b,74,370,0,-0.029163783416152,-0.04272644966840744,-0.1568697839975357,-0.0005154983547596344,0.0,-0.0,-0.0,-0.0,-0.0005154983547596344,0.0,0.0,0,
std005,0,KL002,6684926c7289bd8432a31af5074bd32b85fff20f3961f66edf76fb6119b4b60b,74,370,0,0.034273818135261536,-0.09775453060865402,-0.16209040582180023,-5.627160936126746e-05,0.0,-0.0,-0.0,-0.0,-5.627160936126746e-05,0.0,0.0,0,
std005,0,KL003,6684926c7289bd8432a31af5074bd32b85fff20f3961f66edf76fb6119b4b60b,74,370,0,0.05553223937749863,-0.031459614634513855,0.09386508911848068,-0.0004810184954405671,0.0,-0.0,-0.0,-0.0,-0.0004810184954405671,0.0,0.0,0,
std005,0,KL004,6684926c7289bd8432a31af5074bd32b85fff20f3961f66edf76fb6119b4b60b,74,370,0,-0.015734704211354256,-0.06506924331188202,-0.2984125018119812,-0.0006030291052111454,0.0,-0.0,-0.0,-0.0,-0.0006030291052111454,0.0,0.0,0,
std005,0,KL005,6684926c7289bd8432a31af5074bd32b85fff20f3961f66edf76fb6119b4b60b,74,370,0,0.02416609600186348,-0.07160297781229019,-1.206931471824646,-9.457017524959344,0.0,-9.456977940944832,-0.0,-0.0,-3.958401451242821e-05,10.0,0.0,2,0.0
std005,0,KL006,6684926c7289bd8432a31af5074bd32b85fff20f3961f66edf76fb6119b4b60b,74,370,0,0.020355895161628723,-0.047431111335754395,-0.08600621670484543,-0.0002788824149329328,0.0,-0.0,-0.0,-0.0,-0.0002788824149329328,0.0,0.0,0,
std005,0,KL007,6684926c7289bd8432a31af5074bd32b85fff20f3961f66edf76fb6119b4b60b,74,370,0,0.03798147290945053,0.008955794386565685,0.4131692051887512,-6.264616243046702e-05,0.0,-0.0,-0.0,-0.0,-6.264616243046702e-05,0.0,0.0,0,
std005,0,KL008,6684926c7289bd8432a31af5074bd32b85fff20f3961f66edf76fb6119b4b60b,74,370,0,0.03247363865375519,-0.03792993724346161,0.030512593686580658,-0.00047094780285747515,0.0,-0.0,-0.0,-0.0,-0.00047094780285747515,0.0,0.0,0,
std005,0,KL009,6684926c7289bd8432a31af5074bd32b85fff20f3961f66edf76fb6119b4b60b,74,370,0,0.011801773682236671,-0.02887451834976673,-0.9307985901832581,-9.456997350414543,0.0,-9.456977940944832,-0.0,-0.0,-1.940946971146218e-05,10.0,0.0,2,0.0
std005,0,KL0010,6684926c7289bd8432a31af5074bd32b85fff20f3961f66edf76fb6119b4b60b,74,370,0,0.05316317081451416,-0.018587153404951096,-0.5063856244087219,-9.457065553016804,0.0,-9.456977940944832,-0.0,-0.0,-8.761207197238718e-05,10.0,0.0,2,0.0
std005,0,KL001,6684926c7289bd8432a31af5074bd32b85fff20f3961f66edf76fb6119b4b60b,75,375,0,-0.03160005807876587,-0.07489308714866638,-0.08863095194101334,-0.0005237426469280566,0.0,-0.0,-0.0,-0.0,-0.0005237426469280566,0.0,0.0,0,
std005,0,KL002,6684926c7289bd8432a31af5074bd32b85fff20f3961f66edf76fb6119b4b60b,75,375,0,0.017160726711153984,-0.08468516170978546,-0.1606050729751587,-2.8177486812274036e-05,0.0,-0.0,-0.0,-0.0,-2.8177486812274036e-05,0.0,0.0,0,
std005,0,KL003,6684926c7289bd8432a31af5074bd32b85fff20f3961f66edf76fb6119b4b60b,75,375,0,0.04560670256614685,-0.040064431726932526,0.15911827981472015,-0.00046801196010335495,0.0,-0.0,-0.0,-0.0,-0.00046801196010335495,0.0,0.0,0,
std005,0,KL004,6684926c7289bd8432a31af5074bd32b85fff20f3961f66edf76fb6119b4b60b,75,375,0,-0.0002986881881952286,-0.07224016636610031,-0.35278359055519104,-0.0004328537637069903,0.0,-0.0,-0.0,-0.0,-0.0004328537637069903,0.0,0.0,0,
std005,0,KL005,6684926c7289bd8432a31af5074bd32b85fff20f3961f66edf76fb6119b4b60b,75,375,0,-0.019535884261131287,-0.040333859622478485,-0.9346652626991272,-9.457009877239885,0.0,-9.456977940944832,-0.0,-0.0,-3.193629505382489e-05,10.0,0.0,2,0.0
std005,0,KL006,6684926c7289bd8432a31af5074bd32b85fff20f3961f66edf76fb6119b4b60b,75,375,0,0.016131142154335976,-0.05293264985084534,-0.12832869589328766,-0.0002733165868420387,0.0,-0.0,-0.0,-0.0,-0.0002733165868420387,0.0,0.0,0,
std005,0,KL007,6684926c7289bd8432a31af5074bd32b85fff20f3961f66edf76fb6119b4b60b,75,375,0,0.03811090439558029,0.01034009549766779,0.4258880317211151,-6.28744082302806e-05,0.0,-0.0,-0.0,-0.0,-6.28744082302806e-05,0.0,0.0,0,
std005,0,KL008,6684926c7289bd8432a31af5074bd32b85fff20f3961f66edf76fb6119b4b60b,75,375,0,0.032554879784584045,-0.03787052631378174,0.04552402347326279,-0.00047315812010088486,0.0,-0.0,-0.0,-0.0,-0.00047315812010088486,0.0,0.0,0,
std005,0,KL009,6684926c7289bd8432a31af5074bd32b85fff20f3961f66edf76fb6119b4b60b,75,375,0,0.008309404365718365,-0.0248729195445776,-0.9307023286819458,-9.456991608727181,0.0,-9.456977940944832,-0.0,-0.0,-1.366778234945798e-05,10.0,0.0,2,0.0
std005,0,KL0010,6684926c7289bd8432a31af5074bd32b85fff20f3961f66edf76fb6119b4b60b,75,375,0,0.0513116791844368,-0.01859842985868454,-0.4906391203403473,-9.457062519094604,0.0,-9.456977940944832,-0.0,-0.0,-8.457814977269607e-05,10.0,0.0,2,0.0
std005,0,KL001,6684926c7289bd8432a31af5074bd32b85fff20f3961f66edf76fb6119b4b60b,76,380,0,-0.027699047699570656,-0.07403858751058578,-0.06764889508485794,-0.0005216525354826425,0.0,-0.0,-0.0,-0.0,-0.0005216525354826425,0.0,0.0,0,
std005,0,KL002,6684926c7289bd8432a31af5074bd32b85fff20f3961f66edf76fb6119b4b60b,76,380,0,0.014069581404328346,-0.08251047134399414,-0.15445078909397125,-2.3104013357369895e-05,0.0,-0.0,-0.0,-0.0,-2.3104013357369895e-05,0.0,0.0,0,
std005,0,KL003,6684926c7289bd8432a31af5074bd32b85fff20f3961f66edf76fb6119b4b60b,76,380,0,0.04772534966468811,-0.036632344126701355,0.15407980978488922,-0.00047472386848171024,0.0,-0.0,-0.0,-0.0,-0.00047472386848171024,0.0,0.0,0,
std005,0,KL004,6684926c7289bd8432a31af5074bd32b85fff20f3961f66edf76fb6119b4b60b,76,380,0,0.013297805562615395,-0.07602109014987946,-0.4102594256401062,-0.00026157440431409293,0.0,-0.0,-0.0,-0.0,-0.00026157440431409293,0.0,0.0,0,
std005,0,KL005,6684926c7289bd8432a31af5074bd32b85fff20f3961f66edf76fb6119b4b60b,76,380,0,-0.021572750061750412,-0.037806905806064606,-0.9256089925765991,-9.457013281600087,0.0,-9.456977940944832,-0.0,-0.0,-3.5340655255566844e-05,10.0,0.0,2,0.0
std005,0,KL006,6684926c7289bd8432a31af5074bd32b85fff20f3961f66edf76fb6119b4b60b,76,380,0,0.017081208527088165,-0.05111336708068848,-0.15862621366977692,-0.00027626951607935063,0.0,-0.0,-0.0,-0.0,-0.00027626951607935063,0.0,0.0,0,
std005,0,KL007,6684926c7289bd8432a31af5074bd32b85fff20f3961f66edf76fb6119b4b60b,76,380,0,0.03493768721818924,0.013636421412229538,0.4306415915489197,-5.765346423135912e-05,0.0,-0.0,-0.0,-0.0,-5.765346423135912e-05,0.0,0.0,0,
std005,0,KL008,6684926c7289bd8432a31af5074bd32b85fff20f3961f66edf76fb6119b4b60b,76,380,0,0.0267103910446167,-0.041105717420578,-0.04544908553361893,-0.0004656939882496844,0.0,-0.0,-0.0,-0.0,-0.0004656939882496844,0.0,0.0,0,
std005,0,KL009,6684926c7289bd8432a31af5074bd32b85fff20f3961f66edf76fb6119b4b60b,76,380,0,0.004467909224331379,-0.021013712510466576,-0.9119347929954529,-9.456985291068971,0.0,-9.456977940944832,-0.0,-0.0,-7.350124139549052e-06,10.0,0.0,2,0.0
std005,0,KL0010,6684926c7289bd8432a31af5074bd32b85fff20f3961f66edf76fb6119b4b60b,76,380,0,0.047148026525974274,-0.01431827899068594,-0.45299795269966125,-9.457055672620859,0.0,-9.456977940944832,-0.0,-0.0,-7.773167602742603e-05,10.0,0.0,2,0.0
std005,0,KL001,6684926c7289bd8432a31af5074bd32b85fff20f3961f66edf76fb6119b4b60b,77,385,0,-0.0389038547873497,-0.0643254965543747,-0.11454028636217117,-0.0005444047762879833,0.0,-0.0,-0.0,-0.0,-0.0005444047762879833,0.0,0.0,0,
std005,0,KL002,6684926c7289bd8432a31af5074bd32b85fff20f3961f66edf76fb6119b4b60b,77,385,0,0.013576843775808811,-0.08187104761600494,-0.14651474356651306,-2.2296967914729308e-05,0.0,-0.0,-0.0,-0.0,-2.2296967914729308e-05,0.0,0.0,0,
std005,0,KL003,6684926c7289bd8432a31af5074bd32b85fff20f3961f66edf76fb6119b4b60b,77,385,0,0.039249204099178314,-0.03281218558549881,0.12216376513242722,-0.0004641184491248552,0.0,-0.0,-0.0,-0.0,-0.0004641184491248552,0.0,0.0,0,
std005,0,KL004,6684926c7289bd8432a31af5074bd32b85fff20f3961f66edf76fb6119b4b60b,77,385,0,0.02155093476176262,-0.07436449080705643,-0.4426972568035126,-0.00016502898125462083,0.0,-0.0,-0.0,-0.0,-0.00016502898125462083,0.0,0.0,0,
std005,0,KL005,6684926c7289bd8432a31af5074bd32b85fff20f3961f66edf76fb6119b4b60b,77,385,0,-0.025279458612203598,-0.03511439263820648,-0.9661275744438171,-9.457019356486613,0.0,-9.456977940944832,-0.0,-0.0,-4.141554178183071e-05,10.0,0.0,2,0.0
std005,0,KL006,6684926c7289bd8432a31af5074bd32b85fff20f3961f66edf76fb6119b4b60b,77,385,0,0.018264872953295708,-0.04929305613040924,-0.18118689954280853,-0.0002796068729094508,0.0,-0.0,-0.0,-0.0,-0.0002796068729094508,0.0,0.0,0,
std005,0,KL007,6684926c7289bd8432a31af5074bd32b85fff20f3961f66edf76fb6119b4b60b,77,385,0,0.03197682648897171,0.016185950487852097,0.43581661581993103,-5.278091455851432e-05,0.0,-0.0,-0.0,-0.0,-5.278091455851432e-05,0.0,0.0,0,
std005,0,KL008,6684926c7289bd8432a31af5074bd32b85fff20f3961f66edf76fb6119b4b60b,77,385,0,0.025745168328285217,-0.039572685956954956,-0.036479271948337555,-0.0004663400605120287,0.0,-0.0,-0.0,-0.0,-0.0004663400605120287,0.0,0.0,0,
std005,0,KL009,6684926c7289bd8432a31af5074bd32b85fff20f3961f66edf76fb6119b4b60b,77,385,0,0.02876031957566738,-0.05582331120967865,-1.4013795852661133,-5.674234070102583,0.0,-5.674186764566899,-0.0,-0.0,-4.7305535683328515e-05,6.0,0.0,2,0.0
std005,0,KL0010,6684926c7289bd8432a31af5074bd32b85fff20f3961f66edf76fb6119b4b60b,77,385,0,0.04536818712949753,-0.014261208474636078,-0.4352247416973114,-5.67426157820742,0.0,-5.674186764566899,-0.0,-0.0,-7.481364052086548e-05,6.0,0.0,2,0.0
std005,0,KL001,6684926c7289bd8432a31af5074bd32b85fff20f3961f66edf76fb6119b4b60b,78,390,0,-0.026224005967378616,-0.07570962607860565,-0.05001617223024368,-0.0005280134347856813,0.0,-0.0,-0.0,-0.0,-0.0005280134347856813,0.0,0.0,0,
std005,0,KL002,6684926c7289bd8432a31af5074bd32b85fff20f3961f66edf76fb6119b4b60b,78,390,0,0.01436704397201538,-0.08247342705726624,-0.12085851281881332,-2.3596950022488824e-05,0.0,-0.0,-0.0,-0.0,-2.3596950022488824e-05,0.0,0.0,0,
std005,0,KL003,6684926c7289bd8432a31af5074bd32b85fff20f3961f66edf76fb6119b4b60b,78,390,0,0.04847142845392227,-0.03393352031707764,0.15174558758735657,-0.0004825986127900224,0.0,-0.0,-0.0,-0.0,-0.0004825986127900224,0.0,0.0,0,
std005,0,KL004,6684926c7289bd8432a31af5074bd32b85fff20f3961f66edf76fb6119b4b60b,78,390,0,0.02801932394504547,-0.07642573118209839,-0.5686814785003662,-0.00015547286995834685,0.0,-0.0,-0.0,-0.0,-0.00015547286995834685,0.0,0.0,1,175.9161376953125
std005,0,KL005,6684926c7289bd8432a31af5074bd32b85fff20f3961f66edf76fb6119b4b60b,78,390,0,-0.025867795571684837,-0.03418654203414917,-0.9710781574249268,-9.457020323042755,0.0,-9.456977940944832,-0.0,-0.0,-4.238209792362113e-05,10.0,0.0,2,0.0
std005,0,KL006,6684926c7289bd8432a31af5074bd32b85fff20f3961f66edf76fb6119b4b60b,78,390,0,0.016446538269519806,-0.048747360706329346,-0.30784866213798523,-0.0002780359549836476,0.0,-0.0,-0.0,-0.0,-0.0002780359549836476,0.0,0.0,1,175.9161376953125
std005,0,KL007,6684926c7289bd8432a31af5074bd32b85fff20f3961f66edf76fb6119b4b60b,78,390,0,0.02965172380208969,0.017056051641702652,0.44099724292755127,-4.8955936194171565e-05,0.0,-0.0,-0.0,-0.0,-4.8955936194171565e-05,0.0,0.0,0,
std005,0,KL008,6684926c7289bd8432a31af5074bd32b85fff20f3961f66edf76fb6119b4b60b,78,390,0,0.024794742465019226,-0.03873739391565323,-0.027284152805805206,-0.0004670461108885944,0.0,-0.0,-0.0,-0.0,-0.0004670461108885944,0.0,0.0,0,
std005,0,KL009,6684926c7289bd8432a31af5074bd32b85fff20f3961f66edf76fb6119b4b60b,78,390,0,0.04034465551376343,-0.0607670322060585,-1.099860668182373,-4.728555360077359,0.0,-4.728488970472416,-0.0,-0.0,-6.638960494331769e-05,5.0,0.0,1,0.0
std005,0,KL0010,6684926c7289bd8432a31af5074bd32b85fff20f3961f66edf76fb6119b4b60b,78,390,0,0.057011812925338745,-0.018994420766830444,-0.21900589764118195,-4.728583005067064,0.0,-4.728488970472416,-0.0,-0.0,-9.403459464785158e-05,5.0,0.0,1,0.0
std005,0,KL001,6684926c7289bd8432a31af5074bd32b85fff20f3961f66edf76fb6119b4b60b,79,395,0,-0.03952837735414505,-0.06325880438089371,-0.10136259347200394,-0.0005543533239627123,0.0,-0.0,-0.0,-0.0,-0.0005543533239627123,0.0,0.0,0,
std005,0,KL002,6684926c7289bd8432a31af5074bd32b85fff20f3961f66edf76fb6119b4b60b,79,395,0,0.008641622960567474,-0.08970962464809418,0.006361744366586208,-1.4194634980789529e-05,0.0,-0.0,-0.0,-0.0,-1.4194634980789529e-05,0.0,0.0,0,
std005,0,KL003,6684926c7289bd8432a31af5074bd32b85fff20f3961f66edf76fb6119b4b60b,79,395,0,0.0382201224565506,-0.023487111553549767,0.11439990252256393,-0.00046917662107372193,0.0,-0.0,-0.0,-0.0,-0.00046917662107372193,0.0,0.0,0,
std005,0,KL004,6684926c7289bd8432a31af5074bd32b85fff20f3961f66edf76fb6119b4b60b,79,395,0,0.027281856164336205,-0.07606099545955658,-0.5804382562637329,-0.0001579414368793197,0.0,-0.0,-0.0,-0.0,-0.0001579414368793197,0.0,0.0,1,171.31781005859375
std005,0,KL005,6684926c7289bd8432a31af5074bd32b85fff20f3961f66edf76fb6119b4b60b,79,395,0,-0.02584051713347435,-0.03298920392990112,-0.9447787404060364,-9.457020281093214,0.0,-9.456977940944832,-0.0,-0.0,-4.234014838289113e-05,10.0,0.0,2,0.0
std005,0,KL006,6684926c7289bd8432a31af5074bd32b85fff20f3961f66edf76fb6119b4b60b,79,395,0,0.01729726977646351,-0.04805080592632294,-0.3174406886100769,-0.0002808632906410376,0.0,-0.0,-0.0,-0.0,-0.0002808632906410376,0.0,0.0,1,171.31781005859375
std005,0,KL007,6684926c7289bd8432a31af5074bd32b85fff20f3961f66edf76fb6119b4b60b,79,395,0,0.025265222415328026,0.01458102185279131,0.421016126871109,-4.172497914647297e-05,0.0,-0.0,-0.0,-0.0,-4.172497914647297e-05,0.0,0.0,0,
std005,0,KL008,6684926c7289bd8432a31af5074bd32b85fff20f3961f66edf76fb6119b4b60b,79,395,0,0.024754174053668976,-0.03919624537229538,-0.01766590029001236,-0.0004692756329722073,0.0,-0.0,-0.0,-0.0,-0.0004692756329722073,0.0,0.0,0,
std005,0,KL009,6684926c7289bd8432a31af5074bd32b85fff20f3961f66edf76fb6119b4b60b,79,395,0,0.05032344162464142,-0.0632704645395279,-0.9755620956420898,-4.728571792390957,0.0,-4.728488970472416,-0.0,-0.0,-8.282191854114274e-05,5.0,0.0,1,0.0
std005,0,KL0010,6684926c7289bd8432a31af5074bd32b85fff20f3961f66edf76fb6119b4b60b,79,395,0,0.055616334080696106,-0.01986735127866268,-0.20650677382946014,-4.7285807244077125,0.0,-4.728488970472416,-0.0,-0.0,-9.175393529670117e-05,5.0,0.0,1,0.0
std005,0,KL001,6684926c7289bd8432a31af5074bd32b85fff20f3961f66edf76fb6119b4b60b,80,400,0,-0.04085012525320053,-0.059056006371974945,-0.10179027169942856,-0.0005610377287379441,0.0,-0.0,-0.0,-0.0,-0.0005610377287379441,0.0,0.0,0,
std005,0,KL002,6684926c7289bd8432a31af5074bd32b85fff20f3961f66edf76fb6119b4b60b,80,400,0,0.00732975360006094,-0.0895223468542099,0.008262655697762966,-1.204093047979516e-05,0.0,-0.0,-0.0,-0.0,-1.204093047979516e-05,0.0,0.0,0,
std005,0,KL003,6684926c7289bd8432a31af5074bd32b85fff20f3961f66edf76fb6119b4b60b,80,400,0,0.03514225780963898,-0.04020252823829651,0.08582233637571335,-0.00046761782049793634,0.0,-0.0,-0.0,-0.0,-0.00046761782049793634,0.0,0.0,0,
std005,0,KL004,6684926c7289bd8432a31af5074bd32b85fff20f3961f66edf76fb6119b4b60b,80,400,0,0.0328962579369545,-0.07386699318885803,-0.521190881729126,-0.00015004615760723418,0.0,-0.0,-0.0,-0.0,-0.00015004615760723418,0.0,0.0,1,166.5656280517578
std005,0,KL005,6684926c7289bd8432a31af5074bd32b85fff20f3961f66edf76fb6119b4b60b,80,400,0,-0.02587178908288479,-0.03204497694969177,-0.9106195569038391,-9.45702033512952,0.0,-9.456977940944832,-0.0,-0.0,-4.239418468898748e-05,10.0,0.0,2,0.0
std005,0,KL006,6684926c7289bd8432a31af5074bd32b85fff20f3961f66edf76fb6119b4b60b,80,400,0,0.017107674852013588,-0.047567419707775116,-0.32837799191474915,-0.0002819932643669446,0.0,-0.0,-0.0,-0.0,-0.0002819932643669446,0.0,0.0,1,166.5656280517578
std005,0,KL007,6684926c7289bd8432a31af5074bd32b85fff20f3961f66edf76fb6119b4b60b,80,400,0,0.02383938618004322,0.014282891526818275,0.42336612939834595,-3.938120509772883e-05,0.0,-0.0,-0.0,-0.0,-3.938120509772883e-05,0.0,0.0,0,
std005,0,KL008,6684926c7289bd8432a31af5074bd32b85fff20f3961f66edf76fb6119b4b60b,80,400,0,0.023793287575244904,-0.03911564499139786,-0.009021439589560032,-0.0004700174652477184,0.0,-0.0,-0.0,-0.0,-0.0004700174652477184,0.0,0.0,0,
std005,0,KL009,6684926c7289bd8432a31af5074bd32b85fff20f3961f66edf76fb6119b4b60b,80,400,0,0.047341927886009216,-0.062447257339954376,-0.9416463375091553,-4.728566897126253,0.0,-4.728488970472416,-0.0,-0.0,-7.792665383732356e-05,5.0,0.0,1,0.0
std005,0,KL0010,6684926c7289bd8432a31af5074bd32b85fff20f3961f66edf76fb6119b4b60b,80,400,0,0.054279573261737823,-0.01949143409729004,-0.1887846142053604,-4.728578540238411,0.0,-4.728488970472416,-0.0,-0.0,-8.956976599527877e-05,5.0,0.0,1,0.0
std005,0,KL001,6684926c7289bd8432a31af5074bd32b85fff20f3961f66edf76fb6119b4b60b,81,405,0,-0.040746353566646576,-0.056676216423511505,-0.08907843381166458,-0.0005654468831146521,0.0,-0.0,-0.0,-0.0,-0.0005654468831146521,0.0,0.0,0,
std005,0,KL002,6684926c7289bd8432a31af5074bd32b85fff20f3961f66edf76fb6119b4b60b,81,405,0,0.006933202967047691,-0.0895504504442215,0.010411581955850124,-1.139062237057964e-05,0.0,-0.0,-0.0,-0.0,-1.139062237057964e-05,0.0,0.0,0,
std005,0,KL003,6684926c7289bd8432a31af5074bd32b85fff20f3961f66edf76fb6119b4b60b,81,405,0,0.037674516439437866,-0.039147764444351196,0.08840542286634445,-0.00047532103959828896,0.0,-0.0,-0.0,-0.0,-0.00047532103959828896,0.0,0.0,0,
std005,0,KL004,6684926c7289bd8432a31af5074bd32b85fff20f3961f66edf76fb6119b4b60b,81,405,0,0.03338024020195007,-0.07359898835420609,-0.5380913615226746,-0.0001505925425176429,0.0,-0.0,-0.0,-0.0,-0.0001505925425176429,0.0,0.0,1,161.97274780273438
std005,0,KL005,6684926c7289bd8432a31af5074bd32b85fff20f3961f66edf76fb6119b4b60b,81,405,0,-0.026596305891871452,-0.030676819384098053,-0.8731515407562256,-0.9457413784164878,0.0,-0.9456977940944832,-0.0,-0.0,-4.358432200457507e-05,1.0,0.0,2,0.0
std005,0,KL006,6684926c7289bd8432a31af5074bd32b85fff20f3961f66edf76fb6119b4b60b,81,405,0,0.017473431304097176,-0.0470498651266098,-0.33735188841819763,-0.0002840472569181768,0.0,-0.0,-0.0,-0.0,-0.0002840472569181768,0.0,0.0,1,161.97274780273438
std005,0,KL007,6684926c7289bd8432a31af5074bd32b85fff20f3961f66edf76fb6119b4b60b,81,405,0,0.022798355668783188,0.014325934462249279,0.4274332523345947,-3.767232558626875e-05,0.0,-0.0,-0.0,-0.0,-3.767232558626875e-05,0.0,0.0,0,
std005,0,KL008,6684926c7289bd8432a31af5074bd32b85fff20f3961f66edf76fb6119b4b60b,81,405,0,0.01645604521036148,-0.0446205735206604,0.0195307657122612,-0.00046037521364265506,0.0,-0.0,-0.0,-0.0,-0.00046037521364265506,0.0,0.0,0,
std005,0,KL009,6684926c7289bd8432a31af5074bd32b85fff20f3961f66edf76fb6119b4b60b,81,405,0,0.04643670469522476,-0.06248635798692703,-0.9083884358406067,-0.9457742423734923,0.0,-0.9456977940944832,-0.0,-0.0,-7.644827900910034e-05,1.0,0.0,1,0.0
std005,0,KL0010,6684926c7289bd8432a31af5074bd32b85fff20f3961f66edf76fb6119b4b60b,81,405,0,0.05284498631954193,-0.01963741146028042,-0.16871334612369537,-8.722373162001934e-05,0.0,-0.0,-0.0,-0.0,-8.722373162001934e-05,0.0,0.0,1,0.0
std005,0,KL001,6684926c7289bd8432a31af5074bd32b85fff20f3961f66edf76fb6119b4b60b,82,410,0,-0.04355800896883011,-0.05748972296714783,-0.0788675919175148,-0.000574705385875259,0.0,-0.0,-0.0,-0.0,-0.000574705385875259,0.0,0.0,0,
std005,0,KL002,6684926c7289bd8432a31af5074bd32b85fff20f3961f66edf76fb6119b4b60b,82,410,0,0.00640344712883234,-0.08958876132965088,0.01206617709249258,-1.0521339208419762e-05,0.0,-0.0,-0.0,-0.0,-1.0521339208419762e-05,0.0,0.0,0,
std005,0,KL003,6684926c7289bd8432a31af5074bd32b85fff20f3961f66edf76fb6119b4b60b,82,410,0,0.03641194850206375,-0.03989127278327942,0.0911107286810875,-0.00047684435045000417,0.0,-0.0,-0.0,-0.0,-0.00047684435045000417,0.0,0.0,0,
std005,0,KL004,6684926c7289bd8432a31af5074bd32b85fff20f3961f66edf76fb6119b4b60b,82,410,0,0.03360418975353241,-0.07354800403118134,-0.5562170743942261,-0.00016548229677384397,0.0,-0.0,-0.0,-0.0,-0.00016548229677384397,0.0,0.0,1,157.22164916992188
std005,0,KL005,6684926c7289bd8432a31af5074bd32b85fff20f3961f66edf76fb6119b4b60b,82,410,0,0.024059345945715904,-0.059651799499988556,-0.3821016252040863,-3.9321252615649365e-05,0.0,-0.0,-0.0,-0.0,-3.9321252615649365e-05,0.0,0.0,0,
std005,0,KL006,6684926c7289bd8432a31af5074bd32b85fff20f3961f66edf76fb6119b4b60b,82,410,0,0.01861206628382206,-0.04667922109365463,-0.34958842396736145,-0.0002873742182228822,0.0,-0.0,-0.0,-0.0,-0.0002873742182228822,0.0,0.0,1,157.22164916992188
std005,0,KL007,6684926c7289bd8432a31af5074bd32b85fff20f3961f66edf76fb6119b4b60b,82,410,0,0.02221798337996006,0.01429066900163889,0.43100932240486145,-3.672424512277347e-05,0.0,-0.0,-0.0,-0.0,-3.672424512277347e-05,0.0,0.0,0,
std005,0,KL008,6684926c7289bd8432a31af5074bd32b85fff20f3961f66edf76fb6119b4b60b,82,410,0,0.01613604463636875,-0.04424659162759781,0.022024743258953094,-0.000462397287778489,0.0,-0.0,-0.0,-0.0,-0.000462397287778489,0.0,0.0,0,
std005,0,KL009,6684926c7289bd8432a31af5074bd32b85fff20f3961f66edf76fb6119b4b60b,82,410,0,0.05431407690048218,-0.06646636128425598,-0.498597651720047,-8.943015086894185e-05,0.0,-0.0,-0.0,-0.0,-8.943015086894185e-05,0.0,0.0,0,
std005,0,KL0010,6684926c7289bd8432a31af5074bd32b85fff20f3961f66edf76fb6119b4b60b,82,410,0,0.05791601538658142,-0.030989713966846466,0.09577446430921555,-9.561695798664238e-05,0.0,-0.0,-0.0,-0.0,-9.561695798664238e-05,0.0,0.0,0,
std005,0,KL001,6684926c7289bd8432a31af5074bd32b85fff20f3961f66edf76fb6119b4b60b,83,415,0,-0.047608427703380585,-0.06182388216257095,-0.04370491951704025,-0.0005860443853292446,0.0,-0.0,-0.0,-0.0,-0.0005860443853292446,0.0,0.0,0,
std005,0,KL002,6684926c7289bd8432a31af5074bd32b85fff20f3961f66edf76fb6119b4b60b,83,415,0,0.006062977947294712,-0.0899997279047966,0.014246455393731594,-9.962945640765973e-06,0.0,-0.0,-0.0,-0.0,-9.962945640765973e-06,0.0,0.0,0,
std005,0,KL003,6684926c7289bd8432a31af5074bd32b85fff20f3961f66edf76fb6119b4b60b,83,415,0,0.036609947681427,-0.039730221033096313,0.09456314891576767,-0.00048082321574877097,0.0,-0.0,-0.0,-0.0,-0.00048082321574877097,0.0,0.0,0,
std005,0,KL004,6684926c7289bd8432a31af5074bd32b85fff20f3961f66edf76fb6119b4b60b,83,415,0,0.03255140781402588,-0.07323572039604187,-0.5776895880699158,-0.00019149887482058605,0.0,-0.0,-0.0,-0.0,-0.00019149887482058605,0.0,0.0,1,152.2239227294922
std005,0,KL005,6684926c7289bd8432a31af5074bd32b85fff20f3961f66edf76fb6119b4b60b,83,415,0,0.027539413422346115,-0.06394528597593307,-0.4006195068359375,-4.513515239098212e-05,0.0,-0.0,-0.0,-0.0,-4.513515239098212e-05,0.0,0.0,0,
std005,0,KL006,6684926c7289bd8432a31af5074bd32b85fff20f3961f66edf76fb6119b4b60b,83,415,0,0.01916448399424553,-0.0460045263171196,-0.3571353852748871,-0.0002897419675203996,0.0,-0.0,-0.0,-0.0,-0.0002897419675203996,0.0,0.0,1,152.2239227294922
std005,0,KL007,6684926c7289bd8432a31af5074bd32b85fff20f3961f66edf76fb6119b4b60b,83,415,0,0.021755563095211983,0.013399841263890266,0.4365968406200409,-3.597097812734889e-05,0.0,-0.0,-0.0,-0.0,-3.597097812734889e-05,0.0,0.0,0,
std005,0,KL008,6684926c7289bd8432a31af5074bd32b85fff20f3961f66edf76fb6119b4b60b,83,415,0,0.015112997964024544,-0.04357217997312546,0.02734299749135971,-0.0004632997871549803,0.0,-0.0,-0.0,-0.0,-0.0004632997871549803,0.0,0.0,0,
std005,0,KL009,6684926c7289bd8432a31af5074bd32b85fff20f3961f66edf76fb6119b4b60b,83,415,0,0.05296921730041504,-0.06670962274074554,-0.48409852385520935,-8.722966282753955e-05,0.0,-0.0,-0.0,-0.0,-8.722966282753955e-05,0.0,0.0,0,
std005,0,KL0010,6684926c7289bd8432a31af5074bd32b85fff20f3961f66edf76fb6119b4b60b,83,415,0,0.05614553391933441,-0.030824271962046623,0.10995417088270187,-9.271763710078807e-05,0.0,-0.0,-0.0,-0.0,-9.271763710078807e-05,0.0,0.0,0,
std005,0,KL001,6684926c7289bd8432a31af5074bd32b85fff20f3961f66edf76fb6119b4b60b,84,420,0,-0.051669374108314514,-0.062352970242500305,-0.03520282357931137,-0.0005974411830243038,0.0,-0.0,-0.0,-0.0,-0.0005974411830243038,0.0,0.0,0,
std005,0,KL002,6684926c7289bd8432a31af5074bd32b85fff20f3961f66edf76fb6119b4b60b,84,420,0,0.00559423491358757,-0.09010165929794312,0.015327653847634792,-9.193646488117664e-06,0.0,-0.0,-0.0,-0.0,-9.193646488117664e-06,0.0,0.0,0,
std005,0,KL003,6684926c7289bd8432a31af5074bd32b85fff20f3961f66edf76fb6119b4b60b,84,420,0,0.033817946910858154,-0.040704913437366486,0.09677978605031967,-0.0004799573430666605,0.0,-0.0,-0.0,-0.0,-0.0004799573430666605,0.0,0.0,0,
std005,0,KL004,6684926c7289bd8432a31af5074bd32b85fff20f3961f66edf76fb6119b4b60b,84,420,0,0.031773608177900314,-0.07305839657783508,-0.5961220264434814,-0.00023341499917526925,0.0,-0.0,-0.0,-0.0,-0.00023341499917526925,0.0,0.0,1,147.1213836669922
std005,0,KL005,6684926c7289bd8432a31af5074bd32b85fff20f3961f66edf76fb6119b4b60b,84,420,0,0.021008087322115898,-0.05773094296455383,-0.3930586278438568,-3.4432994232521736e-05,0.0,-0.0,-0.0,-0.0,-3.4432994232521736e-05,0.0,0.0,0,
std005,0,KL006,6684926c7289bd8432a31af5074bd32b85fff20f3961f66edf76fb6119b4b60b,84,420,0,0.019934017211198807,-0.04599301517009735,-0.36353209614753723,-0.0002924711349532198,0.0,-0.0,-0.0,-0.0,-0.0002924711349532198,0.0,0.0,1,147.1213836669922
std005,0,KL007,6684926c7289bd8432a31af5074bd32b85fff20f3961f66edf76fb6119b4b60b,84,420,0,0.0213074441999197,0.012909924611449242,0.44020894169807434,-3.5241278618354364e-05,0.0,-0.0,-0.0,-0.0,-3.5241278618354364e-05,0.0,0.0,0,
std005,0,KL008,6684926c7289bd8432a31af5074bd32b85fff20f3961f66edf76fb6119b4b60b,84,420,0,0.049124203622341156,-0.02207857184112072,0.03166186064481735,-0.0005214873803872944,0.0,-0.0,-0.0,-0.0,-0.0005214873803872944,0.0,0.0,0,
std005,0,KL009,6684926c7289bd8432a31af5074bd32b85fff20f3961f66edf76fb6119b4b60b,84,420,0,0.0518222451210022,-0.06688372790813446,-0.4602532684803009,-8.535473909508149e-05,0.0,-0.0,-0.0,-0.0,-8.535473909508149e-05,0.0,0.0,0,
std005,0,KL0010,6684926c7289bd8432a31af5074bd32b85fff20f3961f66edf76fb6119b4b60b,84,420,0,0.054170191287994385,-0.03099788911640644,0.12284203618764877,-8.947918658931822e-05,0.0,-0.0,-0.0,-0.0,-8.947918658931822e-05,0.0,0.0,0,
std005,0,KL001,6684926c7289bd8432a31af5074bd32b85fff20f3961f66edf76fb6119b4b60b,85,425,0,-0.053811319172382355,-0.060636915266513824,-0.023235537111759186,-0.0006057329484361512,0.0,-0.0,-0.0,-0.0,-0.0006057329484361512,0.0,0.0,0,
std005,0,KL002,6684926c7289bd8432a31af5074bd32b85fff20f3961f66edf76fb6119b4b60b,85,425,0,0.00536820013076067,-0.09023018181324005,0.015813015401363373,-8.82311978988944e-06,0.0,-0.0,-0.0,-0.0,-8.82311978988944e-06,0.0,0.0,0,
std005,0,KL003,6684926c7289bd8432a31af5074bd32b85fff20f3961f66edf76fb6119b4b60b,85,425,0,0.031391486525535583,-0.040329329669475555,0.10670038312673569,-0.0004797668334403448,0.0,-0.0,-0.0,-0.0,-0.0004797668334403448,0.0,0.0,0,
std005,0,KL004,6684926c7289bd8432a31af5074bd32b85fff20f3961f66edf76fb6119b4b60b,85,425,0,0.029361160472035408,-0.07063013315200806,-0.5913998484611511,-5.820258120650926e-05,0.0,-0.0,-0.0,-0.0,-5.820258120650926e-05,0.0,0.0,1,142.103759765625
std005,0,KL005,6684926c7289bd8432a31af5074bd32b85fff20f3961f66edf76fb6119b4b60b,85,425,0,0.026167379692196846,-0.05142486095428467,-0.3479612469673157,-4.289212304665071e-05,0.0,-0.0,-0.0,-0.0,-4.289212304665071e-05,0.0,0.0,0,
std005,0,KL006,6684926c7289bd8432a31af5074bd32b85fff20f3961f66edf76fb6119b4b60b,85,425,0,0.01894175074994564,-0.04646623134613037,-0.347810834646225,-0.0002923226780190013,0.0,-0.0,-0.0,-0.0,-0.0002923226780190013,0.0,0.0,1,142.103759765625
std005,0,KL007,6684926c7289bd8432a31af5074bd32b85fff20f3961f66edf76fb6119b4b60b,85,425,0,0.020595209673047066,0.011426255106925964,0.44694414734840393,-3.407452061250795e-05,0.0,-0.0,-0.0,-0.0,-3.407452061250795e-05,0.0,0.0,0,
std005,0,KL008,6684926c7289bd8432a31af5074bd32b85fff20f3961f66edf76fb6119b4b60b,85,425,0,0.05171091854572296,-0.023734113201498985,0.05119621008634567,-0.0005275601878797992,0.0,-0.0,-0.0,-0.0,-0.0005275601878797992,0.0,0.0,0,
std005,0,KL009,6684926c7289bd8432a31af5074bd32b85fff20f3961f66edf76fb6119b4b60b,85,425,0,0.04041159898042679,-0.07495047897100449,-0.41890448331832886,-6.657192679731974e-05,0.0,-0.0,-0.0,-0.0,-6.657192679731974e-05,0.0,0.0,0,
std005,0,KL0010,6684926c7289bd8432a31af5074bd32b85fff20f3961f66edf76fb6119b4b60b,85,425,0,0.05141712725162506,-0.031013669446110725,0.13470067083835602,-8.495482323293772e-05,0.0,-0.0,-0.0,-0.0,-8.495482323293772e-05,0.0,0.0,0,
std005,0,KL001,6684926c7289bd8432a31af5074bd32b85fff20f3961f66edf76fb6119b4b60b,86,430,0,-0.052413322031497955,-0.06150294840335846,-0.014115371741354465,-0.0006082780066897372,0.0,-0.0,-0.0,-0.0,-0.0006082780066897372,0.0,0.0,0,
std005,0,KL002,6684926c7289bd8432a31af5074bd32b85fff20f3961f66edf76fb6119b4b60b,86,430,0,0.005410939455032349,-0.09036891162395477,0.019447676837444305,-8.89434089400358e-06,0.0,-0.0,-0.0,-0.0,-8.89434089400358e-06,0.0,0.0,0,
std005,0,KL003,6684926c7289bd8432a31af5074bd32b85fff20f3961f66edf76fb6119b4b60b,86,430,0,0.033760569989681244,-0.04063955694437027,0.10684873908758163,-0.00048751045539022734,0.0,-0.0,-0.0,-0.0,-0.00048751045539022734,0.0,0.0,0,
std005,0,KL004,6684926c7289bd8432a31af5074bd32b85fff20f3961f66edf76fb6119b4b60b,86,430,0,0.032979823648929596,-0.07030262798070908,-0.5215359926223755,-1.2733992739301907e-05,0.0,-0.0,-0.0,-0.0,-1.2733992739301907e-05,0.0,0.0,1,140.70018005371094
std005,0,KL005,6684926c7289bd8432a31af5074bd32b85fff20f3961f66edf76fb6119b4b60b,86,430,0,0.02445237524807453,-0.05189026892185211,-0.33846238255500793,-4.008370937741276e-05,0.0,-0.0,-0.0,-0.0,-4.008370937741276e-05,0.0,0.0,0,
std005,0,KL006,6684926c7289bd8432a31af5074bd32b85fff20f3961f66edf76fb6119b4b60b,86,430,0,0.015385303646326065,-0.04581243544816971,-0.28349921107292175,-0.0002880081702708914,0.0,-0.0,-0.0,-0.0,-0.0002880081702708914,0.0,0.0,1,140.70018005371094
std005,0,KL007,6684926c7289bd8432a31af5074bd32b85fff20f3961f66edf76fb6119b4b60b,86,430,0,0.01705040968954563,0.013640452176332474,0.45207664370536804,-2.8219402650189306e-05,0.0,-0.0,-0.0,-0.0,-2.8219402650189306e-05,0.0,0.0,0,
std005,0,KL008,6684926c7289bd8432a31af5074bd32b85fff20f3961f66edf76fb6119b4b60b,86,430,0,0.03189852088689804,-0.02738526090979576,0.08959659188985825,-0.0004968423229062556,0.0,-0.0,-0.0,-0.0,-0.0004968423229062556,0.0,0.0,0,
std005,0,KL009,6684926c7289bd8432a31af5074bd32b85fff20f3961f66edf76fb6119b4b60b,86,430,0,0.0386594757437706,-0.07449160516262054,-0.3836616575717926,-6.369634323638287e-05,0.0,-0.0,-0.0,-0.0,-6.369634323638287e-05,0.0,0.0,0,
std005,0,KL0010,6684926c7289bd8432a31af5074bd32b85fff20f3961f66edf76fb6119b4b60b,86,430,0,0.047895632684230804,-0.03082798235118389,0.1498851329088211,-7.915876122038743e-05,0.0,-0.0,-0.0,-0.0,-7.915876122038743e-05,0.0,0.0,0,
std005,0,KL001,6684926c7289bd8432a31af5074bd32b85fff20f3961f66edf76fb6119b4b60b,87,435,0,-0.05372624099254608,-0.06197647750377655,-0.006620832718908787,-0.0006153508244454662,0.0,-0.0,-0.0,-0.0,-0.0006153508244454662,0.0,0.0,0,
std005,0,KL002,6684926c7289bd8432a31af5074bd32b85fff20f3961f66edf76fb6119b4b60b,87,435,0,0.006651423871517181,-0.07488416135311127,0.03323102742433548,-1.0934700388817575e-05,0.0,-0.0,-0.0,-0.0,-1.0934700388817575e-05,0.0,0.0,0,
std005,0,KL003,6684926c7289bd8432a31af5074bd32b85fff20f3961f66edf76fb6119b4b60b,87,435,0,0.03481218218803406,-0.04101050645112991,0.10534840077161789,-0.0004931378528366027,0.0,-0.0,-0.0,-0.0,-0.0004931378528366027,0.0,0.0,0,
std005,0,KL004,6684926c7289bd8432a31af5074bd32b85fff20f3961f66edf76fb6119b4b60b,87,435,0,0.03376547992229462,-0.0700083002448082,-0.5013708472251892,-1.2087815724605211e-05,0.0,-0.0,-0.0,-0.0,-1.2087815724605211e-05,0.0,0.0,1,137.70030212402344
std005,0,KL005,6684926c7289bd8432a31af5074bd32b85fff20f3961f66edf76fb6119b4b60b,87,435,0,0.023236416280269623,-0.052163995802402496,-0.3186929225921631,-3.809307617407466e-05,0.0,-0.0,-0.0,-0.0,-3.809307617407466e-05,0.0,0.0,0,
std005,0,KL006,6684926c7289bd8432a31af5074bd32b85fff20f3961f66edf76fb6119b4b60b,87,435,0,0.05109065771102905,-0.004860561806708574,-0.26930394768714905,-0.0003479281953941896,0.0,-0.0,-0.0,-0.0,-0.0003479281953941896,0.0,0.0,1,137.70030212402344
std005,0,KL007,6684926c7289bd8432a31af5074bd32b85fff20f3961f66edf76fb6119b4b60b,87,435,0,-0.005987479351460934,0.018525680527091026,0.44588497281074524,-9.88875610175508e-06,0.0,-0.0,-0.0,-0.0,-9.88875610175508e-06,0.0,0.0,0,
std005,0,KL008,6684926c7289bd8432a31af5074bd32b85fff20f3961f66edf76fb6119b4b60b,87,435,0,0.031168874353170395,-0.028371555730700493,0.08805070072412491,-0.0004978505413023468,0.0,-0.0,-0.0,-0.0,-0.0004978505413023468,0.0,0.0,0,
std005,0,KL009,6684926c7289bd8432a31af5074bd32b85fff20f3961f66edf76fb6119b4b60b,87,435,0,0.03787112981081009,-0.07474301010370255,-0.3575352132320404,-6.240823957447067e-05,0.0,-0.0,-0.0,-0.0,-6.240823957447067e-05,0.0,0.0,0,
std005,0,KL0010,6684926c7289bd8432a31af5074bd32b85fff20f3961f66edf76fb6119b4b60b,87,435,0,0.045461080968379974,-0.03106091171503067,0.1622745394706726,-7.515701005326447e-05,0.0,-0.0,-0.0,-0.0,-7.515701005326447e-05,0.0,0.0,0,
std005,0,KL001,6684926c7289bd8432a31af5074bd32b85fff20f3961f66edf76fb6119b4b60b,88,440,0,-0.056415870785713196,-0.062048062682151794,0.0018068470526486635,-0.0006247431550184887,0.0,-0.0,-0.0,-0.0,-0.0006247431550184887,0.0,0.0,0,
std005,0,KL002,6684926c7289bd8432a31af5074bd32b85fff20f3961f66edf76fb6119b4b60b,88,440,0,0.006177227012813091,-0.07497087121009827,0.03036361187696457,-1.0156339091556792e-05,0.0,-0.0,-0.0,-0.0,-1.0156339091556792e-05,0.0,0.0,0,
std005,0,KL003,6684926c7289bd8432a31af5074bd32b85fff20f3961f66edf76fb6119b4b60b,88,440,0,0.03352838009595871,-0.041054725646972656,0.11706116050481796,-0.0004949910123640026,0.0,-0.0,-0.0,-0.0,-0.0004949910123640026,0.0,0.0,0,
std005,0,KL004,6684926c7289bd8432a31af5074bd32b85fff20f3961f66edf76fb6119b4b60b,88,440,0,0.03270244598388672,-0.06938783079385757,-0.4742789566516876,-1.4501129947590547e-05,0.0,-0.0,-0.0,-0.0,-1.4501129947590547e-05,0.0,0.0,1,135.9563446044922
std005,0,KL005,6684926c7289bd8432a31af5074bd32b85fff20f3961f66edf76fb6119b4b60b,88,440,0,0.02215372957289219,-0.05296965688467026,-0.3036513030529022,-3.632069075948829e-05,0.0,-0.0,-0.0,-0.0,-3.632069075948829e-05,0.0,0.0,0,
std005,0,KL006,6684926c7289bd8432a31af5074bd32b85fff20f3961f66edf76fb6119b4b60b,88,440,0,0.027433786541223526,-0.03119855932891369,-0.21547488868236542,-0.00031039953752226877,0.0,-0.0,-0.0,-0.0,-0.00031039953752226877,0.0,0.0,1,135.9563446044922
std005,0,KL007,6684926c7289bd8432a31af5074bd32b85fff20f3961f66edf76fb6119b4b60b,88,440,0,0.027307556942105293,-0.008232463151216507,0.45111212134361267,-4.5139404723401646e-05,0.0,-0.0,-0.0,-0.0,-4.5139404723401646e-05,0.0,0.0,0,
std005,0,KL008,6684926c7289bd8432a31af5074bd32b85fff20f3961f66edf76fb6119b4b60b,88,440,0,0.03123009204864502,-0.02797439880669117,0.091706283390522,-0.0005001877877079023,0.0,-0.0,-0.0,-0.0,-0.0005001877877079023,0.0,0.0,0,
std005,0,KL009,6684926c7289bd8432a31af5074bd32b85fff20f3961f66edf76fb6119b4b60b,88,440,0,0.036724597215652466,-0.07515211403369904,-0.3384554386138916,-6.0529611228963984e-05,0.0,-0.0,-0.0,-0.0,-6.0529611228963984e-05,0.0,0.0,0,
std005,0,KL0010,6684926c7289bd8432a31af5074bd32b85fff20f3961f66edf76fb6119b4b60b,88,440,0,0.04228804260492325,-0.0308405552059412,0.1718471497297287,-6.993242530827496e-05,0.0,-0.0,-0.0,-0.0,-6.993242530827496e-05,0.0,0.0,0,
std005,0,KL001,6684926c7289bd8432a31af5074bd32b85fff20f3961f66edf76fb6119b4b60b,89,445,0,-0.057859547436237335,-0.06122589856386185,0.008469334803521633,-0.0006321447740174706,0.0,-0.0,-0.0,-0.0,-0.0006321447740174706,0.0,0.0,0,
std005,0,KL002,6684926c7289bd8432a31af5074bd32b85fff20f3961f66edf76fb6119b4b60b,89,445,0,0.006016017869114876,-0.07489924877882004,0.033179499208927155,-9.892485912481736e-06,0.0,-0.0,-0.0,-0.0,-9.892485912481736e-06,0.0,0.0,0,
std005,0,KL003,6684926c7289bd8432a31af5074bd32b85fff20f3961f66edf76fb6119b4b60b,89,445,0,0.03440650552511215,-0.041617535054683685,0.1153896376490593,-0.0005004591793847663,0.0,-0.0,-0.0,-0.0,-0.0005004591793847663,0.0,0.0,0,
std005,0,KL004,6684926c7289bd8432a31af5074bd32b85fff20f3961f66edf76fb6119b4b60b,89,445,0,0.05570116639137268,-0.06097038835287094,-0.4636473059654236,-2.237648550909274e-05,0.0,-0.0,-0.0,-0.0,-2.237648550909274e-05,0.0,0.0,1,128.7806396484375
std005,0,KL005,6684926c7289bd8432a31af5074bd32b85fff20f3961f66edf76fb6119b4b60b,89,445,0,0.02140972577035427,-0.05235082656145096,-0.2840833067893982,-3.5103407709702946e-05,0.0,-0.0,-0.0,-0.0,-3.5103407709702946e-05,0.0,0.0,0,
std005,0,KL006,6684926c7289bd8432a31af5074bd32b85fff20f3961f66edf76fb6119b4b60b,89,445,0,0.02825625240802765,-0.02954508177936077,-0.22600841522216797,-0.0003131397425608826,0.0,-0.0,-0.0,-0.0,-0.0003131397425608826,0.0,0.0,1,128.7806396484375
std005,0,KL007,6684926c7289bd8432a31af5074bd32b85fff20f3961f66edf76fb6119b4b60b,89,445,0,0.025002295151352882,-0.003885517828166485,0.4582988917827606,-4.1425398215640154e-05,0.0,-0.0,-0.0,-0.0,-4.1425398215640154e-05,0.0,0.0,0,
std005,0,KL008,6684926c7289bd8432a31af5074bd32b85fff20f3961f66edf76fb6119b4b60b,89,445,0,0.03011484630405903,-0.027548138052225113,0.099667988717556,-0.0005006058007760442,0.0,-0.0,-0.0,-0.0,-0.0005006058007760442,0.0,0.0,0,
std005,0,KL009,6684926c7289bd8432a31af5074bd32b85fff20f3961f66edf76fb6119b4b60b,89,445,0,0.03582098335027695,-0.07512455433607101,-0.3127588927745819,-5.9051041093617076e-05,0.0,-0.0,-0.0,-0.0,-5.9051041093617076e-05,0.0,0.0,0,
std005,0,KL0010,6684926c7289bd8432a31af5074bd32b85fff20f3961f66edf76fb6119b4b60b,89,445,0,0.04054877907037735,-0.031212367117404938,0.18387317657470703,-6.70770996633582e-05,0.0,-0.0,-0.0,-0.0,-6.70770996633582e-05,0.0,0.0,0,
std005,0,KL001,6684926c7289bd8432a31af5074bd32b85fff20f3961f66edf76fb6119b4b60b,90,450,0,-0.059006527066230774,-0.062106914818286896,0.016644231975078583,-0.0006391225119172102,0.0,-0.0,-0.0,-0.0,-0.0006391225119172102,0.0,0.0,0,
std005,0,KL002,6684926c7289bd8432a31af5074bd32b85fff20f3961f66edf76fb6119b4b60b,90,450,0,0.005771877244114876,-0.07508816570043564,0.03398074954748154,-9.492206223987226e-06,0.0,-0.0,-0.0,-0.0,-9.492206223987226e-06,0.0,0.0,0,
std005,0,KL003,6684926c7289bd8432a31af5074bd32b85fff20f3961f66edf76fb6119b4b60b,90,450,0,0.03430343419313431,-0.042086176574230194,0.12063812464475632,-0.0005043756787186837,0.0,-0.0,-0.0,-0.0,-0.0005043756787186837,0.0,0.0,0,
std005,0,KL004,6684926c7289bd8432a31af5074bd32b85fff20f3961f66edf76fb6119b4b60b,90,450,0,0.05542043596506119,-0.06061439961194992,-0.449936181306839,-2.0993498601442913e-05,0.0,-0.0,-0.0,-0.0,-2.0993498601442913e-05,0.0,0.0,1,126.03157043457031
std005,0,KL005,6684926c7289bd8432a31af5074bd32b85fff20f3961f66edf76fb6119b4b60b,90,450,0,0.020374532788991928,-0.05267591029405594,-0.26531094312667847,-3.340852304208149e-05,0.0,-0.0,-0.0,-0.0,-3.340852304208149e-05,0.0,0.0,0,
std005,0,KL006,6684926c7289bd8432a31af5074bd32b85fff20f3961f66edf76fb6119b4b60b,90,450,0,0.018445711582899094,0.023754512891173363,-0.12186408787965775,-0.00029851466192810656,0.0,-0.0,-0.0,-0.0,-0.00029851466192810656,0.0,0.0,1,126.03157043457031
std005,0,KL007,6684926c7289bd8432a31af5074bd32b85fff20f3961f66edf76fb6119b4b60b,90,450,0,0.022148290649056435,-0.0031760334968566895,0.45864710211753845,-3.671110655721573e-05,0.0,-0.0,-0.0,-0.0,-3.671110655721573e-05,0.0,0.0,0,
std005,0,KL008,6684926c7289bd8432a31af5074bd32b85fff20f3961f66edf76fb6119b4b60b,90,450,0,0.029203208163380623,-0.027527451515197754,0.09993364661931992,-0.0005013958248018184,0.0,-0.0,-0.0,-0.0,-0.0005013958248018184,0.0,0.0,0,
std005,0,KL009,6684926c7289bd8432a31af5074bd32b85fff20f3961f66edf76fb6119b4b60b,90,450,0,0.03490590304136276,-0.0753733366727829,-0.28978267312049866,-5.7553306005604376e-05,0.0,-0.0,-0.0,-0.0,-5.7553306005604376e-05,0.0,0.0,0,
std005,0,KL0010,6684926c7289bd8432a31af5074bd32b85fff20f3961f66edf76fb6119b4b60b,90,450,0,0.03764719516038895,-0.03131547197699547,0.19357281923294067,-6.229738218318166e-05,0.0,-0.0,-0.0,-0.0,-6.229738218318166e-05,0.0,0.0,0,
std005,0,KL001,6684926c7289bd8432a31af5074bd32b85fff20f3961f66edf76fb6119b4b60b,91,455,0,-0.061068519949913025,-0.0609641969203949,0.021155498921871185,-0.0006476657089360847,0.0,-0.0,-0.0,-0.0,-0.0006476657089360847,0.0,0.0,0,
std005,0,KL002,6684926c7289bd8432a31af5074bd32b85fff20f3961f66edf76fb6119b4b60b,91,455,0,0.0054168701171875,-0.07529567927122116,0.033712081611156464,-8.909498648912208e-06,0.0,-0.0,-0.0,-0.0,-8.909498648912208e-06,0.0,0.0,0,
std005,0,KL003,6684926c7289bd8432a31af5074bd32b85fff20f3961f66edf76fb6119b4b60b,91,455,0,0.02248116210103035,-0.05157611519098282,0.09861566871404648,-0.0004891479863657533,0.0,-0.0,-0.0,-0.0,-0.0004891479863657533,0.0,0.0,0,
std005,0,KL004,6684926c7289bd8432a31af5074bd32b85fff20f3961f66edf76fb6119b4b60b,91,455,0,0.05535401403903961,-0.06065559387207031,-0.46165797114372253,-1.994499044736518e-05,0.0,-0.0,-0.0,-0.0,-1.994499044736518e-05,0.0,0.0,1,120.13982391357422
std005,0,KL005,6684926c7289bd8432a31af5074bd32b85fff20f3961f66edf76fb6119b4b60b,91,455,0,0.019380325451493263,-0.0527157187461853,-0.2483515590429306,-3.178064387455717e-05,0.0,-0.0,-0.0,-0.0,-3.178064387455717e-05,0.0,0.0,0,
std005,0,KL006,6684926c7289bd8432a31af5074bd32b85fff20f3961f66edf76fb6119b4b60b,91,455,0,0.018324485048651695,0.024070916697382927,-0.1276826709508896,-0.00029989979966231077,0.0,-0.0,-0.0,-0.0,-0.00029989979966231077,0.0,0.0,1,120.13982391357422
std005,0,KL007,6684926c7289bd8432a31af5074bd32b85fff20f3961f66edf76fb6119b4b60b,91,455,0,0.01979728601872921,-0.0028966283425688744,0.45787400007247925,-3.2827682799008925e-05,0.0,-0.0,-0.0,-0.0,-3.2827682799008925e-05,0.0,0.0,0,
std005,0,KL008,6684926c7289bd8432a31af5074bd32b85fff20f3961f66edf76fb6119b4b60b,91,455,0,0.016215704381465912,-0.021927520632743835,0.09303437918424606,-0.00048247763225726264,0.0,-0.0,-0.0,-0.0,-0.00048247763225726264,0.0,0.0,0,
std005,0,KL009,6684926c7289bd8432a31af5074bd32b85fff20f3961f66edf76fb6119b4b60b,91,455,0,0.03421608358621597,-0.07578863948583603,-0.2688118815422058,-5.6426764250177207e-05,0.0,-0.0,-0.0,-0.0,-5.6426764250177207e-05,0.0,0.0,0,
std005,0,KL0010,6684926c7289bd8432a31af5074bd32b85fff20f3961f66edf76fb6119b4b60b,91,455,0,0.054755114018917084,-0.019969455897808075,0.16937674582004547,-9.063674673820117e-05,0.0,-0.0,-0.0,-0.0,-9.063674673820117e-05,0.0,0.0,0,
std005,0,KL001,6684926c7289bd8432a31af5074bd32b85fff20f3961f66edf76fb6119b4b60b,92,460,0,-0.05686817318201065,-0.05518733710050583,0.03171222656965256,-0.0006460026950444647,0.0,-0.0,-0.0,-0.0,-0.0006460026950444647,0.0,0.0,0,
std005,0,KL002,6684926c7289bd8432a31af5074bd32b85fff20f3961f66edf76fb6119b4b60b,92,460,0,0.005134958773851395,-0.0753784254193306,0.03399982303380966,-8.446911435123755e-06,0.0,-0.0,-0.0,-0.0,-8.446911435123755e-06,0.0,0.0,0,
std005,0,KL003,6684926c7289bd8432a31af5074bd32b85fff20f3961f66edf76fb6119b4b60b,92,460,0,0.03184642642736435,-0.0478854700922966,0.09839024394750595,-0.0005088153611505113,0.0,-0.0,-0.0,-0.0,-0.0005088153611505113,0.0,0.0,0,
std005,0,KL004,6684926c7289bd8432a31af5074bd32b85fff20f3961f66edf76fb6119b4b60b,92,460,0,0.05483446270227432,-0.06068343669176102,-0.47016188502311707,-1.8141622776861353e-05,0.0,-0.0,-0.0,-0.0,-1.8141622776861353e-05,0.0,0.0,1,115.09361267089844
std005,0,KL005,6684926c7289bd8432a31af5074bd32b85fff20f3961f66edf76fb6119b4b60b,92,460,0,0.014177956618368626,-0.06461405754089355,-0.26456519961357117,-2.3251247712728667e-05,0.0,-0.0,-0.0,-0.0,-2.3251247712728667e-05,0.0,0.0,0,
std005,0,KL006,6684926c7289bd8432a31af5074bd32b85fff20f3961f66edf76fb6119b4b60b,92,460,0,0.01700781099498272,0.0244109146296978,-0.12940052151679993,-0.0002993489764712604,0.0,-0.0,-0.0,-0.0,-0.0002993489764712604,0.0,0.0,1,115.09361267089844
std005,0,KL007,6684926c7289bd8432a31af5074bd32b85fff20f3961f66edf76fb6119b4b60b,92,460,0,0.018639149144291878,-0.0033703623339533806,0.45627301931381226,-3.0920392658757473e-05,0.0,-0.0,-0.0,-0.0,-3.0920392658757473e-05,0.0,0.0,0,
std005,0,KL008,6684926c7289bd8432a31af5074bd32b85fff20f3961f66edf76fb6119b4b60b,92,460,0,0.01441599428653717,-0.020892327651381493,0.08891680091619492,-0.0004822834393481116,0.0,-0.0,-0.0,-0.0,-0.0004822834393481116,0.0,0.0,0,
std005,0,KL009,6684926c7289bd8432a31af5074bd32b85fff20f3961f66edf76fb6119b4b60b,92,460,0,0.03346686810255051,-0.07606899738311768,-0.2476290464401245,-5.5202113824797153e-05,0.0,-0.0,-0.0,-0.0,-5.5202113824797153e-05,0.0,0.0,0,
std005,0,KL0010,6684926c7289bd8432a31af5074bd32b85fff20f3961f66edf76fb6119b4b60b,92,460,0,0.05146051198244095,-0.021084310486912727,0.1749725490808487,-8.521327856719977e-05,0.0,-0.0,-0.0,-0.0,-8.521327856719977e-05,0.0,0.0,0,
std005,0,KL001,6684926c7289bd8432a31af5074bd32b85fff20f3961f66edf76fb6119b4b60b,93,465,0,-0.05895368754863739,-0.057441189885139465,0.033514998853206635,-0.0006547641867428175,0.0,-0.0,-0.0,-0.0,-0.0006547641867428175,0.0,0.0,0,
std005,0,KL002,6684926c7289bd8432a31af5074bd32b85fff20f3961f66edf76fb6119b4b60b,93,465,0,0.004408152773976326,-0.07523281872272491,0.030247680842876434,-7.252281324794333e-06,0.0,-0.0,-0.0,-0.0,-7.252281324794333e-06,0.0,0.0,0,
std005,0,KL003,6684926c7289bd8432a31af5074bd32b85fff20f3961f66edf76fb6119b4b60b,93,465,0,0.02800876460969448,-0.04959683120250702,0.10520698875188828,-0.0005068293307218625,0.0,-0.0,-0.0,-0.0,-0.0005068293307218625,0.0,0.0,0,
std005,0,KL004,6684926c7289bd8432a31af5074bd32b85fff20f3961f66edf76fb6119b4b60b,93,465,0,0.05453722923994064,-0.06079702824354172,-0.4778488874435425,-1.669102442748715e-05,0.0,-0.0,-0.0,-0.0,-1.669102442748715e-05,0.0,0.0,1,109.93074035644531
std005,0,KL005,6684926c7289bd8432a31af5074bd32b85fff20f3961f66edf76fb6119b4b60b,93,465,0,0.012647791765630245,-0.06442920863628387,-0.24352002143859863,-2.0743353935370742e-05,0.0,-0.0,-0.0,-0.0,-2.0743353935370742e-05,0.0,0.0,0,
std005,0,KL006,6684926c7289bd8432a31af5074bd32b85fff20f3961f66edf76fb6119b4b60b,93,465,0,0.017562968656420708,0.024507835507392883,-0.1253034770488739,-0.0003018988666835469,0.0,-0.0,-0.0,-0.0,-0.0003018988666835469,0.0,0.0,1,109.93074035644531
std005,0,KL007,6684926c7289bd8432a31af5074bd32b85fff20f3961f66edf76fb6119b4b60b,93,465,0,0.01836579479277134,-0.0028445180505514145,0.4580780565738678,-3.0480414574697095e-05,0.0,-0.0,-0.0,-0.0,-3.0480414574697095e-05,0.0,0.0,0,
std005,0,KL008,6684926c7289bd8432a31af5074bd32b85fff20f3961f66edf76fb6119b4b60b,93,465,0,0.014232555404305458,-0.020670579746365547,0.08642206341028214,-0.00048481492886304835,0.0,-0.0,-0.0,-0.0,-0.00048481492886304835,0.0,0.0,0,
std005,0,KL009,6684926c7289bd8432a31af5074bd32b85fff20f3961f66edf76fb6119b4b60b,93,465,0,0.03355563431978226,-0.07689160108566284,-0.23133815824985504,-5.5359743564487885e-05,0.0,-0.0,-0.0,-0.0,-5.5359743564487885e-05,0.0,0.0,0,
std005,0,KL0010,6684926c7289bd8432a31af5074bd32b85fff20f3961f66edf76fb6119b4b60b,93,465,0,0.048777855932712555,-0.02195381186902523,0.18154220283031464,-8.080066981254753e-05,0.0,-0.0,-0.0,-0.0,-8.080066981254753e-05,0.0,0.0,0,
std005,0,KL001,6684926c7289bd8432a31af5074bd32b85fff20f3961f66edf76fb6119b4b60b,94,470,0,-0.057729654014110565,-0.05570469796657562,0.038536928594112396,-0.0006581608912670169,0.0,-0.0,-0.0,-0.0,-0.0006581608912670169,0.0,0.0,0,
std005,0,KL002,6684926c7289bd8432a31af5074bd32b85fff20f3961f66edf76fb6119b4b60b,94,470,0,0.004364652559161186,-0.07534662634134293,0.035015471279621124,-7.1816899962738965e-06,0.0,-0.0,-0.0,-0.0,-7.1816899962738965e-06,0.0,0.0,0,
std005,0,KL003,6684926c7289bd8432a31af5074bd32b85fff20f3961f66edf76fb6119b4b60b,94,470,0,0.030245065689086914,-0.048638179898262024,0.10928275436162949,-0.0005149035912863638,0.0,-0.0,-0.0,-0.0,-0.0005149035912863638,0.0,0.0,0,
std005,0,KL004,6684926c7289bd8432a31af5074bd32b85fff20f3961f66edf76fb6119b4b60b,94,470,0,0.054200753569602966,-0.06073158234357834,-0.4841878116130829,-1.51634364951229e-05,0.0,-0.0,-0.0,-0.0,-1.51634364951229e-05,0.0,0.0,1,104.91824340820312
std005,0,KL005,6684926c7289bd8432a31af5074bd32b85fff20f3961f66edf76fb6119b4b60b,94,470,0,0.011403617449104786,-0.06452776491641998,-0.22515025734901428,-1.870419871141058e-05,0.0,-0.0,-0.0,-0.0,-1.870419871141058e-05,0.0,0.0,0,
std005,0,KL006,6684926c7289bd8432a31af5074bd32b85fff20f3961f66edf76fb6119b4b60b,94,470,0,0.016980329528450966,0.025176262483000755,-0.12127087265253067,-0.0003025970309592636,0.0,-0.0,-0.0,-0.0,-0.0003025970309592636,0.0,0.0,1,104.91824340820312
std005,0,KL007,6684926c7289bd8432a31af5074bd32b85fff20f3961f66edf76fb6119b4b60b,94,470,0,0.01815720461308956,-0.002761082723736763,0.4590889513492584,-3.014815267101135e-05,0.0,-0.0,-0.0,-0.0,-3.014815267101135e-05,0.0,0.0,0,
std005,0,KL008,6684926c7289bd8432a31af5074bd32b85fff20f3961f66edf76fb6119b4b60b,94,470,0,0.013428397476673126,-0.01993304118514061,0.08348750323057175,-0.0004863620395956279,0.0,-0.0,-0.0,-0.0,-0.0004863620395956279,0.0,0.0,0,
std005,0,KL009,6684926c7289bd8432a31af5074bd32b85fff20f3961f66edf76fb6119b4b60b,94,470,0,0.03165392950177193,-0.07641228288412094,-0.2115824669599533,-5.2233263915158275e-05,0.0,-0.0,-0.0,-0.0,-5.2233263915158275e-05,0.0,0.0,0,
std005,0,KL0010,6684926c7289bd8432a31af5074bd32b85fff20f3961f66edf76fb6119b4b60b,94,470,0,0.022183870896697044,-0.016842147335410118,0.173740416765213,-3.681143167685146e-05,0.0,-0.0,-0.0,-0.0,-3.681143167685146e-05,0.0,0.0,0,
std005,0,KL001,6684926c7289bd8432a31af5074bd32b85fff20f3961f66edf76fb6119b4b60b,95,475,0,-0.05788813531398773,-0.05598423629999161,0.04128553718328476,-0.0006639193701813111,0.0,-0.0,-0.0,-0.0,-0.0006639193701813111,0.0,0.0,0,
std005,0,KL002,6684926c7289bd8432a31af5074bd32b85fff20f3961f66edf76fb6119b4b60b,95,475,0,0.009940097108483315,-0.07309716939926147,-0.0897599384188652,-1.6358004313281054e-05,0.0,-0.0,-0.0,-0.0,-1.6358004313281054e-05,0.0,0.0,0,
std005,0,KL003,6684926c7289bd8432a31af5074bd32b85fff20f3961f66edf76fb6119b4b60b,95,475,0,0.029820909723639488,-0.0489778071641922,0.11613061279058456,-0.0005186675220680618,0.0,-0.0,-0.0,-0.0,-0.0005186675220680618,0.0,0.0,0,
std005,0,KL004,6684926c7289bd8432a31af5074bd32b85fff20f3961f66edf76fb6119b4b60b,95,475,0,0.051282815635204315,-0.05645578354597092,-0.49448198080062866,-9.407294979897796e-06,0.0,-0.0,-0.0,-0.0,-9.407294979897796e-06,0.0,0.0,1,99.83216094970703
std005,0,KL005,6684926c7289bd8432a31af5074bd32b85fff20f3961f66edf76fb6119b4b60b,95,475,0,0.010547186248004436,-0.06516409665346146,-0.20816436409950256,-1.7300785334226615e-05,0.0,-0.0,-0.0,-0.0,-1.7300785334226615e-05,0.0,0.0,0,
std005,0,KL006,6684926c7289bd8432a31af5074bd32b85fff20f3961f66edf76fb6119b4b60b,95,475,0,0.01672298088669777,0.02574288658797741,-0.11715488880872726,-0.0003038557577854675,0.0,-0.0,-0.0,-0.0,-0.0003038557577854675,0.0,0.0,1,99.83216094970703
std005,0,KL007,6684926c7289bd8432a31af5074bd32b85fff20f3961f66edf76fb6119b4b60b,95,475,0,0.018235841765999794,-0.0020043356344103813,0.4611670970916748,-3.0293338046601948e-05,0.0,-0.0,-0.0,-0.0,-3.0293338046601948e-05,0.0,0.0,0,
std005,0,KL008,6684926c7289bd8432a31af5074bd32b85fff20f3961f66edf76fb6119b4b60b,95,475,0,0.013155529275536537,-0.019665168598294258,0.07836677879095078,-0.0004888313217332856,0.0,-0.0,-0.0,-0.0,-0.0004888313217332856,0.0,0.0,0,
std005,0,KL009,6684926c7289bd8432a31af5074bd32b85fff20f3961f66edf76fb6119b4b60b,95,475,0,0.029299551621079445,-0.08364413678646088,-0.29461267590522766,-4.835850654744285e-05,0.0,-0.0,-0.0,-0.0,-4.835850654744285e-05,0.0,0.0,0,
std005,0,KL0010,6684926c7289bd8432a31af5074bd32b85fff20f3961f66edf76fb6119b4b60b,95,475,0,0.007432140409946442,-0.00943815242499113,0.1737019121646881,-1.2321048085749386e-05,0.0,-0.0,-0.0,-0.0,-1.2321048085749386e-05,0.0,0.0,0,
std005,0,KL001,6684926c7289bd8432a31af5074bd32b85fff20f3961f66edf76fb6119b4b60b,96,480,0,-0.05742630362510681,-0.05536944419145584,0.04405822604894638,-0.0006687435972877139,0.0,-0.0,-0.0,-0.0,-0.0006687435972877139,0.0,0.0,0,
std005,0,KL002,6684926c7289bd8432a31af5074bd32b85fff20f3961f66edf76fb6119b4b60b,96,480,0,0.009016171097755432,-0.07014839351177216,-0.07449019700288773,-1.4839665159309115e-05,0.0,-0.0,-0.0,-0.0,-1.4839665159309115e-05,0.0,0.0,0,
std005,0,KL003,6684926c7289bd8432a31af5074bd32b85fff20f3961f66edf76fb6119b4b60b,96,480,0,0.030573410913348198,-0.048751041293144226,0.1218762919306755,-0.0005244369920257329,0.0,-0.0,-0.0,-0.0,-0.0005244369920257329,0.0,0.0,0,
std005,0,KL004,6684926c7289bd8432a31af5074bd32b85fff20f3961f66edf76fb6119b4b60b,96,480,0,0.0510098859667778,-0.056386515498161316,-0.5037174820899963,-7.987434529953802e-06,0.0,-0.0,-0.0,-0.0,-7.987434529953802e-06,0.0,0.0,1,94.59583282470703
std005,0,KL005,6684926c7289bd8432a31af5074bd32b85fff20f3961f66edf76fb6119b4b60b,96,480,0,0.00953942071646452,-0.06552770733833313,-0.19187673926353455,-1.564891927976645e-05,0.0,-0.0,-0.0,-0.0,-1.564891927976645e-05,0.0,0.0,0,
std005,0,KL006,6684926c7289bd8432a31af5074bd32b85fff20f3961f66edf76fb6119b4b60b,96,480,0,0.01628616452217102,0.02635875903069973,-0.11414796859025955,-0.0003048444660514118,0.0,-0.0,-0.0,-0.0,-0.0003048444660514118,0.0,0.0,1,94.59583282470703
std005,0,KL007,6684926c7289bd8432a31af5074bd32b85fff20f3961f66edf76fb6119b4b60b,96,480,0,0.01816331408917904,-0.0016039162874221802,0.462772935628891,-3.0188091214169667e-05,0.0,-0.0,-0.0,-0.0,-3.0188091214169667e-05,0.0,0.0,0,
std005,0,KL008,6684926c7289bd8432a31af5074bd32b85fff20f3961f66edf76fb6119b4b60b,96,480,0,0.012741303071379662,-0.019117342308163643,0.0741897001862526,-0.0004911048931731186,0.0,-0.0,-0.0,-0.0,-0.0004911048931731186,0.0,0.0,0,
std005,0,KL009,6684926c7289bd8432a31af5074bd32b85fff20f3961f66edf76fb6119b4b60b,96,480,0,0.01860964484512806,-0.08111460506916046,-0.2642481029033661,-3.0721790925764884e-05,0.0,-0.0,-0.0,-0.0,-3.0721790925764884e-05,0.0,0.0,0,
std005,0,KL0010,6684926c7289bd8432a31af5074bd32b85fff20f3961f66edf76fb6119b4b60b,96,480,0,0.004799754358828068,-0.009567356668412685,0.1814441829919815,-7.960308930934245e-06,0.0,-0.0,-0.0,-0.0,-7.960308930934245e-06,0.0,0.0,0,
std005,0,KL001,6684926c7289bd8432a31af5074bd32b85fff20f3961f66edf76fb6119b4b60b,97,485,0,-0.05706427991390228,-0.05520820617675781,0.04393114894628525,-0.000673822428624213,0.0,-0.0,-0.0,-0.0,-0.000673822428624213,0.0,0.0,0,
std005,0,KL002,6684926c7289bd8432a31af5074bd32b85fff20f3961f66edf76fb6119b4b60b,97,485,0,0.008974596858024597,-0.0695004090666771,-0.07356580346822739,-1.4773417765403657e-05,0.0,-0.0,-0.0,-0.0,-1.4773417765403657e-05,0.0,0.0,0,
std005,0,KL003,6684926c7289bd8432a31af5074bd32b85fff20f3961f66edf76fb6119b4b60b,97,485,0,0.03189080208539963,-0.048887379467487335,0.12562601268291473,-0.000531199406269409,0.0,-0.0,-0.0,-0.0,-0.000531199406269409,0.0,0.0,0,
std005,0,KL004,6684926c7289bd8432a31af5074bd32b85fff20f3961f66edf76fb6119b4b60b,97,485,0,0.05070321261882782,-0.056362055242061615,-0.5108199119567871,-6.499029100308455e-06,0.0,-0.0,-0.0,-0.0,-6.499029100308455e-06,0.0,0.0,1,89.53108978271484
std005,0,KL005,6684926c7289bd8432a31af5074bd32b85fff20f3961f66edf76fb6119b4b60b,97,485,0,0.008421682752668858,-0.06565048545598984,-0.17562581598758698,-1.3816399330815576e-05,0.0,-0.0,-0.0,-0.0,-1.3816399330815576e-05,0.0,0.0,0,
std005,0,KL006,6684926c7289bd8432a31af5074bd32b85fff20f3961f66edf76fb6119b4b60b,97,485,0,0.01639161817729473,0.028032125905156136,-0.11445983499288559,-0.00030674770210979203,0.0,-0.0,-0.0,-0.0,-0.00030674770210979203,0.0,0.0,1,89.53108978271484
std005,0,KL007,6684926c7289bd8432a31af5074bd32b85fff20f3961f66edf76fb6119b4b60b,97,485,0,0.017995385453104973,-0.0011290749534964561,0.46424415707588196,-2.9924802222361623e-05,0.0,-0.0,-0.0,-0.0,-2.9924802222361623e-05,0.0,0.0,0,
std005,0,KL008,6684926c7289bd8432a31af5074bd32b85fff20f3961f66edf76fb6119b4b60b,97,485,0,0.01226813904941082,-0.018577737733721733,0.07094674557447433,-0.0004933236302793737,0.0,-0.0,-0.0,-0.0,-0.0004933236302793737,0.0,0.0,0,
std005,0,KL009,6684926c7289bd8432a31af5074bd32b85fff20f3961f66edf76fb6119b4b60b,97,485,0,0.016754085198044777,-0.08042633533477783,-0.2460126280784607,-2.7664800182885004e-05,0.0,-0.0,-0.0,-0.0,-2.7664800182885004e-05,0.0,0.0,0,
std005,0,KL0010,6684926c7289bd8432a31af5074bd32b85fff20f3961f66edf76fb6119b4b60b,97,485,0,0.0015227161347866058,-0.00974601972848177,0.18647964298725128,-2.5263396182977717e-06,0.0,-0.0,-0.0,-0.0,-2.5263396182977717e-06,0.0,0.0,0,
std005,0,KL001,6684926c7289bd8432a31af5074bd32b85fff20f3961f66edf76fb6119b4b60b,98,490,0,-0.056976981461048126,-0.055199965834617615,0.04278441518545151,-0.0006794432622396578,0.0,-0.0,-0.0,-0.0,-0.0006794432622396578,0.0,0.0,0,
std005,0,KL002,6684926c7289bd8432a31af5074bd32b85fff20f3961f66edf76fb6119b4b60b,98,490,0,0.006467481143772602,-0.0790906623005867,-0.03707291930913925,-1.0647920024344723e-05,0.0,-0.0,-0.0,-0.0,-1.0647920024344723e-05,0.0,0.0,0,
std005,0,KL003,6684926c7289bd8432a31af5074bd32b85fff20f3961f66edf76fb6119b4b60b,98,490,0,0.04727339744567871,-0.04949731379747391,0.17725418508052826,-0.0005610835325434657,0.0,-0.0,-0.0,-0.0,-0.0005610835325434657,0.0,0.0,0,
std005,0,KL004,6684926c7289bd8432a31af5074bd32b85fff20f3961f66edf76fb6119b4b60b,98,490,0,0.050262920558452606,-0.056275129318237305,-0.5181350708007812,-4.779082448120394e-06,0.0,-0.0,-0.0,-0.0,-4.779082448120394e-06,0.0,0.0,1,84.49366760253906
std005,0,KL005,6684926c7289bd8432a31af5074bd32b85fff20f3961f66edf76fb6119b4b60b,98,490,0,0.007218765094876289,-0.06563277542591095,-0.15679560601711273,-1.1843853783700905e-05,0.0,-0.0,-0.0,-0.0,-1.1843853783700905e-05,0.0,0.0,0,
std005,0,KL006,6684926c7289bd8432a31af5074bd32b85fff20f3961f66edf76fb6119b4b60b,98,490,0,0.016453079879283905,0.0297178253531456,-0.11547674983739853,-0.0003085971369002753,0.0,-0.0,-0.0,-0.0,-0.0003085971369002753,0.0,0.0,1,84.49366760253906
std005,0,KL007,6684926c7289bd8432a31af5074bd32b85fff20f3961f66edf76fb6119b4b60b,98,490,0,0.017755426466464996,-0.0007982077077031136,0.46550294756889343,-2.9542132735999095e-05,0.0,-0.0,-0.0,-0.0,-2.9542132735999095e-05,0.0,0.0,0,
std005,0,KL008,6684926c7289bd8432a31af5074bd32b85fff20f3961f66edf76fb6119b4b60b,98,490,0,0.011921640485525131,-0.018122803419828415,0.06746756285429001,-0.0004957944799731654,0.0,-0.0,-0.0,-0.0,-0.0004957944799731654,0.0,0.0,0,
std005,0,KL009,6684926c7289bd8432a31af5074bd32b85fff20f3961f66edf76fb6119b4b60b,98,490,0,0.015717318281531334,-0.08030708134174347,-0.23029029369354248,-2.595892191670713e-05,0.0,-0.0,-0.0,-0.0,-2.595892191670713e-05,0.0,0.0,0,
std005,0,KL0010,6684926c7289bd8432a31af5074bd32b85fff20f3961f66edf76fb6119b4b60b,98,490,0,-0.0016622282564640045,-0.009890585206449032,0.19112995266914368,-2.759546479795116e-06,0.0,-0.0,-0.0,-0.0,-2.759546479795116e-06,0.0,0.0,0,
std005,0,KL001,6684926c7289bd8432a31af5074bd32b85fff20f3961f66edf76fb6119b4b60b,99,495,0,-0.052913688123226166,-0.0718754306435585,0.07098650187253952,-0.0006786321369193454,0.0,-0.0,-0.0,-0.0,-0.0006786321369193454,0.0,0.0,0,
std005,0,KL002,6684926c7289bd8432a31af5074bd32b85fff20f3961f66edf76fb6119b4b60b,99,495,0,0.0062215691432356834,-0.07882526516914368,-0.03906010836362839,-1.024460778331778e-05,0.0,-0.0,-0.0,-0.0,-1.024460778331778e-05,0.0,0.0,0,
std005,0,KL003,6684926c7289bd8432a31af5074bd32b85fff20f3961f66edf76fb6119b4b60b,99,495,0,0.04299820959568024,-0.05285395681858063,0.2434561401605606,-0.0005586531753514403,0.0,-0.0,-0.0,-0.0,-0.0005586531753514403,0.0,0.0,0,
std005,0,KL004,6684926c7289bd8432a31af5074bd32b85fff20f3961f66edf76fb6119b4b60b,99,495,0,0.049696020781993866,-0.05625428259372711,-0.5246722102165222,-2.8403834284319825e-06,0.0,-0.0,-0.0,-0.0,-2.8403834284319825e-06,0.0,0.0,1,79.44730377197266
std005,0,KL005,6684926c7289bd8432a31af5074bd32b85fff20f3961f66edf76fb6119b4b60b,99,495,0,0.0059952689334750175,-0.06564503908157349,-0.13811668753623962,-9.837240714517857e-06,0.0,-0.0,-0.0,-0.0,-9.837240714517857e-06,0.0,0.0,0,
std005,0,KL006,6684926c7289bd8432a31af5074bd32b85fff20f3961f66edf76fb6119b4b60b,99,495,0,0.01753929816186428,0.03061673603951931,-0.11600296944379807,-0.00031214241939496364,0.0,-0.0,-0.0,-0.0,-0.00031214241939496364,0.0,0.0,1,79.44730377197266
std005,0,KL007,6684926c7289bd8432a31af5074bd32b85fff20f3961f66edf76fb6119b4b60b,99,495,0,0.017370348796248436,5.605816841125488e-05,0.46759501099586487,-2.891824211107662e-05,0.0,-0.0,-0.0,-0.0,-2.891824211107662e-05,0.0,0.0,0,
std005,0,KL008,6684926c7289bd8432a31af5074bd32b85fff20f3961f66edf76fb6119b4b60b,99,495,0,0.006428351625800133,-0.02755233459174633,-0.016181163489818573,-0.0004898883362909934,0.0,-0.0,-0.0,-0.0,-0.0004898883362909934,0.0,0.0,0,
std005,0,KL009,6684926c7289bd8432a31af5074bd32b85fff20f3961f66edf76fb6119b4b60b,99,495,0,0.024746334180235863,-0.10128600895404816,-0.15128393471240997,-4.0880733214567466e-05,0.0,-0.0,-0.0,-0.0,-4.0880733214567466e-05,0.0,0.0,0,
std005,0,KL0010,6684926c7289bd8432a31af5074bd32b85fff20f3961f66edf76fb6119b4b60b,99,495,0,-0.004251799546182156,-0.010301318019628525,0.19316013157367706,-7.061603168552674e-06,0.0,-0.0,-0.0,-0.0,-7.061603168552674e-06,0.0,0.0,0,
std005,0,KL001,6684926c7289bd8432a31af5074bd32b85fff20f3961f66edf76fb6119b4b60b,100,500,0,-0.05893830955028534,-0.05738816410303116,0.03833150118589401,-0.0006945018110995952,0.0,-0.0,-0.0,-0.0,-0.0006945018110995952,0.0,0.0,0,
std005,0,KL002,6684926c7289bd8432a31af5074bd32b85fff20f3961f66edf76fb6119b4b60b,100,500,0,0.00596698559820652,-0.07868116348981857,-0.04079490154981613,-9.82692686720582e-06,0.0,-0.0,-0.0,-0.0,-9.82692686720582e-06,0.0,0.0,0,
std005,0,KL003,6684926c7289bd8432a31af5074bd32b85fff20f3961f66edf76fb6119b4b60b,100,500,0,0.05135045945644379,-0.05166688561439514,0.1896577775478363,-0.0005770430265697929,0.0,-0.0,-0.0,-0.0,-0.0005770430265697929,0.0,0.0,0,
std005,0,KL004,6684926c7289bd8432a31af5074bd32b85fff20f3961f66edf76fb6119b4b60b,100,500,0,0.04901549965143204,-0.056120239198207855,-0.5342971086502075,-7.054818330551235e-07,0.0,-0.0,-0.0,-0.0,-7.054818330551235e-07,0.0,0.0,1,74.4410400390625
std005,0,KL005,6684926c7289bd8432a31af5074bd32b85fff20f3961f66edf76fb6119b4b60b,100,500,0,0.0046303765848279,-0.06538856029510498,-0.1187223419547081,-7.598286915114106e-06,0.0,-0.0,-0.0,-0.0,-7.598286915114106e-06,0.0,0.0,0,
std005,0,KL006,6684926c7289bd8432a31af5074bd32b85fff20f3961f66edf76fb6119b4b60b,100,500,0,0.007940270006656647,0.02278806082904339,-0.0948137566447258,-0.0002982020229845107,0.0,-0.0,-0.0,-0.0,-0.0002982020229845107,0.0,0.0,1,74.4410400390625
std005,0,KL007,6684926c7289bd8432a31af5074bd32b85fff20f3961f66edf76fb6119b4b60b,100,500,0,0.017180928960442543,2.775341272354126e-07,0.46785488724708557,-2.8620364560562518e-05,0.0,-0.0,-0.0,-0.0,-2.8620364560562518e-05,0.0,0.0,0,
std005,0,KL008,6684926c7289bd8432a31af5074bd32b85fff20f3961f66edf76fb6119b4b60b,100,500,0,0.005689171142876148,-0.026230933144688606,-0.021448887884616852,-0.0004920250958128569,0.0,-0.0,-0.0,-0.0,-0.0004920250958128569,0.0,0.0,0,
std005,0,KL009,6684926c7289bd8432a31af5074bd32b85fff20f3961f66edf76fb6119b4b60b,100,500,0,0.024699140340089798,-0.10141092538833618,-0.1456133872270584,-4.0812495114326424e-05,0.0,-0.0,-0.0,-0.0,-4.0812495114326424e-05,0.0,0.0,0,
std005,0,KL0010,6684926c7289bd8432a31af5074bd32b85fff20f3961f66edf76fb6119b4b60b,100,500,0,0.030772821977734566,-0.028106186538934708,0.12466122955083847,-5.1019729688923156e-05,0.0,-0.0,-0.0,-0.0,-5.1019729688923156e-05,0.0,0.0,0,
std005,0,KL001,6684926c7289bd8432a31af5074bd32b85fff20f3961f66edf76fb6119b4b60b,101,505,0,-0.051216863095760345,-0.07686327397823334,0.01087018009275198,-0.0006878459465006725,0.0,-0.0,-0.0,-0.0,-0.0006878459465006725,0.0,0.0,0,
std005,0,KL002,6684926c7289bd8432a31af5074bd32b85fff20f3961f66edf76fb6119b4b60b,101,505,0,0.006115640513598919,-0.07866325229406357,-0.04278775304555893,-1.007335173752562e-05,0.0,-0.0,-0.0,-0.0,-1.007335173752562e-05,0.0,0.0,0,
std005,0,KL003,6684926c7289bd8432a31af5074bd32b85fff20f3961f66edf76fb6119b4b60b,101,505,0,0.046292468905448914,-0.05366319417953491,0.2412063181400299,-0.000573426024275955,0.0,-0.0,-0.0,-0.0,-0.000573426024275955,0.0,0.0,0,
std005,0,KL004,6684926c7289bd8432a31af5074bd32b85fff20f3961f66edf76fb6119b4b60b,101,505,0,0.04825099557638168,-0.056058645248413086,-0.5449784398078918,-1.5759726515623543e-06,0.0,-0.0,-0.0,-0.0,-1.5759726515623543e-06,0.0,0.0,1,69.02342987060547
std005,0,KL005,6684926c7289bd8432a31af5074bd32b85fff20f3961f66edf76fb6119b4b60b,101,505,0,0.0028448784723877907,-0.06442636251449585,-0.09985025972127914,-4.668705708233568e-06,0.0,-0.0,-0.0,-0.0,-4.668705708233568e-06,0.0,0.0,0,
std005,0,KL006,6684926c7289bd8432a31af5074bd32b85fff20f3961f66edf76fb6119b4b60b,101,505,0,0.00892862118780613,0.02202107571065426,-0.10359730571508408,-0.0003017973011041186,0.0,-0.0,-0.0,-0.0,-0.0003017973011041186,0.0,0.0,1,69.02342987060547
std005,0,KL007,6684926c7289bd8432a31af5074bd32b85fff20f3961f66edf76fb6119b4b60b,101,505,0,0.016164634376764297,2.2746622562408447e-05,0.46879807114601135,-2.694469762032964e-05,0.0,-0.0,-0.0,-0.0,-2.694469762032964e-05,0.0,0.0,0,
std005,0,KL008,6684926c7289bd8432a31af5074bd32b85fff20f3961f66edf76fb6119b4b60b,101,505,0,0.005167614668607712,-0.025096969678997993,-0.023409344255924225,-0.0004945890971182052,0.0,-0.0,-0.0,-0.0,-0.0004945890971182052,0.0,0.0,0,
std005,0,KL009,6684926c7289bd8432a31af5074bd32b85fff20f3961f66edf76fb6119b4b60b,101,505,0,0.02341802604496479,-0.10109706223011017,-0.13611836731433868,-3.870513210906755e-05,0.0,-0.0,-0.0,-0.0,-3.870513210906755e-05,0.0,0.0,0,
std005,0,KL0010,6684926c7289bd8432a31af5074bd32b85fff20f3961f66edf76fb6119b4b60b,101,505,0,0.028252827003598213,-0.02967304177582264,0.1269579976797104,-4.696814460186938e-05,0.0,-0.0,-0.0,-0.0,-4.696814460186938e-05,0.0,0.0,0,
std005,0,KL001,6684926c7289bd8432a31af5074bd32b85fff20f3961f66edf76fb6119b4b60b,102,510,0,-0.05707361549139023,-0.06107970327138901,-0.01700536161661148,-0.0007036473234123171,0.0,-0.0,-0.0,-0.0,-0.0007036473234123171,0.0,0.0,0,
std005,0,KL002,6684926c7289bd8432a31af5074bd32b85fff20f3961f66edf76fb6119b4b60b,102,510,0,0.006056439131498337,-0.07848250865936279,-0.04449019581079483,-9.977467553505784e-06,0.0,-0.0,-0.0,-0.0,-9.977467553505784e-06,0.0,0.0,0,
std005,0,KL003,6684926c7289bd8432a31af5074bd32b85fff20f3961f66edf76fb6119b4b60b,102,510,0,0.05327356606721878,-0.05169115215539932,0.18354760110378265,-0.0005896785820726946,0.0,-0.0,-0.0,-0.0,-0.0005896785820726946,0.0,0.0,0,
std005,0,KL004,6684926c7289bd8432a31af5074bd32b85fff20f3961f66edf76fb6119b4b60b,102,510,0,0.0406152680516243,-0.049661748111248016,-0.4987972378730774,-1.5088966085421251e-05,0.0,-0.0,-0.0,-0.0,-1.5088966085421251e-05,0.0,0.0,1,64.0204086303711
std005,0,KL005,6684926c7289bd8432a31af5074bd32b85fff20f3961f66edf76fb6119b4b60b,102,510,0,0.001574288122355938,-0.06416966021060944,-0.08306268602609634,-2.5837341528514313e-06,0.0,-0.0,-0.0,-0.0,-2.5837341528514313e-06,0.0,0.0,0,
std005,0,KL006,6684926c7289bd8432a31af5074bd32b85fff20f3961f66edf76fb6119b4b60b,102,510,0,0.00858799647539854,0.021729448810219765,-0.110118068754673,-0.00030322413094827376,0.0,-0.0,-0.0,-0.0,-0.00030322413094827376,0.0,0.0,1,64.0204086303711
std005,0,KL007,6684926c7289bd8432a31af5074bd32b85fff20f3961f66edf76fb6119b4b60b,102,510,0,0.016115954145789146,-4.928559064865112e-06,0.46910884976387024,-2.688170828096738e-05,0.0,-0.0,-0.0,-0.0,-2.688170828096738e-05,0.0,0.0,0,
std005,0,KL008,6684926c7289bd8432a31af5074bd32b85fff20f3961f66edf76fb6119b4b60b,102,510,0,-0.012106514535844326,-0.020807232707738876,0.018450863659381866,-0.00046981625964586065,0.0,-0.0,-0.0,-0.0,-0.00046981625964586065,0.0,0.0,0,
std005,0,KL009,6684926c7289bd8432a31af5074bd32b85fff20f3961f66edf76fb6119b4b60b,102,510,0,0.022804684937000275,-0.10096246004104614,-0.12899281084537506,-3.7700978234111874e-05,0.0,-0.0,-0.0,-0.0,-3.7700978234111874e-05,0.0,0.0,0,
std005,0,KL0010,6684926c7289bd8432a31af5074bd32b85fff20f3961f66edf76fb6119b4b60b,102,510,0,0.027305711060762405,-0.02988719381392002,0.13037227094173431,-4.541771226457662e-05,0.0,-0.0,-0.0,-0.0,-4.541771226457662e-05,0.0,0.0,0,
std005,0,KL001,6684926c7289bd8432a31af5074bd32b85fff20f3961f66edf76fb6119b4b60b,103,515,0,-0.06094745546579361,-0.0660361498594284,-0.024397186934947968,-0.000716213317733133,0.0,-0.0,-0.0,-0.0,-0.000716213317733133,0.0,0.0,0,
std005,0,KL002,6684926c7289bd8432a31af5074bd32b85fff20f3961f66edf76fb6119b4b60b,103,515,0,0.006049941293895245,-0.07828319072723389,-0.04679907113313675,-9.968434292836262e-06,0.0,-0.0,-0.0,-0.0,-9.968434292836262e-06,0.0,0.0,0,
std005,0,KL003,6684926c7289bd8432a31af5074bd32b85fff20f3961f66edf76fb6119b4b60b,103,515,0,0.0583435520529747,-0.05477583408355713,0.1915069967508316,-0.0006027889747717695,0.0,-0.0,-0.0,-0.0,-0.0006027889747717695,0.0,0.0,0,
std005,0,KL004,6684926c7289bd8432a31af5074bd32b85fff20f3961f66edf76fb6119b4b60b,103,515,0,0.03951983153820038,-0.0497172549366951,-0.5153881311416626,-1.7838655673520633e-05,0.0,-0.0,-0.0,-0.0,-1.7838655673520633e-05,0.0,0.0,1,58.71989440917969
std005,0,KL005,6684926c7289bd8432a31af5074bd32b85fff20f3961f66edf76fb6119b4b60b,103,515,0,0.0003812424838542938,-0.06393688917160034,-0.06745650619268417,-6.256873520406892e-07,0.0,-0.0,-0.0,-0.0,-6.256873520406892e-07,0.0,0.0,0,
std005,0,KL006,6684926c7289bd8432a31af5074bd32b85fff20f3961f66edf76fb6119b4b60b,103,515,0,-0.009464707225561142,0.02545163966715336,-0.16786308586597443,-0.00027569572826781276,0.0,-0.0,-0.0,-0.0,-0.00027569572826781276,0.0,0.0,1,58.71989440917969
std005,0,KL007,6684926c7289bd8432a31af5074bd32b85fff20f3961f66edf76fb6119b4b60b,103,515,0,0.015826109796762466,0.0005181934684514999,0.47040125727653503,-2.641706615963237e-05,0.0,-0.0,-0.0,-0.0,-2.641706615963237e-05,0.0,0.0,0,
std005,0,KL008,6684926c7289bd8432a31af5074bd32b85fff20f3961f66edf76fb6119b4b60b,103,515,0,-0.031209426000714302,-0.04851117730140686,0.06778999418020248,-0.00044295090834506155,0.0,-0.0,-0.0,-0.0,-0.00044295090834506155,0.0,0.0,0,
std005,0,KL009,6684926c7289bd8432a31af5074bd32b85fff20f3961f66edf76fb6119b4b60b,103,515,0,0.021862279623746872,-0.10090050101280212,-0.12281706184148788,-3.615246917492607e-05,0.0,-0.0,-0.0,-0.0,-3.615246917492607e-05,0.0,0.0,0,
std005,0,KL0010,6684926c7289bd8432a31af5074bd32b85fff20f3961f66edf76fb6119b4b60b,103,515,0,0.026671849191188812,-0.030233686789870262,0.13447166979312897,-4.4388041585319236e-05,0.0,-0.0,-0.0,-0.0,-4.4388041585319236e-05,0.0,0.0,0,
std005,0,KL001,6684926c7289bd8432a31af5074bd32b85fff20f3961f66edf76fb6119b4b60b,104,520,0,-0.052158504724502563,-0.07982369512319565,0.0027884163428097963,-0.000708052510888618,0.0,-0.0,-0.0,-0.0,-0.000708052510888618,0.0,0.0,0,
std005,0,KL002,6684926c7289bd8432a31af5074bd32b85fff20f3961f66edf76fb6119b4b60b,104,520,0,0.006198294460773468,-0.07825703918933868,-0.04766569286584854,-1.0214635157908733e-05,0.0,-0.0,-0.0,-0.0,-1.0214635157908733e-05,0.0,0.0,0,
std005,0,KL003,6684926c7289bd8432a31af5074bd32b85fff20f3961f66edf76fb6119b4b60b,104,520,0,0.05020822584629059,-0.05524924397468567,0.23707331717014313,-0.000594256411933933,0.0,-0.0,-0.0,-0.0,-0.000594256411933933,0.0,0.0,0,
std005,0,KL004,6684926c7289bd8432a31af5074bd32b85fff20f3961f66edf76fb6119b4b60b,104,520,0,0.038656339049339294,-0.05010638386011124,-0.5348227024078369,-2.0211679521246004e-05,0.0,-0.0,-0.0,-0.0,-2.0211679521246004e-05,0.0,0.0,1,53.2132568359375
std005,0,KL005,6684926c7289bd8432a31af5074bd32b85fff20f3961f66edf76fb6119b4b60b,104,520,0,0.0016596904024481773,-0.08692055195569992,-0.03371385484933853,-2.724369339905714e-06,0.0,-0.0,-0.0,-0.0,-2.724369339905714e-06,0.0,0.0,0,
std005,0,KL006,6684926c7289bd8432a31af5074bd32b85fff20f3961f66edf76fb6119b4b60b,104,520,0,-0.009120814502239227,0.019893871620297432,-0.19395247101783752,-0.0002786952528741957,0.0,-0.0,-0.0,-0.0,-0.0002786952528741957,0.0,0.0,1,53.2132568359375
std005,0,KL007,6684926c7289bd8432a31af5074bd32b85fff20f3961f66edf76fb6119b4b60b,104,520,0,0.015223303809762001,0.0012194272130727768,0.4720657765865326,-2.5429996042762643e-05,0.0,-0.0,-0.0,-0.0,-2.5429996042762643e-05,0.0,0.0,0,
std005,0,KL008,6684926c7289bd8432a31af5074bd32b85fff20f3961f66edf76fb6119b4b60b,104,520,0,-0.03153775632381439,-0.046956755220890045,0.06511598080396652,-0.00044787870699093197,0.0,-0.0,-0.0,-0.0,-0.00044787870699093197,0.0,0.0,0,
std005,0,KL009,6684926c7289bd8432a31af5074bd32b85fff20f3961f66edf76fb6119b4b60b,104,520,0,0.020979847759008408,-0.10099619626998901,-0.11443527787923813,-3.470263744402436e-05,0.0,-0.0,-0.0,-0.0,-3.470263744402436e-05,0.0,0.0,0,
std005,0,KL0010,6684926c7289bd8432a31af5074bd32b85fff20f3961f66edf76fb6119b4b60b,104,520,0,0.025877777487039566,-0.030517859384417534,0.13774864375591278,-4.309159834090957e-05,0.0,-0.0,-0.0,-0.0,-4.309159834090957e-05,0.0,0.0,0,
std005,0,KL001,6684926c7289bd8432a31af5074bd32b85fff20f3961f66edf76fb6119b4b60b,105,525,0,-0.057674624025821686,-0.06266732513904572,-0.025840826332569122,-0.0007235700248318133,0.0,-0.0,-0.0,-0.0,-0.0007235700248318133,0.0,0.0,0,
std005,0,KL002,6684926c7289bd8432a31af5074bd32b85fff20f3961f66edf76fb6119b4b60b,105,525,0,0.006112958304584026,-0.07818949222564697,-0.05010340362787247,-1.0075782089680178e-05,0.0,-0.0,-0.0,-0.0,-1.0075782089680178e-05,0.0,0.0,0,
std005,0,KL003,6684926c7289bd8432a31af5074bd32b85fff20f3961f66edf76fb6119b4b60b,105,525,0,0.05660852789878845,-0.05235230177640915,0.17602713406085968,-0.000609733649405274,0.0,-0.0,-0.0,-0.0,-0.000609733649405274,0.0,0.0,0,
std005,0,KL004,6684926c7289bd8432a31af5074bd32b85fff20f3961f66edf76fb6119b4b60b,105,525,0,0.03805874288082123,-0.04999401420354843,-0.544471263885498,-2.2155509347334662e-05,0.0,-0.0,-0.0,-0.0,-2.2155509347334662e-05,0.0,0.0,1,48.20467758178711
std005,0,KL005,6684926c7289bd8432a31af5074bd32b85fff20f3961f66edf76fb6119b4b60b,105,525,0,0.001394440419971943,-0.08676676452159882,-0.026428647339344025,-2.289145143751181e-06,0.0,-0.0,-0.0,-0.0,-2.289145143751181e-06,0.0,0.0,0,
std005,0,KL006,6684926c7289bd8432a31af5074bd32b85fff20f3961f66edf76fb6119b4b60b,105,525,0,-0.00954076275229454,0.019468707963824272,-0.2018352895975113,-0.0002804793364687281,0.0,-0.0,-0.0,-0.0,-0.0002804793364687281,0.0,0.0,1,48.20467758178711
std005,0,KL007,6684926c7289bd8432a31af5074bd32b85fff20f3961f66edf76fb6119b4b60b,105,525,0,0.015223568305373192,0.0010538119822740555,0.4722369611263275,-2.5450678942764326e-05,0.0,-0.0,-0.0,-0.0,-2.5450678942764326e-05,0.0,0.0,0,
std005,0,KL008,6684926c7289bd8432a31af5074bd32b85fff20f3961f66edf76fb6119b4b60b,105,525,0,-0.0320901945233345,-0.04672713577747345,0.06297636777162552,-0.0004526023493790875,0.0,-0.0,-0.0,-0.0,-0.0004526023493790875,0.0,0.0,0,
std005,0,KL009,6684926c7289bd8432a31af5074bd32b85fff20f3961f66edf76fb6119b4b60b,105,525,0,0.020488345995545387,-0.10082241147756577,-0.10759680718183517,-3.389913587721877e-05,0.0,-0.0,-0.0,-0.0,-3.389913587721877e-05,0.0,0.0,0,
std005,0,KL0010,6684926c7289bd8432a31af5074bd32b85fff20f3961f66edf76fb6119b4b60b,105,525,0,0.025072621181607246,-0.03043312393128872,0.1381656676530838,-4.177638357087644e-05,0.0,-0.0,-0.0,-0.0,-4.177638357087644e-05,0.0,0.0,0,
std005,0,KL001,6684926c7289bd8432a31af5074bd32b85fff20f3961f66edf76fb6119b4b60b,106,530,0,-0.06099047511816025,-0.06665419042110443,-0.03208710998296738,-0.0007354962803217851,0.0,-0.0,-0.0,-0.0,-0.0007354962803217851,0.0,0.0,0,
std005,0,KL002,6684926c7289bd8432a31af5074bd32b85fff20f3961f66edf76fb6119b4b60b,106,530,0,0.009075295180082321,-0.07966642081737518,-0.07905358821153641,-1.4961225362643551e-05,0.0,-0.0,-0.0,-0.0,-1.4961225362643551e-05,0.0,0.0,0,
std005,0,KL003,6684926c7289bd8432a31af5074bd32b85fff20f3961f66edf76fb6119b4b60b,106,530,0,0.06055637449026108,-0.054542429745197296,0.18224184215068817,-0.0006211821952141828,0.0,-0.0,-0.0,-0.0,-0.0006211821952141828,0.0,0.0,0,
std005,0,KL004,6684926c7289bd8432a31af5074bd32b85fff20f3961f66edf76fb6119b4b60b,106,530,0,0.03751646727323532,-0.0499628409743309,-0.5517409443855286,-2.401769206634416e-05,0.0,-0.0,-0.0,-0.0,-2.401769206634416e-05,0.0,0.0,1,43.1890869140625
std005,0,KL005,6684926c7289bd8432a31af5074bd32b85fff20f3961f66edf76fb6119b4b60b,106,530,0,0.0008258391171693802,-0.08661635220050812,-0.019251950085163116,-1.3558006772602357e-06,0.0,-0.0,-0.0,-0.0,-1.3558006772602357e-06,0.0,0.0,0,
std005,0,KL006,6684926c7289bd8432a31af5074bd32b85fff20f3961f66edf76fb6119b4b60b,106,530,0,-0.009955242276191711,0.019479701295495033,-0.2084450125694275,-0.0002823253930309473,0.0,-0.0,-0.0,-0.0,-0.0002823253930309473,0.0,0.0,1,43.1890869140625
std005,0,KL007,6684926c7289bd8432a31af5074bd32b85fff20f3961f66edf76fb6119b4b60b,106,530,0,0.015033820644021034,0.0011675506830215454,0.47323253750801086,-2.5154648252652065e-05,0.0,-0.0,-0.0,-0.0,-2.5154648252652065e-05,0.0,0.0,0,
std005,0,KL008,6684926c7289bd8432a31af5074bd32b85fff20f3961f66edf76fb6119b4b60b,106,530,0,-0.03242181986570358,-0.046512700617313385,0.060568325221538544,-0.0004578733097522026,0.0,-0.0,-0.0,-0.0,-0.0004578733097522026,0.0,0.0,0,
std005,0,KL009,6684926c7289bd8432a31af5074bd32b85fff20f3961f66edf76fb6119b4b60b,106,530,0,0.023904694244265556,-0.08635186403989792,-0.15710507333278656,-3.95633510448556e-05,0.0,-0.0,-0.0,-0.0,-3.95633510448556e-05,0.0,0.0,0,
std005,0,KL0010,6684926c7289bd8432a31af5074bd32b85fff20f3961f66edf76fb6119b4b60b,106,530,0,0.024418184533715248,-0.03037812002003193,0.13880281150341034,-4.0712108530077767e-05,0.0,-0.0,-0.0,-0.0,-4.0712108530077767e-05,0.0,0.0,0,
std005,0,KL001,6684926c7289bd8432a31af5074bd32b85fff20f3961f66edf76fb6119b4b60b,107,535,0,-0.051900140941143036,-0.07940676063299179,-0.001304724020883441,-0.0007271216316006143,0.0,-0.0,-0.0,-0.0,-0.0007271216316006143,0.0,0.0,0,
std005,0,KL002,6684926c7289bd8432a31af5074bd32b85fff20f3961f66edf76fb6119b4b60b,107,535,0,0.009200142696499825,-0.0796893909573555,-0.08402732759714127,-1.5169862255958145e-05,0.0,-0.0,-0.0,-0.0,-1.5169862255958145e-05,0.0,0.0,0,
std005,0,KL003,6684926c7289bd8432a31af5074bd32b85fff20f3961f66edf76fb6119b4b60b,107,535,0,0.051609352231025696,-0.053906604647636414,0.22894026339054108,-0.0006115052751231408,0.0,-0.0,-0.0,-0.0,-0.0006115052751231408,0.0,0.0,0,
std005,0,KL004,6684926c7289bd8432a31af5074bd32b85fff20f3961f66edf76fb6119b4b60b,107,535,0,0.03690771013498306,-0.04985622316598892,-0.5590373277664185,-2.5998058654073546e-05,0.0,-0.0,-0.0,-0.0,-2.5998058654073546e-05,0.0,0.0,1,38.17692565917969
std005,0,KL005,6684926c7289bd8432a31af5074bd32b85fff20f3961f66edf76fb6119b4b60b,107,535,0,0.00020621344447135925,-0.08637755364179611,-0.011753001250326633,-3.3851637791568076e-07,0.0,-0.0,-0.0,-0.0,-3.3851637791568076e-07,0.0,0.0,0,
std005,0,KL006,6684926c7289bd8432a31af5074bd32b85fff20f3961f66edf76fb6119b4b60b,107,535,0,-0.010429438203573227,0.019380340352654457,-0.21540889143943787,-0.0002841284774259969,0.0,-0.0,-0.0,-0.0,-0.0002841284774259969,0.0,0.0,1,38.17692565917969
std005,0,KL007,6684926c7289bd8432a31af5074bd32b85fff20f3961f66edf76fb6119b4b60b,107,535,0,0.014867866411805153,0.001061936840415001,0.47383466362953186,-2.4899219987759864e-05,0.0,-0.0,-0.0,-0.0,-2.4899219987759864e-05,0.0,0.0,0,
std005,0,KL008,6684926c7289bd8432a31af5074bd32b85fff20f3961f66edf76fb6119b4b60b,107,535,0,-0.031101470813155174,-0.03923632204532623,0.07959531992673874,-0.0004660339336126688,0.0,-0.0,-0.0,-0.0,-0.0004660339336126688,0.0,0.0,0,
std005,0,KL009,6684926c7289bd8432a31af5074bd32b85fff20f3961f66edf76fb6119b4b60b,107,535,0,0.023471413180232048,-0.08662401139736176,-0.15062879025936127,-3.885817322259151e-05,0.0,-0.0,-0.0,-0.0,-3.885817322259151e-05,0.0,0.0,0,
std005,0,KL0010,6684926c7289bd8432a31af5074bd32b85fff20f3961f66edf76fb6119b4b60b,107,535,0,0.023711198940873146,-0.03035413660109043,0.13947011530399323,-3.9560115223155995e-05,0.0,-0.0,-0.0,-0.0,-3.9560115223155995e-05,0.0,0.0,0,
std005,0,KL001,6684926c7289bd8432a31af5074bd32b85fff20f3961f66edf76fb6119b4b60b,108,540,0,-0.056498512625694275,-0.062433674931526184,-0.033750273287296295,-0.0007414370718666676,0.0,-0.0,-0.0,-0.0,-0.0007414370718666676,0.0,0.0,0,
std005,0,KL002,6684926c7289bd8432a31af5074bd32b85fff20f3961f66edf76fb6119b4b60b,108,540,0,0.00909864529967308,-0.07948865741491318,-0.08595523983240128,-1.5005369311088683e-05,0.0,-0.0,-0.0,-0.0,-1.5005369311088683e-05,0.0,0.0,0,
std005,0,KL003,6684926c7289bd8432a31af5074bd32b85fff20f3961f66edf76fb6119b4b60b,108,540,0,0.057273998856544495,-0.051276303827762604,0.1629180759191513,-0.0006259891079833516,0.0,-0.0,-0.0,-0.0,-0.0006259891079833516,0.0,0.0,0,
std005,0,KL004,6684926c7289bd8432a31af5074bd32b85fff20f3961f66edf76fb6119b4b60b,108,540,0,0.036326050758361816,-0.0496603399515152,-0.5669887661933899,-2.7942923213873633e-05,0.0,-0.0,-0.0,-0.0,-2.7942923213873633e-05,0.0,0.0,1,33.16442108154297
std005,0,KL005,6684926c7289bd8432a31af5074bd32b85fff20f3961f66edf76fb6119b4b60b,108,540,0,-0.0002264026552438736,-0.08600371330976486,-0.0035522065591067076,-3.718563261667689e-07,0.0,-0.0,-0.0,-0.0,-3.718563261667689e-07,0.0,0.0,0,
std005,0,KL006,6684926c7289bd8432a31af5074bd32b85fff20f3961f66edf76fb6119b4b60b,108,540,0,-0.010708408430218697,0.01883210800588131,-0.22440941631793976,-0.00028630939347482515,0.0,-0.0,-0.0,-0.0,-0.00028630939347482515,0.0,0.0,1,33.16442108154297
std005,0,KL007,6684926c7289bd8432a31af5074bd32b85fff20f3961f66edf76fb6119b4b60b,108,540,0,0.01480688527226448,0.0009753582999110222,0.47403016686439514,-2.4820652525798565e-05,0.0,-0.0,-0.0,-0.0,-2.4820652525798565e-05,0.0,0.0,0,
std005,0,KL008,6684926c7289bd8432a31af5074bd32b85fff20f3961f66edf76fb6119b4b60b,108,540,0,-0.03154590725898743,-0.039148084819316864,0.07773282378911972,-0.0004714036986138228,0.0,-0.0,-0.0,-0.0,-0.0004714036986138228,0.0,0.0,0,
std005,0,KL009,6684926c7289bd8432a31af5074bd32b85fff20f3961f66edf76fb6119b4b60b,108,540,0,0.023136798292398453,-0.08666276186704636,-0.14281772077083588,-3.8316366965964245e-05,0.0,-0.0,-0.0,-0.0,-3.8316366965964245e-05,0.0,0.0,0,
std005,0,KL0010,6684926c7289bd8432a31af5074bd32b85fff20f3961f66edf76fb6119b4b60b,108,540,0,0.05065971612930298,-0.007114925421774387,0.17491011321544647,-8.452573591698486e-05,0.0,-0.0,-0.0,-0.0,-8.452573591698486e-05,0.0,0.0,0,
std005,0,KL001,6684926c7289bd8432a31af5074bd32b85fff20f3961f66edf76fb6119b4b60b,109,545,0,-0.059391990303993225,-0.06461437791585922,-0.0382913276553154,-0.0007529848865240233,0.0,-0.0,-0.0,-0.0,-0.0007529848865240233,0.0,0.0,0,
std005,0,KL002,6684926c7289bd8432a31af5074bd32b85fff20f3961f66edf76fb6119b4b60b,109,545,0,0.00914718583226204,-0.07930973172187805,-0.08993154019117355,-1.5088382695081684e-05,0.0,-0.0,-0.0,-0.0,-1.5088382695081684e-05,0.0,0.0,0,
std005,0,KL003,6684926c7289bd8432a31af5074bd32b85fff20f3961f66edf76fb6119b4b60b,109,545,0,0.06066136062145233,-0.052375420928001404,0.16606877744197845,-0.000636736784624671,0.0,-0.0,-0.0,-0.0,-0.000636736784624671,0.0,0.0,0,
std005,0,KL004,6684926c7289bd8432a31af5074bd32b85fff20f3961f66edf76fb6119b4b60b,109,545,0,0.0358634814620018,-0.04931052029132843,-0.5722870230674744,-2.9702487653365705e-05,0.0,-0.0,-0.0,-0.0,-2.9702487653365705e-05,0.0,0.0,1,28.157188415527344
std005,0,KL005,6684926c7289bd8432a31af5074bd32b85fff20f3961f66edf76fb6119b4b60b,109,545,0,-0.0012172292917966843,-0.085126131772995,0.0041823601350188255,-1.999086567241484e-06,0.0,-0.0,-0.0,-0.0,-1.999086567241484e-06,0.0,0.0,0,
std005,0,KL006,6684926c7289bd8432a31af5074bd32b85fff20f3961f66edf76fb6119b4b60b,109,545,0,-0.008579427376389503,0.014256501570343971,-0.18973493576049805,-0.00029248806037723396,0.0,-0.0,-0.0,-0.0,-0.00029248806037723396,0.0,0.0,1,28.157188415527344
std005,0,KL007,6684926c7289bd8432a31af5074bd32b85fff20f3961f66edf76fb6119b4b60b,109,545,0,0.014368018135428429,0.00053388811647892,0.4739351272583008,-2.4109340167991386e-05,0.0,-0.0,-0.0,-0.0,-2.4109340167991386e-05,0.0,0.0,0,
std005,0,KL008,6684926c7289bd8432a31af5074bd32b85fff20f3961f66edf76fb6119b4b60b,109,545,0,-0.03214734047651291,-0.038897886872291565,0.07888545840978622,-0.00047673408464927525,0.0,-0.0,-0.0,-0.0,-0.00047673408464927525,0.0,0.0,0,
std005,0,KL009,6684926c7289bd8432a31af5074bd32b85fff20f3961f66edf76fb6119b4b60b,109,545,0,0.02275143377482891,-0.08668272197246552,-0.1343977153301239,-3.769057593011837e-05,0.0,-0.0,-0.0,-0.0,-3.769057593011837e-05,0.0,0.0,0,
std005,0,KL0010,6684926c7289bd8432a31af5074bd32b85fff20f3961f66edf76fb6119b4b60b,109,545,0,0.04803485423326492,-0.007769009098410606,0.174115851521492,-8.026053580411429e-05,0.0,-0.0,-0.0,-0.0,-8.026053580411429e-05,0.0,0.0,0,
std005,0,KL001,6684926c7289bd8432a31af5074bd32b85fff20f3961f66edf76fb6119b4b60b,110,550,0,-0.06069052964448929,-0.06642075628042221,-0.04227078706026077,-0.0007619691796885225,0.0,-0.0,-0.0,-0.0,-0.0007619691796885225,0.0,0.0,0,
std005,0,KL002,6684926c7289bd8432a31af5074bd32b85fff20f3961f66edf76fb6119b4b60b,110,550,0,0.009059123694896698,-0.07906913757324219,-0.09306011348962784,-1.494614267228242e-05,0.0,-0.0,-0.0,-0.0,-1.494614267228242e-05,0.0,0.0,0,
std005,0,KL003,6684926c7289bd8432a31af5074bd32b85fff20f3961f66edf76fb6119b4b60b,110,550,0,0.06224023550748825,-0.05311848223209381,0.16660885512828827,-0.0006445454976713443,0.0,-0.0,-0.0,-0.0,-0.0006445454976713443,0.0,0.0,0,
std005,0,KL004,6684926c7289bd8432a31af5074bd32b85fff20f3961f66edf76fb6119b4b60b,110,550,0,0.0352809801697731,-0.04918435961008072,-0.5766296982765198,-3.166909528818665e-05,0.0,-0.0,-0.0,-0.0,-3.166909528818665e-05,0.0,0.0,1,23.181819915771484
std005,0,KL005,6684926c7289bd8432a31af5074bd32b85fff20f3961f66edf76fb6119b4b60b,110,550,0,-0.0017772587016224861,-0.08489144593477249,0.011156431399285793,-2.9190718565030737e-06,0.0,-0.0,-0.0,-0.0,-2.9190718565030737e-06,0.0,0.0,0,
std005,0,KL006,6684926c7289bd8432a31af5074bd32b85fff20f3961f66edf76fb6119b4b60b,110,550,0,-0.0093222139403224,0.014332421123981476,-0.1967666894197464,-0.00029395908817794606,0.0,-0.0,-0.0,-0.0,-0.00029395908817794606,0.0,0.0,1,23.181819915771484
std005,0,KL007,6684926c7289bd8432a31af5074bd32b85fff20f3961f66edf76fb6119b4b60b,110,550,0,0.014309745281934738,0.0005175713449716568,0.4745543301105499,-2.4037464007809003e-05,0.0,-0.0,-0.0,-0.0,-2.4037464007809003e-05,0.0,0.0,0,
std005,0,KL008,6684926c7289bd8432a31af5074bd32b85fff20f3961f66edf76fb6119b4b60b,110,550,0,-0.03247232735157013,-0.03877061605453491,0.07703439146280289,-0.00048276341708656064,0.0,-0.0,-0.0,-0.0,-0.00048276341708656064,0.0,0.0,0,
std005,0,KL009,6684926c7289bd8432a31af5074bd32b85fff20f3961f66edf76fb6119b4b60b,110,550,0,0.022161543369293213,-0.08689766377210617,-0.12772130966186523,-3.6725890305655965e-05,0.0,-0.0,-0.0,-0.0,-3.6725890305655965e-05,0.0,0.0,0,
std005,0,KL0010,6684926c7289bd8432a31af5074bd32b85fff20f3961f66edf76fb6119b4b60b,110,550,0,0.047427043318748474,-0.007822235114872456,0.17470873892307281,-7.930929546864763e-05,0.0,-0.0,-0.0,-0.0,-7.930929546864763e-05,0.0,0.0,0,
std005,0,KL001,6684926c7289bd8432a31af5074bd32b85fff20f3961f66edf76fb6119b4b60b,111,555,0,-0.08297359198331833,-0.05533834546804428,0.02458544820547104,-0.0008054391940834455,0.0,-0.0,-0.0,-0.0,-0.0008054391940834455,0.0,0.0,0,
std005,0,KL002,6684926c7289bd8432a31af5074bd32b85fff20f3961f66edf76fb6119b4b60b,111,555,0,0.008982477709650993,-0.07885196805000305,-0.09562348574399948,-1.4822768515037493e-05,0.0,-0.0,-0.0,-0.0,-1.4822768515037493e-05,0.0,0.0,0,
std005,0,KL003,6684926c7289bd8432a31af5074bd32b85fff20f3961f66edf76fb6119b4b60b,111,555,0,0.06272482126951218,-0.05306436866521835,0.16388528048992157,-0.000650611345667049,0.0,-0.0,-0.0,-0.0,-0.000650611345667049,0.0,0.0,0,
std005,0,KL004,6684926c7289bd8432a31af5074bd32b85fff20f3961f66edf76fb6119b4b60b,111,555,0,0.03467712551355362,-0.049016766250133514,-0.5807880759239197,-3.3680081195593654e-05,0.0,-0.0,-0.0,-0.0,-3.3680081195593654e-05,0.0,0.0,1,18.173540115356445
std005,0,KL005,6684926c7289bd8432a31af5074bd32b85fff20f3961f66edf76fb6119b4b60b,111,555,0,-0.002289661206305027,-0.08466631174087524,0.01820751279592514,-3.761004568392449e-06,0.0,-0.0,-0.0,-0.0,-3.761004568392449e-06,0.0,0.0,0,
std005,0,KL006,6684926c7289bd8432a31af5074bd32b85fff20f3961f66edf76fb6119b4b60b,111,555,0,-0.00972527451813221,0.014225803315639496,-0.20479589700698853,-0.0002960554535443417,0.0,-0.0,-0.0,-0.0,-0.0002960554535443417,0.0,0.0,1,18.173540115356445
std005,0,KL007,6684926c7289bd8432a31af5074bd32b85fff20f3961f66edf76fb6119b4b60b,111,555,0,0.01421769242733717,0.0005153482779860497,0.47514641284942627,-2.391037853586829e-05,0.0,-0.0,-0.0,-0.0,-2.391037853586829e-05,0.0,0.0,0,
std005,0,KL008,6684926c7289bd8432a31af5074bd32b85fff20f3961f66edf76fb6119b4b60b,111,555,0,-0.03283965587615967,-0.03864260017871857,0.07600762695074081,-0.0004889715405126896,0.0,-0.0,-0.0,-0.0,-0.0004889715405126896,0.0,0.0,0,
std005,0,KL009,6684926c7289bd8432a31af5074bd32b85fff20f3961f66edf76fb6119b4b60b,111,555,0,0.021600887179374695,-0.08708441257476807,-0.12061495333909988,-3.5809456472792225e-05,0.0,-0.0,-0.0,-0.0,-3.5809456472792225e-05,0.0,0.0,0,
std005,0,KL0010,6684926c7289bd8432a31af5074bd32b85fff20f3961f66edf76fb6119b4b60b,111,555,0,0.046613454818725586,-0.0079153161495924,0.17521704733371735,-7.801584316061437e-05,0.0,-0.0,-0.0,-0.0,-7.801584316061437e-05,0.0,0.0,0,
std005,0,KL001,6684926c7289bd8432a31af5074bd32b85fff20f3961f66edf76fb6119b4b60b,112,560,0,-0.07478637993335724,-0.06878985464572906,0.05951050668954849,-0.0007986375126347457,0.0,-0.0,-0.0,-0.0,-0.0007986375126347457,0.0,0.0,0,
std005,0,KL002,6684926c7289bd8432a31af5074bd32b85fff20f3961f66edf76fb6119b4b60b,112,560,0,0.008774342015385628,-0.07871361821889877,-0.09833876043558121,-1.4482403652603324e-05,0.0,-0.0,-0.0,-0.0,-1.4482403652603324e-05,0.0,0.0,0,
std005,0,KL003,6684926c7289bd8432a31af5074bd32b85fff20f3961f66edf76fb6119b4b60b,112,560,0,0.05519954860210419,-0.05412409454584122,0.21492226421833038,-0.0006436069959619125,0.0,-0.0,-0.0,-0.0,-0.0006436069959619125,0.0,0.0,0,
std005,0,KL004,6684926c7289bd8432a31af5074bd32b85fff20f3961f66edf76fb6119b4b60b,112,560,0,0.03420611470937729,-0.0487423837184906,-0.5814671516418457,-3.5483313511866864e-05,0.0,-0.0,-0.0,-0.0,-3.5483313511866864e-05,0.0,0.0,1,13.169631958007812
std005,0,KL005,6684926c7289bd8432a31af5074bd32b85fff20f3961f66edf76fb6119b4b60b,112,560,0,-0.0027937707491219044,-0.08445645868778229,0.024206392467021942,-4.589482496085425e-06,0.0,-0.0,-0.0,-0.0,-4.589482496085425e-06,0.0,0.0,0,
std005,0,KL006,6684926c7289bd8432a31af5074bd32b85fff20f3961f66edf76fb6119b4b60b,112,560,0,-0.010655064135789871,0.01438883412629366,-0.2087538093328476,-0.0002973518775119562,0.0,-0.0,-0.0,-0.0,-0.0002973518775119562,0.0,0.0,1,13.169631958007812
std005,0,KL007,6684926c7289bd8432a31af5074bd32b85fff20f3961f66edf76fb6119b4b60b,112,560,0,0.0137825608253479,0.0004382021725177765,0.47660917043685913,-2.3207248723409724e-05,0.0,-0.0,-0.0,-0.0,-2.3207248723409724e-05,0.0,0.0,0,
std005,0,KL008,6684926c7289bd8432a31af5074bd32b85fff20f3961f66edf76fb6119b4b60b,112,560,0,-0.033219337463378906,-0.038693614304065704,0.07601765543222427,-0.0004954337557282575,0.0,-0.0,-0.0,-0.0,-0.0004954337557282575,0.0,0.0,0,
std005,0,KL009,6684926c7289bd8432a31af5074bd32b85fff20f3961f66edf76fb6119b4b60b,112,560,0,0.020861031487584114,-0.08733473718166351,-0.11422281712293625,-3.4595659457479086e-05,0.0,-0.0,-0.0,-0.0,-3.4595659457479086e-05,0.0,0.0,0,
std005,0,KL0010,6684926c7289bd8432a31af5074bd32b85fff20f3961f66edf76fb6119b4b60b,112,560,0,0.045825935900211334,-0.00769380247220397,0.1757335513830185,-7.676783843707298e-05,0.0,-0.0,-0.0,-0.0,-7.676783843707298e-05,0.0,0.0,0,
std005,0,KL001,6684926c7289bd8432a31af5074bd32b85fff20f3961f66edf76fb6119b4b60b,113,565,0,-0.08532111346721649,-0.054226554930210114,0.028001733124256134,-0.0008227709612176746,0.0,-0.0,-0.0,-0.0,-0.0008227709612176746,0.0,0.0,0,
std005,0,KL002,6684926c7289bd8432a31af5074bd32b85fff20f3961f66edf76fb6119b4b60b,113,565,0,0.00865172315388918,-0.07843947410583496,-0.09849720448255539,-1.428316588102688e-05,0.0,-0.0,-0.0,-0.0,-1.428316588102688e-05,0.0,0.0,0,
std005,0,KL003,6684926c7289bd8432a31af5074bd32b85fff20f3961f66edf76fb6119b4b60b,113,565,0,0.06390587240457535,-0.05241008102893829,0.15932564437389374,-0.0006634266899152824,0.0,-0.0,-0.0,-0.0,-0.0006634266899152824,0.0,0.0,0,
std005,0,KL004,6684926c7289bd8432a31af5074bd32b85fff20f3961f66edf76fb6119b4b60b,113,565,0,0.0335397869348526,-0.04843512922525406,-0.5841768980026245,-3.76171036506176e-05,0.0,-0.0,-0.0,-0.0,-3.76171036506176e-05,0.0,0.0,1,8.165014266967773
std005,0,KL005,6684926c7289bd8432a31af5074bd32b85fff20f3961f66edf76fb6119b4b60b,113,565,0,-0.004471237771213055,-0.07568135857582092,-0.012816258706152439,-7.345850090053394e-06,0.0,-0.0,-0.0,-0.0,-7.345850090053394e-06,0.0,0.0,0,
std005,0,KL006,6684926c7289bd8432a31af5074bd32b85fff20f3961f66edf76fb6119b4b60b,113,565,0,-0.01093844510614872,0.013973516412079334,-0.21872594952583313,-0.0002997871468334923,0.0,-0.0,-0.0,-0.0,-0.0002997871468334923,0.0,0.0,1,8.165014266967773
std005,0,KL007,6684926c7289bd8432a31af5074bd32b85fff20f3961f66edf76fb6119b4b60b,113,565,0,0.013730508275330067,0.0003864523023366928,0.4768257439136505,-2.3150295060451726e-05,0.0,-0.0,-0.0,-0.0,-2.3150295060451726e-05,0.0,0.0,0,
std005,0,KL008,6684926c7289bd8432a31af5074bd32b85fff20f3961f66edf76fb6119b4b60b,113,565,0,-0.03372519463300705,-0.038570135831832886,0.0765874907374382,-0.0005019920289143649,0.0,-0.0,-0.0,-0.0,-0.0005019920289143649,0.0,0.0,0,
std005,0,KL009,6684926c7289bd8432a31af5074bd32b85fff20f3961f66edf76fb6119b4b60b,113,565,0,0.020457107573747635,-0.0873866155743599,-0.10681606084108353,-3.393875839788566e-05,0.0,-0.0,-0.0,-0.0,-3.393875839788566e-05,0.0,0.0,0,
std005,0,KL0010,6684926c7289bd8432a31af5074bd32b85fff20f3961f66edf76fb6119b4b60b,113,565,0,0.04491712152957916,-0.007784740068018436,0.1760473996400833,-7.531846206605323e-05,0.0,-0.0,-0.0,-0.0,-7.531846206605323e-05,0.0,0.0,0,
std005,0,KL001,6684926c7289bd8432a31af5074bd32b85fff20f3961f66edf76fb6119b4b60b,114,570,0,-0.07567005604505539,-0.06807389110326767,0.06201422959566116,-0.0008136875077557626,0.0,-0.0,-0.0,-0.0,-0.0008136875077557626,0.0,0.0,0,
std005,0,KL002,6684926c7289bd8432a31af5074bd32b85fff20f3961f66edf76fb6119b4b60b,114,570,0,0.008564291521906853,-0.07816868275403976,-0.10132194310426712,-1.4142038017191504e-05,0.0,-0.0,-0.0,-0.0,-1.4142038017191504e-05,0.0,0.0,0,
std005,0,KL003,6684926c7289bd8432a31af5074bd32b85fff20f3961f66edf76fb6119b4b60b,114,570,0,0.05542243272066116,-0.05337957292795181,0.21015653014183044,-0.0006549850691812793,0.0,-0.0,-0.0,-0.0,-0.0006549850691812793,0.0,0.0,0,
std005,0,KL004,6684926c7289bd8432a31af5074bd32b85fff20f3961f66edf76fb6119b4b60b,114,570,0,0.032933518290519714,-0.04817363619804382,-0.5827676057815552,-1.8914352494778854,0.0,-1.8913955881889664,-0.0,-0.0,-3.9661288919079496e-05,2.0,1.0,1,3.1636953353881836
std005,0,KL005,6684926c7289bd8432a31af5074bd32b85fff20f3961f66edf76fb6119b4b60b,114,570,0,0.0027676690369844437,-0.08165295422077179,0.04734938591718674,-4.547390298109807e-06,0.0,-0.0,-0.0,-0.0,-4.547390298109807e-06,0.0,0.0,0,
std005,0,KL006,6684926c7289bd8432a31af5074bd32b85fff20f3961f66edf76fb6119b4b60b,114,570,0,-0.011439820751547813,0.014106454327702522,-0.22551631927490234,-1.8916975183756177,0.0,-1.8913955881889664,-0.0,-0.0,-0.00030193018665136684,2.0,1.0,1,3.1636953353881836
std005,0,KL007,6684926c7289bd8432a31af5074bd32b85fff20f3961f66edf76fb6119b4b60b,114,570,0,0.013582434505224228,0.0004117181524634361,0.4776986837387085,-2.293338064901112e-05,0.0,-0.0,-0.0,-0.0,-2.293338064901112e-05,0.0,0.0,0,
std005,0,KL008,6684926c7289bd8432a31af5074bd32b85fff20f3961f66edf76fb6119b4b60b,114,570,0,-0.03402647376060486,-0.038518503308296204,0.07729501277208328,-0.0005092312941509389,0.0,-0.0,-0.0,-0.0,-0.0005092312941509389,0.0,0.0,0,
std005,0,KL009,6684926c7289bd8432a31af5074bd32b85fff20f3961f66edf76fb6119b4b60b,114,570,0,0.014705123379826546,-0.06959428638219833,-0.06206531077623367,-2.4406088281987094e-05,0.0,-0.0,-0.0,-0.0,-2.4406088281987094e-05,0.0,0.0,0,
std005,0,KL0010,6684926c7289bd8432a31af5074bd32b85fff20f3961f66edf76fb6119b4b60b,114,570,0,0.04418399930000305,-0.007879872806370258,0.17658372223377228,-7.416578633912884e-05,0.0,-0.0,-0.0,-0.0,-7.416578633912884e-05,0.0,0.0,0,
std005,0,KL001,6684926c7289bd8432a31af5074bd32b85fff20f3961f66edf76fb6119b4b60b,115,575,0,-0.08487413078546524,-0.05265836417675018,0.030560337007045746,-0.0008357968662560956,0.0,-0.0,-0.0,-0.0,-0.0008357968662560956,0.0,0.0,0,
std005,0,KL002,6684926c7289bd8432a31af5074bd32b85fff20f3961f66edf76fb6119b4b60b,115,575,0,0.008349524810910225,-0.07821236550807953,-0.10368075221776962,-1.379062620795518e-05,0.0,-0.0,-0.0,-0.0,-1.379062620795518e-05,0.0,0.0,0,
std005,0,KL003,6684926c7289bd8432a31af5074bd32b85fff20f3961f66edf76fb6119b4b60b,115,575,0,0.06303547322750092,-0.051074519753456116,0.15095604956150055,-0.0006731740540991964,0.0,-0.0,-0.0,-0.0,-0.0006731740540991964,0.0,0.0,0,
std005,0,KL004,6684926c7289bd8432a31af5074bd32b85fff20f3961f66edf76fb6119b4b60b,115,575,0,0.0323847159743309,-0.04787394404411316,-0.5793259143829346,-4.7285305916130635,0.0,-4.728488970472416,-0.0,-0.0,-4.16211406477629e-05,5.0,0.0,1,0.0
std005,0,KL005,6684926c7289bd8432a31af5074bd32b85fff20f3961f66edf76fb6119b4b60b,115,575,0,0.0026908833533525467,-0.0819607526063919,0.05037803202867508,-4.421686282730076e-06,0.0,-0.0,-0.0,-0.0,-4.421686282730076e-06,0.0,0.0,0,
std005,0,KL006,6684926c7289bd8432a31af5074bd32b85fff20f3961f66edf76fb6119b4b60b,115,575,0,-0.022371165454387665,0.009044052101671696,-0.2544078230857849,-4.728776034096928,0.0,-4.728488970472416,-0.0,-0.0,-0.0002870636245120295,5.0,0.0,1,0.0
std005,0,KL007,6684926c7289bd8432a31af5074bd32b85fff20f3961f66edf76fb6119b4b60b,115,575,0,0.013627582229673862,0.0003945976495742798,0.47823548316955566,-2.3045154655968747e-05,0.0,-0.0,-0.0,-0.0,-2.3045154655968747e-05,0.0,0.0,0,
std005,0,KL008,6684926c7289bd8432a31af5074bd32b85fff20f3961f66edf76fb6119b4b60b,115,575,0,-0.03438764810562134,-0.03843708336353302,0.07951683551073074,-0.0005167389797366735,0.0,-0.0,-0.0,-0.0,-0.0005167389797366735,0.0,0.0,0,
std005,0,KL009,6684926c7289bd8432a31af5074bd32b85fff20f3961f66edf76fb6119b4b60b,115,575,0,0.014503005892038345,-0.06960862129926682,-0.05541857331991196,-2.4080859662048056e-05,0.0,-0.0,-0.0,-0.0,-2.4080859662048056e-05,0.0,0.0,0,
std005,0,KL0010,6684926c7289bd8432a31af5074bd32b85fff20f3961f66edf76fb6119b4b60b,115,575,0,0.04321053624153137,-0.007847042754292488,0.176823690533638,-7.261188436594013e-05,0.0,-0.0,-0.0,-0.0,-7.261188436594013e-05,0.0,0.0,0,
std005,0,KL001,6684926c7289bd8432a31af5074bd32b85fff20f3961f66edf76fb6119b4b60b,116,580,0,-0.07569200545549393,-0.06648130714893341,0.06407558172941208,-0.0008276520323842987,0.0,-0.0,-0.0,-0.0,-0.0008276520323842987,0.0,0.0,0,
std005,0,KL002,6684926c7289bd8432a31af5074bd32b85fff20f3961f66edf76fb6119b4b60b,116,580,0,0.008288247510790825,-0.0780680924654007,-0.10539525002241135,-1.3692722717286523e-05,0.0,-0.0,-0.0,-0.0,-1.3692722717286523e-05,0.0,0.0,0,
std005,0,KL003,6684926c7289bd8432a31af5074bd32b85fff20f3961f66edf76fb6119b4b60b,116,580,0,0.055103860795497894,-0.051776230335235596,0.20549440383911133,-0.0006658096494907557,0.0,-0.0,-0.0,-0.0,-0.0006658096494907557,0.0,0.0,0,
std005,0,KL004,6684926c7289bd8432a31af5074bd32b85fff20f3961f66edf76fb6119b4b60b,116,580,0,0.0319453701376915,-0.04779813438653946,-0.5702080726623535,-4.728532383234752,0.0,-4.728488970472416,-0.0,-0.0,-4.341276233610358e-05,5.0,0.0,1,0.0
std005,0,KL005,6684926c7289bd8432a31af5074bd32b85fff20f3961f66edf76fb6119b4b60b,116,580,0,0.0019863080233335495,-0.08184178918600082,0.05804038792848587,-3.2642510474062194e-06,0.0,-0.0,-0.0,-0.0,-3.2642510474062194e-06,0.0,0.0,0,
std005,0,KL006,6684926c7289bd8432a31af5074bd32b85fff20f3961f66edf76fb6119b4b60b,116,580,0,-0.021609531715512276,0.008810856379568577,-0.2577638030052185,-4.728780732533976,0.0,-4.728488970472416,-0.0,-0.0,-0.0002917620615603411,5.0,0.0,1,0.0
std005,0,KL007,6684926c7289bd8432a31af5074bd32b85fff20f3961f66edf76fb6119b4b60b,116,580,0,0.013387231156229973,0.0004933159798383713,0.4793986976146698,-2.2676599027996478e-05,0.0,-0.0,-0.0,-0.0,-2.2676599027996478e-05,0.0,0.0,0,
std005,0,KL008,6684926c7289bd8432a31af5074bd32b85fff20f3961f66edf76fb6119b4b60b,116,580,0,-0.03452824056148529,-0.03841039538383484,0.08233235031366348,-0.000525025608703497,0.0,-0.0,-0.0,-0.0,-0.000525025608703497,0.0,0.0,0,
std005,0,KL009,6684926c7289bd8432a31af5074bd32b85fff20f3961f66edf76fb6119b4b60b,116,580,0,0.014081919565796852,-0.06983352452516556,-0.04863429814577103,-2.3392034098364793e-05,0.0,-0.0,-0.0,-0.0,-2.3392034098364793e-05,0.0,0.0,0,
std005,0,KL0010,6684926c7289bd8432a31af5074bd32b85fff20f3961f66edf76fb6119b4b60b,116,580,0,0.042333945631980896,-0.007977290078997612,0.17757414281368256,-7.122291840677765e-05,0.0,-0.0,-0.0,-0.0,-7.122291840677765e-05,0.0,0.0,0,
std005,0,KL001,6684926c7289bd8432a31af5074bd32b85fff20f3961f66edf76fb6119b4b60b,117,585,0,-0.08299795538187027,-0.050986625254154205,0.029232345521450043,-0.0008468233801999784,0.0,-0.0,-0.0,-0.0,-0.0008468233801999784,0.0,0.0,0,
std005,0,KL002,6684926c7289bd8432a31af5074bd32b85fff20f3961f66edf76fb6119b4b60b,117,585,0,0.008062740787863731,-0.07771410793066025,-0.1038094237446785,-1.3323494157677274e-05,0.0,-0.0,-0.0,-0.0,-1.3323494157677274e-05,0.0,0.0,0,
std005,0,KL003,6684926c7289bd8432a31af5074bd32b85fff20f3961f66edf76fb6119b4b60b,117,585,0,0.06123088300228119,-0.049544304609298706,0.14128677546977997,-0.0006817374097524636,0.0,-0.0,-0.0,-0.0,-0.0006817374097524636,0.0,0.0,0,
std005,0,KL004,6684926c7289bd8432a31af5074bd32b85fff20f3961f66edf76fb6119b4b60b,117,585,0,0.031540971249341965,-0.04744783043861389,-0.5616151094436646,-4.728534130370242,0.0,-4.728488970472416,-0.0,-0.0,-4.5159897826607676e-05,5.0,0.0,1,0.0
std005,0,KL005,6684926c7289bd8432a31af5074bd32b85fff20f3961f66edf76fb6119b4b60b,117,585,0,0.0013895360752940178,-0.08134936541318893,0.06591662019491196,-2.2837597503641983e-06,0.0,-0.0,-0.0,-0.0,-2.2837597503641983e-06,0.0,0.0,0,
std005,0,KL006,6684926c7289bd8432a31af5074bd32b85fff20f3961f66edf76fb6119b4b60b,117,585,0,-0.018875468522310257,0.0057084751315414906,-0.28612932562828064,-4.728788716306662,0.0,-4.728488970472416,-0.0,-0.0,-0.000299745834245968,5.0,0.0,1,0.0
std005,0,KL007,6684926c7289bd8432a31af5074bd32b85fff20f3961f66edf76fb6119b4b60b,117,585,0,0.013365548104047775,0.00042734015733003616,0.479479044675827,-2.2681072140831142e-05,0.0,-0.0,-0.0,-0.0,-2.2681072140831142e-05,0.0,0.0,0,
std005,0,KL008,6684926c7289bd8432a31af5074bd32b85fff20f3961f66edf76fb6119b4b60b,117,585,0,-0.03491854667663574,-0.03842334449291229,0.08570723980665207,-0.0005333527442326631,0.0,-0.0,-0.0,-0.0,-0.0005333527442326631,0.0,0.0,0,
std005,0,KL009,6684926c7289bd8432a31af5074bd32b85fff20f3961f66edf76fb6119b4b60b,117,585,0,0.01393263228237629,-0.06994415819644928,-0.0430632159113884,-2.315473443821527e-05,0.0,-0.0,-0.0,-0.0,-2.315473443821527e-05,0.0,0.0,0,
std005,0,KL0010,6684926c7289bd8432a31af5074bd32b85fff20f3961f66edf76fb6119b4b60b,117,585,0,0.04143408685922623,-0.008068514987826347,0.1777123659849167,-6.979733204435372e-05,0.0,-0.0,-0.0,-0.0,-6.979733204435372e-05,0.0,0.0,0,
std005,0,KL001,6684926c7289bd8432a31af5074bd32b85fff20f3961f66edf76fb6119b4b60b,118,590,0,-0.0873015895485878,-0.05312395095825195,0.024657927453517914,-0.0008609934179119531,0.0,-0.0,-0.0,-0.0,-0.0008609934179119531,0.0,0.0,0,
std005,0,KL002,6684926c7289bd8432a31af5074bd32b85fff20f3961f66edf76fb6119b4b60b,118,590,0,0.007861170917749405,-0.07738525420427322,-0.10512042790651321,-1.2993749130925442e-05,0.0,-0.0,-0.0,-0.0,-1.2993749130925442e-05,0.0,0.0,0,
std005,0,KL003,6684926c7289bd8432a31af5074bd32b85fff20f3961f66edf76fb6119b4b60b,118,590,0,0.041553743183612823,-0.05015607923269272,0.03875892609357834,-0.0006552952325073964,0.0,-0.0,-0.0,-0.0,-0.0006552952325073964,0.0,0.0,0,
std005,0,KL004,6684926c7289bd8432a31af5074bd32b85fff20f3961f66edf76fb6119b4b60b,118,590,0,0.04731908440589905,-0.073058120906353,-0.5628519654273987,-4.72850944911098,0.0,-4.728488970472416,-0.0,-0.0,-2.047863856446952e-05,5.0,0.0,1,0.0
std005,0,KL005,6684926c7289bd8432a31af5074bd32b85fff20f3961f66edf76fb6119b4b60b,118,590,0,0.0006989017128944397,-0.08102181553840637,0.07236023992300034,-1.1487726444003965e-06,0.0,-0.0,-0.0,-0.0,-1.1487726444003965e-06,0.0,0.0,0,
std005,0,KL006,6684926c7289bd8432a31af5074bd32b85fff20f3961f66edf76fb6119b4b60b,118,590,0,-0.019390318542718887,0.00540421437472105,-0.2887776792049408,-4.728791364425155,0.0,-4.728488970472416,-0.0,-0.0,-0.0003023939527393438,5.0,0.0,1,0.0
std005,0,KL007,6684926c7289bd8432a31af5074bd32b85fff20f3961f66edf76fb6119b4b60b,118,590,0,0.013275422155857086,0.0004036827012896538,0.4801553785800934,-2.2572867316621785e-05,0.0,-0.0,-0.0,-0.0,-2.2572867316621785e-05,0.0,0.0,0,
std005,0,KL008,6684926c7289bd8432a31af5074bd32b85fff20f3961f66edf76fb6119b4b60b,118,590,0,-0.035048820078372955,-0.03848947584629059,0.088389091193676,-0.0005426513500867721,0.0,-0.0,-0.0,-0.0,-0.0005426513500867721,0.0,0.0,0,
std005,0,KL009,6684926c7289bd8432a31af5074bd32b85fff20f3961f66edf76fb6119b4b60b,118,590,0,0.013589639216661453,-0.06925037503242493,-0.043473176658153534,-2.2595611391928736e-05,0.0,-0.0,-0.0,-0.0,-2.2595611391928736e-05,0.0,0.0,0,
std005,0,KL0010,6684926c7289bd8432a31af5074bd32b85fff20f3961f66edf76fb6119b4b60b,118,590,0,0.040852367877960205,-0.00810934230685234,0.1780254989862442,-6.891114212920526e-05,0.0,-0.0,-0.0,-0.0,-6.891114212920526e-05,0.0,0.0,0,
std005,0,KL001,6684926c7289bd8432a31af5074bd32b85fff20f3961f66edf76fb6119b4b60b,119,595,0,-0.08110825717449188,-0.047684088349342346,0.029243968427181244,-0.0008579336710414885,0.0,-0.0,-0.0,-0.0,-0.0008579336710414885,0.0,0.0,0,
std005,0,KL002,6684926c7289bd8432a31af5074bd32b85fff20f3961f66edf76fb6119b4b60b,119,595,0,0.011789863929152489,-0.08629505336284637,-0.14219819009304047,-1.949259329022519e-05,0.0,-0.0,-0.0,-0.0,-1.949259329022519e-05,0.0,0.0,0,
std005,0,KL003,6684926c7289bd8432a31af5074bd32b85fff20f3961f66edf76fb6119b4b60b,119,595,0,0.03627409040927887,-0.04589374363422394,0.01740487664937973,-0.0006529499487872717,0.0,-0.0,-0.0,-0.0,-0.0006529499487872717,0.0,0.0,0,
std005,0,KL004,6684926c7289bd8432a31af5074bd32b85fff20f3961f66edf76fb6119b4b60b,119,595,0,0.04798406362533569,-0.0724734216928482,-0.5456618070602417,-4.728509763302235,0.0,-4.728488970472416,-0.0,-0.0,-2.0792829818816472e-05,5.0,0.0,1,0.0
std005,0,KL005,6684926c7289bd8432a31af5074bd32b85fff20f3961f66edf76fb6119b4b60b,119,595,0,0.00014128722250461578,-0.08065204322338104,0.08019440621137619,-2.3221336300993785e-07,0.0,-0.0,-0.0,-0.0,-2.3221336300993785e-07,0.0,0.0,0,
std005,0,KL006,6684926c7289bd8432a31af5074bd32b85fff20f3961f66edf76fb6119b4b60b,119,595,0,-0.01978505216538906,0.0047811949625611305,-0.29233548045158386,-4.728794308062705,0.0,-4.728488970472416,-0.0,-0.0,-0.0003053375902890565,5.0,0.0,1,0.0
std005,0,KL007,6684926c7289bd8432a31af5074bd32b85fff20f3961f66edf76fb6119b4b60b,119,595,0,0.012485438957810402,0.0005214260891079903,0.48129716515541077,-2.1275807740263136e-05,0.0,-0.0,-0.0,-0.0,-2.1275807740263136e-05,0.0,0.0,0,
std005,0,KL008,6684926c7289bd8432a31af5074bd32b85fff20f3961f66edf76fb6119b4b60b,119,595,0,-0.03508547693490982,-0.0387033149600029,0.09517662972211838,-0.0005527026655357955,0.0,-0.0,-0.0,-0.0,-0.0005527026655357955,0.0,0.0,0,
std005,0,KL009,6684926c7289bd8432a31af5074bd32b85fff20f3961f66edf76fb6119b4b60b,119,595,0,0.014436697587370872,-0.08526554703712463,-0.1263819932937622,-2.4015875287699565e-05,0.0,-0.0,-0.0,-0.0,-2.4015875287699565e-05,0.0,0.0,0,
std005,0,KL0010,6684926c7289bd8432a31af5074bd32b85fff20f3961f66edf76fb6119b4b60b,119,595,0,0.04028816521167755,-0.007933898828923702,0.17786715924739838,-6.805925276301718e-05,0.0,-0.0,-0.0,-0.0,-6.805925276301718e-05,0.0,0.0,0,
std005,0,KL001,6684926c7289bd8432a31af5074bd32b85fff20f3961f66edf76fb6119b4b60b,120,600,0,-0.07712981849908829,-0.04728802293539047,0.023417197167873383,-0.0008587320016566173,0.0,-0.0,-0.0,-0.0,-0.0008587320016566173,0.0,0.0,0,
std005,0,KL002,6684926c7289bd8432a31af5074bd32b85fff20f3961f66edf76fb6119b4b60b,120,600,0,0.01183401420712471,-0.08613507449626923,-0.14184507727622986,-1.957087523362532e-05,0.0,-0.0,-0.0,-0.0,-1.957087523362532e-05,0.0,0.0,0,
std005,0,KL003,6684926c7289bd8432a31af5074bd32b85fff20f3961f66edf76fb6119b4b60b,120,600,0,0.03372887521982193,-0.04490604251623154,0.0039308881387114525,-0.0006553036976893955,0.0,-0.0,-0.0,-0.0,-0.0006553036976893955,0.0,0.0,0,
std005,0,KL004,6684926c7289bd8432a31af5074bd32b85fff20f3961f66edf76fb6119b4b60b,120,600,0,0.04735158383846283,-0.0720069631934166,-0.5355483293533325,-4.728512238062849,0.0,-4.728488970472416,-0.0,-0.0,-2.3267590433029284e-05,5.0,0.0,1,0.0
std005,0,KL005,6684926c7289bd8432a31af5074bd32b85fff20f3961f66edf76fb6119b4b60b,120,600,0,-0.013619203120470047,-0.07947395741939545,0.051091425120830536,-2.2391912711708932e-05,0.0,-0.0,-0.0,-0.0,-2.2391912711708932e-05,0.0,0.0,0,
std005,0,KL006,6684926c7289bd8432a31af5074bd32b85fff20f3961f66edf76fb6119b4b60b,120,600,0,-0.019786536693572998,0.004067691974341869,-0.29841622710227966,-4.728797995249182,0.0,-4.728488970472416,-0.0,-0.0,-0.00030902477676608697,5.0,0.0,1,0.0
std005,0,KL007,6684926c7289bd8432a31af5074bd32b85fff20f3961f66edf76fb6119b4b60b,120,600,0,0.012360588647425175,0.00038402434438467026,0.4815461039543152,-2.1113480376524077e-05,0.0,-0.0,-0.0,-0.0,-2.1113480376524077e-05,0.0,0.0,0,
std005,0,KL008,6684926c7289bd8432a31af5074bd32b85fff20f3961f66edf76fb6119b4b60b,120,600,0,-0.023546569049358368,-0.015667205676436424,0.1304805427789688,-0.000582391882211132,0.0,-0.0,-0.0,-0.0,-0.000582391882211132,0.0,0.0,0,
std005,0,KL009,6684926c7289bd8432a31af5074bd32b85fff20f3961f66edf76fb6119b4b60b,120,600,0,0.01477145031094551,-0.0839729905128479,-0.12916110455989838,-2.4585459008880698e-05,0.0,-0.0,-0.0,-0.0,-2.4585459008880698e-05,0.0,0.0,0,
std005,0,KL0010,6684926c7289bd8432a31af5074bd32b85fff20f3961f66edf76fb6119b4b60b,120,600,0,0.039961665868759155,-0.007922016084194183,0.17819760739803314,-6.761489750401717e-05,0.0,-0.0,-0.0,-0.0,-6.761489750401717e-05,0.0,0.0,0,
std005,0,KL001,6684926c7289bd8432a31af5074bd32b85fff20f3961f66edf76fb6119b4b60b,121,605,0,-0.07482516020536423,-0.04944255203008652,-0.06848245114088058,-0.0008624563069359655,0.0,-0.0,-0.0,-0.0,-0.0008624563069359655,0.0,0.0,1,176.3005828857422
std005,0,KL002,6684926c7289bd8432a31af5074bd32b85fff20f3961f66edf76fb6119b4b60b,121,605,0,0.011450414545834064,-0.08518730103969574,-0.13686808943748474,-1.8941784697260204e-05,0.0,-0.0,-0.0,-0.0,-1.8941784697260204e-05,0.0,0.0,0,
std005,0,KL003,6684926c7289bd8432a31af5074bd32b85fff20f3961f66edf76fb6119b4b60b,121,605,0,0.03220098465681076,-0.04432522505521774,-0.0027455769013613462,-0.0006594920383396157,0.0,-0.0,-0.0,-0.0,-0.0006594920383396157,0.0,0.0,0,
std005,0,KL004,6684926c7289bd8432a31af5074bd32b85fff20f3961f66edf76fb6119b4b60b,121,605,0,0.04668503999710083,-0.07110635936260223,-0.5217637419700623,-4.728514786443998,0.0,-4.728488970472416,-0.0,-0.0,-2.58159715817996e-05,5.0,0.0,1,0.0
std005,0,KL005,6684926c7289bd8432a31af5074bd32b85fff20f3961f66edf76fb6119b4b60b,121,605,0,-0.014979248866438866,-0.07739947736263275,0.06544362753629684,-2.4630929393147758e-05,0.0,-0.0,-0.0,-0.0,-2.4630929393147758e-05,0.0,0.0,0,
std005,0,KL006,6684926c7289bd8432a31af5074bd32b85fff20f3961f66edf76fb6119b4b60b,121,605,0,-0.0017850548028945923,-0.0004325173795223236,-0.42222708463668823,-4.728831268500984,0.0,-4.728488970472416,-0.0,-0.0,-0.00034229802856788893,5.0,0.0,2,0.0
std005,0,KL007,6684926c7289bd8432a31af5074bd32b85fff20f3961f66edf76fb6119b4b60b,121,605,0,0.012259159237146378,0.0002803616225719452,0.4814075529575348,-2.0995652219603847e-05,0.0,-0.0,-0.0,-0.0,-2.0995652219603847e-05,0.0,0.0,0,
std005,0,KL008,6684926c7289bd8432a31af5074bd32b85fff20f3961f66edf76fb6119b4b60b,121,605,0,0.02542044408619404,-0.025886287912726402,0.06829693168401718,-0.0006720557133705681,0.0,-0.0,-0.0,-0.0,-0.0006720557133705681,0.0,0.0,0,
std005,0,KL009,6684926c7289bd8432a31af5074bd32b85fff20f3961f66edf76fb6119b4b60b,121,605,0,0.01490652747452259,-0.08271069824695587,-0.13121189177036285,-2.4823738675303853e-05,0.0,-0.0,-0.0,-0.0,-2.4823738675303853e-05,0.0,0.0,0,
std005,0,KL0010,6684926c7289bd8432a31af5074bd32b85fff20f3961f66edf76fb6119b4b60b,121,605,0,-0.0047175344079732895,-0.032292790710926056,0.20996136963367462,-7.544654852175654e-06,0.0,-0.0,-0.0,-0.0,-7.544654852175654e-06,0.0,0.0,0,
std005,0,KL001,6684926c7289bd8432a31af5074bd32b85fff20f3961f66edf76fb6119b4b60b,122,610,0,-0.07386869937181473,-0.048772476613521576,-0.07342132180929184,-0.000868536662394049,0.0,-0.0,-0.0,-0.0,-0.000868536662394049,0.0,0.0,1,171.78341674804688
std005,0,KL002,6684926c7289bd8432a31af5074bd32b85fff20f3961f66edf76fb6119b4b60b,122,610,0,0.01038864254951477,-0.0849662497639656,-0.13583117723464966,-1.7190330416526774e-05,0.0,-0.0,-0.0,-0.0,-1.7190330416526774e-05,0.0,0.0,0,
std005,0,KL003,6684926c7289bd8432a31af5074bd32b85fff20f3961f66edf76fb6119b4b60b,122,610,0,0.03020414523780346,-0.04382175952196121,-0.004232981242239475,-0.0006630598320738351,0.0,-0.0,-0.0,-0.0,-0.0006630598320738351,0.0,0.0,0,
std005,0,KL004,6684926c7289bd8432a31af5074bd32b85fff20f3961f66edf76fb6119b4b60b,122,610,0,0.04600612074136734,-0.0695318728685379,-0.48376038670539856,-4.728517372725052,0.0,-4.728488970472416,-0.0,-0.0,-2.8402252636006153e-05,5.0,0.0,1,0.0
std005,0,KL005,6684926c7289bd8432a31af5074bd32b85fff20f3961f66edf76fb6119b4b60b,122,610,0,-0.015871873125433922,-0.07749471068382263,0.07130544632673264,-2.6101856967531676e-05,0.0,-0.0,-0.0,-0.0,-2.6101856967531676e-05,0.0,0.0,0,
std005,0,KL006,6684926c7289bd8432a31af5074bd32b85fff20f3961f66edf76fb6119b4b60b,122,610,0,-0.0029223114252090454,-0.0017382632941007614,-0.4252453148365021,-4.728832536349167,0.0,-4.728488970472416,-0.0,-0.0,-0.0003435658767507732,5.0,0.0,2,0.0
std005,0,KL007,6684926c7289bd8432a31af5074bd32b85fff20f3961f66edf76fb6119b4b60b,122,610,0,0.01295082364231348,0.0002837209030985832,0.4829205274581909,-2.2245490711631473e-05,0.0,-0.0,-0.0,-0.0,-2.2245490711631473e-05,0.0,0.0,0,
std005,0,KL008,6684926c7289bd8432a31af5074bd32b85fff20f3961f66edf76fb6119b4b60b,122,610,0,0.024205688387155533,-0.02744361199438572,0.06629826873540878,-0.0006726177811279031,0.0,-0.0,-0.0,-0.0,-0.0006726177811279031,0.0,0.0,0,
std005,0,KL009,6684926c7289bd8432a31af5074bd32b85fff20f3961f66edf76fb6119b4b60b,122,610,0,0.014414340257644653,-0.08154444396495819,-0.14032423496246338,-2.4017778394370906e-05,0.0,-0.0,-0.0,-0.0,-2.4017778394370906e-05,0.0,0.0,0,
std005,0,KL0010,6684926c7289bd8432a31af5074bd32b85fff20f3961f66edf76fb6119b4b60b,122,610,0,-0.003248828463256359,-0.029412763193249702,0.2135826200246811,-5.517039900609582e-06,0.0,-0.0,-0.0,-0.0,-5.517039900609582e-06,0.0,0.0,0,
std005,0,KL001,6684926c7289bd8432a31af5074bd32b85fff20f3961f66edf76fb6119b4b60b,123,615,0,0.005787637084722519,-0.04372350871562958,-0.32376962900161743,-0.0007459680108637802,0.0,-0.0,-0.0,-0.0,-0.0007459680108637802,0.0,0.0,1,166.44827270507812
std005,0,KL002,6684926c7289bd8432a31af5074bd32b85fff20f3961f66edf76fb6119b4b60b,123,615,0,0.03486601263284683,-0.09276064485311508,-0.0970388874411583,-5.770034855005986e-05,0.0,-0.0,-0.0,-0.0,-5.770034855005986e-05,0.0,0.0,0,
std005,0,KL003,6684926c7289bd8432a31af5074bd32b85fff20f3961f66edf76fb6119b4b60b,123,615,0,0.029261576011776924,-0.04346102476119995,-0.005486168898642063,-0.0006685232120602001,0.0,-0.0,-0.0,-0.0,-0.0006685232120602001,0.0,0.0,0,
std005,0,KL004,6684926c7289bd8432a31af5074bd32b85fff20f3961f66edf76fb6119b4b60b,123,615,0,0.04536472260951996,-0.06915745884180069,-0.46036791801452637,-4.728519915537456,0.0,-4.728488970472416,-0.0,-0.0,-3.094506504019989e-05,5.0,0.0,1,0.0
std005,0,KL005,6684926c7289bd8432a31af5074bd32b85fff20f3961f66edf76fb6119b4b60b,123,615,0,-0.016164492815732956,-0.07710741460323334,0.08300947397947311,-2.6586368797343216e-05,0.0,-0.0,-0.0,-0.0,-2.6586368797343216e-05,0.0,0.0,0,
std005,0,KL006,6684926c7289bd8432a31af5074bd32b85fff20f3961f66edf76fb6119b4b60b,123,615,0,-0.0033330563455820084,-0.0019459770992398262,-0.42156925797462463,-4.728835099542982,0.0,-4.728488970472416,-0.0,-0.0,-0.00034612907056619235,5.0,0.0,2,0.0
std005,0,KL007,6684926c7289bd8432a31af5074bd32b85fff20f3961f66edf76fb6119b4b60b,123,615,0,0.01285562664270401,0.000315309502184391,0.4831613600254059,-2.21546235907537e-05,0.0,-0.0,-0.0,-0.0,-2.21546235907537e-05,0.0,0.0,0,
std005,0,KL008,6684926c7289bd8432a31af5074bd32b85fff20f3961f66edf76fb6119b4b60b,123,615,0,0.02426309511065483,-0.02719174139201641,0.06808473914861679,-0.0006731090381898425,0.0,-0.0,-0.0,-0.0,-0.0006731090381898425,0.0,0.0,0,
std005,0,KL009,6684926c7289bd8432a31af5074bd32b85fff20f3961f66edf76fb6119b4b60b,123,615,0,0.014614904299378395,-0.08037785440683365,-0.13758496940135956,-2.4366536932480926e-05,0.0,-0.0,-0.0,-0.0,-2.4366536932480926e-05,0.0,0.0,0,
std005,0,KL0010,6684926c7289bd8432a31af5074bd32b85fff20f3961f66edf76fb6119b4b60b,123,615,0,-0.003622148185968399,-0.029554197564721107,0.2140180617570877,-6.163422669155662e-06,0.0,-0.0,-0.0,-0.0,-6.163422669155662e-06,0.0,0.0,0,
std005,0,KL001,6684926c7289bd8432a31af5074bd32b85fff20f3961f66edf76fb6119b4b60b,124,620,0,0.009945996105670929,-0.0484292209148407,-0.3723123073577881,-0.0007482337195251931,0.0,-0.0,-0.0,-0.0,-0.0007482337195251931,0.0,0.0,1,154.10997009277344
std005,0,KL002,6684926c7289bd8432a31af5074bd32b85fff20f3961f66edf76fb6119b4b60b,124,620,0,0.03804555535316467,-0.0926874428987503,-0.10434439033269882,-6.299203028754906e-05,0.0,-0.0,-0.0,-0.0,-6.299203028754906e-05,0.0,0.0,0,
std005,0,KL003,6684926c7289bd8432a31af5074bd32b85fff20f3961f66edf76fb6119b4b60b,124,620,0,0.028090303763747215,-0.043936848640441895,-0.01584181934595108,-0.0006737573197316848,0.0,-0.0,-0.0,-0.0,-0.0006737573197316848,0.0,0.0,0,
std005,0,KL004,6684926c7289bd8432a31af5074bd32b85fff20f3961f66edf76fb6119b4b60b,124,620,0,0.043714433908462524,-0.06852899491786957,-0.4385209381580353,-4.7285241259904645,0.0,-4.728488970472416,-0.0,-0.0,-3.5155518048668455e-05,5.0,0.0,1,0.0
std005,0,KL005,6684926c7289bd8432a31af5074bd32b85fff20f3961f66edf76fb6119b4b60b,124,620,0,-0.015673404559493065,-0.07759061455726624,0.09128823131322861,-2.5781919145369644e-05,0.0,-0.0,-0.0,-0.0,-2.5781919145369644e-05,0.0,0.0,0,
std005,0,KL006,6684926c7289bd8432a31af5074bd32b85fff20f3961f66edf76fb6119b4b60b,124,620,0,-0.002126222476363182,-0.002979852259159088,-0.43386492133140564,-4.72884039226826,0.0,-4.728488970472416,-0.0,-0.0,-0.0003514217958437982,5.0,0.0,2,0.0
std005,0,KL007,6684926c7289bd8432a31af5074bd32b85fff20f3961f66edf76fb6119b4b60b,124,620,0,0.013730010017752647,0.00028288736939430237,0.4801153838634491,-2.374911064696995e-05,0.0,-0.0,-0.0,-0.0,-2.374911064696995e-05,0.0,0.0,0,
std005,0,KL008,6684926c7289bd8432a31af5074bd32b85fff20f3961f66edf76fb6119b4b60b,124,620,0,0.030614269897341728,0.019468599930405617,0.18355302512645721,-0.0006830461918941791,0.0,-0.0,-0.0,-0.0,-0.0006830461918941791,0.0,0.0,0,
std005,0,KL009,6684926c7289bd8432a31af5074bd32b85fff20f3961f66edf76fb6119b4b60b,124,620,0,0.013226472772657871,-0.09950492531061172,-0.07270801812410355,-2.206526075920288e-05,0.0,-0.0,-0.0,-0.0,-2.206526075920288e-05,0.0,0.0,0,
std005,0,KL0010,6684926c7289bd8432a31af5074bd32b85fff20f3961f66edf76fb6119b4b60b,124,620,0,-0.003947233781218529,-0.030216773971915245,0.21434123814105988,-6.73147295511862e-06,0.0,-0.0,-0.0,-0.0,-6.73147295511862e-06,0.0,0.0,0,
std005,0,KL001,6684926c7289bd8432a31af5074bd32b85fff20f3961f66edf76fb6119b4b60b,125,625,0,0.010908082127571106,-0.04835214465856552,-0.3955189883708954,-0.0007570213265998328,0.0,-0.0,-0.0,-0.0,-0.0007570213265998328,0.0,0.0,1,149.02354431152344
std005,0,KL002,6684926c7289bd8432a31af5074bd32b85fff20f3961f66edf76fb6119b4b60b,125,625,0,0.028917796909809113,-0.07868152111768723,0.046313218772411346,-4.789492205012279e-05,0.0,-0.0,-0.0,-0.0,-4.789492205012279e-05,0.0,0.0,0,
std005,0,KL003,6684926c7289bd8432a31af5074bd32b85fff20f3961f66edf76fb6119b4b60b,125,625,0,0.02764180488884449,-0.04356077313423157,-0.016353555023670197,-0.0006803341024130435,0.0,-0.0,-0.0,-0.0,-0.0006803341024130435,0.0,0.0,0,
std005,0,KL004,6684926c7289bd8432a31af5074bd32b85fff20f3961f66edf76fb6119b4b60b,125,625,0,0.05238974094390869,-0.07001622021198273,-0.4219173491001129,-4.728511460959082,0.0,-4.728488970472416,-0.0,-0.0,-2.249048666591591e-05,5.0,0.0,1,0.0
std005,0,KL005,6684926c7289bd8432a31af5074bd32b85fff20f3961f66edf76fb6119b4b60b,125,625,0,-0.015753628686070442,-0.07758019864559174,0.10076489299535751,-2.591723297494166e-05,0.0,-0.0,-0.0,-0.0,-2.591723297494166e-05,0.0,0.0,0,
std005,0,KL006,6684926c7289bd8432a31af5074bd32b85fff20f3961f66edf76fb6119b4b60b,125,625,0,-0.002806093543767929,-0.003293955698609352,-0.4243272840976715,-4.728842599431857,0.0,-4.728488970472416,-0.0,-0.0,-0.00035362895944146544,5.0,0.0,2,0.0
std005,0,KL007,6684926c7289bd8432a31af5074bd32b85fff20f3961f66edf76fb6119b4b60b,125,625,0,0.045983895659446716,-0.01324723195284605,0.49597275257110596,-7.960009161820187e-05,0.0,-0.0,-0.0,-0.0,-7.960009161820187e-05,0.0,0.0,0,
std005,0,KL008,6684926c7289bd8432a31af5074bd32b85fff20f3961f66edf76fb6119b4b60b,125,625,0,0.03024633415043354,0.01915779896080494,0.1861712783575058,-0.0006786976038355812,0.0,-0.0,-0.0,-0.0,-0.0006786976038355812,0.0,0.0,0,
std005,0,KL009,6684926c7289bd8432a31af5074bd32b85fff20f3961f66edf76fb6119b4b60b,125,625,0,0.013407035730779171,-0.10020087659358978,-0.06787604838609695,-2.2380929442680344e-05,0.0,-0.0,-0.0,-0.0,-2.2380929442680344e-05,0.0,0.0,0,
std005,0,KL0010,6684926c7289bd8432a31af5074bd32b85fff20f3961f66edf76fb6119b4b60b,125,625,0,-0.004317326471209526,-0.03022272326052189,0.21478517353534698,-7.380592869797111e-06,0.0,-0.0,-0.0,-0.0,-7.380592869797111e-06,0.0,0.0,0,
std005,0,KL001,6684926c7289bd8432a31af5074bd32b85fff20f3961f66edf76fb6119b4b60b,126,630,0,0.012323925271630287,-0.048295244574546814,-0.41632184386253357,-0.0007653129190464469,0.0,-0.0,-0.0,-0.0,-0.0007653129190464469,0.0,0.0,1,144.02362060546875
std005,0,KL002,6684926c7289bd8432a31af5074bd32b85fff20f3961f66edf76fb6119b4b60b,126,630,0,0.028089920058846474,-0.07815080881118774,0.05717002600431442,-4.653940021374199e-05,0.0,-0.0,-0.0,-0.0,-4.653940021374199e-05,0.0,0.0,0,
std005,0,KL003,6684926c7289bd8432a31af5074bd32b85fff20f3961f66edf76fb6119b4b60b,126,630,0,0.027046024799346924,-0.04294844716787338,-0.014773526228964329,-0.0006868117016338348,0.0,-0.0,-0.0,-0.0,-0.0006868117016338348,0.0,0.0,0,
std005,0,KL004,6684926c7289bd8432a31af5074bd32b85fff20f3961f66edf76fb6119b4b60b,126,630,0,0.05156657099723816,-0.06901384145021439,-0.4037843346595764,-0.9457233545589601,0.0,-0.9456977940944832,-0.0,-0.0,-2.5560464476881428e-05,1.0,0.0,1,0.0
std005,0,KL005,6684926c7289bd8432a31af5074bd32b85fff20f3961f66edf76fb6119b4b60b,126,630,0,-0.017002401873469353,-0.07594428211450577,0.10506298393011093,-2.7975368825838457e-05,0.0,-0.0,-0.0,-0.0,-2.7975368825838457e-05,0.0,0.0,0,
std005,0,KL006,6684926c7289bd8432a31af5074bd32b85fff20f3961f66edf76fb6119b4b60b,126,630,0,-0.003155263140797615,-0.003277106210589409,-0.4138251841068268,-0.9460542675890526,0.0,-0.9456977940944832,-0.0,-0.0,-0.00035647349456946475,1.0,0.0,2,0.0
std005,0,KL007,6684926c7289bd8432a31af5074bd32b85fff20f3961f66edf76fb6119b4b60b,126,630,0,0.04535128176212311,-0.009810018353164196,0.4967189133167267,-7.914413593242925e-05,0.0,-0.0,-0.0,-0.0,-7.914413593242925e-05,0.0,0.0,0,
std005,0,KL008,6684926c7289bd8432a31af5074bd32b85fff20f3961f66edf76fb6119b4b60b,126,630,0,0.02963520959019661,0.019256476312875748,0.19027437269687653,-0.0006716189764525998,0.0,-0.0,-0.0,-0.0,-0.0006716189764525998,0.0,0.0,0,
std005,0,KL009,6684926c7289bd8432a31af5074bd32b85fff20f3961f66edf76fb6119b4b60b,126,630,0,0.012896640226244926,-0.10059098899364471,-0.06720788031816483,-2.1543536744925236e-05,0.0,-0.0,-0.0,-0.0,-2.1543536744925236e-05,0.0,0.0,0,
std005,0,KL0010,6684926c7289bd8432a31af5074bd32b85fff20f3961f66edf76fb6119b4b60b,126,630,0,-0.004100756719708443,-0.030094297602772713,0.21666200459003448,-7.029359036484753e-06,0.0,-0.0,-0.0,-0.0,-7.029359036484753e-06,0.0,0.0,0,
std005,0,KL001,6684926c7289bd8432a31af5074bd32b85fff20f3961f66edf76fb6119b4b60b,127,635,0,0.016644172370433807,-0.05589628964662552,-0.44715753197669983,-0.0007691041840675034,0.0,-0.0,-0.0,-0.0,-0.0007691041840675034,0.0,0.0,1,139.02891540527344
std005,0,KL002,6684926c7289bd8432a31af5074bd32b85fff20f3961f66edf76fb6119b4b60b,127,635,0,0.027819866314530373,-0.07802832871675491,0.0639766976237297,-4.610804847623247e-05,0.0,-0.0,-0.0,-0.0,-4.610804847623247e-05,0.0,0.0,0,
std005,0,KL003,6684926c7289bd8432a31af5074bd32b85fff20f3961f66edf76fb6119b4b60b,127,635,0,0.026481784880161285,-0.04279699921607971,-0.014364727772772312,-0.0006934908610007759,0.0,-0.0,-0.0,-0.0,-0.0006934908610007759,0.0,0.0,0,
std005,0,KL004,6684926c7289bd8432a31af5074bd32b85fff20f3961f66edf76fb6119b4b60b,127,635,0,0.05238569527864456,-0.06742031127214432,-0.05489257723093033,-2.596784598962779e-05,0.0,-0.0,-0.0,-0.0,-2.596784598962779e-05,0.0,0.0,0,
std005,0,KL005,6684926c7289bd8432a31af5074bd32b85fff20f3961f66edf76fb6119b4b60b,127,635,0,-0.01725972443819046,-0.07547856122255325,0.11683311313390732,-2.8402622677882116e-05,0.0,-0.0,-0.0,-0.0,-2.8402622677882116e-05,0.0,0.0,0,
std005,0,KL006,6684926c7289bd8432a31af5074bd32b85fff20f3961f66edf76fb6119b4b60b,127,635,0,0.027817262336611748,-0.026356274262070656,-0.17280937731266022,-0.00041070112494498017,0.0,-0.0,-0.0,-0.0,-0.00041070112494498017,0.0,0.0,1,139.02891540527344
std005,0,KL007,6684926c7289bd8432a31af5074bd32b85fff20f3961f66edf76fb6119b4b60b,127,635,0,0.04531530290842056,-0.010117716155946255,0.49705037474632263,-7.951627250467069e-05,0.0,-0.0,-0.0,-0.0,-7.951627250467069e-05,0.0,0.0,0,
std005,0,KL008,6684926c7289bd8432a31af5074bd32b85fff20f3961f66edf76fb6119b4b60b,127,635,0,0.030098604038357735,0.019241755828261375,0.19124679267406464,-0.0006623947783159822,0.0,-0.0,-0.0,-0.0,-0.0006623947783159822,0.0,0.0,0,
std005,0,KL009,6684926c7289bd8432a31af5074bd32b85fff20f3961f66edf76fb6119b4b60b,127,635,0,0.012926435098052025,-0.10119510442018509,-0.061829812824726105,-2.1608760537329895e-05,0.0,-0.0,-0.0,-0.0,-2.1608760537329895e-05,0.0,0.0,0,
std005,0,KL0010,6684926c7289bd8432a31af5074bd32b85fff20f3961f66edf76fb6119b4b60b,127,635,0,-0.018982667475938797,-0.031389281153678894,0.2322559952735901,-3.2635681071515796e-05,0.0,-0.0,-0.0,-0.0,-3.2635681071515796e-05,0.0,0.0,0,
std005,0,KL001,6684926c7289bd8432a31af5074bd32b85fff20f3961f66edf76fb6119b4b60b,128,640,0,0.014926283620297909,-0.05677854269742966,-0.4288731515407562,-0.0007831793987780878,0.0,-0.0,-0.0,-0.0,-0.0007831793987780878,0.0,0.0,1,136.72434997558594
std005,0,KL002,6684926c7289bd8432a31af5074bd32b85fff20f3961f66edf76fb6119b4b60b,128,640,0,0.027538273483514786,-0.07816703617572784,0.06893538683652878,-4.5657858206675484e-05,0.0,-0.0,-0.0,-0.0,-4.5657858206675484e-05,0.0,0.0,0,
std005,0,KL003,6684926c7289bd8432a31af5074bd32b85fff20f3961f66edf76fb6119b4b60b,128,640,0,0.02539307065308094,-0.042813561856746674,-0.01266533974558115,-0.0006994613445170811,0.0,-0.0,-0.0,-0.0,-0.0006994613445170811,0.0,0.0,0,
std005,0,KL004,6684926c7289bd8432a31af5074bd32b85fff20f3961f66edf76fb6119b4b60b,128,640,0,0.05105987936258316,-0.06677524745464325,-0.036737896502017975,-2.9938343607125717e-05,0.0,-0.0,-0.0,-0.0,-2.9938343607125717e-05,0.0,0.0,0,
std005,0,KL005,6684926c7289bd8432a31af5074bd32b85fff20f3961f66edf76fb6119b4b60b,128,640,0,-0.017747895792126656,-0.07449861615896225,0.12360545247793198,-2.921003412128278e-05,0.0,-0.0,-0.0,-0.0,-2.921003412128278e-05,0.0,0.0,0,
std005,0,KL006,6684926c7289bd8432a31af5074bd32b85fff20f3961f66edf76fb6119b4b60b,128,640,0,0.02258758433163166,-0.02706279791891575,-0.1346716433763504,-0.0004041575126907848,0.0,-0.0,-0.0,-0.0,-0.0004041575126907848,0.0,0.0,1,136.72434997558594
std005,0,KL007,6684926c7289bd8432a31af5074bd32b85fff20f3961f66edf76fb6119b4b60b,128,640,0,0.046719953417778015,-0.011021590791642666,0.49665185809135437,-8.250662397329942e-05,0.0,-0.0,-0.0,-0.0,-8.250662397329942e-05,0.0,0.0,0,
std005,0,KL008,6684926c7289bd8432a31af5074bd32b85fff20f3961f66edf76fb6119b4b60b,128,640,0,0.028291985392570496,0.011782800778746605,0.1881737858057022,-0.0006401719167695039,0.0,-0.0,-0.0,-0.0,-0.0006401719167695039,0.0,0.0,0,
std005,0,KL009,6684926c7289bd8432a31af5074bd32b85fff20f3961f66edf76fb6119b4b60b,128,640,0,0.012943749316036701,-0.10164369642734528,-0.05975232273340225,-2.1654040414925153e-05,0.0,-0.0,-0.0,-0.0,-2.1654040414925153e-05,0.0,0.0,0,
std005,0,KL0010,6684926c7289bd8432a31af5074bd32b85fff20f3961f66edf76fb6119b4b60b,128,640,0,-0.018571272492408752,-0.030293304473161697,0.23311971127986908,-3.2035993163133427e-05,0.0,-0.0,-0.0,-0.0,-3.2035993163133427e-05,0.0,0.0,0,
std005,0,KL001,6684926c7289bd8432a31af5074bd32b85fff20f3961f66edf76fb6119b4b60b,129,645,0,0.02340204268693924,-0.07883740961551666,-0.4932691752910614,-0.0007807005532967483,0.0,-0.0,-0.0,-0.0,-0.0007807005532967483,0.0,0.0,1,131.37124633789062
std005,0,KL002,6684926c7289bd8432a31af5074bd32b85fff20f3961f66edf76fb6119b4b60b,129,645,0,0.02729181945323944,-0.07799400389194489,0.07628758996725082,-4.526626200248919e-05,0.0,-0.0,-0.0,-0.0,-4.526626200248919e-05,0.0,0.0,0,
std005,0,KL003,6684926c7289bd8432a31af5074bd32b85fff20f3961f66edf76fb6119b4b60b,129,645,0,0.025148173794150352,-0.04270365834236145,-0.012158610858023167,-0.0007069887807437625,0.0,-0.0,-0.0,-0.0,-0.0007069887807437625,0.0,0.0,0,
std005,0,KL004,6684926c7289bd8432a31af5074bd32b85fff20f3961f66edf76fb6119b4b60b,129,645,0,0.05413654446601868,-0.06983519345521927,-0.04701114445924759,-2.6725779442327612e-05,0.0,-0.0,-0.0,-0.0,-2.6725779442327612e-05,0.0,0.0,0,
std005,0,KL005,6684926c7289bd8432a31af5074bd32b85fff20f3961f66edf76fb6119b4b60b,129,645,0,-0.017846383154392242,-0.07415427267551422,0.1354139745235443,-2.937632509700175e-05,0.0,-0.0,-0.0,-0.0,-2.937632509700175e-05,0.0,0.0,0,
std005,0,KL006,6684926c7289bd8432a31af5074bd32b85fff20f3961f66edf76fb6119b4b60b,129,645,0,0.021910814568400383,-0.026026714593172073,-0.11944153904914856,-0.0004051809440403421,0.0,-0.0,-0.0,-0.0,-0.0004051809440403421,0.0,0.0,1,131.37124633789062
std005,0,KL007,6684926c7289bd8432a31af5074bd32b85fff20f3961f66edf76fb6119b4b60b,129,645,0,0.046342961490154266,-0.01098912488669157,0.4972135126590729,-8.246162659961467e-05,0.0,-0.0,-0.0,-0.0,-8.246162659961467e-05,0.0,0.0,0,
std005,0,KL008,6684926c7289bd8432a31af5074bd32b85fff20f3961f66edf76fb6119b4b60b,129,645,0,0.030091669410467148,0.011749062687158585,0.18682847917079926,-0.0005954868617024356,0.0,-0.0,-0.0,-0.0,-0.0005954868617024356,0.0,0.0,0,
std005,0,KL009,6684926c7289bd8432a31af5074bd32b85fff20f3961f66edf76fb6119b4b60b,129,645,0,0.013029715977609158,-0.10221628844738007,-0.05319083482027054,-2.1815242630461956e-05,0.0,-0.0,-0.0,-0.0,-2.1815242630461956e-05,0.0,0.0,0,
std005,0,KL0010,6684926c7289bd8432a31af5074bd32b85fff20f3961f66edf76fb6119b4b60b,129,645,0,-0.018858378753066063,-0.030437588691711426,0.23392783105373383,-3.265479654683369e-05,0.0,-0.0,-0.0,-0.0,-3.265479654683369e-05,0.0,0.0,0,
std005,0,KL001,6684926c7289bd8432a31af5074bd32b85fff20f3961f66edf76fb6119b4b60b,130,650,0,0.02308623120188713,-0.07998605817556381,-0.4845312833786011,-0.0007931909072925084,0.0,-0.0,-0.0,-0.0,-0.0007931909072925084,0.0,0.0,1,126.0549087524414
std005,0,KL002,6684926c7289bd8432a31af5074bd32b85fff20f3961f66edf76fb6119b4b60b,130,650,0,0.027064433321356773,-0.0778261125087738,0.08371441811323166,-4.490667919360189e-05,0.0,-0.0,-0.0,-0.0,-4.490667919360189e-05,0.0,0.0,0,
std005,0,KL003,6684926c7289bd8432a31af5074bd32b85fff20f3961f66edf76fb6119b4b60b,130,650,0,0.024805111810564995,-0.04294252395629883,-0.011548318900167942,-0.0007145061879724288,0.0,-0.0,-0.0,-0.0,-0.0007145061879724288,0.0,0.0,0,
std005,0,KL004,6684926c7289bd8432a31af5074bd32b85fff20f3961f66edf76fb6119b4b60b,130,650,0,0.05293332785367966,-0.06956195831298828,-0.03598061949014664,-3.06205764498536e-05,0.0,-0.0,-0.0,-0.0,-3.06205764498536e-05,0.0,0.0,0,
std005,0,KL005,6684926c7289bd8432a31af5074bd32b85fff20f3961f66edf76fb6119b4b60b,130,650,0,-0.018170209601521492,-0.0734311118721962,0.14344920217990875,-2.9913752711900465e-05,0.0,-0.0,-0.0,-0.0,-2.9913752711900465e-05,0.0,0.0,0,
std005,0,KL006,6684926c7289bd8432a31af5074bd32b85fff20f3961f66edf76fb6119b4b60b,130,650,0,0.020931748673319817,-0.025138583034276962,-0.09878449887037277,-0.0004057227434897146,0.0,-0.0,-0.0,-0.0,-0.0004057227434897146,0.0,0.0,1,126.0549087524414
std005,0,KL007,6684926c7289bd8432a31af5074bd32b85fff20f3961f66edf76fb6119b4b60b,130,650,0,0.046336665749549866,-0.011120438575744629,0.4970996677875519,-8.320110963111906e-05,0.0,-0.0,-0.0,-0.0,-8.320110963111906e-05,0.0,0.0,0,
std005,0,KL008,6684926c7289bd8432a31af5074bd32b85fff20f3961f66edf76fb6119b4b60b,130,650,0,0.03547600656747818,0.009344743564724922,0.1736748367547989,-0.00043538188498888175,0.0,-0.0,-0.0,-0.0,-0.00043538188498888175,0.0,0.0,0,
std005,0,KL009,6684926c7289bd8432a31af5074bd32b85fff20f3961f66edf76fb6119b4b60b,130,650,0,0.013055370189249516,-0.10269349813461304,-0.0477561429142952,-2.187664402008932e-05,0.0,-0.0,-0.0,-0.0,-2.187664402008932e-05,0.0,0.0,0,
std005,0,KL0010,6684926c7289bd8432a31af5074bd32b85fff20f3961f66edf76fb6119b4b60b,130,650,0,-0.02072340063750744,-0.04701172560453415,0.13687337934970856,-3.603788388546637e-05,0.0,-0.0,-0.0,-0.0,-3.603788388546637e-05,0.0,0.0,0,
std005,0,KL001,6684926c7289bd8432a31af5074bd32b85fff20f3961f66edf76fb6119b4b60b,131,655,0,0.02259417250752449,-0.08138436079025269,-0.4822569787502289,-0.0008062246777747083,0.0,-0.0,-0.0,-0.0,-0.0008062246777747083,0.0,0.0,1,121.09666442871094
std005,0,KL002,6684926c7289bd8432a31af5074bd32b85fff20f3961f66edf76fb6119b4b60b,131,655,0,0.026761293411254883,-0.07773886620998383,0.09538360685110092,-4.442177110490546e-05,0.0,-0.0,-0.0,-0.0,-4.442177110490546e-05,0.0,0.0,0,
std005,0,KL003,6684926c7289bd8432a31af5074bd32b85fff20f3961f66edf76fb6119b4b60b,131,655,0,0.0251877773553133,-0.04395676404237747,-0.010905393399298191,-0.0007233722673578967,0.0,-0.0,-0.0,-0.0,-0.0007233722673578967,0.0,0.0,0,
std005,0,KL004,6684926c7289bd8432a31af5074bd32b85fff20f3961f66edf76fb6119b4b60b,131,655,0,0.0514107421040535,-0.0705486312508583,-0.03234756737947464,-3.50552980346857e-05,0.0,-0.0,-0.0,-0.0,-3.50552980346857e-05,0.0,0.0,0,
std005,0,KL005,6684926c7289bd8432a31af5074bd32b85fff20f3961f66edf76fb6119b4b60b,131,655,0,-0.017870400100946426,-0.07220076024532318,0.1586201786994934,-2.942461263785662e-05,0.0,-0.0,-0.0,-0.0,-2.942461263785662e-05,0.0,0.0,0,
std005,0,KL006,6684926c7289bd8432a31af5074bd32b85fff20f3961f66edf76fb6119b4b60b,131,655,0,0.0214384812861681,-0.02432747557759285,-0.08223975449800491,-0.0004087317083610861,0.0,-0.0,-0.0,-0.0,-0.0004087317083610861,0.0,0.0,1,121.09666442871094
std005,0,KL007,6684926c7289bd8432a31af5074bd32b85fff20f3961f66edf76fb6119b4b60b,131,655,0,0.046012476086616516,-0.010633451864123344,0.49637117981910706,-8.353929076657533e-05,0.0,-0.0,-0.0,-0.0,-8.353929076657533e-05,0.0,0.0,0,
std005,0,KL008,6684926c7289bd8432a31af5074bd32b85fff20f3961f66edf76fb6119b4b60b,131,655,0,0.04192660003900528,0.012233605608344078,0.16627798974514008,-0.00031389678956249707,0.0,-0.0,-0.0,-0.0,-0.00031389678956249707,0.0,0.0,0,
std005,0,KL009,6684926c7289bd8432a31af5074bd32b85fff20f3961f66edf76fb6119b4b60b,131,655,0,0.013439048081636429,-0.10318531095981598,-0.03388369828462601,-2.2539708460667825e-05,0.0,-0.0,-0.0,-0.0,-2.2539708460667825e-05,0.0,0.0,0,
std005,0,KL0010,6684926c7289bd8432a31af5074bd32b85fff20f3961f66edf76fb6119b4b60b,131,655,0,-0.020566457882523537,-0.04683820158243179,0.14063389599323273,-3.594050088484674e-05,0.0,-0.0,-0.0,-0.0,-3.594050088484674e-05,0.0,0.0,0,
std005,0,KL001,6684926c7289bd8432a31af5074bd32b85fff20f3961f66edf76fb6119b4b60b,132,660,0,0.021792493760585785,-0.08246957510709763,-0.48064398765563965,-0.0008200192269478141,0.0,-0.0,-0.0,-0.0,-0.0008200192269478141,0.0,0.0,1,116.2685775756836
std005,0,KL002,6684926c7289bd8432a31af5074bd32b85fff20f3961f66edf76fb6119b4b60b,132,660,0,0.026225214824080467,-0.07783180475234985,0.10425250977277756,-4.355038160636686e-05,0.0,-0.0,-0.0,-0.0,-4.355038160636686e-05,0.0,0.0,0,
std005,0,KL003,6684926c7289bd8432a31af5074bd32b85fff20f3961f66edf76fb6119b4b60b,132,660,0,0.025545554235577583,-0.04458165168762207,-0.010323711670935154,-0.0007323334576440484,0.0,-0.0,-0.0,-0.0,-0.0007323334576440484,0.0,0.0,0,
std005,0,KL004,6684926c7289bd8432a31af5074bd32b85fff20f3961f66edf76fb6119b4b60b,132,660,0,0.04083243012428284,-0.0719415694475174,-0.15319471061229706,-5.4301972267275025e-05,0.0,-0.0,-0.0,-0.0,-5.4301972267275025e-05,0.0,0.0,1,96.52068328857422
std005,0,KL005,6684926c7289bd8432a31af5074bd32b85fff20f3961f66edf76fb6119b4b60b,132,660,0,-0.017607254907488823,-0.07156997919082642,0.17118634283542633,-2.8995818147730356e-05,0.0,-0.0,-0.0,-0.0,-2.8995818147730356e-05,0.0,0.0,0,
std005,0,KL006,6684926c7289bd8432a31af5074bd32b85fff20f3961f66edf76fb6119b4b60b,132,660,0,0.02651188150048256,-0.026502391323447227,-0.07210557907819748,-0.00041915696029550756,0.0,-0.0,-0.0,-0.0,-0.00041915696029550756,0.0,0.0,1,116.2685775756836
std005,0,KL007,6684926c7289bd8432a31af5074bd32b85fff20f3961f66edf76fb6119b4b60b,132,660,0,0.045777954161167145,-0.010534744709730148,0.4954722821712494,-8.427205618334901e-05,0.0,-0.0,-0.0,-0.0,-8.427205618334901e-05,0.0,0.0,0,
std005,0,KL008,6684926c7289bd8432a31af5074bd32b85fff20f3961f66edf76fb6119b4b60b,132,660,0,0.038505688309669495,0.023982597514986992,-0.011746310628950596,-0.0003099139066860277,0.0,-0.0,-0.0,-0.0,-0.0003099139066860277,0.0,0.0,1,96.52068328857422
std005,0,KL009,6684926c7289bd8432a31af5074bd32b85fff20f3961f66edf76fb6119b4b60b,132,660,0,0.01352557074278593,-0.10367891192436218,-0.0220014825463295,-2.2706374130164412e-05,0.0,-0.0,-0.0,-0.0,-2.2706374130164412e-05,0.0,0.0,0,
std005,0,KL0010,6684926c7289bd8432a31af5074bd32b85fff20f3961f66edf76fb6119b4b60b,132,660,0,-0.020847531035542488,-0.04672476649284363,0.14404045045375824,-3.663849644336662e-05,0.0,-0.0,-0.0,-0.0,-3.663849644336662e-05,0.0,0.0,0,
std005,0,KL001,6684926c7289bd8432a31af5074bd32b85fff20f3961f66edf76fb6119b4b60b,133,665,0,0.020669767633080482,-0.0824480950832367,-0.4820186197757721,-0.0008345856944675456,0.0,-0.0,-0.0,-0.0,-0.0008345856944675456,0.0,0.0,1,111.80722045898438
std005,0,KL002,6684926c7289bd8432a31af5074bd32b85fff20f3961f66edf76fb6119b4b60b,133,665,0,0.025874421000480652,-0.07776959985494614,0.10790245980024338,-4.2986826879186376e-05,0.0,-0.0,-0.0,-0.0,-4.2986826879186376e-05,0.0,0.0,0,
std005,0,KL003,6684926c7289bd8432a31af5074bd32b85fff20f3961f66edf76fb6119b4b60b,133,665,0,0.02532779611647129,-0.04460138827562332,-0.010261842049658298,-0.0007404866899557313,0.0,-0.0,-0.0,-0.0,-0.0007404866899557313,0.0,0.0,0,
std005,0,KL004,6684926c7289bd8432a31af5074bd32b85fff20f3961f66edf76fb6119b4b60b,133,665,0,0.03717014938592911,-0.07168770581483841,-0.12430105358362198,-6.203135418660053e-05,0.0,-0.0,-0.0,-0.0,-6.203135418660053e-05,0.0,0.0,1,86.7751693725586
std005,0,KL005,6684926c7289bd8432a31af5074bd32b85fff20f3961f66edf76fb6119b4b60b,133,665,0,-0.01705636829137802,-0.08316978812217712,0.21217484772205353,-2.8092948331340354e-05,0.0,-0.0,-0.0,-0.0,-2.8092948331340354e-05,0.0,0.0,0,
std005,0,KL006,6684926c7289bd8432a31af5074bd32b85fff20f3961f66edf76fb6119b4b60b,133,665,0,0.027002105489373207,-0.027085375040769577,-0.05870267003774643,-0.0004216515992386137,0.0,-0.0,-0.0,-0.0,-0.0004216515992386137,0.0,0.0,1,111.80722045898438
std005,0,KL007,6684926c7289bd8432a31af5074bd32b85fff20f3961f66edf76fb6119b4b60b,133,665,1,0.04598478972911835,-0.011333574540913105,0.49562010169029236,37.41707763761261,37.41716380974046,-0.0,-0.0,-0.0,-8.617212785111406e-05,0.0,0.0,0,
std005,0,KL008,6684926c7289bd8432a31af5074bd32b85fff20f3961f66edf76fb6119b4b60b,133,665,0,0.03592178225517273,0.025213638320565224,-0.013898366130888462,-0.0003077866138687529,0.0,-0.0,-0.0,-0.0,-0.0003077866138687529,0.0,0.0,1,86.7751693725586
std005,0,KL009,6684926c7289bd8432a31af5074bd32b85fff20f3961f66edf76fb6119b4b60b,133,665,0,0.01370194647461176,-0.10401880741119385,-0.012359031476080418,-2.3025719179938395e-05,0.0,-0.0,-0.0,-0.0,-2.3025719179938395e-05,0.0,0.0,0,
std005,0,KL0010,6684926c7289bd8432a31af5074bd32b85fff20f3961f66edf76fb6119b4b60b,133,665,0,-0.02157493494451046,-0.046599291265010834,0.14484594762325287,-3.8168696293563115e-05,0.0,-0.0,-0.0,-0.0,-3.8168696293563115e-05,0.0,0.0,0,
std005,0,KL001,6684926c7289bd8432a31af5074bd32b85fff20f3961f66edf76fb6119b4b60b,134,670,0,0.018305497244000435,-0.09106358885765076,-0.3758515417575836,-0.0008514223239950312,0.0,-0.0,-0.0,-0.0,-0.0008514223239950312,0.0,0.0,1,106.96138763427734
std005,0,KL002,6684926c7289bd8432a31af5074bd32b85fff20f3961f66edf76fb6119b4b60b,134,670,0,0.0065388428047299385,-0.10337375104427338,0.12403217703104019,-1.086831243777241e-05,0.0,-0.0,-0.0,-0.0,-1.086831243777241e-05,0.0,0.0,0,
std005,0,KL003,6684926c7289bd8432a31af5074bd32b85fff20f3961f66edf76fb6119b4b60b,134,670,0,0.0319511815905571,-0.09338610619306564,0.15739761292934418,-0.0007600204602594085,0.0,-0.0,-0.0,-0.0,-0.0007600204602594085,0.0,0.0,0,
std005,0,KL004,6684926c7289bd8432a31af5074bd32b85fff20f3961f66edf76fb6119b4b60b,134,670,0,0.039710499346256256,-0.11707218736410141,-0.14767195284366608,-5.9569662775413035e-05,0.0,-0.0,-0.0,-0.0,-5.9569662775413035e-05,0.0,0.0,1,80.36174774169922
std005,0,KL005,6684926c7289bd8432a31af5074bd32b85fff20f3961f66edf76fb6119b4b60b,134,670,0,-0.02761003002524376,-0.09951122105121613,0.2184748500585556,-4.548226205117559e-05,0.0,-0.0,-0.0,-0.0,-4.548226205117559e-05,0.0,0.0,0,
std005,0,KL006,6684926c7289bd8432a31af5074bd32b85fff20f3961f66edf76fb6119b4b60b,134,670,0,-0.02182038128376007,-0.06490767002105713,0.02942546457052231,-0.00034328313412653534,0.0,-0.0,-0.0,-0.0,-0.00034328313412653534,0.0,0.0,1,106.96138763427734
std005,0,KL008,6684926c7289bd8432a31af5074bd32b85fff20f3961f66edf76fb6119b4b60b,134,670,0,-0.0037340018898248672,-0.022780967876315117,0.03992506116628647,-0.0002449850919004203,0.0,-0.0,-0.0,-0.0,-0.0002449850919004203,0.0,0.0,1,80.36174774169922
std005,0,KL009,6684926c7289bd8432a31af5074bd32b85fff20f3961f66edf76fb6119b4b60b,134,670,0,-0.004837129730731249,-0.13016127049922943,0.017503581941127777,-8.1371097682037e-06,0.0,-0.0,-0.0,-0.0,-8.1371097682037e-06,0.0,0.0,0,
std005,0,KL0010,6684926c7289bd8432a31af5074bd32b85fff20f3961f66edf76fb6119b4b60b,134,670,0,-0.025457007810473442,-0.08890040218830109,0.2362641841173172,-4.538630737388205e-05,0.0,-0.0,-0.0,-0.0,-4.538630737388205e-05,0.0,0.0,0,
std005,0,KL001,6684926c7289bd8432a31af5074bd32b85fff20f3961f66edf76fb6119b4b60b,135,675,0,0.019057689234614372,-0.09094998240470886,-0.39859017729759216,-0.0008633214467998108,0.0,-0.0,-0.0,-0.0,-0.0008633214467998108,0.0,0.0,1,99.17926788330078
std005,0,KL002,6684926c7289bd8432a31af5074bd32b85fff20f3961f66edf76fb6119b4b60b,135,675,0,0.0051954155787825584,-0.10273359715938568,0.1366027593612671,-8.639397937468357e-06,0.0,-0.0,-0.0,-0.0,-8.639397937468357e-06,0.0,0.0,0,
std005,0,KL003,6684926c7289bd8432a31af5074bd32b85fff20f3961f66edf76fb6119b4b60b,135,675,0,0.031447552144527435,-0.09301934391260147,0.1505737155675888,-0.0007677395965015133,0.0,-0.0,-0.0,-0.0,-0.0007677395965015133,0.0,0.0,0,
std005,0,KL004,6684926c7289bd8432a31af5074bd32b85fff20f3961f66edf76fb6119b4b60b,135,675,0,0.03747626394033432,-0.11729677021503448,-0.13096313178539276,-6.501515028029048e-05,0.0,-0.0,-0.0,-0.0,-6.501515028029048e-05,0.0,0.0,1,70.57263946533203
std005,0,KL005,6684926c7289bd8432a31af5074bd32b85fff20f3961f66edf76fb6119b4b60b,135,675,0,-0.02826102077960968,-0.0996275469660759,0.23156914114952087,-4.65618538791195e-05,0.0,-0.0,-0.0,-0.0,-4.65618538791195e-05,0.0,0.0,0,
std005,0,KL006,6684926c7289bd8432a31af5074bd32b85fff20f3961f66edf76fb6119b4b60b,135,675,0,-0.021972857415676117,-0.06287243217229843,0.026884309947490692,-0.00034772651137904097,0.0,-0.0,-0.0,-0.0,-0.00034772651137904097,0.0,0.0,1,99.17926788330078
std005,0,KL008,6684926c7289bd8432a31af5074bd32b85fff20f3961f66edf76fb6119b4b60b,135,675,0,0.0024404507130384445,-0.024768924340605736,0.009897223673760891,-0.0002574410670706038,0.0,-0.0,-0.0,-0.0,-0.0002574410670706038,0.0,0.0,1,70.57263946533203
std005,0,KL009,6684926c7289bd8432a31af5074bd32b85fff20f3961f66edf76fb6119b4b60b,135,675,0,-0.0060270484536886215,-0.13001278042793274,0.03437160700559616,-1.0150222171920715e-05,0.0,-0.0,-0.0,-0.0,-1.0150222171920715e-05,0.0,0.0,0,
std005,0,KL0010,6684926c7289bd8432a31af5074bd32b85fff20f3961f66edf76fb6119b4b60b,135,675,0,-0.0037201931700110435,-0.08520260453224182,0.21591968834400177,-6.8256991617093685e-06,0.0,-0.0,-0.0,-0.0,-6.8256991617093685e-06,0.0,0.0,0,
std005,0,KL001,6684926c7289bd8432a31af5074bd32b85fff20f3961f66edf76fb6119b4b60b,136,680,0,0.01921413280069828,-0.09078739583492279,-0.4078075587749481,-0.0008765149275904496,0.0,-0.0,-0.0,-0.0,-0.0008765149275904496,0.0,0.0,1,94.39757537841797
std005,0,KL002,6684926c7289bd8432a31af5074bd32b85fff20f3961f66edf76fb6119b4b60b,136,680,0,0.004922792315483093,-0.10270477831363678,0.14330820739269257,-8.19002994847105e-06,0.0,-0.0,-0.0,-0.0,-8.19002994847105e-06,0.0,0.0,0,
std005,0,KL003,6684926c7289bd8432a31af5074bd32b85fff20f3961f66edf76fb6119b4b60b,136,680,0,0.030894994735717773,-0.09254767000675201,0.15119029581546783,-0.0007755231313865504,0.0,-0.0,-0.0,-0.0,-0.0007755231313865504,0.0,0.0,0,
std005,0,KL004,6684926c7289bd8432a31af5074bd32b85fff20f3961f66edf76fb6119b4b60b,136,680,0,0.0356554314494133,-0.11657106876373291,-0.1079576388001442,-6.976573484358067e-05,0.0,-0.0,-0.0,-0.0,-6.976573484358067e-05,0.0,0.0,1,65.9912109375
std005,0,KL005,6684926c7289bd8432a31af5074bd32b85fff20f3961f66edf76fb6119b4b60b,136,680,0,-0.028552955016493797,-0.099967360496521,0.23556406795978546,-4.705029981173269e-05,0.0,-0.0,-0.0,-0.0,-4.705029981173269e-05,0.0,0.0,0,
std005,0,KL006,6684926c7289bd8432a31af5074bd32b85fff20f3961f66edf76fb6119b4b60b,136,680,0,-0.02470768243074417,-0.06158389151096344,0.04239680618047714,-0.00034897539975194613,0.0,-0.0,-0.0,-0.0,-0.00034897539975194613,0.0,0.0,1,94.39757537841797
std005,0,KL008,6684926c7289bd8432a31af5074bd32b85fff20f3961f66edf76fb6119b4b60b,136,680,0,0.00326446071267128,-0.024321379140019417,0.007865346036851406,-0.00026121556923462095,0.0,-0.0,-0.0,-0.0,-0.00026121556923462095,0.0,0.0,1,65.9912109375
std005,0,KL009,6684926c7289bd8432a31af5074bd32b85fff20f3961f66edf76fb6119b4b60b,136,680,0,-0.006222299765795469,-0.13022421300411224,0.03785916417837143,-1.049164652069351e-05,0.0,-0.0,-0.0,-0.0,-1.049164652069351e-05,0.0,0.0,0,
std005,0,KL0010,6684926c7289bd8432a31af5074bd32b85fff20f3961f66edf76fb6119b4b60b,136,680,0,-0.0040952544659376144,-0.08582742512226105,0.21574194729328156,-7.455300458483983e-06,0.0,-0.0,-0.0,-0.0,-7.455300458483983e-06,0.0,0.0,0,
std005,0,KL001,6684926c7289bd8432a31af5074bd32b85fff20f3961f66edf76fb6119b4b60b,137,685,0,0.01883275806903839,-0.09077287465333939,-0.4183541238307953,-0.0008908894398590612,0.0,-0.0,-0.0,-0.0,-0.0008908894398590612,0.0,0.0,1,89.53543853759766
std005,0,KL002,6684926c7289bd8432a31af5074bd32b85fff20f3961f66edf76fb6119b4b60b,137,685,0,0.004728902131319046,-0.1027512401342392,0.15034054219722748,-7.871449349444162e-06,0.0,-0.0,-0.0,-0.0,-7.871449349444162e-06,0.0,0.0,0,
std005,0,KL003,6684926c7289bd8432a31af5074bd32b85fff20f3961f66edf76fb6119b4b60b,137,685,0,0.030294569209218025,-0.0919838696718216,0.1503119021654129,-0.0007833762368820519,0.0,-0.0,-0.0,-0.0,-0.0007833762368820519,0.0,0.0,0,
std005,0,KL004,6684926c7289bd8432a31af5074bd32b85fff20f3961f66edf76fb6119b4b60b,137,685,0,0.04871702194213867,-0.10545807331800461,-0.20543716847896576,-5.017892798032217e-05,0.0,-0.0,-0.0,-0.0,-5.017892798032217e-05,0.0,0.0,1,60.95309829711914
std005,0,KL005,6684926c7289bd8432a31af5074bd32b85fff20f3961f66edf76fb6119b4b60b,137,685,0,-0.028653906658291817,-0.10044069588184357,0.23995982110500336,-4.7224323452691335e-05,0.0,-0.0,-0.0,-0.0,-4.7224323452691335e-05,0.0,0.0,0,
std005,0,KL006,6684926c7289bd8432a31af5074bd32b85fff20f3961f66edf76fb6119b4b60b,137,685,0,-0.026508405804634094,-0.06023062765598297,0.05562841147184372,-0.00035225713891083447,0.0,-0.0,-0.0,-0.0,-0.00035225713891083447,0.0,0.0,1,89.53543853759766
std005,0,KL008,6684926c7289bd8432a31af5074bd32b85fff20f3961f66edf76fb6119b4b60b,137,685,0,-0.05048239231109619,-0.020833587273955345,0.0970110222697258,-0.00017567159224201803,0.0,-0.0,-0.0,-0.0,-0.00017567159224201803,0.0,0.0,1,60.95309829711914
std005,0,KL009,6684926c7289bd8432a31af5074bd32b85fff20f3961f66edf76fb6119b4b60b,137,685,0,-0.006305338814854622,-0.13047261536121368,0.04253985732793808,-1.0645370302303363e-05,0.0,-0.0,-0.0,-0.0,-1.0645370302303363e-05,0.0,0.0,0,
std005,0,KL0010,6684926c7289bd8432a31af5074bd32b85fff20f3961f66edf76fb6119b4b60b,137,685,0,-0.00451276171952486,-0.08563999831676483,0.21627436578273773,-8.334156620278328e-06,0.0,-0.0,-0.0,-0.0,-8.334156620278328e-06,0.0,0.0,0,
std005,0,KL001,6684926c7289bd8432a31af5074bd32b85fff20f3961f66edf76fb6119b4b60b,138,690,0,0.018883969634771347,-0.09171879291534424,-0.4205588698387146,-0.000904832215872099,0.0,-0.0,-0.0,-0.0,-0.000904832215872099,0.0,0.0,1,84.74017333984375
std005,0,KL002,6684926c7289bd8432a31af5074bd32b85fff20f3961f66edf76fb6119b4b60b,138,690,0,0.0035705622285604477,-0.10287123918533325,0.15365643799304962,-5.9465083831136415e-06,0.0,-0.0,-0.0,-0.0,-5.9465083831136415e-06,0.0,0.0,0,
std005,0,KL003,6684926c7289bd8432a31af5074bd32b85fff20f3961f66edf76fb6119b4b60b,138,690,0,0.030631933361291885,-0.09075262397527695,0.14160199463367462,-0.0007929213800571973,0.0,-0.0,-0.0,-0.0,-0.0007929213800571973,0.0,0.0,0,
std005,0,KL004,6684926c7289bd8432a31af5074bd32b85fff20f3961f66edf76fb6119b4b60b,138,690,0,0.04767468571662903,-0.10467804968357086,-0.22548188269138336,-5.405405256375981e-05,0.0,-0.0,-0.0,-0.0,-5.405405256375981e-05,0.0,0.0,1,53.34693908691406
std005,0,KL005,6684926c7289bd8432a31af5074bd32b85fff20f3961f66edf76fb6119b4b60b,138,690,0,-0.029244570061564445,-0.10019128024578094,0.23752577602863312,-4.820582205915667e-05,0.0,-0.0,-0.0,-0.0,-4.820582205915667e-05,0.0,0.0,0,
std005,0,KL006,6684926c7289bd8432a31af5074bd32b85fff20f3961f66edf76fb6119b4b60b,138,690,0,0.01495382934808731,-0.06521457433700562,0.09257497638463974,-0.00042689223065971464,0.0,-0.0,-0.0,-0.0,-0.00042689223065971464,0.0,0.0,1,84.74017333984375
std005,0,KL008,6684926c7289bd8432a31af5074bd32b85fff20f3961f66edf76fb6119b4b60b,138,690,0,-0.044100068509578705,-0.026377340778708458,0.0028230168391019106,-0.00018875776696161695,0.0,-0.0,-0.0,-0.0,-0.00018875776696161695,0.0,0.0,1,53.34693908691406
std005,0,KL009,6684926c7289bd8432a31af5074bd32b85fff20f3961f66edf76fb6119b4b60b,138,690,0,-0.006807412952184677,-0.13092228770256042,0.04630111902952194,-1.150896827098383e-05,0.0,-0.0,-0.0,-0.0,-1.150896827098383e-05,0.0,0.0,0,
std005,0,KL0010,6684926c7289bd8432a31af5074bd32b85fff20f3961f66edf76fb6119b4b60b,138,690,1,-0.00465876329690218,-0.08546803146600723,0.2181757539510727,37.41715580420527,37.41716380974046,-0.0,-0.0,-0.0,-8.005535185873214e-06,0.0,0.0,0,
std005,0,KL001,6684926c7289bd8432a31af5074bd32b85fff20f3961f66edf76fb6119b4b60b,139,695,0,0.03294787555932999,-0.10914784669876099,-0.2743016183376312,-0.0008960754721235472,0.0,-0.0,-0.0,-0.0,-0.0008960754721235472,0.0,0.0,1,82.01759338378906
std005,0,KL002,6684926c7289bd8432a31af5074bd32b85fff20f3961f66edf76fb6119b4b60b,139,695,0,0.010137280449271202,-0.09734132140874863,0.20063179731369019,-1.6892276545111487e-05,0.0,-0.0,-0.0,-0.0,-1.6892276545111487e-05,0.0,0.0,0,
std005,0,KL003,6684926c7289bd8432a31af5074bd32b85fff20f3961f66edf76fb6119b4b60b,139,695,0,0.09253326803445816,-0.041854627430438995,0.34407374262809753,-0.0009034650800561805,0.0,-0.0,-0.0,-0.0,-0.0009034650800561805,0.0,0.0,0,
std005,0,KL004,6684926c7289bd8432a31af5074bd32b85fff20f3961f66edf76fb6119b4b60b,139,695,0,0.030393457040190697,-0.07992006093263626,-0.2276998609304428,-8.450009501388446e-05,0.0,-0.0,-0.0,-0.0,-8.450009501388446e-05,0.0,0.0,1,48.664649963378906
std005,0,KL005,6684926c7289bd8432a31af5074bd32b85fff20f3961f66edf76fb6119b4b60b,139,695,0,-0.009994713589549065,-0.11224235594272614,0.18732570111751556,-1.6477795142835643e-05,0.0,-0.0,-0.0,-0.0,-1.6477795142835643e-05,0.0,0.0,0,
std005,0,KL006,6684926c7289bd8432a31af5074bd32b85fff20f3961f66edf76fb6119b4b60b,139,695,0,0.014011215418577194,-0.03173527866601944,0.1357664316892624,-0.00042840084395573175,0.0,-0.0,-0.0,-0.0,-0.00042840084395573175,0.0,0.0,1,82.01759338378906
std005,0,KL008,6684926c7289bd8432a31af5074bd32b85fff20f3961f66edf76fb6119b4b60b,139,695,0,-0.008671987801790237,-0.02356857806444168,0.08627980202436447,-0.00024966482012808537,0.0,-0.0,-0.0,-0.0,-0.00024966482012808537,0.0,0.0,1,48.664649963378906
std005,0,KL009,6684926c7289bd8432a31af5074bd32b85fff20f3961f66edf76fb6119b4b60b,139,695,0,0.007562918588519096,-0.13379719853401184,-0.016338102519512177,-1.2805583232565408e-05,0.0,-0.0,-0.0,-0.0,-1.2805583232565408e-05,0.0,0.0,0,
std005,0,KL001,6684926c7289bd8432a31af5074bd32b85fff20f3961f66edf76fb6119b4b60b,140,700,0,0.03226666897535324,-0.11001287400722504,-0.28519219160079956,-0.0009126206674349398,0.0,-0.0,-0.0,-0.0,-0.0009126206674349398,0.0,0.0,1,76.70150756835938
std005,0,KL002,6684926c7289bd8432a31af5074bd32b85fff20f3961f66edf76fb6119b4b60b,140,700,0,0.011396611109375954,-0.09794353693723679,0.19575199484825134,-1.900189595837866e-05,0.0,-0.0,-0.0,-0.0,-1.900189595837866e-05,0.0,0.0,0,
std005,0,KL003,6684926c7289bd8432a31af5074bd32b85fff20f3961f66edf76fb6119b4b60b,140,700,0,0.08881588280200958,-0.04385925829410553,0.34865644574165344,-0.0009042977850868049,0.0,-0.0,-0.0,-0.0,-0.0009042977850868049,0.0,0.0,0,
std005,0,KL004,6684926c7289bd8432a31af5074bd32b85fff20f3961f66edf76fb6119b4b60b,140,700,0,0.04175431281328201,-0.09448566287755966,-0.10160357505083084,-6.766810770977058e-05,0.0,-0.0,-0.0,-0.0,-6.766810770977058e-05,0.0,0.0,1,44.622467041015625
std005,0,KL005,6684926c7289bd8432a31af5074bd32b85fff20f3961f66edf76fb6119b4b60b,140,700,0,-0.010733766481280327,-0.11294590681791306,0.18533934652805328,-1.7699238454811236e-05,0.0,-0.0,-0.0,-0.0,-1.7699238454811236e-05,0.0,0.0,0,
std005,0,KL006,6684926c7289bd8432a31af5074bd32b85fff20f3961f66edf76fb6119b4b60b,140,700,0,0.016918277367949486,-0.023247143253684044,0.029590927064418793,-0.0004355319946872242,0.0,-0.0,-0.0,-0.0,-0.0004355319946872242,0.0,0.0,1,76.70150756835938
std005,0,KL008,6684926c7289bd8432a31af5074bd32b85fff20f3961f66edf76fb6119b4b60b,140,700,0,-0.015440423041582108,-0.019725164398550987,0.1011989638209343,-0.00024131475583098297,0.0,-0.0,-0.0,-0.0,-0.00024131475583098297,0.0,0.0,1,44.622467041015625
std005,0,KL009,6684926c7289bd8432a31af5074bd32b85fff20f3961f66edf76fb6119b4b60b,140,700,0,0.006933219730854034,-0.1341051608324051,0.005041575990617275,-1.1758337298767294e-05,0.0,-0.0,-0.0,-0.0,-1.1758337298767294e-05,0.0,0.0,0,
std005,0,KL001,6684926c7289bd8432a31af5074bd32b85fff20f3961f66edf76fb6119b4b60b,141,705,0,0.032143060117959976,-0.11005263030529022,-0.2916661202907562,-0.0009285786244976452,0.0,-0.0,-0.0,-0.0,-0.0009285786244976452,0.0,0.0,1,71.9761962890625
std005,0,KL002,6684926c7289bd8432a31af5074bd32b85fff20f3961f66edf76fb6119b4b60b,141,705,0,0.011283224448561668,-0.09779877215623856,0.19835375249385834,-1.8824433897641132e-05,0.0,-0.0,-0.0,-0.0,-1.8824433897641132e-05,0.0,0.0,0,
std005,0,KL003,6684926c7289bd8432a31af5074bd32b85fff20f3961f66edf76fb6119b4b60b,141,705,0,0.08847323805093765,-0.0433867946267128,0.34761467576026917,-0.0009100711890657334,0.0,-0.0,-0.0,-0.0,-0.0009100711890657334,0.0,0.0,0,
std005,0,KL004,6684926c7289bd8432a31af5074bd32b85fff20f3961f66edf76fb6119b4b60b,141,705,0,0.04153819382190704,-0.09416136890649796,-0.10535644739866257,-7.01494975175908e-05,0.0,-0.0,-0.0,-0.0,-7.01494975175908e-05,0.0,0.0,1,39.860862731933594
std005,0,KL005,6684926c7289bd8432a31af5074bd32b85fff20f3961f66edf76fb6119b4b60b,141,705,0,-0.010627428069710732,-0.11273040622472763,0.18129535019397736,-1.752695368021772e-05,0.0,-0.0,-0.0,-0.0,-1.752695368021772e-05,0.0,0.0,0,
std005,0,KL006,6684926c7289bd8432a31af5074bd32b85fff20f3961f66edf76fb6119b4b60b,141,705,0,0.015423806384205818,-0.022114919498562813,0.04089608043432236,-0.00043491002724769845,0.0,-0.0,-0.0,-0.0,-0.00043491002724769845,0.0,0.0,1,71.9761962890625
std005,0,KL008,6684926c7289bd8432a31af5074bd32b85fff20f3961f66edf76fb6119b4b60b,141,705,0,-0.013767493888735771,-0.021155454218387604,0.09371661394834518,-0.0002468390352641878,0.0,-0.0,-0.0,-0.0,-0.0002468390352641878,0.0,0.0,1,39.860862731933594
std005,0,KL009,6684926c7289bd8432a31af5074bd32b85fff20f3961f66edf76fb6119b4b60b,141,705,0,0.006665129214525223,-0.13410790264606476,0.005544028244912624,-1.1323483128873179e-05,0.0,-0.0,-0.0,-0.0,-1.1323483128873179e-05,0.0,0.0,0,
std005,0,KL001,6684926c7289bd8432a31af5074bd32b85fff20f3961f66edf76fb6119b4b60b,142,710,0,0.03174297884106636,-0.1097421795129776,-0.30054011940956116,-0.0009453606311170237,0.0,-0.0,-0.0,-0.0,-0.0009453606311170237,0.0,0.0,1,66.99714660644531
std005,0,KL002,6684926c7289bd8432a31af5074bd32b85fff20f3961f66edf76fb6119b4b60b,142,710,0,0.010655555874109268,-0.09805676341056824,0.20442825555801392,-1.77887746211901e-05,0.0,-0.0,-0.0,-0.0,-1.77887746211901e-05,0.0,0.0,0,
std005,0,KL003,6684926c7289bd8432a31af5074bd32b85fff20f3961f66edf76fb6119b4b60b,142,710,0,0.08800282329320908,-0.04300583899021149,0.34654319286346436,-0.0009155670339602536,0.0,-0.0,-0.0,-0.0,-0.0009155670339602536,0.0,0.0,0,
std005,0,KL004,6684926c7289bd8432a31af5074bd32b85fff20f3961f66edf76fb6119b4b60b,142,710,0,0.04697520285844803,-0.09000168740749359,-0.06800799816846848,-6.343715939991255e-05,0.0,-0.0,-0.0,-0.0,-6.343715939991255e-05,0.0,0.0,1,34.947044372558594
std005,0,KL005,6684926c7289bd8432a31af5074bd32b85fff20f3961f66edf76fb6119b4b60b,142,710,0,-0.011193428188562393,-0.11291676759719849,0.18154944479465485,-1.8463717476821626e-05,0.0,-0.0,-0.0,-0.0,-1.8463717476821626e-05,0.0,0.0,0,
std005,0,KL006,6684926c7289bd8432a31af5074bd32b85fff20f3961f66edf76fb6119b4b60b,142,710,0,0.01403985358774662,-0.02355063147842884,0.048210375010967255,-0.0004344740488199911,0.0,-0.0,-0.0,-0.0,-0.0004344740488199911,0.0,0.0,1,66.99714660644531
std005,0,KL008,6684926c7289bd8432a31af5074bd32b85fff20f3961f66edf76fb6119b4b60b,142,710,0,-0.015774354338645935,-0.020498771220445633,0.09350689500570297,-0.00024637073132213354,0.0,-0.0,-0.0,-0.0,-0.00024637073132213354,0.0,0.0,1,34.947044372558594
std005,0,KL009,6684926c7289bd8432a31af5074bd32b85fff20f3961f66edf76fb6119b4b60b,142,710,0,0.005864303559064865,-0.13434776663780212,0.010552472434937954,-9.981976274666259e-06,0.0,-0.0,-0.0,-0.0,-9.981976274666259e-06,0.0,0.0,0,
std005,0,KL001,6684926c7289bd8432a31af5074bd32b85fff20f3961f66edf76fb6119b4b60b,143,715,0,0.0314696803689003,-0.10959027707576752,-0.3085663914680481,-0.000962298651771677,0.0,-0.0,-0.0,-0.0,-0.000962298651771677,0.0,0.0,1,62.031394958496094
std005,0,KL002,6684926c7289bd8432a31af5074bd32b85fff20f3961f66edf76fb6119b4b60b,143,715,0,0.010266708210110664,-0.09808895736932755,0.20901843905448914,-1.71513034442324e-05,0.0,-0.0,-0.0,-0.0,-1.71513034442324e-05,0.0,0.0,0,
std005,0,KL003,6684926c7289bd8432a31af5074bd32b85fff20f3961f66edf76fb6119b4b60b,143,715,0,0.08750342577695847,-0.04267038404941559,0.34563496708869934,-0.0009209346446220503,0.0,-0.0,-0.0,-0.0,-0.0009209346446220503,0.0,0.0,0,
std005,0,KL004,6684926c7289bd8432a31af5074bd32b85fff20f3961f66edf76fb6119b4b60b,143,715,0,0.04683314263820648,-0.08986055850982666,-0.06401533633470535,-6.607924207709299e-05,0.0,-0.0,-0.0,-0.0,-6.607924207709299e-05,0.0,0.0,1,30.088165283203125
std005,0,KL005,6684926c7289bd8432a31af5074bd32b85fff20f3961f66edf76fb6119b4b60b,143,715,0,-0.01143333874642849,-0.1128954216837883,0.17988775670528412,-1.8862920525785277e-05,0.0,-0.0,-0.0,-0.0,-1.8862920525785277e-05,0.0,0.0,0,
std005,0,KL006,6684926c7289bd8432a31af5074bd32b85fff20f3961f66edf76fb6119b4b60b,143,715,0,0.012525982223451138,-0.024234334006905556,0.05585167557001114,-0.00043380383454859805,0.0,-0.0,-0.0,-0.0,-0.00043380383454859805,0.0,0.0,1,62.031394958496094
std005,0,KL008,6684926c7289bd8432a31af5074bd32b85fff20f3961f66edf76fb6119b4b60b,143,715,0,-0.016806062310934067,-0.020375030115246773,0.09123488515615463,-0.00024757258772187474,0.0,-0.0,-0.0,-0.0,-0.00024757258772187474,0.0,0.0,1,30.088165283203125
std005,0,KL009,6684926c7289bd8432a31af5074bd32b85fff20f3961f66edf76fb6119b4b60b,143,715,0,0.005246100947260857,-0.13447603583335876,0.014405346475541592,-8.948338939818069e-06,0.0,-0.0,-0.0,-0.0,-8.948338939818069e-06,0.0,0.0,0,
std005,0,KL001,6684926c7289bd8432a31af5074bd32b85fff20f3961f66edf76fb6119b4b60b,144,720,0,0.03104287013411522,-0.10929864645004272,-0.3170625865459442,-0.0009798726273797997,0.0,-0.0,-0.0,-0.0,-0.0009798726273797997,0.0,0.0,1,57.05752182006836
std005,0,KL002,6684926c7289bd8432a31af5074bd32b85fff20f3961f66edf76fb6119b4b60b,144,720,0,0.009600011631846428,-0.09831804037094116,0.21517875790596008,-1.604906211385888e-05,0.0,-0.0,-0.0,-0.0,-1.604906211385888e-05,0.0,0.0,0,
std005,0,KL003,6684926c7289bd8432a31af5074bd32b85fff20f3961f66edf76fb6119b4b60b,144,720,0,0.08706235140562057,-0.04210009425878525,0.3457047939300537,-0.0009262966011202974,0.0,-0.0,-0.0,-0.0,-0.0009262966011202974,0.0,0.0,0,
std005,0,KL004,6684926c7289bd8432a31af5074bd32b85fff20f3961f66edf76fb6119b4b60b,144,720,0,0.04638437181711197,-0.08994115889072418,-0.053303785622119904,-6.928481633261557e-05,0.0,-0.0,-0.0,-0.0,-6.928481633261557e-05,0.0,0.0,1,25.055418014526367
std005,0,KL005,6684926c7289bd8432a31af5074bd32b85fff20f3961f66edf76fb6119b4b60b,144,720,0,-0.011965597048401833,-0.1130685955286026,0.18013472855091095,-1.974477157119602e-05,0.0,-0.0,-0.0,-0.0,-1.974477157119602e-05,0.0,0.0,0,
std005,0,KL006,6684926c7289bd8432a31af5074bd32b85fff20f3961f66edf76fb6119b4b60b,144,720,0,0.01106285396963358,-0.025303659960627556,0.06278038769960403,-0.0004332061677251127,0.0,-0.0,-0.0,-0.0,-0.0004332061677251127,0.0,0.0,1,57.05752182006836
std005,0,KL008,6684926c7289bd8432a31af5074bd32b85fff20f3961f66edf76fb6119b4b60b,144,720,0,-0.01615331508219242,-0.018522415310144424,0.06099378317594528,-0.00025160502714039525,0.0,-0.0,-0.0,-0.0,-0.00025160502714039525,0.0,0.0,1,25.055418014526367
std005,0,KL009,6684926c7289bd8432a31af5074bd32b85fff20f3961f66edf76fb6119b4b60b,144,720,0,0.004561044275760651,-0.13461007177829742,0.02146921306848526,-7.79766322815944e-06,0.0,-0.0,-0.0,-0.0,-7.79766322815944e-06,0.0,0.0,0,
std005,0,KL001,6684926c7289bd8432a31af5074bd32b85fff20f3961f66edf76fb6119b4b60b,145,725,0,0.03062250465154648,-0.10895869135856628,-0.32572510838508606,-0.0009978218615341236,0.0,-0.0,-0.0,-0.0,-0.0009978218615341236,0.0,0.0,1,52.0892219543457
std005,0,KL002,6684926c7289bd8432a31af5074bd32b85fff20f3961f66edf76fb6119b4b60b,145,725,0,0.00890895165503025,-0.09856318682432175,0.2214369922876358,-1.4905060937756716e-05,0.0,-0.0,-0.0,-0.0,-1.4905060937756716e-05,0.0,0.0,0,
std005,0,KL003,6684926c7289bd8432a31af5074bd32b85fff20f3961f66edf76fb6119b4b60b,145,725,0,0.08663495630025864,-0.041509516537189484,0.34584957361221313,-0.0009315498966457214,0.0,-0.0,-0.0,-0.0,-0.0009315498966457214,0.0,0.0,0,
std005,0,KL004,6684926c7289bd8432a31af5074bd32b85fff20f3961f66edf76fb6119b4b60b,145,725,0,0.04592864215373993,-0.09002824127674103,-0.04206634312868118,-7.255607691527499e-05,0.0,-0.0,-0.0,-0.0,-7.255607691527499e-05,0.0,0.0,1,20.0672550201416
std005,0,KL005,6684926c7289bd8432a31af5074bd32b85fff20f3961f66edf76fb6119b4b60b,145,725,0,-0.012517957016825676,-0.11324054002761841,0.18061856925487518,-2.0660238968436743e-05,0.0,-0.0,-0.0,-0.0,-2.0660238968436743e-05,0.0,0.0,0,
std005,0,KL006,6684926c7289bd8432a31af5074bd32b85fff20f3961f66edf76fb6119b4b60b,145,725,0,0.009385849349200726,-0.026939449831843376,0.06953077763319016,-0.00043222101500409784,0.0,-0.0,-0.0,-0.0,-0.00043222101500409784,0.0,0.0,1,52.0892219543457
std005,0,KL008,6684926c7289bd8432a31af5074bd32b85fff20f3961f66edf76fb6119b4b60b,145,725,0,-0.01835143193602562,-0.017559701576828957,0.06132837384939194,-0.0002510155213508654,0.0,-0.0,-0.0,-0.0,-0.0002510155213508654,0.0,0.0,1,20.0672550201416
std005,0,KL009,6684926c7289bd8432a31af5074bd32b85fff20f3961f66edf76fb6119b4b60b,145,725,0,0.014652527868747711,-0.10873212665319443,0.08875315636396408,-2.5114113061233065e-05,0.0,-0.0,-0.0,-0.0,-2.5114113061233065e-05,0.0,0.0,0,
std005,0,KL001,6684926c7289bd8432a31af5074bd32b85fff20f3961f66edf76fb6119b4b60b,146,730,0,0.030089139938354492,-0.10870559513568878,-0.3343927562236786,-0.0010163561590812566,0.0,-0.0,-0.0,-0.0,-0.0010163561590812566,0.0,0.0,1,47.11362838745117
std005,0,KL002,6684926c7289bd8432a31af5074bd32b85fff20f3961f66edf76fb6119b4b60b,146,730,0,0.009193837642669678,-0.09898582100868225,0.22477638721466064,-1.539400756259242e-05,0.0,-0.0,-0.0,-0.0,-1.539400756259242e-05,0.0,0.0,0,
std005,0,KL003,6684926c7289bd8432a31af5074bd32b85fff20f3961f66edf76fb6119b4b60b,146,730,0,0.08618053048849106,-0.040861330926418304,0.34768176078796387,-0.0009365958414338949,0.0,-0.0,-0.0,-0.0,-0.0009365958414338949,0.0,0.0,0,
std005,0,KL004,6684926c7289bd8432a31af5074bd32b85fff20f3961f66edf76fb6119b4b60b,146,730,0,0.04550515115261078,-0.09001749753952026,-0.033619292080402374,-7.583101462112549e-05,0.0,-0.0,-0.0,-0.0,-7.583101462112549e-05,0.0,0.0,1,15.01165771484375
std005,0,KL005,6684926c7289bd8432a31af5074bd32b85fff20f3961f66edf76fb6119b4b60b,146,730,0,-0.013077465817332268,-0.11328789591789246,0.18154019117355347,-2.1587976861024405e-05,0.0,-0.0,-0.0,-0.0,-2.1587976861024405e-05,0.0,0.0,0,
std005,0,KL006,6684926c7289bd8432a31af5074bd32b85fff20f3961f66edf76fb6119b4b60b,146,730,0,0.007902003824710846,-0.02783050574362278,0.0762358233332634,-0.00043154863655304505,0.0,-0.0,-0.0,-0.0,-0.00043154863655304505,0.0,0.0,1,47.11362838745117
std005,0,KL008,6684926c7289bd8432a31af5074bd32b85fff20f3961f66edf76fb6119b4b60b,146,730,0,-0.019528016448020935,-0.017027786001563072,0.05943404883146286,-0.0002521813811395353,0.0,-0.0,-0.0,-0.0,-0.0002521813811395353,0.0,0.0,1,15.01165771484375
std005,0,KL009,6684926c7289bd8432a31af5074bd32b85fff20f3961f66edf76fb6119b4b60b,146,730,0,0.014340217225253582,-0.10786957293748856,0.09685755521059036,-2.4648829824261323e-05,0.0,-0.0,-0.0,-0.0,-2.4648829824261323e-05,0.0,0.0,0,
std005,0,KL001,6684926c7289bd8432a31af5074bd32b85fff20f3961f66edf76fb6119b4b60b,147,735,0,0.02965099923312664,-0.10837225615978241,-0.3425998389720917,-0.001035139504875466,0.0,-0.0,-0.0,-0.0,-0.001035139504875466,0.0,0.0,1,42.14580154418945
std005,0,KL002,6684926c7289bd8432a31af5074bd32b85fff20f3961f66edf76fb6119b4b60b,147,735,0,0.00835641473531723,-0.09922218322753906,0.231284037232399,-1.4003712614481407e-05,0.0,-0.0,-0.0,-0.0,-1.4003712614481407e-05,0.0,0.0,0,
std005,0,KL003,6684926c7289bd8432a31af5074bd32b85fff20f3961f66edf76fb6119b4b60b,147,735,0,0.08577080816030502,-0.04027792811393738,0.34776654839515686,-0.0009415174215382041,0.0,-0.0,-0.0,-0.0,-0.0009415174215382041,0.0,0.0,0,
std005,0,KL004,6684926c7289bd8432a31af5074bd32b85fff20f3961f66edf76fb6119b4b60b,147,735,0,0.04496494680643082,-0.09001407772302628,-0.02323702722787857,-7.935681878846727e-05,0.0,-0.0,-0.0,-0.0,-7.935681878846727e-05,0.0,0.0,1,9.988428115844727
std005,0,KL005,6684926c7289bd8432a31af5074bd32b85fff20f3961f66edf76fb6119b4b60b,147,735,0,-0.013569863513112068,-0.11347469687461853,0.18194730579853058,-2.240539894208415e-05,0.0,-0.0,-0.0,-0.0,-2.240539894208415e-05,0.0,0.0,0,
std005,0,KL006,6684926c7289bd8432a31af5074bd32b85fff20f3961f66edf76fb6119b4b60b,147,735,0,0.00610851775854826,-0.029127920046448708,0.08290626853704453,-0.00043028155605058765,0.0,-0.0,-0.0,-0.0,-0.00043028155605058765,0.0,0.0,1,42.14580154418945
std005,0,KL008,6684926c7289bd8432a31af5074bd32b85fff20f3961f66edf76fb6119b4b60b,147,735,0,-0.02126241847872734,-0.01625075750052929,0.05937071889638901,-0.00025250587382376707,0.0,-0.0,-0.0,-0.0,-0.00025250587382376707,0.0,0.0,1,9.988428115844727
std005,0,KL009,6684926c7289bd8432a31af5074bd32b85fff20f3961f66edf76fb6119b4b60b,147,735,0,0.013615882955491543,-0.10788530856370926,0.1034032329916954,-2.347820131375311e-05,0.0,-0.0,-0.0,-0.0,-2.347820131375311e-05,0.0,0.0,0,
std005,0,KL001,6684926c7289bd8432a31af5074bd32b85fff20f3961f66edf76fb6119b4b60b,148,740,0,0.029200727120041847,-0.10805083811283112,-0.35041165351867676,-0.0010543732892029588,0.0,-0.0,-0.0,-0.0,-0.0010543732892029588,0.0,0.0,1,37.16656494140625
std005,0,KL002,6684926c7289bd8432a31af5074bd32b85fff20f3961f66edf76fb6119b4b60b,148,740,0,0.007488403469324112,-0.09942683577537537,0.23796309530735016,-1.256039136329099e-05,0.0,-0.0,-0.0,-0.0,-1.256039136329099e-05,0.0,0.0,0,
std005,0,KL003,6684926c7289bd8432a31af5074bd32b85fff20f3961f66edf76fb6119b4b60b,148,740,0,0.0577264130115509,-0.07246179133653641,0.2942159175872803,-0.0009008570335382887,0.0,-0.0,-0.0,-0.0,-0.0009008570335382887,0.0,0.0,0,
std005,0,KL004,6684926c7289bd8432a31af5074bd32b85fff20f3961f66edf76fb6119b4b60b,148,740,0,0.04439235478639603,-0.09011751413345337,-0.014136114157736301,-0.9457807880162783,0.0,-0.9456977940944832,-0.0,-0.0,-8.299392179511589e-05,1.0,1.0,1,4.965695381164551
std005,0,KL005,6684926c7289bd8432a31af5074bd32b85fff20f3961f66edf76fb6119b4b60b,148,740,0,-0.014075668528676033,-0.11367437243461609,0.18236763775348663,-2.3245432494006064e-05,0.0,-0.0,-0.0,-0.0,-2.3245432494006064e-05,0.0,0.0,0,
std005,0,KL006,6684926c7289bd8432a31af5074bd32b85fff20f3961f66edf76fb6119b4b60b,148,740,0,0.004499391652643681,-0.030232800170779228,0.0875299796462059,-0.00042929570289325364,0.0,-0.0,-0.0,-0.0,-0.00042929570289325364,0.0,0.0,1,37.16656494140625
std005,0,KL008,6684926c7289bd8432a31af5074bd32b85fff20f3961f66edf76fb6119b4b60b,148,740,0,-0.023020638152956963,-0.015432139858603477,0.059911660850048065,-0.9459506665102547,0.0,-0.9456977940944832,-0.0,-0.0,-0.0002528724157715434,1.0,1.0,1,4.965695381164551
std005,0,KL009,6684926c7289bd8432a31af5074bd32b85fff20f3961f66edf76fb6119b4b60b,148,740,0,0.012735436670482159,-0.10777729004621506,0.11013101786375046,-2.203844638809317e-05,0.0,-0.0,-0.0,-0.0,-2.203844638809317e-05,0.0,0.0,0,
std005,0,KL001,6684926c7289bd8432a31af5074bd32b85fff20f3961f66edf76fb6119b4b60b,149,745,0,0.028669606894254684,-0.1072658896446228,-0.35837432742118835,-0.001074189986287978,0.0,-0.0,-0.0,-0.0,-0.001074189986287978,0.0,0.0,1,32.19132614135742
std005,0,KL002,6684926c7289bd8432a31af5074bd32b85fff20f3961f66edf76fb6119b4b60b,149,745,0,0.014506159350275993,-0.08607819676399231,0.2991773188114166,-2.4354810492706834e-05,0.0,-0.0,-0.0,-0.0,-2.4354810492706834e-05,0.0,0.0,0,
std005,0,KL003,6684926c7289bd8432a31af5074bd32b85fff20f3961f66edf76fb6119b4b60b,149,745,0,0.058681733906269073,-0.07064113765954971,0.2978481948375702,-0.0009096017810305789,0.0,-0.0,-0.0,-0.0,-0.0009096017810305789,0.0,0.0,0,
std005,0,KL004,6684926c7289bd8432a31af5074bd32b85fff20f3961f66edf76fb6119b4b60b,149,745,0,0.04380828142166138,-0.08997896313667297,-0.007955887354910374,-4.728575679943146,0.0,-4.728488970472416,-0.0,-0.0,-8.670947073063928e-05,5.0,0.0,1,0.0
std005,0,KL005,6684926c7289bd8432a31af5074bd32b85fff20f3961f66edf76fb6119b4b60b,149,745,0,-0.014608368277549744,-0.1142234280705452,0.1831754893064499,-2.4130380290051786e-05,0.0,-0.0,-0.0,-0.0,-2.4130380290051786e-05,0.0,0.0,0,
std005,0,KL006,6684926c7289bd8432a31af5074bd32b85fff20f3961f66edf76fb6119b4b60b,149,745,0,0.0034874873235821724,-0.03125356137752533,0.08985769003629684,-0.0004291123923437694,0.0,-0.0,-0.0,-0.0,-0.0004291123923437694,0.0,0.0,1,32.19132614135742
std005,0,KL008,6684926c7289bd8432a31af5074bd32b85fff20f3961f66edf76fb6119b4b60b,149,745,0,-0.02460470236837864,-0.0148670244961977,0.06284546107053757,-4.728742579828055,0.0,-4.728488970472416,-0.0,-0.0,-0.00025360935563956133,5.0,0.0,1,0.0
std005,0,KL009,6684926c7289bd8432a31af5074bd32b85fff20f3961f66edf76fb6119b4b60b,149,745,0,0.028799869120121002,-0.1014496460556984,0.17263518273830414,-5.0038217234216304e-05,0.0,-0.0,-0.0,-0.0,-5.0038217234216304e-05,0.0,0.0,0,
std005,0,KL001,6684926c7289bd8432a31af5074bd32b85fff20f3961f66edf76fb6119b4b60b,150,750,0,0.028090013191103935,-0.106979601085186,-0.3670826256275177,-0.001094552564232265,0.0,-0.0,-0.0,-0.0,-0.001094552564232265,0.0,0.0,1,27.224775314331055
std005,0,KL002,6684926c7289bd8432a31af5074bd32b85fff20f3961f66edf76fb6119b4b60b,150,750,0,0.01601606421172619,-0.08773969858884811,0.2984484136104584,-2.6917489583167182e-05,0.0,-0.0,-0.0,-0.0,-2.6917489583167182e-05,0.0,0.0,0,
std005,0,KL003,6684926c7289bd8432a31af5074bd32b85fff20f3961f66edf76fb6119b4b60b,150,750,0,0.057951800525188446,-0.06975344568490982,0.2998262941837311,-0.0009155169266052234,0.0,-0.0,-0.0,-0.0,-0.0009155169266052234,0.0,0.0,0,
std005,0,KL004,6684926c7289bd8432a31af5074bd32b85fff20f3961f66edf76fb6119b4b60b,150,750,0,0.04287680238485336,-0.09012829512357712,-0.0027254901360720396,-4.728580025510894,0.0,-4.728488970472416,-0.0,-0.0,-9.105503847806062e-05,5.0,0.0,1,0.0
std005,0,KL005,6684926c7289bd8432a31af5074bd32b85fff20f3961f66edf76fb6119b4b60b,150,750,0,-0.014971563592553139,-0.11421056091785431,0.18454618752002716,-2.4735818774509736e-05,0.0,-0.0,-0.0,-0.0,-2.4735818774509736e-05,0.0,0.0,0,
std005,0,KL006,6684926c7289bd8432a31af5074bd32b85fff20f3961f66edf76fb6119b4b60b,150,750,0,0.0023099584504961967,-0.03182929754257202,0.0916982963681221,-0.0004275863010151249,0.0,-0.0,-0.0,-0.0,-0.0004275863010151249,0.0,0.0,1,27.224775314331055
std005,0,KL008,6684926c7289bd8432a31af5074bd32b85fff20f3961f66edf76fb6119b4b60b,150,750,0,-0.02596256509423256,-0.013994617387652397,0.06935685127973557,-4.728743774627055,0.0,-4.728488970472416,-0.0,-0.0,-0.00025480415463885464,5.0,0.0,1,0.0
std005,0,KL009,6684926c7289bd8432a31af5074bd32b85fff20f3961f66edf76fb6119b4b60b,150,750,0,0.027777986600995064,-0.10015404224395752,0.1799342781305313,-4.848573866289806e-05,0.0,-0.0,-0.0,-0.0,-4.848573866289806e-05,0.0,0.0,0,
std005,0,KL001,6684926c7289bd8432a31af5074bd32b85fff20f3961f66edf76fb6119b4b60b,151,755,0,0.02763170562684536,-0.10660939663648605,-0.374221533536911,-0.0011152062671265922,0.0,-0.0,-0.0,-0.0,-0.0011152062671265922,0.0,0.0,1,22.242372512817383
std005,0,KL002,6684926c7289bd8432a31af5074bd32b85fff20f3961f66edf76fb6119b4b60b,151,755,0,0.014663297683000565,-0.08739309012889862,0.3057357966899872,-2.4671065470462295e-05,0.0,-0.0,-0.0,-0.0,-2.4671065470462295e-05,0.0,0.0,0,
std005,0,KL003,6684926c7289bd8432a31af5074bd32b85fff20f3961f66edf76fb6119b4b60b,151,755,0,0.057305000722408295,-0.06907208263874054,0.2997185289859772,-0.0009213901927565837,0.0,-0.0,-0.0,-0.0,-0.0009213901927565837,0.0,0.0,0,
std005,0,KL004,6684926c7289bd8432a31af5074bd32b85fff20f3961f66edf76fb6119b4b60b,151,755,0,0.04211866110563278,-0.0904388427734375,0.007760277949273586,-4.72858413780765,0.0,-4.728488970472416,-0.0,-0.0,-9.516733523451393e-05,5.0,0.0,1,0.0
std005,0,KL005,6684926c7289bd8432a31af5074bd32b85fff20f3961f66edf76fb6119b4b60b,151,755,0,0.006227261386811733,-0.09300050139427185,0.24834121763706207,-1.0291092154519044e-05,0.0,-0.0,-0.0,-0.0,-1.0291092154519044e-05,0.0,0.0,0,
std005,0,KL006,6684926c7289bd8432a31af5074bd32b85fff20f3961f66edf76fb6119b4b60b,151,755,0,-8.768122643232346e-05,-0.03293604403734207,0.09572374075651169,-0.00041938628935753755,0.0,-0.0,-0.0,-0.0,-0.00041938628935753755,0.0,0.0,1,22.242372512817383
std005,0,KL008,6684926c7289bd8432a31af5074bd32b85fff20f3961f66edf76fb6119b4b60b,151,755,0,-0.027931680902838707,-0.012814931571483612,0.0798068568110466,-4.7287440535673015,0.0,-4.728488970472416,-0.0,-0.0,-0.0002550830948857552,5.0,0.0,1,0.0
std005,0,KL009,6684926c7289bd8432a31af5074bd32b85fff20f3961f66edf76fb6119b4b60b,151,755,0,0.02787805162370205,-0.10086970776319504,0.18526123464107513,-4.891906197697054e-05,0.0,-0.0,-0.0,-0.0,-4.891906197697054e-05,0.0,0.0,0,
std005,0,KL001,6684926c7289bd8432a31af5074bd32b85fff20f3961f66edf76fb6119b4b60b,152,760,0,0.027114227414131165,-0.10642364621162415,-0.3816860616207123,-0.0011364987638872329,0.0,-0.0,-0.0,-0.0,-0.0011364987638872329,0.0,0.0,1,17.207191467285156
std005,0,KL002,6684926c7289bd8432a31af5074bd32b85fff20f3961f66edf76fb6119b4b60b,152,760,0,-0.008424568921327591,-0.0848069041967392,0.3037378191947937,-1.419098631584157e-05,0.0,-0.0,-0.0,-0.0,-1.419098631584157e-05,0.0,0.0,0,
std005,0,KL003,6684926c7289bd8432a31af5074bd32b85fff20f3961f66edf76fb6119b4b60b,152,760,0,0.06688619405031204,-0.07179474085569382,0.2694139778614044,-0.0009438120794275752,0.0,-0.0,-0.0,-0.0,-0.0009438120794275752,0.0,0.0,0,
std005,0,KL004,6684926c7289bd8432a31af5074bd32b85fff20f3961f66edf76fb6119b4b60b,152,760,0,0.0425136536359787,-0.08981582522392273,0.010446063242852688,-4.728586424189552,0.0,-4.728488970472416,-0.0,-0.0,-9.745371713609785e-05,5.0,0.0,1,0.0
std005,0,KL005,6684926c7289bd8432a31af5074bd32b85fff20f3961f66edf76fb6119b4b60b,152,760,0,0.0061803823336958885,-0.09443458914756775,0.23499606549739838,-1.021614876244528e-05,0.0,-0.0,-0.0,-0.0,-1.021614876244528e-05,0.0,0.0,0,
std005,0,KL006,6684926c7289bd8432a31af5074bd32b85fff20f3961f66edf76fb6119b4b60b,152,760,0,-0.006341869011521339,-0.03484758734703064,0.1081535741686821,-0.000313516608017113,0.0,-0.0,-0.0,-0.0,-0.000313516608017113,0.0,0.0,1,17.207191467285156
std005,0,KL008,6684926c7289bd8432a31af5074bd32b85fff20f3961f66edf76fb6119b4b60b,152,760,0,-0.029902273789048195,-0.011384809389710426,0.10103067010641098,-4.728744426560971,0.0,-4.728488970472416,-0.0,-0.0,-0.0002554560885554835,5.0,0.0,1,0.0
std005,0,KL009,6684926c7289bd8432a31af5074bd32b85fff20f3961f66edf76fb6119b4b60b,152,760,0,0.026923365890979767,-0.10041115432977676,0.19073353707790375,-4.753628667770654e-05,0.0,-0.0,-0.0,-0.0,-4.753628667770654e-05,0.0,0.0,0,
std005,0,KL001,6684926c7289bd8432a31af5074bd32b85fff20f3961f66edf76fb6119b4b60b,153,765,0,0.02607543207705021,-0.10595492273569107,-0.3829849064350128,-0.0011592278994378606,0.0,-0.0,-0.0,-0.0,-0.0011592278994378606,0.0,0.0,1,11.736868858337402
std005,0,KL002,6684926c7289bd8432a31af5074bd32b85fff20f3961f66edf76fb6119b4b60b,153,765,0,-0.006112873554229736,-0.07812199741601944,0.3430492579936981,-1.0310063197357622e-05,0.0,-0.0,-0.0,-0.0,-1.0310063197357622e-05,0.0,0.0,0,
std005,0,KL003,6684926c7289bd8432a31af5074bd32b85fff20f3961f66edf76fb6119b4b60b,153,765,0,0.06511731445789337,-0.07135424017906189,0.26552847027778625,-0.0009460743651846668,0.0,-0.0,-0.0,-0.0,-0.0009460743651846668,0.0,0.0,0,
std005,0,KL004,6684926c7289bd8432a31af5074bd32b85fff20f3961f66edf76fb6119b4b60b,153,765,0,0.043281808495521545,-0.09136976301670074,0.01964768022298813,-4.728588215460905,0.0,-4.728488970472416,-0.0,-0.0,-9.924498848956631e-05,5.0,0.0,1,0.0
std005,0,KL005,6684926c7289bd8432a31af5074bd32b85fff20f3961f66edf76fb6119b4b60b,153,765,0,0.004951407201588154,-0.09484847635030746,0.24044354259967804,-8.186747439697277e-06,0.0,-0.0,-0.0,-0.0,-8.186747439697277e-06,0.0,0.0,0,
std005,0,KL006,6684926c7289bd8432a31af5074bd32b85fff20f3961f66edf76fb6119b4b60b,153,765,0,-0.024374576285481453,-0.019893983379006386,0.11605647951364517,-0.00028576374705006235,0.0,-0.0,-0.0,-0.0,-0.00028576374705006235,0.0,0.0,1,11.736868858337402
std005,0,KL008,6684926c7289bd8432a31af5074bd32b85fff20f3961f66edf76fb6119b4b60b,153,765,0,-0.02014656737446785,-0.011793378740549088,0.11794470995664597,-4.7287641623164545,0.0,-4.728488970472416,-0.0,-0.0,-0.00027519184403868024,5.0,0.0,1,0.0
std005,0,KL009,6684926c7289bd8432a31af5074bd32b85fff20f3961f66edf76fb6119b4b60b,153,765,0,0.021653912961483,-0.08803500235080719,0.2712603509426117,-3.8513189380766916e-05,0.0,-0.0,-0.0,-0.0,-3.8513189380766916e-05,0.0,0.0,0,
std005,0,KL001,6684926c7289bd8432a31af5074bd32b85fff20f3961f66edf76fb6119b4b60b,154,770,0,0.002290959469974041,-0.09305866062641144,-0.22461247444152832,-0.0012197310669488906,0.0,-0.0,-0.0,-0.0,-0.0012197310669488906,0.0,0.0,1,6.680725574493408
std005,0,KL002,6684926c7289bd8432a31af5074bd32b85fff20f3961f66edf76fb6119b4b60b,154,770,0,-0.008386918343603611,-0.07649379223585129,0.3573518395423889,-1.416488321115174e-05,0.0,-0.0,-0.0,-0.0,-1.416488321115174e-05,0.0,0.0,0,
std005,0,KL003,6684926c7289bd8432a31af5074bd32b85fff20f3961f66edf76fb6119b4b60b,154,770,0,0.06455922871828079,-0.07053471356630325,0.2648206651210785,-0.0009499258972426363,0.0,-0.0,-0.0,-0.0,-0.0009499258972426363,0.0,0.0,0,
std005,0,KL004,6684926c7289bd8432a31af5074bd32b85fff20f3961f66edf76fb6119b4b60b,154,770,0,0.0428689569234848,-0.09169869124889374,0.027600787580013275,-4.728592078362257,0.0,-4.728488970472416,-0.0,-0.0,-0.00010310788984124741,5.0,0.0,1,0.0
std005,0,KL005,6684926c7289bd8432a31af5074bd32b85fff20f3961f66edf76fb6119b4b60b,154,770,0,0.004647449590265751,-0.09531213343143463,0.24329157173633575,-7.686201452462986e-06,0.0,-0.0,-0.0,-0.0,-7.686201452462986e-06,0.0,0.0,0,
std005,0,KL006,6684926c7289bd8432a31af5074bd32b85fff20f3961f66edf76fb6119b4b60b,154,770,0,-0.023429593071341515,-0.01999702863395214,0.11615335196256638,-0.00029462409520616484,0.0,-0.0,-0.0,-0.0,-0.00029462409520616484,0.0,0.0,1,6.680725574493408
std005,0,KL008,6684926c7289bd8432a31af5074bd32b85fff20f3961f66edf76fb6119b4b60b,154,770,0,-0.019718479365110397,-0.011389553546905518,0.1212475374341011,-4.728768576681872,0.0,-4.728488970472416,-0.0,-0.0,-0.0002796062094558849,5.0,0.0,1,0.0
std005,0,KL009,6684926c7289bd8432a31af5074bd32b85fff20f3961f66edf76fb6119b4b60b,154,770,0,0.024324215948581696,-0.09357702732086182,0.26890575885772705,-4.364112098705016e-05,0.0,-0.0,-0.0,-0.0,-4.364112098705016e-05,0.0,0.0,0,
std005,0,KL001,6684926c7289bd8432a31af5074bd32b85fff20f3961f66edf76fb6119b4b60b,155,775,0,0.00013369787484407425,-0.09051414579153061,-0.22138455510139465,-3.784032492936344,0.0,-3.7827911763779327,-0.0,-0.0,-0.0012413165584113095,4.0,1.0,1,1.772102952003479
std005,0,KL002,6684926c7289bd8432a31af5074bd32b85fff20f3961f66edf76fb6119b4b60b,155,775,0,-0.008345576003193855,-0.07743164151906967,0.36144280433654785,-1.4115843910166823e-05,0.0,-0.0,-0.0,-0.0,-1.4115843910166823e-05,0.0,0.0,0,
std005,0,KL003,6684926c7289bd8432a31af5074bd32b85fff20f3961f66edf76fb6119b4b60b,155,775,0,0.06379897892475128,-0.06967445462942123,0.2657574713230133,-0.0009527611518631667,0.0,-0.0,-0.0,-0.0,-0.0009527611518631667,0.0,0.0,0,
std005,0,KL004,6684926c7289bd8432a31af5074bd32b85fff20f3961f66edf76fb6119b4b60b,155,775,0,0.04284512251615524,-0.09215839207172394,0.039712123572826385,-4.728595396974284,0.0,-4.728488970472416,-0.0,-0.0,-0.00010642650186820646,5.0,0.0,1,0.0
std005,0,KL005,6684926c7289bd8432a31af5074bd32b85fff20f3961f66edf76fb6119b4b60b,155,775,0,0.004357906058430672,-0.09534617513418198,0.2459300011396408,-7.2092974723587e-06,0.0,-0.0,-0.0,-0.0,-7.2092974723587e-06,0.0,0.0,0,
std005,0,KL006,6684926c7289bd8432a31af5074bd32b85fff20f3961f66edf76fb6119b4b60b,155,775,0,-0.020513910800218582,-0.023037651553750038,0.10214673727750778,-3.7829252766201957,0.0,-3.7827911763779327,-0.0,-0.0,-0.00013410024226301331,4.0,1.0,1,1.772102952003479
std005,0,KL008,6684926c7289bd8432a31af5074bd32b85fff20f3961f66edf76fb6119b4b60b,155,775,0,-0.020699497312307358,-0.011154450476169586,0.13043393194675446,-4.728770758646478,0.0,-4.728488970472416,-0.0,-0.0,-0.0002817881740622141,5.0,0.0,1,0.0
std005,0,KL009,6684926c7289bd8432a31af5074bd32b85fff20f3961f66edf76fb6119b4b60b,155,775,1,0.022899439558386803,-0.09207147359848022,0.276701420545578,37.41712228622661,37.41716380974046,-0.0,-0.0,-0.0,-4.1523513850449945e-05,0.0,0.0,0,
std005,0,KL001,6684926c7289bd8432a31af5074bd32b85fff20f3961f66edf76fb6119b4b60b,156,780,0,0.00023613939993083477,-0.07670751214027405,-0.22742542624473572,-4.7297479375528155,0.0,-4.728488970472416,-0.0,-0.0,-0.0012589670803997421,5.0,0.0,1,0.0
std005,0,KL002,6684926c7289bd8432a31af5074bd32b85fff20f3961f66edf76fb6119b4b60b,156,780,0,0.021077800542116165,-0.0768379271030426,0.35962504148483276,-3.5637211506568645e-05,0.0,-0.0,-0.0,-0.0,-3.5637211506568645e-05,0.0,0.0,0,
std005,0,KL003,6684926c7289bd8432a31af5074bd32b85fff20f3961f66edf76fb6119b4b60b,156,780,0,0.10965307801961899,-0.07815688103437424,0.2898641526699066,-0.0010311990719150592,0.0,-0.0,-0.0,-0.0,-0.0010311990719150592,0.0,0.0,0,
std005,0,KL004,6684926c7289bd8432a31af5074bd32b85fff20f3961f66edf76fb6119b4b60b,156,780,0,0.06433536857366562,-0.11990015208721161,-0.07342598587274551,-4.7285636489488425,0.0,-4.728488970472416,-0.0,-0.0,-7.467847642672609e-05,5.0,0.0,1,0.0
std005,0,KL005,6684926c7289bd8432a31af5074bd32b85fff20f3961f66edf76fb6119b4b60b,156,780,0,0.05746865272521973,-0.09235215187072754,0.3749922215938568,-9.491261164599395e-05,0.0,-0.0,-0.0,-0.0,-9.491261164599395e-05,0.0,0.0,0,
std005,0,KL006,6684926c7289bd8432a31af5074bd32b85fff20f3961f66edf76fb6119b4b60b,156,780,0,0.02932261861860752,-0.02425408735871315,0.0743124857544899,-4.728537384850994,0.0,-4.728488970472416,-0.0,-0.0,-4.841437857816544e-05,5.0,0.0,1,0.0
std005,0,KL008,6684926c7289bd8432a31af5074bd32b85fff20f3961f66edf76fb6119b4b60b,156,780,0,0.04359821975231171,0.004687001928687096,0.10767628997564316,-4.728880025810094,0.0,-4.728488970472416,-0.0,-0.0,-0.0003910553376780257,5.0,0.0,1,0.0
std005,0,KL001,6684926c7289bd8432a31af5074bd32b85fff20f3961f66edf76fb6119b4b60b,157,785,0,-0.0033005899749696255,-0.07372093200683594,-0.22868885099887848,-4.729771836437508,0.0,-4.728488970472416,-0.0,-0.0,-0.0012828659650923058,5.0,0.0,1,0.0
std005,0,KL002,6684926c7289bd8432a31af5074bd32b85fff20f3961f66edf76fb6119b4b60b,157,785,0,0.019866883754730225,-0.07808864861726761,0.34711503982543945,-3.371509797902214e-05,0.0,-0.0,-0.0,-0.0,-3.371509797902214e-05,0.0,0.0,0,
std005,0,KL003,6684926c7289bd8432a31af5074bd32b85fff20f3961f66edf76fb6119b4b60b,157,785,0,0.10893519967794418,-0.0774480476975441,0.2944680154323578,-0.0010242619444913203,0.0,-0.0,-0.0,-0.0,-0.0010242619444913203,0.0,0.0,0,
std005,0,KL004,6684926c7289bd8432a31af5074bd32b85fff20f3961f66edf76fb6119b4b60b,157,785,0,0.06648791581392288,-0.12149704992771149,-0.1306377649307251,-0.9457736278523959,0.0,-0.9456977940944832,-0.0,-0.0,-7.58337579127577e-05,1.0,0.0,1,0.0
std005,0,KL005,6684926c7289bd8432a31af5074bd32b85fff20f3961f66edf76fb6119b4b60b,157,785,0,0.05562478303909302,-0.08280932158231735,0.29831793904304504,-9.207098035086944e-05,0.0,-0.0,-0.0,-0.0,-9.207098035086944e-05,0.0,0.0,0,
std005,0,KL006,6684926c7289bd8432a31af5074bd32b85fff20f3961f66edf76fb6119b4b60b,157,785,0,0.034006647765636444,-0.02583540417253971,0.09725543111562729,-4.728544910528663,0.0,-4.728488970472416,-0.0,-0.0,-5.594005624764975e-05,5.0,0.0,1,0.0
std005,0,KL008,6684926c7289bd8432a31af5074bd32b85fff20f3961f66edf76fb6119b4b60b,157,785,0,0.04304289072751999,0.011901255697011948,0.13909600675106049,-0.9460916838752048,0.0,-0.9456977940944832,-0.0,-0.0,-0.0003938897807216346,1.0,0.0,1,0.0
std005,0,KL001,6684926c7289bd8432a31af5074bd32b85fff20f3961f66edf76fb6119b4b60b,158,790,0,-0.003768579103052616,-0.07367652654647827,-0.22727526724338531,-4.729789972607376,0.0,-4.728488970472416,-0.0,-0.0,-0.0013010021349604273,5.0,0.0,1,0.0
std005,0,KL002,6684926c7289bd8432a31af5074bd32b85fff20f3961f66edf76fb6119b4b60b,158,790,0,0.01948392391204834,-0.07801143079996109,0.35245370864868164,-3.3127433254919344e-05,0.0,-0.0,-0.0,-0.0,-3.3127433254919344e-05,0.0,0.0,0,
std005,0,KL003,6684926c7289bd8432a31af5074bd32b85fff20f3961f66edf76fb6119b4b60b,158,790,0,0.10896160453557968,-0.07739142328500748,0.29448404908180237,-0.0010150990201483008,0.0,-0.0,-0.0,-0.0,-0.0010150990201483008,0.0,0.0,0,
std005,0,KL004,6684926c7289bd8432a31af5074bd32b85fff20f3961f66edf76fb6119b4b60b,158,790,0,0.07620438188314438,-0.11991959065198898,0.11343146115541458,-6.493166095374943e-05,0.0,-0.0,-0.0,-0.0,-6.493166095374943e-05,0.0,0.0,0,
std005,0,KL005,6684926c7289bd8432a31af5074bd32b85fff20f3961f66edf76fb6119b4b60b,158,790,0,0.0554344579577446,-0.08228769153356552,0.3039627969264984,-9.178404485083935e-05,0.0,-0.0,-0.0,-0.0,-9.178404485083935e-05,0.0,0.0,0,
std005,0,KL006,6684926c7289bd8432a31af5074bd32b85fff20f3961f66edf76fb6119b4b60b,158,790,0,0.03327584266662598,-0.024845832958817482,0.10297628492116928,-4.728543716576294,0.0,-4.728488970472416,-0.0,-0.0,-5.4746103877789665e-05,5.0,0.0,1,0.0
std005,0,KL008,6684926c7289bd8432a31af5074bd32b85fff20f3961f66edf76fb6119b4b60b,158,790,0,0.052227117121219635,0.0058696698397397995,0.3765551447868347,-0.00041239045397795375,0.0,-0.0,-0.0,-0.0,-0.00041239045397795375,0.0,0.0,0,
std005,0,KL001,6684926c7289bd8432a31af5074bd32b85fff20f3961f66edf76fb6119b4b60b,159,795,0,-0.004354436416178942,-0.07394295930862427,-0.22790439426898956,-4.729808237762527,0.0,-4.728488970472416,-0.0,-0.0,-0.0013192672901114477,5.0,0.0,1,0.0
std005,0,KL002,6684926c7289bd8432a31af5074bd32b85fff20f3961f66edf76fb6119b4b60b,159,795,0,0.018830303102731705,-0.07801707088947296,0.35573065280914307,-3.208198747948654e-05,0.0,-0.0,-0.0,-0.0,-3.208198747948654e-05,0.0,0.0,0,
std005,0,KL003,6684926c7289bd8432a31af5074bd32b85fff20f3961f66edf76fb6119b4b60b,159,795,0,0.10951349884271622,-0.07732704281806946,0.2943532168865204,-0.0010028548383057352,0.0,-0.0,-0.0,-0.0,-0.0010028548383057352,0.0,0.0,0,
std005,0,KL004,6684926c7289bd8432a31af5074bd32b85fff20f3961f66edf76fb6119b4b60b,159,795,0,0.07646182924509048,-0.12023121118545532,0.12008721381425858,-7.028204045731945e-05,0.0,-0.0,-0.0,-0.0,-7.028204045731945e-05,0.0,0.0,0,
std005,0,KL005,6684926c7289bd8432a31af5074bd32b85fff20f3961f66edf76fb6119b4b60b,159,795,0,0.05494885891675949,-0.08201850205659866,0.30635660886764526,-9.100891719372857e-05,0.0,-0.0,-0.0,-0.0,-9.100891719372857e-05,0.0,0.0,0,
std005,0,KL006,6684926c7289bd8432a31af5074bd32b85fff20f3961f66edf76fb6119b4b60b,159,795,0,0.033299900591373444,-0.02388828806579113,0.11058437079191208,-4.728543764569151,0.0,-4.728488970472416,-0.0,-0.0,-5.479409673547764e-05,5.0,0.0,1,0.0
std005,0,KL008,6684926c7289bd8432a31af5074bd32b85fff20f3961f66edf76fb6119b4b60b,159,795,0,0.05140496790409088,0.0070169847458601,0.38695889711380005,-0.00041441862001712147,0.0,-0.0,-0.0,-0.0,-0.00041441862001712147,0.0,0.0,0,
std005,0,KL001,6684926c7289bd8432a31af5074bd32b85fff20f3961f66edf76fb6119b4b60b,160,800,0,-0.004777931608259678,-0.07438559830188751,-0.22576864063739777,-4.729825976237792,0.0,-4.728488970472416,-0.0,-0.0,-0.001337005765376098,5.0,0.0,1,0.0
std005,0,KL002,6684926c7289bd8432a31af5074bd32b85fff20f3961f66edf76fb6119b4b60b,160,800,0,0.01880752667784691,-0.07773229479789734,0.36041003465652466,-3.2115509251893496e-05,0.0,-0.0,-0.0,-0.0,-3.2115509251893496e-05,0.0,0.0,0,
std005,0,KL003,6684926c7289bd8432a31af5074bd32b85fff20f3961f66edf76fb6119b4b60b,160,800,0,0.1102408841252327,-0.07713387161493301,0.29308611154556274,-0.0009852500973574628,0.0,-0.0,-0.0,-0.0,-0.0009852500973574628,0.0,0.0,0,
std005,0,KL004,6684926c7289bd8432a31af5074bd32b85fff20f3961f66edf76fb6119b4b60b,160,800,0,0.07620822638273239,-0.12013992667198181,0.13960252702236176,-7.674618980002864e-05,0.0,-0.0,-0.0,-0.0,-7.674618980002864e-05,0.0,0.0,0,
std005,0,KL005,6684926c7289bd8432a31af5074bd32b85fff20f3961f66edf76fb6119b4b60b,160,800,0,0.05490519851446152,-0.08153370767831802,0.314574271440506,-9.096650505134133e-05,0.0,-0.0,-0.0,-0.0,-9.096650505134133e-05,0.0,0.0,0,
std005,0,KL006,6684926c7289bd8432a31af5074bd32b85fff20f3961f66edf76fb6119b4b60b,160,800,0,0.03289578855037689,-0.0232649315148592,0.11638947576284409,-4.728543108154335,0.0,-4.728488970472416,-0.0,-0.0,-5.413768191964152e-05,5.0,0.0,1,0.0
std005,0,KL008,6684926c7289bd8432a31af5074bd32b85fff20f3961f66edf76fb6119b4b60b,160,800,0,0.05081900954246521,0.00722576305270195,0.3952261209487915,-0.0004169104595367632,0.0,-0.0,-0.0,-0.0,-0.0004169104595367632,0.0,0.0,0,
std005,0,KL001,6684926c7289bd8432a31af5074bd32b85fff20f3961f66edf76fb6119b4b60b,161,805,0,-0.005212950520217419,-0.07488768547773361,-0.2232726663351059,-4.729843229312329,0.0,-4.728488970472416,-0.0,-0.0,-0.0013542588399131361,5.0,0.0,1,0.0
std005,0,KL002,6684926c7289bd8432a31af5074bd32b85fff20f3961f66edf76fb6119b4b60b,161,805,0,0.018742870539426804,-0.07747472077608109,0.36522582173347473,-3.208475004309618e-05,0.0,-0.0,-0.0,-0.0,-3.208475004309618e-05,0.0,0.0,0,
std005,0,KL003,6684926c7289bd8432a31af5074bd32b85fff20f3961f66edf76fb6119b4b60b,161,805,0,0.1111585944890976,-0.07692496478557587,0.2922331690788269,-0.0009595467367205211,0.0,-0.0,-0.0,-0.0,-0.0009595467367205211,0.0,0.0,0,
std005,0,KL004,6684926c7289bd8432a31af5074bd32b85fff20f3961f66edf76fb6119b4b60b,161,805,0,0.07589792460203171,-0.12001129239797592,0.1589588075876236,-8.357177667709861e-05,0.0,-0.0,-0.0,-0.0,-8.357177667709861e-05,0.0,0.0,0,
std005,0,KL005,6684926c7289bd8432a31af5074bd32b85fff20f3961f66edf76fb6119b4b60b,161,805,0,0.05495774745941162,-0.08107241243124008,0.3239312767982483,-9.108464932406345e-05,0.0,-0.0,-0.0,-0.0,-9.108464932406345e-05,0.0,0.0,0,
std005,0,KL006,6684926c7289bd8432a31af5074bd32b85fff20f3961f66edf76fb6119b4b60b,161,805,0,0.0325443372130394,-0.022645169869065285,0.12237489968538284,-4.728542538438673,0.0,-4.728488970472416,-0.0,-0.0,-5.3567966257439537e-05,5.0,0.0,1,0.0
std005,0,KL008,6684926c7289bd8432a31af5074bd32b85fff20f3961f66edf76fb6119b4b60b,161,805,0,0.05017823725938797,0.007439889013767242,0.40337005257606506,-0.0004193875128514544,0.0,-0.0,-0.0,-0.0,-0.0004193875128514544,0.0,0.0,0,
std005,0,KL001,6684926c7289bd8432a31af5074bd32b85fff20f3961f66edf76fb6119b4b60b,162,810,0,-0.0056440080516040325,-0.07547636330127716,-0.22039580345153809,-4.7298590356195325,0.0,-4.728488970472416,-0.0,-0.0,-0.0013700651471166836,5.0,0.0,1,0.0
std005,0,KL002,6684926c7289bd8432a31af5074bd32b85fff20f3961f66edf76fb6119b4b60b,162,810,0,0.018622247502207756,-0.07723647356033325,0.3703329861164093,-3.1966155367377206e-05,0.0,-0.0,-0.0,-0.0,-3.1966155367377206e-05,0.0,0.0,0,
std005,0,KL003,6684926c7289bd8432a31af5074bd32b85fff20f3961f66edf76fb6119b4b60b,162,810,0,0.11232180148363113,-0.07672009617090225,0.2916707396507263,-0.0009203722636095341,0.0,-0.0,-0.0,-0.0,-0.0009203722636095341,0.0,0.0,0,
std005,0,KL004,6684926c7289bd8432a31af5074bd32b85fff20f3961f66edf76fb6119b4b60b,162,810,0,0.07556446641683578,-0.1198585033416748,0.17789053916931152,-9.072325992010777e-05,0.0,-0.0,-0.0,-0.0,-9.072325992010777e-05,0.0,0.0,0,
std005,0,KL005,6684926c7289bd8432a31af5074bd32b85fff20f3961f66edf76fb6119b4b60b,162,810,0,0.055114611983299255,-0.08062020689249039,0.33456090092658997,-9.137698553143416e-05,0.0,-0.0,-0.0,-0.0,-9.137698553143416e-05,0.0,0.0,0,
std005,0,KL006,6684926c7289bd8432a31af5074bd32b85fff20f3961f66edf76fb6119b4b60b,162,810,0,0.03222036361694336,-0.021960576996207237,0.12857559323310852,-4.728542014002628,0.0,-4.728488970472416,-0.0,-0.0,-5.304353021262642e-05,5.0,0.0,1,0.0
std005,0,KL008,6684926c7289bd8432a31af5074bd32b85fff20f3961f66edf76fb6119b4b60b,162,810,0,0.049483686685562134,0.00765313021838665,0.41125237941741943,-0.0004218545307654378,0.0,-0.0,-0.0,-0.0,-0.0004218545307654378,0.0,0.0,0,
std005,0,KL001,6684926c7289bd8432a31af5074bd32b85fff20f3961f66edf76fb6119b4b60b,163,815,0,-0.0060950652696192265,-0.07615423947572708,-0.21773138642311096,-4.729865756272745,0.0,-4.728488970472416,-0.0,-0.0,-0.0013767858003292943,5.0,0.0,1,0.0
std005,0,KL002,6684926c7289bd8432a31af5074bd32b85fff20f3961f66edf76fb6119b4b60b,163,815,0,0.01840740628540516,-0.07704611122608185,0.37585392594337463,-3.169444041481318e-05,0.0,-0.0,-0.0,-0.0,-3.169444041481318e-05,0.0,0.0,0,
std005,0,KL003,6684926c7289bd8432a31af5074bd32b85fff20f3961f66edf76fb6119b4b60b,163,815,0,0.1138063296675682,-0.07633621245622635,0.2918546497821808,-0.000854721028330781,0.0,-0.0,-0.0,-0.0,-0.000854721028330781,0.0,0.0,0,
std005,0,KL004,6684926c7289bd8432a31af5074bd32b85fff20f3961f66edf76fb6119b4b60b,163,815,0,0.07523179799318314,-0.11965766549110413,0.1961735188961029,-9.81858676919017e-05,0.0,-0.0,-0.0,-0.0,-9.81858676919017e-05,0.0,0.0,0,
std005,0,KL005,6684926c7289bd8432a31af5074bd32b85fff20f3961f66edf76fb6119b4b60b,163,815,0,0.05520554631948471,-0.08028984814882278,0.3478066623210907,-9.156145858115939e-05,0.0,-0.0,-0.0,-0.0,-9.156145858115939e-05,0.0,0.0,0,
std005,0,KL006,6684926c7289bd8432a31af5074bd32b85fff20f3961f66edf76fb6119b4b60b,163,815,0,0.03196673095226288,-0.021163737401366234,0.13501231372356415,-4.728541605455723,0.0,-4.728488970472416,-0.0,-0.0,-5.263498330698724e-05,5.0,0.0,1,0.0
std005,0,KL008,6684926c7289bd8432a31af5074bd32b85fff20f3961f66edf76fb6119b4b60b,163,815,0,0.0391053780913353,0.005572738125920296,0.41771283745765686,-0.00040848396801403954,0.0,-0.0,-0.0,-0.0,-0.00040848396801403954,0.0,0.0,0,
std005,0,KL001,6684926c7289bd8432a31af5074bd32b85fff20f3961f66edf76fb6119b4b60b,164,820,0,-0.01691114716231823,-0.06609966605901718,-0.24554400146007538,-4.7296804293521095,0.0,-4.728488970472416,-0.0,-0.0,-0.0011914588796937409,5.0,0.0,1,0.0
std005,0,KL002,6684926c7289bd8432a31af5074bd32b85fff20f3961f66edf76fb6119b4b60b,164,820,0,0.01804814673960209,-0.07696747779846191,0.3821678161621094,-3.118287653881866e-05,0.0,-0.0,-0.0,-0.0,-3.118287653881866e-05,0.0,0.0,0,
std005,0,KL003,6684926c7289bd8432a31af5074bd32b85fff20f3961f66edf76fb6119b4b60b,164,820,0,0.11559183895587921,-0.07564850151538849,0.2923509180545807,-0.0007190075019374246,0.0,-0.0,-0.0,-0.0,-0.0007190075019374246,0.0,0.0,0,
std005,0,KL004,6684926c7289bd8432a31af5074bd32b85fff20f3961f66edf76fb6119b4b60b,164,820,0,0.07476771622896194,-0.11930032074451447,0.2138821929693222,-0.00010620566643330058,0.0,-0.0,-0.0,-0.0,-0.00010620566643330058,0.0,0.0,0,
std005,0,KL005,6684926c7289bd8432a31af5074bd32b85fff20f3961f66edf76fb6119b4b60b,164,820,0,0.05506780743598938,-0.08024304360151291,0.36518529057502747,-9.136797238435876e-05,0.0,-0.0,-0.0,-0.0,-9.136797238435876e-05,0.0,0.0,0,
std005,0,KL006,6684926c7289bd8432a31af5074bd32b85fff20f3961f66edf76fb6119b4b60b,164,820,0,0.03159693628549576,-0.02024954743683338,0.146895170211792,-4.728541005723651,0.0,-4.728488970472416,-0.0,-0.0,-5.203525123498309e-05,5.0,0.0,1,0.0
std005,0,KL008,6684926c7289bd8432a31af5074bd32b85fff20f3961f66edf76fb6119b4b60b,164,820,0,0.09262774139642715,-0.02381197176873684,0.3515565097332001,-0.0005001915888760273,0.0,-0.0,-0.0,-0.0,-0.0005001915888760273,0.0,0.0,0,
std005,0,KL001,6684926c7289bd8432a31af5074bd32b85fff20f3961f66edf76fb6119b4b60b,165,825,0,-0.011990845203399658,-0.0801694244146347,-0.2990916669368744,-4.729493258616794,0.0,-4.728488970472416,-0.0,-0.0,-0.0010042881443785845,5.0,0.0,1,0.0
std005,0,KL002,6684926c7289bd8432a31af5074bd32b85fff20f3961f66edf76fb6119b4b60b,165,825,0,0.017417604103684425,-0.07761816680431366,0.39211130142211914,-3.02104011223795e-05,0.0,-0.0,-0.0,-0.0,-3.02104011223795e-05,0.0,0.0,0,
std005,0,KL003,6684926c7289bd8432a31af5074bd32b85fff20f3961f66edf76fb6119b4b60b,165,825,0,0.12027131766080856,-0.07357700169086456,0.27312347292900085,-0.0005404234544790751,0.0,-0.0,-0.0,-0.0,-0.0005404234544790751,0.0,0.0,0,
std005,0,KL004,6684926c7289bd8432a31af5074bd32b85fff20f3961f66edf76fb6119b4b60b,165,825,0,0.06294479221105576,-0.1201351135969162,0.2924950420856476,-0.00013317071971842654,0.0,-0.0,-0.0,-0.0,-0.00013317071971842654,0.0,0.0,0,
std005,0,KL005,6684926c7289bd8432a31af5074bd32b85fff20f3961f66edf76fb6119b4b60b,165,825,0,0.05367901176214218,-0.08152931928634644,0.38688597083091736,-8.909919928221509e-05,0.0,-0.0,-0.0,-0.0,-8.909919928221509e-05,0.0,0.0,0,
std005,0,KL006,6684926c7289bd8432a31af5074bd32b85fff20f3961f66edf76fb6119b4b60b,165,825,0,0.03479158133268356,-0.014263009652495384,0.16102448105812073,-4.72854627719571,0.0,-4.728488970472416,-0.0,-0.0,-5.730672329384845e-05,5.0,0.0,1,0.0
std005,0,KL008,6684926c7289bd8432a31af5074bd32b85fff20f3961f66edf76fb6119b4b60b,165,825,0,0.09220471233129501,-0.023322423920035362,0.3478128910064697,-0.0005030252256114561,0.0,-0.0,-0.0,-0.0,-0.0005030252256114561,0.0,0.0,0,
std005,0,KL001,6684926c7289bd8432a31af5074bd32b85fff20f3961f66edf76fb6119b4b60b,166,830,0,-0.0014998400583863258,-0.09566667675971985,-0.3350284695625305,-4.729303606790213,0.0,-4.728488970472416,-0.0,-0.0,-0.0008146363177976568,5.0,0.0,1,0.0
std005,0,KL002,6684926c7289bd8432a31af5074bd32b85fff20f3961f66edf76fb6119b4b60b,166,830,0,0.01640419103205204,-0.07899455726146698,0.40144839882850647,-2.8578382022585617e-05,0.0,-0.0,-0.0,-0.0,-2.8578382022585617e-05,0.0,0.0,0,
std005,0,KL003,6684926c7289bd8432a31af5074bd32b85fff20f3961f66edf76fb6119b4b60b,166,830,0,0.11881759017705917,-0.06680725514888763,0.2362346202135086,-0.0003585622313740901,0.0,-0.0,-0.0,-0.0,-0.0003585622313740901,0.0,0.0,0,
std005,0,KL004,6684926c7289bd8432a31af5074bd32b85fff20f3961f66edf76fb6119b4b60b,166,830,0,0.06383638828992844,-0.12007838487625122,0.3000967502593994,-0.00013877563229208696,0.0,-0.0,-0.0,-0.0,-0.00013877563229208696,0.0,0.0,0,
std005,0,KL005,6684926c7289bd8432a31af5074bd32b85fff20f3961f66edf76fb6119b4b60b,166,830,0,0.03627895563840866,-0.1062236875295639,0.3742189407348633,-6.024247640568208e-05,0.0,-0.0,-0.0,-0.0,-6.024247640568208e-05,0.0,0.0,0,
std005,0,KL006,6684926c7289bd8432a31af5074bd32b85fff20f3961f66edf76fb6119b4b60b,166,830,0,0.036699190735816956,-0.009133944287896156,0.15302757918834686,-4.7285494306989575,0.0,-4.728488970472416,-0.0,-0.0,-6.0460226541714235e-05,5.0,0.0,1,0.0
std005,0,KL008,6684926c7289bd8432a31af5074bd32b85fff20f3961f66edf76fb6119b4b60b,166,830,0,0.09155165404081345,-0.022278500720858574,0.34316736459732056,-0.0005052397047617045,0.0,-0.0,-0.0,-0.0,-0.0005052397047617045,0.0,0.0,0,
std005,0,KL001,6684926c7289bd8432a31af5074bd32b85fff20f3961f66edf76fb6119b4b60b,167,835,0,0.006396379321813583,-0.10618487000465393,-0.5646188259124756,-4.729110877898009,0.0,-4.728488970472416,-0.0,-0.0,-0.0006219074255930934,5.0,0.0,2,0.0
std005,0,KL002,6684926c7289bd8432a31af5074bd32b85fff20f3961f66edf76fb6119b4b60b,167,835,0,0.0002227388322353363,-0.10338419675827026,0.4174152612686157,-3.902112473543495e-07,0.0,-0.0,-0.0,-0.0,-3.902112473543495e-07,0.0,0.0,0,
std005,0,KL003,6684926c7289bd8432a31af5074bd32b85fff20f3961f66edf76fb6119b4b60b,167,835,0,0.13071022927761078,-0.031048504635691643,0.19343118369579315,-0.000217423735096557,0.0,-0.0,-0.0,-0.0,-0.000217423735096557,0.0,0.0,0,
std005,0,KL004,6684926c7289bd8432a31af5074bd32b85fff20f3961f66edf76fb6119b4b60b,167,835,0,0.0647377148270607,-0.12047484517097473,0.3044778108596802,-0.00014486710017916522,0.0,-0.0,-0.0,-0.0,-0.00014486710017916522,0.0,0.0,0,
std005,0,KL005,6684926c7289bd8432a31af5074bd32b85fff20f3961f66edf76fb6119b4b60b,167,835,0,0.03332258015871048,-0.1063264012336731,0.3917750120162964,-5.5356336067858285e-05,0.0,-0.0,-0.0,-0.0,-5.5356336067858285e-05,0.0,0.0,0,
std005,0,KL006,6684926c7289bd8432a31af5074bd32b85fff20f3961f66edf76fb6119b4b60b,167,835,0,0.03841325640678406,-0.005629582330584526,0.1489928811788559,-4.728552266878716,0.0,-4.728488970472416,-0.0,-0.0,-6.329640630031719e-05,5.0,0.0,1,0.0
std005,0,KL008,6684926c7289bd8432a31af5074bd32b85fff20f3961f66edf76fb6119b4b60b,167,835,0,0.088718943297863,-0.016687141731381416,0.19100914895534515,-0.0005039270408319128,0.0,-0.0,-0.0,-0.0,-0.0005039270408319128,0.0,0.0,1,139.94100952148438
std005,0,KL001,6684926c7289bd8432a31af5074bd32b85fff20f3961f66edf76fb6119b4b60b,168,840,0,0.016533900052309036,-0.1159026250243187,-0.6058347225189209,-4.728914501993039,0.0,-4.728488970472416,-0.0,-0.0,-0.0004255315206229682,5.0,0.0,2,0.0
std005,0,KL002,6684926c7289bd8432a31af5074bd32b85fff20f3961f66edf76fb6119b4b60b,168,840,0,-0.002986311912536621,-0.10379712283611298,0.42277780175209045,-5.258786841879056e-06,0.0,-0.0,-0.0,-0.0,-5.258786841879056e-06,0.0,0.0,0,
std005,0,KL003,6684926c7289bd8432a31af5074bd32b85fff20f3961f66edf76fb6119b4b60b,168,840,0,0.11672864109277725,-0.03056800737977028,0.1455521434545517,-0.00019351075341860128,0.0,-0.0,-0.0,-0.0,-0.00019351075341860128,0.0,0.0,0,
std005,0,KL004,6684926c7289bd8432a31af5074bd32b85fff20f3961f66edf76fb6119b4b60b,168,840,0,0.06551774591207504,-0.1213376596570015,0.30946579575538635,-0.0001517240559314664,0.0,-0.0,-0.0,-0.0,-0.0001517240559314664,0.0,0.0,0,
std005,0,KL005,6684926c7289bd8432a31af5074bd32b85fff20f3961f66edf76fb6119b4b60b,168,840,0,0.03041687048971653,-0.10670644789934158,0.4021896421909332,-5.055117221144216e-05,0.0,-0.0,-0.0,-0.0,-5.055117221144216e-05,0.0,0.0,0,
std005,0,KL006,6684926c7289bd8432a31af5074bd32b85fff20f3961f66edf76fb6119b4b60b,168,840,0,0.03913535922765732,-0.00367937795817852,0.16903774440288544,-4.7285534697449005,0.0,-4.728488970472416,-0.0,-0.0,-6.449927248475262e-05,5.0,0.0,1,0.0
std005,0,KL008,6684926c7289bd8432a31af5074bd32b85fff20f3961f66edf76fb6119b4b60b,168,840,0,0.08905667811632156,-0.009779850021004677,0.14212992787361145,-0.000507918477331101,0.0,-0.0,-0.0,-0.0,-0.000507918477331101,0.0,0.0,1,122.03648376464844
std005,0,KL001,6684926c7289bd8432a31af5074bd32b85fff20f3961f66edf76fb6119b4b60b,169,845,0,0.024907732382416725,-0.1214304268360138,-0.644233763217926,-4.728713976698469,0.0,-4.728488970472416,-0.0,-0.0,-0.0002250062260529262,5.0,0.0,2,0.0
std005,0,KL002,6684926c7289bd8432a31af5074bd32b85fff20f3961f66edf76fb6119b4b60b,169,845,0,-0.004679827019572258,-0.1040746420621872,0.4236655533313751,-8.297225906617022e-06,0.0,-0.0,-0.0,-0.0,-8.297225906617022e-06,0.0,0.0,0,
std005,0,KL003,6684926c7289bd8432a31af5074bd32b85fff20f3961f66edf76fb6119b4b60b,169,845,0,0.11492639034986496,-0.03147711232304573,0.14211736619472504,-0.00019059942492155485,0.0,-0.0,-0.0,-0.0,-0.00019059942492155485,0.0,0.0,0,
std005,0,KL004,6684926c7289bd8432a31af5074bd32b85fff20f3961f66edf76fb6119b4b60b,169,845,0,0.06479194760322571,-0.12342391908168793,0.3144615590572357,-0.0001616751737988903,0.0,-0.0,-0.0,-0.0,-0.0001616751737988903,0.0,0.0,0,
std005,0,KL005,6684926c7289bd8432a31af5074bd32b85fff20f3961f66edf76fb6119b4b60b,169,845,0,0.029332445934414864,-0.1062973365187645,0.4068739414215088,-4.877087622001619e-05,0.0,-0.0,-0.0,-0.0,-4.877087622001619e-05,0.0,0.0,0,
std005,0,KL006,6684926c7289bd8432a31af5074bd32b85fff20f3961f66edf76fb6119b4b60b,169,845,0,0.039969220757484436,-0.0025088507682085037,0.18231426179409027,-4.728554857734921,0.0,-4.728488970472416,-0.0,-0.0,-6.588726250544852e-05,5.0,0.0,1,0.0
std005,0,KL008,6684926c7289bd8432a31af5074bd32b85fff20f3961f66edf76fb6119b4b60b,169,845,0,0.08294646441936493,-0.008086178451776505,0.13962247967720032,-0.0005013511354933519,0.0,-0.0,-0.0,-0.0,-0.0005013511354933519,0.0,0.0,1,112.08917236328125
std005,0,KL001,6684926c7289bd8432a31af5074bd32b85fff20f3961f66edf76fb6119b4b60b,170,850,0,0.03537806123495102,-0.1295449584722519,-0.8426684141159058,-1.8914335365678736,0.0,-1.8913955881889664,-0.0,-0.0,-3.794837890724878e-05,2.0,0.0,2,0.0
std005,0,KL002,6684926c7289bd8432a31af5074bd32b85fff20f3961f66edf76fb6119b4b60b,170,850,0,-0.0012529883533716202,-0.10098123550415039,0.4078785479068756,-2.23930263583588e-06,0.0,-0.0,-0.0,-0.0,-2.23930263583588e-06,0.0,0.0,0,
std005,0,KL003,6684926c7289bd8432a31af5074bd32b85fff20f3961f66edf76fb6119b4b60b,170,850,0,0.11304224282503128,-0.0320846289396286,0.14027376472949982,-0.00018755293085427347,0.0,-0.0,-0.0,-0.0,-0.00018755293085427347,0.0,0.0,0,
std005,0,KL004,6684926c7289bd8432a31af5074bd32b85fff20f3961f66edf76fb6119b4b60b,170,850,0,0.06364814192056656,-0.13444507122039795,0.2567315101623535,-0.00017286124208582693,0.0,-0.0,-0.0,-0.0,-0.00017286124208582693,0.0,0.0,0,
std005,0,KL005,6684926c7289bd8432a31af5074bd32b85fff20f3961f66edf76fb6119b4b60b,170,850,0,0.03250481188297272,-0.10393232107162476,0.3900010585784912,-5.407089809716391e-05,0.0,-0.0,-0.0,-0.0,-5.407089809716391e-05,0.0,0.0,0,
std005,0,KL006,6684926c7289bd8432a31af5074bd32b85fff20f3961f66edf76fb6119b4b60b,170,850,0,0.040551960468292236,-0.0017634909600019455,0.19112476706504822,-1.8914624503955142,0.0,-1.8913955881889664,-0.0,-0.0,-6.686220654783526e-05,2.0,0.0,1,0.0
std005,0,KL008,6684926c7289bd8432a31af5074bd32b85fff20f3961f66edf76fb6119b4b60b,170,850,0,0.08102770894765854,-0.005779005587100983,0.16321896016597748,-0.0005018285591302744,0.0,-0.0,-0.0,-0.0,-0.0005018285591302744,0.0,0.0,1,106.98207092285156
std005,0,KL001,6684926c7289bd8432a31af5074bd32b85fff20f3961f66edf76fb6119b4b60b,171,855,0,0.0783098042011261,-0.12121553719043732,-0.5414720177650452,-3.366704955691748e-05,0.0,-0.0,-0.0,-0.0,-3.366704955691748e-05,0.0,0.0,1,106.00801086425781
std005,0,KL002,6684926c7289bd8432a31af5074bd32b85fff20f3961f66edf76fb6119b4b60b,171,855,0,0.0006459681317210197,-0.09940525144338608,0.39810553193092346,-1.1662383234760214e-06,0.0,-0.0,-0.0,-0.0,-1.1662383234760214e-06,0.0,0.0,0,
std005,0,KL003,6684926c7289bd8432a31af5074bd32b85fff20f3961f66edf76fb6119b4b60b,171,855,0,0.11094371229410172,-0.03287166357040405,0.1398540586233139,-0.00018415120426281022,0.0,-0.0,-0.0,-0.0,-0.00018415120426281022,0.0,0.0,0,
std005,0,KL004,6684926c7289bd8432a31af5074bd32b85fff20f3961f66edf76fb6119b4b60b,171,855,0,0.054897427558898926,-0.14164264500141144,0.18008245527744293,-0.00019706894193587628,0.0,-0.0,-0.0,-0.0,-0.00019706894193587628,0.0,0.0,0,
std005,0,KL005,6684926c7289bd8432a31af5074bd32b85fff20f3961f66edf76fb6119b4b60b,171,855,0,0.03580369055271149,-0.10180068761110306,0.37087562680244446,-5.958774476275515e-05,0.0,-0.0,-0.0,-0.0,-5.958774476275515e-05,0.0,0.0,0,
std005,0,KL006,6684926c7289bd8432a31af5074bd32b85fff20f3961f66edf76fb6119b4b60b,171,855,0,0.05556635558605194,-0.007317213341593742,0.4130195379257202,-9.163722066210758e-05,0.0,-0.0,-0.0,-0.0,-9.163722066210758e-05,0.0,0.0,0,
std005,0,KL008,6684926c7289bd8432a31af5074bd32b85fff20f3961f66edf76fb6119b4b60b,171,855,0,0.07803574949502945,-0.004372255876660347,0.19691796600818634,-0.0005006290590013045,0.0,-0.0,-0.0,-0.0,-0.0005006290590013045,0.0,0.0,1,106.00801086425781
std005,0,KL001,6684926c7289bd8432a31af5074bd32b85fff20f3961f66edf76fb6119b4b60b,172,860,0,0.0803670734167099,-0.11992058157920837,-0.5157738327980042,-2.2890562539374853e-05,0.0,-0.0,-0.0,-0.0,-2.2890562539374853e-05,0.0,0.0,1,103.61848449707031
std005,0,KL002,6684926c7289bd8432a31af5074bd32b85fff20f3961f66edf76fb6119b4b60b,172,860,1,0.00028664059937000275,-0.09965785592794418,0.39659175276756287,37.41716332237575,37.41716380974046,-0.0,-0.0,-0.0,-4.873647085901212e-07,0.0,0.0,0,
std005,0,KL003,6684926c7289bd8432a31af5074bd32b85fff20f3961f66edf76fb6119b4b60b,172,860,0,0.10915406048297882,-0.03308814764022827,0.14076896011829376,-0.00018126268387207967,0.0,-0.0,-0.0,-0.0,-0.00018126268387207967,0.0,0.0,0,
std005,0,KL004,6684926c7289bd8432a31af5074bd32b85fff20f3961f66edf76fb6119b4b60b,172,860,0,0.05628644675016403,-0.141915962100029,0.18537893891334534,-0.00020433526317011421,0.0,-0.0,-0.0,-0.0,-0.00020433526317011421,0.0,0.0,0,
std005,0,KL005,6684926c7289bd8432a31af5074bd32b85fff20f3961f66edf76fb6119b4b60b,172,860,0,0.03547404706478119,-0.10185058414936066,0.37221604585647583,-5.906957866372236e-05,0.0,-0.0,-0.0,-0.0,-5.906957866372236e-05,0.0,0.0,0,
std005,0,KL006,6684926c7289bd8432a31af5074bd32b85fff20f3961f66edf76fb6119b4b60b,172,860,0,0.05425252020359039,-0.0062625352293252945,0.4203905165195465,-8.949076637872278e-05,0.0,-0.0,-0.0,-0.0,-8.949076637872278e-05,0.0,0.0,0,
std005,0,KL008,6684926c7289bd8432a31af5074bd32b85fff20f3961f66edf76fb6119b4b60b,172,860,0,0.07597323507070541,-0.002793623134493828,0.21178142726421356,-0.000501069792143838,0.0,-0.0,-0.0,-0.0,-0.000501069792143838,0.0,0.0,1,103.61848449707031
std005,0,KL001,6684926c7289bd8432a31af5074bd32b85fff20f3961f66edf76fb6119b4b60b,173,865,0,0.10524607449769974,-0.12161023169755936,-0.453795462846756,-4.642005800485061e-05,0.0,-0.0,-0.0,-0.0,-4.642005800485061e-05,0.0,0.0,1,98.04057312011719
std005,0,KL003,6684926c7289bd8432a31af5074bd32b85fff20f3961f66edf76fb6119b4b60b,173,865,0,0.1303778737783432,-0.074878990650177,0.11403357237577438,-0.0002165922772618148,0.0,-0.0,-0.0,-0.0,-0.0002165922772618148,0.0,0.0,0,
std005,0,KL004,6684926c7289bd8432a31af5074bd32b85fff20f3961f66edf76fb6119b4b60b,173,865,0,0.07264173775911331,-0.13680024445056915,0.15918105840682983,-0.0001881735905869131,0.0,-0.0,-0.0,-0.0,-0.0001881735905869131,0.0,0.0,0,
std005,0,KL005,6684926c7289bd8432a31af5074bd32b85fff20f3961f66edf76fb6119b4b60b,173,865,0,0.07617779076099396,-0.09530939161777496,0.3120732605457306,-0.00012680048621619403,0.0,-0.0,-0.0,-0.0,-0.00012680048621619403,0.0,0.0,0,
std005,0,KL006,6684926c7289bd8432a31af5074bd32b85fff20f3961f66edf76fb6119b4b60b,173,865,0,0.08140497654676437,-0.02574787475168705,0.4417097270488739,-0.00013427551317202042,0.0,-0.0,-0.0,-0.0,-0.00013427551317202042,0.0,0.0,0,
std005,0,KL008,6684926c7289bd8432a31af5074bd32b85fff20f3961f66edf76fb6119b4b60b,173,865,0,0.10359589755535126,-0.01789611391723156,0.16550688445568085,-0.0005504232314370545,0.0,-0.0,-0.0,-0.0,-0.0005504232314370545,0.0,0.0,1,98.04057312011719
std005,0,KL001,6684926c7289bd8432a31af5074bd32b85fff20f3961f66edf76fb6119b4b60b,174,870,0,0.10607267171144485,-0.12089623510837555,-0.4258778393268585,-2.1202864572786584e-05,0.0,-0.0,-0.0,-0.0,-2.1202864572786584e-05,0.0,0.0,1,96.17078399658203
std005,0,KL003,6684926c7289bd8432a31af5074bd32b85fff20f3961f66edf76fb6119b4b60b,174,870,0,0.13353435695171356,-0.07428424805402756,0.13495086133480072,-0.00022193566135770445,0.0,-0.0,-0.0,-0.0,-0.00022193566135770445,0.0,0.0,0,
std005,0,KL004,6684926c7289bd8432a31af5074bd32b85fff20f3961f66edf76fb6119b4b60b,174,870,0,0.07279998064041138,-0.13722772896289825,0.1622946411371231,-0.00020224997209365985,0.0,-0.0,-0.0,-0.0,-0.00020224997209365985,0.0,0.0,0,
std005,0,KL005,6684926c7289bd8432a31af5074bd32b85fff20f3961f66edf76fb6119b4b60b,174,870,0,0.0755767971277237,-0.09734003245830536,0.3113318383693695,-0.0001259800663061358,0.0,-0.0,-0.0,-0.0,-0.0001259800663061358,0.0,0.0,0,
std005,0,KL006,6684926c7289bd8432a31af5074bd32b85fff20f3961f66edf76fb6119b4b60b,174,870,0,0.08118992298841476,-0.023927578702569008,0.44896796345710754,-0.000133982567940137,0.0,-0.0,-0.0,-0.0,-0.000133982567940137,0.0,0.0,0,
std005,0,KL008,6684926c7289bd8432a31af5074bd32b85fff20f3961f66edf76fb6119b4b60b,174,870,0,0.09645957499742508,-0.01982681266963482,0.2072797566652298,-0.0005421709440265037,0.0,-0.0,-0.0,-0.0,-0.0005421709440265037,0.0,0.0,1,96.17078399658203
std005,0,KL001,6684926c7289bd8432a31af5074bd32b85fff20f3961f66edf76fb6119b4b60b,175,875,0,0.10572294145822525,-0.12071505188941956,-0.41594162583351135,-1.18863812298805e-05,0.0,-0.0,-0.0,-0.0,-1.18863812298805e-05,0.0,0.0,1,89.45071411132812
std005,0,KL003,6684926c7289bd8432a31af5074bd32b85fff20f3961f66edf76fb6119b4b60b,175,875,0,0.1327626258134842,-0.07422099262475967,0.13543428480625153,-0.00022075865057177987,0.0,-0.0,-0.0,-0.0,-0.00022075865057177987,0.0,0.0,0,
std005,0,KL004,6684926c7289bd8432a31af5074bd32b85fff20f3961f66edf76fb6119b4b60b,175,875,0,0.07228215783834457,-0.1368926614522934,0.16607166826725006,-0.00021910309462098643,0.0,-0.0,-0.0,-0.0,-0.00021910309462098643,0.0,0.0,0,
std005,0,KL005,6684926c7289bd8432a31af5074bd32b85fff20f3961f66edf76fb6119b4b60b,175,875,0,0.07491658627986908,-0.09705618023872375,0.3118980824947357,-0.0001249536741063611,0.0,-0.0,-0.0,-0.0,-0.0001249536741063611,0.0,0.0,0,
std005,0,KL006,6684926c7289bd8432a31af5074bd32b85fff20f3961f66edf76fb6119b4b60b,175,875,0,0.08000145107507706,-0.023672742769122124,0.45522186160087585,-0.00013205298992917855,0.0,-0.0,-0.0,-0.0,-0.00013205298992917855,0.0,0.0,0,
std005,0,KL008,6684926c7289bd8432a31af5074bd32b85fff20f3961f66edf76fb6119b4b60b,175,875,0,0.09596598893404007,-0.017917202785611153,0.20509938895702362,-0.0005449821272471332,0.0,-0.0,-0.0,-0.0,-0.0005449821272471332,0.0,0.0,1,89.45071411132812
std005,0,KL001,6684926c7289bd8432a31af5074bd32b85fff20f3961f66edf76fb6119b4b60b,176,880,0,0.10520751029253006,-0.1205660030245781,-0.40451040863990784,-5.339288583002114e-05,0.0,-0.0,-0.0,-0.0,-5.339288583002114e-05,0.0,0.0,1,83.28028869628906
std005,0,KL003,6684926c7289bd8432a31af5074bd32b85fff20f3961f66edf76fb6119b4b60b,176,880,0,0.13204450905323029,-0.07412826269865036,0.13730917870998383,-0.00021967433555511752,0.0,-0.0,-0.0,-0.0,-0.00021967433555511752,0.0,0.0,0,
std005,0,KL004,6684926c7289bd8432a31af5074bd32b85fff20f3961f66edf76fb6119b4b60b,176,880,0,0.07178398966789246,-0.1364157646894455,0.16922612488269806,-0.0002378905389656889,0.0,-0.0,-0.0,-0.0,-0.0002378905389656889,0.0,0.0,0,
std005,0,KL005,6684926c7289bd8432a31af5074bd32b85fff20f3961f66edf76fb6119b4b60b,176,880,0,0.07427339255809784,-0.09683415293693542,0.3127578794956207,-0.00012395812199762838,0.0,-0.0,-0.0,-0.0,-0.00012395812199762838,0.0,0.0,0,
std005,0,KL006,6684926c7289bd8432a31af5074bd32b85fff20f3961f66edf76fb6119b4b60b,176,880,0,0.07901329547166824,-0.023670261725783348,0.46095314621925354,-0.00013045416471420938,0.0,-0.0,-0.0,-0.0,-0.00013045416471420938,0.0,0.0,0,
std005,0,KL008,6684926c7289bd8432a31af5074bd32b85fff20f3961f66edf76fb6119b4b60b,176,880,0,0.10347677022218704,-0.020192986354231834,0.13226160407066345,-0.0005610117897539595,0.0,-0.0,-0.0,-0.0,-0.0005610117897539595,0.0,0.0,1,83.28028869628906
std005,0,KL001,6684926c7289bd8432a31af5074bd32b85fff20f3961f66edf76fb6119b4b60b,177,885,0,0.10448666661977768,-0.12048152089118958,-0.39179322123527527,-0.00010788183849462571,0.0,-0.0,-0.0,-0.0,-0.00010788183849462571,0.0,0.0,1,77.5518569946289
std005,0,KL003,6684926c7289bd8432a31af5074bd32b85fff20f3961f66edf76fb6119b4b60b,177,885,0,0.13162453472614288,-0.07397912442684174,0.14285899698734283,-0.00021909001566670488,0.0,-0.0,-0.0,-0.0,-0.00021909001566670488,0.0,0.0,0,
std005,0,KL004,6684926c7289bd8432a31af5074bd32b85fff20f3961f66edf76fb6119b4b60b,177,885,0,0.07123051583766937,-0.13585498929023743,0.1717892438173294,-0.0002593346697416175,0.0,-0.0,-0.0,-0.0,-0.0002593346697416175,0.0,0.0,0,
std005,0,KL005,6684926c7289bd8432a31af5074bd32b85fff20f3961f66edf76fb6119b4b60b,177,885,0,0.07370021194219589,-0.0966801792383194,0.3138731122016907,-0.0001230821343661521,0.0,-0.0,-0.0,-0.0,-0.0001230821343661521,0.0,0.0,0,
std005,0,KL006,6684926c7289bd8432a31af5074bd32b85fff20f3961f66edf76fb6119b4b60b,177,885,0,0.07821668684482574,-0.023854060098528862,0.46610310673713684,-0.00012917185092328927,0.0,-0.0,-0.0,-0.0,-0.00012917185092328927,0.0,0.0,0,
std005,0,KL008,6684926c7289bd8432a31af5074bd32b85fff20f3961f66edf76fb6119b4b60b,177,885,0,0.10145418345928192,-0.020839860662817955,0.1409941464662552,-0.0005612182176772874,0.0,-0.0,-0.0,-0.0,-0.0005612182176772874,0.0,0.0,1,77.5518569946289
std005,0,KL001,6684926c7289bd8432a31af5074bd32b85fff20f3961f66edf76fb6119b4b60b,178,890,0,0.1034184917807579,-0.1207495778799057,-0.38305792212486267,-0.00018640504120880455,0.0,-0.0,-0.0,-0.0,-0.00018640504120880455,0.0,0.0,1,71.3508529663086
std005,0,KL003,6684926c7289bd8432a31af5074bd32b85fff20f3961f66edf76fb6119b4b60b,178,890,0,0.13083015382289886,-0.07390615344047546,0.14402629435062408,-0.00021788706898042567,0.0,-0.0,-0.0,-0.0,-0.00021788706898042567,0.0,0.0,0,
std005,0,KL004,6684926c7289bd8432a31af5074bd32b85fff20f3961f66edf76fb6119b4b60b,178,890,0,0.07016701996326447,-0.13511310517787933,0.17460142076015472,-0.0002850880967785918,0.0,-0.0,-0.0,-0.0,-0.0002850880967785918,0.0,0.0,0,
std005,0,KL005,6684926c7289bd8432a31af5074bd32b85fff20f3961f66edf76fb6119b4b60b,178,890,0,0.07286012172698975,-0.09643464535474777,0.3143767714500427,-0.00012176324305846816,0.0,-0.0,-0.0,-0.0,-0.00012176324305846816,0.0,0.0,0,
std005,0,KL006,6684926c7289bd8432a31af5074bd32b85fff20f3961f66edf76fb6119b4b60b,178,890,0,0.04367881268262863,-0.058942295610904694,0.4695045053958893,-7.223894855934452e-05,0.0,-0.0,-0.0,-0.0,-7.223894855934452e-05,0.0,0.0,0,
std005,0,KL008,6684926c7289bd8432a31af5074bd32b85fff20f3961f66edf76fb6119b4b60b,178,890,0,0.10021098703145981,-0.02090402878820896,0.13567402958869934,-0.0005627764489267607,0.0,-0.0,-0.0,-0.0,-0.0005627764489267607,0.0,0.0,1,71.3508529663086
std005,0,KL001,6684926c7289bd8432a31af5074bd32b85fff20f3961f66edf76fb6119b4b60b,179,895,0,0.09730270504951477,-0.11711429059505463,-0.3465534746646881,-2.6450481668256596e-05,0.0,-0.0,-0.0,-0.0,-2.6450481668256596e-05,0.0,0.0,1,65.23440551757812
std005,0,KL003,6684926c7289bd8432a31af5074bd32b85fff20f3961f66edf76fb6119b4b60b,179,895,0,0.1301092654466629,-0.07409964501857758,0.14538638293743134,-0.0002168108355695719,0.0,-0.0,-0.0,-0.0,-0.0002168108355695719,0.0,0.0,0,
std005,0,KL004,6684926c7289bd8432a31af5074bd32b85fff20f3961f66edf76fb6119b4b60b,179,895,0,0.06770557910203934,-0.13388453423976898,0.17715324461460114,-0.0003179639323348229,0.0,-0.0,-0.0,-0.0,-0.0003179639323348229,0.0,0.0,0,
std005,0,KL005,6684926c7289bd8432a31af5074bd32b85fff20f3961f66edf76fb6119b4b60b,179,895,0,0.07128822058439255,-0.09708808362483978,0.32998645305633545,-0.00011922317823060533,0.0,-0.0,-0.0,-0.0,-0.00011922317823060533,0.0,0.0,0,
std005,0,KL006,6684926c7289bd8432a31af5074bd32b85fff20f3961f66edf76fb6119b4b60b,179,895,0,0.04365263134241104,-0.06143758445978165,0.4733547866344452,-7.212921077831237e-05,0.0,-0.0,-0.0,-0.0,-7.212921077831237e-05,0.0,0.0,0,
std005,0,KL008,6684926c7289bd8432a31af5074bd32b85fff20f3961f66edf76fb6119b4b60b,179,895,0,0.09934363514184952,-0.021511470898985863,0.12843574583530426,-0.000565004809939187,0.0,-0.0,-0.0,-0.0,-0.000565004809939187,0.0,0.0,1,65.23440551757812
std005,0,KL001,6684926c7289bd8432a31af5074bd32b85fff20f3961f66edf76fb6119b4b60b,180,900,0,0.10940093547105789,-0.10420514643192291,-0.2871152460575104,-0.00018097110942147344,0.0,-0.0,-0.0,-0.0,-0.00018097110942147344,0.0,0.0,1,64.06417846679688
std005,0,KL003,6684926c7289bd8432a31af5074bd32b85fff20f3961f66edf76fb6119b4b60b,180,900,0,0.12927041947841644,-0.07402072846889496,0.14552372694015503,-0.00021554279699255026,0.0,-0.0,-0.0,-0.0,-0.00021554279699255026,0.0,0.0,0,
std005,0,KL004,6684926c7289bd8432a31af5074bd32b85fff20f3961f66edf76fb6119b4b60b,180,900,0,0.07319841533899307,-0.13620157539844513,0.17681385576725006,-0.000344801343922414,0.0,-0.0,-0.0,-0.0,-0.000344801343922414,0.0,0.0,0,
std005,0,KL005,6684926c7289bd8432a31af5074bd32b85fff20f3961f66edf76fb6119b4b60b,180,900,0,0.07361194491386414,-0.09562712907791138,0.31795188784599304,-0.0001232034778791554,0.0,-0.0,-0.0,-0.0,-0.0001232034778791554,0.0,0.0,0,
std005,0,KL006,6684926c7289bd8432a31af5074bd32b85fff20f3961f66edf76fb6119b4b60b,180,900,0,0.04404088109731674,-0.06153639405965805,0.4701940715312958,-7.279003143082177e-05,0.0,-0.0,-0.0,-0.0,-7.279003143082177e-05,0.0,0.0,0,
std005,0,KL008,6684926c7289bd8432a31af5074bd32b85fff20f3961f66edf76fb6119b4b60b,180,900,0,0.09919332712888718,-0.02099994383752346,0.15821507573127747,-0.0005684553148801222,0.0,-0.0,-0.0,-0.0,-0.0005684553148801222,0.0,0.0,1,64.06417846679688
std005,0,KL001,6684926c7289bd8432a31af5074bd32b85fff20f3961f66edf76fb6119b4b60b,181,905,0,0.11444579809904099,-0.10425546020269394,-0.21609286963939667,-0.00019035724359473785,0.0,-0.0,-0.0,-0.0,-0.00019035724359473785,0.0,0.0,1,63.79452133178711
std005,0,KL003,6684926c7289bd8432a31af5074bd32b85fff20f3961f66edf76fb6119b4b60b,181,905,0,0.12865564227104187,-0.07384506613016129,0.1458653062582016,-0.00021465338871825591,0.0,-0.0,-0.0,-0.0,-0.00021465338871825591,0.0,0.0,0,
std005,0,KL004,6684926c7289bd8432a31af5074bd32b85fff20f3961f66edf76fb6119b4b60b,181,905,0,0.07529962807893753,-0.13325275480747223,0.22345812618732452,-0.0003951554817213041,0.0,-0.0,-0.0,-0.0,-0.0003951554817213041,0.0,0.0,0,
std005,0,KL005,6684926c7289bd8432a31af5074bd32b85fff20f3961f66edf76fb6119b4b60b,181,905,0,0.074672631919384,-0.09557138383388519,0.32014599442481995,-0.00012507999338633253,0.0,-0.0,-0.0,-0.0,-0.00012507999338633253,0.0,0.0,0,
std005,0,KL006,6684926c7289bd8432a31af5074bd32b85fff20f3961f66edf76fb6119b4b60b,181,905,0,0.04387877881526947,-0.06159398704767227,0.4680883586406708,-7.254199958406774e-05,0.0,-0.0,-0.0,-0.0,-7.254199958406774e-05,0.0,0.0,0,
std005,0,KL008,6684926c7289bd8432a31af5074bd32b85fff20f3961f66edf76fb6119b4b60b,181,905,0,0.09867297857999802,-0.020781584084033966,0.1777435839176178,-0.000571316960662386,0.0,-0.0,-0.0,-0.0,-0.000571316960662386,0.0,0.0,1,63.79452133178711
std005,0,KL001,6684926c7289bd8432a31af5074bd32b85fff20f3961f66edf76fb6119b4b60b,182,910,0,0.10571615397930145,-0.10519701987504959,-0.3228081166744232,-0.00017592527310878708,0.0,-0.0,-0.0,-0.0,-0.00017592527310878708,0.0,0.0,1,58.85660171508789
std005,0,KL003,6684926c7289bd8432a31af5074bd32b85fff20f3961f66edf76fb6119b4b60b,182,910,0,0.127838596701622,-0.0737796500325203,0.1474996656179428,-0.00021343225060646028,0.0,-0.0,-0.0,-0.0,-0.00021343225060646028,0.0,0.0,0,
std005,0,KL004,6684926c7289bd8432a31af5074bd32b85fff20f3961f66edf76fb6119b4b60b,182,910,0,0.07648275047540665,-0.13384266197681427,0.2240125983953476,-0.0004868758752622627,0.0,-0.0,-0.0,-0.0,-0.0004868758752622627,0.0,0.0,0,
std005,0,KL005,6684926c7289bd8432a31af5074bd32b85fff20f3961f66edf76fb6119b4b60b,182,910,0,0.0743749812245369,-0.09537212550640106,0.32057300209999084,-0.00012468867910253137,0.0,-0.0,-0.0,-0.0,-0.00012468867910253137,0.0,0.0,0,
std005,0,KL006,6684926c7289bd8432a31af5074bd32b85fff20f3961f66edf76fb6119b4b60b,182,910,0,0.04274994879961014,-0.06166142225265503,0.4695642292499542,-7.069584417880837e-05,0.0,-0.0,-0.0,-0.0,-7.069584417880837e-05,0.0,0.0,0,
std005,0,KL008,6684926c7289bd8432a31af5074bd32b85fff20f3961f66edf76fb6119b4b60b,182,910,0,0.07170078903436661,-0.03625841438770294,0.14782525599002838,-0.0005306697923959568,0.0,-0.0,-0.0,-0.0,-0.0005306697923959568,0.0,0.0,1,58.85660171508789
std005,0,KL001,6684926c7289bd8432a31af5074bd32b85fff20f3961f66edf76fb6119b4b60b,183,915,0,0.10471741110086441,-0.10625007748603821,-0.3449387848377228,-0.00017435125897173574,0.0,-0.0,-0.0,-0.0,-0.00017435125897173574,0.0,0.0,1,51.89286804199219
std005,0,KL003,6684926c7289bd8432a31af5074bd32b85fff20f3961f66edf76fb6119b4b60b,183,915,0,0.1255643367767334,-0.07389223575592041,0.13810375332832336,-0.00020978324121223747,0.0,-0.0,-0.0,-0.0,-0.00020978324121223747,0.0,0.0,0,
std005,0,KL004,6684926c7289bd8432a31af5074bd32b85fff20f3961f66edf76fb6119b4b60b,183,915,0,0.0792682021856308,-0.13681834936141968,0.2190721035003662,-0.0007171644422577975,0.0,-0.0,-0.0,-0.0,-0.0007171644422577975,0.0,0.0,0,
std005,0,KL005,6684926c7289bd8432a31af5074bd32b85fff20f3961f66edf76fb6119b4b60b,183,915,0,0.07351555675268173,-0.09483516216278076,0.3189762830734253,-0.00012336066636510463,0.0,-0.0,-0.0,-0.0,-0.00012336066636510463,0.0,0.0,0,
std005,0,KL006,6684926c7289bd8432a31af5074bd32b85fff20f3961f66edf76fb6119b4b60b,183,915,0,0.04026445001363754,-0.06135403364896774,0.4720693528652191,-6.660519351278407e-05,0.0,-0.0,-0.0,-0.0,-6.660519351278407e-05,0.0,0.0,0,
std005,0,KL008,6684926c7289bd8432a31af5074bd32b85fff20f3961f66edf76fb6119b4b60b,183,915,0,0.06925482302904129,-0.03622065484523773,0.11497625708580017,-0.0005310766488891397,0.0,-0.0,-0.0,-0.0,-0.0005310766488891397,0.0,0.0,1,51.89286804199219
std005,0,KL001,6684926c7289bd8432a31af5074bd32b85fff20f3961f66edf76fb6119b4b60b,184,920,0,0.10547785460948944,-0.108030304312706,-0.36331865191459656,-0.0001757091823373455,0.0,-0.0,-0.0,-0.0,-0.0001757091823373455,0.0,0.0,1,46.65621566772461
std005,0,KL003,6684926c7289bd8432a31af5074bd32b85fff20f3961f66edf76fb6119b4b60b,184,920,0,0.1232103630900383,-0.07373780757188797,0.14208413660526276,-0.00020600381458917987,0.0,-0.0,-0.0,-0.0,-0.00020600381458917987,0.0,0.0,0,
std005,0,KL004,6684926c7289bd8432a31af5074bd32b85fff20f3961f66edf76fb6119b4b60b,184,920,0,0.07106626778841019,-0.11878557503223419,0.2082035392522812,-0.0004941581218417554,0.0,-0.0,-0.0,-0.0,-0.0004941581218417554,0.0,0.0,0,
std005,0,KL005,6684926c7289bd8432a31af5074bd32b85fff20f3961f66edf76fb6119b4b60b,184,920,0,0.07364513725042343,-0.09472323954105377,0.31587234139442444,-0.00012369809962206322,0.0,-0.0,-0.0,-0.0,-0.00012369809962206322,0.0,0.0,0,
std005,0,KL006,6684926c7289bd8432a31af5074bd32b85fff20f3961f66edf76fb6119b4b60b,184,920,0,0.03735291212797165,-0.06179843097925186,0.4712086617946625,-6.180780358294975e-05,0.0,-0.0,-0.0,-0.0,-6.180780358294975e-05,0.0,0.0,0,
std005,0,KL008,6684926c7289bd8432a31af5074bd32b85fff20f3961f66edf76fb6119b4b60b,184,920,0,0.06976885348558426,-0.03710974007844925,0.10682658106088638,-0.0005365876220339936,0.0,-0.0,-0.0,-0.0,-0.0005365876220339936,0.0,0.0,1,46.65621566772461
std005,0,KL001,6684926c7289bd8432a31af5074bd32b85fff20f3961f66edf76fb6119b4b60b,185,925,0,0.10206019878387451,-0.10746165364980698,-0.3323744833469391,-0.0001701107007281189,0.0,-0.0,-0.0,-0.0,-0.0001701107007281189,0.0,0.0,1,41.61506271362305
std005,0,KL003,6684926c7289bd8432a31af5074bd32b85fff20f3961f66edf76fb6119b4b60b,185,925,0,0.12407907098531723,-0.07372257858514786,0.1381424218416214,-0.00020761748114654345,0.0,-0.0,-0.0,-0.0,-0.00020761748114654345,0.0,0.0,0,
std005,0,KL004,6684926c7289bd8432a31af5074bd32b85fff20f3961f66edf76fb6119b4b60b,185,925,0,0.07312941551208496,-0.10077804327011108,0.2068513184785843,-0.0002689477679622314,0.0,-0.0,-0.0,-0.0,-0.0002689477679622314,0.0,0.0,0,
std005,0,KL005,6684926c7289bd8432a31af5074bd32b85fff20f3961f66edf76fb6119b4b60b,185,925,0,0.07257627695798874,-0.09439931809902191,0.322273850440979,-0.00012202921466227486,0.0,-0.0,-0.0,-0.0,-0.00012202921466227486,0.0,0.0,0,
std005,0,KL006,6684926c7289bd8432a31af5074bd32b85fff20f3961f66edf76fb6119b4b60b,185,925,0,0.03910239040851593,-0.06153438240289688,0.47404661774635315,-6.472294649927141e-05,0.0,-0.0,-0.0,-0.0,-6.472294649927141e-05,0.0,0.0,0,
std005,0,KL008,6684926c7289bd8432a31af5074bd32b85fff20f3961f66edf76fb6119b4b60b,185,925,0,0.06785836070775986,-0.03540969640016556,0.10894182324409485,-0.0005381401554193025,0.0,-0.0,-0.0,-0.0,-0.0005381401554193025,0.0,0.0,1,41.61506271362305
std005,0,KL001,6684926c7289bd8432a31af5074bd32b85fff20f3961f66edf76fb6119b4b60b,186,930,0,0.0981118455529213,-0.10722976922988892,-0.2990635335445404,-0.00016362548829288134,0.0,-0.0,-0.0,-0.0,-0.00016362548829288134,0.0,0.0,1,36.375736236572266
std005,0,KL003,6684926c7289bd8432a31af5074bd32b85fff20f3961f66edf76fb6119b4b60b,186,930,0,0.1242012158036232,-0.07322019338607788,0.13600651919841766,-0.00020799324884442246,0.0,-0.0,-0.0,-0.0,-0.00020799324884442246,0.0,0.0,0,
std005,0,KL004,6684926c7289bd8432a31af5074bd32b85fff20f3961f66edf76fb6119b4b60b,186,930,0,0.06898671388626099,-0.10508602112531662,0.22380442917346954,-4.135109533158687e-05,0.0,-0.0,-0.0,-0.0,-4.135109533158687e-05,0.0,0.0,0,
std005,0,KL005,6684926c7289bd8432a31af5074bd32b85fff20f3961f66edf76fb6119b4b60b,186,930,0,0.07163471728563309,-0.0945528894662857,0.32823440432548523,-0.00012057936729404836,0.0,-0.0,-0.0,-0.0,-0.00012057936729404836,0.0,0.0,0,
std005,0,KL006,6684926c7289bd8432a31af5074bd32b85fff20f3961f66edf76fb6119b4b60b,186,930,0,0.040215685963630676,-0.06056256592273712,0.4763760268688202,-6.658736246132341e-05,0.0,-0.0,-0.0,-0.0,-6.658736246132341e-05,0.0,0.0,0,
std005,0,KL008,6684926c7289bd8432a31af5074bd32b85fff20f3961f66edf76fb6119b4b60b,186,930,0,0.06520174443721771,-0.033329762518405914,0.11014813184738159,-0.0005385765948429384,0.0,-0.0,-0.0,-0.0,-0.0005385765948429384,0.0,0.0,1,36.375736236572266
std005,0,KL001,6684926c7289bd8432a31af5074bd32b85fff20f3961f66edf76fb6119b4b60b,187,935,0,0.09772050380706787,-0.10832482576370239,-0.36686065793037415,-0.00016307161275688704,0.0,-0.0,-0.0,-0.0,-0.00016307161275688704,0.0,0.0,1,31.145612716674805
std005,0,KL003,6684926c7289bd8432a31af5074bd32b85fff20f3961f66edf76fb6119b4b60b,187,935,0,0.12353980541229248,-0.07226857542991638,0.13446255028247833,-0.00020706711379136743,0.0,-0.0,-0.0,-0.0,-0.00020706711379136743,0.0,0.0,0,
std005,0,KL004,6684926c7289bd8432a31af5074bd32b85fff20f3961f66edf76fb6119b4b60b,187,935,0,0.060952723026275635,-0.11942782998085022,0.18824709951877594,-9.952915078276642e-05,0.0,-0.0,-0.0,-0.0,-9.952915078276642e-05,0.0,0.0,0,
std005,0,KL005,6684926c7289bd8432a31af5074bd32b85fff20f3961f66edf76fb6119b4b60b,187,935,0,0.07086857408285141,-0.0952310562133789,0.3336739242076874,-0.00011943081218183393,0.0,-0.0,-0.0,-0.0,-0.00011943081218183393,0.0,0.0,0,
std005,0,KL006,6684926c7289bd8432a31af5074bd32b85fff20f3961f66edf76fb6119b4b60b,187,935,0,0.040981754660606384,-0.0593167319893837,0.4777584373950958,-6.787875523638914e-05,0.0,-0.0,-0.0,-0.0,-6.787875523638914e-05,0.0,0.0,0,
std005,0,KL008,6684926c7289bd8432a31af5074bd32b85fff20f3961f66edf76fb6119b4b60b,187,935,0,0.062144048511981964,-0.030984658747911453,0.11076625436544418,-0.0005384958012930526,0.0,-0.0,-0.0,-0.0,-0.0005384958012930526,0.0,0.0,1,31.145612716674805
std005,0,KL001,6684926c7289bd8432a31af5074bd32b85fff20f3961f66edf76fb6119b4b60b,188,940,0,0.09280256927013397,-0.12098132073879242,-0.38436415791511536,-0.0001549632195135744,0.0,-0.0,-0.0,-0.0,-0.0001549632195135744,0.0,0.0,1,26.028841018676758
std005,0,KL003,6684926c7289bd8432a31af5074bd32b85fff20f3961f66edf76fb6119b4b60b,188,940,0,0.12281988561153412,-0.071361243724823,0.13270865380764008,-0.00020605237407991532,0.0,-0.0,-0.0,-0.0,-0.00020605237407991532,0.0,0.0,0,
std005,0,KL004,6684926c7289bd8432a31af5074bd32b85fff20f3961f66edf76fb6119b4b60b,188,940,0,0.05565779656171799,-0.12276528030633926,0.21945427358150482,-9.107906277687822e-05,0.0,-0.0,-0.0,-0.0,-9.107906277687822e-05,0.0,0.0,0,
std005,0,KL005,6684926c7289bd8432a31af5074bd32b85fff20f3961f66edf76fb6119b4b60b,188,940,0,0.07059228420257568,-0.09572213143110275,0.33642008900642395,-0.00011911582124617436,0.0,-0.0,-0.0,-0.0,-0.00011911582124617436,0.0,0.0,0,
std005,0,KL006,6684926c7289bd8432a31af5074bd32b85fff20f3961f66edf76fb6119b4b60b,188,940,0,0.041003771126270294,-0.058347947895526886,0.47810909152030945,-6.793913667619765e-05,0.0,-0.0,-0.0,-0.0,-6.793913667619765e-05,0.0,0.0,0,
std005,0,KL008,6684926c7289bd8432a31af5074bd32b85fff20f3961f66edf76fb6119b4b60b,188,940,0,0.04042106866836548,-0.02894328162074089,0.20069880783557892,-0.0005078057476405562,0.0,-0.0,-0.0,-0.0,-0.0005078057476405562,0.0,0.0,1,26.028841018676758
std005,0,KL001,6684926c7289bd8432a31af5074bd32b85fff20f3961f66edf76fb6119b4b60b,189,945,0,0.09037939459085464,-0.12182390689849854,-0.383191853761673,-0.0001510169229615695,0.0,-0.0,-0.0,-0.0,-0.0001510169229615695,0.0,0.0,1,20.595903396606445
std005,0,KL003,6684926c7289bd8432a31af5074bd32b85fff20f3961f66edf76fb6119b4b60b,189,945,0,0.12202877551317215,-0.07136842608451843,0.12833590805530548,-0.00020492818438045413,0.0,-0.0,-0.0,-0.0,-0.00020492818438045413,0.0,0.0,0,
std005,0,KL004,6684926c7289bd8432a31af5074bd32b85fff20f3961f66edf76fb6119b4b60b,189,945,0,0.0560443252325058,-0.12212036550045013,0.22451700270175934,-9.171363071840018e-05,0.0,-0.0,-0.0,-0.0,-9.171363071840018e-05,0.0,0.0,0,
std005,0,KL005,6684926c7289bd8432a31af5074bd32b85fff20f3961f66edf76fb6119b4b60b,189,945,0,0.06997662037611008,-0.09517877548933029,0.33563122153282166,-0.00011823782785894332,0.0,-0.0,-0.0,-0.0,-0.00011823782785894332,0.0,0.0,0,
std005,0,KL006,6684926c7289bd8432a31af5074bd32b85fff20f3961f66edf76fb6119b4b60b,189,945,0,0.039554208517074585,-0.05789368599653244,0.47898492217063904,-6.556140124335858e-05,0.0,-0.0,-0.0,-0.0,-6.556140124335858e-05,0.0,0.0,0,
std005,0,KL008,6684926c7289bd8432a31af5074bd32b85fff20f3961f66edf76fb6119b4b60b,189,945,0,0.03952862322330475,-0.029207976534962654,0.18971462547779083,-0.0005123333495482736,0.0,-0.0,-0.0,-0.0,-0.0005123333495482736,0.0,0.0,1,20.595903396606445
std005,0,KL001,6684926c7289bd8432a31af5074bd32b85fff20f3961f66edf76fb6119b4b60b,190,950,0,0.0870375782251358,-0.12291687726974487,-0.3763364255428314,-0.0001455345818665845,0.0,-0.0,-0.0,-0.0,-0.0001455345818665845,0.0,0.0,1,15.541121482849121
std005,0,KL003,6684926c7289bd8432a31af5074bd32b85fff20f3961f66edf76fb6119b4b60b,190,950,0,0.12174297869205475,-0.07121649384498596,0.128460094332695,-0.00020466397482139987,0.0,-0.0,-0.0,-0.0,-0.00020466397482139987,0.0,0.0,0,
std005,0,KL004,6684926c7289bd8432a31af5074bd32b85fff20f3961f66edf76fb6119b4b60b,190,950,0,0.05762093514204025,-0.12165865302085876,0.23180747032165527,-9.429576965884801e-05,0.0,-0.0,-0.0,-0.0,-9.429576965884801e-05,0.0,0.0,0,
std005,0,KL005,6684926c7289bd8432a31af5074bd32b85fff20f3961f66edf76fb6119b4b60b,190,950,0,0.06980308145284653,-0.09485700726509094,0.33587580919265747,-0.00011811773349896257,0.0,-0.0,-0.0,-0.0,-0.00011811773349896257,0.0,0.0,0,
std005,0,KL006,6684926c7289bd8432a31af5074bd32b85fff20f3961f66edf76fb6119b4b60b,190,950,0,0.03900305926799774,-0.05790343135595322,0.478508323431015,-6.467248678439096e-05,0.0,-0.0,-0.0,-0.0,-6.467248678439096e-05,0.0,0.0,0,
std005,0,KL008,6684926c7289bd8432a31af5074bd32b85fff20f3961f66edf76fb6119b4b60b,190,950,0,0.038977161049842834,-0.028887489810585976,0.1895320862531662,-0.0005176230213385972,0.0,-0.0,-0.0,-0.0,-0.0005176230213385972,0.0,0.0,1,15.541121482849121
std005,0,KL001,6684926c7289bd8432a31af5074bd32b85fff20f3961f66edf76fb6119b4b60b,191,955,0,0.08262742310762405,-0.12344153225421906,-0.36702850461006165,-0.00013826240882482236,0.0,-0.0,-0.0,-0.0,-0.00013826240882482236,0.0,0.0,1,10.495195388793945
std005,0,KL003,6684926c7289bd8432a31af5074bd32b85fff20f3961f66edf76fb6119b4b60b,191,955,0,0.12141242623329163,-0.07104720175266266,0.12878461182117462,-0.0002043383244705709,0.0,-0.0,-0.0,-0.0,-0.0002043383244705709,0.0,0.0,0,
std005,0,KL004,6684926c7289bd8432a31af5074bd32b85fff20f3961f66edf76fb6119b4b60b,191,955,0,0.06030452251434326,-0.12116563320159912,0.2399919480085373,-9.868958024817373e-05,0.0,-0.0,-0.0,-0.0,-9.868958024817373e-05,0.0,0.0,0,
std005,0,KL005,6684926c7289bd8432a31af5074bd32b85fff20f3961f66edf76fb6119b4b60b,191,955,0,0.06960804015398026,-0.09457166492938995,0.33592161536216736,-0.00011797462466481008,0.0,-0.0,-0.0,-0.0,-0.00011797462466481008,0.0,0.0,0,
std005,0,KL006,6684926c7289bd8432a31af5074bd32b85fff20f3961f66edf76fb6119b4b60b,191,955,0,0.03844722360372543,-0.05785010755062103,0.4778260588645935,-6.377607563320465e-05,0.0,-0.0,-0.0,-0.0,-6.377607563320465e-05,0.0,0.0,0,
std005,0,KL008,6684926c7289bd8432a31af5074bd32b85fff20f3961f66edf76fb6119b4b60b,191,955,0,0.03843502700328827,-0.028565663844347,0.18936805427074432,-0.0005230712448906828,0.0,-0.0,-0.0,-0.0,-0.0005230712448906828,0.0,0.0,1,10.495195388793945
std005,0,KL001,6684926c7289bd8432a31af5074bd32b85fff20f3961f66edf76fb6119b4b60b,192,960,0,0.0776652842760086,-0.12301404774188995,-0.35482773184776306,-0.0001300606783980995,0.0,-0.0,-0.0,-0.0,-0.0001300606783980995,0.0,0.0,1,5.458461284637451
std005,0,KL003,6684926c7289bd8432a31af5074bd32b85fff20f3961f66edf76fb6119b4b60b,192,960,0,0.12102619558572769,-0.07087564468383789,0.12916997075080872,-0.00020393406631323639,0.0,-0.0,-0.0,-0.0,-0.00020393406631323639,0.0,0.0,0,
std005,0,KL004,6684926c7289bd8432a31af5074bd32b85fff20f3961f66edf76fb6119b4b60b,192,960,0,0.06360387057065964,-0.12070110440254211,0.24697445333003998,-0.00010409131155400817,0.0,-0.0,-0.0,-0.0,-0.00010409131155400817,0.0,0.0,0,
std005,0,KL005,6684926c7289bd8432a31af5074bd32b85fff20f3961f66edf76fb6119b4b60b,192,960,0,0.06846989691257477,-0.09367960691452026,0.3231358826160431,-0.00011624585383777258,0.0,-0.0,-0.0,-0.0,-0.00011624585383777258,0.0,0.0,0,
std005,0,KL006,6684926c7289bd8432a31af5074bd32b85fff20f3961f66edf76fb6119b4b60b,192,960,0,0.03790825605392456,-0.05778317153453827,0.47690871357917786,-6.290796368537476e-05,0.0,-0.0,-0.0,-0.0,-6.290796368537476e-05,0.0,0.0,0,
std005,0,KL008,6684926c7289bd8432a31af5074bd32b85fff20f3961f66edf76fb6119b4b60b,192,960,0,0.037906765937805176,-0.028241008520126343,0.18922783434391022,-0.0005286864522200523,0.0,-0.0,-0.0,-0.0,-0.0005286864522200523,0.0,0.0,1,5.458461284637451
std005,0,KL001,6684926c7289bd8432a31af5074bd32b85fff20f3961f66edf76fb6119b4b60b,193,965,0,0.07332483679056168,-0.12207107245922089,-0.3418256342411041,-4.728611863929561,0.0,-4.728488970472416,-0.0,-0.0,-0.0001228934571448903,5.0,1.0,1,0.43835747241973877
std005,0,KL003,6684926c7289bd8432a31af5074bd32b85fff20f3961f66edf76fb6119b4b60b,193,965,0,0.12057322263717651,-0.07070597261190414,0.12962128221988678,-0.00020343386332591422,0.0,-0.0,-0.0,-0.0,-0.00020343386332591422,0.0,0.0,0,
std005,0,KL004,6684926c7289bd8432a31af5074bd32b85fff20f3961f66edf76fb6119b4b60b,193,965,0,0.06633281707763672,-0.12034200131893158,0.25155314803123474,-0.00010855979661037488,0.0,-0.0,-0.0,-0.0,-0.00010855979661037488,0.0,0.0,0,
std005,0,KL005,6684926c7289bd8432a31af5074bd32b85fff20f3961f66edf76fb6119b4b60b,193,965,0,0.068305104970932,-0.09335105121135712,0.3231697976589203,-0.00011618354027890818,0.0,-0.0,-0.0,-0.0,-0.00011618354027890818,0.0,0.0,0,
std005,0,KL006,6684926c7289bd8432a31af5074bd32b85fff20f3961f66edf76fb6119b4b60b,193,965,0,0.03739389032125473,-0.057702913880348206,0.47573617100715637,-6.208104581564471e-05,0.0,-0.0,-0.0,-0.0,-6.208104581564471e-05,0.0,0.0,0,
std005,0,KL008,6684926c7289bd8432a31af5074bd32b85fff20f3961f66edf76fb6119b4b60b,193,965,0,0.037399522960186005,-0.027908485382795334,0.1891159564256668,-4.729023450852852,0.0,-4.728488970472416,-0.0,-0.0,-0.0005344803804359088,5.0,1.0,1,0.43835747241973877
std005,0,KL001,6684926c7289bd8432a31af5074bd32b85fff20f3961f66edf76fb6119b4b60b,194,970,0,0.07045411318540573,-0.12128037214279175,-0.32565733790397644,-4.7286071556916465,0.0,-4.728488970472416,-0.0,-0.0,-0.00011818521923068204,5.0,0.0,1,0.0
std005,0,KL003,6684926c7289bd8432a31af5074bd32b85fff20f3961f66edf76fb6119b4b60b,194,970,0,0.12008979171514511,-0.07054591923952103,0.1300799399614334,-0.00020290046559408745,0.0,-0.0,-0.0,-0.0,-0.00020290046559408745,0.0,0.0,0,
std005,0,KL004,6684926c7289bd8432a31af5074bd32b85fff20f3961f66edf76fb6119b4b60b,194,970,0,0.06793787330389023,-0.12005911767482758,0.2544485032558441,-0.00011118916224096225,0.0,-0.0,-0.0,-0.0,-0.00011118916224096225,0.0,0.0,0,
std005,0,KL005,6684926c7289bd8432a31af5074bd32b85fff20f3961f66edf76fb6119b4b60b,194,970,0,0.06811743229627609,-0.09306399524211884,0.3229292631149292,-0.00011610168896593139,0.0,-0.0,-0.0,-0.0,-0.00011610168896593139,0.0,0.0,0,
std005,0,KL006,6684926c7289bd8432a31af5074bd32b85fff20f3961f66edf76fb6119b4b60b,194,970,0,0.03688875585794449,-0.05762941390275955,0.4742877781391144,-6.1269854321341e-05,0.0,-0.0,-0.0,-0.0,-6.1269854321341e-05,0.0,0.0,0,
std005,0,KL008,6684926c7289bd8432a31af5074bd32b85fff20f3961f66edf76fb6119b4b60b,194,970,0,0.03703175485134125,-0.027707716450095177,0.19329816102981567,-4.72902961761397,0.0,-4.728488970472416,-0.0,-0.0,-0.0005406471415545511,5.0,0.0,1,0.0
std005,0,KL001,6684926c7289bd8432a31af5074bd32b85fff20f3961f66edf76fb6119b4b60b,195,975,0,0.06853540986776352,-0.12083758413791656,-0.31157076358795166,-4.728604043499931,0.0,-4.728488970472416,-0.0,-0.0,-0.00011507302751478932,5.0,0.0,1,0.0
std005,0,KL003,6684926c7289bd8432a31af5074bd32b85fff20f3961f66edf76fb6119b4b60b,195,975,0,0.11956615000963211,-0.07039884477853775,0.13055522739887238,-0.00020231928859767157,0.0,-0.0,-0.0,-0.0,-0.00020231928859767157,0.0,0.0,0,
std005,0,KL004,6684926c7289bd8432a31af5074bd32b85fff20f3961f66edf76fb6119b4b60b,195,975,0,0.06870672851800919,-0.11980587244033813,0.25665411353111267,-0.0001124501215763902,0.0,-0.0,-0.0,-0.0,-0.0001124501215763902,0.0,0.0,0,
std005,0,KL005,6684926c7289bd8432a31af5074bd32b85fff20f3961f66edf76fb6119b4b60b,195,975,0,0.06795606762170792,-0.09276213496923447,0.3225451409816742,-0.00011608699425013602,0.0,-0.0,-0.0,-0.0,-0.00011608699425013602,0.0,0.0,0,
std005,0,KL006,6684926c7289bd8432a31af5074bd32b85fff20f3961f66edf76fb6119b4b60b,195,975,0,0.03643612563610077,-0.05757597088813782,0.4727054536342621,-6.054635155989152e-05,0.0,-0.0,-0.0,-0.0,-6.054635155989152e-05,0.0,0.0,0,
std005,0,KL008,6684926c7289bd8432a31af5074bd32b85fff20f3961f66edf76fb6119b4b60b,195,975,0,0.03668234497308731,-0.027522461488842964,0.19787265360355377,-4.729035947258085,0.0,-4.728488970472416,-0.0,-0.0,-0.0005469767856691732,5.0,0.0,1,0.0
std005,0,KL001,6684926c7289bd8432a31af5074bd32b85fff20f3961f66edf76fb6119b4b60b,196,980,0,0.06762482970952988,-0.12056626379489899,-0.3054927885532379,-4.7286026261360306,0.0,-4.728488970472416,-0.0,-0.0,-0.00011365566361476453,5.0,0.0,1,0.0
std005,0,KL003,6684926c7289bd8432a31af5074bd32b85fff20f3961f66edf76fb6119b4b60b,196,980,0,0.11900156736373901,-0.07026427984237671,0.1310371607542038,-0.00020169136463436504,0.0,-0.0,-0.0,-0.0,-0.00020169136463436504,0.0,0.0,0,
std005,0,KL004,6684926c7289bd8432a31af5074bd32b85fff20f3961f66edf76fb6119b4b60b,196,980,0,0.06910007447004318,-0.11955441534519196,0.25863906741142273,-0.0001130965703761042,0.0,-0.0,-0.0,-0.0,-0.0001130965703761042,0.0,0.0,0,
std005,0,KL005,6684926c7289bd8432a31af5074bd32b85fff20f3961f66edf76fb6119b4b60b,196,980,0,0.06780728697776794,-0.09244905412197113,0.3220076560974121,-0.00011611974135919764,0.0,-0.0,-0.0,-0.0,-0.00011611974135919764,0.0,0.0,0,
std005,0,KL006,6684926c7289bd8432a31af5074bd32b85fff20f3961f66edf76fb6119b4b60b,196,980,0,0.036306098103523254,-0.057627663016319275,0.47310465574264526,-6.0359730007004345e-05,0.0,-0.0,-0.0,-0.0,-6.0359730007004345e-05,0.0,0.0,0,
std005,0,KL008,6684926c7289bd8432a31af5074bd32b85fff20f3961f66edf76fb6119b4b60b,196,980,0,0.03633604943752289,-0.027345076203346252,0.20241807401180267,-4.7290424086252125,0.0,-4.728488970472416,-0.0,-0.0,-0.0005534381527967369,5.0,0.0,1,0.0
std005,0,KL001,6684926c7289bd8432a31af5074bd32b85fff20f3961f66edf76fb6119b4b60b,197,985,0,0.06693544238805771,-0.12043790519237518,-0.299944132566452,-4.728601585192544,0.0,-4.728488970472416,-0.0,-0.0,-0.0001126147201278016,5.0,0.0,1,0.0
std005,0,KL003,6684926c7289bd8432a31af5074bd32b85fff20f3961f66edf76fb6119b4b60b,197,985,0,0.12143848091363907,-0.07413413375616074,0.15850068628787994,-0.000206180727460014,0.0,-0.0,-0.0,-0.0,-0.000206180727460014,0.0,0.0,0,
std005,0,KL004,6684926c7289bd8432a31af5074bd32b85fff20f3961f66edf76fb6119b4b60b,197,985,0,0.06928108632564545,-0.11931336671113968,0.26055386662483215,-0.00011339555549470573,0.0,-0.0,-0.0,-0.0,-0.00011339555549470573,0.0,0.0,0,
std005,0,KL005,6684926c7289bd8432a31af5074bd32b85fff20f3961f66edf76fb6119b4b60b,197,985,0,0.06766977906227112,-0.092129185795784,0.321329802274704,-0.00011620214423877939,0.0,-0.0,-0.0,-0.0,-0.00011620214423877939,0.0,0.0,0,
std005,0,KL006,6684926c7289bd8432a31af5074bd32b85fff20f3961f66edf76fb6119b4b60b,197,985,0,0.03617066144943237,-0.057667940855026245,0.473481684923172,-6.016525586838403e-05,0.0,-0.0,-0.0,-0.0,-6.016525586838403e-05,0.0,0.0,0,
std005,0,KL008,6684926c7289bd8432a31af5074bd32b85fff20f3961f66edf76fb6119b4b60b,197,985,0,0.03599861264228821,-0.0271750558167696,0.20691630244255066,-4.729049003618079,0.0,-4.728488970472416,-0.0,-0.0,-0.000560033145663219,5.0,0.0,1,0.0
std005,0,KL001,6684926c7289bd8432a31af5074bd32b85fff20f3961f66edf76fb6119b4b60b,198,990,0,0.06629861891269684,-0.1203509122133255,-0.2946549952030182,-4.7286006383439725,0.0,-4.728488970472416,-0.0,-0.0,-0.00011166787155669766,5.0,0.0,1,0.0
std005,0,KL003,6684926c7289bd8432a31af5074bd32b85fff20f3961f66edf76fb6119b4b60b,198,990,0,0.12082922458648682,-0.07412078231573105,0.15931640565395355,-0.00020553887789657234,0.0,-0.0,-0.0,-0.0,-0.00020553887789657234,0.0,0.0,0,
std005,0,KL004,6684926c7289bd8432a31af5074bd32b85fff20f3961f66edf76fb6119b4b60b,198,990,0,0.0694035068154335,-0.11908013373613358,0.2624220848083496,-0.00011359866010837361,0.0,-0.0,-0.0,-0.0,-0.00011359866010837361,0.0,0.0,0,
std005,0,KL005,6684926c7289bd8432a31af5074bd32b85fff20f3961f66edf76fb6119b4b60b,198,990,0,0.05385025590658188,-0.08551524579524994,0.3668929636478424,-9.275934455201411e-05,0.0,-0.0,-0.0,-0.0,-9.275934455201411e-05,0.0,0.0,0,
std005,0,KL006,6684926c7289bd8432a31af5074bd32b85fff20f3961f66edf76fb6119b4b60b,198,990,0,0.036031752824783325,-0.057719334959983826,0.47387394309043884,-5.996620668340503e-05,0.0,-0.0,-0.0,-0.0,-5.996620668340503e-05,0.0,0.0,0,
std005,0,KL008,6684926c7289bd8432a31af5074bd32b85fff20f3961f66edf76fb6119b4b60b,198,990,0,0.03567660599946976,-0.027027685195207596,0.21130356192588806,-4.729055731954461,0.0,-4.728488970472416,-0.0,-0.0,-0.0005667614820454858,5.0,0.0,1,0.0
std005,0,KL001,6684926c7289bd8432a31af5074bd32b85fff20f3961f66edf76fb6119b4b60b,199,995,0,0.06553342193365097,-0.12039479613304138,-0.289167195558548,-4.728599481420817,0.0,-4.728488970472416,-0.0,-0.0,-0.00011051094840119902,5.0,0.0,1,0.0
std005,0,KL003,6684926c7289bd8432a31af5074bd32b85fff20f3961f66edf76fb6119b4b60b,199,995,0,0.11995647102594376,-0.07426468282938004,0.1595536321401596,-0.00020448132175928153,0.0,-0.0,-0.0,-0.0,-0.00020448132175928153,0.0,0.0,0,
std005,0,KL004,6684926c7289bd8432a31af5074bd32b85fff20f3961f66edf76fb6119b4b60b,199,995,0,0.06924937665462494,-0.11885882169008255,0.2642957866191864,-0.00011334915734673929,0.0,-0.0,-0.0,-0.0,-0.00011334915734673929,0.0,0.0,0,
std005,0,KL005,6684926c7289bd8432a31af5074bd32b85fff20f3961f66edf76fb6119b4b60b,199,995,0,0.05372217297554016,-0.08455964922904968,0.36681291460990906,-9.285808282916143e-05,0.0,-0.0,-0.0,-0.0,-9.285808282916143e-05,0.0,0.0,0,
std005,0,KL006,6684926c7289bd8432a31af5074bd32b85fff20f3961f66edf76fb6119b4b60b,199,995,0,0.0360184907913208,-0.057712897658348083,0.47415855526924133,-5.9977675391235294e-05,0.0,-0.0,-0.0,-0.0,-5.9977675391235294e-05,0.0,0.0,0,
std005,0,KL008,6684926c7289bd8432a31af5074bd32b85fff20f3961f66edf76fb6119b4b60b,199,995,0,0.03550034016370773,-0.026746921241283417,0.21556417644023895,-4.7290627933060225,0.0,-4.728488970472416,-0.0,-0.0,-0.0005738228336067408,5.0,0.0,1,0.0
std005,0,KL001,6684926c7289bd8432a31af5074bd32b85fff20f3961f66edf76fb6119b4b60b,200,1000,0,0.06511619687080383,-0.12023326754570007,-0.2843092381954193,-4.7285989185142245,0.0,-4.728488970472416,-0.0,-0.0,-0.00010994804180874951,5.0,0.0,1,0.0
std005,0,KL003,6684926c7289bd8432a31af5074bd32b85fff20f3961f66edf76fb6119b4b60b,200,1000,0,0.11929051578044891,-0.07440950721502304,0.1594466120004654,-0.0002038129328218687,0.0,-0.0,-0.0,-0.0,-0.0002038129328218687,0.0,0.0,0,
std005,0,KL004,6684926c7289bd8432a31af5074bd32b85fff20f3961f66edf76fb6119b4b60b,200,1000,0,0.09600890427827835,-0.11549137532711029,0.15123353898525238,-0.00015715162065237358,0.0,-0.0,-0.0,-0.0,-0.00015715162065237358,0.0,0.0,0,
std005,0,KL005,6684926c7289bd8432a31af5074bd32b85fff20f3961f66edf76fb6119b4b60b,200,1000,0,0.05366984009742737,-0.08423198759555817,0.3654843270778656,-9.312902932616188e-05,0.0,-0.0,-0.0,-0.0,-9.312902932616188e-05,0.0,0.0,0,
std005,0,KL006,6684926c7289bd8432a31af5074bd32b85fff20f3961f66edf76fb6119b4b60b,200,1000,0,0.03586909919977188,-0.05776849389076233,0.4745338559150696,-5.976396998140491e-05,0.0,-0.0,-0.0,-0.0,-5.976396998140491e-05,0.0,0.0,0,
std005,0,KL008,6684926c7289bd8432a31af5074bd32b85fff20f3961f66edf76fb6119b4b60b,200,1000,0,0.03528584539890289,-0.02659374289214611,0.2192574292421341,-4.729069850527864,0.0,-4.728488970472416,-0.0,-0.0,-0.0005808800554483184,5.0,0.0,1,0.0
std005,0,KL001,6684926c7289bd8432a31af5074bd32b85fff20f3961f66edf76fb6119b4b60b,201,1005,0,0.06359747052192688,-0.11904085427522659,-0.2737848460674286,-4.728596502534437,0.0,-4.728488970472416,-0.0,-0.0,-0.00010753206202096521,5.0,0.0,1,0.0
std005,0,KL003,6684926c7289bd8432a31af5074bd32b85fff20f3961f66edf76fb6119b4b60b,201,1005,0,0.1184079572558403,-0.07423710823059082,0.1596326380968094,-0.00020281746921174847,0.0,-0.0,-0.0,-0.0,-0.00020281746921174847,0.0,0.0,0,
std005,0,KL004,6684926c7289bd8432a31af5074bd32b85fff20f3961f66edf76fb6119b4b60b,201,1005,0,0.09534662216901779,-0.11620280891656876,0.147934690117836,-0.00015607153389791083,0.0,-0.0,-0.0,-0.0,-0.00015607153389791083,0.0,0.0,0,
std005,0,KL005,6684926c7289bd8432a31af5074bd32b85fff20f3961f66edf76fb6119b4b60b,201,1005,0,0.05369150638580322,-0.08414267003536224,0.3646892011165619,-9.357950506124586e-05,0.0,-0.0,-0.0,-0.0,-9.357950506124586e-05,0.0,0.0,0,
std005,0,KL006,6684926c7289bd8432a31af5074bd32b85fff20f3961f66edf76fb6119b4b60b,201,1005,0,0.03594566136598587,-0.057576633989810944,0.47498056292533875,-5.992846027988607e-05,0.0,-0.0,-0.0,-0.0,-5.992846027988607e-05,0.0,0.0,0,
std005,0,KL008,6684926c7289bd8432a31af5074bd32b85fff20f3961f66edf76fb6119b4b60b,201,1005,0,0.03548561781644821,-0.02626630663871765,0.2238406091928482,-4.729077625749495,0.0,-4.728488970472416,-0.0,-0.0,-0.0005886552770792974,5.0,0.0,1,0.0
std005,0,KL001,6684926c7289bd8432a31af5074bd32b85fff20f3961f66edf76fb6119b4b60b,202,1010,0,0.06384899467229843,-0.11875927448272705,-0.26401785016059875,-4.728597088264758,0.0,-4.728488970472416,-0.0,-0.0,-0.0001081177923420995,5.0,0.0,1,0.0
std005,0,KL003,6684926c7289bd8432a31af5074bd32b85fff20f3961f66edf76fb6119b4b60b,202,1010,0,0.11900077015161514,-0.07464021444320679,0.16110225021839142,-0.00020440303770104292,0.0,-0.0,-0.0,-0.0,-0.00020440303770104292,0.0,0.0,0,
std005,0,KL004,6684926c7289bd8432a31af5074bd32b85fff20f3961f66edf76fb6119b4b60b,202,1010,0,0.0953013151884079,-0.11620303988456726,0.14980052411556244,-0.0001560012909609982,0.0,-0.0,-0.0,-0.0,-0.0001560012909609982,0.0,0.0,0,
std005,0,KL005,6684926c7289bd8432a31af5074bd32b85fff20f3961f66edf76fb6119b4b60b,202,1010,0,0.053642094135284424,-0.08380039036273956,0.3630138337612152,-9.396904350673715e-05,0.0,-0.0,-0.0,-0.0,-9.396904350673715e-05,0.0,0.0,0,
std005,0,KL006,6684926c7289bd8432a31af5074bd32b85fff20f3961f66edf76fb6119b4b60b,202,1010,0,0.0412013977766037,-0.06256608664989471,0.4713084101676941,-6.873477265371013e-05,0.0,-0.0,-0.0,-0.0,-6.873477265371013e-05,0.0,0.0,0,
std005,0,KL008,6684926c7289bd8432a31af5074bd32b85fff20f3961f66edf76fb6119b4b60b,202,1010,0,0.035231806337833405,-0.02611362747848034,0.230472594499588,-4.729085571897453,0.0,-4.728488970472416,-0.0,-0.0,-0.0005966014250375906,5.0,0.0,1,0.0
std005,0,KL001,6684926c7289bd8432a31af5074bd32b85fff20f3961f66edf76fb6119b4b60b,203,1015,0,0.06401829421520233,-0.11858126521110535,-0.2497665137052536,-4.728597549206009,0.0,-4.728488970472416,-0.0,-0.0,-0.00010857873359348957,5.0,0.0,1,0.0
std005,0,KL003,6684926c7289bd8432a31af5074bd32b85fff20f3961f66edf76fb6119b4b60b,203,1015,0,0.11825845390558243,-0.07474174350500107,0.160975381731987,-0.0002037626512849782,0.0,-0.0,-0.0,-0.0,-0.0002037626512849782,0.0,0.0,0,
std005,0,KL004,6684926c7289bd8432a31af5074bd32b85fff20f3961f66edf76fb6119b4b60b,203,1015,0,0.09527754038572311,-0.11625663191080093,0.1519709974527359,-0.00015596632046748312,0.0,-0.0,-0.0,-0.0,-0.00015596632046748312,0.0,0.0,0,
std005,0,KL005,6684926c7289bd8432a31af5074bd32b85fff20f3961f66edf76fb6119b4b60b,203,1015,0,0.05369531363248825,-0.08350521326065063,0.3622495234012604,-9.461728091351737e-05,0.0,-0.0,-0.0,-0.0,-9.461728091351737e-05,0.0,0.0,0,
std005,0,KL006,6684926c7289bd8432a31af5074bd32b85fff20f3961f66edf76fb6119b4b60b,203,1015,0,0.04139363765716553,-0.06268889456987381,0.4710266888141632,-6.910231078275717e-05,0.0,-0.0,-0.0,-0.0,-6.910231078275717e-05,0.0,0.0,0,
std005,0,KL008,6684926c7289bd8432a31af5074bd32b85fff20f3961f66edf76fb6119b4b60b,203,1015,0,0.034907639026641846,-0.025995532050728798,0.2384740263223648,-4.729095295269088,0.0,-4.728488970472416,-0.0,-0.0,-0.0006063247966725527,5.0,0.0,1,0.0
std005,0,KL001,6684926c7289bd8432a31af5074bd32b85fff20f3961f66edf76fb6119b4b60b,204,1020,0,0.0625784769654274,-0.11901064962148666,-0.22304372489452362,-4.72859529264444,0.0,-4.728488970472416,-0.0,-0.0,-0.00010632217202388716,5.0,0.0,1,0.0
std005,0,KL003,6684926c7289bd8432a31af5074bd32b85fff20f3961f66edf76fb6119b4b60b,204,1020,0,0.11772390455007553,-0.07495605945587158,0.16037149727344513,-0.00020355186903178092,0.0,-0.0,-0.0,-0.0,-0.00020355186903178092,0.0,0.0,0,
std005,0,KL004,6684926c7289bd8432a31af5074bd32b85fff20f3961f66edf76fb6119b4b60b,204,1020,0,0.09516773372888565,-0.11626526713371277,0.15388794243335724,-0.00015579053982235042,0.0,-0.0,-0.0,-0.0,-0.00015579053982235042,0.0,0.0,0,
std005,0,KL005,6684926c7289bd8432a31af5074bd32b85fff20f3961f66edf76fb6119b4b60b,204,1020,0,0.05450967699289322,-0.08342310786247253,0.3690122663974762,-9.671703921552257e-05,0.0,-0.0,-0.0,-0.0,-9.671703921552257e-05,0.0,0.0,0,
std005,0,KL006,6684926c7289bd8432a31af5074bd32b85fff20f3961f66edf76fb6119b4b60b,204,1020,0,0.041431181132793427,-0.06286199390888214,0.4714190661907196,-6.921442193916388e-05,0.0,-0.0,-0.0,-0.0,-6.921442193916388e-05,0.0,0.0,0,
std005,0,KL008,6684926c7289bd8432a31af5074bd32b85fff20f3961f66edf76fb6119b4b60b,204,1020,0,0.03455661982297897,-0.025817444548010826,0.24723626673221588,-4.72910530976578,0.0,-4.728488970472416,-0.0,-0.0,-0.000616339293364021,5.0,0.0,1,0.0
std005,0,KL001,6684926c7289bd8432a31af5074bd32b85fff20f3961f66edf76fb6119b4b60b,205,1025,0,0.06084670126438141,-0.11937130242586136,-0.19345811009407043,-4.728592547022805,0.0,-4.728488970472416,-0.0,-0.0,-0.00010357655038895075,5.0,0.0,1,0.0
std005,0,KL003,6684926c7289bd8432a31af5074bd32b85fff20f3961f66edf76fb6119b4b60b,205,1025,0,0.11767938733100891,-0.07515351474285126,0.15947313606739044,-0.00020427849499990073,0.0,-0.0,-0.0,-0.0,-0.00020427849499990073,0.0,0.0,0,
std005,0,KL004,6684926c7289bd8432a31af5074bd32b85fff20f3961f66edf76fb6119b4b60b,205,1025,0,0.09509959071874619,-0.11626080423593521,0.1556502729654312,-0.00015568297548006373,0.0,-0.0,-0.0,-0.0,-0.00015568297548006373,0.0,0.0,0,
std005,0,KL005,6684926c7289bd8432a31af5074bd32b85fff20f3961f66edf76fb6119b4b60b,205,1025,1,0.05544396489858627,-0.08347640931606293,0.3788887858390808,37.41706462487532,37.41716380974046,-0.0,-0.0,-0.0,-9.918486513527114e-05,0.0,0.0,0,
std005,0,KL006,6684926c7289bd8432a31af5074bd32b85fff20f3961f66edf76fb6119b4b60b,205,1025,0,0.04149242490530014,-0.06306309252977371,0.47177550196647644,-6.936901922352443e-05,0.0,-0.0,-0.0,-0.0,-6.936901922352443e-05,0.0,0.0,0,
std005,0,KL008,6684926c7289bd8432a31af5074bd32b85fff20f3961f66edf76fb6119b4b60b,205,1025,0,0.03415030986070633,-0.025662101805210114,0.2564437687397003,-4.729115580934771,0.0,-4.728488970472416,-0.0,-0.0,-0.000626610462354904,5.0,0.0,1,0.0
std005,0,KL001,6684926c7289bd8432a31af5074bd32b85fff20f3961f66edf76fb6119b4b60b,206,1030,0,0.026216259226202965,-0.0905250757932663,-0.2251492291688919,-4.485968640398481e-05,0.0,-0.0,-0.0,-0.0,-4.485968640398481e-05,0.0,0.0,1,0.0
std005,0,KL003,6684926c7289bd8432a31af5074bd32b85fff20f3961f66edf76fb6119b4b60b,206,1030,0,0.09900835901498795,-0.02921832539141178,0.07936545461416245,-0.00017271650978170104,0.0,-0.0,-0.0,-0.0,-0.00017271650978170104,0.0,0.0,0,
std005,0,KL004,6684926c7289bd8432a31af5074bd32b85fff20f3961f66edf76fb6119b4b60b,206,1030,0,0.061861805617809296,-0.09804382920265198,0.09341128915548325,-0.00010128436059115615,0.0,-0.0,-0.0,-0.0,-0.00010128436059115615,0.0,0.0,0,
std005,0,KL006,6684926c7289bd8432a31af5074bd32b85fff20f3961f66edf76fb6119b4b60b,206,1030,0,0.020287873223423958,-0.03574313223361969,0.39258626103401184,-3.395914602924211e-05,0.0,-0.0,-0.0,-0.0,-3.395914602924211e-05,0.0,0.0,0,
std005,0,KL008,6684926c7289bd8432a31af5074bd32b85fff20f3961f66edf76fb6119b4b60b,206,1030,0,0.030633369460701942,-0.0037873145192861557,0.12406217306852341,-0.0006320989198498641,0.0,-0.0,-0.0,-0.0,-0.0006320989198498641,0.0,0.0,1,0.0
std005,0,KL001,6684926c7289bd8432a31af5074bd32b85fff20f3961f66edf76fb6119b4b60b,207,1035,0,0.04445653408765793,-0.09177416563034058,0.04192536324262619,-7.60180639253199e-05,0.0,-0.0,-0.0,-0.0,-7.60180639253199e-05,0.0,0.0,0,
std005,0,KL003,6684926c7289bd8432a31af5074bd32b85fff20f3961f66edf76fb6119b4b60b,207,1035,0,0.09819229692220688,-0.029016006737947464,0.07490741461515427,-0.0001721718913824507,0.0,-0.0,-0.0,-0.0,-0.0001721718913824507,0.0,0.0,0,
std005,0,KL004,6684926c7289bd8432a31af5074bd32b85fff20f3961f66edf76fb6119b4b60b,207,1035,0,0.06266195327043533,-0.09576931595802307,0.15069617331027985,-0.00010258905338725503,0.0,-0.0,-0.0,-0.0,-0.00010258905338725503,0.0,0.0,0,
std005,0,KL006,6684926c7289bd8432a31af5074bd32b85fff20f3961f66edf76fb6119b4b60b,207,1035,0,0.020431892946362495,-0.03632693737745285,0.39466407895088196,-3.421719855264034e-05,0.0,-0.0,-0.0,-0.0,-3.421719855264034e-05,0.0,0.0,0,
std005,0,KL008,6684926c7289bd8432a31af5074bd32b85fff20f3961f66edf76fb6119b4b60b,207,1035,0,0.03363887965679169,-0.008474694564938545,0.4067877531051636,-0.0006489313206888273,0.0,-0.0,-0.0,-0.0,-0.0006489313206888273,0.0,0.0,0,
std005,0,KL001,6684926c7289bd8432a31af5074bd32b85fff20f3961f66edf76fb6119b4b60b,208,1040,0,0.04517452418804169,-0.09218012541532516,0.050176315009593964,-7.744534609081334e-05,0.0,-0.0,-0.0,-0.0,-7.744534609081334e-05,0.0,0.0,0,
std005,0,KL003,6684926c7289bd8432a31af5074bd32b85fff20f3961f66edf76fb6119b4b60b,208,1040,0,0.09802752733230591,-0.02863341011106968,0.07495003193616867,-0.00017294911559846267,0.0,-0.0,-0.0,-0.0,-0.00017294911559846267,0.0,0.0,0,
std005,0,KL004,6684926c7289bd8432a31af5074bd32b85fff20f3961f66edf76fb6119b4b60b,208,1040,0,0.062161386013031006,-0.09584712982177734,0.15436936914920807,-0.00010177286223300194,0.0,-0.0,-0.0,-0.0,-0.00010177286223300194,0.0,0.0,0,
std005,0,KL006,6684926c7289bd8432a31af5074bd32b85fff20f3961f66edf76fb6119b4b60b,208,1040,0,0.01993373967707157,-0.03627517819404602,0.39598384499549866,-3.341373166315905e-05,0.0,-0.0,-0.0,-0.0,-3.341373166315905e-05,0.0,0.0,0,
std005,0,KL008,6684926c7289bd8432a31af5074bd32b85fff20f3961f66edf76fb6119b4b60b,208,1040,0,0.03302004933357239,-0.008565546944737434,0.4085031747817993,-0.0006599775359854755,0.0,-0.0,-0.0,-0.0,-0.0006599775359854755,0.0,0.0,0,
std005,0,KL001,6684926c7289bd8432a31af5074bd32b85fff20f3961f66edf76fb6119b4b60b,209,1045,0,0.04546967148780823,-0.09228691458702087,0.0586373433470726,-7.817488482906142e-05,0.0,-0.0,-0.0,-0.0,-7.817488482906142e-05,0.0,0.0,0,
std005,0,KL003,6684926c7289bd8432a31af5074bd32b85fff20f3961f66edf76fb6119b4b60b,209,1045,0,0.0979594960808754,-0.028479335829615593,0.07462766021490097,-0.00017409180584790598,0.0,-0.0,-0.0,-0.0,-0.00017409180584790598,0.0,0.0,0,
std005,0,KL004,6684926c7289bd8432a31af5074bd32b85fff20f3961f66edf76fb6119b4b60b,209,1045,0,0.062075771391391754,-0.09587138891220093,0.15572859346866608,-0.00010163602853438545,0.0,-0.0,-0.0,-0.0,-0.00010163602853438545,0.0,0.0,0,
std005,0,KL006,6684926c7289bd8432a31af5074bd32b85fff20f3961f66edf76fb6119b4b60b,209,1045,0,0.019753077998757362,-0.03648710995912552,0.3968052566051483,-3.314336990532097e-05,0.0,-0.0,-0.0,-0.0,-3.314336990532097e-05,0.0,0.0,0,
std005,0,KL008,6684926c7289bd8432a31af5074bd32b85fff20f3961f66edf76fb6119b4b60b,209,1045,0,0.03228612244129181,-0.008689237758517265,0.4111093282699585,-0.0006712446517811459,0.0,-0.0,-0.0,-0.0,-0.0006712446517811459,0.0,0.0,0,
std005,0,KL001,6684926c7289bd8432a31af5074bd32b85fff20f3961f66edf76fb6119b4b60b,210,1050,0,0.04572620242834091,-0.09237436950206757,0.0670495256781578,-7.88675704960752e-05,0.0,-0.0,-0.0,-0.0,-7.88675704960752e-05,0.0,0.0,0,
std005,0,KL003,6684926c7289bd8432a31af5074bd32b85fff20f3961f66edf76fb6119b4b60b,210,1050,0,0.0979158952832222,-0.02834714949131012,0.07422008365392685,-0.00017553413071804522,0.0,-0.0,-0.0,-0.0,-0.00017553413071804522,0.0,0.0,0,
std005,0,KL004,6684926c7289bd8432a31af5074bd32b85fff20f3961f66edf76fb6119b4b60b,210,1050,0,0.062000297009944916,-0.0959143340587616,0.1569550782442093,-0.00010151582092083562,0.0,-0.0,-0.0,-0.0,-0.00010151582092083562,0.0,0.0,0,
std005,0,KL006,6684926c7289bd8432a31af5074bd32b85fff20f3961f66edf76fb6119b4b60b,210,1050,0,0.019583122804760933,-0.036708325147628784,0.39755281805992126,-3.289253917248184e-05,0.0,-0.0,-0.0,-0.0,-3.289253917248184e-05,0.0,0.0,0,
std005,0,KL008,6684926c7289bd8432a31af5074bd32b85fff20f3961f66edf76fb6119b4b60b,210,1050,0,0.03154020756483078,-0.008811784908175468,0.4133956730365753,-0.0006829220790669976,0.0,-0.0,-0.0,-0.0,-0.0006829220790669976,0.0,0.0,0,
std005,0,KL001,6684926c7289bd8432a31af5074bd32b85fff20f3961f66edf76fb6119b4b60b,211,1055,0,0.04595690965652466,-0.09246032685041428,0.07530305534601212,-7.955053100456132e-05,0.0,-0.0,-0.0,-0.0,-7.955053100456132e-05,0.0,0.0,0,
std005,0,KL003,6684926c7289bd8432a31af5074bd32b85fff20f3961f66edf76fb6119b4b60b,211,1055,1,0.09788629412651062,-0.028233077377080917,0.07371633499860764,37.41698646394152,37.41716380974046,-0.0,-0.0,-0.0,-0.0001773457989386884,0.0,0.0,0,
std005,0,KL004,6684926c7289bd8432a31af5074bd32b85fff20f3961f66edf76fb6119b4b60b,211,1055,0,0.06192530691623688,-0.09596152603626251,0.15815439820289612,-0.00010139643219480278,0.0,-0.0,-0.0,-0.0,-0.00010139643219480278,0.0,0.0,0,
std005,0,KL006,6684926c7289bd8432a31af5074bd32b85fff20f3961f66edf76fb6119b4b60b,211,1055,0,0.019415318965911865,-0.03693171590566635,0.3982795178890228,-3.2647070820229775e-05,0.0,-0.0,-0.0,-0.0,-3.2647070820229775e-05,0.0,0.0,0,
std005,0,KL008,6684926c7289bd8432a31af5074bd32b85fff20f3961f66edf76fb6119b4b60b,211,1055,0,0.030784236267209053,-0.00892936997115612,0.4153198301792145,-0.0006950247982258185,0.0,-0.0,-0.0,-0.0,-0.0006950247982258185,0.0,0.0,0,
std005,0,KL001,6684926c7289bd8432a31af5074bd32b85fff20f3961f66edf76fb6119b4b60b,212,1060,0,0.03611993044614792,-0.05486738681793213,0.2052711695432663,-6.278492535510966e-05,0.0,-0.0,-0.0,-0.0,-6.278492535510966e-05,0.0,0.0,0,
std005,0,KL004,6684926c7289bd8432a31af5074bd32b85fff20f3961f66edf76fb6119b4b60b,212,1060,0,0.0451253280043602,-0.06631119549274445,0.1895938366651535,-7.389174348591846e-05,0.0,-0.0,-0.0,-0.0,-7.389174348591846e-05,0.0,0.0,0,
std005,0,KL006,6684926c7289bd8432a31af5074bd32b85fff20f3961f66edf76fb6119b4b60b,212,1060,0,0.04248391091823578,0.024732420220971107,0.4872949421405792,-7.151104720213786e-05,0.0,-0.0,-0.0,-0.0,-7.151104720213786e-05,0.0,0.0,0,
std005,0,KL008,6684926c7289bd8432a31af5074bd32b85fff20f3961f66edf76fb6119b4b60b,212,1060,0,0.03816451132297516,0.04996677488088608,0.5454795956611633,-0.0007211002601771107,0.0,-0.0,-0.0,-0.0,-0.0007211002601771107,0.0,0.0,0,
std005,0,KL001,6684926c7289bd8432a31af5074bd32b85fff20f3961f66edf76fb6119b4b60b,213,1065,0,0.01752125658094883,-0.06841129064559937,0.22349023818969727,-3.060121830702448e-05,0.0,-0.0,-0.0,-0.0,-3.060121830702448e-05,0.0,0.0,0,
std005,0,KL004,6684926c7289bd8432a31af5074bd32b85fff20f3961f66edf76fb6119b4b60b,213,1065,0,0.04612865298986435,-0.06575532257556915,0.1921476125717163,-7.553793033170077e-05,0.0,-0.0,-0.0,-0.0,-7.553793033170077e-05,0.0,0.0,0,
std005,0,KL006,6684926c7289bd8432a31af5074bd32b85fff20f3961f66edf76fb6119b4b60b,213,1065,0,0.04256497323513031,0.024446964263916016,0.48730382323265076,-7.175758116765073e-05,0.0,-0.0,-0.0,-0.0,-7.175758116765073e-05,0.0,0.0,0,
std005,0,KL008,6684926c7289bd8432a31af5074bd32b85fff20f3961f66edf76fb6119b4b60b,213,1065,0,0.0373440682888031,0.049565039575099945,0.5451036095619202,-0.0007333507340578842,0.0,-0.0,-0.0,-0.0,-0.0007333507340578842,0.0,0.0,0,
std005,0,KL001,6684926c7289bd8432a31af5074bd32b85fff20f3961f66edf76fb6119b4b60b,214,1070,0,0.017143135890364647,-0.06867127120494843,0.22483466565608978,-3.010452232975321e-05,0.0,-0.0,-0.0,-0.0,-3.010452232975321e-05,0.0,0.0,0,
std005,0,KL004,6684926c7289bd8432a31af5074bd32b85fff20f3961f66edf76fb6119b4b60b,214,1070,0,0.04625552147626877,-0.06582289934158325,0.19138102233409882,-7.574899431114802e-05,0.0,-0.0,-0.0,-0.0,-7.574899431114802e-05,0.0,0.0,0,
std005,0,KL006,6684926c7289bd8432a31af5074bd32b85fff20f3961f66edf76fb6119b4b60b,214,1070,0,0.04275479167699814,0.024087680503726006,0.48758822679519653,-7.218168732990968e-05,0.0,-0.0,-0.0,-0.0,-7.218168732990968e-05,0.0,0.0,0,
std005,0,KL008,6684926c7289bd8432a31af5074bd32b85fff20f3961f66edf76fb6119b4b60b,214,1070,0,0.036964915692806244,0.049479447305202484,0.5439903736114502,-0.0007467261219922243,0.0,-0.0,-0.0,-0.0,-0.0007467261219922243,0.0,0.0,0,
std005,0,KL001,6684926c7289bd8432a31af5074bd32b85fff20f3961f66edf76fb6119b4b60b,215,1075,0,0.017095735296607018,-0.06889038532972336,0.2284269481897354,-3.021271769644176e-05,0.0,-0.0,-0.0,-0.0,-3.021271769644176e-05,0.0,0.0,0,
std005,0,KL004,6684926c7289bd8432a31af5074bd32b85fff20f3961f66edf76fb6119b4b60b,215,1075,0,0.046241432428359985,-0.06585152447223663,0.19239623844623566,-7.572929334973893e-05,0.0,-0.0,-0.0,-0.0,-7.572929334973893e-05,0.0,0.0,0,
std005,0,KL006,6684926c7289bd8432a31af5074bd32b85fff20f3961f66edf76fb6119b4b60b,215,1075,0,0.042688317596912384,0.023961108177900314,0.4887746274471283,-7.218193437437051e-05,0.0,-0.0,-0.0,-0.0,-7.218193437437051e-05,0.0,0.0,0,
std005,0,KL008,6684926c7289bd8432a31af5074bd32b85fff20f3961f66edf76fb6119b4b60b,215,1075,0,0.03680872917175293,0.04935348033905029,0.5418280363082886,-0.0007607980293318119,0.0,-0.0,-0.0,-0.0,-0.0007607980293318119,0.0,0.0,0,
std005,0,KL001,6684926c7289bd8432a31af5074bd32b85fff20f3961f66edf76fb6119b4b60b,216,1080,0,0.017041506245732307,-0.0690944716334343,0.23168353736400604,-3.034380572233597e-05,0.0,-0.0,-0.0,-0.0,-3.034380572233597e-05,0.0,0.0,0,
std005,0,KL004,6684926c7289bd8432a31af5074bd32b85fff20f3961f66edf76fb6119b4b60b,216,1080,0,0.046225279569625854,-0.06587018817663193,0.19342781603336334,-7.570625261098513e-05,0.0,-0.0,-0.0,-0.0,-7.570625261098513e-05,0.0,0.0,0,
std005,0,KL006,6684926c7289bd8432a31af5074bd32b85fff20f3961f66edf76fb6119b4b60b,216,1080,0,0.04262097179889679,0.023832086473703384,0.4899996519088745,-7.218997275540644e-05,0.0,-0.0,-0.0,-0.0,-7.218997275540644e-05,0.0,0.0,0,
std005,0,KL008,6684926c7289bd8432a31af5074bd32b85fff20f3961f66edf76fb6119b4b60b,216,1080,0,0.036673545837402344,0.04922017455101013,0.5394062995910645,-0.0007751580341167014,0.0,-0.0,-0.0,-0.0,-0.0007751580341167014,0.0,0.0,0,
std005,0,KL001,6684926c7289bd8432a31af5074bd32b85fff20f3961f66edf76fb6119b4b60b,217,1085,1,0.016973720863461494,-0.06928477436304092,0.23455406725406647,37.41713569653161,37.41716380974046,-0.0,-0.0,-0.0,-2.8113208848878912e-05,0.0,0.0,0,
std005,0,KL004,6684926c7289bd8432a31af5074bd32b85fff20f3961f66edf76fb6119b4b60b,217,1085,0,0.04620799422264099,-0.0658918246626854,0.19444353878498077,-7.56813844911437e-05,0.0,-0.0,-0.0,-0.0,-7.56813844911437e-05,0.0,0.0,0,
std005,0,KL006,6684926c7289bd8432a31af5074bd32b85fff20f3961f66edf76fb6119b4b60b,217,1085,0,0.04256352037191391,0.02369673363864422,0.4912388026714325,-7.22252932161064e-05,0.0,-0.0,-0.0,-0.0,-7.22252932161064e-05,0.0,0.0,0,
std005,0,KL008,6684926c7289bd8432a31af5074bd32b85fff20f3961f66edf76fb6119b4b60b,217,1085,0,0.036562636494636536,0.04907343536615372,0.5367245674133301,-0.000789729122539944,0.0,-0.0,-0.0,-0.0,-0.000789729122539944,0.0,0.0,0,
std005,0,KL004,6684926c7289bd8432a31af5074bd32b85fff20f3961f66edf76fb6119b4b60b,218,1090,0,0.05028563737869263,-0.04550044983625412,0.17228944599628448,-8.23641344568243e-05,0.0,-0.0,-0.0,-0.0,-8.23641344568243e-05,0.0,0.0,0,
std005,0,KL006,6684926c7289bd8432a31af5074bd32b85fff20f3961f66edf76fb6119b4b60b,218,1090,0,0.024652574211359024,0.05372779816389084,0.6920118927955627,-4.1918995399403264e-05,0.0,-0.0,-0.0,-0.0,-4.1918995399403264e-05,0.0,0.0,0,
std005,0,KL008,6684926c7289bd8432a31af5074bd32b85fff20f3961f66edf76fb6119b4b60b,218,1090,0,0.03973269462585449,0.06392427533864975,0.5616437792778015,-0.000809802804761783,0.0,-0.0,-0.0,-0.0,-0.000809802804761783,0.0,0.0,0,
std005,0,KL004,6684926c7289bd8432a31af5074bd32b85fff20f3961f66edf76fb6119b4b60b,219,1095,0,0.05017830431461334,-0.04574508219957352,0.17495770752429962,-8.219270306517821e-05,0.0,-0.0,-0.0,-0.0,-8.219270306517821e-05,0.0,0.0,0,
std005,0,KL006,6684926c7289bd8432a31af5074bd32b85fff20f3961f66edf76fb6119b4b60b,219,1095,0,0.023929938673973083,0.0534215122461319,0.6948109269142151,-4.078164471673344e-05,0.0,-0.0,-0.0,-0.0,-4.078164471673344e-05,0.0,0.0,0,
std005,0,KL008,6684926c7289bd8432a31af5074bd32b85fff20f3961f66edf76fb6119b4b60b,219,1095,0,0.04008568823337555,0.06387203931808472,0.5624789595603943,-0.0008244606573221936,0.0,-0.0,-0.0,-0.0,-0.0008244606573221936,0.0,0.0,0,
std005,0,KL004,6684926c7289bd8432a31af5074bd32b85fff20f3961f66edf76fb6119b4b60b,220,1100,0,0.05021587014198303,-0.045694269239902496,0.17679671943187714,-8.22586707047371e-05,0.0,-0.0,-0.0,-0.0,-8.22586707047371e-05,0.0,0.0,0,
std005,0,KL006,6684926c7289bd8432a31af5074bd32b85fff20f3961f66edf76fb6119b4b60b,220,1100,0,0.023945622146129608,0.05320107191801071,0.6961031556129456,-4.0909369546727316e-05,0.0,-0.0,-0.0,-0.0,-4.0909369546727316e-05,0.0,0.0,0,
std005,0,KL008,6684926c7289bd8432a31af5074bd32b85fff20f3961f66edf76fb6119b4b60b,220,1100,0,0.04007640480995178,0.0639519914984703,0.5650942325592041,-0.0008378609011755408,0.0,-0.0,-0.0,-0.0,-0.0008378609011755408,0.0,0.0,0,
std005,0,KL004,6684926c7289bd8432a31af5074bd32b85fff20f3961f66edf76fb6119b4b60b,221,1105,0,0.05025392770767212,-0.045640863478183746,0.17871631681919098,-8.232551148833917e-05,0.0,-0.0,-0.0,-0.0,-8.232551148833917e-05,0.0,0.0,0,
std005,0,KL006,6684926c7289bd8432a31af5074bd32b85fff20f3961f66edf76fb6119b4b60b,221,1105,0,0.024006901308894157,0.052983202040195465,0.6973499059677124,-4.112647113765863e-05,0.0,-0.0,-0.0,-0.0,-4.112647113765863e-05,0.0,0.0,0,
std005,0,KL008,6684926c7289bd8432a31af5074bd32b85fff20f3961f66edf76fb6119b4b60b,221,1105,0,0.04004274308681488,0.06404934078454971,0.5679062008857727,-0.0008500952313609876,0.0,-0.0,-0.0,-0.0,-0.0008500952313609876,0.0,0.0,0,
std005,0,KL004,6684926c7289bd8432a31af5074bd32b85fff20f3961f66edf76fb6119b4b60b,222,1110,0,0.05028997361660004,-0.04558492451906204,0.18069668114185333,-8.238914214515741e-05,0.0,-0.0,-0.0,-0.0,-8.238914214515741e-05,0.0,0.0,0,
std005,0,KL006,6684926c7289bd8432a31af5074bd32b85fff20f3961f66edf76fb6119b4b60b,222,1110,0,0.024090105667710304,0.05275799334049225,0.6985964179039001,-4.1394951943150545e-05,0.0,-0.0,-0.0,-0.0,-4.1394951943150545e-05,0.0,0.0,0,
std005,0,KL008,6684926c7289bd8432a31af5074bd32b85fff20f3961f66edf76fb6119b4b60b,222,1110,0,0.04000699520111084,0.06414661556482315,0.5708281993865967,-0.0008602857357869035,0.0,-0.0,-0.0,-0.0,-0.0008602857357869035,0.0,0.0,0,
std005,0,KL004,6684926c7289bd8432a31af5074bd32b85fff20f3961f66edf76fb6119b4b60b,223,1115,0,0.05032295733690262,-0.04552600532770157,0.18276189267635345,-8.244781595856118e-05,0.0,-0.0,-0.0,-0.0,-8.244781595856118e-05,0.0,0.0,0,
std005,0,KL006,6684926c7289bd8432a31af5074bd32b85fff20f3961f66edf76fb6119b4b60b,223,1115,0,0.02420186810195446,0.052523285150527954,0.6998462080955505,-4.17291968022972e-05,0.0,-0.0,-0.0,-0.0,-4.17291968022972e-05,0.0,0.0,0,
std005,0,KL008,6684926c7289bd8432a31af5074bd32b85fff20f3961f66edf76fb6119b4b60b,223,1115,0,0.03997381776571274,0.06423920392990112,0.5739151239395142,-0.000866679777583119,0.0,-0.0,-0.0,-0.0,-0.000866679777583119,0.0,0.0,0,
std005,0,KL004,6684926c7289bd8432a31af5074bd32b85fff20f3961f66edf76fb6119b4b60b,224,1120,0,0.050351180136203766,-0.04546304792165756,0.18495775759220123,-8.249877754454785e-05,0.0,-0.0,-0.0,-0.0,-8.249877754454785e-05,0.0,0.0,0,
std005,0,KL006,6684926c7289bd8432a31af5074bd32b85fff20f3961f66edf76fb6119b4b60b,224,1120,0,0.024356896057724953,0.05227547883987427,0.7011018991470337,-4.215848307232122e-05,0.0,-0.0,-0.0,-0.0,-4.215848307232122e-05,0.0,0.0,0,
std005,0,KL008,6684926c7289bd8432a31af5074bd32b85fff20f3961f66edf76fb6119b4b60b,224,1120,0,0.039954788982868195,0.0643143579363823,0.5772688984870911,-0.000865300746885851,0.0,-0.0,-0.0,-0.0,-0.000865300746885851,0.0,0.0,0,
std005,0,KL004,6684926c7289bd8432a31af5074bd32b85fff20f3961f66edf76fb6119b4b60b,225,1125,0,0.05037084221839905,-0.04539401829242706,0.18738417327404022,-8.253578211023473e-05,0.0,-0.0,-0.0,-0.0,-8.253578211023473e-05,0.0,0.0,0,
std005,0,KL006,6684926c7289bd8432a31af5074bd32b85fff20f3961f66edf76fb6119b4b60b,225,1125,0,0.02458779327571392,0.05200715363025665,0.7023731470108032,-4.274477158964256e-05,0.0,-0.0,-0.0,-0.0,-4.274477158964256e-05,0.0,0.0,0,
std005,0,KL008,6684926c7289bd8432a31af5074bd32b85fff20f3961f66edf76fb6119b4b60b,225,1125,0,0.04000217467546463,0.06431925296783447,0.581062376499176,-0.0008437379547728015,0.0,-0.0,-0.0,-0.0,-0.0008437379547728015,0.0,0.0,0,
std005,0,KL004,6684926c7289bd8432a31af5074bd32b85fff20f3961f66edf76fb6119b4b60b,226,1130,0,0.05036953091621399,-0.04531425982713699,0.19033677875995636,-8.25385091336087e-05,0.0,-0.0,-0.0,-0.0,-8.25385091336087e-05,0.0,0.0,0,
std005,0,KL006,6684926c7289bd8432a31af5074bd32b85fff20f3961f66edf76fb6119b4b60b,226,1130,0,0.02499024011194706,0.051699742674827576,0.7037203907966614,-4.3662929669064614e-05,0.0,-0.0,-0.0,-0.0,-4.3662929669064614e-05,0.0,0.0,0,
std005,0,KL008,6684926c7289bd8432a31af5074bd32b85fff20f3961f66edf76fb6119b4b60b,226,1130,0,0.04080003499984741,0.06368248164653778,0.5849379301071167,-0.0007034286399190635,0.0,-0.0,-0.0,-0.0,-0.0007034286399190635,0.0,0.0,0,
std005,0,KL004,6684926c7289bd8432a31af5074bd32b85fff20f3961f66edf76fb6119b4b60b,227,1135,0,0.05023597925901413,-0.045230165123939514,0.1957787126302719,-8.232459581341981e-05,0.0,-0.0,-0.0,-0.0,-8.232459581341981e-05,0.0,0.0,0,
std005,0,KL006,6684926c7289bd8432a31af5074bd32b85fff20f3961f66edf76fb6119b4b60b,227,1135,0,0.04310037940740585,0.054517053067684174,0.6646627187728882,-7.57409774257566e-05,0.0,-0.0,-0.0,-0.0,-7.57409774257566e-05,0.0,0.0,0,
std005,0,KL008,6684926c7289bd8432a31af5074bd32b85fff20f3961f66edf76fb6119b4b60b,227,1135,0,0.05419585853815079,0.06321904063224792,0.5398211479187012,-0.0005598625792826635,0.0,-0.0,-0.0,-0.0,-0.0005598625792826635,0.0,0.0,0,
std005,0,KL004,6684926c7289bd8432a31af5074bd32b85fff20f3961f66edf76fb6119b4b60b,228,1140,0,0.050164587795734406,-0.04514867067337036,0.19976477324962616,-8.221261045726532e-05,0.0,-0.0,-0.0,-0.0,-8.221261045726532e-05,0.0,0.0,0,
std005,0,KL006,6684926c7289bd8432a31af5074bd32b85fff20f3961f66edf76fb6119b4b60b,228,1140,0,0.04655765742063522,0.06260180473327637,0.6096205711364746,-8.237549883151166e-05,0.0,-0.0,-0.0,-0.0,-8.237549883151166e-05,0.0,0.0,0,
std005,0,KL008,6684926c7289bd8432a31af5074bd32b85fff20f3961f66edf76fb6119b4b60b,228,1140,0,0.04988321661949158,0.05684375762939453,0.5998304486274719,-0.0004122629675263354,0.0,-0.0,-0.0,-0.0,-0.0004122629675263354,0.0,0.0,0,
std005,0,KL004,6684926c7289bd8432a31af5074bd32b85fff20f3961f66edf76fb6119b4b60b,229,1145,0,0.04996892809867859,-0.04529499262571335,0.20274190604686737,-8.189701194256585e-05,0.0,-0.0,-0.0,-0.0,-8.189701194256585e-05,0.0,0.0,0,
std005,0,KL006,6684926c7289bd8432a31af5074bd32b85fff20f3961f66edf76fb6119b4b60b,229,1145,0,0.03648047894239426,0.0587659552693367,0.6325446367263794,-6.507269503747145e-05,0.0,-0.0,-0.0,-0.0,-6.507269503747145e-05,0.0,0.0,0,
std005,0,KL008,6684926c7289bd8432a31af5074bd32b85fff20f3961f66edf76fb6119b4b60b,229,1145,0,0.028949303552508354,0.05065619945526123,0.6525036692619324,-0.0002597622691305839,0.0,-0.0,-0.0,-0.0,-0.0002597622691305839,0.0,0.0,0,
std005,0,KL004,6684926c7289bd8432a31af5074bd32b85fff20f3961f66edf76fb6119b4b60b,230,1150,0,0.04967041313648224,-0.045630864799022675,0.20460201799869537,-8.141287144186874e-05,0.0,-0.0,-0.0,-0.0,-8.141287144186874e-05,0.0,0.0,0,
std005,0,KL006,6684926c7289bd8432a31af5074bd32b85fff20f3961f66edf76fb6119b4b60b,230,1150,0,0.03868865221738815,0.057700760662555695,0.6247738599777222,-6.968970049640329e-05,0.0,-0.0,-0.0,-0.0,-6.968970049640329e-05,0.0,0.0,0,
std005,0,KL008,6684926c7289bd8432a31af5074bd32b85fff20f3961f66edf76fb6119b4b60b,230,1150,0,0.025851475074887276,0.04601733386516571,0.6420074701309204,-0.00010140800361244115,0.0,-0.0,-0.0,-0.0,-0.00010140800361244115,0.0,0.0,0,
std005,0,KL004,6684926c7289bd8432a31af5074bd32b85fff20f3961f66edf76fb6119b4b60b,231,1155,0,0.04938994348049164,-0.04597904533147812,0.20520927011966705,-8.095831519066093e-05,0.0,-0.0,-0.0,-0.0,-8.095831519066093e-05,0.0,0.0,0,
std005,0,KL006,6684926c7289bd8432a31af5074bd32b85fff20f3961f66edf76fb6119b4b60b,231,1155,0,0.04088789224624634,0.05696976184844971,0.6168943047523499,-7.454347099391226e-05,0.0,-0.0,-0.0,-0.0,-7.454347099391226e-05,0.0,0.0,0,
std005,0,KL008,6684926c7289bd8432a31af5074bd32b85fff20f3961f66edf76fb6119b4b60b,231,1155,0,0.022936882451176643,0.04006687551736832,0.6222369074821472,-3.930136304882174e-05,0.0,-0.0,-0.0,-0.0,-3.930136304882174e-05,0.0,0.0,0,
std005,0,KL004,6684926c7289bd8432a31af5074bd32b85fff20f3961f66edf76fb6119b4b60b,232,1160,0,0.049295805394649506,-0.046103209257125854,0.20611949265003204,-8.080920754085166e-05,0.0,-0.0,-0.0,-0.0,-8.080920754085166e-05,0.0,0.0,0,
std005,0,KL006,6684926c7289bd8432a31af5074bd32b85fff20f3961f66edf76fb6119b4b60b,232,1160,0,0.04169859737157822,0.056627556681632996,0.614915132522583,-7.718632697686201e-05,0.0,-0.0,-0.0,-0.0,-7.718632697686201e-05,0.0,0.0,0,
std005,0,KL008,6684926c7289bd8432a31af5074bd32b85fff20f3961f66edf76fb6119b4b60b,232,1160,0,0.02191724255681038,0.037427715957164764,0.6138269305229187,-3.7359522159108384e-05,0.0,-0.0,-0.0,-0.0,-3.7359522159108384e-05,0.0,0.0,0,
std005,0,KL004,6684926c7289bd8432a31af5074bd32b85fff20f3961f66edf76fb6119b4b60b,233,1165,0,0.04932377487421036,-0.04607660323381424,0.20768292248249054,-8.086034514276182e-05,0.0,-0.0,-0.0,-0.0,-8.086034514276182e-05,0.0,0.0,0,
std005,0,KL006,6684926c7289bd8432a31af5074bd32b85fff20f3961f66edf76fb6119b4b60b,233,1165,1,0.0417722687125206,0.05640982836484909,0.6162078380584717,37.41709399974956,37.41716380974046,-0.0,-0.0,-0.0,-6.980999089734041e-05,0.0,0.0,0,
std005,0,KL008,6684926c7289bd8432a31af5074bd32b85fff20f3961f66edf76fb6119b4b60b,233,1165,0,0.02197624184191227,0.037195831537246704,0.6155255436897278,-3.755267729097604e-05,0.0,-0.0,-0.0,-0.0,-3.755267729097604e-05,0.0,0.0,0,
std005,0,KL004,6684926c7289bd8432a31af5074bd32b85fff20f3961f66edf76fb6119b4b60b,234,1170,0,0.031600020825862885,-0.0015110000967979431,0.22219987213611603,-5.180896848046171e-05,0.0,-0.0,-0.0,-0.0,-5.180896848046171e-05,0.0,0.0,0,
std005,0,KL008,6684926c7289bd8432a31af5074bd32b85fff20f3961f66edf76fb6119b4b60b,234,1170,0,0.02609819732606411,0.08512961864471436,0.42154762148857117,-4.472095113139521e-05,0.0,-0.0,-0.0,-0.0,-4.472095113139521e-05,0.0,0.0,0,
std005,0,KL004,6684926c7289bd8432a31af5074bd32b85fff20f3961f66edf76fb6119b4b60b,235,1175,0,0.03106536529958248,-0.00018196925520896912,0.22283689677715302,-5.093670422257115e-05,0.0,-0.0,-0.0,-0.0,-5.093670422257115e-05,0.0,0.0,0,
std005,0,KL008,6684926c7289bd8432a31af5074bd32b85fff20f3961f66edf76fb6119b4b60b,235,1175,0,0.02606111206114292,0.08544845134019852,0.4278469383716583,-4.4796853009654776e-05,0.0,-0.0,-0.0,-0.0,-4.4796853009654776e-05,0.0,0.0,0,
std005,0,KL004,6684926c7289bd8432a31af5074bd32b85fff20f3961f66edf76fb6119b4b60b,236,1180,0,0.03107338771224022,-6.3087791204452515e-06,0.22463513910770416,-5.095426139721726e-05,0.0,-0.0,-0.0,-0.0,-5.095426139721726e-05,0.0,0.0,0,
std005,0,KL008,6684926c7289bd8432a31af5074bd32b85fff20f3961f66edf76fb6119b4b60b,236,1180,0,0.026051463559269905,0.08532862365245819,0.4306291341781616,-4.4937149783378904e-05,0.0,-0.0,-0.0,-0.0,-4.4937149783378904e-05,0.0,0.0,0,
std005,0,KL004,6684926c7289bd8432a31af5074bd32b85fff20f3961f66edf76fb6119b4b60b,237,1185,0,0.03109932690858841,0.0001330934464931488,0.2264682799577713,-5.100128456084577e-05,0.0,-0.0,-0.0,-0.0,-5.100128456084577e-05,0.0,0.0,0,
std005,0,KL008,6684926c7289bd8432a31af5074bd32b85fff20f3961f66edf76fb6119b4b60b,237,1185,0,0.0260466355830431,0.08519813418388367,0.433368057012558,-4.510666519150512e-05,0.0,-0.0,-0.0,-0.0,-4.510666519150512e-05,0.0,0.0,0,
std005,0,KL004,6684926c7289bd8432a31af5074bd32b85fff20f3961f66edf76fb6119b4b60b,238,1190,0,0.031124956905841827,0.00027143582701683044,0.22829236090183258,-5.104789828544997e-05,0.0,-0.0,-0.0,-0.0,-5.104789828544997e-05,0.0,0.0,0,
std005,0,KL008,6684926c7289bd8432a31af5074bd32b85fff20f3961f66edf76fb6119b4b60b,238,1190,0,0.026044031605124474,0.08505584299564362,0.43606287240982056,-4.530549513702178e-05,0.0,-0.0,-0.0,-0.0,-4.530549513702178e-05,0.0,0.0,0,
std005,0,KL004,6684926c7289bd8432a31af5074bd32b85fff20f3961f66edf76fb6119b4b60b,239,1195,0,0.031149521470069885,0.00040990300476551056,0.23010458052158356,-5.1092863108576965e-05,0.0,-0.0,-0.0,-0.0,-5.1092863108576965e-05,0.0,0.0,0,
std005,0,KL008,6684926c7289bd8432a31af5074bd32b85fff20f3961f66edf76fb6119b4b60b,239,1195,0,0.02604387141764164,0.08490027487277985,0.43870463967323303,-4.553997621324047e-05,0.0,-0.0,-0.0,-0.0,-4.553997621324047e-05,0.0,0.0,0,
std005,0,KL004,6684926c7289bd8432a31af5074bd32b85fff20f3961f66edf76fb6119b4b60b,240,1200,0,0.031172899529337883,0.000548509880900383,0.2319038063287735,-5.113598027377342e-05,0.0,-0.0,-0.0,-0.0,-5.113598027377342e-05,0.0,0.0,0,
std005,0,KL008,6684926c7289bd8432a31af5074bd32b85fff20f3961f66edf76fb6119b4b60b,240,1200,0,0.026046670973300934,0.08472984284162521,0.4412839710712433,-4.5818984917042896e-05,0.0,-0.0,-0.0,-0.0,-4.5818984917042896e-05,0.0,0.0,0,
std005,0,KL004,6684926c7289bd8432a31af5074bd32b85fff20f3961f66edf76fb6119b4b60b,241,1205,0,0.031194915995001793,0.0006872192025184631,0.23368842899799347,-5.1176969846908986e-05,0.0,-0.0,-0.0,-0.0,-5.1176969846908986e-05,0.0,0.0,0,
std005,0,KL008,6684926c7289bd8432a31af5074bd32b85fff20f3961f66edf76fb6119b4b60b,241,1205,0,0.026052962988615036,0.08454261720180511,0.4437897801399231,-4.615435702315773e-05,0.0,-0.0,-0.0,-0.0,-4.615435702315773e-05,0.0,0.0,0,
std005,0,KL004,6684926c7289bd8432a31af5074bd32b85fff20f3961f66edf76fb6119b4b60b,242,1210,0,0.031215405091643333,0.0008259657770395279,0.23545752465724945,-5.121556329642786e-05,0.0,-0.0,-0.0,-0.0,-5.121556329642786e-05,0.0,0.0,0,
std005,0,KL008,6684926c7289bd8432a31af5074bd32b85fff20f3961f66edf76fb6119b4b60b,242,1210,0,0.026063453406095505,0.08433612436056137,0.4462074637413025,-4.656265722059314e-05,0.0,-0.0,-0.0,-0.0,-4.656265722059314e-05,0.0,0.0,0,
std005,0,KL004,6684926c7289bd8432a31af5074bd32b85fff20f3961f66edf76fb6119b4b60b,243,1215,0,0.006064919754862785,0.010626835748553276,0.22958548367023468,-9.951869395452155e-06,0.0,-0.0,-0.0,-0.0,-9.951869395452155e-06,0.0,0.0,0,
std005,0,KL008,6684926c7289bd8432a31af5074bd32b85fff20f3961f66edf76fb6119b4b60b,243,1215,0,0.02607899345457554,0.0841071754693985,0.4485184848308563,-4.7067626728942034e-05,0.0,-0.0,-0.0,-0.0,-4.7067626728942034e-05,0.0,0.0,0,
std005,0,KL004,6684926c7289bd8432a31af5074bd32b85fff20f3961f66edf76fb6119b4b60b,244,1220,0,0.004721011035144329,0.012769151479005814,0.23010466992855072,-7.747482505192319e-06,0.0,-0.0,-0.0,-0.0,-7.747482505192319e-06,0.0,0.0,0,
std005,0,KL008,6684926c7289bd8432a31af5074bd32b85fff20f3961f66edf76fb6119b4b60b,244,1220,0,0.0259768795222044,0.08393944054841995,0.4516253173351288,-4.747845314028703e-05,0.0,-0.0,-0.0,-0.0,-4.747845314028703e-05,0.0,0.0,0,
std005,0,KL004,6684926c7289bd8432a31af5074bd32b85fff20f3961f66edf76fb6119b4b60b,245,1225,0,0.004625721834599972,0.013013758696615696,0.23197336494922638,-7.591930260019742e-06,0.0,-0.0,-0.0,-0.0,-7.591930260019742e-06,0.0,0.0,0,
std005,0,KL008,6684926c7289bd8432a31af5074bd32b85fff20f3961f66edf76fb6119b4b60b,245,1225,0,0.0260030347853899,0.083645761013031,0.45358797907829285,-4.829370859038298e-05,0.0,-0.0,-0.0,-0.0,-4.829370859038298e-05,0.0,0.0,0,
std005,0,KL004,6684926c7289bd8432a31af5074bd32b85fff20f3961f66edf76fb6119b4b60b,246,1230,0,0.004597068764269352,0.013157202862203121,0.23389728367328644,-7.545739954992698e-06,0.0,-0.0,-0.0,-0.0,-7.545739954992698e-06,0.0,0.0,0,
std005,0,KL008,6684926c7289bd8432a31af5074bd32b85fff20f3961f66edf76fb6119b4b60b,246,1230,1,0.026047011837363243,0.08331920206546783,0.4553802013397217,37.41712024498265,37.41716380974046,-0.0,-0.0,-0.0,-4.3564757810088395e-05,0.0,0.0,0,
std005,0,KL004,6684926c7289bd8432a31af5074bd32b85fff20f3961f66edf76fb6119b4b60b,247,1235,0,-0.03175097703933716,0.04042705148458481,0.07839129120111465,-5.210929867483685e-05,0.0,-0.0,-0.0,-0.0,-5.210929867483685e-05,0.0,0.0,0,
std005,0,KL004,6684926c7289bd8432a31af5074bd32b85fff20f3961f66edf76fb6119b4b60b,248,1240,0,-0.03227909654378891,0.043525226414203644,0.08579565584659576,-5.299682365878422e-05,0.0,-0.0,-0.0,-0.0,-5.299682365878422e-05,0.0,0.0,0,
std005,0,KL004,6684926c7289bd8432a31af5074bd32b85fff20f3961f66edf76fb6119b4b60b,249,1245,0,-0.032209061086177826,0.04368247091770172,0.08854006230831146,-5.2888779307915345e-05,0.0,-0.0,-0.0,-0.0,-5.2888779307915345e-05,0.0,0.0,0,
std005,0,KL004,6684926c7289bd8432a31af5074bd32b85fff20f3961f66edf76fb6119b4b60b,250,1250,0,-0.03212913125753403,0.04378926008939743,0.09121651947498322,-5.2764615628995195e-05,0.0,-0.0,-0.0,-0.0,-5.2764615628995195e-05,0.0,0.0,0,
std005,0,KL004,6684926c7289bd8432a31af5074bd32b85fff20f3961f66edf76fb6119b4b60b,251,1255,0,-0.03204832226037979,0.043894097208976746,0.09388606250286102,-5.263914866088959e-05,0.0,-0.0,-0.0,-0.0,-5.263914866088959e-05,0.0,0.0,0,
std005,0,KL004,6684926c7289bd8432a31af5074bd32b85fff20f3961f66edf76fb6119b4b60b,252,1260,0,-0.031966812908649445,0.04399774968624115,0.0965493842959404,-5.2512653642489894e-05,0.0,-0.0,-0.0,-0.0,-5.2512653642489894e-05,0.0,0.0,0,
std005,0,KL004,6684926c7289bd8432a31af5074bd32b85fff20f3961f66edf76fb6119b4b60b,253,1265,0,-0.03188464045524597,0.04410021752119064,0.09920644015073776,-5.238522636892926e-05,0.0,-0.0,-0.0,-0.0,-5.238522636892926e-05,0.0,0.0,0,
std005,0,KL004,6684926c7289bd8432a31af5074bd32b85fff20f3961f66edf76fb6119b4b60b,254,1270,0,-0.031801819801330566,0.04420151561498642,0.10185741633176804,-5.225687504537174e-05,0.0,-0.0,-0.0,-0.0,-5.225687504537174e-05,0.0,0.0,0,
std005,0,KL004,6684926c7289bd8432a31af5074bd32b85fff20f3961f66edf76fb6119b4b60b,255,1275,0,-0.03171839565038681,0.04430163651704788,0.10450183600187302,-5.212768691316755e-05,0.0,-0.0,-0.0,-0.0,-5.212768691316755e-05,0.0,0.0,0,
std005,0,KL004,6684926c7289bd8432a31af5074bd32b85fff20f3961f66edf76fb6119b4b60b,256,1280,0,-0.031634390354156494,0.04440062493085861,0.10714031010866165,-5.199770104193411e-05,0.0,-0.0,-0.0,-0.0,-5.199770104193411e-05,0.0,0.0,0,
std005,0,KL004,6684926c7289bd8432a31af5074bd32b85fff20f3961f66edf76fb6119b4b60b,257,1285,0,-0.031549833714962006,0.044498443603515625,0.10977179557085037,-5.186697421553394e-05,0.0,-0.0,-0.0,-0.0,-5.186697421553394e-05,0.0,0.0,0,
std005,0,KL004,6684926c7289bd8432a31af5074bd32b85fff20f3961f66edf76fb6119b4b60b,258,1290,0,-0.03146476298570633,0.0445951372385025,0.11239729076623917,-5.1735565869426625e-05,0.0,-0.0,-0.0,-0.0,-5.1735565869426625e-05,0.0,0.0,0,
std005,0,KL004,6684926c7289bd8432a31af5074bd32b85fff20f3961f66edf76fb6119b4b60b,259,1295,0,-0.03137917071580887,0.04469069838523865,0.11501609534025192,-5.160348390665118e-05,0.0,-0.0,-0.0,-0.0,-5.160348390665118e-05,0.0,0.0,0,
std005,0,KL004,6684926c7289bd8432a31af5074bd32b85fff20f3961f66edf76fb6119b4b60b,260,1300,0,-0.03129313886165619,0.04478513449430466,0.117628313601017,-5.1470859925656175e-05,0.0,-0.0,-0.0,-0.0,-5.1470859925656175e-05,0.0,0.0,0,
std005,0,KL004,6684926c7289bd8432a31af5074bd32b85fff20f3961f66edf76fb6119b4b60b,261,1305,0,-0.03120664693415165,0.044878460466861725,0.12023415416479111,-5.1337666352066624e-05,0.0,-0.0,-0.0,-0.0,-5.1337666352066624e-05,0.0,0.0,0,
std005,0,KL004,6684926c7289bd8432a31af5074bd32b85fff20f3961f66edf76fb6119b4b60b,262,1310,0,-0.03111974336206913,0.044970691204071045,0.12283318489789963,-5.120398804326752e-05,0.0,-0.0,-0.0,-0.0,-5.120398804326752e-05,0.0,0.0,0,
std005,0,KL004,6684926c7289bd8432a31af5074bd32b85fff20f3961f66edf76fb6119b4b60b,263,1315,0,-0.031032444909214973,0.04506181925535202,0.12542562186717987,-5.106987573956643e-05,0.0,-0.0,-0.0,-0.0,-5.106987573956643e-05,0.0,0.0,0,
std005,0,KL004,6684926c7289bd8432a31af5074bd32b85fff20f3961f66edf76fb6119b4b60b,264,1320,0,-0.030944788828492165,0.04515185207128525,0.1280113160610199,-5.093538124644918e-05,0.0,-0.0,-0.0,-0.0,-5.093538124644918e-05,0.0,0.0,0,
std005,0,KL004,6684926c7289bd8432a31af5074bd32b85fff20f3961f66edf76fb6119b4b60b,265,1325,0,-0.030856771394610405,0.045240819454193115,0.1305904984474182,-5.0800519095840946e-05,0.0,-0.0,-0.0,-0.0,-5.0800519095840946e-05,0.0,0.0,0,
std005,0,KL004,6684926c7289bd8432a31af5074bd32b85fff20f3961f66edf76fb6119b4b60b,266,1330,0,-0.030768444761633873,0.045328713953495026,0.13316303491592407,-5.066537960144352e-05,0.0,-0.0,-0.0,-0.0,-5.066537960144352e-05,0.0,0.0,0,
std005,0,KL004,6684926c7289bd8432a31af5074bd32b85fff20f3961f66edf76fb6119b4b60b,267,1335,0,-0.03067983128130436,0.04541553556919098,0.13572895526885986,-5.05300095317942e-05,0.0,-0.0,-0.0,-0.0,-5.05300095317942e-05,0.0,0.0,0,
std005,0,KL004,6684926c7289bd8432a31af5074bd32b85fff20f3961f66edf76fb6119b4b60b,268,1340,0,-0.030590930953621864,0.04550131410360336,0.13828794658184052,-5.039441585768028e-05,0.0,-0.0,-0.0,-0.0,-5.039441585768028e-05,0.0,0.0,0,
std005,0,KL004,6684926c7289bd8432a31af5074bd32b85fff20f3961f66edf76fb6119b4b60b,269,1345,0,-0.03050178848206997,0.045586034655570984,0.1408405601978302,-5.025868723449814e-05,0.0,-0.0,-0.0,-0.0,-5.025868723449814e-05,0.0,0.0,0,
std005,0,KL004,6684926c7289bd8432a31af5074bd32b85fff20f3961f66edf76fb6119b4b60b,270,1350,0,-0.03041241504251957,0.04566970467567444,0.14338640868663788,-5.0122858851836565e-05,0.0,-0.0,-0.0,-0.0,-5.0122858851836565e-05,0.0,0.0,0,
std005,0,KL004,6684926c7289bd8432a31af5074bd32b85fff20f3961f66edf76fb6119b4b60b,271,1355,0,-0.030322829261422157,0.04575233906507492,0.1459254026412964,-4.998695951814669e-05,0.0,-0.0,-0.0,-0.0,-4.998695951814669e-05,0.0,0.0,0,
std005,0,KL004,6684926c7289bd8432a31af5074bd32b85fff20f3961f66edf76fb6119b4b60b,272,1360,0,-0.03023306094110012,0.045833952724933624,0.14845792949199677,-4.9851067084623685e-05,0.0,-0.0,-0.0,-0.0,-4.9851067084623685e-05,0.0,0.0,0,
std005,0,KL004,6684926c7289bd8432a31af5074bd32b85fff20f3961f66edf76fb6119b4b60b,273,1365,0,-0.0301431305706501,0.045914530754089355,0.15098385512828827,-4.971522400424303e-05,0.0,-0.0,-0.0,-0.0,-4.971522400424303e-05,0.0,0.0,0,
std005,0,KL004,6684926c7289bd8432a31af5074bd32b85fff20f3961f66edf76fb6119b4b60b,274,1370,0,-0.030053040012717247,0.04599408805370331,0.15350300073623657,-4.9579449462074744e-05,0.0,-0.0,-0.0,-0.0,-4.9579449462074744e-05,0.0,0.0,0,
std005,0,KL004,6684926c7289bd8432a31af5074bd32b85fff20f3961f66edf76fb6119b4b60b,275,1375,0,-0.02996283397078514,0.04607263207435608,0.1560155153274536,-4.944382628078053e-05,0.0,-0.0,-0.0,-0.0,-4.944382628078053e-05,0.0,0.0,0,
std005,0,KL004,6684926c7289bd8432a31af5074bd32b85fff20f3961f66edf76fb6119b4b60b,276,1380,0,-0.02987249195575714,0.046150147914886475,0.15852117538452148,-4.930834631407644e-05,0.0,-0.0,-0.0,-0.0,-4.930834631407644e-05,0.0,0.0,0,
std005,0,KL004,6684926c7289bd8432a31af5074bd32b85fff20f3961f66edf76fb6119b4b60b,277,1385,0,-0.029782088473439217,0.046226657927036285,0.161020427942276,-4.917315318060351e-05,0.0,-0.0,-0.0,-0.0,-4.917315318060351e-05,0.0,0.0,0,
std005,0,KL004,6684926c7289bd8432a31af5074bd32b85fff20f3961f66edf76fb6119b4b60b,278,1390,0,-0.02969159558415413,0.04630214720964432,0.16351318359375,-4.903821294013596e-05,0.0,-0.0,-0.0,-0.0,-4.903821294013596e-05,0.0,0.0,0,
std005,0,KL004,6684926c7289bd8432a31af5074bd32b85fff20f3961f66edf76fb6119b4b60b,279,1395,0,-0.029601050540804863,0.046376630663871765,0.16599933803081512,-4.8903610452563616e-05,0.0,-0.0,-0.0,-0.0,-4.8903610452563616e-05,0.0,0.0,0,
std005,0,KL004,6684926c7289bd8432a31af5074bd32b85fff20f3961f66edf76fb6119b4b60b,280,1400,0,-0.029510434716939926,0.04645010083913803,0.16847862303256989,-4.876934152893858e-05,0.0,-0.0,-0.0,-0.0,-4.876934152893858e-05,0.0,0.0,0,
std005,0,KL004,6684926c7289bd8432a31af5074bd32b85fff20f3961f66edf76fb6119b4b60b,281,1405,0,-0.02941981330513954,0.04652255028486252,0.17095157504081726,-4.8635536267125986e-05,0.0,-0.0,-0.0,-0.0,-4.8635536267125986e-05,0.0,0.0,0,
std005,0,KL004,6684926c7289bd8432a31af5074bd32b85fff20f3961f66edf76fb6119b4b60b,282,1410,0,-0.029329171404242516,0.04659399390220642,0.17341792583465576,-4.850219672929618e-05,0.0,-0.0,-0.0,-0.0,-4.850219672929618e-05,0.0,0.0,0,
std005,0,KL004,6684926c7289bd8432a31af5074bd32b85fff20f3961f66edf76fb6119b4b60b,283,1415,0,-0.029238536953926086,0.046664416790008545,0.17587776482105255,-4.836940093334397e-05,0.0,-0.0,-0.0,-0.0,-4.836940093334397e-05,0.0,0.0,0,
std005,0,KL004,6684926c7289bd8432a31af5074bd32b85fff20f3961f66edf76fb6119b4b60b,284,1420,0,-0.029147913679480553,0.04673382639884949,0.17833103239536285,-4.8237176732366954e-05,0.0,-0.0,-0.0,-0.0,-4.8237176732366954e-05,0.0,0.0,0,
std005,0,KL004,6684926c7289bd8432a31af5074bd32b85fff20f3961f66edf76fb6119b4b60b,285,1425,0,-0.029057318344712257,0.04680221527814865,0.18077793717384338,-4.810559380219454e-05,0.0,-0.0,-0.0,-0.0,-4.810559380219454e-05,0.0,0.0,0,
std005,0,KL004,6684926c7289bd8432a31af5074bd32b85fff20f3961f66edf76fb6119b4b60b,286,1430,0,-0.028966767713427544,0.04686954617500305,0.18321837484836578,-4.797471603607111e-05,0.0,-0.0,-0.0,-0.0,-4.797471603607111e-05,0.0,0.0,0,
std005,0,KL004,6684926c7289bd8432a31af5074bd32b85fff20f3961f66edf76fb6119b4b60b,287,1435,0,-0.028876271098852158,0.04693583399057388,0.1856522560119629,-4.7844596855540534e-05,0.0,-0.0,-0.0,-0.0,-4.7844596855540534e-05,0.0,0.0,0,
std005,0,KL004,6684926c7289bd8432a31af5074bd32b85fff20f3961f66edf76fb6119b4b60b,288,1440,0,-0.028785841539502144,0.047001078724861145,0.1880796104669571,-4.7715293821692874e-05,0.0,-0.0,-0.0,-0.0,-4.7715293821692874e-05,0.0,0.0,0,
std005,0,KL004,6684926c7289bd8432a31af5074bd32b85fff20f3961f66edf76fb6119b4b60b,289,1445,0,-0.02869548834860325,0.047065265476703644,0.19050058722496033,-4.758688053522913e-05,0.0,-0.0,-0.0,-0.0,-4.758688053522913e-05,0.0,0.0,0,
std005,0,KL004,6684926c7289bd8432a31af5074bd32b85fff20f3961f66edf76fb6119b4b60b,290,1450,0,-0.028605224564671516,0.0471283495426178,0.19291535019874573,-4.745941943970052e-05,0.0,-0.0,-0.0,-0.0,-4.745941943970052e-05,0.0,0.0,0,
std005,0,KL004,6684926c7289bd8432a31af5074bd32b85fff20f3961f66edf76fb6119b4b60b,291,1455,0,-0.028515053912997246,0.047190360724925995,0.19532343745231628,-4.733297427168374e-05,0.0,-0.0,-0.0,-0.0,-4.733297427168374e-05,0.0,0.0,0,
std005,0,KL004,6684926c7289bd8432a31af5074bd32b85fff20f3961f66edf76fb6119b4b60b,292,1460,0,-0.028424987569451332,0.04725125432014465,0.19772525131702423,-4.7207618860939596e-05,0.0,-0.0,-0.0,-0.0,-4.7207618860939596e-05,0.0,0.0,0,
std005,0,KL004,6684926c7289bd8432a31af5074bd32b85fff20f3961f66edf76fb6119b4b60b,293,1465,0,-0.028335051611065865,0.04731103777885437,0.2001204937696457,-4.708347876513745e-05,0.0,-0.0,-0.0,-0.0,-4.708347876513745e-05,0.0,0.0,0,
std005,0,KL004,6684926c7289bd8432a31af5074bd32b85fff20f3961f66edf76fb6119b4b60b,294,1470,0,-0.028245242312550545,0.04736964404582977,0.20250962674617767,-4.696060089017001e-05,0.0,-0.0,-0.0,-0.0,-4.696060089017001e-05,0.0,0.0,0,
std005,0,KL004,6684926c7289bd8432a31af5074bd32b85fff20f3961f66edf76fb6119b4b60b,295,1475,0,-0.028155574575066566,0.04742709547281265,0.20489205420017242,-4.683909680218198e-05,0.0,-0.0,-0.0,-0.0,-4.683909680218198e-05,0.0,0.0,0,
std005,0,KL004,6684926c7289bd8432a31af5074bd32b85fff20f3961f66edf76fb6119b4b60b,296,1480,0,-0.02806604839861393,0.047483332455158234,0.20726817846298218,-4.671905763026401e-05,0.0,-0.0,-0.0,-0.0,-4.671905763026401e-05,0.0,0.0,0,
std005,0,KL004,6684926c7289bd8432a31af5074bd32b85fff20f3961f66edf76fb6119b4b60b,297,1485,0,-0.02797667868435383,0.04753834009170532,0.20963777601718903,-4.6600598485807856e-05,0.0,-0.0,-0.0,-0.0,-4.6600598485807856e-05,0.0,0.0,0,
std005,0,KL004,6684926c7289bd8432a31af5074bd32b85fff20f3961f66edf76fb6119b4b60b,298,1490,0,-0.027887459844350815,0.047592081129550934,0.21200084686279297,-4.6483821976194976e-05,0.0,-0.0,-0.0,-0.0,-4.6483821976194976e-05,0.0,0.0,0,
std005,0,KL004,6684926c7289bd8432a31af5074bd32b85fff20f3961f66edf76fb6119b4b60b,299,1495,0,-0.027798408642411232,0.047644518315792084,0.21435771882534027,-4.636887317144388e-05,0.0,-0.0,-0.0,-0.0,-4.636887317144388e-05,0.0,0.0,0,
std005,0,KL004,6684926c7289bd8432a31af5074bd32b85fff20f3961f66edf76fb6119b4b60b,300,1500,0,-0.027709554880857468,0.04769560694694519,0.2167077511548996,-4.625593053962681e-05,0.0,-0.0,-0.0,-0.0,-4.625593053962681e-05,0.0,0.0,0,
std005,0,KL004,6684926c7289bd8432a31af5074bd32b85fff20f3961f66edf76fb6119b4b60b,301,1505,0,-0.02762085758149624,0.04774530231952667,0.21905140578746796,-4.614507995402248e-05,0.0,-0.0,-0.0,-0.0,-4.614507995402248e-05,0.0,0.0,0,
std005,0,KL004,6684926c7289bd8432a31af5074bd32b85fff20f3961f66edf76fb6119b4b60b,302,1510,0,-0.027532370761036873,0.047793567180633545,0.22138838469982147,-4.603657951806401e-05,0.0,-0.0,-0.0,-0.0,-4.603657951806401e-05,0.0,0.0,0,
std005,0,KL004,6684926c7289bd8432a31af5074bd32b85fff20f3961f66edf76fb6119b4b60b,303,1515,0,-0.02744406647980213,0.04784032702445984,0.2237187922000885,-4.59305559026342e-05,0.0,-0.0,-0.0,-0.0,-4.59305559026342e-05,0.0,0.0,0,
std005,0,KL004,6684926c7289bd8432a31af5074bd32b85fff20f3961f66edf76fb6119b4b60b,304,1520,0,-0.027355968952178955,0.04788552224636078,0.2260422557592392,-4.58272745881932e-05,0.0,-0.0,-0.0,-0.0,-4.58272745881932e-05,0.0,0.0,0,
std005,0,KL004,6684926c7289bd8432a31af5074bd32b85fff20f3961f66edf76fb6119b4b60b,305,1525,0,-0.027268070727586746,0.047929078340530396,0.22835887968540192,-4.572694532938218e-05,0.0,-0.0,-0.0,-0.0,-4.572694532938218e-05,0.0,0.0,0,
std005,0,KL004,6684926c7289bd8432a31af5074bd32b85fff20f3961f66edf76fb6119b4b60b,306,1530,0,-0.027180397883057594,0.04797092080116272,0.23066866397857666,-4.5629900300681275e-05,0.0,-0.0,-0.0,-0.0,-4.5629900300681275e-05,0.0,0.0,0,
std005,0,KL004,6684926c7289bd8432a31af5074bd32b85fff20f3961f66edf76fb6119b4b60b,307,1535,0,-0.0270929504185915,0.048010967671871185,0.2329714298248291,-4.553643346729864e-05,0.0,-0.0,-0.0,-0.0,-4.553643346729864e-05,0.0,0.0,0,
std005,0,KL004,6684926c7289bd8432a31af5074bd32b85fff20f3961f66edf76fb6119b4b60b,308,1540,0,-0.027005726471543312,0.04804912954568863,0.23526693880558014,-4.544690066941089e-05,0.0,-0.0,-0.0,-0.0,-4.544690066941089e-05,0.0,0.0,0,
std005,0,KL004,6684926c7289bd8432a31af5074bd32b85fff20f3961f66edf76fb6119b4b60b,309,1545,0,-0.026918727904558182,0.048085279762744904,0.23755493760108948,-4.5361723704856915e-05,0.0,-0.0,-0.0,-0.0,-4.5361723704856915e-05,0.0,0.0,0,
std005,0,KL004,6684926c7289bd8432a31af5074bd32b85fff20f3961f66edf76fb6119b4b60b,310,1550,0,-0.0268319770693779,0.04811931401491165,0.23983564972877502,-4.528140605730882e-05,0.0,-0.0,-0.0,-0.0,-4.528140605730882e-05,0.0,0.0,0,
std005,0,KL004,6684926c7289bd8432a31af5074bd32b85fff20f3961f66edf76fb6119b4b60b,311,1555,0,-0.026745473966002464,0.048151083290576935,0.24210815131664276,-4.520648976741815e-05,0.0,-0.0,-0.0,-0.0,-4.520648976741815e-05,0.0,0.0,0,
std005,0,KL004,6684926c7289bd8432a31af5074bd32b85fff20f3961f66edf76fb6119b4b60b,312,1560,0,-0.026659229770302773,0.04818043112754822,0.24437285959720612,-4.513765669247119e-05,0.0,-0.0,-0.0,-0.0,-4.513765669247119e-05,0.0,0.0,0,
std005,0,KL004,6684926c7289bd8432a31af5074bd32b85fff20f3961f66edf76fb6119b4b60b,313,1565,0,-0.026573261246085167,0.04820721596479416,0.24662910401821136,-4.5075685580731364e-05,0.0,-0.0,-0.0,-0.0,-4.5075685580731364e-05,0.0,0.0,0,
std005,0,KL004,6684926c7289bd8432a31af5074bd32b85fff20f3961f66edf76fb6119b4b60b,314,1570,0,-0.026487553492188454,0.04823119938373566,0.24887670576572418,-4.502146784443672e-05,0.0,-0.0,-0.0,-0.0,-4.502146784443672e-05,0.0,0.0,0,
std005,0,KL004,6684926c7289bd8432a31af5074bd32b85fff20f3961f66edf76fb6119b4b60b,315,1575,0,-0.026402147486805916,0.04825218766927719,0.2511149048805237,-4.497615588541002e-05,0.0,-0.0,-0.0,-0.0,-4.497615588541002e-05,0.0,0.0,0,
std005,0,KL004,6684926c7289bd8432a31af5074bd32b85fff20f3961f66edf76fb6119b4b60b,316,1580,0,-0.02631705440580845,0.04826992005109787,0.25334325432777405,-4.494107832043307e-05,0.0,-0.0,-0.0,-0.0,-4.494107832043307e-05,0.0,0.0,0,
std005,0,KL004,6684926c7289bd8432a31af5074bd32b85fff20f3961f66edf76fb6119b4b60b,317,1585,0,-0.026232270523905754,0.04828408360481262,0.2555614709854126,-4.491782747003226e-05,0.0,-0.0,-0.0,-0.0,-4.491782747003226e-05,0.0,0.0,0,
std005,0,KL004,6684926c7289bd8432a31af5074bd32b85fff20f3961f66edf76fb6119b4b60b,318,1590,0,-0.026147842407226562,0.04829435050487518,0.25776854157447815,-4.490846125207208e-05,0.0,-0.0,-0.0,-0.0,-4.490846125207208e-05,0.0,0.0,0,
std005,0,KL004,6684926c7289bd8432a31af5074bd32b85fff20f3961f66edf76fb6119b4b60b,319,1595,0,-0.02606377936899662,0.048300355672836304,0.2599632740020752,-4.49154475299699e-05,0.0,-0.0,-0.0,-0.0,-4.49154475299699e-05,0.0,0.0,0,
std005,0,KL004,6684926c7289bd8432a31af5074bd32b85fff20f3961f66edf76fb6119b4b60b,320,1600,0,-0.02598012611269951,0.0483015701174736,0.2621447741985321,-4.49419827135382e-05,0.0,-0.0,-0.0,-0.0,-4.49419827135382e-05,0.0,0.0,0,
std005,0,KL004,6684926c7289bd8432a31af5074bd32b85fff20f3961f66edf76fb6119b4b60b,321,1605,0,-0.025896934792399406,0.04829750210046768,0.26431190967559814,-4.4992116933390724e-05,0.0,-0.0,-0.0,-0.0,-4.4992116933390724e-05,0.0,0.0,0,
std005,0,KL004,6684926c7289bd8432a31af5074bd32b85fff20f3961f66edf76fb6119b4b60b,322,1610,0,-0.025814231485128403,0.048287443816661835,0.2664627730846405,-4.507108630162481e-05,0.0,-0.0,-0.0,-0.0,-4.507108630162481e-05,0.0,0.0,0,
std005,0,KL004,6684926c7289bd8432a31af5074bd32b85fff20f3961f66edf76fb6119b4b60b,323,1615,0,-0.02573210932314396,0.04827062785625458,0.2685950994491577,-4.518592918512684e-05,0.0,-0.0,-0.0,-0.0,-4.518592918512684e-05,0.0,0.0,0,
std005,0,KL004,6684926c7289bd8432a31af5074bd32b85fff20f3961f66edf76fb6119b4b60b,324,1620,0,-0.025650659576058388,0.04824608564376831,0.27070602774620056,-4.534613096755284e-05,0.0,-0.0,-0.0,-0.0,-4.534613096755284e-05,0.0,0.0,0,
std005,0,KL004,6684926c7289bd8432a31af5074bd32b85fff20f3961f66edf76fb6119b4b60b,325,1625,0,-0.025570008903741837,0.048212602734565735,0.2727918326854706,-4.556489210311853e-05,0.0,-0.0,-0.0,-0.0,-4.556489210311853e-05,0.0,0.0,0,
std005,0,KL004,6684926c7289bd8432a31af5074bd32b85fff20f3961f66edf76fb6119b4b60b,326,1630,1,-0.025490334257483482,0.04816865921020508,0.27484819293022156,37.417119839037994,37.41716380974046,-0.0,-0.0,-0.0,-4.397070246398016e-05,0.0,0.0,0,
std005,1,KL001,ccab10940199f04759a7aee3b98da016aa5c2c4f70da11a1ab00aafd823377c1,0,0,0,0.017743362113833427,-0.003762548789381981,-0.5661871433258057,-2.8988091322610096e-05,0.0,-0.0,-0.0,-0.0,-2.8988091322610096e-05,0.0,0.0,0,
std005,1,KL002,ccab10940199f04759a7aee3b98da016aa5c2c4f70da11a1ab00aafd823377c1,0,0,0,0.03888974338769913,-0.033855825662612915,-1.2349445819854736,-6.344106172703075e-05,0.0,-0.0,-0.0,-0.0,-6.344106172703075e-05,0.0,0.0,0,
std005,1,KL003,ccab10940199f04759a7aee3b98da016aa5c2c4f70da11a1ab00aafd823377c1,0,0,0,0.0479467436671257,-0.05298516899347305,-1.6823474168777466,-1.527439713313405e-05,0.0,-0.0,-0.0,-0.0,-1.527439713313405e-05,0.0,0.0,1,149.27081298828125
std005,1,KL004,ccab10940199f04759a7aee3b98da016aa5c2c4f70da11a1ab00aafd823377c1,0,0,0,0.02808169089257717,-0.040288738906383514,-0.5749820470809937,-4.5873946086019076e-05,0.0,-0.0,-0.0,-0.0,-4.5873946086019076e-05,0.0,0.0,0,
std005,1,KL005,ccab10940199f04759a7aee3b98da016aa5c2c4f70da11a1ab00aafd823377c1,0,0,0,0.09868144243955612,-0.012697708792984486,-0.8791847825050354,-0.00015036163932421437,0.0,-0.0,-0.0,-0.0,-0.00015036163932421437,0.0,0.0,1,149.27081298828125
std005,1,KL006,ccab10940199f04759a7aee3b98da016aa5c2c4f70da11a1ab00aafd823377c1,0,0,0,0.04146278649568558,-0.04650769382715225,-0.9507851600646973,-6.769015110431784e-05,0.0,-0.0,-0.0,-0.0,-6.769015110431784e-05,0.0,0.0,0,
std005,1,KL007,ccab10940199f04759a7aee3b98da016aa5c2c4f70da11a1ab00aafd823377c1,0,0,0,0.09616947174072266,-0.05261363089084625,-0.9452515840530396,-0.00015152722744820376,0.0,-0.0,-0.0,-0.0,-0.00015152722744820376,0.0,0.0,0,
std005,1,KL008,ccab10940199f04759a7aee3b98da016aa5c2c4f70da11a1ab00aafd823377c1,0,0,0,0.002063802443444729,-0.02859351970255375,-0.19609500467777252,-0.00016316736451947077,0.0,-0.0,-0.0,-0.0,-0.00016316736451947077,0.0,0.0,0,
std005,1,KL009,ccab10940199f04759a7aee3b98da016aa5c2c4f70da11a1ab00aafd823377c1,0,0,0,0.022988634184002876,-0.04051488637924194,-0.7422121167182922,-3.7545668149213684e-05,0.0,-0.0,-0.0,-0.0,-3.7545668149213684e-05,0.0,0.0,0,
std005,1,KL0010,ccab10940199f04759a7aee3b98da016aa5c2c4f70da11a1ab00aafd823377c1,0,0,0,0.024159807711839676,-0.03638237714767456,-0.6374915838241577,-3.950255254814549e-05,0.0,-0.0,-0.0,-0.0,-3.950255254814549e-05,0.0,0.0,0,
std005,1,KL001,ccab10940199f04759a7aee3b98da016aa5c2c4f70da11a1ab00aafd823377c1,1,5,0,0.018525419756770134,-0.0038719801232218742,-0.5393697023391724,-3.0266771152563567e-05,0.0,-0.0,-0.0,-0.0,-3.0266771152563567e-05,0.0,0.0,0,
std005,1,KL002,ccab10940199f04759a7aee3b98da016aa5c2c4f70da11a1ab00aafd823377c1,1,5,0,0.04066561907529831,-0.032465994358062744,-1.2695832252502441,-6.637139230082292e-05,0.0,-0.0,-0.0,-0.0,-6.637139230082292e-05,0.0,0.0,0,
std005,1,KL003,ccab10940199f04759a7aee3b98da016aa5c2c4f70da11a1ab00aafd823377c1,1,5,0,0.06339779496192932,-0.03468918055295944,-1.3762294054031372,-3.9641061674340245e-05,0.0,-0.0,-0.0,-0.0,-3.9641061674340245e-05,0.0,0.0,1,141.02757263183594
std005,1,KL004,ccab10940199f04759a7aee3b98da016aa5c2c4f70da11a1ab00aafd823377c1,1,5,0,0.02956884540617466,-0.039239801466464996,-0.565319299697876,-4.832233734692362e-05,0.0,-0.0,-0.0,-0.0,-4.832233734692362e-05,0.0,0.0,0,
std005,1,KL005,ccab10940199f04759a7aee3b98da016aa5c2c4f70da11a1ab00aafd823377c1,1,5,0,0.07924108952283859,-0.024104909971356392,-0.6555453538894653,-0.00012960372917236759,0.0,-0.0,-0.0,-0.0,-0.00012960372917236759,0.0,0.0,0,
std005,1,KL006,ccab10940199f04759a7aee3b98da016aa5c2c4f70da11a1ab00aafd823377c1,1,5,0,0.04369376599788666,-0.046664103865623474,-0.9869917035102844,-7.139364000590796e-05,0.0,-0.0,-0.0,-0.0,-7.139364000590796e-05,0.0,0.0,0,
std005,1,KL007,ccab10940199f04759a7aee3b98da016aa5c2c4f70da11a1ab00aafd823377c1,1,5,0,0.1271056830883026,-0.05278068780899048,-1.1299898624420166,-0.00020786119806695438,0.0,-0.0,-0.0,-0.0,-0.00020786119806695438,0.0,0.0,1,141.02757263183594
std005,1,KL008,ccab10940199f04759a7aee3b98da016aa5c2c4f70da11a1ab00aafd823377c1,1,5,0,0.01005185954272747,-0.03033575601875782,-0.18227577209472656,-0.0003202603073345365,0.0,-0.0,-0.0,-0.0,-0.0003202603073345365,0.0,0.0,0,
std005,1,KL009,ccab10940199f04759a7aee3b98da016aa5c2c4f70da11a1ab00aafd823377c1,1,5,0,0.024367840960621834,-0.040770843625068665,-0.7415918111801147,-3.9806350287787374e-05,0.0,-0.0,-0.0,-0.0,-3.9806350287787374e-05,0.0,0.0,0,
std005,1,KL0010,ccab10940199f04759a7aee3b98da016aa5c2c4f70da11a1ab00aafd823377c1,1,5,0,0.023821257054805756,-0.035551197826862335,-0.6309588551521301,-3.8963395228921225e-05,0.0,-0.0,-0.0,-0.0,-3.8963395228921225e-05,0.0,0.0,0,
std005,1,KL001,ccab10940199f04759a7aee3b98da016aa5c2c4f70da11a1ab00aafd823377c1,2,10,0,0.01945125311613083,-0.0031100427731871605,-0.5397445559501648,-3.178045573908168e-05,0.0,-0.0,-0.0,-0.0,-3.178045573908168e-05,0.0,0.0,0,
std005,1,KL002,ccab10940199f04759a7aee3b98da016aa5c2c4f70da11a1ab00aafd823377c1,2,10,0,0.040987566113471985,-0.03048262558877468,-1.3097394704818726,-6.689803373416806e-05,0.0,-0.0,-0.0,-0.0,-6.689803373416806e-05,0.0,0.0,0,
std005,1,KL003,ccab10940199f04759a7aee3b98da016aa5c2c4f70da11a1ab00aafd823377c1,2,10,0,0.06535311788320541,-0.03341668099164963,-1.415438175201416,-4.178066232539374e-05,0.0,-0.0,-0.0,-0.0,-4.178066232539374e-05,0.0,0.0,1,131.771728515625
std005,1,KL004,ccab10940199f04759a7aee3b98da016aa5c2c4f70da11a1ab00aafd823377c1,2,10,0,0.0286946389824152,-0.039381496608257294,-0.5595090389251709,-4.6895141203721436e-05,0.0,-0.0,-0.0,-0.0,-4.6895141203721436e-05,0.0,0.0,0,
std005,1,KL005,ccab10940199f04759a7aee3b98da016aa5c2c4f70da11a1ab00aafd823377c1,2,10,0,0.08107181638479233,-0.023076200857758522,-0.6997911334037781,-0.00013260363425090504,0.0,-0.0,-0.0,-0.0,-0.00013260363425090504,0.0,0.0,0,
std005,1,KL006,ccab10940199f04759a7aee3b98da016aa5c2c4f70da11a1ab00aafd823377c1,2,10,0,0.04404587298631668,-0.045103974640369415,-1.0032553672790527,-7.197088600033177e-05,0.0,-0.0,-0.0,-0.0,-7.197088600033177e-05,0.0,0.0,0,
std005,1,KL007,ccab10940199f04759a7aee3b98da016aa5c2c4f70da11a1ab00aafd823377c1,2,10,0,0.13243438303470612,-0.05104197561740875,-1.2021756172180176,-0.00021661645013683266,0.0,-0.0,-0.0,-0.0,-0.00021661645013683266,0.0,0.0,1,131.771728515625
std005,1,KL008,ccab10940199f04759a7aee3b98da016aa5c2c4f70da11a1ab00aafd823377c1,2,10,0,0.015415075235068798,-0.04407918453216553,-0.1717206984758377,-0.00047853616169340243,0.0,-0.0,-0.0,-0.0,-0.00047853616169340243,0.0,0.0,0,
std005,1,KL009,ccab10940199f04759a7aee3b98da016aa5c2c4f70da11a1ab00aafd823377c1,2,10,0,0.024418871849775314,-0.03986869752407074,-0.7477967739105225,-3.9890704073930775e-05,0.0,-0.0,-0.0,-0.0,-3.9890704073930775e-05,0.0,0.0,0,
std005,1,KL0010,ccab10940199f04759a7aee3b98da016aa5c2c4f70da11a1ab00aafd823377c1,2,10,0,0.022477561607956886,-0.03495214879512787,-0.6291546821594238,-3.676714028972292e-05,0.0,-0.0,-0.0,-0.0,-3.676714028972292e-05,0.0,0.0,0,
std005,1,KL001,ccab10940199f04759a7aee3b98da016aa5c2c4f70da11a1ab00aafd823377c1,3,15,0,0.04068960249423981,-0.009738100692629814,-0.616335391998291,-6.647927507675529e-05,0.0,-0.0,-0.0,-0.0,-6.647927507675529e-05,0.0,0.0,0,
std005,1,KL002,ccab10940199f04759a7aee3b98da016aa5c2c4f70da11a1ab00aafd823377c1,3,15,0,0.04121250659227371,-0.027990611270070076,-1.341174840927124,-6.726637999693862e-05,0.0,-0.0,-0.0,-0.0,-6.726637999693862e-05,0.0,0.0,0,
std005,1,KL003,ccab10940199f04759a7aee3b98da016aa5c2c4f70da11a1ab00aafd823377c1,3,15,0,0.06567145138978958,-0.031134171411395073,-1.4302546977996826,-4.1204633691661117e-05,0.0,-0.0,-0.0,-0.0,-4.1204633691661117e-05,0.0,0.0,1,126.42986297607422
std005,1,KL004,ccab10940199f04759a7aee3b98da016aa5c2c4f70da11a1ab00aafd823377c1,3,15,0,0.013440407812595367,-0.031869739294052124,-0.49842312932014465,-2.1966406628927306e-05,0.0,-0.0,-0.0,-0.0,-2.1966406628927306e-05,0.0,0.0,0,
std005,1,KL005,ccab10940199f04759a7aee3b98da016aa5c2c4f70da11a1ab00aafd823377c1,3,15,0,0.08124882727861404,-0.02212543599307537,-0.7080380320549011,-0.0001328989704837523,0.0,-0.0,-0.0,-0.0,-0.0001328989704837523,0.0,0.0,0,
std005,1,KL006,ccab10940199f04759a7aee3b98da016aa5c2c4f70da11a1ab00aafd823377c1,3,15,0,0.04414742439985275,-0.04394131898880005,-1.0179275274276733,-7.213877966812372e-05,0.0,-0.0,-0.0,-0.0,-7.213877966812372e-05,0.0,0.0,0,
std005,1,KL007,ccab10940199f04759a7aee3b98da016aa5c2c4f70da11a1ab00aafd823377c1,3,15,0,0.13112971186637878,-0.049502015113830566,-1.2178778648376465,-0.00021449109353411045,0.0,-0.0,-0.0,-0.0,-0.00021449109353411045,0.0,0.0,1,126.42986297607422
std005,1,KL008,ccab10940199f04759a7aee3b98da016aa5c2c4f70da11a1ab00aafd823377c1,3,15,0,0.015570743940770626,-0.044284991919994354,-0.2044696807861328,-0.0006379484946892742,0.0,-0.0,-0.0,-0.0,-0.0006379484946892742,0.0,0.0,0,
std005,1,KL009,ccab10940199f04759a7aee3b98da016aa5c2c4f70da11a1ab00aafd823377c1,3,15,0,0.024831177666783333,-0.038465261459350586,-0.7543160319328308,-4.0565270924198476e-05,0.0,-0.0,-0.0,-0.0,-4.0565270924198476e-05,0.0,0.0,0,
std005,1,KL0010,ccab10940199f04759a7aee3b98da016aa5c2c4f70da11a1ab00aafd823377c1,3,15,0,0.021664725616574287,-0.0342574268579483,-0.6265369653701782,-3.5439090271881323e-05,0.0,-0.0,-0.0,-0.0,-3.5439090271881323e-05,0.0,0.0,0,
std005,1,KL001,ccab10940199f04759a7aee3b98da016aa5c2c4f70da11a1ab00aafd823377c1,4,20,0,0.03618490695953369,-0.007229365408420563,-0.6764276027679443,-5.912477435144064e-05,0.0,-0.0,-0.0,-0.0,-5.912477435144064e-05,0.0,0.0,0,
std005,1,KL002,ccab10940199f04759a7aee3b98da016aa5c2c4f70da11a1ab00aafd823377c1,4,20,0,0.04148373752832413,-0.02526772953569889,-1.3705987930297852,-6.771032879379762e-05,0.0,-0.0,-0.0,-0.0,-6.771032879379762e-05,0.0,0.0,0,
std005,1,KL003,ccab10940199f04759a7aee3b98da016aa5c2c4f70da11a1ab00aafd823377c1,4,20,0,0.06577376276254654,-0.029146892949938774,-1.445940375328064,-4.0250745700463844e-05,0.0,-0.0,-0.0,-0.0,-4.0250745700463844e-05,0.0,0.0,1,121.74591064453125
std005,1,KL004,ccab10940199f04759a7aee3b98da016aa5c2c4f70da11a1ab00aafd823377c1,4,20,0,0.012763507664203644,-0.03157690167427063,-0.5025931000709534,-2.0860809214071202e-05,0.0,-0.0,-0.0,-0.0,-2.0860809214071202e-05,0.0,0.0,0,
std005,1,KL005,ccab10940199f04759a7aee3b98da016aa5c2c4f70da11a1ab00aafd823377c1,4,20,0,0.08136273175477982,-0.02127254195511341,-0.7209821939468384,-0.00013309120722103005,0.0,-0.0,-0.0,-0.0,-0.00013309120722103005,0.0,0.0,0,
std005,1,KL006,ccab10940199f04759a7aee3b98da016aa5c2c4f70da11a1ab00aafd823377c1,4,20,0,0.04437985271215439,-0.04297466576099396,-1.0332562923431396,-7.252058096293027e-05,0.0,-0.0,-0.0,-0.0,-7.252058096293027e-05,0.0,0.0,0,
std005,1,KL007,ccab10940199f04759a7aee3b98da016aa5c2c4f70da11a1ab00aafd823377c1,4,20,0,0.12560294568538666,-0.04714041203260422,-1.2479687929153442,-0.00020545995125693616,0.0,-0.0,-0.0,-0.0,-0.00020545995125693616,0.0,0.0,1,121.74591064453125
std005,1,KL008,ccab10940199f04759a7aee3b98da016aa5c2c4f70da11a1ab00aafd823377c1,4,20,0,0.015180879272520542,-0.044942550361156464,-0.26646533608436584,-0.000798425054506148,0.0,-0.0,-0.0,-0.0,-0.000798425054506148,0.0,0.0,0,
std005,1,KL009,ccab10940199f04759a7aee3b98da016aa5c2c4f70da11a1ab00aafd823377c1,4,20,0,0.02541990578174591,-0.036915332078933716,-0.7605084776878357,-4.1528099675709045e-05,0.0,-0.0,-0.0,-0.0,-4.1528099675709045e-05,0.0,0.0,0,
std005,1,KL0010,ccab10940199f04759a7aee3b98da016aa5c2c4f70da11a1ab00aafd823377c1,4,20,0,0.02129965089261532,-0.033472634851932526,-0.6280516386032104,-3.484341463232161e-05,0.0,-0.0,-0.0,-0.0,-3.484341463232161e-05,0.0,0.0,0,
std005,1,KL001,ccab10940199f04759a7aee3b98da016aa5c2c4f70da11a1ab00aafd823377c1,5,25,0,0.03924906253814697,-0.00709930993616581,-0.6807157397270203,-6.413362739323042e-05,0.0,-0.0,-0.0,-0.0,-6.413362739323042e-05,0.0,0.0,0,
std005,1,KL002,ccab10940199f04759a7aee3b98da016aa5c2c4f70da11a1ab00aafd823377c1,5,25,0,0.04169461876153946,-0.02266695536673069,-1.3991050720214844,-6.805582726714247e-05,0.0,-0.0,-0.0,-0.0,-6.805582726714247e-05,0.0,0.0,0,
std005,1,KL003,ccab10940199f04759a7aee3b98da016aa5c2c4f70da11a1ab00aafd823377c1,5,25,0,0.06599373370409012,-0.026763932779431343,-1.4583532810211182,-3.9466122373368415e-05,0.0,-0.0,-0.0,-0.0,-3.9466122373368415e-05,0.0,0.0,1,117.46241760253906
std005,1,KL004,ccab10940199f04759a7aee3b98da016aa5c2c4f70da11a1ab00aafd823377c1,5,25,0,0.012205172330141068,-0.03194541484117508,-0.4966799020767212,-1.994893496981576e-05,0.0,-0.0,-0.0,-0.0,-1.994893496981576e-05,0.0,0.0,0,
std005,1,KL005,ccab10940199f04759a7aee3b98da016aa5c2c4f70da11a1ab00aafd823377c1,5,25,0,0.04046570509672165,-0.02740703523159027,-0.7863471508026123,-6.625405242585349e-05,0.0,-0.0,-0.0,-0.0,-6.625405242585349e-05,0.0,0.0,0,
std005,1,KL006,ccab10940199f04759a7aee3b98da016aa5c2c4f70da11a1ab00aafd823377c1,5,25,0,0.04449000209569931,-0.04218296706676483,-1.0461559295654297,-7.270260724711935e-05,0.0,-0.0,-0.0,-0.0,-7.270260724711935e-05,0.0,0.0,0,
std005,1,KL007,ccab10940199f04759a7aee3b98da016aa5c2c4f70da11a1ab00aafd823377c1,5,25,0,0.10724587738513947,-0.03995363414287567,-1.3267698287963867,-0.00017544114481264192,0.0,-0.0,-0.0,-0.0,-0.00017544114481264192,0.0,0.0,1,117.46241760253906
std005,1,KL008,ccab10940199f04759a7aee3b98da016aa5c2c4f70da11a1ab00aafd823377c1,5,25,0,0.047392070293426514,-0.046516381204128265,-0.37011441588401794,-0.0008645540283695902,0.0,-0.0,-0.0,-0.0,-0.0008645540283695902,0.0,0.0,0,
std005,1,KL009,ccab10940199f04759a7aee3b98da016aa5c2c4f70da11a1ab00aafd823377c1,5,25,0,0.025895100086927414,-0.03545183688402176,-0.7653231620788574,-4.2305522710361915e-05,0.0,-0.0,-0.0,-0.0,-4.2305522710361915e-05,0.0,0.0,0,
std005,1,KL0010,ccab10940199f04759a7aee3b98da016aa5c2c4f70da11a1ab00aafd823377c1,5,25,0,0.03261835128068924,-0.01344802975654602,-0.5588534474372864,-5.3361522173358704e-05,0.0,-0.0,-0.0,-0.0,-5.3361522173358704e-05,0.0,0.0,0,
std005,1,KL001,ccab10940199f04759a7aee3b98da016aa5c2c4f70da11a1ab00aafd823377c1,6,30,0,0.03996763378381729,-0.005655176937580109,-0.7076817750930786,-6.531001442819458e-05,0.0,-0.0,-0.0,-0.0,-6.531001442819458e-05,0.0,0.0,0,
std005,1,KL002,ccab10940199f04759a7aee3b98da016aa5c2c4f70da11a1ab00aafd823377c1,6,30,0,0.041337355971336365,-0.02023741416633129,-1.4224045276641846,-6.747400660126601e-05,0.0,-0.0,-0.0,-0.0,-6.747400660126601e-05,0.0,0.0,0,
std005,1,KL003,ccab10940199f04759a7aee3b98da016aa5c2c4f70da11a1ab00aafd823377c1,6,30,0,0.058000415563583374,-0.03704274445772171,-1.5009031295776367,-2.5217923232854376e-05,0.0,-0.0,-0.0,-0.0,-2.5217923232854376e-05,0.0,0.0,1,114.5017318725586
std005,1,KL004,ccab10940199f04759a7aee3b98da016aa5c2c4f70da11a1ab00aafd823377c1,6,30,0,0.01201204489916563,-0.03235342353582382,-0.494119793176651,-1.963393325210374e-05,0.0,-0.0,-0.0,-0.0,-1.963393325210374e-05,0.0,0.0,0,
std005,1,KL005,ccab10940199f04759a7aee3b98da016aa5c2c4f70da11a1ab00aafd823377c1,6,30,0,0.01601589098572731,-0.013056159019470215,-0.7682557702064514,-2.621376372901171e-05,0.0,-0.0,-0.0,-0.0,-2.621376372901171e-05,0.0,0.0,0,
std005,1,KL006,ccab10940199f04759a7aee3b98da016aa5c2c4f70da11a1ab00aafd823377c1,6,30,0,0.044728636741638184,-0.041323669254779816,-1.0547600984573364,-7.309464329253616e-05,0.0,-0.0,-0.0,-0.0,-7.309464329253616e-05,0.0,0.0,0,
std005,1,KL007,ccab10940199f04759a7aee3b98da016aa5c2c4f70da11a1ab00aafd823377c1,6,30,0,0.10666573792695999,-0.03815131634473801,-1.3574590682983398,-0.000174499672323194,0.0,-0.0,-0.0,-0.0,-0.000174499672323194,0.0,0.0,1,114.5017318725586
std005,1,KL008,ccab10940199f04759a7aee3b98da016aa5c2c4f70da11a1ab00aafd823377c1,6,30,0,0.044064924120903015,-0.04819156229496002,-0.3647588789463043,-0.0008633939656035253,0.0,-0.0,-0.0,-0.0,-0.0008633939656035253,0.0,0.0,0,
std005,1,KL009,ccab10940199f04759a7aee3b98da016aa5c2c4f70da11a1ab00aafd823377c1,6,30,0,0.02578040026128292,-0.034284643828868866,-0.7668635845184326,-4.2119253571685053e-05,0.0,-0.0,-0.0,-0.0,-4.2119253571685053e-05,0.0,0.0,0,
std005,1,KL0010,ccab10940199f04759a7aee3b98da016aa5c2c4f70da11a1ab00aafd823377c1,6,30,0,0.032464027404785156,-0.0143197700381279,-0.5552999973297119,-5.3111585789132405e-05,0.0,-0.0,-0.0,-0.0,-5.3111585789132405e-05,0.0,0.0,0,
std005,1,KL001,ccab10940199f04759a7aee3b98da016aa5c2c4f70da11a1ab00aafd823377c1,7,35,0,0.04000971466302872,-0.0037249233573675156,-0.7327024936676025,-6.53810588474387e-05,0.0,-0.0,-0.0,-0.0,-6.53810588474387e-05,0.0,0.0,0,
std005,1,KL002,ccab10940199f04759a7aee3b98da016aa5c2c4f70da11a1ab00aafd823377c1,7,35,0,0.04018981009721756,-0.018445855006575584,-1.4396114349365234,-6.560221028394783e-05,0.0,-0.0,-0.0,-0.0,-6.560221028394783e-05,0.0,0.0,0,
std005,1,KL003,ccab10940199f04759a7aee3b98da016aa5c2c4f70da11a1ab00aafd823377c1,7,35,0,0.0589057058095932,-0.036376647651195526,-1.5360490083694458,-2.5582047641471626e-05,0.0,-0.0,-0.0,-0.0,-2.5582047641471626e-05,0.0,0.0,1,109.7533950805664
std005,1,KL004,ccab10940199f04759a7aee3b98da016aa5c2c4f70da11a1ab00aafd823377c1,7,35,0,0.01194388885051012,-0.03208112716674805,-0.491511732339859,-1.952318749844696e-05,0.0,-0.0,-0.0,-0.0,-1.952318749844696e-05,0.0,0.0,0,
std005,1,KL005,ccab10940199f04759a7aee3b98da016aa5c2c4f70da11a1ab00aafd823377c1,7,35,0,0.017836010083556175,-0.010581990703940392,-0.8159269094467163,-2.9180032140560767e-05,0.0,-0.0,-0.0,-0.0,-2.9180032140560767e-05,0.0,0.0,0,
std005,1,KL006,ccab10940199f04759a7aee3b98da016aa5c2c4f70da11a1ab00aafd823377c1,7,35,0,0.044934891164302826,-0.04095567762851715,-1.0636546611785889,-7.343382028045904e-05,0.0,-0.0,-0.0,-0.0,-7.343382028045904e-05,0.0,0.0,0,
std005,1,KL007,ccab10940199f04759a7aee3b98da016aa5c2c4f70da11a1ab00aafd823377c1,7,35,0,0.10867040604352951,-0.035968996584415436,-1.3890835046768188,-0.00017778683812336924,0.0,-0.0,-0.0,-0.0,-0.00017778683812336924,0.0,0.0,1,109.7533950805664
std005,1,KL008,ccab10940199f04759a7aee3b98da016aa5c2c4f70da11a1ab00aafd823377c1,7,35,0,0.04379939287900925,-0.048130281269550323,-0.36430248618125916,-0.0008672249024914215,0.0,-0.0,-0.0,-0.0,-0.0008672249024914215,0.0,0.0,0,
std005,1,KL009,ccab10940199f04759a7aee3b98da016aa5c2c4f70da11a1ab00aafd823377c1,7,35,0,0.025419151410460472,-0.0340721532702446,-0.7684389352798462,-4.153017012753827e-05,0.0,-0.0,-0.0,-0.0,-4.153017012753827e-05,0.0,0.0,0,
std005,1,KL0010,ccab10940199f04759a7aee3b98da016aa5c2c4f70da11a1ab00aafd823377c1,7,35,0,0.03803933411836624,-0.026360874995589256,-0.5963120460510254,-6.223560512781976e-05,0.0,-0.0,-0.0,-0.0,-6.223560512781976e-05,0.0,0.0,0,
std005,1,KL001,ccab10940199f04759a7aee3b98da016aa5c2c4f70da11a1ab00aafd823377c1,8,40,0,0.0405350998044014,-0.002277107909321785,-0.7457270622253418,-6.624193945614607e-05,0.0,-0.0,-0.0,-0.0,-6.624193945614607e-05,0.0,0.0,0,
std005,1,KL002,ccab10940199f04759a7aee3b98da016aa5c2c4f70da11a1ab00aafd823377c1,8,40,0,0.03961091488599777,-0.01698235794901848,-1.4617700576782227,-6.46585892545608e-05,0.0,-0.0,-0.0,-0.0,-6.46585892545608e-05,0.0,0.0,0,
std005,1,KL003,ccab10940199f04759a7aee3b98da016aa5c2c4f70da11a1ab00aafd823377c1,8,40,0,0.059192582964897156,-0.03553660959005356,-1.5441079139709473,-2.49033275237143e-05,0.0,-0.0,-0.0,-0.0,-2.49033275237143e-05,0.0,0.0,1,104.70643615722656
std005,1,KL004,ccab10940199f04759a7aee3b98da016aa5c2c4f70da11a1ab00aafd823377c1,8,40,0,0.01196478120982647,-0.0317409448325634,-0.4896807372570038,-1.9558001593524112e-05,0.0,-0.0,-0.0,-0.0,-1.9558001593524112e-05,0.0,0.0,0,
std005,1,KL005,ccab10940199f04759a7aee3b98da016aa5c2c4f70da11a1ab00aafd823377c1,8,40,0,0.01860298030078411,-0.00912606529891491,-0.8251142501831055,-3.043633243695894e-05,0.0,-0.0,-0.0,-0.0,-3.043633243695894e-05,0.0,0.0,0,
std005,1,KL006,ccab10940199f04759a7aee3b98da016aa5c2c4f70da11a1ab00aafd823377c1,8,40,0,0.04498707503080368,-0.04099847376346588,-1.0723340511322021,-7.352122765222546e-05,0.0,-0.0,-0.0,-0.0,-7.352122765222546e-05,0.0,0.0,0,
std005,1,KL007,ccab10940199f04759a7aee3b98da016aa5c2c4f70da11a1ab00aafd823377c1,8,40,0,0.13561417162418365,-0.022688623517751694,-1.3725076913833618,-0.0002218578082611734,0.0,-0.0,-0.0,-0.0,-0.0002218578082611734,0.0,0.0,1,104.70643615722656
std005,1,KL008,ccab10940199f04759a7aee3b98da016aa5c2c4f70da11a1ab00aafd823377c1,8,40,0,0.043935760855674744,-0.04819212853908539,-0.3633379340171814,-0.0008717419608246477,0.0,-0.0,-0.0,-0.0,-0.0008717419608246477,0.0,0.0,0,
std005,1,KL009,ccab10940199f04759a7aee3b98da016aa5c2c4f70da11a1ab00aafd823377c1,8,40,0,0.02534806914627552,-0.034057699143886566,-0.7711304426193237,-4.141516237267189e-05,0.0,-0.0,-0.0,-0.0,-4.141516237267189e-05,0.0,0.0,0,
std005,1,KL0010,ccab10940199f04759a7aee3b98da016aa5c2c4f70da11a1ab00aafd823377c1,8,40,0,0.03818652033805847,-0.02637212537229061,-0.5915483236312866,-6.247932793693674e-05,0.0,-0.0,-0.0,-0.0,-6.247932793693674e-05,0.0,0.0,0,
std005,1,KL001,ccab10940199f04759a7aee3b98da016aa5c2c4f70da11a1ab00aafd823377c1,9,45,0,0.04051126539707184,-0.0008068829774856567,-0.7565538883209229,-6.620537529034139e-05,0.0,-0.0,-0.0,-0.0,-6.620537529034139e-05,0.0,0.0,0,
std005,1,KL002,ccab10940199f04759a7aee3b98da016aa5c2c4f70da11a1ab00aafd823377c1,9,45,0,0.03869868069887161,-0.015704883262515068,-1.485992193222046,-6.317082341847561e-05,0.0,-0.0,-0.0,-0.0,-6.317082341847561e-05,0.0,0.0,0,
std005,1,KL003,ccab10940199f04759a7aee3b98da016aa5c2c4f70da11a1ab00aafd823377c1,9,45,0,0.06936748325824738,-0.050491414964199066,-1.8395522832870483,-4.037938658992464e-05,0.0,-0.0,-0.0,-0.0,-4.037938658992464e-05,0.0,0.0,1,97.39834594726562
std005,1,KL004,ccab10940199f04759a7aee3b98da016aa5c2c4f70da11a1ab00aafd823377c1,9,45,0,0.011582523584365845,-0.03116581216454506,-0.4881446957588196,-1.8933818415343687e-05,0.0,-0.0,-0.0,-0.0,-1.8933818415343687e-05,0.0,0.0,0,
std005,1,KL005,ccab10940199f04759a7aee3b98da016aa5c2c4f70da11a1ab00aafd823377c1,9,45,0,0.020418135449290276,-0.007604304235428572,-0.8522965908050537,-3.340782592541688e-05,0.0,-0.0,-0.0,-0.0,-3.340782592541688e-05,0.0,0.0,0,
std005,1,KL006,ccab10940199f04759a7aee3b98da016aa5c2c4f70da11a1ab00aafd823377c1,9,45,0,0.04503396898508072,-0.0406731441617012,-1.0867488384246826,-7.36000382852e-05,0.0,-0.0,-0.0,-0.0,-7.36000382852e-05,0.0,0.0,0,
std005,1,KL007,ccab10940199f04759a7aee3b98da016aa5c2c4f70da11a1ab00aafd823377c1,9,45,0,0.13908036053180695,-0.020009944215416908,-1.414108395576477,-0.00022755454061926313,0.0,-0.0,-0.0,-0.0,-0.00022755454061926313,0.0,0.0,1,97.39834594726562
std005,1,KL008,ccab10940199f04759a7aee3b98da016aa5c2c4f70da11a1ab00aafd823377c1,9,45,0,0.04441675543785095,-0.04789792001247406,-0.36188414692878723,-0.0008768456913604356,0.0,-0.0,-0.0,-0.0,-0.0008768456913604356,0.0,0.0,0,
std005,1,KL009,ccab10940199f04759a7aee3b98da016aa5c2c4f70da11a1ab00aafd823377c1,9,45,0,0.025040213018655777,-0.034441158175468445,-0.7742950916290283,-4.0913290478639385e-05,0.0,-0.0,-0.0,-0.0,-4.0913290478639385e-05,0.0,0.0,0,
std005,1,KL0010,ccab10940199f04759a7aee3b98da016aa5c2c4f70da11a1ab00aafd823377c1,9,45,0,0.037930928170681,-0.02601505257189274,-0.590307354927063,-6.206409868189346e-05,0.0,-0.0,-0.0,-0.0,-6.206409868189346e-05,0.0,0.0,0,
std005,1,KL001,ccab10940199f04759a7aee3b98da016aa5c2c4f70da11a1ab00aafd823377c1,10,50,0,0.04084991663694382,0.0005381414666771889,-0.7682335376739502,-6.676127135800964e-05,0.0,-0.0,-0.0,-0.0,-6.676127135800964e-05,0.0,0.0,0,
std005,1,KL002,ccab10940199f04759a7aee3b98da016aa5c2c4f70da11a1ab00aafd823377c1,10,50,0,0.038483649492263794,-0.014460721984505653,-1.512949824333191,-6.282112023333102e-05,0.0,-0.0,-0.0,-0.0,-6.282112023333102e-05,0.0,0.0,0,
std005,1,KL003,ccab10940199f04759a7aee3b98da016aa5c2c4f70da11a1ab00aafd823377c1,10,50,0,0.06867371499538422,-0.049790218472480774,-1.8436880111694336,-3.794388870499933e-05,0.0,-0.0,-0.0,-0.0,-3.794388870499933e-05,0.0,0.0,1,92.32904052734375
std005,1,KL004,ccab10940199f04759a7aee3b98da016aa5c2c4f70da11a1ab00aafd823377c1,10,50,0,0.011488767340779305,-0.030959654599428177,-0.4876633584499359,-1.878121615701928e-05,0.0,-0.0,-0.0,-0.0,-1.878121615701928e-05,0.0,0.0,0,
std005,1,KL005,ccab10940199f04759a7aee3b98da016aa5c2c4f70da11a1ab00aafd823377c1,10,50,0,0.02086273767054081,-0.006062319502234459,-0.8608402013778687,-3.4137041649020064e-05,0.0,-0.0,-0.0,-0.0,-3.4137041649020064e-05,0.0,0.0,0,
std005,1,KL006,ccab10940199f04759a7aee3b98da016aa5c2c4f70da11a1ab00aafd823377c1,10,50,0,0.0450655072927475,-0.04005007445812225,-1.1067962646484375,-7.365377694475584e-05,0.0,-0.0,-0.0,-0.0,-7.365377694475584e-05,0.0,0.0,0,
std005,1,KL007,ccab10940199f04759a7aee3b98da016aa5c2c4f70da11a1ab00aafd823377c1,10,50,0,0.15078586339950562,-0.022590314969420433,-1.5729355812072754,-0.0002467155526730415,0.0,-0.0,-0.0,-0.0,-0.0002467155526730415,0.0,0.0,1,92.32904052734375
std005,1,KL008,ccab10940199f04759a7aee3b98da016aa5c2c4f70da11a1ab00aafd823377c1,10,50,0,0.04449984431266785,-0.04788457602262497,-0.36051145195961,-0.0008813186572683119,0.0,-0.0,-0.0,-0.0,-0.0008813186572683119,0.0,0.0,0,
std005,1,KL009,ccab10940199f04759a7aee3b98da016aa5c2c4f70da11a1ab00aafd823377c1,10,50,0,0.024986667558550835,-0.03458600491285324,-0.7768113613128662,-4.082693291839234e-05,0.0,-0.0,-0.0,-0.0,-4.082693291839234e-05,0.0,0.0,0,
std005,1,KL0010,ccab10940199f04759a7aee3b98da016aa5c2c4f70da11a1ab00aafd823377c1,10,50,0,0.027521513402462006,-0.02388518489897251,-0.584945797920227,-4.5034176479186383e-05,0.0,-0.0,-0.0,-0.0,-4.5034176479186383e-05,0.0,0.0,0,
std005,1,KL001,ccab10940199f04759a7aee3b98da016aa5c2c4f70da11a1ab00aafd823377c1,11,55,0,0.04082006216049194,0.0028055887669324875,-0.7876198291778564,-6.671496917246492e-05,0.0,-0.0,-0.0,-0.0,-6.671496917246492e-05,0.0,0.0,0,
std005,1,KL002,ccab10940199f04759a7aee3b98da016aa5c2c4f70da11a1ab00aafd823377c1,11,55,0,0.03769215941429138,-0.012988105416297913,-1.5387356281280518,-6.153039728783223e-05,0.0,-0.0,-0.0,-0.0,-6.153039728783223e-05,0.0,0.0,0,
std005,1,KL003,ccab10940199f04759a7aee3b98da016aa5c2c4f70da11a1ab00aafd823377c1,11,55,0,0.06747744977474213,-0.0483335480093956,-1.8545299768447876,-3.4666241505134355e-05,0.0,-0.0,-0.0,-0.0,-3.4666241505134355e-05,0.0,0.0,1,86.63092803955078
std005,1,KL004,ccab10940199f04759a7aee3b98da016aa5c2c4f70da11a1ab00aafd823377c1,11,55,0,0.011289235204458237,-0.030539710074663162,-0.4858202636241913,-1.8455692755455863e-05,0.0,-0.0,-0.0,-0.0,-1.8455692755455863e-05,0.0,0.0,0,
std005,1,KL005,ccab10940199f04759a7aee3b98da016aa5c2c4f70da11a1ab00aafd823377c1,11,55,0,0.021848635748028755,-0.00455275597050786,-0.8782836198806763,-3.575212731003403e-05,0.0,-0.0,-0.0,-0.0,-3.575212731003403e-05,0.0,0.0,0,
std005,1,KL006,ccab10940199f04759a7aee3b98da016aa5c2c4f70da11a1ab00aafd823377c1,11,55,0,0.04513400048017502,-0.03937453776597977,-1.1279510259628296,-7.376795749374335e-05,0.0,-0.0,-0.0,-0.0,-7.376795749374335e-05,0.0,0.0,0,
std005,1,KL007,ccab10940199f04759a7aee3b98da016aa5c2c4f70da11a1ab00aafd823377c1,11,55,0,0.15294808149337769,-0.019561409950256348,-1.5980594158172607,-0.00025026497507667065,0.0,-0.0,-0.0,-0.0,-0.00025026497507667065,0.0,0.0,1,86.63092803955078
std005,1,KL008,ccab10940199f04759a7aee3b98da016aa5c2c4f70da11a1ab00aafd823377c1,11,55,0,0.04465894401073456,-0.047654397785663605,-0.3591589033603668,-0.0008859400526510815,0.0,-0.0,-0.0,-0.0,-0.0008859400526510815,0.0,0.0,0,
std005,1,KL009,ccab10940199f04759a7aee3b98da016aa5c2c4f70da11a1ab00aafd823377c1,11,55,0,0.024814119562506676,-0.034812815487384796,-0.7796553373336792,-4.054612900478689e-05,0.0,-0.0,-0.0,-0.0,-4.054612900478689e-05,0.0,0.0,0,
std005,1,KL0010,ccab10940199f04759a7aee3b98da016aa5c2c4f70da11a1ab00aafd823377c1,11,55,0,0.027324320748448372,-0.023295758292078972,-0.5882787704467773,-4.47137156008479e-05,0.0,-0.0,-0.0,-0.0,-4.47137156008479e-05,0.0,0.0,0,
std005,1,KL001,ccab10940199f04759a7aee3b98da016aa5c2c4f70da11a1ab00aafd823377c1,12,60,0,0.05063604563474655,0.001464158296585083,-0.8746890425682068,-8.276089899683371e-05,0.0,-0.0,-0.0,-0.0,-8.276089899683371e-05,0.0,0.0,1,176.0946807861328
std005,1,KL002,ccab10940199f04759a7aee3b98da016aa5c2c4f70da11a1ab00aafd823377c1,12,60,0,0.045346714556217194,-0.0112295001745224,-1.5911388397216797,-7.402747987439306e-05,0.0,-0.0,-0.0,-0.0,-7.402747987439306e-05,0.0,0.0,1,175.20521545410156
std005,1,KL003,ccab10940199f04759a7aee3b98da016aa5c2c4f70da11a1ab00aafd823377c1,12,60,0,0.06856027990579605,-0.044626884162425995,-1.9461307525634766,-3.51035157912601e-05,0.0,-0.0,-0.0,-0.0,-3.51035157912601e-05,0.0,0.0,2,81.61292266845703
std005,1,KL004,ccab10940199f04759a7aee3b98da016aa5c2c4f70da11a1ab00aafd823377c1,12,60,0,0.011355198919773102,-0.03019583225250244,-0.4846002161502838,-1.856419444598845e-05,0.0,-0.0,-0.0,-0.0,-1.856419444598845e-05,0.0,0.0,0,
std005,1,KL005,ccab10940199f04759a7aee3b98da016aa5c2c4f70da11a1ab00aafd823377c1,12,60,0,0.022552581503987312,-0.003220053855329752,-0.8884742856025696,-3.690601703209067e-05,0.0,-0.0,-0.0,-0.0,-3.690601703209067e-05,0.0,0.0,0,
std005,1,KL006,ccab10940199f04759a7aee3b98da016aa5c2c4f70da11a1ab00aafd823377c1,12,60,0,0.04503882676362991,-0.03859693557024002,-1.1490907669067383,-7.361465205279626e-05,0.0,-0.0,-0.0,-0.0,-7.361465205279626e-05,0.0,0.0,0,
std005,1,KL007,ccab10940199f04759a7aee3b98da016aa5c2c4f70da11a1ab00aafd823377c1,12,60,0,0.1609770953655243,-0.016009952872991562,-1.7154310941696167,-0.0002634137097668331,0.0,-0.0,-0.0,-0.0,-0.0002634137097668331,0.0,0.0,2,81.61292266845703
std005,1,KL008,ccab10940199f04759a7aee3b98da016aa5c2c4f70da11a1ab00aafd823377c1,12,60,0,0.04471239447593689,-0.04765189439058304,-0.35815855860710144,-0.0008904118959213114,0.0,-0.0,-0.0,-0.0,-0.0008904118959213114,0.0,0.0,0,
std005,1,KL009,ccab10940199f04759a7aee3b98da016aa5c2c4f70da11a1ab00aafd823377c1,12,60,0,0.024731764569878578,-0.034811459481716156,-0.7825771570205688,-4.041269953399365e-05,0.0,-0.0,-0.0,-0.0,-4.041269953399365e-05,0.0,0.0,0,
std005,1,KL0010,ccab10940199f04759a7aee3b98da016aa5c2c4f70da11a1ab00aafd823377c1,12,60,0,0.027346692979335785,-0.023062387481331825,-0.5860695242881775,-4.4752568321109995e-05,0.0,-0.0,-0.0,-0.0,-4.4752568321109995e-05,0.0,0.0,0,
std005,1,KL001,ccab10940199f04759a7aee3b98da016aa5c2c4f70da11a1ab00aafd823377c1,13,65,0,0.04944717139005661,0.003490552306175232,-0.8928927183151245,-8.082089264719599e-05,0.0,-0.0,-0.0,-0.0,-8.082089264719599e-05,0.0,0.0,1,171.4184112548828
std005,1,KL002,ccab10940199f04759a7aee3b98da016aa5c2c4f70da11a1ab00aafd823377c1,13,65,0,0.04557471722364426,-0.01047562062740326,-1.609316349029541,-7.440130681673827e-05,0.0,-0.0,-0.0,-0.0,-7.440130681673827e-05,0.0,0.0,1,170.85523986816406
std005,1,KL003,ccab10940199f04759a7aee3b98da016aa5c2c4f70da11a1ab00aafd823377c1,13,65,0,0.0672413632273674,-0.043574631214141846,-1.9527747631072998,-3.157022406843289e-05,0.0,-0.0,-0.0,-0.0,-3.157022406843289e-05,0.0,0.0,2,76.25050354003906
std005,1,KL004,ccab10940199f04759a7aee3b98da016aa5c2c4f70da11a1ab00aafd823377c1,13,65,0,0.041901640594005585,-0.04560934752225876,-0.4668639302253723,-6.8481277311894e-05,0.0,-0.0,-0.0,-0.0,-6.8481277311894e-05,0.0,0.0,0,
std005,1,KL005,ccab10940199f04759a7aee3b98da016aa5c2c4f70da11a1ab00aafd823377c1,13,65,0,0.023402193561196327,-0.0021537593565881252,-0.9105312824249268,-3.8298451862864656e-05,0.0,-0.0,-0.0,-0.0,-3.8298451862864656e-05,0.0,0.0,0,
std005,1,KL006,ccab10940199f04759a7aee3b98da016aa5c2c4f70da11a1ab00aafd823377c1,13,65,0,0.045087382197380066,-0.03781862556934357,-1.1749603748321533,-7.369632164740978e-05,0.0,-0.0,-0.0,-0.0,-7.369632164740978e-05,0.0,0.0,0,
std005,1,KL007,ccab10940199f04759a7aee3b98da016aa5c2c4f70da11a1ab00aafd823377c1,13,65,0,0.14479057490825653,0.005358440335839987,-1.6965911388397217,-0.00023694328723938764,0.0,-0.0,-0.0,-0.0,-0.00023694328723938764,0.0,0.0,2,76.25050354003906
std005,1,KL008,ccab10940199f04759a7aee3b98da016aa5c2c4f70da11a1ab00aafd823377c1,13,65,0,0.04471290111541748,-0.047393105924129486,-0.35636284947395325,-0.0008948216276087343,0.0,-0.0,-0.0,-0.0,-0.0008948216276087343,0.0,0.0,0,
std005,1,KL009,ccab10940199f04759a7aee3b98da016aa5c2c4f70da11a1ab00aafd823377c1,13,65,0,0.02451513521373272,-0.034373342990875244,-0.7940932512283325,-4.005986393742176e-05,0.0,-0.0,-0.0,-0.0,-4.005986393742176e-05,0.0,0.0,0,
std005,1,KL0010,ccab10940199f04759a7aee3b98da016aa5c2c4f70da11a1ab00aafd823377c1,13,65,0,0.027129361405968666,-0.02263091318309307,-0.5852655172348022,-4.43991667326655e-05,0.0,-0.0,-0.0,-0.0,-4.43991667326655e-05,0.0,0.0,0,
std005,1,KL001,ccab10940199f04759a7aee3b98da016aa5c2c4f70da11a1ab00aafd823377c1,14,70,0,0.05017048120498657,0.0052239783108234406,-0.9145351648330688,-8.200632009281104e-05,0.0,-0.0,-0.0,-0.0,-8.200632009281104e-05,0.0,0.0,1,166.05838012695312
std005,1,KL002,ccab10940199f04759a7aee3b98da016aa5c2c4f70da11a1ab00aafd823377c1,14,70,0,0.04494328796863556,-0.00880579836666584,-1.6313331127166748,-7.33721392786573e-05,0.0,-0.0,-0.0,-0.0,-7.33721392786573e-05,0.0,0.0,1,165.80886840820312
std005,1,KL003,ccab10940199f04759a7aee3b98da016aa5c2c4f70da11a1ab00aafd823377c1,14,70,0,0.06534497439861298,-0.0424775555729866,-1.954162836074829,-2.7076669779067033e-05,0.0,-0.0,-0.0,-0.0,-2.7076669779067033e-05,0.0,0.0,2,72.296875
std005,1,KL004,ccab10940199f04759a7aee3b98da016aa5c2c4f70da11a1ab00aafd823377c1,14,70,0,0.04124550521373749,-0.045546919107437134,-0.4469608962535858,-6.743395454409087e-05,0.0,-0.0,-0.0,-0.0,-6.743395454409087e-05,0.0,0.0,0,
std005,1,KL005,ccab10940199f04759a7aee3b98da016aa5c2c4f70da11a1ab00aafd823377c1,14,70,0,0.02340950258076191,-0.0009791669435799122,-0.9223355054855347,-3.831253555902413e-05,0.0,-0.0,-0.0,-0.0,-3.831253555902413e-05,0.0,0.0,0,
std005,1,KL006,ccab10940199f04759a7aee3b98da016aa5c2c4f70da11a1ab00aafd823377c1,14,70,0,0.035536862909793854,-0.03322207182645798,-1.1584045886993408,-5.808769062752538e-05,0.0,-0.0,-0.0,-0.0,-5.808769062752538e-05,0.0,0.0,0,
std005,1,KL007,ccab10940199f04759a7aee3b98da016aa5c2c4f70da11a1ab00aafd823377c1,14,70,0,0.1452050507068634,0.00824346486479044,-1.708651065826416,-0.00023763460795458814,0.0,-0.0,-0.0,-0.0,-0.00023763460795458814,0.0,0.0,2,72.296875
std005,1,KL008,ccab10940199f04759a7aee3b98da016aa5c2c4f70da11a1ab00aafd823377c1,14,70,0,0.045181840658187866,-0.048224978148937225,-0.35659316182136536,-0.0009000206059091354,0.0,-0.0,-0.0,-0.0,-0.0009000206059091354,0.0,0.0,0,
std005,1,KL009,ccab10940199f04759a7aee3b98da016aa5c2c4f70da11a1ab00aafd823377c1,14,70,0,0.024372506886720657,-0.03324705362319946,-0.8072397112846375,-3.982795346436533e-05,0.0,-0.0,-0.0,-0.0,-3.982795346436533e-05,0.0,0.0,0,
std005,1,KL0010,ccab10940199f04759a7aee3b98da016aa5c2c4f70da11a1ab00aafd823377c1,14,70,0,0.026634972542524338,-0.02246006205677986,-0.5740329027175903,-4.3592323316902025e-05,0.0,-0.0,-0.0,-0.0,-4.3592323316902025e-05,0.0,0.0,0,
std005,1,KL001,ccab10940199f04759a7aee3b98da016aa5c2c4f70da11a1ab00aafd823377c1,15,75,0,0.049875304102897644,0.007092558778822422,-0.9328441023826599,-8.152710561971409e-05,0.0,-0.0,-0.0,-0.0,-8.152710561971409e-05,0.0,0.0,1,160.67990112304688
std005,1,KL002,ccab10940199f04759a7aee3b98da016aa5c2c4f70da11a1ab00aafd823377c1,15,75,0,0.04463136941194534,-0.007661733776330948,-1.6512339115142822,-7.286455646171026e-05,0.0,-0.0,-0.0,-0.0,-7.286455646171026e-05,0.0,0.0,1,160.75794982910156
std005,1,KL003,ccab10940199f04759a7aee3b98da016aa5c2c4f70da11a1ab00aafd823377c1,15,75,0,0.06408707052469254,-0.04133647680282593,-1.9578428268432617,-2.3619343169312193e-05,0.0,-0.0,-0.0,-0.0,-2.3619343169312193e-05,0.0,0.0,2,67.3581771850586
std005,1,KL004,ccab10940199f04759a7aee3b98da016aa5c2c4f70da11a1ab00aafd823377c1,15,75,0,0.04104195535182953,-0.045249007642269135,-0.4447791278362274,-6.710350035428704e-05,0.0,-0.0,-0.0,-0.0,-6.710350035428704e-05,0.0,0.0,0,
std005,1,KL005,ccab10940199f04759a7aee3b98da016aa5c2c4f70da11a1ab00aafd823377c1,15,75,0,0.023981088772416115,0.0005489643663167953,-0.9466320872306824,-3.925023176548434e-05,0.0,-0.0,-0.0,-0.0,-3.925023176548434e-05,0.0,0.0,0,
std005,1,KL006,ccab10940199f04759a7aee3b98da016aa5c2c4f70da11a1ab00aafd823377c1,15,75,0,0.03434204310178757,-0.03136251121759415,-1.1946089267730713,-5.613650372881621e-05,0.0,-0.0,-0.0,-0.0,-5.613650372881621e-05,0.0,0.0,0,
std005,1,KL007,ccab10940199f04759a7aee3b98da016aa5c2c4f70da11a1ab00aafd823377c1,15,75,0,0.1458343118429184,0.011814344674348831,-1.729785442352295,-0.00023867784995178855,0.0,-0.0,-0.0,-0.0,-0.00023867784995178855,0.0,0.0,2,67.3581771850586
std005,1,KL008,ccab10940199f04759a7aee3b98da016aa5c2c4f70da11a1ab00aafd823377c1,15,75,0,0.0449448823928833,-0.04827060550451279,-0.35624420642852783,-0.0009040840268928972,0.0,-0.0,-0.0,-0.0,-0.0009040840268928972,0.0,0.0,0,
std005,1,KL009,ccab10940199f04759a7aee3b98da016aa5c2c4f70da11a1ab00aafd823377c1,15,75,0,0.02415716089308262,-0.032220013439655304,-0.8306488990783691,-3.947721656600284e-05,0.0,-0.0,-0.0,-0.0,-3.947721656600284e-05,0.0,0.0,0,
std005,1,KL0010,ccab10940199f04759a7aee3b98da016aa5c2c4f70da11a1ab00aafd823377c1,15,75,0,0.02647850476205349,-0.022161293774843216,-0.5706885457038879,-4.3338521461787295e-05,0.0,-0.0,-0.0,-0.0,-4.3338521461787295e-05,0.0,0.0,0,
std005,1,KL001,ccab10940199f04759a7aee3b98da016aa5c2c4f70da11a1ab00aafd823377c1,16,80,0,0.05656822770833969,0.021003320813179016,-0.9297113418579102,-9.247127057517998e-05,0.0,-0.0,-0.0,-0.0,-9.247127057517998e-05,0.0,0.0,1,155.3876495361328
std005,1,KL002,ccab10940199f04759a7aee3b98da016aa5c2c4f70da11a1ab00aafd823377c1,16,80,0,0.04422387480735779,-0.006662039086222649,-1.667896032333374,-7.22009532466206e-05,0.0,-0.0,-0.0,-0.0,-7.22009532466206e-05,0.0,0.0,1,155.7196044921875
std005,1,KL003,ccab10940199f04759a7aee3b98da016aa5c2c4f70da11a1ab00aafd823377c1,16,80,0,0.06285932660102844,-0.040515415370464325,-1.9578754901885986,-2.0195369031441648e-05,0.0,-0.0,-0.0,-0.0,-2.0195369031441648e-05,0.0,0.0,2,62.405113220214844
std005,1,KL004,ccab10940199f04759a7aee3b98da016aa5c2c4f70da11a1ab00aafd823377c1,16,80,0,0.041088931262493134,-0.04498882591724396,-0.4434433877468109,-6.718268094329164e-05,0.0,-0.0,-0.0,-0.0,-6.718268094329164e-05,0.0,0.0,0,
std005,1,KL005,ccab10940199f04759a7aee3b98da016aa5c2c4f70da11a1ab00aafd823377c1,16,80,0,0.02439720742404461,0.0018791547045111656,-0.9689874649047852,-3.993360970370402e-05,0.0,-0.0,-0.0,-0.0,-3.993360970370402e-05,0.0,0.0,0,
std005,1,KL006,ccab10940199f04759a7aee3b98da016aa5c2c4f70da11a1ab00aafd823377c1,16,80,0,0.033424317836761475,-0.029611187055706978,-1.2272417545318604,-5.463818998587379e-05,0.0,-0.0,-0.0,-0.0,-5.463818998587379e-05,0.0,0.0,0,
std005,1,KL007,ccab10940199f04759a7aee3b98da016aa5c2c4f70da11a1ab00aafd823377c1,16,80,0,0.06625845283269882,0.03534579277038574,-1.7218968868255615,-0.00010876957399269937,0.0,-0.0,-0.0,-0.0,-0.00010876957399269937,0.0,0.0,2,62.405113220214844
std005,1,KL008,ccab10940199f04759a7aee3b98da016aa5c2c4f70da11a1ab00aafd823377c1,16,80,0,0.02611422725021839,-0.030407318845391273,-0.2908661365509033,-0.0008778304021213439,0.0,-0.0,-0.0,-0.0,-0.0008778304021213439,0.0,0.0,0,
std005,1,KL009,ccab10940199f04759a7aee3b98da016aa5c2c4f70da11a1ab00aafd823377c1,16,80,0,0.023668672889471054,-0.03103743866086006,-0.8519309759140015,-3.8680095799445446e-05,0.0,-0.0,-0.0,-0.0,-3.8680095799445446e-05,0.0,0.0,0,
std005,1,KL0010,ccab10940199f04759a7aee3b98da016aa5c2c4f70da11a1ab00aafd823377c1,16,80,0,0.026498502120375633,-0.021916596218943596,-0.5680341720581055,-4.3373559300349984e-05,0.0,-0.0,-0.0,-0.0,-4.3373559300349984e-05,0.0,0.0,0,
std005,1,KL001,ccab10940199f04759a7aee3b98da016aa5c2c4f70da11a1ab00aafd823377c1,17,85,0,0.05820794403553009,0.022159148007631302,-0.9448031187057495,-9.515574706186706e-05,0.0,-0.0,-0.0,-0.0,-9.515574706186706e-05,0.0,0.0,1,150.22735595703125
std005,1,KL002,ccab10940199f04759a7aee3b98da016aa5c2c4f70da11a1ab00aafd823377c1,17,85,0,0.044887952506542206,-0.00019458122551441193,-1.7831275463104248,-7.328687424038544e-05,0.0,-0.0,-0.0,-0.0,-7.328687424038544e-05,0.0,0.0,1,153.28025817871094
std005,1,KL003,ccab10940199f04759a7aee3b98da016aa5c2c4f70da11a1ab00aafd823377c1,17,85,0,0.06111147999763489,-0.04069925844669342,-1.9293330907821655,-1.5903357896156664e-05,0.0,-0.0,-0.0,-0.0,-1.5903357896156664e-05,0.0,0.0,2,62.2694091796875
std005,1,KL004,ccab10940199f04759a7aee3b98da016aa5c2c4f70da11a1ab00aafd823377c1,17,85,0,0.04222481697797775,-0.04451495409011841,-0.4470679461956024,-6.904235495687514e-05,0.0,-0.0,-0.0,-0.0,-6.904235495687514e-05,0.0,0.0,0,
std005,1,KL005,ccab10940199f04759a7aee3b98da016aa5c2c4f70da11a1ab00aafd823377c1,17,85,0,0.021792273968458176,0.002584744244813919,-0.9385970234870911,-3.567188709245333e-05,0.0,-0.0,-0.0,-0.0,-3.567188709245333e-05,0.0,0.0,0,
std005,1,KL006,ccab10940199f04759a7aee3b98da016aa5c2c4f70da11a1ab00aafd823377c1,17,85,0,0.03244397044181824,-0.02807031013071537,-1.2609741687774658,-5.303744692333934e-05,0.0,-0.0,-0.0,-0.0,-5.303744692333934e-05,0.0,0.0,0,
std005,1,KL007,ccab10940199f04759a7aee3b98da016aa5c2c4f70da11a1ab00aafd823377c1,17,85,0,0.07686658948659897,0.026198962703347206,-1.5539772510528564,-0.00012582422186928983,0.0,-0.0,-0.0,-0.0,-0.00012582422186928983,0.0,0.0,2,62.2694091796875
std005,1,KL008,ccab10940199f04759a7aee3b98da016aa5c2c4f70da11a1ab00aafd823377c1,17,85,0,0.003620391944423318,-0.03478036820888519,-0.26011601090431213,-0.0008459545311667805,0.0,-0.0,-0.0,-0.0,-0.0008459545311667805,0.0,0.0,0,
std005,1,KL009,ccab10940199f04759a7aee3b98da016aa5c2c4f70da11a1ab00aafd823377c1,17,85,0,0.02454599179327488,-0.030330326408147812,-0.8567000031471252,-4.01150493615687e-05,0.0,-0.0,-0.0,-0.0,-4.01150493615687e-05,0.0,0.0,0,
std005,1,KL0010,ccab10940199f04759a7aee3b98da016aa5c2c4f70da11a1ab00aafd823377c1,17,85,0,0.027615295723080635,-0.0220958162099123,-0.5620095729827881,-4.520397866539837e-05,0.0,-0.0,-0.0,-0.0,-4.520397866539837e-05,0.0,0.0,0,
std005,1,KL001,ccab10940199f04759a7aee3b98da016aa5c2c4f70da11a1ab00aafd823377c1,18,90,0,0.05803877115249634,0.023986265063285828,-0.9567439556121826,-9.488335788843129e-05,0.0,-0.0,-0.0,-0.0,-9.488335788843129e-05,0.0,0.0,1,144.8972930908203
std005,1,KL002,ccab10940199f04759a7aee3b98da016aa5c2c4f70da11a1ab00aafd823377c1,18,90,0,0.043979205191135406,0.000779641792178154,-1.7986292839050293,-7.180496140979447e-05,0.0,-0.0,-0.0,-0.0,-7.180496140979447e-05,0.0,0.0,1,147.6942901611328
std005,1,KL003,ccab10940199f04759a7aee3b98da016aa5c2c4f70da11a1ab00aafd823377c1,18,90,0,0.06113339215517044,-0.04046936333179474,-1.9266785383224487,-1.4497912907879886e-05,0.0,-0.0,-0.0,-0.0,-1.4497912907879886e-05,0.0,0.0,2,56.64763259887695
std005,1,KL004,ccab10940199f04759a7aee3b98da016aa5c2c4f70da11a1ab00aafd823377c1,18,90,0,0.042449161410331726,-0.043213389813899994,-0.453544944524765,-6.941170884781758e-05,0.0,-0.0,-0.0,-0.0,-6.941170884781758e-05,0.0,0.0,0,
std005,1,KL005,ccab10940199f04759a7aee3b98da016aa5c2c4f70da11a1ab00aafd823377c1,18,90,0,0.013372084125876427,-0.00026036007329821587,-0.8840177655220032,-2.1890003265850544e-05,0.0,-0.0,-0.0,-0.0,-2.1890003265850544e-05,0.0,0.0,0,
std005,1,KL006,ccab10940199f04759a7aee3b98da016aa5c2c4f70da11a1ab00aafd823377c1,18,90,0,0.03131718933582306,-0.02625587396323681,-1.2951912879943848,-5.1197226293071715e-05,0.0,-0.0,-0.0,-0.0,-5.1197226293071715e-05,0.0,0.0,0,
std005,1,KL007,ccab10940199f04759a7aee3b98da016aa5c2c4f70da11a1ab00aafd823377c1,18,90,0,0.08356820046901703,0.0319313108921051,-1.6004592180252075,-0.0001368025759823032,0.0,-0.0,-0.0,-0.0,-0.0001368025759823032,0.0,0.0,2,56.64763259887695
std005,1,KL008,ccab10940199f04759a7aee3b98da016aa5c2c4f70da11a1ab00aafd823377c1,18,90,0,0.012770582921802998,-0.03164001926779747,-0.2127942144870758,-0.0008661497592270429,0.0,-0.0,-0.0,-0.0,-0.0008661497592270429,0.0,0.0,0,
std005,1,KL009,ccab10940199f04759a7aee3b98da016aa5c2c4f70da11a1ab00aafd823377c1,18,90,0,0.023792752996087074,-0.029514649882912636,-0.8792328238487244,-3.888524868535755e-05,0.0,-0.0,-0.0,-0.0,-3.888524868535755e-05,0.0,0.0,0,
std005,1,KL0010,ccab10940199f04759a7aee3b98da016aa5c2c4f70da11a1ab00aafd823377c1,18,90,0,0.027616864070296288,-0.021579377353191376,-0.5593119263648987,-4.520902812916945e-05,0.0,-0.0,-0.0,-0.0,-4.520902812916945e-05,0.0,0.0,0,
std005,1,KL001,ccab10940199f04759a7aee3b98da016aa5c2c4f70da11a1ab00aafd823377c1,19,95,0,0.057244591414928436,0.025425350293517113,-0.9697058200836182,-9.358920180904699e-05,0.0,-0.0,-0.0,-0.0,-9.358920180904699e-05,0.0,0.0,1,139.76641845703125
std005,1,KL002,ccab10940199f04759a7aee3b98da016aa5c2c4f70da11a1ab00aafd823377c1,19,95,0,0.04335200786590576,0.0015543829649686813,-1.8044390678405762,-7.078267079166169e-05,0.0,-0.0,-0.0,-0.0,-7.078267079166169e-05,0.0,0.0,1,142.31275939941406
std005,1,KL003,ccab10940199f04759a7aee3b98da016aa5c2c4f70da11a1ab00aafd823377c1,19,95,0,0.06149715185165405,-0.039744287729263306,-1.9306890964508057,-1.362011138757747e-05,0.0,-0.0,-0.0,-0.0,-1.362011138757747e-05,0.0,0.0,2,51.307193756103516
std005,1,KL004,ccab10940199f04759a7aee3b98da016aa5c2c4f70da11a1ab00aafd823377c1,19,95,0,0.04261559247970581,-0.04220288246870041,-0.4576859772205353,-6.968642900660335e-05,0.0,-0.0,-0.0,-0.0,-6.968642900660335e-05,0.0,0.0,0,
std005,1,KL005,ccab10940199f04759a7aee3b98da016aa5c2c4f70da11a1ab00aafd823377c1,19,95,0,0.014660792425274849,0.000597634818404913,-0.9166741967201233,-2.400108495452174e-05,0.0,-0.0,-0.0,-0.0,-2.400108495452174e-05,0.0,0.0,0,
std005,1,KL006,ccab10940199f04759a7aee3b98da016aa5c2c4f70da11a1ab00aafd823377c1,19,95,0,0.030107108876109123,-0.023887375369668007,-1.3288030624389648,-4.922073675087016e-05,0.0,-0.0,-0.0,-0.0,-4.922073675087016e-05,0.0,0.0,0,
std005,1,KL007,ccab10940199f04759a7aee3b98da016aa5c2c4f70da11a1ab00aafd823377c1,19,95,0,0.0522930845618248,0.022671379148960114,-1.66658616065979,-8.564303484024133e-05,0.0,-0.0,-0.0,-0.0,-8.564303484024133e-05,0.0,0.0,2,51.307193756103516
std005,1,KL008,ccab10940199f04759a7aee3b98da016aa5c2c4f70da11a1ab00aafd823377c1,19,95,0,0.011716206558048725,-0.03177208453416824,-0.21227963268756866,-0.0008695852753196181,0.0,-0.0,-0.0,-0.0,-0.0008695852753196181,0.0,0.0,0,
std005,1,KL009,ccab10940199f04759a7aee3b98da016aa5c2c4f70da11a1ab00aafd823377c1,19,95,0,0.023065617308020592,-0.02819417230784893,-0.8990628719329834,-3.7698055139471125e-05,0.0,-0.0,-0.0,-0.0,-3.7698055139471125e-05,0.0,0.0,0,
std005,1,KL0010,ccab10940199f04759a7aee3b98da016aa5c2c4f70da11a1ab00aafd823377c1,19,95,0,0.02736447937786579,-0.02146967500448227,-0.5569277405738831,-4.47983725832356e-05,0.0,-0.0,-0.0,-0.0,-4.47983725832356e-05,0.0,0.0,0,
std005,1,KL001,ccab10940199f04759a7aee3b98da016aa5c2c4f70da11a1ab00aafd823377c1,20,100,0,0.057830072939395905,0.02665606327354908,-0.979724645614624,-9.455069209584944e-05,0.0,-0.0,-0.0,-0.0,-9.455069209584944e-05,0.0,0.0,1,134.66702270507812
std005,1,KL002,ccab10940199f04759a7aee3b98da016aa5c2c4f70da11a1ab00aafd823377c1,20,100,0,0.042547859251499176,0.0005409251898527145,-1.7899318933486938,-6.947144248269043e-05,0.0,-0.0,-0.0,-0.0,-6.947144248269043e-05,0.0,0.0,1,139.022705078125
std005,1,KL003,ccab10940199f04759a7aee3b98da016aa5c2c4f70da11a1ab00aafd823377c1,20,100,0,0.06088048219680786,-0.03917832672595978,-1.917464256286621,-1.10997457926679e-05,0.0,-0.0,-0.0,-0.0,-1.10997457926679e-05,0.0,0.0,2,48.175750732421875
std005,1,KL004,ccab10940199f04759a7aee3b98da016aa5c2c4f70da11a1ab00aafd823377c1,20,100,0,0.04327436536550522,-0.041331321001052856,-0.46338391304016113,-7.076631218135543e-05,0.0,-0.0,-0.0,-0.0,-7.076631218135543e-05,0.0,0.0,0,
std005,1,KL005,ccab10940199f04759a7aee3b98da016aa5c2c4f70da11a1ab00aafd823377c1,20,100,0,0.008061349391937256,-0.03502669930458069,-0.9626367092132568,-1.3197743904818582e-05,0.0,-0.0,-0.0,-0.0,-1.3197743904818582e-05,0.0,0.0,0,
std005,1,KL006,ccab10940199f04759a7aee3b98da016aa5c2c4f70da11a1ab00aafd823377c1,20,100,0,0.028926191851496696,-0.021991653367877007,-1.3600927591323853,-4.729182216725314e-05,0.0,-0.0,-0.0,-0.0,-4.729182216725314e-05,0.0,0.0,0,
std005,1,KL007,ccab10940199f04759a7aee3b98da016aa5c2c4f70da11a1ab00aafd823377c1,20,100,0,0.03946834057569504,0.023075195029377937,-1.623877763748169,-6.461963594417972e-05,0.0,-0.0,-0.0,-0.0,-6.461963594417972e-05,0.0,0.0,2,48.175750732421875
std005,1,KL008,ccab10940199f04759a7aee3b98da016aa5c2c4f70da11a1ab00aafd823377c1,20,100,0,0.003935386426746845,-0.034285448491573334,-0.25794389843940735,-0.0008621018258410917,0.0,-0.0,-0.0,-0.0,-0.0008621018258410917,0.0,0.0,0,
std005,1,KL009,ccab10940199f04759a7aee3b98da016aa5c2c4f70da11a1ab00aafd823377c1,20,100,0,0.02314051426947117,-0.027328375726938248,-0.9121734499931335,-3.782167397598911e-05,0.0,-0.0,-0.0,-0.0,-3.782167397598911e-05,0.0,0.0,0,
std005,1,KL0010,ccab10940199f04759a7aee3b98da016aa5c2c4f70da11a1ab00aafd823377c1,20,100,0,0.027719464153051376,-0.021501166746020317,-0.5528338551521301,-4.5382079391425874e-05,0.0,-0.0,-0.0,-0.0,-4.5382079391425874e-05,0.0,0.0,0,
std005,1,KL001,ccab10940199f04759a7aee3b98da016aa5c2c4f70da11a1ab00aafd823377c1,21,105,0,0.05241278558969498,0.021248625591397285,-0.8834514617919922,-8.569755265571786e-05,0.0,-0.0,-0.0,-0.0,-8.569755265571786e-05,0.0,0.0,1,129.47926330566406
std005,1,KL002,ccab10940199f04759a7aee3b98da016aa5c2c4f70da11a1ab00aafd823377c1,21,105,0,0.06806674599647522,0.012399720028042793,-1.6883915662765503,-0.00011113033210596854,0.0,-0.0,-0.0,-0.0,-0.00011113033210596854,0.0,0.0,1,134.87489318847656
std005,1,KL003,ccab10940199f04759a7aee3b98da016aa5c2c4f70da11a1ab00aafd823377c1,21,105,0,0.06064540147781372,-0.03873824328184128,-1.9135427474975586,-9.17792130712376e-06,0.0,-0.0,-0.0,-0.0,-9.17792130712376e-06,0.0,0.0,2,43.98849105834961
std005,1,KL004,ccab10940199f04759a7aee3b98da016aa5c2c4f70da11a1ab00aafd823377c1,21,105,0,0.04370357096195221,-0.04031366854906082,-0.4682615101337433,-7.147091269658228e-05,0.0,-0.0,-0.0,-0.0,-7.147091269658228e-05,0.0,0.0,0,
std005,1,KL005,ccab10940199f04759a7aee3b98da016aa5c2c4f70da11a1ab00aafd823377c1,21,105,0,0.007888170890510082,-0.03345487266778946,-0.9802597761154175,-1.291493763052696e-05,0.0,-0.0,-0.0,-0.0,-1.291493763052696e-05,0.0,0.0,0,
std005,1,KL006,ccab10940199f04759a7aee3b98da016aa5c2c4f70da11a1ab00aafd823377c1,21,105,0,0.027653178200125694,-0.01986105926334858,-1.3921244144439697,-4.521221954107924e-05,0.0,-0.0,-0.0,-0.0,-4.521221954107924e-05,0.0,0.0,0,
std005,1,KL007,ccab10940199f04759a7aee3b98da016aa5c2c4f70da11a1ab00aafd823377c1,21,105,0,0.025839807465672493,0.004495152272284031,-1.4739446640014648,-4.230896072885711e-05,0.0,-0.0,-0.0,-0.0,-4.230896072885711e-05,0.0,0.0,2,43.98849105834961
std005,1,KL008,ccab10940199f04759a7aee3b98da016aa5c2c4f70da11a1ab00aafd823377c1,21,105,0,0.003061319701373577,-0.03470631688833237,-0.25832605361938477,-0.0008660847012085214,0.0,-0.0,-0.0,-0.0,-0.0008660847012085214,0.0,0.0,0,
std005,1,KL009,ccab10940199f04759a7aee3b98da016aa5c2c4f70da11a1ab00aafd823377c1,21,105,0,0.022824784740805626,-0.026503076776862144,-0.9271585941314697,-3.7306836503635353e-05,0.0,-0.0,-0.0,-0.0,-3.7306836503635353e-05,0.0,0.0,0,
std005,1,KL0010,ccab10940199f04759a7aee3b98da016aa5c2c4f70da11a1ab00aafd823377c1,21,105,0,0.027833057567477226,-0.021383602172136307,-0.5493874549865723,-4.557067135118404e-05,0.0,-0.0,-0.0,-0.0,-4.557067135118404e-05,0.0,0.0,0,
std005,1,KL001,ccab10940199f04759a7aee3b98da016aa5c2c4f70da11a1ab00aafd823377c1,22,110,0,0.10071223229169846,-0.017681337893009186,-0.8635861277580261,-0.0001645919226683721,0.0,-0.0,-0.0,-0.0,-0.0001645919226683721,0.0,0.0,1,124.2747573852539
std005,1,KL002,ccab10940199f04759a7aee3b98da016aa5c2c4f70da11a1ab00aafd823377c1,22,110,0,0.07032913714647293,0.011106418445706367,-1.6885262727737427,-0.00011483733850424887,0.0,-0.0,-0.0,-0.0,-0.00011483733850424887,0.0,0.0,1,131.06910705566406
std005,1,KL003,ccab10940199f04759a7aee3b98da016aa5c2c4f70da11a1ab00aafd823377c1,22,110,0,0.05424116551876068,-0.0305080097168684,-1.9152354001998901,-2.877499166480283e-06,0.0,-0.0,-0.0,-0.0,-2.877499166480283e-06,0.0,0.0,2,39.808223724365234
std005,1,KL004,ccab10940199f04759a7aee3b98da016aa5c2c4f70da11a1ab00aafd823377c1,22,110,0,0.05973073095083237,-0.05042066425085068,-0.526244044303894,-9.768405698826027e-05,0.0,-0.0,-0.0,-0.0,-9.768405698826027e-05,0.0,0.0,0,
std005,1,KL005,ccab10940199f04759a7aee3b98da016aa5c2c4f70da11a1ab00aafd823377c1,22,110,0,0.007615013979375362,-0.03284899890422821,-0.97767174243927,-1.2468407751116707e-05,0.0,-0.0,-0.0,-0.0,-1.2468407751116707e-05,0.0,0.0,0,
std005,1,KL006,ccab10940199f04759a7aee3b98da016aa5c2c4f70da11a1ab00aafd823377c1,22,110,0,0.026792356744408607,-0.017751900479197502,-1.4328303337097168,-4.380645224662086e-05,0.0,-0.0,-0.0,-0.0,-4.380645224662086e-05,0.0,0.0,0,
std005,1,KL007,ccab10940199f04759a7aee3b98da016aa5c2c4f70da11a1ab00aafd823377c1,22,110,0,0.0206995140761137,0.002202250063419342,-1.3788694143295288,-3.389458883781224e-05,0.0,-0.0,-0.0,-0.0,-3.389458883781224e-05,0.0,0.0,2,39.808223724365234
std005,1,KL008,ccab10940199f04759a7aee3b98da016aa5c2c4f70da11a1ab00aafd823377c1,22,110,0,0.002510441467165947,-0.03452768176794052,-0.25072577595710754,-0.0008706600360902285,0.0,-0.0,-0.0,-0.0,-0.0008706600360902285,0.0,0.0,0,
std005,1,KL009,ccab10940199f04759a7aee3b98da016aa5c2c4f70da11a1ab00aafd823377c1,22,110,0,0.022180283442139626,-0.02561604417860508,-0.938821017742157,-3.625460428264234e-05,0.0,-0.0,-0.0,-0.0,-3.625460428264234e-05,0.0,0.0,0,
std005,1,KL0010,ccab10940199f04759a7aee3b98da016aa5c2c4f70da11a1ab00aafd823377c1,22,110,0,0.027814580127596855,-0.021071627736091614,-0.5490988492965698,-4.55430786770313e-05,0.0,-0.0,-0.0,-0.0,-4.55430786770313e-05,0.0,0.0,0,
std005,1,KL001,ccab10940199f04759a7aee3b98da016aa5c2c4f70da11a1ab00aafd823377c1,23,115,0,0.09677956253290176,-0.021537169814109802,-0.7995778322219849,-0.00015824951775196178,0.0,-0.0,-0.0,-0.0,-0.00015824951775196178,0.0,0.0,1,119.72308349609375
std005,1,KL002,ccab10940199f04759a7aee3b98da016aa5c2c4f70da11a1ab00aafd823377c1,23,115,0,0.06973691284656525,0.01163192093372345,-1.6871449947357178,-0.0001138733844173493,0.0,-0.0,-0.0,-0.0,-0.0001138733844173493,0.0,0.0,1,126.43199157714844
std005,1,KL003,ccab10940199f04759a7aee3b98da016aa5c2c4f70da11a1ab00aafd823377c1,23,115,0,0.053579047322273254,-0.031109586358070374,-1.9005656242370605,-5.48144067208231e-06,0.0,-0.0,-0.0,-0.0,-5.48144067208231e-06,0.0,0.0,2,35.18403625488281
std005,1,KL004,ccab10940199f04759a7aee3b98da016aa5c2c4f70da11a1ab00aafd823377c1,23,115,0,0.05879472196102142,-0.04916803538799286,-0.5152690410614014,-9.615694708875481e-05,0.0,-0.0,-0.0,-0.0,-9.615694708875481e-05,0.0,0.0,0,
std005,1,KL005,ccab10940199f04759a7aee3b98da016aa5c2c4f70da11a1ab00aafd823377c1,23,115,0,0.008258428424596786,-0.032281070947647095,-0.9924144744873047,-1.3522711870208452e-05,0.0,-0.0,-0.0,-0.0,-1.3522711870208452e-05,0.0,0.0,0,
std005,1,KL006,ccab10940199f04759a7aee3b98da016aa5c2c4f70da11a1ab00aafd823377c1,23,115,0,0.025601418688893318,-0.015297994948923588,-1.468186855316162,-4.186083228999629e-05,0.0,-0.0,-0.0,-0.0,-4.186083228999629e-05,0.0,0.0,0,
std005,1,KL007,ccab10940199f04759a7aee3b98da016aa5c2c4f70da11a1ab00aafd823377c1,23,115,0,0.018488779664039612,0.0037315678782761097,-1.3486783504486084,-3.027654879173428e-05,0.0,-0.0,-0.0,-0.0,-3.027654879173428e-05,0.0,0.0,2,35.18403625488281
std005,1,KL008,ccab10940199f04759a7aee3b98da016aa5c2c4f70da11a1ab00aafd823377c1,23,115,0,0.0038309823721647263,-0.036004550755023956,-0.24754568934440613,-0.0008783499272781277,0.0,-0.0,-0.0,-0.0,-0.0008783499272781277,0.0,0.0,0,
std005,1,KL009,ccab10940199f04759a7aee3b98da016aa5c2c4f70da11a1ab00aafd823377c1,23,115,0,0.021589474752545357,-0.02377108298242092,-0.9589216709136963,-3.529008577773835e-05,0.0,-0.0,-0.0,-0.0,-3.529008577773835e-05,0.0,0.0,0,
std005,1,KL0010,ccab10940199f04759a7aee3b98da016aa5c2c4f70da11a1ab00aafd823377c1,23,115,0,0.02737538143992424,-0.020418046042323112,-0.5403447151184082,-4.482661358435005e-05,0.0,-0.0,-0.0,-0.0,-4.482661358435005e-05,0.0,0.0,0,
std005,1,KL001,ccab10940199f04759a7aee3b98da016aa5c2c4f70da11a1ab00aafd823377c1,24,120,0,0.09619799256324768,-0.02031729929149151,-0.8118896484375,-0.00015730493571568753,0.0,-0.0,-0.0,-0.0,-0.00015730493571568753,0.0,0.0,1,114.44085693359375
std005,1,KL002,ccab10940199f04759a7aee3b98da016aa5c2c4f70da11a1ab00aafd823377c1,24,120,0,0.06917224824428558,0.011423127725720406,-1.689249873161316,-0.00011295440326579122,0.0,-0.0,-0.0,-0.0,-0.00011295440326579122,0.0,0.0,1,121.55278778076172
std005,1,KL003,ccab10940199f04759a7aee3b98da016aa5c2c4f70da11a1ab00aafd823377c1,24,120,0,0.053495168685913086,-0.030381133779883385,-1.8957209587097168,-7.1642952715635425e-06,0.0,-0.0,-0.0,-0.0,-7.1642952715635425e-06,0.0,0.0,2,30.327777862548828
std005,1,KL004,ccab10940199f04759a7aee3b98da016aa5c2c4f70da11a1ab00aafd823377c1,24,120,0,0.05911550670862198,-0.047927893698215485,-0.5213462710380554,-9.668527495277511e-05,0.0,-0.0,-0.0,-0.0,-9.668527495277511e-05,0.0,0.0,0,
std005,1,KL005,ccab10940199f04759a7aee3b98da016aa5c2c4f70da11a1ab00aafd823377c1,24,120,0,-0.0035714171826839447,-0.01173909567296505,-0.923311710357666,-5.848878469179702e-06,0.0,-0.0,-0.0,-0.0,-5.848878469179702e-06,0.0,0.0,0,
std005,1,KL006,ccab10940199f04759a7aee3b98da016aa5c2c4f70da11a1ab00aafd823377c1,24,120,0,0.024289488792419434,-0.013124496676027775,-1.4988245964050293,-3.971725771361329e-05,0.0,-0.0,-0.0,-0.0,-3.971725771361329e-05,0.0,0.0,0,
std005,1,KL007,ccab10940199f04759a7aee3b98da016aa5c2c4f70da11a1ab00aafd823377c1,24,120,0,0.016937682405114174,0.004487487021833658,-1.357029676437378,-2.7738346278319032e-05,0.0,-0.0,-0.0,-0.0,-2.7738346278319032e-05,0.0,0.0,2,30.327777862548828
std005,1,KL008,ccab10940199f04759a7aee3b98da016aa5c2c4f70da11a1ab00aafd823377c1,24,120,0,0.0036302367225289345,-0.035847559571266174,-0.24571003019809723,-0.0008835784695168957,0.0,-0.0,-0.0,-0.0,-0.0008835784695168957,0.0,0.0,0,
std005,1,KL009,ccab10940199f04759a7aee3b98da016aa5c2c4f70da11a1ab00aafd823377c1,24,120,0,0.02107137069106102,-0.022801583632826805,-0.9772837162017822,-3.444436748831784e-05,0.0,-0.0,-0.0,-0.0,-3.444436748831784e-05,0.0,0.0,0,
std005,1,KL0010,ccab10940199f04759a7aee3b98da016aa5c2c4f70da11a1ab00aafd823377c1,24,120,0,0.02743786759674549,-0.020257212221622467,-0.5376803278923035,-4.4931641488112054e-05,0.0,-0.0,-0.0,-0.0,-4.4931641488112054e-05,0.0,0.0,0,
std005,1,KL001,ccab10940199f04759a7aee3b98da016aa5c2c4f70da11a1ab00aafd823377c1,25,125,0,0.0956573560833931,-0.019122501835227013,-0.8232250213623047,-0.0001564273361846392,0.0,-0.0,-0.0,-0.0,-0.0001564273361846392,0.0,0.0,1,109.35826110839844
std005,1,KL002,ccab10940199f04759a7aee3b98da016aa5c2c4f70da11a1ab00aafd823377c1,25,125,0,0.06880558282136917,0.011681832373142242,-1.6925393342971802,-0.00011235872688128694,0.0,-0.0,-0.0,-0.0,-0.00011235872688128694,0.0,0.0,1,116.62837219238281
std005,1,KL003,ccab10940199f04759a7aee3b98da016aa5c2c4f70da11a1ab00aafd823377c1,25,125,0,0.051374174654483795,-0.038864992558956146,-1.8885165452957153,-1.2218013565957811e-05,0.0,-0.0,-0.0,-0.0,-1.2218013565957811e-05,0.0,0.0,2,25.419166564941406
std005,1,KL004,ccab10940199f04759a7aee3b98da016aa5c2c4f70da11a1ab00aafd823377c1,25,125,0,0.05917727202177048,-0.04680316895246506,-0.5263695120811462,-9.679005150976458e-05,0.0,-0.0,-0.0,-0.0,-9.679005150976458e-05,0.0,0.0,0,
std005,1,KL005,ccab10940199f04759a7aee3b98da016aa5c2c4f70da11a1ab00aafd823377c1,25,125,0,-0.004256195388734341,-0.010708717629313469,-0.9541387557983398,-6.970705436795952e-06,0.0,-0.0,-0.0,-0.0,-6.970705436795952e-06,0.0,0.0,0,
std005,1,KL006,ccab10940199f04759a7aee3b98da016aa5c2c4f70da11a1ab00aafd823377c1,25,125,0,0.02289721369743347,-0.010574540123343468,-1.5302109718322754,-3.744215975120194e-05,0.0,-0.0,-0.0,-0.0,-3.744215975120194e-05,0.0,0.0,0,
std005,1,KL007,ccab10940199f04759a7aee3b98da016aa5c2c4f70da11a1ab00aafd823377c1,25,125,0,0.015420891344547272,0.005834535695612431,-1.369922399520874,-2.525602514499014e-05,0.0,-0.0,-0.0,-0.0,-2.525602514499014e-05,0.0,0.0,2,25.419166564941406
std005,1,KL008,ccab10940199f04759a7aee3b98da016aa5c2c4f70da11a1ab00aafd823377c1,25,125,0,0.003351590596139431,-0.035769544541835785,-0.24404487013816833,-0.000888732525382361,0.0,-0.0,-0.0,-0.0,-0.000888732525382361,0.0,0.0,0,
std005,1,KL009,ccab10940199f04759a7aee3b98da016aa5c2c4f70da11a1ab00aafd823377c1,25,125,0,0.020484469830989838,-0.02189520187675953,-0.9910842776298523,-3.3486146543961405e-05,0.0,-0.0,-0.0,-0.0,-3.3486146543961405e-05,0.0,0.0,0,
std005,1,KL0010,ccab10940199f04759a7aee3b98da016aa5c2c4f70da11a1ab00aafd823377c1,25,125,0,0.027350598946213722,-0.020202504470944405,-0.5347604155540466,-4.479148884913063e-05,0.0,-0.0,-0.0,-0.0,-4.479148884913063e-05,0.0,0.0,0,
std005,1,KL001,ccab10940199f04759a7aee3b98da016aa5c2c4f70da11a1ab00aafd823377c1,26,130,0,0.09527812153100967,-0.018349096179008484,-0.8307764530181885,-0.0001558137072495776,0.0,-0.0,-0.0,-0.0,-0.0001558137072495776,0.0,0.0,1,104.0822982788086
std005,1,KL002,ccab10940199f04759a7aee3b98da016aa5c2c4f70da11a1ab00aafd823377c1,26,130,0,0.06169838458299637,0.005032265558838844,-1.8345139026641846,-0.0001007556774117308,0.0,-0.0,-0.0,-0.0,-0.0001007556774117308,0.0,0.0,1,111.70022583007812
std005,1,KL003,ccab10940199f04759a7aee3b98da016aa5c2c4f70da11a1ab00aafd823377c1,26,130,0,0.05101257562637329,-0.03825032711029053,-1.883777141571045,-1.4396550998872673e-05,0.0,-0.0,-0.0,-0.0,-1.4396550998872673e-05,0.0,0.0,2,20.514911651611328
std005,1,KL004,ccab10940199f04759a7aee3b98da016aa5c2c4f70da11a1ab00aafd823377c1,26,130,0,0.05937149375677109,-0.045307643711566925,-0.530052900314331,-9.711155409460589e-05,0.0,-0.0,-0.0,-0.0,-9.711155409460589e-05,0.0,0.0,0,
std005,1,KL005,ccab10940199f04759a7aee3b98da016aa5c2c4f70da11a1ab00aafd823377c1,26,130,0,-0.004928993061184883,-0.010396143421530724,-0.9671850204467773,-8.073061304398016e-06,0.0,-0.0,-0.0,-0.0,-8.073061304398016e-06,0.0,0.0,0,
std005,1,KL006,ccab10940199f04759a7aee3b98da016aa5c2c4f70da11a1ab00aafd823377c1,26,130,0,0.021519822999835014,-0.008227856829762459,-1.5631451606750488,-3.5191246081669624e-05,0.0,-0.0,-0.0,-0.0,-3.5191246081669624e-05,0.0,0.0,0,
std005,1,KL007,ccab10940199f04759a7aee3b98da016aa5c2c4f70da11a1ab00aafd823377c1,26,130,0,0.014092981815338135,0.006844250950962305,-1.3762967586517334,-2.3082770111080477e-05,0.0,-0.0,-0.0,-0.0,-2.3082770111080477e-05,0.0,0.0,2,20.514911651611328
std005,1,KL008,ccab10940199f04759a7aee3b98da016aa5c2c4f70da11a1ab00aafd823377c1,26,130,0,0.0032550920732319355,-0.035646937787532806,-0.24313993752002716,-0.0008942387634322308,0.0,-0.0,-0.0,-0.0,-0.0008942387634322308,0.0,0.0,0,
std005,1,KL009,ccab10940199f04759a7aee3b98da016aa5c2c4f70da11a1ab00aafd823377c1,26,130,0,0.019952991977334023,-0.020940881222486496,-1.0084365606307983,-3.2618487657969865e-05,0.0,-0.0,-0.0,-0.0,-3.2618487657969865e-05,0.0,0.0,0,
std005,1,KL0010,ccab10940199f04759a7aee3b98da016aa5c2c4f70da11a1ab00aafd823377c1,26,130,0,0.006639124825596809,-0.03532908856868744,-0.5731202960014343,-1.0877735843658495e-05,0.0,-0.0,-0.0,-0.0,-1.0877735843658495e-05,0.0,0.0,0,
std005,1,KL001,ccab10940199f04759a7aee3b98da016aa5c2c4f70da11a1ab00aafd823377c1,27,135,0,0.09550344198942184,-0.01771262101829052,-0.84149569272995,-0.000156188766517732,0.0,-0.0,-0.0,-0.0,-0.000156188766517732,0.0,0.0,1,98.99813842773438
std005,1,KL002,ccab10940199f04759a7aee3b98da016aa5c2c4f70da11a1ab00aafd823377c1,27,135,0,0.060331493616104126,0.005094042047858238,-1.8352779150009155,-9.85262030236193e-05,0.0,-0.0,-0.0,-0.0,-9.85262030236193e-05,0.0,0.0,1,106.7203369140625
std005,1,KL003,ccab10940199f04759a7aee3b98da016aa5c2c4f70da11a1ab00aafd823377c1,27,135,0,0.05040418356657028,-0.03776653856039047,-1.876984715461731,-1.70109944480415e-05,0.0,-0.0,-0.0,-0.0,-1.70109944480415e-05,0.0,0.0,2,15.575143814086914
std005,1,KL004,ccab10940199f04759a7aee3b98da016aa5c2c4f70da11a1ab00aafd823377c1,27,135,0,0.03765898942947388,-0.04536203294992447,-0.6261634230613708,-6.160590845029306e-05,0.0,-0.0,-0.0,-0.0,-6.160590845029306e-05,0.0,0.0,0,
std005,1,KL005,ccab10940199f04759a7aee3b98da016aa5c2c4f70da11a1ab00aafd823377c1,27,135,0,-0.005719268694519997,-0.00984499603509903,-0.9806439876556396,-9.367988551650407e-06,0.0,-0.0,-0.0,-0.0,-9.367988551650407e-06,0.0,0.0,0,
std005,1,KL006,ccab10940199f04759a7aee3b98da016aa5c2c4f70da11a1ab00aafd823377c1,27,135,0,0.020139960572123528,-0.005836660973727703,-1.6005070209503174,-3.293613897517518e-05,0.0,-0.0,-0.0,-0.0,-3.293613897517518e-05,0.0,0.0,0,
std005,1,KL007,ccab10940199f04759a7aee3b98da016aa5c2c4f70da11a1ab00aafd823377c1,27,135,0,0.012502273544669151,0.007613092660903931,-1.3814003467559814,-2.047876822328315e-05,0.0,-0.0,-0.0,-0.0,-2.047876822328315e-05,0.0,0.0,2,15.575143814086914
std005,1,KL008,ccab10940199f04759a7aee3b98da016aa5c2c4f70da11a1ab00aafd823377c1,27,135,0,0.0030989544466137886,-0.03548162430524826,-0.24187715351581573,-0.0008996990527075513,0.0,-0.0,-0.0,-0.0,-0.0008996990527075513,0.0,0.0,0,
std005,1,KL009,ccab10940199f04759a7aee3b98da016aa5c2c4f70da11a1ab00aafd823377c1,27,135,0,0.019500842317938805,-0.020204516127705574,-1.0256561040878296,-3.18804583385584e-05,0.0,-0.0,-0.0,-0.0,-3.18804583385584e-05,0.0,0.0,0,
std005,1,KL0010,ccab10940199f04759a7aee3b98da016aa5c2c4f70da11a1ab00aafd823377c1,27,135,0,0.007144009694457054,-0.035549961030483246,-0.5604180693626404,-1.1701266804698396e-05,0.0,-0.0,-0.0,-0.0,-1.1701266804698396e-05,0.0,0.0,0,
std005,1,KL001,ccab10940199f04759a7aee3b98da016aa5c2c4f70da11a1ab00aafd823377c1,28,140,0,0.09595770388841629,-0.01674204133450985,-0.85892653465271,-0.00015693841163308913,0.0,-0.0,-0.0,-0.0,-0.00015693841163308913,0.0,0.0,1,93.91143035888672
std005,1,KL002,ccab10940199f04759a7aee3b98da016aa5c2c4f70da11a1ab00aafd823377c1,28,140,0,0.05991426855325699,0.0048561617732048035,-1.8347059488296509,-9.784752692960364e-05,0.0,-0.0,-0.0,-0.0,-9.784752692960364e-05,0.0,0.0,1,101.80044555664062
std005,1,KL003,ccab10940199f04759a7aee3b98da016aa5c2c4f70da11a1ab00aafd823377c1,28,140,0,0.05062277615070343,-0.037060342729091644,-1.8725556135177612,-1.829981669938784e-05,0.0,-0.0,-0.0,-0.0,-1.829981669938784e-05,0.0,0.0,2,10.627269744873047
std005,1,KL004,ccab10940199f04759a7aee3b98da016aa5c2c4f70da11a1ab00aafd823377c1,28,140,0,0.012095430865883827,-0.04714860022068024,-0.6539613008499146,-1.9800074615351173e-05,0.0,-0.0,-0.0,-0.0,-1.9800074615351173e-05,0.0,0.0,0,
std005,1,KL005,ccab10940199f04759a7aee3b98da016aa5c2c4f70da11a1ab00aafd823377c1,28,140,0,-0.006410485133528709,-0.009405232965946198,-0.9909337162971497,-1.0500837238020763e-05,0.0,-0.0,-0.0,-0.0,-1.0500837238020763e-05,0.0,0.0,0,
std005,1,KL006,ccab10940199f04759a7aee3b98da016aa5c2c4f70da11a1ab00aafd823377c1,28,140,0,0.02535160817205906,-0.004826134070754051,-1.722359538078308,-4.1460912094009044e-05,0.0,-0.0,-0.0,-0.0,-4.1460912094009044e-05,0.0,0.0,1,176.27735900878906
std005,1,KL007,ccab10940199f04759a7aee3b98da016aa5c2c4f70da11a1ab00aafd823377c1,28,140,0,0.017711171880364418,0.013355506584048271,-1.493334412574768,-2.9013205020982967e-05,0.0,-0.0,-0.0,-0.0,-2.9013205020982967e-05,0.0,0.0,3,10.627269744873047
std005,1,KL008,ccab10940199f04759a7aee3b98da016aa5c2c4f70da11a1ab00aafd823377c1,28,140,0,0.0032683927565813065,-0.03551673889160156,-0.24403755366802216,-0.0009057438987386654,0.0,-0.0,-0.0,-0.0,-0.0009057438987386654,0.0,0.0,0,
std005,1,KL009,ccab10940199f04759a7aee3b98da016aa5c2c4f70da11a1ab00aafd823377c1,28,140,0,0.019212594255805016,-0.019626298919320107,-1.0408248901367188,-3.1410364140489117e-05,0.0,-0.0,-0.0,-0.0,-3.1410364140489117e-05,0.0,0.0,0,
std005,1,KL0010,ccab10940199f04759a7aee3b98da016aa5c2c4f70da11a1ab00aafd823377c1,28,140,0,0.006685575470328331,-0.03423863649368286,-0.5817030072212219,-1.0951087205522208e-05,0.0,-0.0,-0.0,-0.0,-1.0951087205522208e-05,0.0,0.0,0,
std005,1,KL001,ccab10940199f04759a7aee3b98da016aa5c2c4f70da11a1ab00aafd823377c1,29,145,0,0.09636086970567703,-0.01567842811346054,-0.8725854158401489,-0.00015760463137639937,0.0,-0.0,-0.0,-0.0,-0.00015760463137639937,0.0,0.0,1,88.90274047851562
std005,1,KL002,ccab10940199f04759a7aee3b98da016aa5c2c4f70da11a1ab00aafd823377c1,29,145,0,0.05961127579212189,0.004669232293963432,-1.8364055156707764,-9.735538313203258e-05,0.0,-0.0,-0.0,-0.0,-9.735538313203258e-05,0.0,0.0,1,96.47879028320312
std005,1,KL003,ccab10940199f04759a7aee3b98da016aa5c2c4f70da11a1ab00aafd823377c1,29,145,0,0.05107695609331131,-0.029196452349424362,-2.0322530269622803,-1.924528844658354e-05,0.0,-0.0,-0.0,-0.0,-1.924528844658354e-05,0.0,0.0,2,5.558979034423828
std005,1,KL004,ccab10940199f04759a7aee3b98da016aa5c2c4f70da11a1ab00aafd823377c1,29,145,0,0.01432526670396328,-0.04531291127204895,-0.6777800917625427,-2.3434640163967507e-05,0.0,-0.0,-0.0,-0.0,-2.3434640163967507e-05,0.0,0.0,0,
std005,1,KL005,ccab10940199f04759a7aee3b98da016aa5c2c4f70da11a1ab00aafd823377c1,29,145,0,0.002573428675532341,-0.01118936762213707,-1.1118578910827637,-4.215254206759051e-06,0.0,-0.0,-0.0,-0.0,-4.215254206759051e-06,0.0,0.0,0,
std005,1,KL006,ccab10940199f04759a7aee3b98da016aa5c2c4f70da11a1ab00aafd823377c1,29,145,0,0.024473408237099648,-0.0025981497019529343,-1.7632408142089844,-4.0026424906722016e-05,0.0,-0.0,-0.0,-0.0,-4.0026424906722016e-05,0.0,0.0,1,170.8223876953125
std005,1,KL007,ccab10940199f04759a7aee3b98da016aa5c2c4f70da11a1ab00aafd823377c1,29,145,0,0.05570272356271744,-0.010604968294501305,-1.4012595415115356,-9.120351986742767e-05,0.0,-0.0,-0.0,-0.0,-9.120351986742767e-05,0.0,0.0,3,5.558979034423828
std005,1,KL008,ccab10940199f04759a7aee3b98da016aa5c2c4f70da11a1ab00aafd823377c1,29,145,0,0.004344538785517216,-0.03508065640926361,-0.23471103608608246,-0.0009133148697949074,0.0,-0.0,-0.0,-0.0,-0.0009133148697949074,0.0,0.0,0,
std005,1,KL009,ccab10940199f04759a7aee3b98da016aa5c2c4f70da11a1ab00aafd823377c1,29,145,0,0.018712978810071945,-0.019031036645174026,-1.0528321266174316,-3.0594671515017155e-05,0.0,-0.0,-0.0,-0.0,-3.0594671515017155e-05,0.0,0.0,0,
std005,1,KL0010,ccab10940199f04759a7aee3b98da016aa5c2c4f70da11a1ab00aafd823377c1,29,145,0,0.007425890304148197,-0.03293439745903015,-0.6030938625335693,-1.216445999532603e-05,0.0,-0.0,-0.0,-0.0,-1.216445999532603e-05,0.0,0.0,0,
std005,1,KL001,ccab10940199f04759a7aee3b98da016aa5c2c4f70da11a1ab00aafd823377c1,30,150,0,0.08145930618047714,-0.03029501996934414,-1.0402910709381104,-0.00013323870797189082,0.0,-0.0,-0.0,-0.0,-0.00013323870797189082,0.0,0.0,1,83.90377044677734
std005,1,KL002,ccab10940199f04759a7aee3b98da016aa5c2c4f70da11a1ab00aafd823377c1,30,150,0,0.05906888097524643,0.004789749160408974,-1.848630666732788,-9.647227327693085e-05,0.0,-0.0,-0.0,-0.0,-9.647227327693085e-05,0.0,0.0,1,89.67898559570312
std005,1,KL003,ccab10940199f04759a7aee3b98da016aa5c2c4f70da11a1ab00aafd823377c1,30,150,0,0.05162841081619263,-0.027062753215432167,-2.0265653133392334,-4.728509050073862,0.0,-4.728488970472416,-0.0,-0.0,-2.0079601446454376e-05,5.0,1.0,2,0.3117500841617584
std005,1,KL004,ccab10940199f04759a7aee3b98da016aa5c2c4f70da11a1ab00aafd823377c1,30,150,0,0.0138462008908391,-0.04349534213542938,-0.6766696572303772,-2.26519067967438e-05,0.0,-0.0,-0.0,-0.0,-2.26519067967438e-05,0.0,0.0,0,
std005,1,KL005,ccab10940199f04759a7aee3b98da016aa5c2c4f70da11a1ab00aafd823377c1,30,150,0,0.00258049089461565,-0.012291847728192806,-1.125091552734375,-4.2271159870865306e-06,0.0,-0.0,-0.0,-0.0,-4.2271159870865306e-06,0.0,0.0,0,
std005,1,KL006,ccab10940199f04759a7aee3b98da016aa5c2c4f70da11a1ab00aafd823377c1,30,150,0,0.023054881021380424,0.0003218650817871094,-1.806025505065918,-3.7708090081076915e-05,0.0,-0.0,-0.0,-0.0,-3.7708090081076915e-05,0.0,0.0,1,165.13870239257812
std005,1,KL007,ccab10940199f04759a7aee3b98da016aa5c2c4f70da11a1ab00aafd823377c1,30,150,0,0.07779576629400253,0.003569116350263357,-1.446813941001892,-4.7286164201086205,0.0,-4.728488970472416,-0.0,-0.0,-0.00012744963620470173,5.0,1.0,3,0.3117500841617584
std005,1,KL008,ccab10940199f04759a7aee3b98da016aa5c2c4f70da11a1ab00aafd823377c1,30,150,0,0.009090984240174294,-0.032040223479270935,-0.21749621629714966,-0.0009269018477327401,0.0,-0.0,-0.0,-0.0,-0.0009269018477327401,0.0,0.0,0,
std005,1,KL009,ccab10940199f04759a7aee3b98da016aa5c2c4f70da11a1ab00aafd823377c1,30,150,0,0.01722313091158867,-0.017295267432928085,-1.0822601318359375,-2.8159910817326043e-05,0.0,-0.0,-0.0,-0.0,-2.8159910817326043e-05,0.0,0.0,0,
std005,1,KL0010,ccab10940199f04759a7aee3b98da016aa5c2c4f70da11a1ab00aafd823377c1,30,150,0,0.006949770264327526,-0.031651489436626434,-0.613017737865448,-1.1385269368387163e-05,0.0,-0.0,-0.0,-0.0,-1.1385269368387163e-05,0.0,0.0,0,
std005,1,KL001,ccab10940199f04759a7aee3b98da016aa5c2c4f70da11a1ab00aafd823377c1,31,155,0,0.08092814683914185,-0.027523556724190712,-1.0791316032409668,-0.00013237566541231724,0.0,-0.0,-0.0,-0.0,-0.00013237566541231724,0.0,0.0,1,78.665283203125
std005,1,KL002,ccab10940199f04759a7aee3b98da016aa5c2c4f70da11a1ab00aafd823377c1,31,155,0,0.0586816743016243,0.004991414025425911,-1.857074499130249,-9.584258215994637e-05,0.0,-0.0,-0.0,-0.0,-9.584258215994637e-05,0.0,0.0,1,83.87834930419922
std005,1,KL003,ccab10940199f04759a7aee3b98da016aa5c2c4f70da11a1ab00aafd823377c1,31,155,0,0.07107841223478317,-0.04005526006221771,-2.1159400939941406,-4.728498966781898,0.0,-4.728488970472416,-0.0,-0.0,-9.99630948239627e-06,5.0,0.0,2,0.0
std005,1,KL004,ccab10940199f04759a7aee3b98da016aa5c2c4f70da11a1ab00aafd823377c1,31,155,0,0.01388213038444519,-0.0417654812335968,-0.679699718952179,-2.2711663400746266e-05,0.0,-0.0,-0.0,-0.0,-2.2711663400746266e-05,0.0,0.0,0,
std005,1,KL005,ccab10940199f04759a7aee3b98da016aa5c2c4f70da11a1ab00aafd823377c1,31,155,0,0.0019062506034970284,-0.012406432069838047,-1.1427717208862305,-3.1227685408989245e-06,0.0,-0.0,-0.0,-0.0,-3.1227685408989245e-06,0.0,0.0,0,
std005,1,KL006,ccab10940199f04759a7aee3b98da016aa5c2c4f70da11a1ab00aafd823377c1,31,155,0,0.021608322858810425,0.0032697636634111404,-1.8426995277404785,-3.534373681702586e-05,0.0,-0.0,-0.0,-0.0,-3.534373681702586e-05,0.0,0.0,1,160.22715759277344
std005,1,KL007,ccab10940199f04759a7aee3b98da016aa5c2c4f70da11a1ab00aafd823377c1,31,155,0,0.08030428737401962,0.009188147261738777,-1.4635789394378662,-4.728620546312286,0.0,-4.728488970472416,-0.0,-0.0,-0.00013157583987055688,5.0,0.0,3,0.0
std005,1,KL008,ccab10940199f04759a7aee3b98da016aa5c2c4f70da11a1ab00aafd823377c1,31,155,0,0.011269349604845047,-0.030749881640076637,-0.19711925089359283,-0.0009362308591798946,0.0,-0.0,-0.0,-0.0,-0.0009362308591798946,0.0,0.0,0,
std005,1,KL009,ccab10940199f04759a7aee3b98da016aa5c2c4f70da11a1ab00aafd823377c1,31,155,0,0.016101302579045296,-0.016093933954834938,-1.1004912853240967,-2.6326720068038065e-05,0.0,-0.0,-0.0,-0.0,-2.6326720068038065e-05,0.0,0.0,0,
std005,1,KL0010,ccab10940199f04759a7aee3b98da016aa5c2c4f70da11a1ab00aafd823377c1,31,155,0,0.006852365098893642,-0.030549487099051476,-0.6235334873199463,-1.1226436125844813e-05,0.0,-0.0,-0.0,-0.0,-1.1226436125844813e-05,0.0,0.0,0,
std005,1,KL001,ccab10940199f04759a7aee3b98da016aa5c2c4f70da11a1ab00aafd823377c1,32,160,0,0.08726336807012558,-0.026432828977704048,-1.1141338348388672,-0.00014274414309872922,0.0,-0.0,-0.0,-0.0,-0.00014274414309872922,0.0,0.0,2,74.99331665039062
std005,1,KL002,ccab10940199f04759a7aee3b98da016aa5c2c4f70da11a1ab00aafd823377c1,32,160,0,0.0640750303864479,-0.011479487642645836,-2.014789342880249,-0.00010465395173821481,0.0,-0.0,-0.0,-0.0,-0.00010465395173821481,0.0,0.0,2,78.79806518554688
std005,1,KL003,ccab10940199f04759a7aee3b98da016aa5c2c4f70da11a1ab00aafd823377c1,32,160,0,0.07075539231300354,-0.03871011734008789,-2.106712579727173,-4.728496279412606,0.0,-4.728488970472416,-0.0,-0.0,-7.308940189965085e-06,5.0,0.0,2,0.0
std005,1,KL004,ccab10940199f04759a7aee3b98da016aa5c2c4f70da11a1ab00aafd823377c1,32,160,0,0.01393088512122631,-0.0406324565410614,-0.6749351024627686,-2.2792425810466332e-05,0.0,-0.0,-0.0,-0.0,-2.2792425810466332e-05,0.0,0.0,0,
std005,1,KL005,ccab10940199f04759a7aee3b98da016aa5c2c4f70da11a1ab00aafd823377c1,32,160,0,0.0011723795905709267,-0.012065738439559937,-1.1584032773971558,-1.920565433408529e-06,0.0,-0.0,-0.0,-0.0,-1.920565433408529e-06,0.0,0.0,0,
std005,1,KL006,ccab10940199f04759a7aee3b98da016aa5c2c4f70da11a1ab00aafd823377c1,32,160,0,0.059016190469264984,-0.04212292283773422,-1.8982423543930054,-9.64939708954664e-05,0.0,-0.0,-0.0,-0.0,-9.64939708954664e-05,0.0,0.0,1,155.23446655273438
std005,1,KL007,ccab10940199f04759a7aee3b98da016aa5c2c4f70da11a1ab00aafd823377c1,32,160,0,0.07998686283826828,0.011249623261392117,-1.4736242294311523,-4.72862003628057,0.0,-4.728488970472416,-0.0,-0.0,-0.00013106580815414048,5.0,0.0,3,0.0
std005,1,KL008,ccab10940199f04759a7aee3b98da016aa5c2c4f70da11a1ab00aafd823377c1,32,160,0,0.010924872010946274,-0.03065353073179722,-0.19580677151679993,-0.0009414333258056376,0.0,-0.0,-0.0,-0.0,-0.0009414333258056376,0.0,0.0,0,
std005,1,KL009,ccab10940199f04759a7aee3b98da016aa5c2c4f70da11a1ab00aafd823377c1,32,160,0,0.015335118398070335,-0.015518633648753166,-1.1199328899383545,-2.507492671001703e-05,0.0,-0.0,-0.0,-0.0,-2.507492671001703e-05,0.0,0.0,0,
std005,1,KL0010,ccab10940199f04759a7aee3b98da016aa5c2c4f70da11a1ab00aafd823377c1,32,160,0,0.003688544500619173,-0.036051638424396515,-0.6039869785308838,-6.043597592270475e-06,0.0,-0.0,-0.0,-0.0,-6.043597592270475e-06,0.0,0.0,0,
std005,1,KL001,ccab10940199f04759a7aee3b98da016aa5c2c4f70da11a1ab00aafd823377c1,33,165,0,0.08723621815443039,-0.025180434808135033,-1.11199951171875,-0.00014270609712555357,0.0,-0.0,-0.0,-0.0,-0.00014270609712555357,0.0,0.0,2,70.03060150146484
std005,1,KL002,ccab10940199f04759a7aee3b98da016aa5c2c4f70da11a1ab00aafd823377c1,33,165,0,0.030778560787439346,-0.015142800286412239,-1.96867835521698,-5.029792897866895e-05,0.0,-0.0,-0.0,-0.0,-5.029792897866895e-05,0.0,0.0,2,73.89265441894531
std005,1,KL003,ccab10940199f04759a7aee3b98da016aa5c2c4f70da11a1ab00aafd823377c1,33,165,0,0.07214456051588058,-0.03657551109790802,-2.1008989810943604,-4.728496345594365,0.0,-4.728488970472416,-0.0,-0.0,-7.375121949593222e-06,5.0,0.0,2,0.0
std005,1,KL004,ccab10940199f04759a7aee3b98da016aa5c2c4f70da11a1ab00aafd823377c1,33,165,0,0.015185317024588585,-0.03905664384365082,-0.6774746179580688,-2.4845882554406293e-05,0.0,-0.0,-0.0,-0.0,-2.4845882554406293e-05,0.0,0.0,0,
std005,1,KL005,ccab10940199f04759a7aee3b98da016aa5c2c4f70da11a1ab00aafd823377c1,33,165,0,-0.0027159173041582108,-0.026432061567902565,-1.025221586227417,-4.4506027366608e-06,0.0,-0.0,-0.0,-0.0,-4.4506027366608e-06,0.0,0.0,0,
std005,1,KL006,ccab10940199f04759a7aee3b98da016aa5c2c4f70da11a1ab00aafd823377c1,33,165,0,0.05785209685564041,-0.04067794233560562,-1.9117114543914795,-9.463325370865532e-05,0.0,-0.0,-0.0,-0.0,-9.463325370865532e-05,0.0,0.0,1,150.50108337402344
std005,1,KL007,ccab10940199f04759a7aee3b98da016aa5c2c4f70da11a1ab00aafd823377c1,33,165,0,0.07923487573862076,0.01070032175630331,-1.4607346057891846,-4.728618814232886,0.0,-4.728488970472416,-0.0,-0.0,-0.00012984376047064927,5.0,0.0,3,0.0
std005,1,KL008,ccab10940199f04759a7aee3b98da016aa5c2c4f70da11a1ab00aafd823377c1,33,165,0,0.05349981039762497,-0.06374355405569077,-0.23270833492279053,-0.0010166860943103052,0.0,-0.0,-0.0,-0.0,-0.0010166860943103052,0.0,0.0,0,
std005,1,KL009,ccab10940199f04759a7aee3b98da016aa5c2c4f70da11a1ab00aafd823377c1,33,165,0,0.014600916765630245,-0.027171963825821877,-1.050882339477539,-2.3875302607045844e-05,0.0,-0.0,-0.0,-0.0,-2.3875302607045844e-05,0.0,0.0,0,
std005,1,KL0010,ccab10940199f04759a7aee3b98da016aa5c2c4f70da11a1ab00aafd823377c1,33,165,0,0.00451687490567565,-0.03476414084434509,-0.6191686987876892,-7.401216828689277e-06,0.0,-0.0,-0.0,-0.0,-7.401216828689277e-06,0.0,0.0,0,
std005,1,KL001,ccab10940199f04759a7aee3b98da016aa5c2c4f70da11a1ab00aafd823377c1,34,170,0,0.086991086602211,-0.022652653977274895,-1.1366002559661865,-0.00014231163679242722,0.0,-0.0,-0.0,-0.0,-0.00014231163679242722,0.0,0.0,2,65.0696792602539
std005,1,KL002,ccab10940199f04759a7aee3b98da016aa5c2c4f70da11a1ab00aafd823377c1,34,170,0,0.05780564993619919,-0.009470654651522636,-2.1430423259735107,-9.440592105846786e-05,0.0,-0.0,-0.0,-0.0,-9.440592105846786e-05,0.0,0.0,2,68.6406021118164
std005,1,KL003,ccab10940199f04759a7aee3b98da016aa5c2c4f70da11a1ab00aafd823377c1,34,170,0,0.07255923002958298,-0.03398798406124115,-2.1017863750457764,-4.728494731130498,0.0,-4.728488970472416,-0.0,-0.0,-5.760658082110126e-06,5.0,0.0,2,0.0
std005,1,KL004,ccab10940199f04759a7aee3b98da016aa5c2c4f70da11a1ab00aafd823377c1,34,170,0,0.013034788891673088,-0.030996568500995636,-0.6041827201843262,-2.132828698434247e-05,0.0,-0.0,-0.0,-0.0,-2.132828698434247e-05,0.0,0.0,0,
std005,1,KL005,ccab10940199f04759a7aee3b98da016aa5c2c4f70da11a1ab00aafd823377c1,34,170,0,-0.003895551897585392,-0.025294892489910126,-1.041290521621704,-6.383983702821626e-06,0.0,-0.0,-0.0,-0.0,-6.383983702821626e-06,0.0,0.0,0,
std005,1,KL006,ccab10940199f04759a7aee3b98da016aa5c2c4f70da11a1ab00aafd823377c1,34,170,0,0.056443989276885986,-0.03937219828367233,-1.9263745546340942,-9.233367008558446e-05,0.0,-0.0,-0.0,-0.0,-9.233367008558446e-05,0.0,0.0,1,145.48800659179688
std005,1,KL007,ccab10940199f04759a7aee3b98da016aa5c2c4f70da11a1ab00aafd823377c1,34,170,0,0.05777232348918915,0.00012938864529132843,-1.4057831764221191,-4.728583659783579,0.0,-4.728488970472416,-0.0,-0.0,-9.468931116352053e-05,5.0,0.0,3,0.0
std005,1,KL008,ccab10940199f04759a7aee3b98da016aa5c2c4f70da11a1ab00aafd823377c1,34,170,0,0.045135706663131714,-0.06728549301624298,-0.23826052248477936,-0.0010079247018122722,0.0,-0.0,-0.0,-0.0,-0.0010079247018122722,0.0,0.0,0,
std005,1,KL009,ccab10940199f04759a7aee3b98da016aa5c2c4f70da11a1ab00aafd823377c1,34,170,0,0.014465268701314926,-0.026187529787421227,-1.0693564414978027,-2.3654387199094694e-05,0.0,-0.0,-0.0,-0.0,-2.3654387199094694e-05,0.0,0.0,0,
std005,1,KL0010,ccab10940199f04759a7aee3b98da016aa5c2c4f70da11a1ab00aafd823377c1,34,170,0,-0.010540859773755074,-0.038422055542469025,-0.6394318342208862,-1.7272026888801156e-05,0.0,-0.0,-0.0,-0.0,-1.7272026888801156e-05,0.0,0.0,0,
std005,1,KL001,ccab10940199f04759a7aee3b98da016aa5c2c4f70da11a1ab00aafd823377c1,35,175,0,0.10969909280538559,0.0008734334260225296,-1.18899405002594,-0.0001794604919623046,0.0,-0.0,-0.0,-0.0,-0.0001794604919623046,0.0,0.0,2,60.03778839111328
std005,1,KL002,ccab10940199f04759a7aee3b98da016aa5c2c4f70da11a1ab00aafd823377c1,35,175,0,0.0316600501537323,-0.012980020605027676,-2.0899658203125,-5.17279794310106e-05,0.0,-0.0,-0.0,-0.0,-5.17279794310106e-05,0.0,0.0,2,64.47300720214844
std005,1,KL003,ccab10940199f04759a7aee3b98da016aa5c2c4f70da11a1ab00aafd823377c1,35,175,0,0.07378775626420975,-0.03297106921672821,-2.095149517059326,-4.728494379947373,0.0,-4.728488970472416,-0.0,-0.0,-5.4094749568633915e-06,5.0,0.0,2,0.0
std005,1,KL004,ccab10940199f04759a7aee3b98da016aa5c2c4f70da11a1ab00aafd823377c1,35,175,0,0.013184577226638794,-0.028779398649930954,-0.6170685887336731,-2.1574401541185363e-05,0.0,-0.0,-0.0,-0.0,-2.1574401541185363e-05,0.0,0.0,0,
std005,1,KL005,ccab10940199f04759a7aee3b98da016aa5c2c4f70da11a1ab00aafd823377c1,35,175,0,0.02077277936041355,-0.039634428918361664,-1.1139577627182007,-3.402699130398672e-05,0.0,-0.0,-0.0,-0.0,-3.402699130398672e-05,0.0,0.0,0,
std005,1,KL006,ccab10940199f04759a7aee3b98da016aa5c2c4f70da11a1ab00aafd823377c1,35,175,0,0.05540668964385986,-0.03833472728729248,-1.9578003883361816,-9.064055444648247e-05,0.0,-0.0,-0.0,-0.0,-9.064055444648247e-05,0.0,0.0,1,140.1359405517578
std005,1,KL007,ccab10940199f04759a7aee3b98da016aa5c2c4f70da11a1ab00aafd823377c1,35,175,0,0.03578011691570282,-0.001723498571664095,-1.325931191444397,-4.728547623620353,0.0,-4.728488970472416,-0.0,-0.0,-5.8653147937626215e-05,5.0,0.0,3,0.0
std005,1,KL008,ccab10940199f04759a7aee3b98da016aa5c2c4f70da11a1ab00aafd823377c1,35,175,0,0.02125667594373226,-0.0691470056772232,-0.19618412852287292,-0.0009739118069938994,0.0,-0.0,-0.0,-0.0,-0.0009739118069938994,0.0,0.0,0,
std005,1,KL009,ccab10940199f04759a7aee3b98da016aa5c2c4f70da11a1ab00aafd823377c1,35,175,0,0.01372847706079483,-0.026222923770546913,-1.0666704177856445,-2.245040867777475e-05,0.0,-0.0,-0.0,-0.0,-2.245040867777475e-05,0.0,0.0,0,
std005,1,KL0010,ccab10940199f04759a7aee3b98da016aa5c2c4f70da11a1ab00aafd823377c1,35,175,0,-0.010462213307619095,-0.03598582744598389,-0.6520140171051025,-1.714433515757663e-05,0.0,-0.0,-0.0,-0.0,-1.714433515757663e-05,0.0,0.0,0,
std005,1,KL001,ccab10940199f04759a7aee3b98da016aa5c2c4f70da11a1ab00aafd823377c1,36,180,0,0.10980748385190964,0.002261018380522728,-1.1638368368148804,-0.000179653543450561,0.0,-0.0,-0.0,-0.0,-0.000179653543450561,0.0,0.0,2,55.40177917480469
std005,1,KL002,ccab10940199f04759a7aee3b98da016aa5c2c4f70da11a1ab00aafd823377c1,36,180,0,0.08505793660879135,-0.020044973120093346,-2.030787467956543,-0.00013885253954463132,0.0,-0.0,-0.0,-0.0,-0.00013885253954463132,0.0,0.0,2,60.07989501953125
std005,1,KL003,ccab10940199f04759a7aee3b98da016aa5c2c4f70da11a1ab00aafd823377c1,36,180,0,0.07409272342920303,-0.03140294551849365,-2.0798885822296143,-4.728492426647268,0.0,-4.728488970472416,-0.0,-0.0,-3.4561748520900437e-06,5.0,0.0,2,0.0
std005,1,KL004,ccab10940199f04759a7aee3b98da016aa5c2c4f70da11a1ab00aafd823377c1,36,180,0,0.013192849233746529,-0.026865268126130104,-0.6268267631530762,-2.158898790086982e-05,0.0,-0.0,-0.0,-0.0,-2.158898790086982e-05,0.0,0.0,0,
std005,1,KL005,ccab10940199f04759a7aee3b98da016aa5c2c4f70da11a1ab00aafd823377c1,36,180,0,0.019524740055203438,-0.039500609040260315,-1.0592892169952393,-3.1999277006178374e-05,0.0,-0.0,-0.0,-0.0,-3.1999277006178374e-05,0.0,0.0,0,
std005,1,KL006,ccab10940199f04759a7aee3b98da016aa5c2c4f70da11a1ab00aafd823377c1,36,180,0,0.05395861715078354,-0.038599349558353424,-1.9617314338684082,-8.827533855277498e-05,0.0,-0.0,-0.0,-0.0,-8.827533855277498e-05,0.0,0.0,1,135.1185302734375
std005,1,KL007,ccab10940199f04759a7aee3b98da016aa5c2c4f70da11a1ab00aafd823377c1,36,180,0,0.038029856979846954,-0.004031207412481308,-1.2947536706924438,-4.728551306357336,0.0,-4.728488970472416,-0.0,-0.0,-6.23358849205502e-05,5.0,0.0,3,0.0
std005,1,KL008,ccab10940199f04759a7aee3b98da016aa5c2c4f70da11a1ab00aafd823377c1,36,180,0,0.023817723616957664,-0.06887917965650558,-0.19949260354042053,-0.0009836798634440033,0.0,-0.0,-0.0,-0.0,-0.0009836798634440033,0.0,0.0,0,
std005,1,KL009,ccab10940199f04759a7aee3b98da016aa5c2c4f70da11a1ab00aafd823377c1,36,180,0,0.021757494658231735,-0.016303641721606255,-1.0629682540893555,-3.558179697015317e-05,0.0,-0.0,-0.0,-0.0,-3.558179697015317e-05,0.0,0.0,0,
std005,1,KL0010,ccab10940199f04759a7aee3b98da016aa5c2c4f70da11a1ab00aafd823377c1,36,180,0,-0.010472208261489868,-0.03438735753297806,-0.6606324911117554,-1.716192031293419e-05,0.0,-0.0,-0.0,-0.0,-1.716192031293419e-05,0.0,0.0,0,
std005,1,KL001,ccab10940199f04759a7aee3b98da016aa5c2c4f70da11a1ab00aafd823377c1,37,185,0,0.09734617918729782,0.0022505316883325577,-1.1062651872634888,-0.00015927525725157384,0.0,-0.0,-0.0,-0.0,-0.00015927525725157384,0.0,0.0,1,50.33845520019531
std005,1,KL002,ccab10940199f04759a7aee3b98da016aa5c2c4f70da11a1ab00aafd823377c1,37,185,0,0.07702891528606415,-0.025917695835232735,-1.9659150838851929,-0.00012582773128951949,0.0,-0.0,-0.0,-0.0,-0.00012582773128951949,0.0,0.0,1,55.30567932128906
std005,1,KL003,ccab10940199f04759a7aee3b98da016aa5c2c4f70da11a1ab00aafd823377c1,37,185,0,0.07581116259098053,-0.030276263132691383,-2.0589239597320557,-4.7284927146403835,0.0,-4.728488970472416,-0.0,-0.0,-3.744167967667522e-06,5.0,0.0,2,0.0
std005,1,KL004,ccab10940199f04759a7aee3b98da016aa5c2c4f70da11a1ab00aafd823377c1,37,185,0,0.03380279242992401,-0.05517854541540146,-0.6683294773101807,-5.5315409970084006e-05,0.0,-0.0,-0.0,-0.0,-5.5315409970084006e-05,0.0,0.0,0,
std005,1,KL005,ccab10940199f04759a7aee3b98da016aa5c2c4f70da11a1ab00aafd823377c1,37,185,0,0.017787260934710503,-0.038541339337825775,-1.0450141429901123,-2.91537728089248e-05,0.0,-0.0,-0.0,-0.0,-2.91537728089248e-05,0.0,0.0,0,
std005,1,KL006,ccab10940199f04759a7aee3b98da016aa5c2c4f70da11a1ab00aafd823377c1,37,185,0,0.05340366065502167,-0.037690289318561554,-1.974258542060852,-8.73711409619856e-05,0.0,-0.0,-0.0,-0.0,-8.73711409619856e-05,0.0,0.0,1,130.18882751464844
std005,1,KL007,ccab10940199f04759a7aee3b98da016aa5c2c4f70da11a1ab00aafd823377c1,37,185,0,0.08743347227573395,-0.038125477731227875,-1.439549446105957,-4.728632174702479,0.0,-4.728488970472416,-0.0,-0.0,-0.00014320423006353167,5.0,0.0,3,0.0
std005,1,KL008,ccab10940199f04759a7aee3b98da016aa5c2c4f70da11a1ab00aafd823377c1,37,185,0,0.022969268262386322,-0.06812530010938644,-0.19978614151477814,-0.0009878742012924783,0.0,-0.0,-0.0,-0.0,-0.0009878742012924783,0.0,0.0,0,
std005,1,KL009,ccab10940199f04759a7aee3b98da016aa5c2c4f70da11a1ab00aafd823377c1,37,185,0,0.021284185349941254,-0.016214026138186455,-1.0736756324768066,-3.480918057733862e-05,0.0,-0.0,-0.0,-0.0,-3.480918057733862e-05,0.0,0.0,0,
std005,1,KL0010,ccab10940199f04759a7aee3b98da016aa5c2c4f70da11a1ab00aafd823377c1,37,185,0,-0.010323740541934967,-0.03199901431798935,-0.6716856956481934,-1.691982310500004e-05,0.0,-0.0,-0.0,-0.0,-1.691982310500004e-05,0.0,0.0,0,
std005,1,KL001,ccab10940199f04759a7aee3b98da016aa5c2c4f70da11a1ab00aafd823377c1,38,190,0,0.09584768861532211,0.0035561928525567055,-1.117855429649353,-0.0001568318442506515,0.0,-0.0,-0.0,-0.0,-0.0001568318442506515,0.0,0.0,1,45.16712188720703
std005,1,KL002,ccab10940199f04759a7aee3b98da016aa5c2c4f70da11a1ab00aafd823377c1,38,190,0,0.07827825099229813,-0.023909732699394226,-1.982475996017456,-0.0001278718510080209,0.0,-0.0,-0.0,-0.0,-0.0001278718510080209,0.0,0.0,1,49.17743682861328
std005,1,KL003,ccab10940199f04759a7aee3b98da016aa5c2c4f70da11a1ab00aafd823377c1,38,190,0,0.060966856777668,0.0024013337679207325,-2.0588607788085938,-4.728512192794894,0.0,-4.728488970472416,-0.0,-0.0,-2.322232247831124e-05,5.0,0.0,2,0.0
std005,1,KL004,ccab10940199f04759a7aee3b98da016aa5c2c4f70da11a1ab00aafd823377c1,38,190,0,0.0319838710129261,-0.053814731538295746,-0.6476031541824341,-5.234293784123678e-05,0.0,-0.0,-0.0,-0.0,-5.234293784123678e-05,0.0,0.0,0,
std005,1,KL005,ccab10940199f04759a7aee3b98da016aa5c2c4f70da11a1ab00aafd823377c1,38,190,0,0.01711670495569706,-0.03944486379623413,-1.0562654733657837,-2.8056742146142704e-05,0.0,-0.0,-0.0,-0.0,-2.8056742146142704e-05,0.0,0.0,0,
std005,1,KL006,ccab10940199f04759a7aee3b98da016aa5c2c4f70da11a1ab00aafd823377c1,38,190,0,0.05241146683692932,-0.03620767593383789,-1.964991807937622,-8.575158258170427e-05,0.0,-0.0,-0.0,-0.0,-8.575158258170427e-05,0.0,0.0,1,125.77809143066406
std005,1,KL007,ccab10940199f04759a7aee3b98da016aa5c2c4f70da11a1ab00aafd823377c1,38,190,0,0.10323701053857803,-0.02562078647315502,-1.3803255558013916,-4.728658209614572,0.0,-4.728488970472416,-0.0,-0.0,-0.00016923914215638547,5.0,0.0,3,0.0
std005,1,KL008,ccab10940199f04759a7aee3b98da016aa5c2c4f70da11a1ab00aafd823377c1,38,190,0,0.03189956396818161,-0.06613478809595108,-0.1755715161561966,-0.0010080753386608678,0.0,-0.0,-0.0,-0.0,-0.0010080753386608678,0.0,0.0,0,
std005,1,KL009,ccab10940199f04759a7aee3b98da016aa5c2c4f70da11a1ab00aafd823377c1,38,190,0,0.0210831630975008,-0.014773238450288773,-1.0935018062591553,-3.448186060405469e-05,0.0,-0.0,-0.0,-0.0,-3.448186060405469e-05,0.0,0.0,0,
std005,1,KL0010,ccab10940199f04759a7aee3b98da016aa5c2c4f70da11a1ab00aafd823377c1,38,190,0,0.002619560807943344,-0.042162589728832245,-0.614582896232605,-4.293955280325402e-06,0.0,-0.0,-0.0,-0.0,-4.293955280325402e-06,0.0,0.0,0,
std005,1,KL001,ccab10940199f04759a7aee3b98da016aa5c2c4f70da11a1ab00aafd823377c1,39,195,0,0.09592544287443161,0.004130181856453419,-1.1210544109344482,-0.0001569674465832392,0.0,-0.0,-0.0,-0.0,-0.0001569674465832392,0.0,0.0,1,39.474571228027344
std005,1,KL002,ccab10940199f04759a7aee3b98da016aa5c2c4f70da11a1ab00aafd823377c1,39,195,0,0.0791187658905983,-0.022834699600934982,-1.9865570068359375,-0.0001292483114157611,0.0,-0.0,-0.0,-0.0,-0.0001292483114157611,0.0,0.0,1,43.961185455322266
std005,1,KL003,ccab10940199f04759a7aee3b98da016aa5c2c4f70da11a1ab00aafd823377c1,39,195,0,0.06225583702325821,0.005903792567551136,-2.024676561355591,-4.728512493909635,0.0,-4.728488970472416,-0.0,-0.0,-2.3523437219452603e-05,5.0,0.0,2,0.0
std005,1,KL004,ccab10940199f04759a7aee3b98da016aa5c2c4f70da11a1ab00aafd823377c1,39,195,0,0.033268168568611145,-0.053263671696186066,-0.6545840501785278,-5.444721998025525e-05,0.0,-0.0,-0.0,-0.0,-5.444721998025525e-05,0.0,0.0,0,
std005,1,KL005,ccab10940199f04759a7aee3b98da016aa5c2c4f70da11a1ab00aafd823377c1,39,195,0,0.01563303917646408,-0.039373770356178284,-1.0387015342712402,-2.5626673201246584e-05,0.0,-0.0,-0.0,-0.0,-2.5626673201246584e-05,0.0,0.0,0,
std005,1,KL006,ccab10940199f04759a7aee3b98da016aa5c2c4f70da11a1ab00aafd823377c1,39,195,0,0.062204256653785706,-0.010950801894068718,-2.015789031982422,-0.00010177838595793509,0.0,-0.0,-0.0,-0.0,-0.00010177838595793509,0.0,0.0,1,121.22754669189453
std005,1,KL007,ccab10940199f04759a7aee3b98da016aa5c2c4f70da11a1ab00aafd823377c1,39,195,0,0.10138317942619324,-0.025067441165447235,-1.3311030864715576,-4.728655183809138,0.0,-4.728488970472416,-0.0,-0.0,-0.0001662133367226204,5.0,0.0,3,0.0
std005,1,KL008,ccab10940199f04759a7aee3b98da016aa5c2c4f70da11a1ab00aafd823377c1,39,195,0,0.03146195411682129,-0.06638573110103607,-0.16778139770030975,-0.0010127416527213992,0.0,-0.0,-0.0,-0.0,-0.0010127416527213992,0.0,0.0,0,
std005,1,KL009,ccab10940199f04759a7aee3b98da016aa5c2c4f70da11a1ab00aafd823377c1,39,195,0,0.020424282178282738,-0.014240095391869545,-1.099034070968628,-3.3405667454701314e-05,0.0,-0.0,-0.0,-0.0,-3.3405667454701314e-05,0.0,0.0,0,
std005,1,KL0010,ccab10940199f04759a7aee3b98da016aa5c2c4f70da11a1ab00aafd823377c1,39,195,0,0.002660714089870453,-0.043007992208004,-0.627204179763794,-4.3617201517974985e-06,0.0,-0.0,-0.0,-0.0,-4.3617201517974985e-06,0.0,0.0,0,
std005,1,KL001,ccab10940199f04759a7aee3b98da016aa5c2c4f70da11a1ab00aafd823377c1,40,200,0,0.09770059585571289,0.0039027631282806396,-1.1133034229278564,-0.00015988072354735332,0.0,-0.0,-0.0,-0.0,-0.00015988072354735332,0.0,0.0,1,34.46439743041992
std005,1,KL002,ccab10940199f04759a7aee3b98da016aa5c2c4f70da11a1ab00aafd823377c1,40,200,0,0.07892008870840073,-0.02221301756799221,-1.9873114824295044,-0.00012892725467372035,0.0,-0.0,-0.0,-0.0,-0.00012892725467372035,0.0,0.0,1,39.028751373291016
std005,1,KL003,ccab10940199f04759a7aee3b98da016aa5c2c4f70da11a1ab00aafd823377c1,40,200,0,0.06225546449422836,0.007516833022236824,-1.9872030019760132,-1.8914216244825632,0.0,-1.8913955881889664,-0.0,-0.0,-2.6036293596876092e-05,2.0,0.0,2,0.0
std005,1,KL004,ccab10940199f04759a7aee3b98da016aa5c2c4f70da11a1ab00aafd823377c1,40,200,0,0.03319898247718811,-0.0523528978228569,-0.6586610674858093,-5.433652453311798e-05,0.0,-0.0,-0.0,-0.0,-5.433652453311798e-05,0.0,0.0,0,
std005,1,KL005,ccab10940199f04759a7aee3b98da016aa5c2c4f70da11a1ab00aafd823377c1,40,200,0,0.013984782621264458,-0.039034679532051086,-1.0114084482192993,-2.2926441329543837e-05,0.0,-0.0,-0.0,-0.0,-2.2926441329543837e-05,0.0,0.0,0,
std005,1,KL006,ccab10940199f04759a7aee3b98da016aa5c2c4f70da11a1ab00aafd823377c1,40,200,0,0.06104324012994766,-0.010794622823596,-2.013470411300659,-9.988361776812542e-05,0.0,-0.0,-0.0,-0.0,-9.988361776812542e-05,0.0,0.0,1,116.35686492919922
std005,1,KL007,ccab10940199f04759a7aee3b98da016aa5c2c4f70da11a1ab00aafd823377c1,40,200,0,0.09949246793985367,-0.025456856936216354,-1.2964842319488525,-1.891558714983523,0.0,-1.8913955881889664,-0.0,-0.0,-0.0001631267945565451,2.0,0.0,3,0.0
std005,1,KL008,ccab10940199f04759a7aee3b98da016aa5c2c4f70da11a1ab00aafd823377c1,40,200,0,0.03200170397758484,-0.06619342416524887,-0.15704989433288574,-0.001019030327920377,0.0,-0.0,-0.0,-0.0,-0.001019030327920377,0.0,0.0,0,
std005,1,KL009,ccab10940199f04759a7aee3b98da016aa5c2c4f70da11a1ab00aafd823377c1,40,200,0,0.019682537764310837,-0.014642877504229546,-1.0921761989593506,-3.219385837064222e-05,0.0,-0.0,-0.0,-0.0,-3.219385837064222e-05,0.0,0.0,0,
std005,1,KL0010,ccab10940199f04759a7aee3b98da016aa5c2c4f70da11a1ab00aafd823377c1,40,200,0,0.0036674030125141144,-0.04360482841730118,-0.6392403841018677,-6.012310548554899e-06,0.0,-0.0,-0.0,-0.0,-6.012310548554899e-06,0.0,0.0,0,
std005,1,KL001,ccab10940199f04759a7aee3b98da016aa5c2c4f70da11a1ab00aafd823377c1,41,205,0,0.11294874548912048,0.005970453843474388,-1.1473872661590576,-0.00018484177060907038,0.0,-0.0,-0.0,-0.0,-0.00018484177060907038,0.0,0.0,1,29.427818298339844
std005,1,KL002,ccab10940199f04759a7aee3b98da016aa5c2c4f70da11a1ab00aafd823377c1,41,205,0,0.07900915294885635,-0.02129504643380642,-1.9847338199615479,-0.00012907632361440916,0.0,-0.0,-0.0,-0.0,-0.00012907632361440916,0.0,0.0,1,34.081581115722656
std005,1,KL003,ccab10940199f04759a7aee3b98da016aa5c2c4f70da11a1ab00aafd823377c1,41,205,0,0.0685039833188057,0.0034248288720846176,-1.5200881958007812,-1.8379599212163268e-05,0.0,-0.0,-0.0,-0.0,-1.8379599212163268e-05,0.0,0.0,1,29.427818298339844
std005,1,KL004,ccab10940199f04759a7aee3b98da016aa5c2c4f70da11a1ab00aafd823377c1,41,205,0,0.03314388543367386,-0.05141104757785797,-0.6606770753860474,-5.424892581196489e-05,0.0,-0.0,-0.0,-0.0,-5.424892581196489e-05,0.0,0.0,0,
std005,1,KL005,ccab10940199f04759a7aee3b98da016aa5c2c4f70da11a1ab00aafd823377c1,41,205,0,0.011908264830708504,-0.03862743079662323,-0.9886505603790283,-1.952368166825545e-05,0.0,-0.0,-0.0,-0.0,-1.952368166825545e-05,0.0,0.0,0,
std005,1,KL006,ccab10940199f04759a7aee3b98da016aa5c2c4f70da11a1ab00aafd823377c1,41,205,0,0.05952206254005432,-0.010153543204069138,-2.017359972000122,-9.739940804504699e-05,0.0,-0.0,-0.0,-0.0,-9.739940804504699e-05,0.0,0.0,1,111.30126953125
std005,1,KL007,ccab10940199f04759a7aee3b98da016aa5c2c4f70da11a1ab00aafd823377c1,41,205,0,0.1098235622048378,-0.02876456454396248,-0.8142144680023193,-0.00018007853673804032,0.0,-0.0,-0.0,-0.0,-0.00018007853673804032,0.0,0.0,2,34.081581115722656
std005,1,KL008,ccab10940199f04759a7aee3b98da016aa5c2c4f70da11a1ab00aafd823377c1,41,205,0,0.03213602304458618,-0.06619495898485184,-0.1495818942785263,-0.001024652807684962,0.0,-0.0,-0.0,-0.0,-0.001024652807684962,0.0,0.0,0,
std005,1,KL009,ccab10940199f04759a7aee3b98da016aa5c2c4f70da11a1ab00aafd823377c1,41,205,0,0.01897249184548855,-0.014867143705487251,-1.091779112815857,-3.1033814876218036e-05,0.0,-0.0,-0.0,-0.0,-3.1033814876218036e-05,0.0,0.0,0,
std005,1,KL0010,ccab10940199f04759a7aee3b98da016aa5c2c4f70da11a1ab00aafd823377c1,41,205,0,0.004325683694332838,-0.04414813965559006,-0.6514624357223511,-7.091959977759733e-06,0.0,-0.0,-0.0,-0.0,-7.091959977759733e-06,0.0,0.0,0,
std005,1,KL001,ccab10940199f04759a7aee3b98da016aa5c2c4f70da11a1ab00aafd823377c1,42,210,0,0.11109105497598648,0.007536634802818298,-1.1430912017822266,-0.0001818120610740699,0.0,-0.0,-0.0,-0.0,-0.0001818120610740699,0.0,0.0,1,24.658584594726562
std005,1,KL002,ccab10940199f04759a7aee3b98da016aa5c2c4f70da11a1ab00aafd823377c1,42,210,0,0.07948186248540878,-0.020244376733899117,-1.9837796688079834,-0.00012985218934525387,0.0,-0.0,-0.0,-0.0,-0.00012985218934525387,0.0,0.0,1,28.994503021240234
std005,1,KL003,ccab10940199f04759a7aee3b98da016aa5c2c4f70da11a1ab00aafd823377c1,42,210,0,0.036752380430698395,0.00643629115074873,-1.6166248321533203,-7.320548654317764e-05,0.0,-0.0,-0.0,-0.0,-7.320548654317764e-05,0.0,0.0,1,24.658584594726562
std005,1,KL004,ccab10940199f04759a7aee3b98da016aa5c2c4f70da11a1ab00aafd823377c1,42,210,0,0.03325077146291733,-0.05032898485660553,-0.6559915542602539,-5.442649305908849e-05,0.0,-0.0,-0.0,-0.0,-5.442649305908849e-05,0.0,0.0,0,
std005,1,KL005,ccab10940199f04759a7aee3b98da016aa5c2c4f70da11a1ab00aafd823377c1,42,210,0,0.04392634332180023,-0.014288153499364853,-1.4159417152404785,-7.198625083211002e-05,0.0,-0.0,-0.0,-0.0,-7.198625083211002e-05,0.0,0.0,1,162.8298797607422
std005,1,KL006,ccab10940199f04759a7aee3b98da016aa5c2c4f70da11a1ab00aafd823377c1,42,210,0,0.05839284509420395,-0.009777991101145744,-2.0147907733917236,-9.555643442365444e-05,0.0,-0.0,-0.0,-0.0,-9.555643442365444e-05,0.0,0.0,1,106.57124328613281
std005,1,KL007,ccab10940199f04759a7aee3b98da016aa5c2c4f70da11a1ab00aafd823377c1,42,210,0,0.11516941338777542,-0.0369771271944046,-1.008333683013916,-0.00018885832457408457,0.0,-0.0,-0.0,-0.0,-0.00018885832457408457,0.0,0.0,3,28.994503021240234
std005,1,KL008,ccab10940199f04759a7aee3b98da016aa5c2c4f70da11a1ab00aafd823377c1,42,210,0,0.0316728875041008,-0.06605920195579529,-0.1570228785276413,-0.0010293066462599071,0.0,-0.0,-0.0,-0.0,-0.0010293066462599071,0.0,0.0,0,
std005,1,KL009,ccab10940199f04759a7aee3b98da016aa5c2c4f70da11a1ab00aafd823377c1,42,210,0,0.018504124134778976,-0.014755219221115112,-1.1000312566757202,-3.0269020804363014e-05,0.0,-0.0,-0.0,-0.0,-3.0269020804363014e-05,0.0,0.0,0,
std005,1,KL0010,ccab10940199f04759a7aee3b98da016aa5c2c4f70da11a1ab00aafd823377c1,42,210,0,0.0051573580130934715,-0.044609904289245605,-0.6609897613525391,-8.456067187942765e-06,0.0,-0.0,-0.0,-0.0,-8.456067187942765e-06,0.0,0.0,0,
std005,1,KL001,ccab10940199f04759a7aee3b98da016aa5c2c4f70da11a1ab00aafd823377c1,43,215,0,0.1120176687836647,0.006929322145879269,-1.1300299167633057,-0.00018333888467548596,0.0,-0.0,-0.0,-0.0,-0.00018333888467548596,0.0,0.0,1,18.952146530151367
std005,1,KL002,ccab10940199f04759a7aee3b98da016aa5c2c4f70da11a1ab00aafd823377c1,43,215,0,0.07961852103471756,-0.019651615992188454,-1.96783447265625,-0.0001300791254313407,0.0,-0.0,-0.0,-0.0,-0.0001300791254313407,0.0,0.0,1,23.97447967529297
std005,1,KL003,ccab10940199f04759a7aee3b98da016aa5c2c4f70da11a1ab00aafd823377c1,43,215,0,0.05531162768602371,-0.005568061023950577,-1.5923738479614258,-4.5038280107041265e-05,0.0,-0.0,-0.0,-0.0,-4.5038280107041265e-05,0.0,0.0,1,18.952146530151367
std005,1,KL004,ccab10940199f04759a7aee3b98da016aa5c2c4f70da11a1ab00aafd823377c1,43,215,0,0.03312046825885773,-0.04943521320819855,-0.6678115129470825,-5.421587658296344e-05,0.0,-0.0,-0.0,-0.0,-5.421587658296344e-05,0.0,0.0,0,
std005,1,KL005,ccab10940199f04759a7aee3b98da016aa5c2c4f70da11a1ab00aafd823377c1,43,215,0,0.057109296321868896,-0.02309580333530903,-1.1064988374710083,-9.364671277148467e-05,0.0,-0.0,-0.0,-0.0,-9.364671277148467e-05,0.0,0.0,0,
std005,1,KL006,ccab10940199f04759a7aee3b98da016aa5c2c4f70da11a1ab00aafd823377c1,43,215,0,0.05636394023895264,-0.010074872523546219,-1.999688982963562,-9.224097799038129e-05,0.0,-0.0,-0.0,-0.0,-9.224097799038129e-05,0.0,0.0,1,101.72261810302734
std005,1,KL007,ccab10940199f04759a7aee3b98da016aa5c2c4f70da11a1ab00aafd823377c1,43,215,0,0.11679251492023468,-0.03579927980899811,-0.7639095783233643,-0.00019153518387000397,0.0,-0.0,-0.0,-0.0,-0.00019153518387000397,0.0,0.0,2,23.97447967529297
std005,1,KL008,ccab10940199f04759a7aee3b98da016aa5c2c4f70da11a1ab00aafd823377c1,43,215,0,0.029450591653585434,-0.06561757624149323,-0.1285678893327713,-0.0010311150564201422,0.0,-0.0,-0.0,-0.0,-0.0010311150564201422,0.0,0.0,0,
std005,1,KL009,ccab10940199f04759a7aee3b98da016aa5c2c4f70da11a1ab00aafd823377c1,43,215,0,0.01806402951478958,-0.014423057436943054,-1.107019066810608,-2.955043482390625e-05,0.0,-0.0,-0.0,-0.0,-2.955043482390625e-05,0.0,0.0,0,
std005,1,KL0010,ccab10940199f04759a7aee3b98da016aa5c2c4f70da11a1ab00aafd823377c1,43,215,0,0.005541654769331217,-0.04497825354337692,-0.6796835660934448,-9.086835959630545e-06,0.0,-0.0,-0.0,-0.0,-9.086835959630545e-06,0.0,0.0,0,
std005,1,KL001,ccab10940199f04759a7aee3b98da016aa5c2c4f70da11a1ab00aafd823377c1,44,220,0,0.11305488646030426,0.006218257360160351,-1.1196014881134033,-0.00018504702341386327,0.0,-0.0,-0.0,-0.0,-0.00018504702341386327,0.0,0.0,1,14.234834671020508
std005,1,KL002,ccab10940199f04759a7aee3b98da016aa5c2c4f70da11a1ab00aafd823377c1,44,220,0,0.08055165410041809,-0.0178495142608881,-1.9625935554504395,-0.00013160743182519588,0.0,-0.0,-0.0,-0.0,-0.00013160743182519588,0.0,0.0,1,18.984115600585938
std005,1,KL003,ccab10940199f04759a7aee3b98da016aa5c2c4f70da11a1ab00aafd823377c1,44,220,0,0.05711241811513901,0.010291565209627151,-1.7062718868255615,-4.475142629109419e-05,0.0,-0.0,-0.0,-0.0,-4.475142629109419e-05,0.0,0.0,1,14.234834671020508
std005,1,KL004,ccab10940199f04759a7aee3b98da016aa5c2c4f70da11a1ab00aafd823377c1,44,220,0,0.032612428069114685,-0.04816730320453644,-0.6555471420288086,-5.33869359013542e-05,0.0,-0.0,-0.0,-0.0,-5.33869359013542e-05,0.0,0.0,0,
std005,1,KL005,ccab10940199f04759a7aee3b98da016aa5c2c4f70da11a1ab00aafd823377c1,44,220,0,0.07184084504842758,-0.029518017545342445,-0.9876934885978699,-0.00011781213895275972,0.0,-0.0,-0.0,-0.0,-0.00011781213895275972,0.0,0.0,0,
std005,1,KL006,ccab10940199f04759a7aee3b98da016aa5c2c4f70da11a1ab00aafd823377c1,44,220,0,0.05486656725406647,-0.010339859873056412,-1.9970331192016602,-8.979515883891091e-05,0.0,-0.0,-0.0,-0.0,-8.979515883891091e-05,0.0,0.0,1,96.75122833251953
std005,1,KL007,ccab10940199f04759a7aee3b98da016aa5c2c4f70da11a1ab00aafd823377c1,44,220,0,0.07638188451528549,-0.020458118990063667,-0.9064242243766785,-0.000125355757458242,0.0,-0.0,-0.0,-0.0,-0.000125355757458242,0.0,0.0,2,18.984115600585938
std005,1,KL008,ccab10940199f04759a7aee3b98da016aa5c2c4f70da11a1ab00aafd823377c1,44,220,0,0.020590322092175484,-0.06476093083620071,-0.060064904391765594,-0.00102217922512668,0.0,-0.0,-0.0,-0.0,-0.00102217922512668,0.0,0.0,0,
std005,1,KL009,ccab10940199f04759a7aee3b98da016aa5c2c4f70da11a1ab00aafd823377c1,44,220,0,0.028854411095380783,-0.007352443411946297,-1.4047373533248901,-4.7204223767881615e-05,0.0,-0.0,-0.0,-0.0,-4.7204223767881615e-05,0.0,0.0,0,
std005,1,KL0010,ccab10940199f04759a7aee3b98da016aa5c2c4f70da11a1ab00aafd823377c1,44,220,0,0.00591199891641736,-0.04490792751312256,-0.6947381496429443,-9.694834493102187e-06,0.0,-0.0,-0.0,-0.0,-9.694834493102187e-06,0.0,0.0,0,
std005,1,KL001,ccab10940199f04759a7aee3b98da016aa5c2c4f70da11a1ab00aafd823377c1,45,225,0,0.11426353454589844,0.006078902631998062,-1.1100490093231201,-0.0001870360838127356,0.0,-0.0,-0.0,-0.0,-0.0001870360838127356,0.0,0.0,1,9.23918628692627
std005,1,KL002,ccab10940199f04759a7aee3b98da016aa5c2c4f70da11a1ab00aafd823377c1,45,225,0,0.08060088008642197,-0.0161213930696249,-1.9485318660736084,-0.00013169174721437989,0.0,-0.0,-0.0,-0.0,-0.00013169174721437989,0.0,0.0,1,14.256074905395508
std005,1,KL003,ccab10940199f04759a7aee3b98da016aa5c2c4f70da11a1ab00aafd823377c1,45,225,0,0.056219786405563354,0.011866260319948196,-1.6762605905532837,-4.900996531890651e-05,0.0,-0.0,-0.0,-0.0,-4.900996531890651e-05,0.0,0.0,1,9.23918628692627
std005,1,KL004,ccab10940199f04759a7aee3b98da016aa5c2c4f70da11a1ab00aafd823377c1,45,225,0,0.03211342915892601,-0.04703299701213837,-0.6612124443054199,-5.257275961806403e-05,0.0,-0.0,-0.0,-0.0,-5.257275961806403e-05,0.0,0.0,0,
std005,1,KL005,ccab10940199f04759a7aee3b98da016aa5c2c4f70da11a1ab00aafd823377c1,45,225,0,0.07280309498310089,-0.03123464807868004,-0.9519864320755005,-0.00011940004616515848,0.0,-0.0,-0.0,-0.0,-0.00011940004616515848,0.0,0.0,0,
std005,1,KL006,ccab10940199f04759a7aee3b98da016aa5c2c4f70da11a1ab00aafd823377c1,45,225,0,0.05296586453914642,-0.010832749307155609,-2.0130889415740967,-8.66890155983127e-05,0.0,-0.0,-0.0,-0.0,-8.66890155983127e-05,0.0,0.0,1,90.9991683959961
std005,1,KL007,ccab10940199f04759a7aee3b98da016aa5c2c4f70da11a1ab00aafd823377c1,45,225,0,0.09269184619188309,-0.009547175839543343,-1.119865894317627,-0.00015204095405065344,0.0,-0.0,-0.0,-0.0,-0.00015204095405065344,0.0,0.0,2,14.256074905395508
std005,1,KL008,ccab10940199f04759a7aee3b98da016aa5c2c4f70da11a1ab00aafd823377c1,45,225,0,0.020434672012925148,-0.06555228680372238,-0.06216173619031906,-0.001027777977399425,0.0,-0.0,-0.0,-0.0,-0.001027777977399425,0.0,0.0,0,
std005,1,KL009,ccab10940199f04759a7aee3b98da016aa5c2c4f70da11a1ab00aafd823377c1,45,225,0,0.02984103001654148,-0.008906243368983269,-1.417317509651184,-4.882054493872993e-05,0.0,-0.0,-0.0,-0.0,-4.882054493872993e-05,0.0,0.0,0,
std005,1,KL0010,ccab10940199f04759a7aee3b98da016aa5c2c4f70da11a1ab00aafd823377c1,45,225,0,0.005783303640782833,-0.04449520260095596,-0.7277660965919495,-9.484551010833236e-06,0.0,-0.0,-0.0,-0.0,-9.484551010833236e-06,0.0,0.0,0,
std005,1,KL001,ccab10940199f04759a7aee3b98da016aa5c2c4f70da11a1ab00aafd823377c1,46,230,0,0.12228076159954071,0.010434472933411598,-0.993492603302002,-0.9458979642877448,0.0,-0.9456977940944832,-0.0,-0.0,-0.00020017019326157293,1.0,1.0,2,4.220466613769531
std005,1,KL002,ccab10940199f04759a7aee3b98da016aa5c2c4f70da11a1ab00aafd823377c1,46,230,0,0.08163539320230484,-0.013656629249453545,-1.9467037916183472,-0.00013338596506108522,0.0,-0.0,-0.0,-0.0,-0.00013338596506108522,0.0,0.0,1,9.178837776184082
std005,1,KL003,ccab10940199f04759a7aee3b98da016aa5c2c4f70da11a1ab00aafd823377c1,46,230,0,0.05671204626560211,0.013384426012635231,-1.6390163898468018,-0.9457488584528824,0.0,-0.9456977940944832,-0.0,-0.0,-5.106435839918877e-05,1.0,1.0,1,4.220466613769531
std005,1,KL004,ccab10940199f04759a7aee3b98da016aa5c2c4f70da11a1ab00aafd823377c1,46,230,0,0.03216565400362015,-0.04604189097881317,-0.6551496982574463,-5.2660986760513646e-05,0.0,-0.0,-0.0,-0.0,-5.2660986760513646e-05,0.0,0.0,0,
std005,1,KL005,ccab10940199f04759a7aee3b98da016aa5c2c4f70da11a1ab00aafd823377c1,46,230,0,0.07355844974517822,-0.03024868480861187,-0.9406833648681641,-0.00012064908513435057,0.0,-0.0,-0.0,-0.0,-0.00012064908513435057,0.0,0.0,0,
std005,1,KL006,ccab10940199f04759a7aee3b98da016aa5c2c4f70da11a1ab00aafd823377c1,46,230,0,0.058564476668834686,-0.009671908803284168,-2.080185651779175,-9.585718284370047e-05,0.0,-0.0,-0.0,-0.0,-9.585718284370047e-05,0.0,0.0,2,86.21009063720703
std005,1,KL007,ccab10940199f04759a7aee3b98da016aa5c2c4f70da11a1ab00aafd823377c1,46,230,0,0.09689205139875412,-0.014864878728985786,-0.9925445914268494,-0.0001589444964779751,0.0,-0.0,-0.0,-0.0,-0.0001589444964779751,0.0,0.0,2,9.178837776184082
std005,1,KL008,ccab10940199f04759a7aee3b98da016aa5c2c4f70da11a1ab00aafd823377c1,46,230,0,0.02156330831348896,-0.0642407238483429,-0.051461078226566315,-0.0010354972434748655,0.0,-0.0,-0.0,-0.0,-0.0010354972434748655,0.0,0.0,0,
std005,1,KL009,ccab10940199f04759a7aee3b98da016aa5c2c4f70da11a1ab00aafd823377c1,46,230,0,0.02989043854176998,-0.008718080818653107,-1.429490089416504,-4.890369876856915e-05,0.0,-0.0,-0.0,-0.0,-4.890369876856915e-05,0.0,0.0,0,
std005,1,KL0010,ccab10940199f04759a7aee3b98da016aa5c2c4f70da11a1ab00aafd823377c1,46,230,0,0.0063011422753334045,-0.044421352446079254,-0.7493984699249268,-1.0334608074304164e-05,0.0,-0.0,-0.0,-0.0,-1.0334608074304164e-05,0.0,0.0,0,
std005,1,KL001,ccab10940199f04759a7aee3b98da016aa5c2c4f70da11a1ab00aafd823377c1,47,235,0,0.12068648636341095,0.011133815161883831,-0.989207923412323,-4.728686543173514,0.0,-4.728488970472416,-0.0,-0.0,-0.0001975727010981032,5.0,0.0,2,0.0
std005,1,KL002,ccab10940199f04759a7aee3b98da016aa5c2c4f70da11a1ab00aafd823377c1,47,235,0,0.08222727477550507,-0.011480160988867283,-1.9446942806243896,-0.9458321512412267,0.0,-0.9456977940944832,-0.0,-0.0,-0.0001343571467434801,1.0,1.0,1,4.172165870666504
std005,1,KL003,ccab10940199f04759a7aee3b98da016aa5c2c4f70da11a1ab00aafd823377c1,47,235,0,0.05681619048118591,0.014893738552927971,-1.5998369455337524,-4.72854283250951,0.0,-4.728488970472416,-0.0,-0.0,-5.386203709445425e-05,5.0,0.0,1,0.0
std005,1,KL004,ccab10940199f04759a7aee3b98da016aa5c2c4f70da11a1ab00aafd823377c1,47,235,0,0.06283724308013916,-0.03151774778962135,-0.5646070837974548,-0.00010285394025805978,0.0,-0.0,-0.0,-0.0,-0.00010285394025805978,0.0,0.0,0,
std005,1,KL005,ccab10940199f04759a7aee3b98da016aa5c2c4f70da11a1ab00aafd823377c1,47,235,0,0.07370258122682571,-0.02944496087729931,-0.9191484451293945,-0.00012089598606180626,0.0,-0.0,-0.0,-0.0,-0.00012089598606180626,0.0,0.0,0,
std005,1,KL006,ccab10940199f04759a7aee3b98da016aa5c2c4f70da11a1ab00aafd823377c1,47,235,0,0.0578598752617836,-0.009866815060377121,-2.07324481010437,-9.470902568672604e-05,0.0,-0.0,-0.0,-0.0,-9.470902568672604e-05,0.0,0.0,2,81.32763671875
std005,1,KL007,ccab10940199f04759a7aee3b98da016aa5c2c4f70da11a1ab00aafd823377c1,47,235,0,0.0953984186053276,-0.01442497968673706,-0.9697933197021484,-0.9458543031143113,0.0,-0.9456977940944832,-0.0,-0.0,-0.0001565090198281105,1.0,1.0,2,4.172165870666504
std005,1,KL008,ccab10940199f04759a7aee3b98da016aa5c2c4f70da11a1ab00aafd823377c1,47,235,0,0.021457867696881294,-0.06409864872694016,-0.05200544744729996,-0.0010411769067596988,0.0,-0.0,-0.0,-0.0,-0.0010411769067596988,0.0,0.0,0,
std005,1,KL009,ccab10940199f04759a7aee3b98da016aa5c2c4f70da11a1ab00aafd823377c1,47,235,0,0.02942935936152935,-0.008845431730151176,-1.4315255880355835,-4.8151635391321406e-05,0.0,-0.0,-0.0,-0.0,-4.8151635391321406e-05,0.0,0.0,0,
std005,1,KL0010,ccab10940199f04759a7aee3b98da016aa5c2c4f70da11a1ab00aafd823377c1,47,235,0,0.008136683143675327,-0.045314520597457886,-0.7082828283309937,-1.334611570460135e-05,0.0,-0.0,-0.0,-0.0,-1.334611570460135e-05,0.0,0.0,0,
std005,1,KL001,ccab10940199f04759a7aee3b98da016aa5c2c4f70da11a1ab00aafd823377c1,48,240,0,0.12244292348623276,0.009299627505242825,-0.9687929153442383,-4.728689430660085,0.0,-4.728488970472416,-0.0,-0.0,-0.00020046018766883833,5.0,0.0,2,0.0
std005,1,KL002,ccab10940199f04759a7aee3b98da016aa5c2c4f70da11a1ab00aafd823377c1,48,240,0,0.08229665458202362,-0.0093738604336977,-1.9353978633880615,-4.7286234451820235,0.0,-4.728488970472416,-0.0,-0.0,-0.00013447470960770147,5.0,0.0,1,0.0
std005,1,KL003,ccab10940199f04759a7aee3b98da016aa5c2c4f70da11a1ab00aafd823377c1,48,240,0,0.06035108119249344,0.019874772056937218,-1.6038669347763062,-4.728540104013101,0.0,-4.728488970472416,-0.0,-0.0,-5.113354068519982e-05,5.0,0.0,2,0.0
std005,1,KL004,ccab10940199f04759a7aee3b98da016aa5c2c4f70da11a1ab00aafd823377c1,48,240,0,0.05889260023832321,-0.030584795400500298,-0.5366419553756714,-9.642752418492235e-05,0.0,-0.0,-0.0,-0.0,-9.642752418492235e-05,0.0,0.0,0,
std005,1,KL005,ccab10940199f04759a7aee3b98da016aa5c2c4f70da11a1ab00aafd823377c1,48,240,0,0.07410938292741776,-0.028762655332684517,-0.8934351801872253,-0.00012157401824614483,0.0,-0.0,-0.0,-0.0,-0.00012157401824614483,0.0,0.0,0,
std005,1,KL006,ccab10940199f04759a7aee3b98da016aa5c2c4f70da11a1ab00aafd823377c1,48,240,0,0.046672523021698,-0.014464372768998146,-2.211714267730713,-7.640114266013737e-05,0.0,-0.0,-0.0,-0.0,-7.640114266013737e-05,0.0,0.0,2,76.30470275878906
std005,1,KL007,ccab10940199f04759a7aee3b98da016aa5c2c4f70da11a1ab00aafd823377c1,48,240,0,0.09424879401922226,-0.014923443086445332,-0.9475839138031006,-4.728643608231862,0.0,-4.728488970472416,-0.0,-0.0,-0.00015463775944635216,5.0,0.0,2,0.0
std005,1,KL008,ccab10940199f04759a7aee3b98da016aa5c2c4f70da11a1ab00aafd823377c1,48,240,0,0.02139979973435402,-0.06359700858592987,-0.03942275792360306,-0.0010469524566368235,0.0,-0.0,-0.0,-0.0,-0.0010469524566368235,0.0,0.0,0,
std005,1,KL009,ccab10940199f04759a7aee3b98da016aa5c2c4f70da11a1ab00aafd823377c1,48,240,0,0.02907242439687252,-0.009015506133437157,-1.433884620666504,-4.7569943898054706e-05,0.0,-0.0,-0.0,-0.0,-4.7569943898054706e-05,0.0,0.0,0,
std005,1,KL0010,ccab10940199f04759a7aee3b98da016aa5c2c4f70da11a1ab00aafd823377c1,48,240,0,0.028812166303396225,-0.04669073969125748,-0.8389300107955933,-4.7259398787849486e-05,0.0,-0.0,-0.0,-0.0,-4.7259398787849486e-05,0.0,0.0,1,179.1569366455078
std005,1,KL001,ccab10940199f04759a7aee3b98da016aa5c2c4f70da11a1ab00aafd823377c1,49,245,0,0.11204350739717484,0.044492341578006744,-0.9864920973777771,-4.728672419119619,0.0,-4.728488970472416,-0.0,-0.0,-0.0001834486472036545,5.0,0.0,2,0.0
std005,1,KL002,ccab10940199f04759a7aee3b98da016aa5c2c4f70da11a1ab00aafd823377c1,49,245,0,0.07287494093179703,-0.011310881935060024,-1.9781458377838135,-4.728608054085032,0.0,-4.728488970472416,-0.0,-0.0,-0.00011908361261614431,5.0,0.0,1,0.0
std005,1,KL003,ccab10940199f04759a7aee3b98da016aa5c2c4f70da11a1ab00aafd823377c1,49,245,0,0.06051550805568695,0.02041199989616871,-1.5563139915466309,-4.728543110556948,0.0,-4.728488970472416,-0.0,-0.0,-5.414008453197283e-05,5.0,0.0,2,0.0
std005,1,KL004,ccab10940199f04759a7aee3b98da016aa5c2c4f70da11a1ab00aafd823377c1,49,245,0,0.06085200607776642,-0.030374327674508095,-0.5178083777427673,-9.964134656597422e-05,0.0,-0.0,-0.0,-0.0,-9.964134656597422e-05,0.0,0.0,0,
std005,1,KL005,ccab10940199f04759a7aee3b98da016aa5c2c4f70da11a1ab00aafd823377c1,49,245,0,0.07367660105228424,-0.027801968157291412,-0.8761271238327026,-0.00012087503739476896,0.0,-0.0,-0.0,-0.0,-0.00012087503739476896,0.0,0.0,0,
std005,1,KL006,ccab10940199f04759a7aee3b98da016aa5c2c4f70da11a1ab00aafd823377c1,49,245,0,0.04374142736196518,-0.01307101733982563,-2.201937675476074,-7.160703629454577e-05,0.0,-0.0,-0.0,-0.0,-7.160703629454577e-05,0.0,0.0,2,71.23274230957031
std005,1,KL007,ccab10940199f04759a7aee3b98da016aa5c2c4f70da11a1ab00aafd823377c1,49,245,0,0.09223071485757828,-0.014545549638569355,-0.9191528558731079,-4.728640311981485,0.0,-4.728488970472416,-0.0,-0.0,-0.00015134150906881416,5.0,0.0,2,0.0
std005,1,KL008,ccab10940199f04759a7aee3b98da016aa5c2c4f70da11a1ab00aafd823377c1,49,245,0,0.021830730140209198,-0.06396082043647766,-0.03566121309995651,-0.0010535406554616964,0.0,-0.0,-0.0,-0.0,-0.0010535406554616964,0.0,0.0,0,
std005,1,KL009,ccab10940199f04759a7aee3b98da016aa5c2c4f70da11a1ab00aafd823377c1,49,245,0,0.029553212225437164,-0.0094879399985075,-1.445720911026001,-4.835901299059752e-05,0.0,-0.0,-0.0,-0.0,-4.835901299059752e-05,0.0,0.0,0,
std005,1,KL0010,ccab10940199f04759a7aee3b98da016aa5c2c4f70da11a1ab00aafd823377c1,49,245,0,0.056225284934043884,-0.02834259904921055,-0.7975937724113464,-9.221270016601892e-05,0.0,-0.0,-0.0,-0.0,-9.221270016601892e-05,0.0,0.0,1,176.91497802734375
std005,1,KL001,ccab10940199f04759a7aee3b98da016aa5c2c4f70da11a1ab00aafd823377c1,50,250,0,0.11662111431360245,0.04266256093978882,-0.9652371406555176,-4.728679926718262,0.0,-4.728488970472416,-0.0,-0.0,-0.0001909562458459746,5.0,0.0,2,0.0
std005,1,KL002,ccab10940199f04759a7aee3b98da016aa5c2c4f70da11a1ab00aafd823377c1,50,250,0,0.07174497097730637,-0.009295436553657055,-1.973564863204956,-4.728606211428006,0.0,-4.728488970472416,-0.0,-0.0,-0.00011724095559006997,5.0,0.0,1,0.0
std005,1,KL003,ccab10940199f04759a7aee3b98da016aa5c2c4f70da11a1ab00aafd823377c1,50,250,0,0.03438246250152588,-0.013879673555493355,-1.592500925064087,-4.728589360297278,0.0,-4.728488970472416,-0.0,-0.0,-0.00010038982486193504,5.0,0.0,2,0.0
std005,1,KL004,ccab10940199f04759a7aee3b98da016aa5c2c4f70da11a1ab00aafd823377c1,50,250,0,0.0609932541847229,-0.02969161607325077,-0.5119573473930359,-9.987841289892108e-05,0.0,-0.0,-0.0,-0.0,-9.987841289892108e-05,0.0,0.0,0,
std005,1,KL005,ccab10940199f04759a7aee3b98da016aa5c2c4f70da11a1ab00aafd823377c1,50,250,0,0.03547361493110657,-0.03983881324529648,-0.6170818209648132,-5.8267555571179166e-05,0.0,-0.0,-0.0,-0.0,-5.8267555571179166e-05,0.0,0.0,0,
std005,1,KL006,ccab10940199f04759a7aee3b98da016aa5c2c4f70da11a1ab00aafd823377c1,50,250,0,0.04170079529285431,-0.012402240186929703,-2.1956751346588135,-6.827026016219388e-05,0.0,-0.0,-0.0,-0.0,-6.827026016219388e-05,0.0,0.0,2,66.21136474609375
std005,1,KL007,ccab10940199f04759a7aee3b98da016aa5c2c4f70da11a1ab00aafd823377c1,50,250,0,0.08980095386505127,-0.014614919200539589,-0.8854455351829529,-4.728636339808313,0.0,-4.728488970472416,-0.0,-0.0,-0.00014736933589709622,5.0,0.0,2,0.0
std005,1,KL008,ccab10940199f04759a7aee3b98da016aa5c2c4f70da11a1ab00aafd823377c1,50,250,0,0.02279227413237095,-0.06424881517887115,-0.02439228445291519,-0.001060986219797284,0.0,-0.0,-0.0,-0.0,-0.001060986219797284,0.0,0.0,0,
std005,1,KL009,ccab10940199f04759a7aee3b98da016aa5c2c4f70da11a1ab00aafd823377c1,50,250,0,0.029288122430443764,-0.009646832942962646,-1.447702407836914,-4.7927625506908893e-05,0.0,-0.0,-0.0,-0.0,-4.7927625506908893e-05,0.0,0.0,0,
std005,1,KL0010,ccab10940199f04759a7aee3b98da016aa5c2c4f70da11a1ab00aafd823377c1,50,250,0,0.05566839873790741,-0.02683522365987301,-0.7779862880706787,-9.133072011909517e-05,0.0,-0.0,-0.0,-0.0,-9.133072011909517e-05,0.0,0.0,1,176.31761169433594
std005,1,KL001,ccab10940199f04759a7aee3b98da016aa5c2c4f70da11a1ab00aafd823377c1,51,255,0,0.11697690188884735,0.041749708354473114,-0.9477975368499756,-4.728680522811851,0.0,-4.728488970472416,-0.0,-0.0,-0.00019155233943557448,5.0,0.0,2,0.0
std005,1,KL002,ccab10940199f04759a7aee3b98da016aa5c2c4f70da11a1ab00aafd823377c1,51,255,0,0.07035292685031891,-0.007588253356516361,-1.9702199697494507,-4.728603940478263,0.0,-4.728488970472416,-0.0,-0.0,-0.00011497000584714812,5.0,0.0,1,0.0
std005,1,KL003,ccab10940199f04759a7aee3b98da016aa5c2c4f70da11a1ab00aafd823377c1,51,255,0,0.03128543868660927,-0.011475905776023865,-1.5510870218276978,-4.7285972290254294,0.0,-4.728488970472416,-0.0,-0.0,-0.0001082585530136626,5.0,0.0,2,0.0
std005,1,KL004,ccab10940199f04759a7aee3b98da016aa5c2c4f70da11a1ab00aafd823377c1,51,255,0,0.07769081741571426,-0.023657551035284996,-0.5502992868423462,-0.0001272277584911094,0.0,-0.0,-0.0,-0.0,-0.0001272277584911094,0.0,0.0,0,
std005,1,KL005,ccab10940199f04759a7aee3b98da016aa5c2c4f70da11a1ab00aafd823377c1,51,255,0,0.03181132674217224,-0.03813360631465912,-0.651664137840271,-5.220046837673271e-05,0.0,-0.0,-0.0,-0.0,-5.220046837673271e-05,0.0,0.0,0,
std005,1,KL006,ccab10940199f04759a7aee3b98da016aa5c2c4f70da11a1ab00aafd823377c1,51,255,0,0.03990264981985092,-0.011120567098259926,-2.186490774154663,-6.533018692588405e-05,0.0,-0.0,-0.0,-0.0,-6.533018692588405e-05,0.0,0.0,2,61.1951789855957
std005,1,KL007,ccab10940199f04759a7aee3b98da016aa5c2c4f70da11a1ab00aafd823377c1,51,255,0,0.08710361272096634,-0.014379513449966908,-0.876392662525177,-4.728631927999021,0.0,-4.728488970472416,-0.0,-0.0,-0.00014295752660498096,5.0,0.0,2,0.0
std005,1,KL008,ccab10940199f04759a7aee3b98da016aa5c2c4f70da11a1ab00aafd823377c1,51,255,0,0.024065861478447914,-0.06511516124010086,-0.03235504776239395,-0.0010689048261921276,0.0,-0.0,-0.0,-0.0,-0.0010689048261921276,0.0,0.0,0,
std005,1,KL009,ccab10940199f04759a7aee3b98da016aa5c2c4f70da11a1ab00aafd823377c1,51,255,0,0.06283118575811386,-0.03434518724679947,-1.5964466333389282,-0.00010278936509557441,0.0,-0.0,-0.0,-0.0,-0.00010278936509557441,0.0,0.0,0,
std005,1,KL0010,ccab10940199f04759a7aee3b98da016aa5c2c4f70da11a1ab00aafd823377c1,51,255,0,0.057283736765384674,-0.025944849476218224,-0.8103322386741638,-9.398950588789323e-05,0.0,-0.0,-0.0,-0.0,-9.398950588789323e-05,0.0,0.0,1,166.81239318847656
std005,1,KL001,ccab10940199f04759a7aee3b98da016aa5c2c4f70da11a1ab00aafd823377c1,52,260,0,0.11766348779201508,0.04192400723695755,-0.9320747256278992,-4.728681660889766,0.0,-4.728488970472416,-0.0,-0.0,-0.0001926904173501498,5.0,0.0,2,0.0
std005,1,KL002,ccab10940199f04759a7aee3b98da016aa5c2c4f70da11a1ab00aafd823377c1,52,260,0,0.06918170303106308,-0.006227545440196991,-1.9586880207061768,-4.728602030283296,0.0,-4.728488970472416,-0.0,-0.0,-0.00011305981088050032,5.0,0.0,1,0.0
std005,1,KL003,ccab10940199f04759a7aee3b98da016aa5c2c4f70da11a1ab00aafd823377c1,52,260,0,0.03210080415010452,-0.022333946079015732,-1.5071656703948975,-4.728598586384305,0.0,-4.728488970472416,-0.0,-0.0,-0.00010961591188962672,5.0,0.0,2,0.0
std005,1,KL004,ccab10940199f04759a7aee3b98da016aa5c2c4f70da11a1ab00aafd823377c1,52,260,0,0.0956263318657875,-0.03330754488706589,-0.5150502324104309,-0.0001566067407597662,0.0,-0.0,-0.0,-0.0,-0.0001566067407597662,0.0,0.0,0,
std005,1,KL005,ccab10940199f04759a7aee3b98da016aa5c2c4f70da11a1ab00aafd823377c1,52,260,0,0.028306227177381516,-0.03619179129600525,-0.6531749963760376,-4.645321430059848e-05,0.0,-0.0,-0.0,-0.0,-4.645321430059848e-05,0.0,0.0,0,
std005,1,KL006,ccab10940199f04759a7aee3b98da016aa5c2c4f70da11a1ab00aafd823377c1,52,260,0,0.0378706231713295,-0.010554833337664604,-2.181445360183716,-6.200689584372267e-05,0.0,-0.0,-0.0,-0.0,-6.200689584372267e-05,0.0,0.0,2,56.18170166015625
std005,1,KL007,ccab10940199f04759a7aee3b98da016aa5c2c4f70da11a1ab00aafd823377c1,52,260,0,0.08381915092468262,-0.014759885147213936,-0.8632389307022095,-4.728626551901937,0.0,-4.728488970472416,-0.0,-0.0,-0.0001375814295210276,5.0,0.0,2,0.0
std005,1,KL008,ccab10940199f04759a7aee3b98da016aa5c2c4f70da11a1ab00aafd823377c1,52,260,0,0.02553420327603817,-0.0652276948094368,-0.03945053368806839,-0.0010770844988158515,0.0,-0.0,-0.0,-0.0,-0.0010770844988158515,0.0,0.0,0,
std005,1,KL009,ccab10940199f04759a7aee3b98da016aa5c2c4f70da11a1ab00aafd823377c1,52,260,0,0.06672405451536179,-0.03507568687200546,-1.6647462844848633,-0.00010919741441877586,0.0,-0.0,-0.0,-0.0,-0.00010919741441877586,0.0,0.0,0,
std005,1,KL0010,ccab10940199f04759a7aee3b98da016aa5c2c4f70da11a1ab00aafd823377c1,52,260,0,0.053527042269706726,-0.03728961944580078,-0.9166921377182007,-8.783384859295388e-05,0.0,-0.0,-0.0,-0.0,-8.783384859295388e-05,0.0,0.0,1,161.53399658203125
std005,1,KL001,ccab10940199f04759a7aee3b98da016aa5c2c4f70da11a1ab00aafd823377c1,53,265,0,0.11758920550346375,0.04165560007095337,-0.9159287214279175,-4.72868155336775,0.0,-4.728488970472416,-0.0,-0.0,-0.00019258289533397033,5.0,0.0,2,0.0
std005,1,KL002,ccab10940199f04759a7aee3b98da016aa5c2c4f70da11a1ab00aafd823377c1,53,265,0,0.06821931153535843,-0.004253764636814594,-1.9469175338745117,-4.728600461342699,0.0,-4.728488970472416,-0.0,-0.0,-0.0001114908702835038,5.0,0.0,1,0.0
std005,1,KL003,ccab10940199f04759a7aee3b98da016aa5c2c4f70da11a1ab00aafd823377c1,53,265,0,0.031246034428477287,-0.023547545075416565,-1.4622726440429688,-4.728602796542583,0.0,-4.728488970472416,-0.0,-0.0,-0.00011382607016763302,5.0,0.0,2,0.0
std005,1,KL004,ccab10940199f04759a7aee3b98da016aa5c2c4f70da11a1ab00aafd823377c1,53,265,0,0.09642133861780167,-0.03353877365589142,-0.49916723370552063,-0.00015791799601009006,0.0,-0.0,-0.0,-0.0,-0.00015791799601009006,0.0,0.0,0,
std005,1,KL005,ccab10940199f04759a7aee3b98da016aa5c2c4f70da11a1ab00aafd823377c1,53,265,0,-0.0016521420329809189,-0.0406724289059639,-0.7827718257904053,-2.6762976452078275e-06,0.0,-0.0,-0.0,-0.0,-2.6762976452078275e-06,0.0,0.0,1,178.37225341796875
std005,1,KL006,ccab10940199f04759a7aee3b98da016aa5c2c4f70da11a1ab00aafd823377c1,53,265,0,0.03662274032831192,-0.010064398869872093,-2.1673600673675537,-5.996724524800352e-05,0.0,-0.0,-0.0,-0.0,-5.996724524800352e-05,0.0,0.0,2,51.16905212402344
std005,1,KL007,ccab10940199f04759a7aee3b98da016aa5c2c4f70da11a1ab00aafd823377c1,53,265,0,0.07388650625944138,-0.0013672877103090286,-0.9241913557052612,-4.728610262326622,0.0,-4.728488970472416,-0.0,-0.0,-0.0001212918542066177,5.0,0.0,3,0.0
std005,1,KL008,ccab10940199f04759a7aee3b98da016aa5c2c4f70da11a1ab00aafd823377c1,53,265,0,0.025786014273762703,-0.06530345976352692,-0.045167483389377594,-0.0010832058385153215,0.0,-0.0,-0.0,-0.0,-0.0010832058385153215,0.0,0.0,0,
std005,1,KL009,ccab10940199f04759a7aee3b98da016aa5c2c4f70da11a1ab00aafd823377c1,53,265,0,0.06928146630525589,-0.040138982236385345,-1.6693817377090454,-0.0001133878818493106,0.0,-0.0,-0.0,-0.0,-0.0001133878818493106,0.0,0.0,0,
std005,1,KL0010,ccab10940199f04759a7aee3b98da016aa5c2c4f70da11a1ab00aafd823377c1,53,265,0,0.05360277742147446,-0.035778433084487915,-0.9134674668312073,-8.796636828597357e-05,0.0,-0.0,-0.0,-0.0,-8.796636828597357e-05,0.0,0.0,1,156.1192169189453
std005,1,KL001,ccab10940199f04759a7aee3b98da016aa5c2c4f70da11a1ab00aafd823377c1,54,270,0,0.08973914384841919,0.0189430583268404,-0.8845301866531372,-4.728635980713971,0.0,-4.728488970472416,-0.0,-0.0,-0.00014701024155527875,5.0,0.0,2,0.0
std005,1,KL002,ccab10940199f04759a7aee3b98da016aa5c2c4f70da11a1ab00aafd823377c1,54,270,0,0.06713972240686417,-0.0024493224918842316,-1.9426498413085938,-4.728598700810895,0.0,-4.728488970472416,-0.0,-0.0,-0.00010973033847960778,5.0,0.0,1,0.0
std005,1,KL003,ccab10940199f04759a7aee3b98da016aa5c2c4f70da11a1ab00aafd823377c1,54,270,0,0.029877260327339172,-0.023681817576289177,-1.4093388319015503,-4.728607910958669,0.0,-4.728488970472416,-0.0,-0.0,-0.00011894048625293863,5.0,0.0,2,0.0
std005,1,KL004,ccab10940199f04759a7aee3b98da016aa5c2c4f70da11a1ab00aafd823377c1,54,270,0,0.09684548527002335,-0.032284997403621674,-0.5039610862731934,-0.00015862221685093565,0.0,-0.0,-0.0,-0.0,-0.00015862221685093565,0.0,0.0,0,
std005,1,KL005,ccab10940199f04759a7aee3b98da016aa5c2c4f70da11a1ab00aafd823377c1,54,270,0,-0.010703475214540958,-0.03409811109304428,-0.8588346242904663,-1.7569297405907824e-05,0.0,-0.0,-0.0,-0.0,-1.7569297405907824e-05,0.0,0.0,1,155.06097412109375
std005,1,KL006,ccab10940199f04759a7aee3b98da016aa5c2c4f70da11a1ab00aafd823377c1,54,270,0,0.02346086874604225,0.02148543857038021,-2.1673591136932373,-3.841811614588561e-05,0.0,-0.0,-0.0,-0.0,-3.841811614588561e-05,0.0,0.0,2,46.124752044677734
std005,1,KL007,ccab10940199f04759a7aee3b98da016aa5c2c4f70da11a1ab00aafd823377c1,54,270,0,0.0703478679060936,-0.031187400221824646,-1.2287544012069702,-4.728604465513561,0.0,-4.728488970472416,-0.0,-0.0,-0.00011549504114505282,5.0,0.0,3,0.0
std005,1,KL008,ccab10940199f04759a7aee3b98da016aa5c2c4f70da11a1ab00aafd823377c1,54,270,0,0.031374990940093994,-0.06634822487831116,-0.09081069380044937,-0.0010980099589827607,0.0,-0.0,-0.0,-0.0,-0.0010980099589827607,0.0,0.0,0,
std005,1,KL009,ccab10940199f04759a7aee3b98da016aa5c2c4f70da11a1ab00aafd823377c1,54,270,0,0.03718676418066025,-0.01702842302620411,-1.1759976148605347,-6.089596776995717e-05,0.0,-0.0,-0.0,-0.0,-6.089596776995717e-05,0.0,0.0,0,
std005,1,KL0010,ccab10940199f04759a7aee3b98da016aa5c2c4f70da11a1ab00aafd823377c1,54,270,0,0.05357077717781067,-0.034052200615406036,-0.9177934527397156,-8.79223003726605e-05,0.0,-0.0,-0.0,-0.0,-8.79223003726605e-05,0.0,0.0,1,150.99082946777344
std005,1,KL001,ccab10940199f04759a7aee3b98da016aa5c2c4f70da11a1ab00aafd823377c1,55,275,0,0.09333959966897964,0.007421617396175861,-1.2457982301712036,-4.7286418623562785,0.0,-4.728488970472416,-0.0,-0.0,-0.0001528918838626936,5.0,0.0,3,0.0
std005,1,KL002,ccab10940199f04759a7aee3b98da016aa5c2c4f70da11a1ab00aafd823377c1,55,275,0,0.09622695297002792,0.008469042368233204,-1.9296233654022217,-4.728646225269972,0.0,-4.728488970472416,-0.0,-0.0,-0.0001572547975561278,5.0,0.0,2,0.0
std005,1,KL003,ccab10940199f04759a7aee3b98da016aa5c2c4f70da11a1ab00aafd823377c1,55,275,0,-0.0050058066844940186,-0.015979863703250885,-1.3412541151046753,-4.728668028804701,0.0,-4.728488970472416,-0.0,-0.0,-0.0001790583322849315,5.0,0.0,2,0.0
std005,1,KL004,ccab10940199f04759a7aee3b98da016aa5c2c4f70da11a1ab00aafd823377c1,55,275,0,0.06742080301046371,-0.043531499803066254,-0.3949522376060486,-0.00011046335429142162,0.0,-0.0,-0.0,-0.0,-0.00011046335429142162,0.0,0.0,0,
std005,1,KL005,ccab10940199f04759a7aee3b98da016aa5c2c4f70da11a1ab00aafd823377c1,55,275,0,0.0188617967069149,-0.022436922416090965,-0.764323890209198,-3.092892329772538e-05,0.0,-0.0,-0.0,-0.0,-3.092892329772538e-05,0.0,0.0,1,146.8494415283203
std005,1,KL006,ccab10940199f04759a7aee3b98da016aa5c2c4f70da11a1ab00aafd823377c1,55,275,0,0.02049148827791214,-0.008044607006013393,-2.2297592163085938,-3.3557681597811914e-05,0.0,-0.0,-0.0,-0.0,-3.3557681597811914e-05,0.0,0.0,2,41.12373733520508
std005,1,KL007,ccab10940199f04759a7aee3b98da016aa5c2c4f70da11a1ab00aafd823377c1,55,275,0,0.05977419763803482,-0.0409076064825058,-1.1852205991744995,-4.728587116691463,0.0,-4.728488970472416,-0.0,-0.0,-9.814621904702392e-05,5.0,0.0,3,0.0
std005,1,KL008,ccab10940199f04759a7aee3b98da016aa5c2c4f70da11a1ab00aafd823377c1,55,275,0,0.03597275912761688,-0.05849802494049072,-0.10821030288934708,-0.0011108924687426162,0.0,-0.0,-0.0,-0.0,-0.0011108924687426162,0.0,0.0,0,
std005,1,KL009,ccab10940199f04759a7aee3b98da016aa5c2c4f70da11a1ab00aafd823377c1,55,275,0,0.04454252868890762,-0.025238782167434692,-0.9001801609992981,-7.290751574342899e-05,0.0,-0.0,-0.0,-0.0,-7.290751574342899e-05,0.0,0.0,0,
std005,1,KL0010,ccab10940199f04759a7aee3b98da016aa5c2c4f70da11a1ab00aafd823377c1,55,275,0,0.04383610188961029,-0.043863095343112946,-0.8265172839164734,-7.195261595811659e-05,0.0,-0.0,-0.0,-0.0,-7.195261595811659e-05,0.0,0.0,1,145.811767578125
std005,1,KL001,ccab10940199f04759a7aee3b98da016aa5c2c4f70da11a1ab00aafd823377c1,56,280,0,0.10109637677669525,-0.00968300923705101,-0.9698875546455383,-4.728654578488916,0.0,-4.728488970472416,-0.0,-0.0,-0.00016560801650022938,5.0,0.0,2,0.0
std005,1,KL002,ccab10940199f04759a7aee3b98da016aa5c2c4f70da11a1ab00aafd823377c1,56,280,0,0.09925449639558792,0.0041920458897948265,-1.7927684783935547,-4.728651197366053,0.0,-4.728488970472416,-0.0,-0.0,-0.00016222689363765141,5.0,0.0,1,0.0
std005,1,KL003,ccab10940199f04759a7aee3b98da016aa5c2c4f70da11a1ab00aafd823377c1,56,280,0,-0.009400669485330582,-0.012280795723199844,-1.3052480220794678,-4.728677097742537,0.0,-4.728488970472416,-0.0,-0.0,-0.00018812727012118557,5.0,0.0,2,0.0
std005,1,KL004,ccab10940199f04759a7aee3b98da016aa5c2c4f70da11a1ab00aafd823377c1,56,280,0,0.06777845323085785,-0.04215186834335327,-0.41406071186065674,-0.00011102890149540657,0.0,-0.0,-0.0,-0.0,-0.00011102890149540657,0.0,0.0,0,
std005,1,KL005,ccab10940199f04759a7aee3b98da016aa5c2c4f70da11a1ab00aafd823377c1,56,280,0,0.031015200540423393,-0.027008000761270523,-0.5223209857940674,-5.091940905287764e-05,0.0,-0.0,-0.0,-0.0,-5.091940905287764e-05,0.0,0.0,0,
std005,1,KL006,ccab10940199f04759a7aee3b98da016aa5c2c4f70da11a1ab00aafd823377c1,56,280,0,0.04124002158641815,-0.010143294930458069,-2.07072377204895,-6.75381360482488e-05,0.0,-0.0,-0.0,-0.0,-6.75381360482488e-05,0.0,0.0,2,36.13192367553711
std005,1,KL007,ccab10940199f04759a7aee3b98da016aa5c2c4f70da11a1ab00aafd823377c1,56,280,0,0.05960103124380112,-0.04429478943347931,-0.9212140440940857,-4.728586842633596,0.0,-4.728488970472416,-0.0,-0.0,-9.787216117995712e-05,5.0,0.0,2,0.0
std005,1,KL008,ccab10940199f04759a7aee3b98da016aa5c2c4f70da11a1ab00aafd823377c1,56,280,0,0.055665530264377594,-0.06511607766151428,-0.14250433444976807,-0.0011481063142602566,0.0,-0.0,-0.0,-0.0,-0.0011481063142602566,0.0,0.0,0,
std005,1,KL009,ccab10940199f04759a7aee3b98da016aa5c2c4f70da11a1ab00aafd823377c1,56,280,0,0.04566863924264908,-0.025415902957320213,-0.9018951058387756,-7.475454992725455e-05,0.0,-0.0,-0.0,-0.0,-7.475454992725455e-05,0.0,0.0,0,
std005,1,KL0010,ccab10940199f04759a7aee3b98da016aa5c2c4f70da11a1ab00aafd823377c1,56,280,0,0.04404914379119873,-0.04128735512495041,-0.8889210820198059,-7.230941310715462e-05,0.0,-0.0,-0.0,-0.0,-7.230941310715462e-05,0.0,0.0,1,137.75277709960938
std005,1,KL001,ccab10940199f04759a7aee3b98da016aa5c2c4f70da11a1ab00aafd823377c1,57,285,0,0.0983998104929924,-0.009409205056726933,-0.9131485223770142,-3.7829523784725243,0.0,-3.7827911763779327,-0.0,-0.0,-0.00016120209459158374,4.0,0.0,2,0.0
std005,1,KL002,ccab10940199f04759a7aee3b98da016aa5c2c4f70da11a1ab00aafd823377c1,57,285,0,0.08963946253061295,0.0030442075803875923,-1.7239434719085693,-4.728635488085791,0.0,-4.728488970472416,-0.0,-0.0,-0.00014651761337525215,5.0,0.0,1,0.0
std005,1,KL003,ccab10940199f04759a7aee3b98da016aa5c2c4f70da11a1ab00aafd823377c1,57,285,0,0.014894301071763039,0.007753673940896988,-1.3296217918395996,-3.7829409616360126,0.0,-3.7827911763779327,-0.0,-0.0,-0.00014978525807984866,4.0,0.0,2,0.0
std005,1,KL004,ccab10940199f04759a7aee3b98da016aa5c2c4f70da11a1ab00aafd823377c1,57,285,0,0.0682341679930687,-0.04170320928096771,-0.409335196018219,-0.00011178231258320029,0.0,-0.0,-0.0,-0.0,-0.00011178231258320029,0.0,0.0,0,
std005,1,KL005,ccab10940199f04759a7aee3b98da016aa5c2c4f70da11a1ab00aafd823377c1,57,285,0,0.03862645477056503,-0.032647065818309784,-0.44431382417678833,-6.342184585748098e-05,0.0,-0.0,-0.0,-0.0,-6.342184585748098e-05,0.0,0.0,0,
std005,1,KL006,ccab10940199f04759a7aee3b98da016aa5c2c4f70da11a1ab00aafd823377c1,57,285,0,0.04077839106321335,-0.009608004242181778,-2.0443787574768066,-6.678867229679426e-05,0.0,-0.0,-0.0,-0.0,-6.678867229679426e-05,0.0,0.0,2,31.135955810546875
std005,1,KL007,ccab10940199f04759a7aee3b98da016aa5c2c4f70da11a1ab00aafd823377c1,57,285,0,0.05478382855653763,-0.04700058698654175,-0.8542240262031555,-4.728578941978674,0.0,-4.728488970472416,-0.0,-0.0,-8.99715062585571e-05,5.0,0.0,2,0.0
std005,1,KL008,ccab10940199f04759a7aee3b98da016aa5c2c4f70da11a1ab00aafd823377c1,57,285,0,0.06122927367687225,-0.06991420686244965,-0.048861630260944366,-0.0011611097935273346,0.0,-0.0,-0.0,-0.0,-0.0011611097935273346,0.0,0.0,0,
std005,1,KL009,ccab10940199f04759a7aee3b98da016aa5c2c4f70da11a1ab00aafd823377c1,57,285,0,0.04511868208646774,-0.024754146113991737,-0.8873478174209595,-7.385818629591768e-05,0.0,-0.0,-0.0,-0.0,-7.385818629591768e-05,0.0,0.0,0,
std005,1,KL0010,ccab10940199f04759a7aee3b98da016aa5c2c4f70da11a1ab00aafd823377c1,57,285,0,0.042919307947158813,-0.03953380882740021,-0.8916057348251343,-7.046185026794502e-05,0.0,-0.0,-0.0,-0.0,-7.046185026794502e-05,0.0,0.0,1,132.63514709472656
std005,1,KL001,ccab10940199f04759a7aee3b98da016aa5c2c4f70da11a1ab00aafd823377c1,58,290,0,0.10492599755525589,-0.023677034303545952,-0.47454366087913513,-0.00017190429562098585,0.0,-0.0,-0.0,-0.0,-0.00017190429562098585,0.0,0.0,1,115.53389739990234
std005,1,KL002,ccab10940199f04759a7aee3b98da016aa5c2c4f70da11a1ab00aafd823377c1,58,290,0,0.08901006728410721,0.0054854415357112885,-1.6767611503601074,-4.728634464783017,0.0,-4.728488970472416,-0.0,-0.0,-0.00014549431060117968,5.0,0.0,1,0.0
std005,1,KL003,ccab10940199f04759a7aee3b98da016aa5c2c4f70da11a1ab00aafd823377c1,58,290,0,0.0010009445250034332,0.005866908933967352,-0.9190268516540527,-0.0001751065407213464,0.0,-0.0,-0.0,-0.0,-0.0001751065407213464,0.0,0.0,1,128.7782745361328
std005,1,KL004,ccab10940199f04759a7aee3b98da016aa5c2c4f70da11a1ab00aafd823377c1,58,290,0,0.0685933455824852,-0.040476419031620026,-0.39542356133461,-0.00011237780300186812,0.0,-0.0,-0.0,-0.0,-0.00011237780300186812,0.0,0.0,0,
std005,1,KL005,ccab10940199f04759a7aee3b98da016aa5c2c4f70da11a1ab00aafd823377c1,58,290,0,0.09654038399457932,-0.034477606415748596,-0.6441944241523743,-0.00015832894619360335,0.0,-0.0,-0.0,-0.0,-0.00015832894619360335,0.0,0.0,0,
std005,1,KL006,ccab10940199f04759a7aee3b98da016aa5c2c4f70da11a1ab00aafd823377c1,58,290,0,0.039542123675346375,-0.007559438236057758,-2.0422422885894775,-6.476804626163297e-05,0.0,-0.0,-0.0,-0.0,-6.476804626163297e-05,0.0,0.0,2,26.15036392211914
std005,1,KL007,ccab10940199f04759a7aee3b98da016aa5c2c4f70da11a1ab00aafd823377c1,58,290,0,0.05148328095674515,-0.0475703626871109,-0.7958080768585205,-4.728573530799926,0.0,-4.728488970472416,-0.0,-0.0,-8.456032750991938e-05,5.0,0.0,2,0.0
std005,1,KL008,ccab10940199f04759a7aee3b98da016aa5c2c4f70da11a1ab00aafd823377c1,58,290,0,0.060251638293266296,-0.06910617649555206,-0.03955874592065811,-0.0011630047244746494,0.0,-0.0,-0.0,-0.0,-0.0011630047244746494,0.0,0.0,0,
std005,1,KL009,ccab10940199f04759a7aee3b98da016aa5c2c4f70da11a1ab00aafd823377c1,58,290,0,0.04460311681032181,-0.024469895288348198,-0.8851235508918762,-7.301808877267982e-05,0.0,-0.0,-0.0,-0.0,-7.301808877267982e-05,0.0,0.0,0,
std005,1,KL0010,ccab10940199f04759a7aee3b98da016aa5c2c4f70da11a1ab00aafd823377c1,58,290,0,0.041801854968070984,-0.037601158022880554,-0.8744971752166748,-6.863441921672589e-05,0.0,-0.0,-0.0,-0.0,-6.863441921672589e-05,0.0,0.0,1,128.7782745361328
std005,1,KL001,ccab10940199f04759a7aee3b98da016aa5c2c4f70da11a1ab00aafd823377c1,59,295,0,0.10060765594244003,-0.02312130108475685,-0.42876625061035156,-0.00016484115177247237,0.0,-0.0,-0.0,-0.0,-0.00016484115177247237,0.0,0.0,1,110.8999252319336
std005,1,KL002,ccab10940199f04759a7aee3b98da016aa5c2c4f70da11a1ab00aafd823377c1,59,295,0,0.08865776658058167,0.006170359440147877,-1.6119117736816406,-4.728633894429307,0.0,-4.728488970472416,-0.0,-0.0,-0.0001449239568911409,5.0,0.0,1,0.0
std005,1,KL003,ccab10940199f04759a7aee3b98da016aa5c2c4f70da11a1ab00aafd823377c1,59,295,0,-0.0011351574212312698,0.003881495911628008,-0.8632667660713196,-0.00018064766041686557,0.0,-0.0,-0.0,-0.0,-0.00018064766041686557,0.0,0.0,1,123.01764678955078
std005,1,KL004,ccab10940199f04759a7aee3b98da016aa5c2c4f70da11a1ab00aafd823377c1,59,295,0,0.07049007713794708,-0.041563138365745544,-0.37382063269615173,-0.00011549253210381039,0.0,-0.0,-0.0,-0.0,-0.00011549253210381039,0.0,0.0,0,
std005,1,KL005,ccab10940199f04759a7aee3b98da016aa5c2c4f70da11a1ab00aafd823377c1,59,295,0,0.11149180680513382,-0.036036767065525055,-0.5252172350883484,-0.0001830922707931021,0.0,-0.0,-0.0,-0.0,-0.0001830922707931021,0.0,0.0,0,
std005,1,KL006,ccab10940199f04759a7aee3b98da016aa5c2c4f70da11a1ab00aafd823377c1,59,295,0,0.039647623896598816,-0.00535554438829422,-2.0243003368377686,-6.494513572547549e-05,0.0,-0.0,-0.0,-0.0,-6.494513572547549e-05,0.0,0.0,2,21.164827346801758
std005,1,KL007,ccab10940199f04759a7aee3b98da016aa5c2c4f70da11a1ab00aafd823377c1,59,295,0,0.07206794619560242,-0.05422476679086685,-0.7292339205741882,-4.7286073504478185,0.0,-4.728488970472416,-0.0,-0.0,-0.00011837997540276035,5.0,0.0,2,0.0
std005,1,KL008,ccab10940199f04759a7aee3b98da016aa5c2c4f70da11a1ab00aafd823377c1,59,295,0,0.06027211248874664,-0.0696663036942482,-0.04562283307313919,-0.0011664448437626654,0.0,-0.0,-0.0,-0.0,-0.0011664448437626654,0.0,0.0,0,
std005,1,KL009,ccab10940199f04759a7aee3b98da016aa5c2c4f70da11a1ab00aafd823377c1,59,295,0,0.0452113002538681,-0.023374222218990326,-0.8901098966598511,-7.401769899086135e-05,0.0,-0.0,-0.0,-0.0,-7.401769899086135e-05,0.0,0.0,0,
std005,1,KL0010,ccab10940199f04759a7aee3b98da016aa5c2c4f70da11a1ab00aafd823377c1,59,295,0,0.04181768745183945,-0.03642122447490692,-0.8756108283996582,-6.866766878857974e-05,0.0,-0.0,-0.0,-0.0,-6.866766878857974e-05,0.0,0.0,1,123.01764678955078
std005,1,KL001,ccab10940199f04759a7aee3b98da016aa5c2c4f70da11a1ab00aafd823377c1,60,300,0,0.09753357619047165,-0.022324541583657265,-0.39893028140068054,-0.00015981591404556233,0.0,-0.0,-0.0,-0.0,-0.00015981591404556233,0.0,0.0,1,105.59449005126953
std005,1,KL002,ccab10940199f04759a7aee3b98da016aa5c2c4f70da11a1ab00aafd823377c1,60,300,0,0.08759161084890366,0.007302796468138695,-1.5510919094085693,-3.782934363162277,0.0,-3.7827911763779327,-0.0,-0.0,-0.0001431867843444401,4.0,0.0,1,0.0
std005,1,KL003,ccab10940199f04759a7aee3b98da016aa5c2c4f70da11a1ab00aafd823377c1,60,300,0,-0.002494610846042633,0.0016881725750863552,-0.8108228445053101,-0.00018486020110502634,0.0,-0.0,-0.0,-0.0,-0.00018486020110502634,0.0,0.0,1,117.94914245605469
std005,1,KL004,ccab10940199f04759a7aee3b98da016aa5c2c4f70da11a1ab00aafd823377c1,60,300,0,0.07179585844278336,-0.04175051301717758,-0.3573399782180786,-0.00011763950370810968,0.0,-0.0,-0.0,-0.0,-0.00011763950370810968,0.0,0.0,0,
std005,1,KL005,ccab10940199f04759a7aee3b98da016aa5c2c4f70da11a1ab00aafd823377c1,60,300,0,0.11219003051519394,-0.03719890117645264,-0.5002926588058472,-0.00018425882536068743,0.0,-0.0,-0.0,-0.0,-0.00018425882536068743,0.0,0.0,0,
std005,1,KL006,ccab10940199f04759a7aee3b98da016aa5c2c4f70da11a1ab00aafd823377c1,60,300,0,0.0390285924077034,-0.0036925654858350754,-2.01261830329895,-6.393543970485676e-05,0.0,-0.0,-0.0,-0.0,-6.393543970485676e-05,0.0,0.0,2,16.196849822998047
std005,1,KL007,ccab10940199f04759a7aee3b98da016aa5c2c4f70da11a1ab00aafd823377c1,60,300,0,0.07158476859331131,-0.05252595245838165,-0.6870173811912537,-3.7829087777221435,0.0,-3.7827911763779327,-0.0,-0.0,-0.00011760134421079371,4.0,0.0,2,0.0
std005,1,KL008,ccab10940199f04759a7aee3b98da016aa5c2c4f70da11a1ab00aafd823377c1,60,300,0,0.06423317641019821,-0.06916862726211548,-0.04570478945970535,-0.001176153162703933,0.0,-0.0,-0.0,-0.0,-0.001176153162703933,0.0,0.0,0,
std005,1,KL009,ccab10940199f04759a7aee3b98da016aa5c2c4f70da11a1ab00aafd823377c1,60,300,0,0.04587091505527496,-0.02300775982439518,-0.8891984820365906,-7.51016647907624e-05,0.0,-0.0,-0.0,-0.0,-7.51016647907624e-05,0.0,0.0,0,
std005,1,KL0010,ccab10940199f04759a7aee3b98da016aa5c2c4f70da11a1ab00aafd823377c1,60,300,0,0.04105747491121292,-0.03477557748556137,-0.8673522472381592,-6.742667789866887e-05,0.0,-0.0,-0.0,-0.0,-6.742667789866887e-05,0.0,0.0,1,117.94914245605469
std005,1,KL001,ccab10940199f04759a7aee3b98da016aa5c2c4f70da11a1ab00aafd823377c1,61,305,0,0.09460636228322983,-0.021687904372811317,-0.3702700436115265,-0.00015503075477635658,0.0,-0.0,-0.0,-0.0,-0.00015503075477635658,0.0,0.0,1,100.36832427978516
std005,1,KL002,ccab10940199f04759a7aee3b98da016aa5c2c4f70da11a1ab00aafd823377c1,61,305,0,0.09360618144273758,0.0057761697098612785,-1.1111202239990234,-0.0001530243399457899,0.0,-0.0,-0.0,-0.0,-0.0001530243399457899,0.0,0.0,0,
std005,1,KL003,ccab10940199f04759a7aee3b98da016aa5c2c4f70da11a1ab00aafd823377c1,61,305,0,-0.0038042953237891197,-9.795557707548141e-05,-0.7590340375900269,-0.00018896564430565517,0.0,-0.0,-0.0,-0.0,-0.00018896564430565517,0.0,0.0,1,112.8824691772461
std005,1,KL004,ccab10940199f04759a7aee3b98da016aa5c2c4f70da11a1ab00aafd823377c1,61,305,0,0.07268215715885162,-0.0416223481297493,-0.3444788455963135,-0.00011909953108442528,0.0,-0.0,-0.0,-0.0,-0.00011909953108442528,0.0,0.0,0,
std005,1,KL005,ccab10940199f04759a7aee3b98da016aa5c2c4f70da11a1ab00aafd823377c1,61,305,0,0.1120750680565834,-0.037316665053367615,-0.47793859243392944,-0.00018409048383150674,0.0,-0.0,-0.0,-0.0,-0.00018409048383150674,0.0,0.0,0,
std005,1,KL006,ccab10940199f04759a7aee3b98da016aa5c2c4f70da11a1ab00aafd823377c1,61,305,0,0.04603944718837738,-0.02312103845179081,-1.9924540519714355,-7.542516672299796e-05,0.0,-0.0,-0.0,-0.0,-7.542516672299796e-05,0.0,0.0,2,11.206369400024414
std005,1,KL007,ccab10940199f04759a7aee3b98da016aa5c2c4f70da11a1ab00aafd823377c1,61,305,0,0.06240932643413544,-0.04102671891450882,-0.32526132464408875,-0.00010254023058708719,0.0,-0.0,-0.0,-0.0,-0.00010254023058708719,0.0,0.0,1,11.206369400024414
std005,1,KL008,ccab10940199f04759a7aee3b98da016aa5c2c4f70da11a1ab00aafd823377c1,61,305,0,0.06348985433578491,-0.06917616724967957,-0.04593250900506973,-0.0011777511125625056,0.0,-0.0,-0.0,-0.0,-0.0011777511125625056,0.0,0.0,0,
std005,1,KL009,ccab10940199f04759a7aee3b98da016aa5c2c4f70da11a1ab00aafd823377c1,61,305,0,0.046002715826034546,-0.02263874188065529,-0.8842720985412598,-7.532163559335196e-05,0.0,-0.0,-0.0,-0.0,-7.532163559335196e-05,0.0,0.0,0,
std005,1,KL0010,ccab10940199f04759a7aee3b98da016aa5c2c4f70da11a1ab00aafd823377c1,61,305,0,0.04058840125799179,-0.03296470642089844,-0.8675967454910278,-6.666375796846282e-05,0.0,-0.0,-0.0,-0.0,-6.666375796846282e-05,0.0,0.0,1,112.8824691772461
std005,1,KL001,ccab10940199f04759a7aee3b98da016aa5c2c4f70da11a1ab00aafd823377c1,62,310,0,0.1250525265932083,-0.007801753468811512,-0.36947524547576904,-0.0002049034729077693,0.0,-0.0,-0.0,-0.0,-0.0002049034729077693,0.0,0.0,1,95.38390350341797
std005,1,KL002,ccab10940199f04759a7aee3b98da016aa5c2c4f70da11a1ab00aafd823377c1,62,310,0,0.09477279335260391,0.005296738818287849,-1.102054238319397,-0.0001549374343268747,0.0,-0.0,-0.0,-0.0,-0.0001549374343268747,0.0,0.0,0,
std005,1,KL003,ccab10940199f04759a7aee3b98da016aa5c2c4f70da11a1ab00aafd823377c1,62,310,0,0.028971390798687935,-0.0037012342363595963,-0.7302570343017578,-0.00013709453199297608,0.0,-0.0,-0.0,-0.0,-0.00013709453199297608,0.0,0.0,1,107.83897399902344
std005,1,KL004,ccab10940199f04759a7aee3b98da016aa5c2c4f70da11a1ab00aafd823377c1,62,310,0,0.07352621108293533,-0.04184126853942871,-0.3332277834415436,-0.00012049064123011338,0.0,-0.0,-0.0,-0.0,-0.00012049064123011338,0.0,0.0,0,
std005,1,KL005,ccab10940199f04759a7aee3b98da016aa5c2c4f70da11a1ab00aafd823377c1,62,310,0,0.11108163744211197,-0.037116117775440216,-0.4576749801635742,-0.00018247961600881117,0.0,-0.0,-0.0,-0.0,-0.00018247961600881117,0.0,0.0,0,
std005,1,KL006,ccab10940199f04759a7aee3b98da016aa5c2c4f70da11a1ab00aafd823377c1,62,310,0,0.04554438591003418,-0.022517651319503784,-1.9880142211914062,-7.46190302292735e-05,0.0,-0.0,-0.0,-0.0,-7.46190302292735e-05,0.0,0.0,2,6.209009647369385
std005,1,KL007,ccab10940199f04759a7aee3b98da016aa5c2c4f70da11a1ab00aafd823377c1,62,310,0,0.060910239815711975,-0.04180188477039337,-0.29452818632125854,-0.00010008924221484024,0.0,-0.0,-0.0,-0.0,-0.00010008924221484024,0.0,0.0,1,6.209009647369385
std005,1,KL008,ccab10940199f04759a7aee3b98da016aa5c2c4f70da11a1ab00aafd823377c1,62,310,0,0.06264019012451172,-0.06933164596557617,-0.047948069870471954,-0.0011790227230200777,0.0,-0.0,-0.0,-0.0,-0.0011790227230200777,0.0,0.0,0,
std005,1,KL009,ccab10940199f04759a7aee3b98da016aa5c2c4f70da11a1ab00aafd823377c1,62,310,0,0.045691244304180145,-0.0222780779004097,-0.8743503093719482,-7.481589605393166e-05,0.0,-0.0,-0.0,-0.0,-7.481589605393166e-05,0.0,0.0,0,
std005,1,KL0010,ccab10940199f04759a7aee3b98da016aa5c2c4f70da11a1ab00aafd823377c1,62,310,0,0.04042855650186539,-0.03149796277284622,-0.8699110150337219,-6.640879029008715e-05,0.0,-0.0,-0.0,-0.0,-6.640879029008715e-05,0.0,0.0,1,107.83897399902344
std005,1,KL001,ccab10940199f04759a7aee3b98da016aa5c2c4f70da11a1ab00aafd823377c1,63,315,0,0.12959590554237366,0.0026659537106752396,-0.32292822003364563,-0.00021239427420888991,0.0,-0.0,-0.0,-0.0,-0.00021239427420888991,0.0,0.0,1,92.11186218261719
std005,1,KL002,ccab10940199f04759a7aee3b98da016aa5c2c4f70da11a1ab00aafd823377c1,63,315,0,0.0940679982304573,0.007054125890135765,-1.0570238828659058,-0.00015379141532491668,0.0,-0.0,-0.0,-0.0,-0.00015379141532491668,0.0,0.0,0,
std005,1,KL003,ccab10940199f04759a7aee3b98da016aa5c2c4f70da11a1ab00aafd823377c1,63,315,0,0.04653841257095337,-0.029189955443143845,-0.7185814380645752,-0.00011176930282817427,0.0,-0.0,-0.0,-0.0,-0.00011176930282817427,0.0,0.0,1,104.23165130615234
std005,1,KL004,ccab10940199f04759a7aee3b98da016aa5c2c4f70da11a1ab00aafd823377c1,63,315,0,0.0729898139834404,-0.04109354317188263,-0.3163418471813202,-0.00011961982184341073,0.0,-0.0,-0.0,-0.0,-0.00011961982184341073,0.0,0.0,0,
std005,1,KL005,ccab10940199f04759a7aee3b98da016aa5c2c4f70da11a1ab00aafd823377c1,63,315,0,0.1115487813949585,-0.03723004460334778,-0.4375915825366974,-0.00018326816396132953,0.0,-0.0,-0.0,-0.0,-0.00018326816396132953,0.0,0.0,0,
std005,1,KL006,ccab10940199f04759a7aee3b98da016aa5c2c4f70da11a1ab00aafd823377c1,63,315,0,0.04561413824558258,-0.02116544172167778,-1.983628749847412,-3.782865914699782,0.0,-3.7827911763779327,-0.0,-0.0,-7.473832184912155e-05,4.0,1.0,2,1.2131043672561646
std005,1,KL007,ccab10940199f04759a7aee3b98da016aa5c2c4f70da11a1ab00aafd823377c1,63,315,0,0.06053539365530014,-0.03059515915811062,-0.4103142321109772,-3.7828906621434593,0.0,-3.7827911763779327,-0.0,-0.0,-9.948576552654131e-05,4.0,1.0,1,1.2131043672561646
std005,1,KL008,ccab10940199f04759a7aee3b98da016aa5c2c4f70da11a1ab00aafd823377c1,63,315,0,0.06319058686494827,-0.06876213848590851,-0.04489893466234207,-0.001182414127289268,0.0,-0.0,-0.0,-0.0,-0.001182414127289268,0.0,0.0,0,
std005,1,KL009,ccab10940199f04759a7aee3b98da016aa5c2c4f70da11a1ab00aafd823377c1,63,315,0,0.04479338228702545,-0.02194945327937603,-0.8854513168334961,-7.334993357587086e-05,0.0,-0.0,-0.0,-0.0,-7.334993357587086e-05,0.0,0.0,0,
std005,1,KL0010,ccab10940199f04759a7aee3b98da016aa5c2c4f70da11a1ab00aafd823377c1,63,315,0,0.039632201194763184,-0.02925284020602703,-0.8464266657829285,-6.510831478790356e-05,0.0,-0.0,-0.0,-0.0,-6.510831478790356e-05,0.0,0.0,1,104.23165130615234
std005,1,KL001,ccab10940199f04759a7aee3b98da016aa5c2c4f70da11a1ab00aafd823377c1,64,320,0,0.12822121381759644,0.003003033809363842,-0.29819005727767944,-0.0002101581810231098,0.0,-0.0,-0.0,-0.0,-0.0002101581810231098,0.0,0.0,1,87.33934020996094
std005,1,KL002,ccab10940199f04759a7aee3b98da016aa5c2c4f70da11a1ab00aafd823377c1,64,320,0,0.09509752690792084,0.012387226335704327,-1.0217232704162598,-0.0001554808952219981,0.0,-0.0,-0.0,-0.0,-0.0001554808952219981,0.0,0.0,0,
std005,1,KL003,ccab10940199f04759a7aee3b98da016aa5c2c4f70da11a1ab00aafd823377c1,64,320,0,0.052260980010032654,-0.0127333365380764,-0.7234116792678833,-0.00010725012151558109,0.0,-0.0,-0.0,-0.0,-0.00010725012151558109,0.0,0.0,1,100.09469604492188
std005,1,KL004,ccab10940199f04759a7aee3b98da016aa5c2c4f70da11a1ab00aafd823377c1,64,320,0,0.10628534108400345,-0.04710698872804642,-0.26849740743637085,-0.00017415907836873745,0.0,-0.0,-0.0,-0.0,-0.00017415907836873745,0.0,0.0,0,
std005,1,KL005,ccab10940199f04759a7aee3b98da016aa5c2c4f70da11a1ab00aafd823377c1,64,320,0,0.10794291645288467,-0.045714445412158966,-0.44472983479499817,-0.00017736520238553356,0.0,-0.0,-0.0,-0.0,-0.00017736520238553356,0.0,0.0,0,
std005,1,KL006,ccab10940199f04759a7aee3b98da016aa5c2c4f70da11a1ab00aafd823377c1,64,320,0,0.045505814254283905,-0.018834715709090233,-1.9764927625656128,-4.7285635364299825,0.0,-4.728488970472416,-0.0,-0.0,-7.456595756671902e-05,5.0,0.0,2,0.0
std005,1,KL007,ccab10940199f04759a7aee3b98da016aa5c2c4f70da11a1ab00aafd823377c1,64,320,0,0.06210825592279434,-0.03710915893316269,-0.37106719613075256,-4.728591053928185,0.0,-4.728488970472416,-0.0,-0.0,-0.00010208345576945277,5.0,0.0,1,0.0
std005,1,KL008,ccab10940199f04759a7aee3b98da016aa5c2c4f70da11a1ab00aafd823377c1,64,320,0,0.06368406116962433,-0.06834924221038818,-0.04479525238275528,-0.0011854197063045702,0.0,-0.0,-0.0,-0.0,-0.0011854197063045702,0.0,0.0,0,
std005,1,KL009,ccab10940199f04759a7aee3b98da016aa5c2c4f70da11a1ab00aafd823377c1,64,320,0,0.04453770071268082,-0.021627910435199738,-0.8862241506576538,-7.293551146244064e-05,0.0,-0.0,-0.0,-0.0,-7.293551146244064e-05,0.0,0.0,0,
std005,1,KL0010,ccab10940199f04759a7aee3b98da016aa5c2c4f70da11a1ab00aafd823377c1,64,320,0,0.039548784494400024,-0.02710743062198162,-0.8372151851654053,-6.497908834337838e-05,0.0,-0.0,-0.0,-0.0,-6.497908834337838e-05,0.0,0.0,1,100.09469604492188
std005,1,KL001,ccab10940199f04759a7aee3b98da016aa5c2c4f70da11a1ab00aafd823377c1,65,325,0,0.12657567858695984,0.0030364450067281723,-0.28010472655296326,-0.00020747811125399902,0.0,-0.0,-0.0,-0.0,-0.00020747811125399902,0.0,0.0,1,82.19003295898438
std005,1,KL002,ccab10940199f04759a7aee3b98da016aa5c2c4f70da11a1ab00aafd823377c1,65,325,0,0.09356174618005753,0.012573405168950558,-0.9811501502990723,-0.00015297646620105512,0.0,-0.0,-0.0,-0.0,-0.00015297646620105512,0.0,0.0,0,
std005,1,KL003,ccab10940199f04759a7aee3b98da016aa5c2c4f70da11a1ab00aafd823377c1,65,325,0,0.050109535455703735,-0.012272542342543602,-0.6797722578048706,-0.00011625703314251944,0.0,-0.0,-0.0,-0.0,-0.00011625703314251944,0.0,0.0,1,95.30705261230469
std005,1,KL004,ccab10940199f04759a7aee3b98da016aa5c2c4f70da11a1ab00aafd823377c1,65,325,0,0.10353174060583115,-0.04707945138216019,-0.28693997859954834,-0.0001696932883473895,0.0,-0.0,-0.0,-0.0,-0.0001696932883473895,0.0,0.0,0,
std005,1,KL005,ccab10940199f04759a7aee3b98da016aa5c2c4f70da11a1ab00aafd823377c1,65,325,0,0.10802045464515686,-0.04581619054079056,-0.42852017283439636,-0.00017751369279837346,0.0,-0.0,-0.0,-0.0,-0.00017751369279837346,0.0,0.0,0,
std005,1,KL006,ccab10940199f04759a7aee3b98da016aa5c2c4f70da11a1ab00aafd823377c1,65,325,0,0.04496479779481888,-0.01665123552083969,-1.9632209539413452,-4.728562655113109,0.0,-4.728488970472416,-0.0,-0.0,-7.368464069301695e-05,5.0,0.0,2,0.0
std005,1,KL007,ccab10940199f04759a7aee3b98da016aa5c2c4f70da11a1ab00aafd823377c1,65,325,0,0.06037241965532303,-0.03088419698178768,-0.2574019730091095,-4.728588213923942,0.0,-4.728488970472416,-0.0,-0.0,-9.924345152612091e-05,5.0,0.0,1,0.0
std005,1,KL008,ccab10940199f04759a7aee3b98da016aa5c2c4f70da11a1ab00aafd823377c1,65,325,0,0.06449635326862335,-0.06781005859375,-0.041117049753665924,-0.0011886208085481818,0.0,-0.0,-0.0,-0.0,-0.0011886208085481818,0.0,0.0,0,
std005,1,KL009,ccab10940199f04759a7aee3b98da016aa5c2c4f70da11a1ab00aafd823377c1,65,325,0,0.0443015918135643,-0.0209438968449831,-0.8793734908103943,-7.255317570562717e-05,0.0,-0.0,-0.0,-0.0,-7.255317570562717e-05,0.0,0.0,0,
std005,1,KL0010,ccab10940199f04759a7aee3b98da016aa5c2c4f70da11a1ab00aafd823377c1,65,325,0,0.04587249457836151,-0.02816685102880001,-0.7490003108978271,-7.537799899609274e-05,0.0,-0.0,-0.0,-0.0,-7.537799899609274e-05,0.0,0.0,1,95.30705261230469
std005,1,KL001,ccab10940199f04759a7aee3b98da016aa5c2c4f70da11a1ab00aafd823377c1,66,330,0,0.12504644691944122,0.0031090364791452885,-0.25958722829818726,-0.0002049885433157028,0.0,-0.0,-0.0,-0.0,-0.0002049885433157028,0.0,0.0,1,77.02339935302734
std005,1,KL002,ccab10940199f04759a7aee3b98da016aa5c2c4f70da11a1ab00aafd823377c1,66,330,0,0.09263040870428085,0.012659967876970768,-0.9419357180595398,-0.000151460181675764,0.0,-0.0,-0.0,-0.0,-0.000151460181675764,0.0,0.0,0,
std005,1,KL003,ccab10940199f04759a7aee3b98da016aa5c2c4f70da11a1ab00aafd823377c1,66,330,0,0.06416016817092896,-0.008510621264576912,-0.6874491572380066,-9.878323493835461e-05,0.0,-0.0,-0.0,-0.0,-9.878323493835461e-05,0.0,0.0,1,90.42919921875
std005,1,KL004,ccab10940199f04759a7aee3b98da016aa5c2c4f70da11a1ab00aafd823377c1,66,330,0,0.06701786816120148,-0.02743350900709629,-0.059865452349185944,-0.00010990599682088275,0.0,-0.0,-0.0,-0.0,-0.00010990599682088275,0.0,0.0,0,
std005,1,KL005,ccab10940199f04759a7aee3b98da016aa5c2c4f70da11a1ab00aafd823377c1,66,330,0,0.10679527372121811,-0.04587399959564209,-0.4122658669948578,-0.0001755218261808713,0.0,-0.0,-0.0,-0.0,-0.0001755218261808713,0.0,0.0,0,
std005,1,KL006,ccab10940199f04759a7aee3b98da016aa5c2c4f70da11a1ab00aafd823377c1,66,330,0,0.044866882264614105,-0.014365771785378456,-1.9539154767990112,-4.728562499943372,0.0,-4.728488970472416,-0.0,-0.0,-7.352947095640161e-05,5.0,0.0,2,0.0
std005,1,KL007,ccab10940199f04759a7aee3b98da016aa5c2c4f70da11a1ab00aafd823377c1,66,330,0,0.059282854199409485,-0.03025498427450657,-0.2320813536643982,-4.728586435967259,0.0,-4.728488970472416,-0.0,-0.0,-9.746549484290767e-05,5.0,0.0,1,0.0
std005,1,KL008,ccab10940199f04759a7aee3b98da016aa5c2c4f70da11a1ab00aafd823377c1,66,330,0,0.06491769105195999,-0.06779524683952332,-0.042091019451618195,-0.0011907905179427867,0.0,-0.0,-0.0,-0.0,-0.0011907905179427867,0.0,0.0,0,
std005,1,KL009,ccab10940199f04759a7aee3b98da016aa5c2c4f70da11a1ab00aafd823377c1,66,330,0,0.060447804629802704,-0.045703060925006866,-0.9360241293907166,-9.900091084574367e-05,0.0,-0.0,-0.0,-0.0,-9.900091084574367e-05,0.0,0.0,0,
std005,1,KL0010,ccab10940199f04759a7aee3b98da016aa5c2c4f70da11a1ab00aafd823377c1,66,330,0,0.03270251303911209,-0.026224937289953232,-0.9434999227523804,-5.374409228412997e-05,0.0,-0.0,-0.0,-0.0,-5.374409228412997e-05,0.0,0.0,1,90.42919921875
std005,1,KL001,ccab10940199f04759a7aee3b98da016aa5c2c4f70da11a1ab00aafd823377c1,67,335,0,0.08892302960157394,-0.014150187373161316,-0.22783532738685608,-0.0001458411692526923,0.0,-0.0,-0.0,-0.0,-0.0001458411692526923,0.0,0.0,1,71.88592529296875
std005,1,KL002,ccab10940199f04759a7aee3b98da016aa5c2c4f70da11a1ab00aafd823377c1,67,335,0,0.10256057977676392,0.0002448912709951401,-0.9239169359207153,-0.0001677029874301322,0.0,-0.0,-0.0,-0.0,-0.0001677029874301322,0.0,0.0,0,
std005,1,KL003,ccab10940199f04759a7aee3b98da016aa5c2c4f70da11a1ab00aafd823377c1,67,335,0,0.06437167525291443,-0.010205707512795925,-0.6606826782226562,-0.00010532122373070355,0.0,-0.0,-0.0,-0.0,-0.00010532122373070355,0.0,0.0,1,85.33306121826172
std005,1,KL004,ccab10940199f04759a7aee3b98da016aa5c2c4f70da11a1ab00aafd823377c1,67,335,0,0.0691937506198883,-0.025940686464309692,-0.09280098229646683,-0.0001134314466936679,0.0,-0.0,-0.0,-0.0,-0.0001134314466936679,0.0,0.0,0,
std005,1,KL005,ccab10940199f04759a7aee3b98da016aa5c2c4f70da11a1ab00aafd823377c1,67,335,0,0.10570040345191956,-0.04549852013587952,-0.4041113257408142,-0.00017374415782028785,0.0,-0.0,-0.0,-0.0,-0.00017374415782028785,0.0,0.0,0,
std005,1,KL006,ccab10940199f04759a7aee3b98da016aa5c2c4f70da11a1ab00aafd823377c1,67,335,0,0.0460367351770401,-0.011015547439455986,-1.9564586877822876,-4.728564422689887,0.0,-4.728488970472416,-0.0,-0.0,-7.54522174712946e-05,5.0,0.0,2,0.0
std005,1,KL007,ccab10940199f04759a7aee3b98da016aa5c2c4f70da11a1ab00aafd823377c1,67,335,0,0.05858605355024338,-0.028723692521452904,-0.20993897318840027,-4.728585303676843,0.0,-4.728488970472416,-0.0,-0.0,-9.633320442681281e-05,5.0,0.0,1,0.0
std005,1,KL008,ccab10940199f04759a7aee3b98da016aa5c2c4f70da11a1ab00aafd823377c1,67,335,0,0.06568126380443573,-0.06753592193126678,-0.04530862718820572,-0.0011931083374945792,0.0,-0.0,-0.0,-0.0,-0.0011931083374945792,0.0,0.0,0,
std005,1,KL009,ccab10940199f04759a7aee3b98da016aa5c2c4f70da11a1ab00aafd823377c1,67,335,0,0.062283918261528015,-0.04582415521144867,-0.9565964937210083,-0.0001020137344971893,0.0,-0.0,-0.0,-0.0,-0.0001020137344971893,0.0,0.0,0,
std005,1,KL0010,ccab10940199f04759a7aee3b98da016aa5c2c4f70da11a1ab00aafd823377c1,67,335,0,0.030216703191399574,-0.021659163758158684,-1.0094635486602783,-4.966537838756836e-05,0.0,-0.0,-0.0,-0.0,-4.966537838756836e-05,0.0,0.0,1,85.33306121826172
std005,1,KL001,ccab10940199f04759a7aee3b98da016aa5c2c4f70da11a1ab00aafd823377c1,68,340,0,0.0903697982430458,-0.014219596982002258,-0.22692140936851501,-0.00014817136688700873,0.0,-0.0,-0.0,-0.0,-0.00014817136688700873,0.0,0.0,1,65.39154815673828
std005,1,KL002,ccab10940199f04759a7aee3b98da016aa5c2c4f70da11a1ab00aafd823377c1,68,340,0,0.10152045637369156,-0.00219963351264596,-0.8921850919723511,-0.00016600914463102927,0.0,-0.0,-0.0,-0.0,-0.00016600914463102927,0.0,0.0,0,
std005,1,KL003,ccab10940199f04759a7aee3b98da016aa5c2c4f70da11a1ab00aafd823377c1,68,340,0,0.07161740213632584,-0.024618785828351974,-0.583670973777771,-0.00010072219515179253,0.0,-0.0,-0.0,-0.0,-0.00010072219515179253,0.0,0.0,1,80.07759094238281
std005,1,KL004,ccab10940199f04759a7aee3b98da016aa5c2c4f70da11a1ab00aafd823377c1,68,340,0,0.07025110721588135,-0.025485297664999962,-0.08769918233156204,-0.000115173696844287,0.0,-0.0,-0.0,-0.0,-0.000115173696844287,0.0,0.0,0,
std005,1,KL005,ccab10940199f04759a7aee3b98da016aa5c2c4f70da11a1ab00aafd823377c1,68,340,0,0.10433172434568405,-0.04522198438644409,-0.3925928473472595,-0.00017151646959290382,0.0,-0.0,-0.0,-0.0,-0.00017151646959290382,0.0,0.0,0,
std005,1,KL006,ccab10940199f04759a7aee3b98da016aa5c2c4f70da11a1ab00aafd823377c1,68,340,0,0.04584404081106186,-0.007806767709553242,-1.9532890319824219,-4.728564112571474,0.0,-4.728488970472416,-0.0,-0.0,-7.514209905856717e-05,5.0,0.0,2,0.0
std005,1,KL007,ccab10940199f04759a7aee3b98da016aa5c2c4f70da11a1ab00aafd823377c1,68,340,0,0.05752266198396683,-0.027797341346740723,-0.18702064454555511,-4.728583568564715,0.0,-4.728488970472416,-0.0,-0.0,-9.459809229905858e-05,5.0,0.0,1,0.0
std005,1,KL008,ccab10940199f04759a7aee3b98da016aa5c2c4f70da11a1ab00aafd823377c1,68,340,0,0.06637674570083618,-0.0674046128988266,-0.04901883751153946,-0.0011948130864318615,0.0,-0.0,-0.0,-0.0,-0.0011948130864318615,0.0,0.0,0,
std005,1,KL009,ccab10940199f04759a7aee3b98da016aa5c2c4f70da11a1ab00aafd823377c1,68,340,0,0.07304082065820694,-0.032152943313121796,-0.8743503093719482,-0.00011963880504253176,0.0,-0.0,-0.0,-0.0,-0.00011963880504253176,0.0,0.0,0,
std005,1,KL0010,ccab10940199f04759a7aee3b98da016aa5c2c4f70da11a1ab00aafd823377c1,68,340,0,0.030230296775698662,-0.02144712209701538,-1.013609528541565,-4.9694337103134505e-05,0.0,-0.0,-0.0,-0.0,-4.9694337103134505e-05,0.0,0.0,1,80.07759094238281
std005,1,KL001,ccab10940199f04759a7aee3b98da016aa5c2c4f70da11a1ab00aafd823377c1,69,345,0,0.08993314951658249,-0.021819433197379112,-0.13149133324623108,-0.00014746759993661937,0.0,-0.0,-0.0,-0.0,-0.00014746759993661937,0.0,0.0,1,60.416778564453125
std005,1,KL002,ccab10940199f04759a7aee3b98da016aa5c2c4f70da11a1ab00aafd823377c1,69,345,0,0.09177529811859131,0.0006773890927433968,-0.8760740756988525,-0.00015008066217052677,0.0,-0.0,-0.0,-0.0,-0.00015008066217052677,0.0,0.0,0,
std005,1,KL003,ccab10940199f04759a7aee3b98da016aa5c2c4f70da11a1ab00aafd823377c1,69,345,0,0.07160540670156479,-0.0256169606000185,-0.5532969832420349,-0.00010907797296098835,0.0,-0.0,-0.0,-0.0,-0.00010907797296098835,0.0,0.0,1,75.2635726928711
std005,1,KL004,ccab10940199f04759a7aee3b98da016aa5c2c4f70da11a1ab00aafd823377c1,69,345,0,0.03384937345981598,-0.014804597944021225,-0.2879803478717804,-5.5550195185886695e-05,0.0,-0.0,-0.0,-0.0,-5.5550195185886695e-05,0.0,0.0,0,
std005,1,KL005,ccab10940199f04759a7aee3b98da016aa5c2c4f70da11a1ab00aafd823377c1,69,345,0,0.06057325750589371,-0.048123396933078766,-0.12686030566692352,-9.971491012917674e-05,0.0,-0.0,-0.0,-0.0,-9.971491012917674e-05,0.0,0.0,0,
std005,1,KL006,ccab10940199f04759a7aee3b98da016aa5c2c4f70da11a1ab00aafd823377c1,69,345,0,0.04625484347343445,-0.005202746484428644,-1.9471983909606934,-4.728564791799051,0.0,-4.728488970472416,-0.0,-0.0,-7.582132663497276e-05,5.0,0.0,2,0.0
std005,1,KL007,ccab10940199f04759a7aee3b98da016aa5c2c4f70da11a1ab00aafd823377c1,69,345,0,0.05666270852088928,-0.026668347418308258,-0.16484661400318146,-4.728582167897451,0.0,-4.728488970472416,-0.0,-0.0,-9.319742503510753e-05,5.0,0.0,1,0.0
std005,1,KL008,ccab10940199f04759a7aee3b98da016aa5c2c4f70da11a1ab00aafd823377c1,69,345,0,0.06733018159866333,-0.06709755957126617,-0.04872528463602066,-0.001196368969018751,0.0,-0.0,-0.0,-0.0,-0.001196368969018751,0.0,0.0,0,
std005,1,KL009,ccab10940199f04759a7aee3b98da016aa5c2c4f70da11a1ab00aafd823377c1,69,345,0,0.07329188287258148,-0.0322149321436882,-0.8807874917984009,-0.00012005727317818445,0.0,-0.0,-0.0,-0.0,-0.00012005727317818445,0.0,0.0,0,
std005,1,KL0010,ccab10940199f04759a7aee3b98da016aa5c2c4f70da11a1ab00aafd823377c1,69,345,0,0.036348871886730194,-0.05589379370212555,-1.0121876001358032,-5.975977746619024e-05,0.0,-0.0,-0.0,-0.0,-5.975977746619024e-05,0.0,0.0,1,75.2635726928711
std005,1,KL001,ccab10940199f04759a7aee3b98da016aa5c2c4f70da11a1ab00aafd823377c1,70,350,0,0.0414462685585022,-0.036540910601615906,-0.17629490792751312,-6.80950892929599e-05,0.0,-0.0,-0.0,-0.0,-6.80950892929599e-05,0.0,0.0,1,55.39380645751953
std005,1,KL002,ccab10940199f04759a7aee3b98da016aa5c2c4f70da11a1ab00aafd823377c1,70,350,0,0.0395527184009552,0.03308902680873871,-0.8233795166015625,-6.478875427644743e-05,0.0,-0.0,-0.0,-0.0,-6.478875427644743e-05,0.0,0.0,0,
std005,1,KL003,ccab10940199f04759a7aee3b98da016aa5c2c4f70da11a1ab00aafd823377c1,70,350,0,0.020456776022911072,-0.021226586773991585,-0.5588142275810242,-0.00020187963923341408,0.0,-0.0,-0.0,-0.0,-0.00020187963923341408,0.0,0.0,1,70.39777374267578
std005,1,KL004,ccab10940199f04759a7aee3b98da016aa5c2c4f70da11a1ab00aafd823377c1,70,350,0,0.08440326899290085,0.013280928134918213,-0.23798240721225739,-0.00013827934165365455,0.0,-0.0,-0.0,-0.0,-0.00013827934165365455,0.0,0.0,0,
std005,1,KL005,ccab10940199f04759a7aee3b98da016aa5c2c4f70da11a1ab00aafd823377c1,70,350,0,0.05477307736873627,-0.04560791701078415,-0.0912228599190712,-9.007162614777528e-05,0.0,-0.0,-0.0,-0.0,-9.007162614777528e-05,0.0,0.0,0,
std005,1,KL006,ccab10940199f04759a7aee3b98da016aa5c2c4f70da11a1ab00aafd823377c1,70,350,0,0.051939040422439575,-0.007297934964299202,-2.0393803119659424,-4.7285741159193,0.0,-4.728488970472416,-0.0,-0.0,-8.5145446884205e-05,5.0,0.0,3,0.0
std005,1,KL007,ccab10940199f04759a7aee3b98da016aa5c2c4f70da11a1ab00aafd823377c1,70,350,0,0.05414719879627228,-0.02379610389471054,-0.137846440076828,-4.728578043887549,0.0,-4.728488970472416,-0.0,-0.0,-8.907341513353373e-05,5.0,0.0,1,0.0
std005,1,KL008,ccab10940199f04759a7aee3b98da016aa5c2c4f70da11a1ab00aafd823377c1,70,350,0,0.03030095435678959,-0.05958952009677887,-0.0742965117096901,-0.0011353344265604107,0.0,-0.0,-0.0,-0.0,-0.0011353344265604107,0.0,0.0,0,
std005,1,KL009,ccab10940199f04759a7aee3b98da016aa5c2c4f70da11a1ab00aafd823377c1,70,350,0,0.09043941646814346,-0.033356569707393646,-1.0264567136764526,-0.00014815372975954757,0.0,-0.0,-0.0,-0.0,-0.00014815372975954757,0.0,0.0,1,177.02491760253906
std005,1,KL0010,ccab10940199f04759a7aee3b98da016aa5c2c4f70da11a1ab00aafd823377c1,70,350,0,0.06609548628330231,-0.033872105181217194,-1.0471827983856201,-0.00010864184548303678,0.0,-0.0,-0.0,-0.0,-0.00010864184548303678,0.0,0.0,1,70.39777374267578
std005,1,KL001,ccab10940199f04759a7aee3b98da016aa5c2c4f70da11a1ab00aafd823377c1,71,355,0,0.07917218655347824,-0.034170396625995636,-0.2366514652967453,-0.00012978860633870717,0.0,-0.0,-0.0,-0.0,-0.00012978860633870717,0.0,0.0,1,49.29304885864258
std005,1,KL002,ccab10940199f04759a7aee3b98da016aa5c2c4f70da11a1ab00aafd823377c1,71,355,0,0.03859269618988037,0.03641749173402786,-0.8037219643592834,-6.311829550769844e-05,0.0,-0.0,-0.0,-0.0,-6.311829550769844e-05,0.0,0.0,0,
std005,1,KL003,ccab10940199f04759a7aee3b98da016aa5c2c4f70da11a1ab00aafd823377c1,71,355,0,0.008033670485019684,-0.02206861414015293,-0.47482985258102417,-0.00022833389507272698,0.0,-0.0,-0.0,-0.0,-0.00022833389507272698,0.0,0.0,1,64.69715881347656
std005,1,KL004,ccab10940199f04759a7aee3b98da016aa5c2c4f70da11a1ab00aafd823377c1,71,355,0,0.08478999882936478,-0.010578148066997528,-0.25572746992111206,-0.00013904403905235394,0.0,-0.0,-0.0,-0.0,-0.00013904403905235394,0.0,0.0,0,
std005,1,KL005,ccab10940199f04759a7aee3b98da016aa5c2c4f70da11a1ab00aafd823377c1,71,355,0,0.0566670224070549,-0.04420959949493408,-0.08269412070512772,-9.31989457316221e-05,0.0,-0.0,-0.0,-0.0,-9.31989457316221e-05,0.0,0.0,0,
std005,1,KL006,ccab10940199f04759a7aee3b98da016aa5c2c4f70da11a1ab00aafd823377c1,71,355,0,0.04990910738706589,-0.004933995194733143,-1.9843631982803345,-4.728570794823466,0.0,-4.728488970472416,-0.0,-0.0,-8.182435105030805e-05,5.0,0.0,3,0.0
std005,1,KL007,ccab10940199f04759a7aee3b98da016aa5c2c4f70da11a1ab00aafd823377c1,71,355,0,0.059040188789367676,-0.018040383234620094,-0.0720628872513771,-4.728586107748316,0.0,-4.728488970472416,-0.0,-0.0,-9.713727590021648e-05,5.0,0.0,1,0.0
std005,1,KL008,ccab10940199f04759a7aee3b98da016aa5c2c4f70da11a1ab00aafd823377c1,71,355,0,0.06382790207862854,-0.08791054785251617,-0.1251627504825592,-0.0011927148932421936,0.0,-0.0,-0.0,-0.0,-0.0011927148932421936,0.0,0.0,0,
std005,1,KL009,ccab10940199f04759a7aee3b98da016aa5c2c4f70da11a1ab00aafd823377c1,71,355,0,0.05987013131380081,-0.008252706378698349,-1.1531249284744263,-9.81158832630223e-05,0.0,-0.0,-0.0,-0.0,-9.81158832630223e-05,0.0,0.0,1,168.91943359375
std005,1,KL0010,ccab10940199f04759a7aee3b98da016aa5c2c4f70da11a1ab00aafd823377c1,71,355,0,0.06613226979970932,-0.036549732089042664,-1.0676902532577515,-0.00010875326466583762,0.0,-0.0,-0.0,-0.0,-0.00010875326466583762,0.0,0.0,1,64.69715881347656
std005,1,KL001,ccab10940199f04759a7aee3b98da016aa5c2c4f70da11a1ab00aafd823377c1,72,360,0,0.04764606058597565,-0.030005859211087227,-0.27666959166526794,-7.81895429617569e-05,0.0,-0.0,-0.0,-0.0,-7.81895429617569e-05,0.0,0.0,1,45.07327651977539
std005,1,KL002,ccab10940199f04759a7aee3b98da016aa5c2c4f70da11a1ab00aafd823377c1,72,360,0,0.02971731126308441,0.023104682564735413,-0.8459174633026123,-4.8605072058407364e-05,0.0,-0.0,-0.0,-0.0,-4.8605072058407364e-05,0.0,0.0,0,
std005,1,KL003,ccab10940199f04759a7aee3b98da016aa5c2c4f70da11a1ab00aafd823377c1,72,360,0,0.0319686233997345,-0.05442460626363754,-0.5339815616607666,-0.00019287318774728566,0.0,-0.0,-0.0,-0.0,-0.00019287318774728566,0.0,0.0,1,59.35283660888672
std005,1,KL004,ccab10940199f04759a7aee3b98da016aa5c2c4f70da11a1ab00aafd823377c1,72,360,0,0.08543247729539871,-0.010102454572916031,-0.2539162337779999,-0.00014010975281172582,0.0,-0.0,-0.0,-0.0,-0.00014010975281172582,0.0,0.0,0,
std005,1,KL005,ccab10940199f04759a7aee3b98da016aa5c2c4f70da11a1ab00aafd823377c1,72,360,0,0.054155945777893066,-0.045125529170036316,-0.0544172003865242,-8.908174723906218e-05,0.0,-0.0,-0.0,-0.0,-8.908174723906218e-05,0.0,0.0,0,
std005,1,KL006,ccab10940199f04759a7aee3b98da016aa5c2c4f70da11a1ab00aafd823377c1,72,360,0,0.07122939079999924,0.02229110524058342,-1.8922046422958374,-4.7286057546374805,0.0,-4.728488970472416,-0.0,-0.0,-0.00011678416506466505,5.0,0.0,3,0.0
std005,1,KL007,ccab10940199f04759a7aee3b98da016aa5c2c4f70da11a1ab00aafd823377c1,72,360,0,0.05049698054790497,-0.025240592658519745,-0.05527503043413162,-4.728572065234707,0.0,-4.728488970472416,-0.0,-0.0,-8.309476229140245e-05,5.0,0.0,1,0.0
std005,1,KL008,ccab10940199f04759a7aee3b98da016aa5c2c4f70da11a1ab00aafd823377c1,72,360,0,0.06705672293901443,-0.08552168309688568,-0.1108788475394249,-0.0011965607162056494,0.0,-0.0,-0.0,-0.0,-0.0011965607162056494,0.0,0.0,0,
std005,1,KL009,ccab10940199f04759a7aee3b98da016aa5c2c4f70da11a1ab00aafd823377c1,72,360,0,0.058845944702625275,-0.0033264136873185635,-1.1352524757385254,-9.641349064763275e-05,0.0,-0.0,-0.0,-0.0,-9.641349064763275e-05,0.0,0.0,1,174.6337890625
std005,1,KL0010,ccab10940199f04759a7aee3b98da016aa5c2c4f70da11a1ab00aafd823377c1,72,360,0,0.06540770083665848,-0.03663266450166702,-1.057884693145752,-0.00010757688762017213,0.0,-0.0,-0.0,-0.0,-0.00010757688762017213,0.0,0.0,1,59.35283660888672
std005,1,KL001,ccab10940199f04759a7aee3b98da016aa5c2c4f70da11a1ab00aafd823377c1,73,365,0,0.08036740869283676,-0.026844946667551994,-0.23760883510112762,-0.00013178640596714212,0.0,-0.0,-0.0,-0.0,-0.00013178640596714212,0.0,0.0,1,39.65167236328125
std005,1,KL002,ccab10940199f04759a7aee3b98da016aa5c2c4f70da11a1ab00aafd823377c1,73,365,0,0.04288411885499954,0.03377468138933182,-0.8541933298110962,-7.014371891750528e-05,0.0,-0.0,-0.0,-0.0,-7.014371891750528e-05,0.0,0.0,1,152.36790466308594
std005,1,KL003,ccab10940199f04759a7aee3b98da016aa5c2c4f70da11a1ab00aafd823377c1,73,365,0,0.03183933347463608,-0.055078744888305664,-0.4961351752281189,-0.0001996396274862723,0.0,-0.0,-0.0,-0.0,-0.0001996396274862723,0.0,0.0,1,54.92536544799805
std005,1,KL004,ccab10940199f04759a7aee3b98da016aa5c2c4f70da11a1ab00aafd823377c1,73,365,0,0.08511408418416977,-0.010011224076151848,-0.25652316212654114,-0.00013960000759829342,0.0,-0.0,-0.0,-0.0,-0.00013960000759829342,0.0,0.0,0,
std005,1,KL005,ccab10940199f04759a7aee3b98da016aa5c2c4f70da11a1ab00aafd823377c1,73,365,0,0.05319271981716156,-0.04401689022779465,-0.04028598219156265,-8.75100668971554e-05,0.0,-0.0,-0.0,-0.0,-8.75100668971554e-05,0.0,0.0,0,
std005,1,KL006,ccab10940199f04759a7aee3b98da016aa5c2c4f70da11a1ab00aafd823377c1,73,365,0,0.09733251482248306,0.006112556904554367,-1.677351713180542,-4.728648550401006,0.0,-4.728488970472416,-0.0,-0.0,-0.00015957992859050307,5.0,0.0,2,0.0
std005,1,KL007,ccab10940199f04759a7aee3b98da016aa5c2c4f70da11a1ab00aafd823377c1,73,365,0,0.04749889671802521,-0.033823318779468536,-0.13071636855602264,-4.72856714423841,0.0,-4.728488970472416,-0.0,-0.0,-7.817376599383863e-05,5.0,0.0,1,0.0
std005,1,KL008,ccab10940199f04759a7aee3b98da016aa5c2c4f70da11a1ab00aafd823377c1,73,365,0,0.05493806302547455,-0.07534213364124298,-0.09978172928094864,-0.0011737081719104397,0.0,-0.0,-0.0,-0.0,-0.0011737081719104397,0.0,0.0,0,
std005,1,KL009,ccab10940199f04759a7aee3b98da016aa5c2c4f70da11a1ab00aafd823377c1,73,365,0,0.061320021748542786,0.004340603947639465,-0.9183416962623596,-0.00010047417170586394,0.0,-0.0,-0.0,-0.0,-0.00010047417170586394,0.0,0.0,0,
std005,1,KL0010,ccab10940199f04759a7aee3b98da016aa5c2c4f70da11a1ab00aafd823377c1,73,365,0,0.0808015987277031,-0.036221943795681,-1.2494759559631348,-0.00013291290813205868,0.0,-0.0,-0.0,-0.0,-0.00013291290813205868,0.0,0.0,2,54.92536544799805
std005,1,KL001,ccab10940199f04759a7aee3b98da016aa5c2c4f70da11a1ab00aafd823377c1,74,370,0,0.07959993183612823,-0.0261421836912632,-0.19142954051494598,-0.00013058029918896767,0.0,-0.0,-0.0,-0.0,-0.00013058029918896767,0.0,0.0,1,35.5595703125
std005,1,KL002,ccab10940199f04759a7aee3b98da016aa5c2c4f70da11a1ab00aafd823377c1,74,370,0,0.0396713986992836,0.026772785931825638,-0.7867347002029419,-6.489210556886874e-05,0.0,-0.0,-0.0,-0.0,-6.489210556886874e-05,0.0,0.0,0,
std005,1,KL003,ccab10940199f04759a7aee3b98da016aa5c2c4f70da11a1ab00aafd823377c1,74,370,0,0.042272135615348816,-0.055878132581710815,-0.5639625787734985,-0.00018955804089329238,0.0,-0.0,-0.0,-0.0,-0.00018955804089329238,0.0,0.0,1,50.37129592895508
std005,1,KL004,ccab10940199f04759a7aee3b98da016aa5c2c4f70da11a1ab00aafd823377c1,74,370,0,0.08643460273742676,-0.009087729267776012,-0.252616822719574,-0.00014177855642526669,0.0,-0.0,-0.0,-0.0,-0.00014177855642526669,0.0,0.0,0,
std005,1,KL005,ccab10940199f04759a7aee3b98da016aa5c2c4f70da11a1ab00aafd823377c1,74,370,0,0.051948703825473785,-0.04354703426361084,-0.020797111093997955,-8.547625862455515e-05,0.0,-0.0,-0.0,-0.0,-8.547625862455515e-05,0.0,0.0,0,
std005,1,KL006,ccab10940199f04759a7aee3b98da016aa5c2c4f70da11a1ab00aafd823377c1,74,370,0,0.09798804670572281,0.006796091794967651,-1.6266411542892456,-4.7286496562331,0.0,-4.728488970472416,-0.0,-0.0,-0.00016068576068395402,5.0,0.0,2,0.0
std005,1,KL007,ccab10940199f04759a7aee3b98da016aa5c2c4f70da11a1ab00aafd823377c1,74,370,0,0.04861270636320114,-0.03159140795469284,-0.09301663190126419,-4.728568990351544,0.0,-4.728488970472416,-0.0,-0.0,-8.001987912820141e-05,5.0,0.0,1,0.0
std005,1,KL008,ccab10940199f04759a7aee3b98da016aa5c2c4f70da11a1ab00aafd823377c1,74,370,0,0.0192974004894495,-0.056242965161800385,0.016688726842403412,-0.0011133810894549856,0.0,-0.0,-0.0,-0.0,-0.0011133810894549856,0.0,0.0,0,
std005,1,KL009,ccab10940199f04759a7aee3b98da016aa5c2c4f70da11a1ab00aafd823377c1,74,370,0,0.06123768538236618,0.006042622961103916,-0.9167952537536621,-0.00010034666481835199,0.0,-0.0,-0.0,-0.0,-0.00010034666481835199,0.0,0.0,0,
std005,1,KL0010,ccab10940199f04759a7aee3b98da016aa5c2c4f70da11a1ab00aafd823377c1,74,370,0,0.06425660103559494,-0.03484361618757248,-1.0276458263397217,-0.00010571453917224366,0.0,-0.0,-0.0,-0.0,-0.00010571453917224366,0.0,0.0,1,50.37129592895508
std005,1,KL001,ccab10940199f04759a7aee3b98da016aa5c2c4f70da11a1ab00aafd823377c1,75,375,0,0.060413509607315063,-0.02758370153605938,-0.16754858195781708,-9.911833078868574e-05,0.0,-0.0,-0.0,-0.0,-9.911833078868574e-05,0.0,0.0,1,30.534393310546875
std005,1,KL002,ccab10940199f04759a7aee3b98da016aa5c2c4f70da11a1ab00aafd823377c1,75,375,0,0.04052995145320892,0.029196234419941902,-0.7698142528533936,-6.629984178701714e-05,0.0,-0.0,-0.0,-0.0,-6.629984178701714e-05,0.0,0.0,1,145.565185546875
std005,1,KL003,ccab10940199f04759a7aee3b98da016aa5c2c4f70da11a1ab00aafd823377c1,75,375,0,0.0419895276427269,-0.05856306850910187,-0.5345873832702637,-0.0001990024567113808,0.0,-0.0,-0.0,-0.0,-0.0001990024567113808,0.0,0.0,1,45.10795974731445
std005,1,KL004,ccab10940199f04759a7aee3b98da016aa5c2c4f70da11a1ab00aafd823377c1,75,375,0,0.08616258203983307,-0.007757990621030331,-0.25253063440322876,-0.00014134549401258653,0.0,-0.0,-0.0,-0.0,-0.00014134549401258653,0.0,0.0,0,
std005,1,KL005,ccab10940199f04759a7aee3b98da016aa5c2c4f70da11a1ab00aafd823377c1,75,375,0,0.05424043536186218,-0.04193272441625595,-0.01798943430185318,-8.92606315654732e-05,0.0,-0.0,-0.0,-0.0,-8.92606315654732e-05,0.0,0.0,0,
std005,1,KL006,ccab10940199f04759a7aee3b98da016aa5c2c4f70da11a1ab00aafd823377c1,75,375,0,0.0975281372666359,0.008266780525445938,-1.5890913009643555,-2.8372533280990875,0.0,-2.8370933822834496,-0.0,-0.0,-0.00015994581563782972,3.0,0.0,2,0.0
std005,1,KL007,ccab10940199f04759a7aee3b98da016aa5c2c4f70da11a1ab00aafd823377c1,75,375,0,0.05361315608024597,-0.027415549382567406,-0.04381973296403885,-2.8371816478887175,0.0,-2.8370933822834496,-0.0,-0.0,-8.826560526786764e-05,3.0,0.0,1,0.0
std005,1,KL008,ccab10940199f04759a7aee3b98da016aa5c2c4f70da11a1ab00aafd823377c1,75,375,0,0.014871984720230103,-0.059155769646167755,0.0057921027764678,-0.0011086486047254109,0.0,-0.0,-0.0,-0.0,-0.0011086486047254109,0.0,0.0,0,
std005,1,KL009,ccab10940199f04759a7aee3b98da016aa5c2c4f70da11a1ab00aafd823377c1,75,375,0,0.061878032982349396,0.006730398163199425,-0.9189196825027466,-0.00010140356604546386,0.0,-0.0,-0.0,-0.0,-0.00010140356604546386,0.0,0.0,0,
std005,1,KL0010,ccab10940199f04759a7aee3b98da016aa5c2c4f70da11a1ab00aafd823377c1,75,375,0,0.08056168258190155,-0.033294230699539185,-1.2290351390838623,-0.00013255792273807632,0.0,-0.0,-0.0,-0.0,-0.00013255792273807632,0.0,0.0,2,45.10795974731445
std005,1,KL001,ccab10940199f04759a7aee3b98da016aa5c2c4f70da11a1ab00aafd823377c1,76,380,0,0.05950814485549927,-0.027161497622728348,-0.15073995292186737,-9.76395914954729e-05,0.0,-0.0,-0.0,-0.0,-9.76395914954729e-05,0.0,0.0,1,25.221446990966797
std005,1,KL002,ccab10940199f04759a7aee3b98da016aa5c2c4f70da11a1ab00aafd823377c1,76,380,0,0.03538203239440918,0.006944810040295124,-0.7098142504692078,-5.788163086308409e-05,0.0,-0.0,-0.0,-0.0,-5.788163086308409e-05,0.0,0.0,0,
std005,1,KL003,ccab10940199f04759a7aee3b98da016aa5c2c4f70da11a1ab00aafd823377c1,76,380,0,0.0401596799492836,-0.059212639927864075,-0.5131741762161255,-0.00021174423281252258,0.0,-0.0,-0.0,-0.0,-0.00021174423281252258,0.0,0.0,1,40.463653564453125
std005,1,KL004,ccab10940199f04759a7aee3b98da016aa5c2c4f70da11a1ab00aafd823377c1,76,380,0,0.08655238896608353,-0.007846564054489136,-0.253671258687973,-0.00014199834277552485,0.0,-0.0,-0.0,-0.0,-0.00014199834277552485,0.0,0.0,0,
std005,1,KL005,ccab10940199f04759a7aee3b98da016aa5c2c4f70da11a1ab00aafd823377c1,76,380,0,0.054388441145420074,-0.04063449800014496,-0.006240048445761204,-8.951825877278188e-05,0.0,-0.0,-0.0,-0.0,-8.951825877278188e-05,0.0,0.0,0,
std005,1,KL006,ccab10940199f04759a7aee3b98da016aa5c2c4f70da11a1ab00aafd823377c1,76,380,0,0.10438276827335358,0.01887558214366436,-1.1769877672195435,-0.00017120234698841114,0.0,-0.0,-0.0,-0.0,-0.00017120234698841114,0.0,0.0,1,25.221446990966797
std005,1,KL007,ccab10940199f04759a7aee3b98da016aa5c2c4f70da11a1ab00aafd823377c1,76,380,0,0.06117744743824005,-0.03124307096004486,0.2528518736362457,-0.00010073584175096153,0.0,-0.0,-0.0,-0.0,-0.00010073584175096153,0.0,0.0,0,
std005,1,KL008,ccab10940199f04759a7aee3b98da016aa5c2c4f70da11a1ab00aafd823377c1,76,380,0,0.014153596945106983,-0.06012655049562454,0.0004204728174954653,-0.0011111565222582452,0.0,-0.0,-0.0,-0.0,-0.0011111565222582452,0.0,0.0,0,
std005,1,KL009,ccab10940199f04759a7aee3b98da016aa5c2c4f70da11a1ab00aafd823377c1,76,380,0,0.06308507174253464,0.007545039057731628,-0.9154170155525208,-0.00010338949141983947,0.0,-0.0,-0.0,-0.0,-0.00010338949141983947,0.0,0.0,0,
std005,1,KL0010,ccab10940199f04759a7aee3b98da016aa5c2c4f70da11a1ab00aafd823377c1,76,380,0,0.06335832178592682,-0.03299473226070404,-1.015965461730957,-0.00010426880056695775,0.0,-0.0,-0.0,-0.0,-0.00010426880056695775,0.0,0.0,1,40.463653564453125
std005,1,KL001,ccab10940199f04759a7aee3b98da016aa5c2c4f70da11a1ab00aafd823377c1,77,385,0,0.059128306806087494,-0.02641940675675869,-0.1283768266439438,-9.702560416179649e-05,0.0,-0.0,-0.0,-0.0,-9.702560416179649e-05,0.0,0.0,1,20.25235939025879
std005,1,KL002,ccab10940199f04759a7aee3b98da016aa5c2c4f70da11a1ab00aafd823377c1,77,385,0,0.05085942894220352,0.02983991988003254,-0.6438817977905273,-8.320514848365494e-05,0.0,-0.0,-0.0,-0.0,-8.320514848365494e-05,0.0,0.0,1,132.19190979003906
std005,1,KL003,ccab10940199f04759a7aee3b98da016aa5c2c4f70da11a1ab00aafd823377c1,77,385,0,0.03956187516450882,-0.060229189693927765,-0.4991852343082428,-0.00022310229992521632,0.0,-0.0,-0.0,-0.0,-0.00022310229992521632,0.0,0.0,1,34.99777603149414
std005,1,KL004,ccab10940199f04759a7aee3b98da016aa5c2c4f70da11a1ab00aafd823377c1,77,385,0,0.039550624787807465,0.01695716753602028,-0.5169543623924255,-6.500733742510267e-05,0.0,-0.0,-0.0,-0.0,-6.500733742510267e-05,0.0,0.0,0,
std005,1,KL005,ccab10940199f04759a7aee3b98da016aa5c2c4f70da11a1ab00aafd823377c1,77,385,0,0.04687832295894623,-0.04416252672672272,-0.025082118809223175,-7.716997177895332e-05,0.0,-0.0,-0.0,-0.0,-7.716997177895332e-05,0.0,0.0,0,
std005,1,KL006,ccab10940199f04759a7aee3b98da016aa5c2c4f70da11a1ab00aafd823377c1,77,385,0,0.10403446108102798,0.02049971930682659,-1.1469264030456543,-0.00017064726547398495,0.0,-0.0,-0.0,-0.0,-0.00017064726547398495,0.0,0.0,1,20.25235939025879
std005,1,KL007,ccab10940199f04759a7aee3b98da016aa5c2c4f70da11a1ab00aafd823377c1,77,385,0,0.05874437093734741,-0.03147295117378235,0.2703261077404022,-9.674665923994753e-05,0.0,-0.0,-0.0,-0.0,-9.674665923994753e-05,0.0,0.0,0,
std005,1,KL008,ccab10940199f04759a7aee3b98da016aa5c2c4f70da11a1ab00aafd823377c1,77,385,0,0.013295317068696022,-0.06011315435171127,-0.0012979886960238218,-0.00111300821812845,0.0,-0.0,-0.0,-0.0,-0.00111300821812845,0.0,0.0,0,
std005,1,KL009,ccab10940199f04759a7aee3b98da016aa5c2c4f70da11a1ab00aafd823377c1,77,385,0,0.06824809312820435,-0.008292630314826965,-0.8778634071350098,-0.00011185918273643465,0.0,-0.0,-0.0,-0.0,-0.00011185918273643465,0.0,0.0,0,
std005,1,KL0010,ccab10940199f04759a7aee3b98da016aa5c2c4f70da11a1ab00aafd823377c1,77,385,0,0.08533599972724915,0.014489850960671902,-0.9882971048355103,-0.00014045553110263585,0.0,-0.0,-0.0,-0.0,-0.00014045553110263585,0.0,0.0,2,34.99777603149414
std005,1,KL001,ccab10940199f04759a7aee3b98da016aa5c2c4f70da11a1ab00aafd823377c1,78,390,0,0.1016913577914238,-0.01480218768119812,-0.23126311600208282,-0.00016679441149069544,0.0,-0.0,-0.0,-0.0,-0.00016679441149069544,0.0,0.0,1,15.234481811523438
std005,1,KL002,ccab10940199f04759a7aee3b98da016aa5c2c4f70da11a1ab00aafd823377c1,78,390,0,0.04753943532705307,0.02240106649696827,-0.6129732131958008,-7.77778288386075e-05,0.0,-0.0,-0.0,-0.0,-7.77778288386075e-05,0.0,0.0,0,
std005,1,KL003,ccab10940199f04759a7aee3b98da016aa5c2c4f70da11a1ab00aafd823377c1,78,390,0,0.0367196649312973,-0.06052017956972122,-0.4916192591190338,-0.00023915645518762972,0.0,-0.0,-0.0,-0.0,-0.00023915645518762972,0.0,0.0,1,30.34508514404297
std005,1,KL004,ccab10940199f04759a7aee3b98da016aa5c2c4f70da11a1ab00aafd823377c1,78,390,0,0.05668829381465912,0.015507712960243225,-0.5697023272514343,-9.302419669156613e-05,0.0,-0.0,-0.0,-0.0,-9.302419669156613e-05,0.0,0.0,1,177.2608642578125
std005,1,KL005,ccab10940199f04759a7aee3b98da016aa5c2c4f70da11a1ab00aafd823377c1,78,390,0,0.08108635991811752,-0.03849698603153229,-0.266103059053421,-0.0001334426384795302,0.0,-0.0,-0.0,-0.0,-0.0001334426384795302,0.0,0.0,0,
std005,1,KL006,ccab10940199f04759a7aee3b98da016aa5c2c4f70da11a1ab00aafd823377c1,78,390,0,0.0878622755408287,0.006952331401407719,-1.3920013904571533,-0.0001441353837938399,0.0,-0.0,-0.0,-0.0,-0.0001441353837938399,0.0,0.0,3,15.234481811523438
std005,1,KL007,ccab10940199f04759a7aee3b98da016aa5c2c4f70da11a1ab00aafd823377c1,78,390,0,0.09267088025808334,-0.028384169563651085,-0.012539663352072239,-0.00015258372784252567,0.0,-0.0,-0.0,-0.0,-0.00015258372784252567,0.0,0.0,0,
std005,1,KL008,ccab10940199f04759a7aee3b98da016aa5c2c4f70da11a1ab00aafd823377c1,78,390,0,0.014898613095283508,-0.06015770137310028,-0.005140014924108982,-0.001118314296754548,0.0,-0.0,-0.0,-0.0,-0.001118314296754548,0.0,0.0,0,
std005,1,KL009,ccab10940199f04759a7aee3b98da016aa5c2c4f70da11a1ab00aafd823377c1,78,390,0,0.06632537394762039,-0.013027440756559372,-1.0756655931472778,-0.00010871607001707805,0.0,-0.0,-0.0,-0.0,-0.00010871607001707805,0.0,0.0,1,174.61753845214844
std005,1,KL0010,ccab10940199f04759a7aee3b98da016aa5c2c4f70da11a1ab00aafd823377c1,78,390,0,0.0942966490983963,0.015443099662661552,-0.7385556697845459,-0.0001552346178901165,0.0,-0.0,-0.0,-0.0,-0.0001552346178901165,0.0,0.0,1,30.34508514404297
std005,1,KL001,ccab10940199f04759a7aee3b98da016aa5c2c4f70da11a1ab00aafd823377c1,79,395,0,0.09807393699884415,-0.01804066263139248,-0.19258172810077667,-0.00016096084343293675,0.0,-0.0,-0.0,-0.0,-0.00016096084343293675,0.0,0.0,1,10.46654987335205
std005,1,KL002,ccab10940199f04759a7aee3b98da016aa5c2c4f70da11a1ab00aafd823377c1,79,395,0,0.046868033707141876,0.021426692605018616,-0.5722530484199524,-7.6683429443486e-05,0.0,-0.0,-0.0,-0.0,-7.6683429443486e-05,0.0,0.0,0,
std005,1,KL003,ccab10940199f04759a7aee3b98da016aa5c2c4f70da11a1ab00aafd823377c1,79,395,0,0.009737279266119003,-0.053577639162540436,-0.5609281063079834,-0.0002956632468884818,0.0,-0.0,-0.0,-0.0,-0.0002956632468884818,0.0,0.0,1,25.396991729736328
std005,1,KL004,ccab10940199f04759a7aee3b98da016aa5c2c4f70da11a1ab00aafd823377c1,79,395,0,0.06545272469520569,0.02031858079135418,-0.6470943093299866,-0.00010741752503662983,0.0,-0.0,-0.0,-0.0,-0.00010741752503662983,0.0,0.0,2,174.26976013183594
std005,1,KL005,ccab10940199f04759a7aee3b98da016aa5c2c4f70da11a1ab00aafd823377c1,79,395,0,0.08855410665273666,-0.032967761158943176,-0.40178224444389343,-0.00014582039149175927,0.0,-0.0,-0.0,-0.0,-0.00014582039149175927,0.0,0.0,1,176.50938415527344
std005,1,KL006,ccab10940199f04759a7aee3b98da016aa5c2c4f70da11a1ab00aafd823377c1,79,395,0,0.09241238981485367,0.01386493444442749,-1.5130300521850586,-0.00015161396981986074,0.0,-0.0,-0.0,-0.0,-0.00015161396981986074,0.0,0.0,3,10.46654987335205
std005,1,KL007,ccab10940199f04759a7aee3b98da016aa5c2c4f70da11a1ab00aafd823377c1,79,395,0,0.09398787468671799,-0.027241451665759087,-0.14869095385074615,-0.00015484160743944203,0.0,-0.0,-0.0,-0.0,-0.00015484160743944203,0.0,0.0,1,176.50938415527344
std005,1,KL008,ccab10940199f04759a7aee3b98da016aa5c2c4f70da11a1ab00aafd823377c1,79,395,0,0.012647228315472603,-0.06348257511854172,-0.013494887389242649,-0.0011155872374791502,0.0,-0.0,-0.0,-0.0,-0.0011155872374791502,0.0,0.0,0,
std005,1,KL009,ccab10940199f04759a7aee3b98da016aa5c2c4f70da11a1ab00aafd823377c1,79,395,0,0.06260735541582108,-0.00860287994146347,-1.1310675144195557,-0.00010262984740063211,0.0,-0.0,-0.0,-0.0,-0.00010262984740063211,0.0,0.0,2,160.1468048095703
std005,1,KL0010,ccab10940199f04759a7aee3b98da016aa5c2c4f70da11a1ab00aafd823377c1,79,395,0,0.09700792282819748,0.01941031403839588,-0.7375956773757935,-0.00015972702144073867,0.0,-0.0,-0.0,-0.0,-0.00015972702144073867,0.0,0.0,1,25.396991729736328
std005,1,KL001,ccab10940199f04759a7aee3b98da016aa5c2c4f70da11a1ab00aafd823377c1,80,400,0,0.09761930257081985,-0.017480799928307533,-0.18202273547649384,-0.00016023108906793946,0.0,-0.0,-0.0,-0.0,-0.00016023108906793946,0.0,0.0,1,5.452402114868164
std005,1,KL002,ccab10940199f04759a7aee3b98da016aa5c2c4f70da11a1ab00aafd823377c1,80,400,0,0.03780163824558258,0.008283048868179321,-0.5753264427185059,-6.185272720299909e-05,0.0,-0.0,-0.0,-0.0,-6.185272720299909e-05,0.0,0.0,0,
std005,1,KL003,ccab10940199f04759a7aee3b98da016aa5c2c4f70da11a1ab00aafd823377c1,80,400,0,0.007607855834066868,-0.06948557496070862,-0.5180906057357788,-0.0003067032808448747,0.0,-0.0,-0.0,-0.0,-0.0003067032808448747,0.0,0.0,1,20.119216918945312
std005,1,KL004,ccab10940199f04759a7aee3b98da016aa5c2c4f70da11a1ab00aafd823377c1,80,400,0,0.0638813003897667,0.02082742750644684,-0.6435613632202148,-0.00010485027266054486,0.0,-0.0,-0.0,-0.0,-0.00010485027266054486,0.0,0.0,2,174.6326904296875
std005,1,KL005,ccab10940199f04759a7aee3b98da016aa5c2c4f70da11a1ab00aafd823377c1,80,400,0,0.08878263086080551,-0.032552167773246765,-0.1878693848848343,-0.00014622232826641662,0.0,-0.0,-0.0,-0.0,-0.00014622232826641662,0.0,0.0,0,
std005,1,KL006,ccab10940199f04759a7aee3b98da016aa5c2c4f70da11a1ab00aafd823377c1,80,400,0,0.09474968910217285,0.014568503014743328,-1.487112283706665,-0.0001554637848265493,0.0,-0.0,-0.0,-0.0,-0.0001554637848265493,0.0,0.0,3,5.452402114868164
std005,1,KL007,ccab10940199f04759a7aee3b98da016aa5c2c4f70da11a1ab00aafd823377c1,80,400,0,0.09162948280572891,-0.030540654435753822,0.024316899478435516,-0.00015098520617635815,0.0,-0.0,-0.0,-0.0,-0.00015098520617635815,0.0,0.0,0,
std005,1,KL008,ccab10940199f04759a7aee3b98da016aa5c2c4f70da11a1ab00aafd823377c1,80,400,0,0.012081092223525047,-0.06419266015291214,-0.012152531184256077,-0.0011146398202250246,0.0,-0.0,-0.0,-0.0,-0.0011146398202250246,0.0,0.0,0,
std005,1,KL009,ccab10940199f04759a7aee3b98da016aa5c2c4f70da11a1ab00aafd823377c1,80,400,0,0.10668822377920151,-0.015258969739079475,-0.9351931810379028,-0.00017481847349761143,0.0,-0.0,-0.0,-0.0,-0.00017481847349761143,0.0,0.0,2,159.2511444091797
std005,1,KL0010,ccab10940199f04759a7aee3b98da016aa5c2c4f70da11a1ab00aafd823377c1,80,400,0,0.09762976318597794,0.011995753273367882,-0.8496494293212891,-0.00016078089058814616,0.0,-0.0,-0.0,-0.0,-0.00016078089058814616,0.0,0.0,1,20.119216918945312
std005,1,KL001,ccab10940199f04759a7aee3b98da016aa5c2c4f70da11a1ab00aafd823377c1,81,405,0,0.10110287368297577,-0.028654415160417557,-0.2751629054546356,-4.728654935773405,0.0,-4.728488970472416,-0.0,-0.0,-0.0001659653009893347,5.0,1.0,1,0.45016640424728394
std005,1,KL002,ccab10940199f04759a7aee3b98da016aa5c2c4f70da11a1ab00aafd823377c1,81,405,0,-0.009423218667507172,0.001093979924917221,-0.6038635969161987,-1.53311216925126e-05,0.0,-0.0,-0.0,-0.0,-1.53311216925126e-05,0.0,0.0,0,
std005,1,KL003,ccab10940199f04759a7aee3b98da016aa5c2c4f70da11a1ab00aafd823377c1,81,405,0,0.006460836157202721,-0.0695018395781517,-0.5042362809181213,-0.0003154598389766193,0.0,-0.0,-0.0,-0.0,-0.0003154598389766193,0.0,0.0,1,15.097759246826172
std005,1,KL004,ccab10940199f04759a7aee3b98da016aa5c2c4f70da11a1ab00aafd823377c1,81,405,0,0.06308319419622421,0.0211915522813797,-0.6309188604354858,-0.00010355205843901793,0.0,-0.0,-0.0,-0.0,-0.00010355205843901793,0.0,0.0,2,169.28961181640625
std005,1,KL005,ccab10940199f04759a7aee3b98da016aa5c2c4f70da11a1ab00aafd823377c1,81,405,0,0.08759818226099014,-0.030922137200832367,-0.16260121762752533,-0.00014429782129499321,0.0,-0.0,-0.0,-0.0,-0.00014429782129499321,0.0,0.0,0,
std005,1,KL006,ccab10940199f04759a7aee3b98da016aa5c2c4f70da11a1ab00aafd823377c1,81,405,0,0.09478170424699783,0.016324933618307114,-1.4651873111724854,-4.728644502585767,0.0,-4.728488970472416,-0.0,-0.0,-0.00015553211335106454,5.0,1.0,3,0.45016640424728394
std005,1,KL007,ccab10940199f04759a7aee3b98da016aa5c2c4f70da11a1ab00aafd823377c1,81,405,0,0.09143093973398209,-0.030390268191695213,0.04391755908727646,-0.00015068743930374243,0.0,-0.0,-0.0,-0.0,-0.00015068743930374243,0.0,0.0,0,
std005,1,KL008,ccab10940199f04759a7aee3b98da016aa5c2c4f70da11a1ab00aafd823377c1,81,405,0,0.01110666710883379,-0.06389157474040985,-0.011416771449148655,-0.0011100497799512285,0.0,-0.0,-0.0,-0.0,-0.0011100497799512285,0.0,0.0,0,
std005,1,KL009,ccab10940199f04759a7aee3b98da016aa5c2c4f70da11a1ab00aafd823377c1,81,405,0,0.10666842013597488,-0.01464596763253212,-0.959098219871521,-0.00017487957225795152,0.0,-0.0,-0.0,-0.0,-0.00017487957225795152,0.0,0.0,2,139.60623168945312
std005,1,KL0010,ccab10940199f04759a7aee3b98da016aa5c2c4f70da11a1ab00aafd823377c1,81,405,0,0.0966617688536644,0.01305658183991909,-0.882997453212738,-0.00015921762777972658,0.0,-0.0,-0.0,-0.0,-0.00015921762777972658,0.0,0.0,1,15.097759246826172
std005,1,KL001,ccab10940199f04759a7aee3b98da016aa5c2c4f70da11a1ab00aafd823377c1,82,410,0,0.10434945672750473,-0.03149319440126419,-0.24758051335811615,-4.728660282280749,0.0,-4.728488970472416,-0.0,-0.0,-0.00017131180833285242,5.0,0.0,1,0.0
std005,1,KL002,ccab10940199f04759a7aee3b98da016aa5c2c4f70da11a1ab00aafd823377c1,82,410,0,0.0035039540380239487,0.0036219973117113113,-0.5489839315414429,-5.73408268768198e-06,0.0,-0.0,-0.0,-0.0,-5.73408268768198e-06,0.0,0.0,1,105.47669219970703
std005,1,KL003,ccab10940199f04759a7aee3b98da016aa5c2c4f70da11a1ab00aafd823377c1,82,410,0,0.027653245255351067,-0.0597430020570755,-0.6620641946792603,-0.0002877646594280008,0.0,-0.0,-0.0,-0.0,-0.0002877646594280008,0.0,0.0,1,10.076505661010742
std005,1,KL004,ccab10940199f04759a7aee3b98da016aa5c2c4f70da11a1ab00aafd823377c1,82,410,0,0.06108684837818146,0.020859314128756523,-0.6297888159751892,-0.0001002867194900196,0.0,-0.0,-0.0,-0.0,-0.0001002867194900196,0.0,0.0,2,162.83717346191406
std005,1,KL005,ccab10940199f04759a7aee3b98da016aa5c2c4f70da11a1ab00aafd823377c1,82,410,0,0.08414310961961746,-0.03680898994207382,-0.22312813997268677,-0.00013863235015864955,0.0,-0.0,-0.0,-0.0,-0.00013863235015864955,0.0,0.0,0,
std005,1,KL006,ccab10940199f04759a7aee3b98da016aa5c2c4f70da11a1ab00aafd823377c1,82,410,0,0.11089799553155899,0.03566624969244003,-1.4669430255889893,-4.728670965792783,0.0,-4.728488970472416,-0.0,-0.0,-0.00018199532036700106,5.0,0.0,3,0.0
std005,1,KL007,ccab10940199f04759a7aee3b98da016aa5c2c4f70da11a1ab00aafd823377c1,82,410,0,0.05358272045850754,-0.03564978390932083,0.021389208734035492,-8.842252886786241e-05,0.0,-0.0,-0.0,-0.0,-8.842252886786241e-05,0.0,0.0,0,
std005,1,KL008,ccab10940199f04759a7aee3b98da016aa5c2c4f70da11a1ab00aafd823377c1,82,410,0,0.011233147233724594,-0.0638505071401596,-0.010806390084326267,-0.001100272832266132,0.0,-0.0,-0.0,-0.0,-0.001100272832266132,0.0,0.0,0,
std005,1,KL009,ccab10940199f04759a7aee3b98da016aa5c2c4f70da11a1ab00aafd823377c1,82,410,0,0.0996849462389946,-0.014048954471945763,-1.0161608457565308,-0.00016344421695024187,0.0,-0.0,-0.0,-0.0,-0.00016344421695024187,0.0,0.0,2,134.619384765625
std005,1,KL0010,ccab10940199f04759a7aee3b98da016aa5c2c4f70da11a1ab00aafd823377c1,82,410,0,0.09610854834318161,0.021092861890792847,-1.1296017169952393,-0.00015833827662139064,0.0,-0.0,-0.0,-0.0,-0.00015833827662139064,0.0,0.0,2,10.076505661010742
std005,1,KL001,ccab10940199f04759a7aee3b98da016aa5c2c4f70da11a1ab00aafd823377c1,83,415,0,0.10342463105916977,-0.03104165755212307,-0.2250574380159378,-4.728658781890691,0.0,-4.728488970472416,-0.0,-0.0,-0.00016981141827532298,5.0,0.0,1,0.0
std005,1,KL002,ccab10940199f04759a7aee3b98da016aa5c2c4f70da11a1ab00aafd823377c1,83,415,0,-0.0053361933678388596,0.0047394270077347755,-0.5335448384284973,-8.732540650054674e-06,0.0,-0.0,-0.0,-0.0,-8.732540650054674e-06,0.0,0.0,1,102.52732849121094
std005,1,KL003,ccab10940199f04759a7aee3b98da016aa5c2c4f70da11a1ab00aafd823377c1,83,415,0,0.025859957560896873,-0.06060613691806793,-0.6385442018508911,-0.00031068362492672936,0.0,-0.0,-0.0,-0.0,-0.00031068362492672936,0.0,0.0,1,5.140655517578125
std005,1,KL004,ccab10940199f04759a7aee3b98da016aa5c2c4f70da11a1ab00aafd823377c1,83,415,0,0.04581713676452637,0.02130317874252796,-0.6066430807113647,-7.522781784662165e-05,0.0,-0.0,-0.0,-0.0,-7.522781784662165e-05,0.0,0.0,1,162.1326904296875
std005,1,KL005,ccab10940199f04759a7aee3b98da016aa5c2c4f70da11a1ab00aafd823377c1,83,415,0,0.08114676922559738,-0.03554047644138336,-0.1906677931547165,-0.00013372138770144877,0.0,-0.0,-0.0,-0.0,-0.00013372138770144877,0.0,0.0,0,
std005,1,KL006,ccab10940199f04759a7aee3b98da016aa5c2c4f70da11a1ab00aafd823377c1,83,415,0,0.08521903306245804,0.01091919094324112,-1.5035333633422852,-4.728628865206265,0.0,-4.728488970472416,-0.0,-0.0,-0.00013989473384956597,5.0,0.0,2,0.0
std005,1,KL007,ccab10940199f04759a7aee3b98da016aa5c2c4f70da11a1ab00aafd823377c1,83,415,0,0.0513785183429718,-0.035466231405735016,0.05452098697423935,-8.471416974885901e-05,0.0,-0.0,-0.0,-0.0,-8.471416974885901e-05,0.0,0.0,0,
std005,1,KL008,ccab10940199f04759a7aee3b98da016aa5c2c4f70da11a1ab00aafd823377c1,83,415,0,0.01194143295288086,-0.0633060410618782,-0.009741642512381077,-0.0010377250360848115,0.0,-0.0,-0.0,-0.0,-0.0010377250360848115,0.0,0.0,0,
std005,1,KL009,ccab10940199f04759a7aee3b98da016aa5c2c4f70da11a1ab00aafd823377c1,83,415,0,0.10840347409248352,-0.011807730421423912,-0.9331121444702148,-0.00017775238019634393,0.0,-0.0,-0.0,-0.0,-0.00017775238019634393,0.0,0.0,2,139.7598114013672
std005,1,KL0010,ccab10940199f04759a7aee3b98da016aa5c2c4f70da11a1ab00aafd823377c1,83,415,0,0.09594104439020157,0.022041257470846176,-1.1459455490112305,-0.00015809509489734123,0.0,-0.0,-0.0,-0.0,-0.00015809509489734123,0.0,0.0,2,5.140655517578125
std005,1,KL001,ccab10940199f04759a7aee3b98da016aa5c2c4f70da11a1ab00aafd823377c1,84,420,0,0.06709769368171692,-0.050095394253730774,-0.2752435505390167,-4.728599214821263,0.0,-4.728488970472416,-0.0,-0.0,-0.00011024434884721046,5.0,0.0,1,0.0
std005,1,KL002,ccab10940199f04759a7aee3b98da016aa5c2c4f70da11a1ab00aafd823377c1,84,420,0,0.05045478790998459,-0.022375302389264107,-0.5094273090362549,-8.24429809986883e-05,0.0,-0.0,-0.0,-0.0,-8.24429809986883e-05,0.0,0.0,1,95.48877716064453
std005,1,KL003,ccab10940199f04759a7aee3b98da016aa5c2c4f70da11a1ab00aafd823377c1,84,420,0,0.025420041754841805,-0.06192760914564133,-0.6224597692489624,-4.728827517789644,0.0,-4.728488970472416,-0.0,-0.0,-0.000338547317228155,5.0,1.0,1,0.11830741167068481
std005,1,KL004,ccab10940199f04759a7aee3b98da016aa5c2c4f70da11a1ab00aafd823377c1,84,420,0,0.059025682508945465,0.02032000757753849,-0.6112587451934814,-9.692613240866556e-05,0.0,-0.0,-0.0,-0.0,-9.692613240866556e-05,0.0,0.0,2,143.56007385253906
std005,1,KL005,ccab10940199f04759a7aee3b98da016aa5c2c4f70da11a1ab00aafd823377c1,84,420,0,0.08212065696716309,-0.03373350948095322,-0.16690121591091156,-0.00013535259139992538,0.0,-0.0,-0.0,-0.0,-0.00013535259139992538,0.0,0.0,0,
std005,1,KL006,ccab10940199f04759a7aee3b98da016aa5c2c4f70da11a1ab00aafd823377c1,84,420,0,0.06504335254430771,0.019229689612984657,-1.9533063173294067,-4.728595744621338,0.0,-4.728488970472416,-0.0,-0.0,-0.00010677414892246162,5.0,0.0,3,0.0
std005,1,KL007,ccab10940199f04759a7aee3b98da016aa5c2c4f70da11a1ab00aafd823377c1,84,420,0,0.050496891140937805,-0.06498292088508606,-0.04504910856485367,-8.327735938490093e-05,0.0,-0.0,-0.0,-0.0,-8.327735938490093e-05,0.0,0.0,0,
std005,1,KL008,ccab10940199f04759a7aee3b98da016aa5c2c4f70da11a1ab00aafd823377c1,84,420,0,0.015339775010943413,-0.06395621597766876,-0.03467545658349991,-0.0008708226939681604,0.0,-0.0,-0.0,-0.0,-0.0008708226939681604,0.0,0.0,0,
std005,1,KL009,ccab10940199f04759a7aee3b98da016aa5c2c4f70da11a1ab00aafd823377c1,84,420,0,0.105522021651268,-0.012640424072742462,-0.961121141910553,-0.00017304220898147166,0.0,-0.0,-0.0,-0.0,-0.00017304220898147166,0.0,0.0,2,120.38040161132812
std005,1,KL0010,ccab10940199f04759a7aee3b98da016aa5c2c4f70da11a1ab00aafd823377c1,84,420,0,0.09502773731946945,0.02265428565442562,-1.1745712757110596,-4.728645594182154,0.0,-4.728488970472416,-0.0,-0.0,-0.0001566237097385681,5.0,1.0,2,0.11830741167068481
std005,1,KL001,ccab10940199f04759a7aee3b98da016aa5c2c4f70da11a1ab00aafd823377c1,85,425,0,0.0647178366780281,-0.04929596930742264,-0.2998274862766266,-4.7285952548900285,0.0,-4.728488970472416,-0.0,-0.0,-0.00010628441761273422,5.0,0.0,1,0.0
std005,1,KL002,ccab10940199f04759a7aee3b98da016aa5c2c4f70da11a1ab00aafd823377c1,85,425,0,0.02500077150762081,-0.02719411812722683,-0.6338303089141846,-4.0933759144207595e-05,0.0,-0.0,-0.0,-0.0,-4.0933759144207595e-05,0.0,0.0,0,
std005,1,KL003,ccab10940199f04759a7aee3b98da016aa5c2c4f70da11a1ab00aafd823377c1,85,425,0,0.03998393565416336,-0.03918120265007019,-0.5842306017875671,-4.728855841833754,0.0,-4.728488970472416,-0.0,-0.0,-0.00036687136133828346,5.0,0.0,1,0.0
std005,1,KL004,ccab10940199f04759a7aee3b98da016aa5c2c4f70da11a1ab00aafd823377c1,85,425,0,0.06078419089317322,0.020074164494872093,-0.563056468963623,-9.982595325566651e-05,0.0,-0.0,-0.0,-0.0,-9.982595325566651e-05,0.0,0.0,2,138.99581909179688
std005,1,KL005,ccab10940199f04759a7aee3b98da016aa5c2c4f70da11a1ab00aafd823377c1,85,425,0,0.08258000016212463,-0.03106788732111454,-0.1672939509153366,-0.00013613711439244445,0.0,-0.0,-0.0,-0.0,-0.00013613711439244445,0.0,0.0,0,
std005,1,KL006,ccab10940199f04759a7aee3b98da016aa5c2c4f70da11a1ab00aafd823377c1,85,425,0,0.057463400065898895,0.014639126136898994,-1.9453396797180176,-4.728583308193312,0.0,-4.728488970472416,-0.0,-0.0,-9.433772089639803e-05,5.0,0.0,3,0.0
std005,1,KL007,ccab10940199f04759a7aee3b98da016aa5c2c4f70da11a1ab00aafd823377c1,85,425,0,0.050914615392684937,-0.06489162147045135,-0.03106025606393814,-8.398366426140733e-05,0.0,-0.0,-0.0,-0.0,-8.398366426140733e-05,0.0,0.0,0,
std005,1,KL008,ccab10940199f04759a7aee3b98da016aa5c2c4f70da11a1ab00aafd823377c1,85,425,0,0.016185659915208817,-0.06030666083097458,-0.007091977633535862,-0.0007026819986764996,0.0,-0.0,-0.0,-0.0,-0.0007026819986764996,0.0,0.0,0,
std005,1,KL009,ccab10940199f04759a7aee3b98da016aa5c2c4f70da11a1ab00aafd823377c1,85,425,0,0.06332828849554062,-0.0008685421198606491,-1.1413885354995728,-0.00010394374691826714,0.0,-0.0,-0.0,-0.0,-0.00010394374691826714,0.0,0.0,2,108.56546020507812
std005,1,KL0010,ccab10940199f04759a7aee3b98da016aa5c2c4f70da11a1ab00aafd823377c1,85,425,0,0.06463360041379929,-0.004175534471869469,-0.9581001400947571,-4.728595580118892,0.0,-4.728488970472416,-0.0,-0.0,-0.00010660964647613014,5.0,0.0,1,0.0
std005,1,KL001,ccab10940199f04759a7aee3b98da016aa5c2c4f70da11a1ab00aafd823377c1,86,430,0,0.06426351517438889,-0.04892156273126602,-0.29250630736351013,-4.728594520184079,0.0,-4.728488970472416,-0.0,-0.0,-0.00010554971166332194,5.0,0.0,1,0.0
std005,1,KL002,ccab10940199f04759a7aee3b98da016aa5c2c4f70da11a1ab00aafd823377c1,86,430,0,0.03209328651428223,-0.02796589396893978,-0.6597127914428711,-5.252851014521488e-05,0.0,-0.0,-0.0,-0.0,-5.252851014521488e-05,0.0,0.0,1,84.3185043334961
std005,1,KL003,ccab10940199f04759a7aee3b98da016aa5c2c4f70da11a1ab00aafd823377c1,86,430,0,0.034335121512413025,-0.03514314442873001,-0.5313735604286194,-4.728695476236479,0.0,-4.728488970472416,-0.0,-0.0,-0.00020650576406300303,5.0,0.0,1,0.0
std005,1,KL004,ccab10940199f04759a7aee3b98da016aa5c2c4f70da11a1ab00aafd823377c1,86,430,0,0.059578053653240204,0.01912507228553295,-0.5479997396469116,-9.785747233907304e-05,0.0,-0.0,-0.0,-0.0,-9.785747233907304e-05,0.0,0.0,2,133.3975830078125
std005,1,KL005,ccab10940199f04759a7aee3b98da016aa5c2c4f70da11a1ab00aafd823377c1,86,430,0,0.050553321838378906,-0.06218566745519638,-0.23129938542842865,-8.342147678508312e-05,0.0,-0.0,-0.0,-0.0,-8.342147678508312e-05,0.0,0.0,0,
std005,1,KL006,ccab10940199f04759a7aee3b98da016aa5c2c4f70da11a1ab00aafd823377c1,86,430,0,0.05865847319364548,0.022028254345059395,-1.9980757236480713,-4.728585281213581,0.0,-4.728488970472416,-0.0,-0.0,-9.631074116533966e-05,5.0,0.0,4,0.0
std005,1,KL007,ccab10940199f04759a7aee3b98da016aa5c2c4f70da11a1ab00aafd823377c1,86,430,0,0.051658935844898224,-0.06467634439468384,-0.02135605365037918,-8.522958963902198e-05,0.0,-0.0,-0.0,-0.0,-8.522958963902198e-05,0.0,0.0,0,
std005,1,KL008,ccab10940199f04759a7aee3b98da016aa5c2c4f70da11a1ab00aafd823377c1,86,430,0,0.020074883475899696,-0.04899034649133682,-0.003193893237039447,-0.0005331785157159321,0.0,-0.0,-0.0,-0.0,-0.0005331785157159321,0.0,0.0,0,
std005,1,KL009,ccab10940199f04759a7aee3b98da016aa5c2c4f70da11a1ab00aafd823377c1,86,430,0,0.06361327320337296,-0.0023908447474241257,-1.1060822010040283,-0.00010433864257207396,0.0,-0.0,-0.0,-0.0,-0.00010433864257207396,0.0,0.0,2,111.133544921875
std005,1,KL0010,ccab10940199f04759a7aee3b98da016aa5c2c4f70da11a1ab00aafd823377c1,86,430,0,0.08207922428846359,-0.004986504092812538,-1.3164066076278687,-4.72862431247686,0.0,-4.728488970472416,-0.0,-0.0,-0.0001353420044445386,5.0,0.0,3,0.0
std005,1,KL001,ccab10940199f04759a7aee3b98da016aa5c2c4f70da11a1ab00aafd823377c1,87,435,0,0.06310068815946579,-0.047023706138134,-0.27359506487846375,-4.728592621840333,0.0,-4.728488970472416,-0.0,-0.0,-0.0001036513679171236,5.0,0.0,1,0.0
std005,1,KL002,ccab10940199f04759a7aee3b98da016aa5c2c4f70da11a1ab00aafd823377c1,87,435,0,0.03131347522139549,-0.03113952837884426,-0.5710100531578064,-5.125472401181239e-05,0.0,-0.0,-0.0,-0.0,-5.125472401181239e-05,0.0,0.0,1,84.2955551147461
std005,1,KL003,ccab10940199f04759a7aee3b98da016aa5c2c4f70da11a1ab00aafd823377c1,87,435,0,0.03375154733657837,-0.04062679409980774,-0.4403654932975769,-4.728532604035721,0.0,-4.728488970472416,-0.0,-0.0,-4.3633563305611744e-05,5.0,0.0,1,0.0
std005,1,KL004,ccab10940199f04759a7aee3b98da016aa5c2c4f70da11a1ab00aafd823377c1,87,435,0,0.045560434460639954,-0.003932299092411995,-0.5123563408851624,-7.48431291501885e-05,0.0,-0.0,-0.0,-0.0,-7.48431291501885e-05,0.0,0.0,2,127.99302673339844
std005,1,KL005,ccab10940199f04759a7aee3b98da016aa5c2c4f70da11a1ab00aafd823377c1,87,435,0,0.050374120473861694,-0.06155649572610855,-0.21551574766635895,-8.307959523510637e-05,0.0,-0.0,-0.0,-0.0,-8.307959523510637e-05,0.0,0.0,0,
std005,1,KL006,ccab10940199f04759a7aee3b98da016aa5c2c4f70da11a1ab00aafd823377c1,87,435,0,0.05832354724407196,0.019917793571949005,-1.9613078832626343,-4.728584742555401,0.0,-4.728488970472416,-0.0,-0.0,-9.577208298505724e-05,5.0,0.0,4,0.0
std005,1,KL007,ccab10940199f04759a7aee3b98da016aa5c2c4f70da11a1ab00aafd823377c1,87,435,0,0.05178586393594742,-0.06383749842643738,-0.021419532597064972,-8.5457831500967e-05,0.0,-0.0,-0.0,-0.0,-8.5457831500967e-05,0.0,0.0,0,
std005,1,KL008,ccab10940199f04759a7aee3b98da016aa5c2c4f70da11a1ab00aafd823377c1,87,435,0,0.013586238957941532,-0.07068327069282532,0.002132616238668561,-0.00036205502520435744,0.0,-0.0,-0.0,-0.0,-0.00036205502520435744,0.0,0.0,0,
std005,1,KL009,ccab10940199f04759a7aee3b98da016aa5c2c4f70da11a1ab00aafd823377c1,87,435,0,0.06261248141527176,-0.004708104766905308,-1.0784436464309692,-0.00010270644538904474,0.0,-0.0,-0.0,-0.0,-0.00010270644538904474,0.0,0.0,2,106.51020050048828
std005,1,KL0010,ccab10940199f04759a7aee3b98da016aa5c2c4f70da11a1ab00aafd823377c1,87,435,0,0.08128058165311813,-0.004724053665995598,-1.2852509021759033,-4.728623025675308,0.0,-4.728488970472416,-0.0,-0.0,-0.0001340552028921138,5.0,0.0,3,0.0
std005,1,KL001,ccab10940199f04759a7aee3b98da016aa5c2c4f70da11a1ab00aafd823377c1,88,440,0,0.08965617418289185,-0.03340698778629303,-0.33904585242271423,-4.728636233745528,0.0,-4.728488970472416,-0.0,-0.0,-0.00014726327311187504,5.0,0.0,1,0.0
std005,1,KL002,ccab10940199f04759a7aee3b98da016aa5c2c4f70da11a1ab00aafd823377c1,88,440,0,0.03104243613779545,-0.018694130703806877,-0.6451231837272644,-5.081375514390262e-05,0.0,-0.0,-0.0,-0.0,-5.081375514390262e-05,0.0,0.0,1,78.5350341796875
std005,1,KL003,ccab10940199f04759a7aee3b98da016aa5c2c4f70da11a1ab00aafd823377c1,88,440,0,0.03466833382844925,-0.0455794557929039,-0.3766026794910431,-4.728545844825585,0.0,-4.728488970472416,-0.0,-0.0,-5.687435316925615e-05,5.0,0.0,1,0.0
std005,1,KL004,ccab10940199f04759a7aee3b98da016aa5c2c4f70da11a1ab00aafd823377c1,88,440,0,0.04410261660814285,0.004366030916571617,-0.44073182344436646,-7.245762633764789e-05,0.0,-0.0,-0.0,-0.0,-7.245762633764789e-05,0.0,0.0,2,120.28093719482422
std005,1,KL005,ccab10940199f04759a7aee3b98da016aa5c2c4f70da11a1ab00aafd823377c1,88,440,0,0.060804128646850586,-0.05910862982273102,-0.4315004050731659,-0.00010030172800834087,0.0,-0.0,-0.0,-0.0,-0.00010030172800834087,0.0,0.0,1,176.21351623535156
std005,1,KL006,ccab10940199f04759a7aee3b98da016aa5c2c4f70da11a1ab00aafd823377c1,88,440,0,0.0490725040435791,0.012964915484189987,-2.0993263721466064,-4.7285695614434315,0.0,-4.728488970472416,-0.0,-0.0,-8.05909710157593e-05,5.0,0.0,4,0.0
std005,1,KL007,ccab10940199f04759a7aee3b98da016aa5c2c4f70da11a1ab00aafd823377c1,88,440,0,0.04481153190135956,-0.03533359616994858,-0.23748888075351715,-7.396658354426445e-05,0.0,-0.0,-0.0,-0.0,-7.396658354426445e-05,0.0,0.0,1,176.21351623535156
std005,1,KL008,ccab10940199f04759a7aee3b98da016aa5c2c4f70da11a1ab00aafd823377c1,88,440,0,0.003841230645775795,-0.067756287753582,0.006916156969964504,-0.0002769546425103067,0.0,-0.0,-0.0,-0.0,-0.0002769546425103067,0.0,0.0,0,
std005,1,KL009,ccab10940199f04759a7aee3b98da016aa5c2c4f70da11a1ab00aafd823377c1,88,440,0,0.06168639659881592,-0.007065406534820795,-1.055905818939209,-0.00010119662276682337,0.0,-0.0,-0.0,-0.0,-0.00010119662276682337,0.0,0.0,2,101.648681640625
std005,1,KL0010,ccab10940199f04759a7aee3b98da016aa5c2c4f70da11a1ab00aafd823377c1,88,440,0,0.08067946881055832,-0.004746861755847931,-1.2740838527679443,-4.728622065058443,0.0,-4.728488970472416,-0.0,-0.0,-0.00013309458602694946,5.0,0.0,3,0.0
std005,1,KL001,ccab10940199f04759a7aee3b98da016aa5c2c4f70da11a1ab00aafd823377c1,89,445,0,0.08761729300022125,-0.032543331384658813,-0.30400529503822327,-4.728632925105896,0.0,-4.728488970472416,-0.0,-0.0,-0.00014395463348026993,5.0,0.0,1,0.0
std005,1,KL002,ccab10940199f04759a7aee3b98da016aa5c2c4f70da11a1ab00aafd823377c1,89,445,0,0.031812380999326706,-0.021512659266591072,-0.6224299073219299,-5.2076828766557586e-05,0.0,-0.0,-0.0,-0.0,-5.2076828766557586e-05,0.0,0.0,1,73.02195739746094
std005,1,KL003,ccab10940199f04759a7aee3b98da016aa5c2c4f70da11a1ab00aafd823377c1,89,445,0,0.03562320023775101,-0.04861222952604294,-0.3375245928764343,-4.7285477486865,0.0,-4.728488970472416,-0.0,-0.0,-5.877821408439843e-05,5.0,0.0,1,0.0
std005,1,KL004,ccab10940199f04759a7aee3b98da016aa5c2c4f70da11a1ab00aafd823377c1,89,445,0,0.05641742795705795,-0.003873845562338829,-0.4613936245441437,-9.270129009951343e-05,0.0,-0.0,-0.0,-0.0,-9.270129009951343e-05,0.0,0.0,2,114.45831298828125
std005,1,KL005,ccab10940199f04759a7aee3b98da016aa5c2c4f70da11a1ab00aafd823377c1,89,445,0,0.05515801161527634,-0.06095334142446518,-0.1926591843366623,-9.100797480812615e-05,0.0,-0.0,-0.0,-0.0,-9.100797480812615e-05,0.0,0.0,0,
std005,1,KL006,ccab10940199f04759a7aee3b98da016aa5c2c4f70da11a1ab00aafd823377c1,89,445,0,0.04910983890295029,0.009689168073236942,-2.0599210262298584,-4.728569632442643,0.0,-4.728488970472416,-0.0,-0.0,-8.066197022760235e-05,5.0,0.0,4,0.0
std005,1,KL007,ccab10940199f04759a7aee3b98da016aa5c2c4f70da11a1ab00aafd823377c1,89,445,0,0.04252472519874573,-0.03940388560295105,-0.035878606140613556,-7.020916249047e-05,0.0,-0.0,-0.0,-0.0,-7.020916249047e-05,0.0,0.0,0,
std005,1,KL008,ccab10940199f04759a7aee3b98da016aa5c2c4f70da11a1ab00aafd823377c1,89,445,0,0.03281991183757782,-0.05839141458272934,0.055131278932094574,-0.000326589402722787,0.0,-0.0,-0.0,-0.0,-0.000326589402722787,0.0,0.0,0,
std005,1,KL009,ccab10940199f04759a7aee3b98da016aa5c2c4f70da11a1ab00aafd823377c1,89,445,0,0.061908505856990814,-0.007714612875133753,-1.0426818132400513,-0.00010157041653513186,0.0,-0.0,-0.0,-0.0,-0.00010157041653513186,0.0,0.0,2,93.85743713378906
std005,1,KL0010,ccab10940199f04759a7aee3b98da016aa5c2c4f70da11a1ab00aafd823377c1,89,445,0,0.0839952901005745,-0.008100435137748718,-1.2639408111572266,-4.7286275673303955,0.0,-4.728488970472416,-0.0,-0.0,-0.00013859685797967813,5.0,0.0,3,0.0
std005,1,KL001,ccab10940199f04759a7aee3b98da016aa5c2c4f70da11a1ab00aafd823377c1,90,450,0,0.08558525890111923,-0.03387162834405899,-0.2689743936061859,-4.728629603710171,0.0,-4.728488970472416,-0.0,-0.0,-0.0001406332377555941,5.0,0.0,1,0.0
std005,1,KL002,ccab10940199f04759a7aee3b98da016aa5c2c4f70da11a1ab00aafd823377c1,90,450,0,0.0450451597571373,-0.03941123187541962,-0.5838195085525513,-7.374229748955301e-05,0.0,-0.0,-0.0,-0.0,-7.374229748955301e-05,0.0,0.0,1,68.61042022705078
std005,1,KL003,ccab10940199f04759a7aee3b98da016aa5c2c4f70da11a1ab00aafd823377c1,90,450,0,0.035903431475162506,-0.04829864203929901,-0.31685060262680054,-4.728548224404638,0.0,-4.728488970472416,-0.0,-0.0,-5.925393222216968e-05,5.0,0.0,1,0.0
std005,1,KL004,ccab10940199f04759a7aee3b98da016aa5c2c4f70da11a1ab00aafd823377c1,90,450,0,0.05513254553079605,-0.004789607599377632,-0.439615398645401,-9.060196146557437e-05,0.0,-0.0,-0.0,-0.0,-9.060196146557437e-05,0.0,0.0,2,111.13777160644531
std005,1,KL005,ccab10940199f04759a7aee3b98da016aa5c2c4f70da11a1ab00aafd823377c1,90,450,0,0.05333465337753296,-0.06101688742637634,-0.17075297236442566,-8.801921976169754e-05,0.0,-0.0,-0.0,-0.0,-8.801921976169754e-05,0.0,0.0,0,
std005,1,KL006,ccab10940199f04759a7aee3b98da016aa5c2c4f70da11a1ab00aafd823377c1,90,450,0,0.04980850964784622,0.008376785553991795,-1.9946441650390625,-4.728570789994319,0.0,-4.728488970472416,-0.0,-0.0,-8.181952190344788e-05,5.0,0.0,4,0.0
std005,1,KL007,ccab10940199f04759a7aee3b98da016aa5c2c4f70da11a1ab00aafd823377c1,90,450,0,0.041057221591472626,-0.03969381004571915,-0.02097926288843155,-6.780340384706392e-05,0.0,-0.0,-0.0,-0.0,-6.780340384706392e-05,0.0,0.0,0,
std005,1,KL008,ccab10940199f04759a7aee3b98da016aa5c2c4f70da11a1ab00aafd823377c1,90,450,0,0.034003593027591705,-0.05803060531616211,0.06040193885564804,-0.00033069537922642754,0.0,-0.0,-0.0,-0.0,-0.00033069537922642754,0.0,0.0,0,
std005,1,KL009,ccab10940199f04759a7aee3b98da016aa5c2c4f70da11a1ab00aafd823377c1,90,450,0,0.06823863834142685,-0.0033869370818138123,-1.0735979080200195,-0.00011196630633458815,0.0,-0.0,-0.0,-0.0,-0.00011196630633458815,0.0,0.0,3,88.8492660522461
std005,1,KL0010,ccab10940199f04759a7aee3b98da016aa5c2c4f70da11a1ab00aafd823377c1,90,450,0,0.09093622118234634,-0.003959348425269127,-1.3592944145202637,-4.728639055817924,0.0,-4.728488970472416,-0.0,-0.0,-0.0001500853455080886,5.0,0.0,4,0.0
std005,1,KL001,ccab10940199f04759a7aee3b98da016aa5c2c4f70da11a1ab00aafd823377c1,91,455,0,0.08315537124872208,-0.03498934209346771,-0.2361631840467453,-4.7286256280708745,0.0,-4.728488970472416,-0.0,-0.0,-0.0001366575984587115,5.0,0.0,1,0.0
std005,1,KL002,ccab10940199f04759a7aee3b98da016aa5c2c4f70da11a1ab00aafd823377c1,91,455,0,0.030623862519860268,-0.0413886159658432,-0.4141731560230255,-5.013632275902509e-05,0.0,-0.0,-0.0,-0.0,-5.013632275902509e-05,0.0,0.0,0,
std005,1,KL003,ccab10940199f04759a7aee3b98da016aa5c2c4f70da11a1ab00aafd823377c1,91,455,0,-0.002675470896065235,-0.05935996025800705,-0.38202959299087524,-4.728493288446749,0.0,-4.728488970472416,-0.0,-0.0,-4.317974333645225e-06,5.0,0.0,1,0.0
std005,1,KL004,ccab10940199f04759a7aee3b98da016aa5c2c4f70da11a1ab00aafd823377c1,91,455,0,0.05417044460773468,-0.005375560373067856,-0.41713693737983704,-8.903281937392189e-05,0.0,-0.0,-0.0,-0.0,-8.903281937392189e-05,0.0,0.0,2,105.83863830566406
std005,1,KL005,ccab10940199f04759a7aee3b98da016aa5c2c4f70da11a1ab00aafd823377c1,91,455,0,0.051359422504901886,-0.06088746339082718,-0.14917874336242676,-8.477900827169157e-05,0.0,-0.0,-0.0,-0.0,-8.477900827169157e-05,0.0,0.0,0,
std005,1,KL006,ccab10940199f04759a7aee3b98da016aa5c2c4f70da11a1ab00aafd823377c1,91,455,0,0.05033360421657562,0.006115242838859558,-1.9185798168182373,-4.728571662843835,0.0,-4.728488970472416,-0.0,-0.0,-8.269237141877994e-05,5.0,0.0,4,0.0
std005,1,KL007,ccab10940199f04759a7aee3b98da016aa5c2c4f70da11a1ab00aafd823377c1,91,455,0,0.0397077351808548,-0.0398135781288147,-0.006694682873785496,-6.559191879167464e-05,0.0,-0.0,-0.0,-0.0,-6.559191879167464e-05,0.0,0.0,0,
std005,1,KL008,ccab10940199f04759a7aee3b98da016aa5c2c4f70da11a1ab00aafd823377c1,91,455,0,0.03356432914733887,-0.05774376541376114,0.06365185230970383,-0.0003321258960542364,0.0,-0.0,-0.0,-0.0,-0.0003321258960542364,0.0,0.0,0,
std005,1,KL009,ccab10940199f04759a7aee3b98da016aa5c2c4f70da11a1ab00aafd823377c1,91,455,0,0.004672342911362648,-0.029505709186196327,-1.3053958415985107,-7.906475711476465e-06,0.0,-0.0,-0.0,-0.0,-7.906475711476465e-06,0.0,0.0,3,82.7786865234375
std005,1,KL0010,ccab10940199f04759a7aee3b98da016aa5c2c4f70da11a1ab00aafd823377c1,91,455,0,0.07396846264600754,-0.005413832142949104,-1.124798059463501,-4.728611084619922,0.0,-4.728488970472416,-0.0,-0.0,-0.00012211414750584737,5.0,0.0,3,0.0
std005,1,KL001,ccab10940199f04759a7aee3b98da016aa5c2c4f70da11a1ab00aafd823377c1,92,460,0,0.10870686918497086,-0.020580869168043137,-0.18704856932163239,-0.9458764425987577,0.0,-0.9456977940944832,-0.0,-0.0,-0.0001786485042745145,1.0,0.0,1,0.0
std005,1,KL002,ccab10940199f04759a7aee3b98da016aa5c2c4f70da11a1ab00aafd823377c1,92,460,0,0.03202173113822937,-0.05264267325401306,-0.5712201595306396,-5.242744496169226e-05,0.0,-0.0,-0.0,-0.0,-5.242744496169226e-05,0.0,0.0,1,56.509918212890625
std005,1,KL003,ccab10940199f04759a7aee3b98da016aa5c2c4f70da11a1ab00aafd823377c1,92,460,0,0.0037034740671515465,-0.04125020653009415,-0.28543099761009216,-4.728495085514661,0.0,-4.728488970472416,-0.0,-0.0,-6.115042245014024e-06,5.0,0.0,1,0.0
std005,1,KL004,ccab10940199f04759a7aee3b98da016aa5c2c4f70da11a1ab00aafd823377c1,92,460,0,0.08381200581789017,0.03125753253698349,-0.33343225717544556,-0.00013773479900135654,0.0,-0.0,-0.0,-0.0,-0.00013773479900135654,0.0,0.0,2,100.59874725341797
std005,1,KL005,ccab10940199f04759a7aee3b98da016aa5c2c4f70da11a1ab00aafd823377c1,92,460,0,0.08318837732076645,-0.05179176479578018,-0.11198312789201736,-0.0001372921587166017,0.0,-0.0,-0.0,-0.0,-0.0001372921587166017,0.0,0.0,0,
std005,1,KL006,ccab10940199f04759a7aee3b98da016aa5c2c4f70da11a1ab00aafd823377c1,92,460,0,-0.0077849216759204865,-0.025960376486182213,-2.0862598419189453,-0.945710368858347,0.0,-0.9456977940944832,-0.0,-0.0,-1.2574763863848482e-05,1.0,0.0,4,0.0
std005,1,KL007,ccab10940199f04759a7aee3b98da016aa5c2c4f70da11a1ab00aafd823377c1,92,460,0,0.03841763734817505,-0.040377549827098846,0.004484257660806179,-6.347791710016813e-05,0.0,-0.0,-0.0,-0.0,-6.347791710016813e-05,0.0,0.0,0,
std005,1,KL008,ccab10940199f04759a7aee3b98da016aa5c2c4f70da11a1ab00aafd823377c1,92,460,0,0.03262857347726822,-0.05749446153640747,0.0652584657073021,-0.0003327769494874255,0.0,-0.0,-0.0,-0.0,-0.0003327769494874255,0.0,0.0,0,
std005,1,KL009,ccab10940199f04759a7aee3b98da016aa5c2c4f70da11a1ab00aafd823377c1,92,460,0,0.004945339635014534,-0.02757398970425129,-1.280879020690918,-8.115987454773927e-06,0.0,-0.0,-0.0,-0.0,-8.115987454773927e-06,0.0,0.0,3,92.6767349243164
std005,1,KL0010,ccab10940199f04759a7aee3b98da016aa5c2c4f70da11a1ab00aafd823377c1,92,460,0,0.08891041576862335,-0.0030783098191022873,-1.3177783489227295,-4.728635788181226,0.0,-4.728488970472416,-0.0,-0.0,-0.00014681770880997647,5.0,0.0,4,0.0
std005,1,KL001,ccab10940199f04759a7aee3b98da016aa5c2c4f70da11a1ab00aafd823377c1,93,465,0,0.10897555202245712,-0.028902245685458183,0.12960167229175568,-0.00017913275645366222,0.0,-0.0,-0.0,-0.0,-0.00017913275645366222,0.0,0.0,0,
std005,1,KL002,ccab10940199f04759a7aee3b98da016aa5c2c4f70da11a1ab00aafd823377c1,93,465,0,0.02951725944876671,-0.05307009071111679,-0.5562326312065125,-4.832947105261359e-05,0.0,-0.0,-0.0,-0.0,-4.832947105261359e-05,0.0,0.0,1,53.90526580810547
std005,1,KL003,ccab10940199f04759a7aee3b98da016aa5c2c4f70da11a1ab00aafd823377c1,93,465,0,0.002568347379565239,-0.040415287017822266,-0.2505928874015808,-4.728493212299246,0.0,-4.728488970472416,-0.0,-0.0,-4.241826830231332e-06,5.0,0.0,1,0.0
std005,1,KL004,ccab10940199f04759a7aee3b98da016aa5c2c4f70da11a1ab00aafd823377c1,93,465,0,0.08220595866441727,0.03239631652832031,-0.3184681236743927,-0.00013514858154565362,0.0,-0.0,-0.0,-0.0,-0.00013514858154565362,0.0,0.0,2,97.64168548583984
std005,1,KL005,ccab10940199f04759a7aee3b98da016aa5c2c4f70da11a1ab00aafd823377c1,93,465,0,0.08092854917049408,-0.05196361988782883,-0.07579199224710464,-0.0001336502294331344,0.0,-0.0,-0.0,-0.0,-0.0001336502294331344,0.0,0.0,0,
std005,1,KL006,ccab10940199f04759a7aee3b98da016aa5c2c4f70da11a1ab00aafd823377c1,93,465,0,0.007486468181014061,-0.026976384222507477,-1.5127180814743042,-1.2302395365035216e-05,0.0,-0.0,-0.0,-0.0,-1.2302395365035216e-05,0.0,0.0,3,71.3704605102539
std005,1,KL007,ccab10940199f04759a7aee3b98da016aa5c2c4f70da11a1ab00aafd823377c1,93,465,0,0.07257109135389328,-0.03547964245080948,0.059641383588314056,-0.00011986499816217431,0.0,-0.0,-0.0,-0.0,-0.00011986499816217431,0.0,0.0,0,
std005,1,KL008,ccab10940199f04759a7aee3b98da016aa5c2c4f70da11a1ab00aafd823377c1,93,465,0,0.033772580325603485,-0.05740368366241455,0.06701617687940598,-0.00033687669379564,0.0,-0.0,-0.0,-0.0,-0.00033687669379564,0.0,0.0,0,
std005,1,KL009,ccab10940199f04759a7aee3b98da016aa5c2c4f70da11a1ab00aafd823377c1,93,465,0,0.007347124628722668,-0.026274506002664566,-1.283555030822754,-1.2058817436842167e-05,0.0,-0.0,-0.0,-0.0,-1.2058817436842167e-05,0.0,0.0,3,71.3704605102539
std005,1,KL0010,ccab10940199f04759a7aee3b98da016aa5c2c4f70da11a1ab00aafd823377c1,93,465,0,0.08692722767591476,-0.0032296013087034225,-1.2570761442184448,-4.728632552464203,0.0,-4.728488970472416,-0.0,-0.0,-0.00014358199178765574,5.0,0.0,4,0.0
std005,1,KL001,ccab10940199f04759a7aee3b98da016aa5c2c4f70da11a1ab00aafd823377c1,94,470,0,0.10708850622177124,-0.02895369380712509,0.15379510819911957,-0.0001760545625423526,0.0,-0.0,-0.0,-0.0,-0.0001760545625423526,0.0,0.0,0,
std005,1,KL002,ccab10940199f04759a7aee3b98da016aa5c2c4f70da11a1ab00aafd823377c1,94,470,0,0.031018488109111786,-0.05300399661064148,-0.5400983691215515,-5.079003840372976e-05,0.0,-0.0,-0.0,-0.0,-5.079003840372976e-05,0.0,0.0,1,48.01408386230469
std005,1,KL003,ccab10940199f04759a7aee3b98da016aa5c2c4f70da11a1ab00aafd823377c1,94,470,0,0.002750121057033539,-0.03967118263244629,-0.2144313007593155,-2.837097925496071,0.0,-2.8370933822834496,-0.0,-0.0,-4.543212621221926e-06,3.0,0.0,1,0.0
std005,1,KL004,ccab10940199f04759a7aee3b98da016aa5c2c4f70da11a1ab00aafd823377c1,94,470,0,0.07982995361089706,0.031839773058891296,-0.29817649722099304,-0.00013126279720572566,0.0,-0.0,-0.0,-0.0,-0.00013126279720572566,0.0,0.0,2,92.64678192138672
std005,1,KL005,ccab10940199f04759a7aee3b98da016aa5c2c4f70da11a1ab00aafd823377c1,94,470,0,0.08101511746644974,-0.047767654061317444,-0.2525091767311096,-0.00013382739455877936,0.0,-0.0,-0.0,-0.0,-0.00013382739455877936,0.0,0.0,1,172.70913696289062
std005,1,KL006,ccab10940199f04759a7aee3b98da016aa5c2c4f70da11a1ab00aafd823377c1,94,470,0,-0.00959029421210289,0.012989950366318226,-1.5549824237823486,-1.5762041854634653e-05,0.0,-0.0,-0.0,-0.0,-1.5762041854634653e-05,0.0,0.0,3,69.45360565185547
std005,1,KL007,ccab10940199f04759a7aee3b98da016aa5c2c4f70da11a1ab00aafd823377c1,94,470,0,0.071441650390625,-0.030179809778928757,-0.11466125398874283,-0.00011810812878054446,0.0,-0.0,-0.0,-0.0,-0.00011810812878054446,0.0,0.0,1,172.70913696289062
std005,1,KL008,ccab10940199f04759a7aee3b98da016aa5c2c4f70da11a1ab00aafd823377c1,94,470,0,0.032926954329013824,-0.057351380586624146,0.06896846741437912,-0.0003377348404670398,0.0,-0.0,-0.0,-0.0,-0.0003377348404670398,0.0,0.0,0,
std005,1,KL009,ccab10940199f04759a7aee3b98da016aa5c2c4f70da11a1ab00aafd823377c1,94,470,0,-0.0035484526306390762,0.023516828194260597,-1.2915377616882324,-5.824734411369517e-06,0.0,-0.0,-0.0,-0.0,-5.824734411369517e-06,0.0,0.0,3,69.45360565185547
std005,1,KL0010,ccab10940199f04759a7aee3b98da016aa5c2c4f70da11a1ab00aafd823377c1,94,470,0,0.1159815713763237,0.018589675426483154,-1.2721967697143555,-2.837284961225968,0.0,-2.8370933822834496,-0.0,-0.0,-0.00019157894251842222,3.0,0.0,4,0.0
std005,1,KL001,ccab10940199f04759a7aee3b98da016aa5c2c4f70da11a1ab00aafd823377c1,95,475,0,0.10462076216936111,-0.0298603642731905,0.17258532345294952,-0.00017202137707059262,0.0,-0.0,-0.0,-0.0,-0.00017202137707059262,0.0,0.0,0,
std005,1,KL002,ccab10940199f04759a7aee3b98da016aa5c2c4f70da11a1ab00aafd823377c1,95,475,0,0.030283544212579727,-0.05290479212999344,-0.5161386132240295,-4.958920914438849e-05,0.0,-0.0,-0.0,-0.0,-4.958920914438849e-05,0.0,0.0,1,49.947547912597656
std005,1,KL003,ccab10940199f04759a7aee3b98da016aa5c2c4f70da11a1ab00aafd823377c1,95,475,0,-0.01210926752537489,-0.05048839747905731,0.0741361603140831,-2.0009745397736815e-05,0.0,-0.0,-0.0,-0.0,-2.0009745397736815e-05,0.0,0.0,0,
std005,1,KL004,ccab10940199f04759a7aee3b98da016aa5c2c4f70da11a1ab00aafd823377c1,95,475,0,0.07939603179693222,0.031875044107437134,-0.2902285158634186,-0.00013056996420979738,0.0,-0.0,-0.0,-0.0,-0.00013056996420979738,0.0,0.0,2,86.95002746582031
std005,1,KL005,ccab10940199f04759a7aee3b98da016aa5c2c4f70da11a1ab00aafd823377c1,95,475,0,0.07943426817655563,-0.048199623823165894,-0.23603110015392303,-0.00013125085582892684,0.0,-0.0,-0.0,-0.0,-0.00013125085582892684,0.0,0.0,1,172.2478790283203
std005,1,KL006,ccab10940199f04759a7aee3b98da016aa5c2c4f70da11a1ab00aafd823377c1,95,475,0,-0.010558044537901878,0.014364363625645638,-1.5033199787139893,-1.7354973222397948e-05,0.0,-0.0,-0.0,-0.0,-1.7354973222397948e-05,0.0,0.0,3,62.663177490234375
std005,1,KL007,ccab10940199f04759a7aee3b98da016aa5c2c4f70da11a1ab00aafd823377c1,95,475,0,0.07059770822525024,-0.03002721630036831,-0.10959372669458389,-0.00011674799732228118,0.0,-0.0,-0.0,-0.0,-0.00011674799732228118,0.0,0.0,1,172.2478790283203
std005,1,KL008,ccab10940199f04759a7aee3b98da016aa5c2c4f70da11a1ab00aafd823377c1,95,475,0,0.033049583435058594,-0.056824542582035065,0.07170923799276352,-0.0003402207685550929,0.0,-0.0,-0.0,-0.0,-0.0003402207685550929,0.0,0.0,0,
std005,1,KL009,ccab10940199f04759a7aee3b98da016aa5c2c4f70da11a1ab00aafd823377c1,95,475,0,-0.0033356724306941032,0.026202356442809105,-1.2742356061935425,-5.476083094118478e-06,0.0,-0.0,-0.0,-0.0,-5.476083094118478e-06,0.0,0.0,3,62.663177490234375
std005,1,KL0010,ccab10940199f04759a7aee3b98da016aa5c2c4f70da11a1ab00aafd823377c1,95,475,0,0.1270575076341629,0.013097033835947514,-0.7751502394676208,-0.00020997585745045186,0.0,-0.0,-0.0,-0.0,-0.00020997585745045186,0.0,0.0,3,49.947547912597656
std005,1,KL001,ccab10940199f04759a7aee3b98da016aa5c2c4f70da11a1ab00aafd823377c1,96,480,0,0.10246167331933975,-0.029884444549679756,0.18609680235385895,-0.00016849509886230317,0.0,-0.0,-0.0,-0.0,-0.00016849509886230317,0.0,0.0,0,
std005,1,KL002,ccab10940199f04759a7aee3b98da016aa5c2c4f70da11a1ab00aafd823377c1,96,480,0,0.038746178150177,-0.02582121454179287,-0.4439389109611511,-6.345022596680023e-05,0.0,-0.0,-0.0,-0.0,-6.345022596680023e-05,0.0,0.0,0,
std005,1,KL003,ccab10940199f04759a7aee3b98da016aa5c2c4f70da11a1ab00aafd823377c1,96,480,0,-0.013156295754015446,-0.04875864088535309,0.09462004154920578,-2.1745806990316655e-05,0.0,-0.0,-0.0,-0.0,-2.1745806990316655e-05,0.0,0.0,0,
std005,1,KL004,ccab10940199f04759a7aee3b98da016aa5c2c4f70da11a1ab00aafd823377c1,96,480,0,0.06766384094953537,-0.002184147946536541,-0.45335131883621216,-0.0001112938096401696,0.0,-0.0,-0.0,-0.0,-0.0001112938096401696,0.0,0.0,2,81.75553131103516
std005,1,KL005,ccab10940199f04759a7aee3b98da016aa5c2c4f70da11a1ab00aafd823377c1,96,480,0,0.07806956022977829,-0.0483219251036644,-0.22512976825237274,-0.00012903126763608933,0.0,-0.0,-0.0,-0.0,-0.00012903126763608933,0.0,0.0,1,166.6859130859375
std005,1,KL006,ccab10940199f04759a7aee3b98da016aa5c2c4f70da11a1ab00aafd823377c1,96,480,0,0.027279488742351532,-1.979433000087738e-05,-2.005103826522827,-4.477554477348691e-05,0.0,-0.0,-0.0,-0.0,-4.477554477348691e-05,0.0,0.0,3,57.44044494628906
std005,1,KL007,ccab10940199f04759a7aee3b98da016aa5c2c4f70da11a1ab00aafd823377c1,96,480,0,0.0700594037771225,-0.029760781675577164,-0.11463139206171036,-0.00011589383521545222,0.0,-0.0,-0.0,-0.0,-0.00011589383521545222,0.0,0.0,1,166.6859130859375
std005,1,KL008,ccab10940199f04759a7aee3b98da016aa5c2c4f70da11a1ab00aafd823377c1,96,480,0,-0.0031940285116434097,-0.05556987226009369,0.062484823167324066,-0.00028316463190465103,0.0,-0.0,-0.0,-0.0,-0.00028316463190465103,0.0,0.0,0,
std005,1,KL009,ccab10940199f04759a7aee3b98da016aa5c2c4f70da11a1ab00aafd823377c1,96,480,0,0.019221626222133636,0.0106996800750494,-1.9378331899642944,-3.1550011058579767e-05,0.0,-0.0,-0.0,-0.0,-3.1550011058579767e-05,0.0,0.0,3,57.44044494628906
std005,1,KL0010,ccab10940199f04759a7aee3b98da016aa5c2c4f70da11a1ab00aafd823377c1,96,480,0,0.13397996127605438,0.016393138095736504,-0.5141502618789673,-0.00022148001643724233,0.0,-0.0,-0.0,-0.0,-0.00022148001643724233,0.0,0.0,2,142.8135528564453
std005,1,KL001,ccab10940199f04759a7aee3b98da016aa5c2c4f70da11a1ab00aafd823377c1,97,485,0,0.10756563395261765,-0.035179443657398224,0.19478829205036163,-0.000176912333660416,0.0,-0.0,-0.0,-0.0,-0.000176912333660416,0.0,0.0,0,
std005,1,KL002,ccab10940199f04759a7aee3b98da016aa5c2c4f70da11a1ab00aafd823377c1,97,485,0,0.039261169731616974,-0.027408963069319725,-0.4246041774749756,-6.429728552667386e-05,0.0,-0.0,-0.0,-0.0,-6.429728552667386e-05,0.0,0.0,0,
std005,1,KL003,ccab10940199f04759a7aee3b98da016aa5c2c4f70da11a1ab00aafd823377c1,97,485,0,-0.014708273112773895,-0.047504059970378876,0.11139722913503647,-2.4317893826435475e-05,0.0,-0.0,-0.0,-0.0,-2.4317893826435475e-05,0.0,0.0,0,
std005,1,KL004,ccab10940199f04759a7aee3b98da016aa5c2c4f70da11a1ab00aafd823377c1,97,485,0,0.06595449894666672,-0.0022126054391264915,-0.4084576368331909,-0.00010849931740399742,0.0,-0.0,-0.0,-0.0,-0.00010849931740399742,0.0,0.0,2,76.11251831054688
std005,1,KL005,ccab10940199f04759a7aee3b98da016aa5c2c4f70da11a1ab00aafd823377c1,97,485,0,0.07705762982368469,-0.04806336760520935,-0.2143232375383377,-0.0001273948305117539,0.0,-0.0,-0.0,-0.0,-0.0001273948305117539,0.0,0.0,1,160.8915557861328
std005,1,KL006,ccab10940199f04759a7aee3b98da016aa5c2c4f70da11a1ab00aafd823377c1,97,485,0,0.024944836273789406,-0.01728738658130169,-2.04746413230896,-4.101422592927867e-05,0.0,-0.0,-0.0,-0.0,-4.101422592927867e-05,0.0,0.0,3,56.11470031738281
std005,1,KL007,ccab10940199f04759a7aee3b98da016aa5c2c4f70da11a1ab00aafd823377c1,97,485,0,0.07051368802785873,-0.029084062203764915,-0.11726231127977371,-0.0001166828353812176,0.0,-0.0,-0.0,-0.0,-0.0001166828353812176,0.0,0.0,1,160.8915557861328
std005,1,KL008,ccab10940199f04759a7aee3b98da016aa5c2c4f70da11a1ab00aafd823377c1,97,485,0,-0.0064737070351839066,-0.05649139732122421,0.06150003522634506,-0.00028046380335099673,0.0,-0.0,-0.0,-0.0,-0.00028046380335099673,0.0,0.0,0,
std005,1,KL009,ccab10940199f04759a7aee3b98da016aa5c2c4f70da11a1ab00aafd823377c1,97,485,0,0.06814751774072647,-0.041518621146678925,-2.0804877281188965,-0.00011176687785009175,0.0,-0.0,-0.0,-0.0,-0.00011176687785009175,0.0,0.0,3,56.11470031738281
std005,1,KL0010,ccab10940199f04759a7aee3b98da016aa5c2c4f70da11a1ab00aafd823377c1,97,485,0,0.134208545088768,0.01813630387187004,-0.4968070685863495,-0.00022192735746343303,0.0,-0.0,-0.0,-0.0,-0.00022192735746343303,0.0,0.0,2,131.89279174804688
std005,1,KL001,ccab10940199f04759a7aee3b98da016aa5c2c4f70da11a1ab00aafd823377c1,98,490,0,0.10611725598573685,-0.035179466009140015,0.20827914774417877,-0.00017455561644345646,0.0,-0.0,-0.0,-0.0,-0.00017455561644345646,0.0,0.0,0,
std005,1,KL002,ccab10940199f04759a7aee3b98da016aa5c2c4f70da11a1ab00aafd823377c1,98,490,0,0.03991971164941788,-0.027370717376470566,-0.4078299105167389,-6.537960489254356e-05,0.0,-0.0,-0.0,-0.0,-6.537960489254356e-05,0.0,0.0,0,
std005,1,KL003,ccab10940199f04759a7aee3b98da016aa5c2c4f70da11a1ab00aafd823377c1,98,490,0,-0.016745997592806816,-0.045937374234199524,0.1278645545244217,-2.7695045917482837e-05,0.0,-0.0,-0.0,-0.0,-2.7695045917482837e-05,0.0,0.0,0,
std005,1,KL004,ccab10940199f04759a7aee3b98da016aa5c2c4f70da11a1ab00aafd823377c1,98,490,0,0.07649698108434677,-0.013741753995418549,-0.40136969089508057,-0.00012586096029852873,0.0,-0.0,-0.0,-0.0,-0.00012586096029852873,0.0,0.0,2,70.84611511230469
std005,1,KL005,ccab10940199f04759a7aee3b98da016aa5c2c4f70da11a1ab00aafd823377c1,98,490,0,0.07676864415407181,-0.04728483408689499,-0.20470595359802246,-0.00012695415899926181,0.0,-0.0,-0.0,-0.0,-0.00012695415899926181,0.0,0.0,1,153.35475158691406
std005,1,KL006,ccab10940199f04759a7aee3b98da016aa5c2c4f70da11a1ab00aafd823377c1,98,490,0,0.060744382441043854,-0.04492146521806717,-1.8419406414031982,-9.982484619147659e-05,0.0,-0.0,-0.0,-0.0,-9.982484619147659e-05,0.0,0.0,3,44.80027770996094
std005,1,KL007,ccab10940199f04759a7aee3b98da016aa5c2c4f70da11a1ab00aafd823377c1,98,490,0,0.07020869106054306,-0.028614284470677376,-0.12235672026872635,-0.00011621697815843192,0.0,-0.0,-0.0,-0.0,-0.00011621697815843192,0.0,0.0,1,153.35475158691406
std005,1,KL008,ccab10940199f04759a7aee3b98da016aa5c2c4f70da11a1ab00aafd823377c1,98,490,0,-0.007098617032170296,-0.057136937975883484,0.0644572302699089,-0.00028227858423209,0.0,-0.0,-0.0,-0.0,-0.00028227858423209,0.0,0.0,0,
std005,1,KL009,ccab10940199f04759a7aee3b98da016aa5c2c4f70da11a1ab00aafd823377c1,98,490,0,0.06586139649152756,-0.04589228332042694,-2.0077199935913086,-0.0001081545035470048,0.0,-0.0,-0.0,-0.0,-0.0001081545035470048,0.0,0.0,3,44.80027770996094
std005,1,KL0010,ccab10940199f04759a7aee3b98da016aa5c2c4f70da11a1ab00aafd823377c1,98,490,0,0.13193637132644653,0.018697060644626617,-0.48679259419441223,-0.0002182420563313424,0.0,-0.0,-0.0,-0.0,-0.0002182420563313424,0.0,0.0,2,127.17949676513672
std005,1,KL001,ccab10940199f04759a7aee3b98da016aa5c2c4f70da11a1ab00aafd823377c1,99,495,0,0.10714975744485855,-0.011700760573148727,0.3016062080860138,-0.00017628103736274625,0.0,-0.0,-0.0,-0.0,-0.00017628103736274625,0.0,0.0,0,
std005,1,KL002,ccab10940199f04759a7aee3b98da016aa5c2c4f70da11a1ab00aafd823377c1,99,495,0,0.0402924045920372,-0.027338791638612747,-0.3896174728870392,-6.599392970272476e-05,0.0,-0.0,-0.0,-0.0,-6.599392970272476e-05,0.0,0.0,0,
std005,1,KL003,ccab10940199f04759a7aee3b98da016aa5c2c4f70da11a1ab00aafd823377c1,99,495,0,-0.01833120919764042,-0.04508069157600403,0.14535781741142273,-3.0325890422137483e-05,0.0,-0.0,-0.0,-0.0,-3.0325890422137483e-05,0.0,0.0,0,
std005,1,KL004,ccab10940199f04759a7aee3b98da016aa5c2c4f70da11a1ab00aafd823377c1,99,495,0,0.07621504366397858,-0.014990519732236862,-0.38238468766212463,-0.00012541708904346917,0.0,-0.0,-0.0,-0.0,-0.00012541708904346917,0.0,0.0,2,67.72875213623047
std005,1,KL005,ccab10940199f04759a7aee3b98da016aa5c2c4f70da11a1ab00aafd823377c1,99,495,0,0.0762290507555008,-0.04652494192123413,-0.1977512687444687,-0.0001261000433622175,0.0,-0.0,-0.0,-0.0,-0.0001261000433622175,0.0,0.0,1,149.61314392089844
std005,1,KL006,ccab10940199f04759a7aee3b98da016aa5c2c4f70da11a1ab00aafd823377c1,99,495,0,0.05675192177295685,-0.03600861132144928,-2.072680711746216,-9.333533821600386e-05,0.0,-0.0,-0.0,-0.0,-9.333533821600386e-05,0.0,0.0,3,45.343666076660156
std005,1,KL007,ccab10940199f04759a7aee3b98da016aa5c2c4f70da11a1ab00aafd823377c1,99,495,0,0.07033295184373856,-0.028094245120882988,-0.12271270900964737,-0.00011646303523555524,0.0,-0.0,-0.0,-0.0,-0.00011646303523555524,0.0,0.0,1,149.61314392089844
std005,1,KL008,ccab10940199f04759a7aee3b98da016aa5c2c4f70da11a1ab00aafd823377c1,99,495,0,-0.008380256593227386,-0.057064950466156006,0.06702949851751328,-0.00028307394795474883,0.0,-0.0,-0.0,-0.0,-0.00028307394795474883,0.0,0.0,0,
std005,1,KL009,ccab10940199f04759a7aee3b98da016aa5c2c4f70da11a1ab00aafd823377c1,99,495,0,0.06558158248662949,-0.04736395180225372,-1.978013277053833,-0.00010770612196095674,0.0,-0.0,-0.0,-0.0,-0.00010770612196095674,0.0,0.0,3,45.343666076660156
std005,1,KL0010,ccab10940199f04759a7aee3b98da016aa5c2c4f70da11a1ab00aafd823377c1,99,495,0,0.12984901666641235,0.026522623375058174,-0.5195422768592834,-0.00021486344336375544,0.0,-0.0,-0.0,-0.0,-0.00021486344336375544,0.0,0.0,2,117.81658172607422
std005,1,KL001,ccab10940199f04759a7aee3b98da016aa5c2c4f70da11a1ab00aafd823377c1,100,500,0,0.10530340671539307,-0.011808354407548904,0.31328240036964417,-0.00017327124541782638,0.0,-0.0,-0.0,-0.0,-0.00017327124541782638,0.0,0.0,0,
std005,1,KL002,ccab10940199f04759a7aee3b98da016aa5c2c4f70da11a1ab00aafd823377c1,100,500,0,0.03994078189134598,-0.027481790632009506,-0.3710080087184906,-6.542199954918119e-05,0.0,-0.0,-0.0,-0.0,-6.542199954918119e-05,0.0,0.0,0,
std005,1,KL003,ccab10940199f04759a7aee3b98da016aa5c2c4f70da11a1ab00aafd823377c1,100,500,0,-0.021972840651869774,-0.043378300964832306,0.16082482039928436,-3.636174725685052e-05,0.0,-0.0,-0.0,-0.0,-3.636174725685052e-05,0.0,0.0,0,
std005,1,KL004,ccab10940199f04759a7aee3b98da016aa5c2c4f70da11a1ab00aafd823377c1,100,500,0,0.12642014026641846,-0.04711723327636719,-0.674762487411499,-0.00020789568060523736,0.0,-0.0,-0.0,-0.0,-0.00020789568060523736,0.0,0.0,2,62.5037841796875
std005,1,KL005,ccab10940199f04759a7aee3b98da016aa5c2c4f70da11a1ab00aafd823377c1,100,500,0,0.07588488608598709,-0.04589298367500305,-0.1983158141374588,-0.00012557013755527469,0.0,-0.0,-0.0,-0.0,-0.00012557013755527469,0.0,0.0,1,144.20620727539062
std005,1,KL006,ccab10940199f04759a7aee3b98da016aa5c2c4f70da11a1ab00aafd823377c1,100,500,0,0.05524066835641861,-0.03567393124103546,-2.036837100982666,-9.086270924228301e-05,0.0,-0.0,-0.0,-0.0,-9.086270924228301e-05,0.0,0.0,3,39.83823776245117
std005,1,KL007,ccab10940199f04759a7aee3b98da016aa5c2c4f70da11a1ab00aafd823377c1,100,500,0,0.06980156153440475,-0.027790077030658722,-0.1261122077703476,-0.00011562482963282124,0.0,-0.0,-0.0,-0.0,-0.00011562482963282124,0.0,0.0,1,144.20620727539062
std005,1,KL008,ccab10940199f04759a7aee3b98da016aa5c2c4f70da11a1ab00aafd823377c1,100,500,0,-0.009002657607197762,-0.0571073517203331,0.0697527751326561,-0.0002850174429390789,0.0,-0.0,-0.0,-0.0,-0.0002850174429390789,0.0,0.0,0,
std005,1,KL009,ccab10940199f04759a7aee3b98da016aa5c2c4f70da11a1ab00aafd823377c1,100,500,0,0.04817402362823486,-0.049265459179878235,-2.0273280143737793,-7.912630289258809e-05,0.0,-0.0,-0.0,-0.0,-7.912630289258809e-05,0.0,0.0,3,39.83823776245117
std005,1,KL0010,ccab10940199f04759a7aee3b98da016aa5c2c4f70da11a1ab00aafd823377c1,100,500,0,0.12887349724769592,0.025609521195292473,-0.4979735016822815,-0.00021332509916724199,0.0,-0.0,-0.0,-0.0,-0.00021332509916724199,0.0,0.0,2,113.18194580078125
std005,1,KL001,ccab10940199f04759a7aee3b98da016aa5c2c4f70da11a1ab00aafd823377c1,101,505,0,0.08895425498485565,-0.007571499794721603,0.3694072365760803,-0.00014639606318994403,0.0,-0.0,-0.0,-0.0,-0.00014639606318994403,0.0,0.0,0,
std005,1,KL002,ccab10940199f04759a7aee3b98da016aa5c2c4f70da11a1ab00aafd823377c1,101,505,0,0.038241900503635406,-0.026470163837075233,-0.3511599600315094,-6.264317850406039e-05,0.0,-0.0,-0.0,-0.0,-6.264317850406039e-05,0.0,0.0,0,
std005,1,KL003,ccab10940199f04759a7aee3b98da016aa5c2c4f70da11a1ab00aafd823377c1,101,505,0,-0.023492082953453064,-0.0426054373383522,0.17946551740169525,-3.888852944117575e-05,0.0,-0.0,-0.0,-0.0,-3.888852944117575e-05,0.0,0.0,0,
std005,1,KL004,ccab10940199f04759a7aee3b98da016aa5c2c4f70da11a1ab00aafd823377c1,101,505,0,0.12726987898349762,-0.04732923209667206,-0.6799660921096802,-0.0002094835760615216,0.0,-0.0,-0.0,-0.0,-0.0002094835760615216,0.0,0.0,2,62.27597427368164
std005,1,KL005,ccab10940199f04759a7aee3b98da016aa5c2c4f70da11a1ab00aafd823377c1,101,505,0,0.09255407005548477,-0.018321992829442024,-0.13412851095199585,-0.00015320171005454413,0.0,-0.0,-0.0,-0.0,-0.00015320171005454413,0.0,0.0,1,140.88670349121094
std005,1,KL006,ccab10940199f04759a7aee3b98da016aa5c2c4f70da11a1ab00aafd823377c1,101,505,0,0.05437169969081879,-0.035003043711185455,-2.0062930583953857,-8.944630205332839e-05,0.0,-0.0,-0.0,-0.0,-8.944630205332839e-05,0.0,0.0,3,36.41426086425781
std005,1,KL007,ccab10940199f04759a7aee3b98da016aa5c2c4f70da11a1ab00aafd823377c1,101,505,0,0.06866038590669632,-0.02735533006489277,-0.1302068680524826,-0.00011377724414825542,0.0,-0.0,-0.0,-0.0,-0.00011377724414825542,0.0,0.0,1,140.88670349121094
std005,1,KL008,ccab10940199f04759a7aee3b98da016aa5c2c4f70da11a1ab00aafd823377c1,101,505,0,-0.008984162472188473,-0.05694087594747543,0.07235678285360336,-0.00028807340861484543,0.0,-0.0,-0.0,-0.0,-0.00028807340861484543,0.0,0.0,0,
std005,1,KL009,ccab10940199f04759a7aee3b98da016aa5c2c4f70da11a1ab00aafd823377c1,101,505,0,0.048475950956344604,-0.048795245587825775,-2.0009241104125977,-7.963075949367475e-05,0.0,-0.0,-0.0,-0.0,-7.963075949367475e-05,0.0,0.0,3,36.41426086425781
std005,1,KL0010,ccab10940199f04759a7aee3b98da016aa5c2c4f70da11a1ab00aafd823377c1,101,505,0,0.1273040622472763,0.02445136196911335,-0.477677583694458,-0.00021080524187891878,0.0,-0.0,-0.0,-0.0,-0.00021080524187891878,0.0,0.0,2,108.32311248779297
std005,1,KL001,ccab10940199f04759a7aee3b98da016aa5c2c4f70da11a1ab00aafd823377c1,102,510,0,0.11544513702392578,-0.020386172458529472,0.1965159922838211,-0.0001899944072223431,0.0,-0.0,-0.0,-0.0,-0.0001899944072223431,0.0,0.0,0,
std005,1,KL002,ccab10940199f04759a7aee3b98da016aa5c2c4f70da11a1ab00aafd823377c1,102,510,0,0.03785667568445206,-0.026481689885258675,-0.3322035074234009,-6.201605652436086e-05,0.0,-0.0,-0.0,-0.0,-6.201605652436086e-05,0.0,0.0,0,
std005,1,KL003,ccab10940199f04759a7aee3b98da016aa5c2c4f70da11a1ab00aafd823377c1,102,510,0,-0.02248472534120083,-0.05206196755170822,0.1498071551322937,-3.7233400328827794e-05,0.0,-0.0,-0.0,-0.0,-3.7233400328827794e-05,0.0,0.0,0,
std005,1,KL004,ccab10940199f04759a7aee3b98da016aa5c2c4f70da11a1ab00aafd823377c1,102,510,0,0.1022510752081871,-0.04662284255027771,-0.7673860788345337,-0.00016836260604234922,0.0,-0.0,-0.0,-0.0,-0.00016836260604234922,0.0,0.0,2,57.17344665527344
std005,1,KL005,ccab10940199f04759a7aee3b98da016aa5c2c4f70da11a1ab00aafd823377c1,102,510,0,0.09089745581150055,-0.024676337838172913,0.075883649289608,-0.00015051199239009085,0.0,-0.0,-0.0,-0.0,-0.00015051199239009085,0.0,0.0,0,
std005,1,KL006,ccab10940199f04759a7aee3b98da016aa5c2c4f70da11a1ab00aafd823377c1,102,510,0,0.004744058474898338,-0.012507686391472816,-2.177506446838379,-7.978079768115633e-06,0.0,-0.0,-0.0,-0.0,-7.978079768115633e-06,0.0,0.0,3,31.311748504638672
std005,1,KL007,ccab10940199f04759a7aee3b98da016aa5c2c4f70da11a1ab00aafd823377c1,102,510,0,0.07359176874160767,-0.03047979809343815,0.07852374762296677,-0.00012199561011620288,0.0,-0.0,-0.0,-0.0,-0.00012199561011620288,0.0,0.0,0,
std005,1,KL008,ccab10940199f04759a7aee3b98da016aa5c2c4f70da11a1ab00aafd823377c1,102,510,0,-0.009216705337166786,-0.05693366378545761,0.07563617080450058,-0.0002907729207348492,0.0,-0.0,-0.0,-0.0,-0.0002907729207348492,0.0,0.0,0,
std005,1,KL009,ccab10940199f04759a7aee3b98da016aa5c2c4f70da11a1ab00aafd823377c1,102,510,0,0.048322081565856934,-0.04952053725719452,-1.9749425649642944,-7.938668305690246e-05,0.0,-0.0,-0.0,-0.0,-7.938668305690246e-05,0.0,0.0,3,31.311748504638672
std005,1,KL0010,ccab10940199f04759a7aee3b98da016aa5c2c4f70da11a1ab00aafd823377c1,102,510,0,0.12603498995304108,0.02412581257522106,-0.4532110393047333,-0.00020878393444682483,0.0,-0.0,-0.0,-0.0,-0.00020878393444682483,0.0,0.0,2,103.38835144042969
std005,1,KL001,ccab10940199f04759a7aee3b98da016aa5c2c4f70da11a1ab00aafd823377c1,103,515,0,0.10913246870040894,-0.021697307005524635,0.2210344523191452,-0.0001796599951967973,0.0,-0.0,-0.0,-0.0,-0.0001796599951967973,0.0,0.0,0,
std005,1,KL002,ccab10940199f04759a7aee3b98da016aa5c2c4f70da11a1ab00aafd823377c1,103,515,0,0.02253938466310501,-0.010691758245229721,-0.3437339961528778,-3.692621725819792e-05,0.0,-0.0,-0.0,-0.0,-3.692621725819792e-05,0.0,0.0,0,
std005,1,KL003,ccab10940199f04759a7aee3b98da016aa5c2c4f70da11a1ab00aafd823377c1,103,515,0,-0.025255100801587105,-0.05171465128660202,0.15904395282268524,-4.183542393221123e-05,0.0,-0.0,-0.0,-0.0,-4.183542393221123e-05,0.0,0.0,0,
std005,1,KL004,ccab10940199f04759a7aee3b98da016aa5c2c4f70da11a1ab00aafd823377c1,103,515,0,0.10156264156103134,-0.04634210467338562,-0.7665239572525024,-0.0001672294391183385,0.0,-0.0,-0.0,-0.0,-0.0001672294391183385,0.0,0.0,2,48.71864318847656
std005,1,KL005,ccab10940199f04759a7aee3b98da016aa5c2c4f70da11a1ab00aafd823377c1,103,515,0,0.09190928936004639,-0.017637217417359352,-0.10695303231477737,-0.00015224238766422057,0.0,-0.0,-0.0,-0.0,-0.00015224238766422057,0.0,0.0,1,157.44940185546875
std005,1,KL006,ccab10940199f04759a7aee3b98da016aa5c2c4f70da11a1ab00aafd823377c1,103,515,0,0.041051313281059265,-0.019812285900115967,-2.0934643745422363,-6.74854631387646e-05,0.0,-0.0,-0.0,-0.0,-6.74854631387646e-05,0.0,0.0,3,22.01062774658203
std005,1,KL007,ccab10940199f04759a7aee3b98da016aa5c2c4f70da11a1ab00aafd823377c1,103,515,0,0.07488009333610535,-0.027295449748635292,-0.10379797965288162,-0.00012418135479404208,0.0,-0.0,-0.0,-0.0,-0.00012418135479404208,0.0,0.0,1,157.44940185546875
std005,1,KL008,ccab10940199f04759a7aee3b98da016aa5c2c4f70da11a1ab00aafd823377c1,103,515,0,-0.009374698624014854,-0.0571628212928772,0.07767762988805771,-0.0002936546735618644,0.0,-0.0,-0.0,-0.0,-0.0002936546735618644,0.0,0.0,0,
std005,1,KL009,ccab10940199f04759a7aee3b98da016aa5c2c4f70da11a1ab00aafd823377c1,103,515,0,0.05506239831447601,-0.042587876319885254,-2.0684449672698975,-9.047008655217961e-05,0.0,-0.0,-0.0,-0.0,-9.047008655217961e-05,0.0,0.0,3,22.01062774658203
std005,1,KL0010,ccab10940199f04759a7aee3b98da016aa5c2c4f70da11a1ab00aafd823377c1,103,515,0,0.1023453027009964,0.03163325786590576,-0.3291853070259094,-0.000169655926027553,0.0,-0.0,-0.0,-0.0,-0.000169655926027553,0.0,0.0,2,103.88957977294922
std005,1,KL001,ccab10940199f04759a7aee3b98da016aa5c2c4f70da11a1ab00aafd823377c1,104,520,0,0.10927242785692215,-0.020670762285590172,0.2356107085943222,-0.00017992138741061437,0.0,-0.0,-0.0,-0.0,-0.00017992138741061437,0.0,0.0,0,
std005,1,KL002,ccab10940199f04759a7aee3b98da016aa5c2c4f70da11a1ab00aafd823377c1,104,520,0,0.0158663522452116,-0.0018949545919895172,-0.7031179070472717,-0.9457237897763552,0.0,-0.9456977940944832,-0.0,-0.0,-2.5995681872004184e-05,1.0,1.0,1,4.7660603523254395
std005,1,KL003,ccab10940199f04759a7aee3b98da016aa5c2c4f70da11a1ab00aafd823377c1,104,520,0,0.019918493926525116,-0.06637664139270782,-0.05253342539072037,-3.28157687228804e-05,0.0,-0.0,-0.0,-0.0,-3.28157687228804e-05,0.0,0.0,0,
std005,1,KL004,ccab10940199f04759a7aee3b98da016aa5c2c4f70da11a1ab00aafd823377c1,104,520,0,0.05813682824373245,0.002314506098628044,-0.566457211971283,-9.587463173104902e-05,0.0,-0.0,-0.0,-0.0,-9.587463173104902e-05,0.0,0.0,2,44.23228073120117
std005,1,KL005,ccab10940199f04759a7aee3b98da016aa5c2c4f70da11a1ab00aafd823377c1,104,520,0,0.09130885452032089,-0.016658417880535126,-0.11205703765153885,-0.0001513049869074689,0.0,-0.0,-0.0,-0.0,-0.0001513049869074689,0.0,0.0,1,150.55691528320312
std005,1,KL006,ccab10940199f04759a7aee3b98da016aa5c2c4f70da11a1ab00aafd823377c1,104,520,0,0.039148442447185516,-0.02131350338459015,-2.0592830181121826,-6.443345922079961e-05,0.0,-0.0,-0.0,-0.0,-6.443345922079961e-05,0.0,0.0,3,19.194324493408203
std005,1,KL007,ccab10940199f04759a7aee3b98da016aa5c2c4f70da11a1ab00aafd823377c1,104,520,0,0.08122257888317108,0.004098895937204361,-0.034558095037937164,-0.0001347574815772986,0.0,-0.0,-0.0,-0.0,-0.0001347574815772986,0.0,0.0,1,150.55691528320312
std005,1,KL008,ccab10940199f04759a7aee3b98da016aa5c2c4f70da11a1ab00aafd823377c1,104,520,0,-0.01137879490852356,-0.05745813250541687,0.08108889311552048,-0.0002935686815253354,0.0,-0.0,-0.0,-0.0,-0.0002935686815253354,0.0,0.0,0,
std005,1,KL009,ccab10940199f04759a7aee3b98da016aa5c2c4f70da11a1ab00aafd823377c1,104,520,0,0.0044318679720163345,-0.029700638726353645,-2.195221185684204,-7.440068798299643e-06,0.0,-0.0,-0.0,-0.0,-7.440068798299643e-06,0.0,0.0,3,19.194324493408203
std005,1,KL0010,ccab10940199f04759a7aee3b98da016aa5c2c4f70da11a1ab00aafd823377c1,104,520,0,0.0973338633775711,0.03893633931875229,-0.664689302444458,-0.9458591750707813,0.0,-0.9456977940944832,-0.0,-0.0,-0.0001613809762981422,1.0,1.0,3,4.7660603523254395
std005,1,KL001,ccab10940199f04759a7aee3b98da016aa5c2c4f70da11a1ab00aafd823377c1,105,525,0,0.07952942699193954,-0.022880690172314644,0.2622021734714508,-0.00013102736587992331,0.0,-0.0,-0.0,-0.0,-0.00013102736587992331,0.0,0.0,0,
std005,1,KL002,ccab10940199f04759a7aee3b98da016aa5c2c4f70da11a1ab00aafd823377c1,105,525,0,0.015964636579155922,-0.0026102978736162186,-0.6872370839118958,-4.728515129038626,0.0,-4.728488970472416,-0.0,-0.0,-2.615856621002166e-05,5.0,0.0,1,0.0
std005,1,KL003,ccab10940199f04759a7aee3b98da016aa5c2c4f70da11a1ab00aafd823377c1,105,525,0,0.01931891031563282,-0.07002094388008118,-0.03354627639055252,-3.202502493304756e-05,0.0,-0.0,-0.0,-0.0,-3.202502493304756e-05,0.0,0.0,0,
std005,1,KL004,ccab10940199f04759a7aee3b98da016aa5c2c4f70da11a1ab00aafd823377c1,105,525,0,0.06116730719804764,-0.024883165955543518,-0.8562132716178894,-0.00010075682789403932,0.0,-0.0,-0.0,-0.0,-0.00010075682789403932,0.0,0.0,2,36.72386169433594
std005,1,KL005,ccab10940199f04759a7aee3b98da016aa5c2c4f70da11a1ab00aafd823377c1,105,525,0,0.08906878530979156,-0.01669740118086338,-0.1331653892993927,-0.00014765144886115744,0.0,-0.0,-0.0,-0.0,-0.00014765144886115744,0.0,0.0,1,127.82830047607422
std005,1,KL006,ccab10940199f04759a7aee3b98da016aa5c2c4f70da11a1ab00aafd823377c1,105,525,0,0.039422690868377686,-0.0211921539157629,-2.1042215824127197,-6.489547040648862e-05,0.0,-0.0,-0.0,-0.0,-6.489547040648862e-05,0.0,0.0,3,16.664766311645508
std005,1,KL007,ccab10940199f04759a7aee3b98da016aa5c2c4f70da11a1ab00aafd823377c1,105,525,0,0.07856578379869461,0.00391619186848402,-0.05510175973176956,-0.00013040944558613866,0.0,-0.0,-0.0,-0.0,-0.00013040944558613866,0.0,0.0,1,127.82830047607422
std005,1,KL008,ccab10940199f04759a7aee3b98da016aa5c2c4f70da11a1ab00aafd823377c1,105,525,0,-0.016250422224402428,-0.057420454919338226,0.11629071086645126,-0.0002888653939834025,0.0,-0.0,-0.0,-0.0,-0.0002888653939834025,0.0,0.0,0,
std005,1,KL009,ccab10940199f04759a7aee3b98da016aa5c2c4f70da11a1ab00aafd823377c1,105,525,0,-0.0085084093734622,0.00606105662882328,-2.274022102355957,-1.3983458458003589e-05,0.0,-0.0,-0.0,-0.0,-1.3983458458003589e-05,0.0,0.0,3,16.664766311645508
std005,1,KL0010,ccab10940199f04759a7aee3b98da016aa5c2c4f70da11a1ab00aafd823377c1,105,525,0,0.09718307852745056,0.038782596588134766,-0.6260132789611816,-4.728650172865517,0.0,-4.728488970472416,-0.0,-0.0,-0.0001612023931008011,5.0,0.0,3,0.0
std005,1,KL001,ccab10940199f04759a7aee3b98da016aa5c2c4f70da11a1ab00aafd823377c1,106,530,0,0.08003579080104828,-0.022358756512403488,0.26496633887290955,-0.00013183360276787704,0.0,-0.0,-0.0,-0.0,-0.00013183360276787704,0.0,0.0,0,
std005,1,KL002,ccab10940199f04759a7aee3b98da016aa5c2c4f70da11a1ab00aafd823377c1,106,530,0,0.01793086715042591,-0.018249288201332092,-0.6528525352478027,-1.8914249704922692,0.0,-1.8913955881889664,-0.0,-0.0,-2.9382303302849522e-05,2.0,0.0,1,0.0
std005,1,KL003,ccab10940199f04759a7aee3b98da016aa5c2c4f70da11a1ab00aafd823377c1,106,530,0,0.01940789446234703,-0.07035667449235916,-0.018379785120487213,-3.2184704925044324e-05,0.0,-0.0,-0.0,-0.0,-3.2184704925044324e-05,0.0,0.0,0,
std005,1,KL004,ccab10940199f04759a7aee3b98da016aa5c2c4f70da11a1ab00aafd823377c1,106,530,0,0.05895300209522247,-0.02491905353963375,-0.8560144901275635,-9.712772892159678e-05,0.0,-0.0,-0.0,-0.0,-9.712772892159678e-05,0.0,0.0,2,31.832454681396484
std005,1,KL005,ccab10940199f04759a7aee3b98da016aa5c2c4f70da11a1ab00aafd823377c1,106,530,0,0.0878240093588829,-0.017002049833536148,-0.13783375918865204,-0.00014564770015769682,0.0,-0.0,-0.0,-0.0,-0.00014564770015769682,0.0,0.0,1,125.44292449951172
std005,1,KL006,ccab10940199f04759a7aee3b98da016aa5c2c4f70da11a1ab00aafd823377c1,106,530,0,0.038484200835227966,0.03337766230106354,-2.081660509109497,-6.33623638418367e-05,0.0,-0.0,-0.0,-0.0,-6.33623638418367e-05,0.0,0.0,3,12.312333106994629
std005,1,KL007,ccab10940199f04759a7aee3b98da016aa5c2c4f70da11a1ab00aafd823377c1,106,530,0,0.0772584080696106,0.005065110512077808,-0.05450049787759781,-0.00012830071632319537,0.0,-0.0,-0.0,-0.0,-0.00012830071632319537,0.0,0.0,1,125.44292449951172
std005,1,KL008,ccab10940199f04759a7aee3b98da016aa5c2c4f70da11a1ab00aafd823377c1,106,530,0,-0.016889700666069984,-0.05733897536993027,0.11901115626096725,-0.0002912362090048572,0.0,-0.0,-0.0,-0.0,-0.0002912362090048572,0.0,0.0,0,
std005,1,KL009,ccab10940199f04759a7aee3b98da016aa5c2c4f70da11a1ab00aafd823377c1,106,530,0,-0.01485273614525795,0.014239761978387833,-2.351740837097168,-2.4413622021569484e-05,0.0,-0.0,-0.0,-0.0,-2.4413622021569484e-05,0.0,0.0,3,12.312333106994629
std005,1,KL0010,ccab10940199f04759a7aee3b98da016aa5c2c4f70da11a1ab00aafd823377c1,106,530,0,0.09600432962179184,0.039025940001010895,-0.5993470549583435,-1.8915549093265347,0.0,-1.8913955881889664,-0.0,-0.0,-0.00015932113756833566,2.0,0.0,3,0.0
std005,1,KL001,ccab10940199f04759a7aee3b98da016aa5c2c4f70da11a1ab00aafd823377c1,107,535,0,0.08210527896881104,-0.020640160888433456,0.29967644810676575,-0.00013526767342983474,0.0,-0.0,-0.0,-0.0,-0.00013526767342983474,0.0,0.0,0,
std005,1,KL002,ccab10940199f04759a7aee3b98da016aa5c2c4f70da11a1ab00aafd823377c1,107,535,0,0.033217594027519226,-0.01556171104311943,-0.23284463584423065,-5.4435405031080394e-05,0.0,-0.0,-0.0,-0.0,-5.4435405031080394e-05,0.0,0.0,0,
std005,1,KL003,ccab10940199f04759a7aee3b98da016aa5c2c4f70da11a1ab00aafd823377c1,107,535,0,0.019169887527823448,-0.07041223347187042,-0.008955934084951878,-3.1802525192963756e-05,0.0,-0.0,-0.0,-0.0,-3.1802525192963756e-05,0.0,0.0,0,
std005,1,KL004,ccab10940199f04759a7aee3b98da016aa5c2c4f70da11a1ab00aafd823377c1,107,535,0,0.04305119067430496,-0.0215595755726099,-0.9104947447776794,-7.09433077192149e-05,0.0,-0.0,-0.0,-0.0,-7.09433077192149e-05,0.0,0.0,2,26.679563522338867
std005,1,KL005,ccab10940199f04759a7aee3b98da016aa5c2c4f70da11a1ab00aafd823377c1,107,535,0,0.08759432286024094,-0.016498656943440437,-0.13924811780452728,-0.0001453286767769377,0.0,-0.0,-0.0,-0.0,-0.0001453286767769377,0.0,0.0,1,121.96586608886719
std005,1,KL006,ccab10940199f04759a7aee3b98da016aa5c2c4f70da11a1ab00aafd823377c1,107,535,0,0.06967847049236298,-0.03874216228723526,-2.347456216812134,-0.00011469110504064021,0.0,-0.0,-0.0,-0.0,-0.00011469110504064021,0.0,0.0,3,7.494905471801758
std005,1,KL007,ccab10940199f04759a7aee3b98da016aa5c2c4f70da11a1ab00aafd823377c1,107,535,0,0.07705258578062057,0.005259672179818153,-0.05637148767709732,-0.00012802270074835698,0.0,-0.0,-0.0,-0.0,-0.00012802270074835698,0.0,0.0,1,121.96586608886719
std005,1,KL008,ccab10940199f04759a7aee3b98da016aa5c2c4f70da11a1ab00aafd823377c1,107,535,0,-0.017055407166481018,-0.05742599070072174,0.1189522072672844,-0.00029446050835087796,0.0,-0.0,-0.0,-0.0,-0.00029446050835087796,0.0,0.0,0,
std005,1,KL009,ccab10940199f04759a7aee3b98da016aa5c2c4f70da11a1ab00aafd823377c1,107,535,0,-0.016050025820732117,0.01502117421478033,-2.3398373126983643,-2.6385357509733988e-05,0.0,-0.0,-0.0,-0.0,-2.6385357509733988e-05,0.0,0.0,3,7.494905471801758
std005,1,KL0010,ccab10940199f04759a7aee3b98da016aa5c2c4f70da11a1ab00aafd823377c1,107,535,0,0.09894367307424545,0.02951078675687313,-0.22989314794540405,-0.00016427662920991026,0.0,-0.0,-0.0,-0.0,-0.00016427662920991026,0.0,0.0,2,79.86316680908203
std005,1,KL001,ccab10940199f04759a7aee3b98da016aa5c2c4f70da11a1ab00aafd823377c1,108,540,0,0.0760020837187767,-0.03300750255584717,0.25353512167930603,-0.00012523714703815565,0.0,-0.0,-0.0,-0.0,-0.00012523714703815565,0.0,0.0,0,
std005,1,KL002,ccab10940199f04759a7aee3b98da016aa5c2c4f70da11a1ab00aafd823377c1,108,540,0,0.03848414123058319,-0.03694485127925873,-0.11026566475629807,-6.307011551526153e-05,0.0,-0.0,-0.0,-0.0,-6.307011551526153e-05,0.0,0.0,0,
std005,1,KL003,ccab10940199f04759a7aee3b98da016aa5c2c4f70da11a1ab00aafd823377c1,108,540,0,0.018758321180939674,-0.07014381885528564,-0.002993442816659808,-3.113249476742186e-05,0.0,-0.0,-0.0,-0.0,-3.113249476742186e-05,0.0,0.0,0,
std005,1,KL004,ccab10940199f04759a7aee3b98da016aa5c2c4f70da11a1ab00aafd823377c1,108,540,0,0.025744138285517693,-0.0335947647690773,-0.9550176858901978,-4.243203394454285e-05,0.0,-0.0,-0.0,-0.0,-4.243203394454285e-05,0.0,0.0,2,21.439712524414062
std005,1,KL005,ccab10940199f04759a7aee3b98da016aa5c2c4f70da11a1ab00aafd823377c1,108,540,0,0.08744455873966217,-0.015887374058365822,-0.1400216519832611,-0.00014514467730155335,0.0,-0.0,-0.0,-0.0,-0.00014514467730155335,0.0,0.0,1,117.9580078125
std005,1,KL006,ccab10940199f04759a7aee3b98da016aa5c2c4f70da11a1ab00aafd823377c1,108,540,0,0.06014028191566467,-0.05330943316221237,-2.382455587387085,-1.8914946381165352,0.0,-1.8913955881889664,-0.0,-0.0,-9.904992756881725e-05,2.0,1.0,3,3.461186170578003
std005,1,KL007,ccab10940199f04759a7aee3b98da016aa5c2c4f70da11a1ab00aafd823377c1,108,540,0,0.07684537023305893,0.005511162802577019,-0.05740935355424881,-0.00012774501433835493,0.0,-0.0,-0.0,-0.0,-0.00012774501433835493,0.0,0.0,1,117.9580078125
std005,1,KL008,ccab10940199f04759a7aee3b98da016aa5c2c4f70da11a1ab00aafd823377c1,108,540,0,0.052986495196819305,-0.05714774131774902,-0.03949684649705887,-0.0004126961727523801,0.0,-0.0,-0.0,-0.0,-0.0004126961727523801,0.0,0.0,0,
std005,1,KL009,ccab10940199f04759a7aee3b98da016aa5c2c4f70da11a1ab00aafd823377c1,108,540,0,-0.016424022614955902,0.015589719638228416,-2.3379666805267334,-1.8914225922999752,0.0,-1.8913955881889664,-0.0,-0.0,-2.7004111008865905e-05,2.0,1.0,3,3.461186170578003
std005,1,KL0010,ccab10940199f04759a7aee3b98da016aa5c2c4f70da11a1ab00aafd823377c1,108,540,0,0.09748901426792145,0.00032785022631287575,-0.41399428248405457,-0.0001619401340999675,0.0,-0.0,-0.0,-0.0,-0.0001619401340999675,0.0,0.0,2,72.32521057128906
std005,1,KL001,ccab10940199f04759a7aee3b98da016aa5c2c4f70da11a1ab00aafd823377c1,109,545,0,0.07388501614332199,-0.03400731831789017,0.26700201630592346,-0.000121772577012196,0.0,-0.0,-0.0,-0.0,-0.000121772577012196,0.0,0.0,0,
std005,1,KL002,ccab10940199f04759a7aee3b98da016aa5c2c4f70da11a1ab00aafd823377c1,109,545,0,0.03672251105308533,-0.03682221472263336,-0.09613844007253647,-6.018721415472222e-05,0.0,-0.0,-0.0,-0.0,-6.018721415472222e-05,0.0,0.0,0,
std005,1,KL003,ccab10940199f04759a7aee3b98da016aa5c2c4f70da11a1ab00aafd823377c1,109,545,0,0.017805999144911766,-0.07016441971063614,0.004647842608392239,-2.9564582216684237e-05,0.0,-0.0,-0.0,-0.0,-2.9564582216684237e-05,0.0,0.0,0,
std005,1,KL004,ccab10940199f04759a7aee3b98da016aa5c2c4f70da11a1ab00aafd823377c1,109,545,0,0.024698778986930847,-0.03370073437690735,-0.95839524269104,-4.071728813305749e-05,0.0,-0.0,-0.0,-0.0,-4.071728813305749e-05,0.0,0.0,2,15.938238143920898
std005,1,KL005,ccab10940199f04759a7aee3b98da016aa5c2c4f70da11a1ab00aafd823377c1,109,545,0,0.07281822711229324,-0.018196703866124153,-0.22496150434017181,-0.00012092571549000344,0.0,-0.0,-0.0,-0.0,-0.00012092571549000344,0.0,0.0,1,114.09483337402344
std005,1,KL006,ccab10940199f04759a7aee3b98da016aa5c2c4f70da11a1ab00aafd823377c1,109,545,0,0.06098949909210205,-0.05123580992221832,-2.371344566345215,-4.728589436202173,0.0,-4.728488970472416,-0.0,-0.0,-0.00010046572975763723,5.0,0.0,3,0.0
std005,1,KL007,ccab10940199f04759a7aee3b98da016aa5c2c4f70da11a1ab00aafd823377c1,109,545,0,0.07636906206607819,0.005307937040925026,-0.055532462894916534,-0.00012702261269887502,0.0,-0.0,-0.0,-0.0,-0.00012702261269887502,0.0,0.0,1,114.09483337402344
std005,1,KL008,ccab10940199f04759a7aee3b98da016aa5c2c4f70da11a1ab00aafd823377c1,109,545,0,0.057976603507995605,-0.058690525591373444,-0.03299493342638016,-0.0004239362375041296,0.0,-0.0,-0.0,-0.0,-0.0004239362375041296,0.0,0.0,0,
std005,1,KL009,ccab10940199f04759a7aee3b98da016aa5c2c4f70da11a1ab00aafd823377c1,109,545,0,-0.015775887295603752,0.01704905740916729,-2.3229827880859375,-4.728514912807741,0.0,-4.728488970472416,-0.0,-0.0,-2.5942335325268573e-05,5.0,0.0,3,0.0
std005,1,KL0010,ccab10940199f04759a7aee3b98da016aa5c2c4f70da11a1ab00aafd823377c1,109,545,0,0.09515731781721115,0.000986003316938877,-0.3842792510986328,-0.0001581476145439992,0.0,-0.0,-0.0,-0.0,-0.0001581476145439992,0.0,0.0,2,68.12007904052734
std005,1,KL001,ccab10940199f04759a7aee3b98da016aa5c2c4f70da11a1ab00aafd823377c1,110,550,0,0.07157326489686966,-0.03438816964626312,0.2807333767414093,-0.00011798636251880285,0.0,-0.0,-0.0,-0.0,-0.00011798636251880285,0.0,0.0,0,
std005,1,KL002,ccab10940199f04759a7aee3b98da016aa5c2c4f70da11a1ab00aafd823377c1,110,550,0,0.035595595836639404,-0.036797866225242615,-0.07400179654359818,-5.8344323767778994e-05,0.0,-0.0,-0.0,-0.0,-5.8344323767778994e-05,0.0,0.0,0,
std005,1,KL003,ccab10940199f04759a7aee3b98da016aa5c2c4f70da11a1ab00aafd823377c1,110,550,0,0.017273951321840286,-0.07002433389425278,0.013939372263848782,-2.869395041911104e-05,0.0,-0.0,-0.0,-0.0,-2.869395041911104e-05,0.0,0.0,0,
std005,1,KL004,ccab10940199f04759a7aee3b98da016aa5c2c4f70da11a1ab00aafd823377c1,110,550,0,0.02315601520240307,-0.03393871337175369,-0.9547333717346191,-3.8181917092560746e-05,0.0,-0.0,-0.0,-0.0,-3.8181917092560746e-05,0.0,0.0,2,10.927982330322266
std005,1,KL005,ccab10940199f04759a7aee3b98da016aa5c2c4f70da11a1ab00aafd823377c1,110,550,0,0.07279172539710999,-0.017082110047340393,-0.2546790540218353,-0.00012094036809118402,0.0,-0.0,-0.0,-0.0,-0.00012094036809118402,0.0,0.0,1,89.04027557373047
std005,1,KL006,ccab10940199f04759a7aee3b98da016aa5c2c4f70da11a1ab00aafd823377c1,110,550,0,0.06115353852510452,-0.051071614027023315,-2.3414690494537354,-4.728589724133092,0.0,-4.728488970472416,-0.0,-0.0,-0.00010075366067585634,5.0,0.0,3,0.0
std005,1,KL007,ccab10940199f04759a7aee3b98da016aa5c2c4f70da11a1ab00aafd823377c1,110,550,0,0.07562222331762314,0.005774448625743389,-0.08304638415575027,-0.00012585257440030946,0.0,-0.0,-0.0,-0.0,-0.00012585257440030946,0.0,0.0,1,89.04027557373047
std005,1,KL008,ccab10940199f04759a7aee3b98da016aa5c2c4f70da11a1ab00aafd823377c1,110,550,0,0.058276981115341187,-0.05859566479921341,-0.035402990877628326,-0.0004269447542988731,0.0,-0.0,-0.0,-0.0,-0.0004269447542988731,0.0,0.0,0,
std005,1,KL009,ccab10940199f04759a7aee3b98da016aa5c2c4f70da11a1ab00aafd823377c1,110,550,0,-0.016366010531783104,0.01739250309765339,-2.292921304702759,-4.728515887341069,0.0,-4.728488970472416,-0.0,-0.0,-2.691686865308185e-05,5.0,0.0,3,0.0
std005,1,KL0010,ccab10940199f04759a7aee3b98da016aa5c2c4f70da11a1ab00aafd823377c1,110,550,0,0.09373786300420761,-3.6897603422403336e-05,-0.35852178931236267,-0.00015587137698464462,0.0,-0.0,-0.0,-0.0,-0.00015587137698464462,0.0,0.0,2,63.145530700683594
std005,1,KL001,ccab10940199f04759a7aee3b98da016aa5c2c4f70da11a1ab00aafd823377c1,111,555,0,0.06929300725460052,-0.03466961532831192,0.2920285761356354,-0.00011425119970334251,0.0,-0.0,-0.0,-0.0,-0.00011425119970334251,0.0,0.0,0,
std005,1,KL002,ccab10940199f04759a7aee3b98da016aa5c2c4f70da11a1ab00aafd823377c1,111,555,0,0.03462006896734238,-0.03683515638113022,-0.05186327546834946,-5.67493908940212e-05,0.0,-0.0,-0.0,-0.0,-5.67493908940212e-05,0.0,0.0,0,
std005,1,KL003,ccab10940199f04759a7aee3b98da016aa5c2c4f70da11a1ab00aafd823377c1,111,555,0,0.01709926687180996,-0.06993414461612701,0.02257036417722702,-2.8416973530274296e-05,0.0,-0.0,-0.0,-0.0,-2.8416973530274296e-05,0.0,0.0,0,
std005,1,KL004,ccab10940199f04759a7aee3b98da016aa5c2c4f70da11a1ab00aafd823377c1,111,555,0,0.02168235369026661,-0.03407879173755646,-0.9513797163963318,-3.5759675107689195e-05,0.0,-0.0,-0.0,-0.0,-3.5759675107689195e-05,0.0,0.0,2,5.91202974319458
std005,1,KL005,ccab10940199f04759a7aee3b98da016aa5c2c4f70da11a1ab00aafd823377c1,111,555,0,0.0724593922495842,-0.01655220426619053,-0.2556728422641754,-0.00012044937118389646,0.0,-0.0,-0.0,-0.0,-0.00012044937118389646,0.0,0.0,1,86.13408660888672
std005,1,KL006,ccab10940199f04759a7aee3b98da016aa5c2c4f70da11a1ab00aafd823377c1,111,555,0,0.061215803027153015,-0.0508665069937706,-2.314885139465332,-4.7285898449596155,0.0,-4.728488970472416,-0.0,-0.0,-0.00010087448719975356,5.0,0.0,3,0.0
std005,1,KL007,ccab10940199f04759a7aee3b98da016aa5c2c4f70da11a1ab00aafd823377c1,111,555,0,0.06415862590074539,-0.0012146495282649994,-0.17348334193229675,-0.00010684007503461193,0.0,-0.0,-0.0,-0.0,-0.00010684007503461193,0.0,0.0,1,86.13408660888672
std005,1,KL008,ccab10940199f04759a7aee3b98da016aa5c2c4f70da11a1ab00aafd823377c1,111,555,0,0.058338701725006104,-0.05844682455062866,-0.03871137648820877,-0.00042958435638527936,0.0,-0.0,-0.0,-0.0,-0.00042958435638527936,0.0,0.0,0,
std005,1,KL009,ccab10940199f04759a7aee3b98da016aa5c2c4f70da11a1ab00aafd823377c1,111,555,0,0.0234617218375206,-0.0267792958766222,-2.456204414367676,-4.728527481903903,0.0,-4.728488970472416,-0.0,-0.0,-3.851143148736469e-05,5.0,0.0,3,0.0
std005,1,KL0010,ccab10940199f04759a7aee3b98da016aa5c2c4f70da11a1ab00aafd823377c1,111,555,0,0.09133521467447281,-0.016791516914963722,-0.3962012827396393,-0.00015195963697381317,0.0,-0.0,-0.0,-0.0,-0.00015195963697381317,0.0,0.0,2,58.2204704284668
std005,1,KL001,ccab10940199f04759a7aee3b98da016aa5c2c4f70da11a1ab00aafd823377c1,112,560,0,0.06760737299919128,-0.03435712307691574,0.30346760153770447,-0.00011149573855142142,0.0,-0.0,-0.0,-0.0,-0.00011149573855142142,0.0,0.0,0,
std005,1,KL002,ccab10940199f04759a7aee3b98da016aa5c2c4f70da11a1ab00aafd823377c1,112,560,0,0.033759213984012604,-0.0367303341627121,-0.030357472598552704,-5.534228237208729e-05,0.0,-0.0,-0.0,-0.0,-5.534228237208729e-05,0.0,0.0,0,
std005,1,KL003,ccab10940199f04759a7aee3b98da016aa5c2c4f70da11a1ab00aafd823377c1,112,560,0,0.016784323379397392,-0.06959560513496399,0.02965133637189865,-2.7907114386551513e-05,0.0,-0.0,-0.0,-0.0,-2.7907114386551513e-05,0.0,0.0,0,
std005,1,KL004,ccab10940199f04759a7aee3b98da016aa5c2c4f70da11a1ab00aafd823377c1,112,560,0,0.020218003541231155,-0.034043796360492706,-0.9352103471755981,-4.728522322435652,0.0,-4.728488970472416,-0.0,-0.0,-3.3351963236505355e-05,5.0,1.0,2,0.9031484723091125
std005,1,KL005,ccab10940199f04759a7aee3b98da016aa5c2c4f70da11a1ab00aafd823377c1,112,560,0,0.07333239167928696,-0.015664007514715195,-0.23377437889575958,-0.00012196521602601789,0.0,-0.0,-0.0,-0.0,-0.00012196521602601789,0.0,0.0,1,100.66516876220703
std005,1,KL006,ccab10940199f04759a7aee3b98da016aa5c2c4f70da11a1ab00aafd823377c1,112,560,0,0.05936284363269806,-0.05046217143535614,-2.237652063369751,-9.457075780350596,0.0,-9.456977940944832,-0.0,-0.0,-9.783940576468808e-05,10.0,1.0,3,0.0
std005,1,KL007,ccab10940199f04759a7aee3b98da016aa5c2c4f70da11a1ab00aafd823377c1,112,560,0,0.06577683240175247,-0.00024336157366633415,-0.1515035778284073,-0.00010960346721195946,0.0,-0.0,-0.0,-0.0,-0.00010960346721195946,0.0,0.0,1,100.66516876220703
std005,1,KL008,ccab10940199f04759a7aee3b98da016aa5c2c4f70da11a1ab00aafd823377c1,112,560,0,0.05838053673505783,-0.05849618464708328,-0.040959663689136505,-0.00043221761157165626,0.0,-0.0,-0.0,-0.0,-0.00043221761157165626,0.0,0.0,0,
std005,1,KL009,ccab10940199f04759a7aee3b98da016aa5c2c4f70da11a1ab00aafd823377c1,112,560,0,0.05667808651924133,-0.026038264855742455,-2.35115122795105,-4.7285821607394745,0.0,-4.728488970472416,-0.0,-0.0,-9.319026705867373e-05,5.0,0.0,3,0.0
std005,1,KL0010,ccab10940199f04759a7aee3b98da016aa5c2c4f70da11a1ab00aafd823377c1,112,560,0,0.09079249948263168,-0.01732577010989189,-0.37935808300971985,-0.0001511431495494974,0.0,-0.0,-0.0,-0.0,-0.0001511431495494974,0.0,0.0,2,53.31821060180664
std005,1,KL001,ccab10940199f04759a7aee3b98da016aa5c2c4f70da11a1ab00aafd823377c1,113,565,0,0.06698973476886749,-0.03350654989480972,0.3100045621395111,-0.00011050141221352955,0.0,-0.0,-0.0,-0.0,-0.00011050141221352955,0.0,0.0,0,
std005,1,KL002,ccab10940199f04759a7aee3b98da016aa5c2c4f70da11a1ab00aafd823377c1,113,565,0,0.032941363751888275,-0.04217173904180527,-0.009409853257238865,-5.400547071062694e-05,0.0,-0.0,-0.0,-0.0,-5.400547071062694e-05,0.0,0.0,0,
std005,1,KL003,ccab10940199f04759a7aee3b98da016aa5c2c4f70da11a1ab00aafd823377c1,113,565,0,0.019070768728852272,-0.07234138995409012,0.04527517408132553,-3.17247767963789e-05,0.0,-0.0,-0.0,-0.0,-3.17247767963789e-05,0.0,0.0,0,
std005,1,KL004,ccab10940199f04759a7aee3b98da016aa5c2c4f70da11a1ab00aafd823377c1,113,565,0,0.01862921752035618,-0.034035906195640564,-0.9166353344917297,-4.7285197085452095,0.0,-4.728488970472416,-0.0,-0.0,-3.073807279374563e-05,5.0,0.0,2,0.0
std005,1,KL005,ccab10940199f04759a7aee3b98da016aa5c2c4f70da11a1ab00aafd823377c1,113,565,0,0.07331880927085876,-0.014690721407532692,-0.23813115060329437,-0.00012201061545579759,0.0,-0.0,-0.0,-0.0,-0.00012201061545579759,0.0,0.0,1,94.7467041015625
std005,1,KL006,ccab10940199f04759a7aee3b98da016aa5c2c4f70da11a1ab00aafd823377c1,113,565,0,0.0577411949634552,-0.04975756257772446,-2.1831295490264893,-9.457073125943191,0.0,-9.456977940944832,-0.0,-0.0,-9.518499835969862e-05,10.0,0.0,3,0.0
std005,1,KL007,ccab10940199f04759a7aee3b98da016aa5c2c4f70da11a1ab00aafd823377c1,113,565,0,0.06590835750102997,0.0004522218368947506,-0.15603171288967133,-0.00010989534883938658,0.0,-0.0,-0.0,-0.0,-0.00010989534883938658,0.0,0.0,1,94.7467041015625
std005,1,KL008,ccab10940199f04759a7aee3b98da016aa5c2c4f70da11a1ab00aafd823377c1,113,565,0,0.019720708951354027,-0.042103610932826996,-0.031663842499256134,-0.0003714253310882506,0.0,-0.0,-0.0,-0.0,-0.0003714253310882506,0.0,0.0,0,
std005,1,KL009,ccab10940199f04759a7aee3b98da016aa5c2c4f70da11a1ab00aafd823377c1,113,565,0,0.05665011703968048,-0.029942426830530167,-2.308659076690674,-4.728582181360134,0.0,-4.728488970472416,-0.0,-0.0,-9.321088771852004e-05,5.0,0.0,3,0.0
std005,1,KL0010,ccab10940199f04759a7aee3b98da016aa5c2c4f70da11a1ab00aafd823377c1,113,565,0,0.09021063894033432,-0.01797756738960743,-0.359742134809494,-0.00015026467769503114,0.0,-0.0,-0.0,-0.0,-0.00015026467769503114,0.0,0.0,2,48.51822280883789
std005,1,KL001,ccab10940199f04759a7aee3b98da016aa5c2c4f70da11a1ab00aafd823377c1,114,570,0,0.06584587693214417,-0.03245859593153,0.31540969014167786,-0.0001086392574018359,0.0,-0.0,-0.0,-0.0,-0.0001086392574018359,0.0,0.0,0,
std005,1,KL002,ccab10940199f04759a7aee3b98da016aa5c2c4f70da11a1ab00aafd823377c1,114,570,0,0.018103064969182014,-0.04966558516025543,-0.06439176946878433,-2.968120140713457e-05,0.0,-0.0,-0.0,-0.0,-2.968120140713457e-05,0.0,0.0,0,
std005,1,KL003,ccab10940199f04759a7aee3b98da016aa5c2c4f70da11a1ab00aafd823377c1,114,570,0,0.019180115312337875,-0.07257957756519318,0.055168114602565765,-3.1923553947859445e-05,0.0,-0.0,-0.0,-0.0,-3.1923553947859445e-05,0.0,0.0,0,
std005,1,KL004,ccab10940199f04759a7aee3b98da016aa5c2c4f70da11a1ab00aafd823377c1,114,570,0,0.017104431986808777,-0.033941760659217834,-0.9088147878646851,-8.511308375666284,0.0,-8.511280146850348,-0.0,-0.0,-2.8228815935449347e-05,9.0,1.0,2,0.0
std005,1,KL005,ccab10940199f04759a7aee3b98da016aa5c2c4f70da11a1ab00aafd823377c1,114,570,0,0.07304569333791733,-0.013759617693722248,-0.2434530407190323,-0.00012162731814455197,0.0,-0.0,-0.0,-0.0,-0.00012162731814455197,0.0,0.0,1,90.25604248046875
std005,1,KL006,ccab10940199f04759a7aee3b98da016aa5c2c4f70da11a1ab00aafd823377c1,114,570,0,0.05668247491121292,-0.05002798140048981,-2.1603777408599854,-9.457071399136968,0.0,-9.456977940944832,-0.0,-0.0,-9.345819213635309e-05,10.0,0.0,3,0.0
std005,1,KL007,ccab10940199f04759a7aee3b98da016aa5c2c4f70da11a1ab00aafd823377c1,114,570,0,0.06571922451257706,0.0011881478130817413,-0.16129164397716522,-0.00010965650357524012,0.0,-0.0,-0.0,-0.0,-0.00010965650357524012,0.0,0.0,1,90.25604248046875
std005,1,KL008,ccab10940199f04759a7aee3b98da016aa5c2c4f70da11a1ab00aafd823377c1,114,570,0,0.016738614067435265,-0.04142114520072937,-0.04256496578454971,-0.0003697264735024088,0.0,-0.0,-0.0,-0.0,-0.0003697264735024088,0.0,0.0,0,
std005,1,KL009,ccab10940199f04759a7aee3b98da016aa5c2c4f70da11a1ab00aafd823377c1,114,570,0,0.055531322956085205,-0.03170875459909439,-2.2887346744537354,-8.51137153087194,0.0,-8.511280146850348,-0.0,-0.0,-9.138402159258874e-05,9.0,1.0,3,0.0
std005,1,KL0010,ccab10940199f04759a7aee3b98da016aa5c2c4f70da11a1ab00aafd823377c1,114,570,0,0.08967550843954086,-0.019693925976753235,-0.33089807629585266,-0.0001494673606922019,0.0,-0.0,-0.0,-0.0,-0.0001494673606922019,0.0,0.0,2,43.691253662109375
std005,1,KL001,ccab10940199f04759a7aee3b98da016aa5c2c4f70da11a1ab00aafd823377c1,115,575,0,0.06514200568199158,-0.032173849642276764,0.3181517422199249,-0.00010750306340722647,0.0,-0.0,-0.0,-0.0,-0.00010750306340722647,0.0,0.0,0,
std005,1,KL002,ccab10940199f04759a7aee3b98da016aa5c2c4f70da11a1ab00aafd823377c1,115,575,0,0.016900338232517242,-0.04995151609182358,-0.04183631390333176,-2.7711286731065855e-05,0.0,-0.0,-0.0,-0.0,-2.7711286731065855e-05,0.0,0.0,0,
std005,1,KL003,ccab10940199f04759a7aee3b98da016aa5c2c4f70da11a1ab00aafd823377c1,115,575,0,0.054911188781261444,-0.06312861293554306,0.05694916099309921,-9.132783704143833e-05,0.0,-0.0,-0.0,-0.0,-9.132783704143833e-05,0.0,0.0,0,
std005,1,KL004,ccab10940199f04759a7aee3b98da016aa5c2c4f70da11a1ab00aafd823377c1,115,575,0,0.01584368199110031,-0.0339946523308754,-0.8962818384170532,-9.457004095379684,0.0,-9.456977940944832,-0.0,-0.0,-2.6154434852543318e-05,10.0,0.0,2,0.0
std005,1,KL005,ccab10940199f04759a7aee3b98da016aa5c2c4f70da11a1ab00aafd823377c1,115,575,0,0.07287918776273727,-0.01331558357924223,-0.246465265750885,-0.00012142473598789382,0.0,-0.0,-0.0,-0.0,-0.00012142473598789382,0.0,0.0,1,85.94129180908203
std005,1,KL006,ccab10940199f04759a7aee3b98da016aa5c2c4f70da11a1ab00aafd823377c1,115,575,0,0.037215687334537506,-0.043984249234199524,-1.9646949768066406,-9.457039317243824,0.0,-9.456977940944832,-0.0,-0.0,-6.13762989924993e-05,10.0,0.0,3,0.0
std005,1,KL007,ccab10940199f04759a7aee3b98da016aa5c2c4f70da11a1ab00aafd823377c1,115,575,0,0.06556684523820877,0.00139613077044487,-0.1646362841129303,-0.00010948286213717404,0.0,-0.0,-0.0,-0.0,-0.00010948286213717404,0.0,0.0,1,85.94129180908203
std005,1,KL008,ccab10940199f04759a7aee3b98da016aa5c2c4f70da11a1ab00aafd823377c1,115,575,0,0.01581924967467785,-0.04071386158466339,-0.046152956783771515,-0.0003716473371539109,0.0,-0.0,-0.0,-0.0,-0.0003716473371539109,0.0,0.0,0,
std005,1,KL009,ccab10940199f04759a7aee3b98da016aa5c2c4f70da11a1ab00aafd823377c1,115,575,0,0.05474168807268143,-0.031435996294021606,-2.279635190963745,-9.457068039622337,0.0,-9.456977940944832,-0.0,-0.0,-9.009867750542355e-05,10.0,0.0,3,0.0
std005,1,KL0010,ccab10940199f04759a7aee3b98da016aa5c2c4f70da11a1ab00aafd823377c1,115,575,0,0.08791998773813248,-0.029490724205970764,-0.39195987582206726,-0.0001466378697900041,0.0,-0.0,-0.0,-0.0,-0.0001466378697900041,0.0,0.0,2,38.82377243041992
std005,1,KL001,ccab10940199f04759a7aee3b98da016aa5c2c4f70da11a1ab00aafd823377c1,116,580,0,0.06422466784715652,-0.031371451914310455,0.32134032249450684,-0.00010601480392761624,0.0,-0.0,-0.0,-0.0,-0.00010601480392761624,0.0,0.0,0,
std005,1,KL002,ccab10940199f04759a7aee3b98da016aa5c2c4f70da11a1ab00aafd823377c1,116,580,0,0.016277316957712173,-0.051980145275592804,-0.020129986107349396,-2.6691704581782667e-05,0.0,-0.0,-0.0,-0.0,-2.6691704581782667e-05,0.0,0.0,0,
std005,1,KL003,ccab10940199f04759a7aee3b98da016aa5c2c4f70da11a1ab00aafd823377c1,116,580,0,0.054825350642204285,-0.06424547731876373,0.06298116594552994,-9.135376880741136e-05,0.0,-0.0,-0.0,-0.0,-9.135376880741136e-05,0.0,0.0,0,
std005,1,KL004,ccab10940199f04759a7aee3b98da016aa5c2c4f70da11a1ab00aafd823377c1,116,580,0,0.014707325026392937,-0.034153684973716736,-0.8923042416572571,-9.457002225565713,0.0,-9.456977940944832,-0.0,-0.0,-2.4284620881331875e-05,10.0,0.0,2,0.0
std005,1,KL005,ccab10940199f04759a7aee3b98da016aa5c2c4f70da11a1ab00aafd823377c1,116,580,0,0.07203605771064758,-0.01271235104650259,-0.2480405569076538,-0.00012009779848485712,0.0,-0.0,-0.0,-0.0,-0.00012009779848485712,0.0,0.0,1,81.70269012451172
std005,1,KL006,ccab10940199f04759a7aee3b98da016aa5c2c4f70da11a1ab00aafd823377c1,116,580,0,0.03727363049983978,-0.043175555765628815,-1.9568812847137451,-9.457039424072688,0.0,-9.456977940944832,-0.0,-0.0,-6.148312785647647e-05,10.0,0.0,3,0.0
std005,1,KL007,ccab10940199f04759a7aee3b98da016aa5c2c4f70da11a1ab00aafd823377c1,116,580,0,0.06498236209154129,0.0018900064751505852,-0.16648341715335846,-0.00010859147882394342,0.0,-0.0,-0.0,-0.0,-0.00010859147882394342,0.0,0.0,1,81.70269012451172
std005,1,KL008,ccab10940199f04759a7aee3b98da016aa5c2c4f70da11a1ab00aafd823377c1,116,580,0,0.014889845624566078,-0.03990395367145538,-0.05101882666349411,-0.0003736311267076189,0.0,-0.0,-0.0,-0.0,-0.0003736311267076189,0.0,0.0,0,
std005,1,KL009,ccab10940199f04759a7aee3b98da016aa5c2c4f70da11a1ab00aafd823377c1,116,580,0,0.04795926809310913,-0.04235877841711044,-2.299109935760498,-9.457056889195346,0.0,-9.456977940944832,-0.0,-0.0,-7.89482505147987e-05,10.0,0.0,3,0.0
std005,1,KL0010,ccab10940199f04759a7aee3b98da016aa5c2c4f70da11a1ab00aafd823377c1,116,580,0,0.09907638281583786,-0.01736542023718357,-0.6102166175842285,-0.0001653563647528336,0.0,-0.0,-0.0,-0.0,-0.0001653563647528336,0.0,0.0,2,34.77334213256836
std005,1,KL001,ccab10940199f04759a7aee3b98da016aa5c2c4f70da11a1ab00aafd823377c1,117,585,0,0.06309937685728073,-0.031049521639943123,0.32331910729408264,-0.00010418328086993637,0.0,-0.0,-0.0,-0.0,-0.00010418328086993637,0.0,0.0,0,
std005,1,KL002,ccab10940199f04759a7aee3b98da016aa5c2c4f70da11a1ab00aafd823377c1,117,585,0,0.01377266924828291,-0.05315917730331421,-0.0013508729171007872,-2.2586271998921914e-05,0.0,-0.0,-0.0,-0.0,-2.2586271998921914e-05,0.0,0.0,0,
std005,1,KL003,ccab10940199f04759a7aee3b98da016aa5c2c4f70da11a1ab00aafd823377c1,117,585,0,0.05451372265815735,-0.06393340975046158,0.06560108810663223,-9.0890288610199e-05,0.0,-0.0,-0.0,-0.0,-9.0890288610199e-05,0.0,0.0,0,
std005,1,KL004,ccab10940199f04759a7aee3b98da016aa5c2c4f70da11a1ab00aafd823377c1,117,585,0,0.0157249104231596,-0.031614407896995544,-0.8428571224212646,-9.45700391247322,0.0,-9.456977940944832,-0.0,-0.0,-2.5971528389234777e-05,10.0,0.0,2,0.0
std005,1,KL005,ccab10940199f04759a7aee3b98da016aa5c2c4f70da11a1ab00aafd823377c1,117,585,0,0.07162898778915405,-0.01218956708908081,-0.25156378746032715,-0.00011950061569482481,0.0,-0.0,-0.0,-0.0,-0.00011950061569482481,0.0,0.0,1,77.23480987548828
std005,1,KL006,ccab10940199f04759a7aee3b98da016aa5c2c4f70da11a1ab00aafd823377c1,117,585,0,0.03664854168891907,-0.043020255863666534,-1.943472146987915,-9.457038406177626,0.0,-9.456977940944832,-0.0,-0.0,-6.046523279401583e-05,10.0,0.0,3,0.0
std005,1,KL007,ccab10940199f04759a7aee3b98da016aa5c2c4f70da11a1ab00aafd823377c1,117,585,0,0.06450824439525604,0.002187788952142,-0.17015685141086578,-0.00010788811108869818,0.0,-0.0,-0.0,-0.0,-0.00010788811108869818,0.0,0.0,1,77.23480987548828
std005,1,KL008,ccab10940199f04759a7aee3b98da016aa5c2c4f70da11a1ab00aafd823377c1,117,585,0,0.014181606471538544,-0.03924909234046936,-0.053257979452610016,-0.0003760605505474205,0.0,-0.0,-0.0,-0.0,-0.0003760605505474205,0.0,0.0,0,
std005,1,KL009,ccab10940199f04759a7aee3b98da016aa5c2c4f70da11a1ab00aafd823377c1,117,585,0,0.03475544601678848,-0.01983434520661831,-1.6594643592834473,-9.457035163667593,0.0,-9.456977940944832,-0.0,-0.0,-5.7222722761096634e-05,10.0,0.0,3,0.0
std005,1,KL0010,ccab10940199f04759a7aee3b98da016aa5c2c4f70da11a1ab00aafd823377c1,117,585,0,0.08666571974754333,-0.010724315419793129,-0.5780538320541382,-0.0001447541197567529,0.0,-0.0,-0.0,-0.0,-0.0001447541197567529,0.0,0.0,2,29.787778854370117
std005,1,KL001,ccab10940199f04759a7aee3b98da016aa5c2c4f70da11a1ab00aafd823377c1,118,590,0,0.06227828562259674,-0.03066706843674183,0.32577642798423767,-0.00010285406102076399,0.0,-0.0,-0.0,-0.0,-0.00010285406102076399,0.0,0.0,0,
std005,1,KL002,ccab10940199f04759a7aee3b98da016aa5c2c4f70da11a1ab00aafd823377c1,118,590,0,0.011016296222805977,-0.05254475027322769,0.013255498372018337,-1.8067406534038345e-05,0.0,-0.0,-0.0,-0.0,-1.8067406534038345e-05,0.0,0.0,0,
std005,1,KL003,ccab10940199f04759a7aee3b98da016aa5c2c4f70da11a1ab00aafd823377c1,118,590,0,0.0246902983635664,-0.059756532311439514,0.07149641960859299,-4.128221683674993e-05,0.0,-0.0,-0.0,-0.0,-4.128221683674993e-05,0.0,0.0,0,
std005,1,KL004,ccab10940199f04759a7aee3b98da016aa5c2c4f70da11a1ab00aafd823377c1,118,590,0,0.015048639848828316,-0.031216304749250412,-0.8397247791290283,-9.457002802171043,0.0,-9.456977940944832,-0.0,-0.0,-2.4861226211925214e-05,10.0,0.0,2,0.0
std005,1,KL005,ccab10940199f04759a7aee3b98da016aa5c2c4f70da11a1ab00aafd823377c1,118,590,0,0.07123198360204697,-0.01180325634777546,-0.25349104404449463,-0.00011892379394007636,0.0,-0.0,-0.0,-0.0,-0.00011892379394007636,0.0,0.0,1,73.15016174316406
std005,1,KL006,ccab10940199f04759a7aee3b98da016aa5c2c4f70da11a1ab00aafd823377c1,118,590,0,0.03564715385437012,-0.04268307983875275,-1.9269108772277832,-9.457036767267779,0.0,-9.456977940944832,-0.0,-0.0,-5.88263229470698e-05,10.0,0.0,3,0.0
std005,1,KL007,ccab10940199f04759a7aee3b98da016aa5c2c4f70da11a1ab00aafd823377c1,118,590,0,0.0641331821680069,0.0023487512953579426,-0.17263749241828918,-0.00010735461730241208,0.0,-0.0,-0.0,-0.0,-0.00010735461730241208,0.0,0.0,1,73.15016174316406
std005,1,KL008,ccab10940199f04759a7aee3b98da016aa5c2c4f70da11a1ab00aafd823377c1,118,590,0,0.03460782766342163,-0.03955975919961929,-0.027067042887210846,-0.0004132722762988465,0.0,-0.0,-0.0,-0.0,-0.0004132722762988465,0.0,0.0,0,
std005,1,KL009,ccab10940199f04759a7aee3b98da016aa5c2c4f70da11a1ab00aafd823377c1,118,590,0,0.03864356130361557,-0.028999987989664078,-1.6437002420425415,-9.457041575926747,0.0,-9.456977940944832,-0.0,-0.0,-6.363498191497285e-05,10.0,0.0,3,0.0
std005,1,KL0010,ccab10940199f04759a7aee3b98da016aa5c2c4f70da11a1ab00aafd823377c1,118,590,0,0.08552681654691696,-0.011290159076452255,-0.5472722053527832,-0.00014296404623138017,0.0,-0.0,-0.0,-0.0,-0.00014296404623138017,0.0,0.0,2,24.89466094970703
std005,1,KL001,ccab10940199f04759a7aee3b98da016aa5c2c4f70da11a1ab00aafd823377c1,119,595,0,0.06150634586811066,-0.030745504423975945,0.32794323563575745,-0.00010160619003376887,0.0,-0.0,-0.0,-0.0,-0.00010160619003376887,0.0,0.0,0,
std005,1,KL002,ccab10940199f04759a7aee3b98da016aa5c2c4f70da11a1ab00aafd823377c1,119,595,0,0.006885753013193607,-0.05081246793270111,0.021891839802265167,-1.1293980774174801e-05,0.0,-0.0,-0.0,-0.0,-1.1293980774174801e-05,0.0,0.0,0,
std005,1,KL003,ccab10940199f04759a7aee3b98da016aa5c2c4f70da11a1ab00aafd823377c1,119,595,0,0.02326151728630066,-0.058848246932029724,0.07085961848497391,-3.8836537883741235e-05,0.0,-0.0,-0.0,-0.0,-3.8836537883741235e-05,0.0,0.0,0,
std005,1,KL004,ccab10940199f04759a7aee3b98da016aa5c2c4f70da11a1ab00aafd823377c1,119,595,0,0.0146369319409132,-0.03130900859832764,-0.8288564682006836,-9.457002128673961,0.0,-9.456977940944832,-0.0,-0.0,-2.4187729129820923e-05,10.0,0.0,2,0.0
std005,1,KL005,ccab10940199f04759a7aee3b98da016aa5c2c4f70da11a1ab00aafd823377c1,119,595,0,0.07143985480070114,-0.011461527086794376,-0.25520792603492737,-0.00011936135094713328,0.0,-0.0,-0.0,-0.0,-0.00011936135094713328,0.0,0.0,1,68.90364837646484
std005,1,KL006,ccab10940199f04759a7aee3b98da016aa5c2c4f70da11a1ab00aafd823377c1,119,595,0,0.06757014989852905,-0.06158560514450073,-1.8120874166488647,-9.457089411696842,0.0,-9.456977940944832,-0.0,-0.0,-0.00011147075201023426,10.0,0.0,3,0.0
std005,1,KL007,ccab10940199f04759a7aee3b98da016aa5c2c4f70da11a1ab00aafd823377c1,119,595,0,0.06419134885072708,0.002299920190125704,-0.17535878717899323,-0.00010755165145838134,0.0,-0.0,-0.0,-0.0,-0.00010755165145838134,0.0,0.0,1,68.90364837646484
std005,1,KL008,ccab10940199f04759a7aee3b98da016aa5c2c4f70da11a1ab00aafd823377c1,119,595,0,0.058531105518341064,-0.04660145938396454,-0.0032288215588778257,-0.0004558589068763883,0.0,-0.0,-0.0,-0.0,-0.0004558589068763883,0.0,0.0,0,
std005,1,KL009,ccab10940199f04759a7aee3b98da016aa5c2c4f70da11a1ab00aafd823377c1,119,595,0,0.03892464190721512,-0.02820739895105362,-1.6249778270721436,-9.457042049976444,0.0,-9.456977940944832,-0.0,-0.0,-6.410903161224724e-05,10.0,0.0,3,0.0
std005,1,KL0010,ccab10940199f04759a7aee3b98da016aa5c2c4f70da11a1ab00aafd823377c1,119,595,0,0.0860704705119133,-0.030287327244877815,-0.7114040851593018,-0.00014398988750218946,0.0,-0.0,-0.0,-0.0,-0.00014398988750218946,0.0,0.0,2,19.96757698059082
std005,1,KL001,ccab10940199f04759a7aee3b98da016aa5c2c4f70da11a1ab00aafd823377c1,120,600,0,0.052997589111328125,-0.02056087926030159,0.24571822583675385,-8.757500147520866e-05,0.0,-0.0,-0.0,-0.0,-8.757500147520866e-05,0.0,0.0,0,
std005,1,KL002,ccab10940199f04759a7aee3b98da016aa5c2c4f70da11a1ab00aafd823377c1,120,600,0,0.046286195516586304,-0.05952595919370651,-0.11188923567533493,-7.586151117628352e-05,0.0,-0.0,-0.0,-0.0,-7.586151117628352e-05,0.0,0.0,0,
std005,1,KL003,ccab10940199f04759a7aee3b98da016aa5c2c4f70da11a1ab00aafd823377c1,120,600,0,0.009068019688129425,-0.05616838485002518,0.04048002511262894,-1.5150626217727215e-05,0.0,-0.0,-0.0,-0.0,-1.5150626217727215e-05,0.0,0.0,0,
std005,1,KL004,ccab10940199f04759a7aee3b98da016aa5c2c4f70da11a1ab00aafd823377c1,120,600,0,0.01447235606610775,-0.03158171847462654,-0.8100904226303101,-9.45700186352317,0.0,-9.456977940944832,-0.0,-0.0,-2.3922578337831624e-05,10.0,0.0,2,0.0
std005,1,KL005,ccab10940199f04759a7aee3b98da016aa5c2c4f70da11a1ab00aafd823377c1,120,600,0,0.06109550595283508,-0.014283234253525734,-0.333721399307251,-0.00010216156032791312,0.0,-0.0,-0.0,-0.0,-0.00010216156032791312,0.0,0.0,1,64.72708129882812
std005,1,KL006,ccab10940199f04759a7aee3b98da016aa5c2c4f70da11a1ab00aafd823377c1,120,600,0,0.06756382435560226,-0.0635233074426651,-1.8108128309249878,-9.457089485496255,0.0,-9.456977940944832,-0.0,-0.0,-0.00011154455142303732,10.0,0.0,3,0.0
std005,1,KL007,ccab10940199f04759a7aee3b98da016aa5c2c4f70da11a1ab00aafd823377c1,120,600,0,0.0638050064444542,0.002416048664599657,-0.17634275555610657,-0.00010700992188037113,0.0,-0.0,-0.0,-0.0,-0.00010700992188037113,0.0,0.0,1,64.72708129882812
std005,1,KL008,ccab10940199f04759a7aee3b98da016aa5c2c4f70da11a1ab00aafd823377c1,120,600,0,0.0602516233921051,-0.04638472944498062,-0.002023556036874652,-0.00046152296007657663,0.0,-0.0,-0.0,-0.0,-0.00046152296007657663,0.0,0.0,0,
std005,1,KL009,ccab10940199f04759a7aee3b98da016aa5c2c4f70da11a1ab00aafd823377c1,120,600,0,0.038815297186374664,-0.027717256918549538,-1.6171389818191528,-9.457041881363963,0.0,-9.456977940944832,-0.0,-0.0,-6.394041913182491e-05,10.0,0.0,3,0.0
std005,1,KL0010,ccab10940199f04759a7aee3b98da016aa5c2c4f70da11a1ab00aafd823377c1,120,600,0,0.06780782341957092,-0.038096971809864044,-0.8650915622711182,-0.00011354629351336623,0.0,-0.0,-0.0,-0.0,-0.00011354629351336623,0.0,0.0,2,14.30473804473877
std005,1,KL001,ccab10940199f04759a7aee3b98da016aa5c2c4f70da11a1ab00aafd823377c1,121,605,0,0.052583903074264526,-0.019705764949321747,0.24720783531665802,-8.691652134601076e-05,0.0,-0.0,-0.0,-0.0,-8.691652134601076e-05,0.0,0.0,0,
std005,1,KL002,ccab10940199f04759a7aee3b98da016aa5c2c4f70da11a1ab00aafd823377c1,121,605,0,0.04469049721956253,-0.06300380080938339,-0.11106642335653305,-7.331144969298152e-05,0.0,-0.0,-0.0,-0.0,-7.331144969298152e-05,0.0,0.0,0,
std005,1,KL003,ccab10940199f04759a7aee3b98da016aa5c2c4f70da11a1ab00aafd823377c1,121,605,0,0.008155224844813347,-0.055391959846019745,0.039974145591259,-1.3635990763219566e-05,0.0,-0.0,-0.0,-0.0,-1.3635990763219566e-05,0.0,0.0,0,
std005,1,KL004,ccab10940199f04759a7aee3b98da016aa5c2c4f70da11a1ab00aafd823377c1,121,605,0,0.013769639655947685,-0.0317688062787056,-0.7970499992370605,-9.457000708660514,0.0,-9.456977940944832,-0.0,-0.0,-2.2767715682547873e-05,10.0,0.0,2,0.0
std005,1,KL005,ccab10940199f04759a7aee3b98da016aa5c2c4f70da11a1ab00aafd823377c1,121,605,0,0.06094340234994888,-0.013605482876300812,-0.34528523683547974,-0.00010199391610347289,0.0,-0.0,-0.0,-0.0,-0.00010199391610347289,0.0,0.0,1,51.223724365234375
std005,1,KL006,ccab10940199f04759a7aee3b98da016aa5c2c4f70da11a1ab00aafd823377c1,121,605,0,0.07754487544298172,-0.07782596349716187,-1.799972653388977,-9.457105991915398,0.0,-9.456977940944832,-0.0,-0.0,-0.00012805097056656223,10.0,0.0,3,0.0
std005,1,KL007,ccab10940199f04759a7aee3b98da016aa5c2c4f70da11a1ab00aafd823377c1,121,605,0,0.05798017978668213,0.002125922590494156,-0.2703110873699188,-9.734412588215216e-05,0.0,-0.0,-0.0,-0.0,-9.734412588215216e-05,0.0,0.0,1,51.223724365234375
std005,1,KL008,ccab10940199f04759a7aee3b98da016aa5c2c4f70da11a1ab00aafd823377c1,121,605,0,0.05969388037919998,-0.04620371758937836,-0.0056581879034638405,-0.00046342872228817664,0.0,-0.0,-0.0,-0.0,-0.00046342872228817664,0.0,0.0,0,
std005,1,KL009,ccab10940199f04759a7aee3b98da016aa5c2c4f70da11a1ab00aafd823377c1,121,605,0,0.033402569591999054,-0.03787364065647125,-1.4335519075393677,-9.457032975062257,0.0,-9.456977940944832,-0.0,-0.0,-5.503411742502351e-05,10.0,0.0,3,0.0
std005,1,KL0010,ccab10940199f04759a7aee3b98da016aa5c2c4f70da11a1ab00aafd823377c1,121,605,0,0.06509602069854736,-0.038069672882556915,-0.8418550491333008,-0.00010909888926814746,0.0,-0.0,-0.0,-0.0,-0.00010909888926814746,0.0,0.0,2,9.38286304473877
std005,1,KL001,ccab10940199f04759a7aee3b98da016aa5c2c4f70da11a1ab00aafd823377c1,122,610,0,0.05155660957098007,-0.019357575103640556,0.24959833920001984,-8.524402686148225e-05,0.0,-0.0,-0.0,-0.0,-8.524402686148225e-05,0.0,0.0,0,
std005,1,KL002,ccab10940199f04759a7aee3b98da016aa5c2c4f70da11a1ab00aafd823377c1,122,610,0,0.042950473725795746,-0.06230594217777252,-0.09948430210351944,-7.046270849225838e-05,0.0,-0.0,-0.0,-0.0,-7.046270849225838e-05,0.0,0.0,0,
std005,1,KL003,ccab10940199f04759a7aee3b98da016aa5c2c4f70da11a1ab00aafd823377c1,122,610,0,0.007716212421655655,-0.0554315522313118,0.0437416210770607,-1.2912394211141775e-05,0.0,-0.0,-0.0,-0.0,-1.2912394211141775e-05,0.0,0.0,0,
std005,1,KL004,ccab10940199f04759a7aee3b98da016aa5c2c4f70da11a1ab00aafd823377c1,122,610,0,0.013148656114935875,-0.031751856207847595,-0.7690153121948242,-9.456999688522515,0.0,-9.456977940944832,-0.0,-0.0,-2.174757768358404e-05,10.0,0.0,2,0.0
std005,1,KL005,ccab10940199f04759a7aee3b98da016aa5c2c4f70da11a1ab00aafd823377c1,122,610,0,0.060711562633514404,-0.013439907692372799,-0.33994659781455994,-0.00010169764275202494,0.0,-0.0,-0.0,-0.0,-0.00010169764275202494,0.0,0.0,1,52.72210693359375
std005,1,KL006,ccab10940199f04759a7aee3b98da016aa5c2c4f70da11a1ab00aafd823377c1,122,610,0,0.07664892822504044,-0.07899785041809082,-1.7771364450454712,-10.402802336549136,0.0,-10.402675735039315,-0.0,-0.0,-0.00012660150982135576,11.0,1.0,3,0.0
std005,1,KL007,ccab10940199f04759a7aee3b98da016aa5c2c4f70da11a1ab00aafd823377c1,122,610,0,0.05795679986476898,0.0019404636695981026,-0.26441678404808044,-9.741429504567307e-05,0.0,-0.0,-0.0,-0.0,-9.741429504567307e-05,0.0,0.0,1,52.72210693359375
std005,1,KL008,ccab10940199f04759a7aee3b98da016aa5c2c4f70da11a1ab00aafd823377c1,122,610,0,0.04500344395637512,-0.06035243719816208,0.02520882338285446,-0.0004421605803209413,0.0,-0.0,-0.0,-0.0,-0.0004421605803209413,0.0,0.0,0,
std005,1,KL009,ccab10940199f04759a7aee3b98da016aa5c2c4f70da11a1ab00aafd823377c1,122,610,0,0.03296990692615509,-0.037399791181087494,-1.4094386100769043,-9.457032272331816,0.0,-9.456977940944832,-0.0,-0.0,-5.433138698407447e-05,10.0,0.0,3,0.0
std005,1,KL0010,ccab10940199f04759a7aee3b98da016aa5c2c4f70da11a1ab00aafd823377c1,122,610,0,0.06313401460647583,-0.03810977190732956,-0.830379843711853,-0.9458037080739811,0.0,-0.9456977940944832,-0.0,-0.0,-0.00010591397949788472,1.0,1.0,2,4.311890602111816
std005,1,KL001,ccab10940199f04759a7aee3b98da016aa5c2c4f70da11a1ab00aafd823377c1,123,615,0,0.03446865826845169,-0.03104930929839611,0.24382059276103973,-5.70086247451308e-05,0.0,-0.0,-0.0,-0.0,-5.70086247451308e-05,0.0,0.0,0,
std005,1,KL002,ccab10940199f04759a7aee3b98da016aa5c2c4f70da11a1ab00aafd823377c1,123,615,0,0.04173699766397476,-0.06183677166700363,-0.08568728715181351,-6.847751615076898e-05,0.0,-0.0,-0.0,-0.0,-6.847751615076898e-05,0.0,0.0,0,
std005,1,KL003,ccab10940199f04759a7aee3b98da016aa5c2c4f70da11a1ab00aafd823377c1,123,615,0,-0.004629516042768955,-0.062036000192165375,0.07444306463003159,-7.753862787723334e-06,0.0,-0.0,-0.0,-0.0,-7.753862787723334e-06,0.0,0.0,0,
std005,1,KL004,ccab10940199f04759a7aee3b98da016aa5c2c4f70da11a1ab00aafd823377c1,123,615,0,0.012004256248474121,-0.031653642654418945,-0.7293192148208618,-4.728508831532842,0.0,-4.728488970472416,-0.0,-0.0,-1.9861060426507038e-05,5.0,0.0,2,0.0
std005,1,KL005,ccab10940199f04759a7aee3b98da016aa5c2c4f70da11a1ab00aafd823377c1,123,615,0,0.03270711004734039,-0.026547512039542198,-0.40908870100975037,-5.493645679446666e-05,0.0,-0.0,-0.0,-0.0,-5.493645679446666e-05,0.0,0.0,1,48.20600128173828
std005,1,KL006,ccab10940199f04759a7aee3b98da016aa5c2c4f70da11a1ab00aafd823377c1,123,615,0,0.07403946667909622,-0.07737429440021515,-1.7704495191574097,-9.457100262625124,0.0,-9.456977940944832,-0.0,-0.0,-0.0001223216802923588,10.0,0.0,3,0.0
std005,1,KL007,ccab10940199f04759a7aee3b98da016aa5c2c4f70da11a1ab00aafd823377c1,123,615,0,0.024592971429228783,-0.008847313933074474,-0.3217673599720001,-4.1564072470558394e-05,0.0,-0.0,-0.0,-0.0,-4.1564072470558394e-05,0.0,0.0,1,48.20600128173828
std005,1,KL008,ccab10940199f04759a7aee3b98da016aa5c2c4f70da11a1ab00aafd823377c1,123,615,0,0.0444670096039772,-0.059677816927433014,0.016431353986263275,-0.00044451642679338595,0.0,-0.0,-0.0,-0.0,-0.00044451642679338595,0.0,0.0,0,
std005,1,KL009,ccab10940199f04759a7aee3b98da016aa5c2c4f70da11a1ab00aafd823377c1,123,615,0,0.032283008098602295,-0.03716368228197098,-1.3659151792526245,-9.457031150580324,0.0,-9.456977940944832,-0.0,-0.0,-5.320963549237945e-05,10.0,0.0,3,0.0
std005,1,KL0010,ccab10940199f04759a7aee3b98da016aa5c2c4f70da11a1ab00aafd823377c1,123,615,0,0.06124737113714218,-0.0383409708738327,-0.8214556574821472,-4.72859182633142,0.0,-4.728488970472416,-0.0,-0.0,-0.00010285585900415839,5.0,0.0,2,0.0
std005,1,KL001,ccab10940199f04759a7aee3b98da016aa5c2c4f70da11a1ab00aafd823377c1,124,620,0,0.034478746354579926,-0.030499329790472984,0.24249280989170074,-5.70433502248721e-05,0.0,-0.0,-0.0,-0.0,-5.70433502248721e-05,0.0,0.0,0,
std005,1,KL002,ccab10940199f04759a7aee3b98da016aa5c2c4f70da11a1ab00aafd823377c1,124,620,0,0.03939376771450043,-0.06213095039129257,-0.07259400933980942,-6.463837618455708e-05,0.0,-0.0,-0.0,-0.0,-6.463837618455708e-05,0.0,0.0,0,
std005,1,KL003,ccab10940199f04759a7aee3b98da016aa5c2c4f70da11a1ab00aafd823377c1,124,620,0,-0.005625666119158268,-0.061409637331962585,0.08013217896223068,-9.43081597148784e-06,0.0,-0.0,-0.0,-0.0,-9.43081597148784e-06,0.0,0.0,0,
std005,1,KL004,ccab10940199f04759a7aee3b98da016aa5c2c4f70da11a1ab00aafd823377c1,124,620,0,0.023241383954882622,-0.03153073042631149,-0.4252920150756836,-4.728527435644292,0.0,-4.728488970472416,-0.0,-0.0,-3.846517187611198e-05,5.0,0.0,1,0.0
std005,1,KL005,ccab10940199f04759a7aee3b98da016aa5c2c4f70da11a1ab00aafd823377c1,124,620,0,0.03395505249500275,-0.02726423740386963,-0.3958832025527954,-5.6991536613411194e-05,0.0,-0.0,-0.0,-0.0,-5.6991536613411194e-05,0.0,0.0,1,56.627960205078125
std005,1,KL006,ccab10940199f04759a7aee3b98da016aa5c2c4f70da11a1ab00aafd823377c1,124,620,0,0.06524373590946198,-0.07051261514425278,-1.443861722946167,-9.457085759548402,0.0,-9.456977940944832,-0.0,-0.0,-0.00010781860357056416,10.0,0.0,2,0.0
std005,1,KL007,ccab10940199f04759a7aee3b98da016aa5c2c4f70da11a1ab00aafd823377c1,124,620,0,0.0263823289424181,-0.00906621478497982,-0.304263710975647,-4.4455474488120365e-05,0.0,-0.0,-0.0,-0.0,-4.4455474488120365e-05,0.0,0.0,1,56.627960205078125
std005,1,KL008,ccab10940199f04759a7aee3b98da016aa5c2c4f70da11a1ab00aafd823377c1,124,620,0,0.044742897152900696,-0.05941645801067352,0.014454684220254421,-0.0004482577623463051,0.0,-0.0,-0.0,-0.0,-0.0004482577623463051,0.0,0.0,0,
std005,1,KL009,ccab10940199f04759a7aee3b98da016aa5c2c4f70da11a1ab00aafd823377c1,124,620,0,0.053658559918403625,-0.0603599026799202,-1.964038372039795,-9.457066395300446,0.0,-9.456977940944832,-0.0,-0.0,-8.845435561433135e-05,10.0,0.0,3,0.0
std005,1,KL0010,ccab10940199f04759a7aee3b98da016aa5c2c4f70da11a1ab00aafd823377c1,124,620,0,0.060134418308734894,-0.037950463593006134,-0.8114465475082397,-4.72859006937095,0.0,-4.728488970472416,-0.0,-0.0,-0.00010109889853460174,5.0,0.0,2,0.0
std005,1,KL001,ccab10940199f04759a7aee3b98da016aa5c2c4f70da11a1ab00aafd823377c1,125,625,0,0.0339292511343956,-0.03018166869878769,0.2462490200996399,-5.6152663646151055e-05,0.0,-0.0,-0.0,-0.0,-5.6152663646151055e-05,0.0,0.0,0,
std005,1,KL002,ccab10940199f04759a7aee3b98da016aa5c2c4f70da11a1ab00aafd823377c1,125,625,0,0.03807905316352844,-0.061529725790023804,-0.06312655657529831,-6.248643917155108e-05,0.0,-0.0,-0.0,-0.0,-6.248643917155108e-05,0.0,0.0,0,
std005,1,KL003,ccab10940199f04759a7aee3b98da016aa5c2c4f70da11a1ab00aafd823377c1,125,625,0,-0.006096444092690945,-0.060911379754543304,0.08237629383802414,-1.0229876808048433e-05,0.0,-0.0,-0.0,-0.0,-1.0229876808048433e-05,0.0,0.0,0,
std005,1,KL004,ccab10940199f04759a7aee3b98da016aa5c2c4f70da11a1ab00aafd823377c1,125,625,0,0.02964678779244423,-0.041836537420749664,-0.3089962303638458,-4.7285380529951935,0.0,-4.728488970472416,-0.0,-0.0,-4.90825227776881e-05,5.0,0.0,1,0.0
std005,1,KL005,ccab10940199f04759a7aee3b98da016aa5c2c4f70da11a1ab00aafd823377c1,125,625,0,0.03374781459569931,-0.026389408856630325,-0.3980141580104828,-5.670501257180643e-05,0.0,-0.0,-0.0,-0.0,-5.670501257180643e-05,0.0,0.0,1,51.149505615234375
std005,1,KL006,ccab10940199f04759a7aee3b98da016aa5c2c4f70da11a1ab00aafd823377c1,125,625,0,0.06481251120567322,-0.06938572227954865,-1.37912118434906,-9.457085075313536,0.0,-9.456977940944832,-0.0,-0.0,-0.00010713436870446458,10.0,0.0,2,0.0
std005,1,KL007,ccab10940199f04759a7aee3b98da016aa5c2c4f70da11a1ab00aafd823377c1,125,625,0,0.026185354217886925,-0.008459284901618958,-0.3073329031467438,-4.4184701189554996e-05,0.0,-0.0,-0.0,-0.0,-4.4184701189554996e-05,0.0,0.0,1,51.149505615234375
std005,1,KL008,ccab10940199f04759a7aee3b98da016aa5c2c4f70da11a1ab00aafd823377c1,125,625,0,0.044877566397190094,-0.05918562412261963,0.01109983678907156,-0.00045179787206416116,0.0,-0.0,-0.0,-0.0,-0.00045179787206416116,0.0,0.0,0,
std005,1,KL009,ccab10940199f04759a7aee3b98da016aa5c2c4f70da11a1ab00aafd823377c1,125,625,0,0.05879638344049454,-0.07296423614025116,-1.9501068592071533,-9.457074885660381,0.0,-9.456977940944832,-0.0,-0.0,-9.694471554944073e-05,10.0,0.0,3,0.0
std005,1,KL0010,ccab10940199f04759a7aee3b98da016aa5c2c4f70da11a1ab00aafd823377c1,125,625,0,0.05859769880771637,-0.038354963064193726,-0.7996560335159302,-4.728587602890578,0.0,-4.728488970472416,-0.0,-0.0,-9.863241816177037e-05,5.0,0.0,2,0.0
std005,1,KL001,ccab10940199f04759a7aee3b98da016aa5c2c4f70da11a1ab00aafd823377c1,126,630,0,0.03339888155460358,-0.029887093231081963,0.2484353929758072,-5.5293736375229864e-05,0.0,-0.0,-0.0,-0.0,-5.5293736375229864e-05,0.0,0.0,0,
std005,1,KL002,ccab10940199f04759a7aee3b98da016aa5c2c4f70da11a1ab00aafd823377c1,126,630,0,0.03657727688550949,-0.0609143003821373,-0.05345665663480759,-6.002725591392455e-05,0.0,-0.0,-0.0,-0.0,-6.002725591392455e-05,0.0,0.0,0,
std005,1,KL003,ccab10940199f04759a7aee3b98da016aa5c2c4f70da11a1ab00aafd823377c1,126,630,0,-0.006553458981215954,-0.06065762788057327,0.08549588173627853,-1.1008047502409917e-05,0.0,-0.0,-0.0,-0.0,-1.1008047502409917e-05,0.0,0.0,0,
std005,1,KL004,ccab10940199f04759a7aee3b98da016aa5c2c4f70da11a1ab00aafd823377c1,126,630,0,0.02772144228219986,-0.04172810912132263,-0.26388826966285706,-3.782837087322746,0.0,-3.7827911763779327,-0.0,-0.0,-4.591094481343205e-05,4.0,0.0,1,0.0
std005,1,KL005,ccab10940199f04759a7aee3b98da016aa5c2c4f70da11a1ab00aafd823377c1,126,630,0,0.0334300622344017,-0.02600875310599804,-0.39980143308639526,-5.623614101008532e-05,0.0,-0.0,-0.0,-0.0,-5.623614101008532e-05,0.0,0.0,1,46.685672760009766
std005,1,KL006,ccab10940199f04759a7aee3b98da016aa5c2c4f70da11a1ab00aafd823377c1,126,630,0,0.06462282687425613,-0.068941131234169,-1.3318653106689453,-9.457084791012845,0.0,-9.456977940944832,-0.0,-0.0,-0.00010685006801303132,10.0,0.0,2,0.0
std005,1,KL007,ccab10940199f04759a7aee3b98da016aa5c2c4f70da11a1ab00aafd823377c1,126,630,0,0.025896158069372177,-0.008102154359221458,-0.3089698255062103,-4.3762058420968386e-05,0.0,-0.0,-0.0,-0.0,-4.3762058420968386e-05,0.0,0.0,1,46.685672760009766
std005,1,KL008,ccab10940199f04759a7aee3b98da016aa5c2c4f70da11a1ab00aafd823377c1,126,630,0,0.04523385316133499,-0.05902321636676788,0.008014998398721218,-0.0004557354123155193,0.0,-0.0,-0.0,-0.0,-0.0004557354123155193,0.0,0.0,0,
std005,1,KL009,ccab10940199f04759a7aee3b98da016aa5c2c4f70da11a1ab00aafd823377c1,126,630,0,0.05810427665710449,-0.07352830469608307,-1.909085750579834,-10.40277155716517,0.0,-10.402675735039315,-0.0,-0.0,-9.582212585534933e-05,11.0,1.0,3,0.0
std005,1,KL0010,ccab10940199f04759a7aee3b98da016aa5c2c4f70da11a1ab00aafd823377c1,126,630,0,0.057142361998558044,-0.03882083296775818,-0.7858198285102844,-6.619980863975572,0.0,-6.619884558661382,-0.0,-0.0,-9.630531419002608e-05,7.0,1.0,2,0.0
std005,1,KL001,ccab10940199f04759a7aee3b98da016aa5c2c4f70da11a1ab00aafd823377c1,127,635,0,0.03289017826318741,-0.029548639431595802,0.2501439154148102,-5.447080949440695e-05,0.0,-0.0,-0.0,-0.0,-5.447080949440695e-05,0.0,0.0,0,
std005,1,KL002,ccab10940199f04759a7aee3b98da016aa5c2c4f70da11a1ab00aafd823377c1,127,635,0,0.03516843914985657,-0.060226790606975555,-0.04428587108850479,-5.772027731592279e-05,0.0,-0.0,-0.0,-0.0,-5.772027731592279e-05,0.0,0.0,0,
std005,1,KL003,ccab10940199f04759a7aee3b98da016aa5c2c4f70da11a1ab00aafd823377c1,127,635,0,-0.006986044347286224,-0.060596346855163574,0.08924698084592819,-1.174753985942852e-05,0.0,-0.0,-0.0,-0.0,-1.174753985942852e-05,0.0,0.0,0,
std005,1,KL004,ccab10940199f04759a7aee3b98da016aa5c2c4f70da11a1ab00aafd823377c1,127,635,0,0.03462694585323334,-0.05632916837930679,0.12008064240217209,-5.736749903892532e-05,0.0,-0.0,-0.0,-0.0,-5.736749903892532e-05,0.0,0.0,0,
std005,1,KL005,ccab10940199f04759a7aee3b98da016aa5c2c4f70da11a1ab00aafd823377c1,127,635,0,0.040183477103710175,0.00010099401697516441,-0.3757353723049164,-6.768172827182336e-05,0.0,-0.0,-0.0,-0.0,-6.768172827182336e-05,0.0,0.0,1,42.186702728271484
std005,1,KL006,ccab10940199f04759a7aee3b98da016aa5c2c4f70da11a1ab00aafd823377c1,127,635,0,0.06449148058891296,-0.06849798560142517,-1.288482666015625,-9.457084604035288,0.0,-9.456977940944832,-0.0,-0.0,-0.00010666309045603839,10.0,0.0,2,0.0
std005,1,KL007,ccab10940199f04759a7aee3b98da016aa5c2c4f70da11a1ab00aafd823377c1,127,635,0,0.018956856802105904,0.017168985679745674,-0.2586608827114105,-3.2088043678046906e-05,0.0,-0.0,-0.0,-0.0,-3.2088043678046906e-05,0.0,0.0,1,42.186702728271484
std005,1,KL008,ccab10940199f04759a7aee3b98da016aa5c2c4f70da11a1ab00aafd823377c1,127,635,0,0.04572544991970062,-0.05900416523218155,0.0050409650430083275,-0.00045992126179968107,0.0,-0.0,-0.0,-0.0,-0.00045992126179968107,0.0,0.0,0,
std005,1,KL009,ccab10940199f04759a7aee3b98da016aa5c2c4f70da11a1ab00aafd823377c1,127,635,0,0.04416487365961075,-0.07399200648069382,-1.635759949684143,-9.457050790174776,0.0,-9.456977940944832,-0.0,-0.0,-7.284922994443832e-05,10.0,0.0,2,0.0
std005,1,KL0010,ccab10940199f04759a7aee3b98da016aa5c2c4f70da11a1ab00aafd823377c1,127,635,0,0.05542895942926407,-0.03909282386302948,-0.7716200947761536,-9.457071486583954,0.0,-9.456977940944832,-0.0,-0.0,-9.354563912289393e-05,10.0,0.0,2,0.0
std005,1,KL001,ccab10940199f04759a7aee3b98da016aa5c2c4f70da11a1ab00aafd823377c1,128,640,0,0.023607665672898293,-0.018945202231407166,0.29945114254951477,-3.911231648831874e-05,0.0,-0.0,-0.0,-0.0,-3.911231648831874e-05,0.0,0.0,0,
std005,1,KL002,ccab10940199f04759a7aee3b98da016aa5c2c4f70da11a1ab00aafd823377c1,128,640,0,0.077634297311306,-0.031173160299658775,-0.1045307144522667,-0.00012734565151179927,0.0,-0.0,-0.0,-0.0,-0.00012734565151179927,0.0,0.0,0,
std005,1,KL003,ccab10940199f04759a7aee3b98da016aa5c2c4f70da11a1ab00aafd823377c1,128,640,0,-0.012511664070189,-0.06658384203910828,0.07384661585092545,-2.1063702456151842e-05,0.0,-0.0,-0.0,-0.0,-2.1063702456151842e-05,0.0,0.0,0,
std005,1,KL004,ccab10940199f04759a7aee3b98da016aa5c2c4f70da11a1ab00aafd823377c1,128,640,0,0.06291434913873672,-0.03195759654045105,0.08901786059141159,-0.00010422431903826171,0.0,-0.0,-0.0,-0.0,-0.00010422431903826171,0.0,0.0,0,
std005,1,KL005,ccab10940199f04759a7aee3b98da016aa5c2c4f70da11a1ab00aafd823377c1,128,640,0,0.03972655534744263,1.2986361980438232e-05,-0.35563206672668457,-6.700305133158453e-05,0.0,-0.0,-0.0,-0.0,-6.700305133158453e-05,0.0,0.0,1,56.7493782043457
std005,1,KL006,ccab10940199f04759a7aee3b98da016aa5c2c4f70da11a1ab00aafd823377c1,128,640,0,0.07804124057292938,-0.04658006131649017,-1.408366322517395,-9.457107051219177,0.0,-9.456977940944832,-0.0,-0.0,-0.00012911027434547862,10.0,0.0,2,0.0
std005,1,KL007,ccab10940199f04759a7aee3b98da016aa5c2c4f70da11a1ab00aafd823377c1,128,640,0,0.01952337473630905,0.017261680215597153,-0.23568333685398102,-3.310600832528184e-05,0.0,-0.0,-0.0,-0.0,-3.310600832528184e-05,0.0,0.0,1,56.7493782043457
std005,1,KL008,ccab10940199f04759a7aee3b98da016aa5c2c4f70da11a1ab00aafd823377c1,128,640,0,0.04635007679462433,-0.05898541212081909,0.001918605761602521,-0.00046434581877641837,0.0,-0.0,-0.0,-0.0,-0.00046434581877641837,0.0,0.0,0,
std005,1,KL009,ccab10940199f04759a7aee3b98da016aa5c2c4f70da11a1ab00aafd823377c1,128,640,0,0.047440022230148315,-0.06905153393745422,-1.6244173049926758,-9.45705620850809,0.0,-9.456977940944832,-0.0,-0.0,-7.826756325890472e-05,10.0,0.0,2,0.0
std005,1,KL0010,ccab10940199f04759a7aee3b98da016aa5c2c4f70da11a1ab00aafd823377c1,128,640,0,0.05419620871543884,-0.039854153990745544,-0.755830705165863,-9.457069541126153,0.0,-9.456977940944832,-0.0,-0.0,-9.160018132092773e-05,10.0,0.0,2,0.0
std005,1,KL001,ccab10940199f04759a7aee3b98da016aa5c2c4f70da11a1ab00aafd823377c1,129,645,0,0.02301923744380474,-0.018053093925118446,0.29908880591392517,-3.8152222474692616e-05,0.0,-0.0,-0.0,-0.0,-3.8152222474692616e-05,0.0,0.0,0,
std005,1,KL002,ccab10940199f04759a7aee3b98da016aa5c2c4f70da11a1ab00aafd823377c1,129,645,0,0.07646120339632034,-0.034396156668663025,-0.10508861392736435,-0.0001255137648041829,0.0,-0.0,-0.0,-0.0,-0.0001255137648041829,0.0,0.0,0,
std005,1,KL003,ccab10940199f04759a7aee3b98da016aa5c2c4f70da11a1ab00aafd823377c1,129,645,0,-0.013277052901685238,-0.06582430005073547,0.0731269046664238,-2.238023050482482e-05,0.0,-0.0,-0.0,-0.0,-2.238023050482482e-05,0.0,0.0,0,
std005,1,KL004,ccab10940199f04759a7aee3b98da016aa5c2c4f70da11a1ab00aafd823377c1,129,645,0,0.056280896067619324,-0.026346318423748016,0.12057565897703171,-9.331265495070893e-05,0.0,-0.0,-0.0,-0.0,-9.331265495070893e-05,0.0,0.0,0,
std005,1,KL005,ccab10940199f04759a7aee3b98da016aa5c2c4f70da11a1ab00aafd823377c1,129,645,0,0.03898871690034866,0.0009023440070450306,-0.36144357919692993,-6.585500260594737e-05,0.0,-0.0,-0.0,-0.0,-6.585500260594737e-05,0.0,0.0,1,49.61977767944336
std005,1,KL006,ccab10940199f04759a7aee3b98da016aa5c2c4f70da11a1ab00aafd823377c1,129,645,0,0.07797858119010925,-0.04685285687446594,-1.3797874450683594,-9.457106987833718,0.0,-9.456977940944832,-0.0,-0.0,-0.00012904688888681903,10.0,0.0,2,0.0
std005,1,KL007,ccab10940199f04759a7aee3b98da016aa5c2c4f70da11a1ab00aafd823377c1,129,645,0,0.01875247247517109,0.0182415172457695,-0.24095195531845093,-3.186075502794866e-05,0.0,-0.0,-0.0,-0.0,-3.186075502794866e-05,0.0,0.0,1,49.61977767944336
std005,1,KL008,ccab10940199f04759a7aee3b98da016aa5c2c4f70da11a1ab00aafd823377c1,129,645,0,0.053497835993766785,-0.05538303405046463,0.02076076716184616,-0.00047950322654917226,0.0,-0.0,-0.0,-0.0,-0.00047950322654917226,0.0,0.0,0,
std005,1,KL009,ccab10940199f04759a7aee3b98da016aa5c2c4f70da11a1ab00aafd823377c1,129,645,0,0.04764682799577713,-0.06815436482429504,-1.5896614789962769,-9.457056566439668,0.0,-9.456977940944832,-0.0,-0.0,-7.862549483661496e-05,10.0,0.0,2,0.0
std005,1,KL0010,ccab10940199f04759a7aee3b98da016aa5c2c4f70da11a1ab00aafd823377c1,129,645,0,0.05320145934820175,-0.04581611603498459,-0.7566046714782715,-9.457068002818453,0.0,-9.456977940944832,-0.0,-0.0,-9.006187362103901e-05,10.0,0.0,2,0.0
std005,1,KL001,ccab10940199f04759a7aee3b98da016aa5c2c4f70da11a1ab00aafd823377c1,130,650,0,0.022421536967158318,-0.01781756989657879,0.30069515109062195,-3.7176590720316214e-05,0.0,-0.0,-0.0,-0.0,-3.7176590720316214e-05,0.0,0.0,0,
std005,1,KL002,ccab10940199f04759a7aee3b98da016aa5c2c4f70da11a1ab00aafd823377c1,130,650,0,0.07526195794343948,-0.0332534983754158,-0.0993514433503151,-0.00012355748630717112,0.0,-0.0,-0.0,-0.0,-0.00012355748630717112,0.0,0.0,0,
std005,1,KL003,ccab10940199f04759a7aee3b98da016aa5c2c4f70da11a1ab00aafd823377c1,130,650,0,-0.013596035540103912,-0.06583914160728455,0.07729985564947128,-2.2948751872334237e-05,0.0,-0.0,-0.0,-0.0,-2.2948751872334237e-05,0.0,0.0,0,
std005,1,KL004,ccab10940199f04759a7aee3b98da016aa5c2c4f70da11a1ab00aafd823377c1,130,650,0,0.054868921637535095,-0.027488945052027702,0.14593805372714996,-9.100913658296893e-05,0.0,-0.0,-0.0,-0.0,-9.100913658296893e-05,0.0,0.0,0,
std005,1,KL005,ccab10940199f04759a7aee3b98da016aa5c2c4f70da11a1ab00aafd823377c1,130,650,0,0.019534073770046234,-0.010616261512041092,-0.3912515342235565,-3.304944128835693e-05,0.0,-0.0,-0.0,-0.0,-3.304944128835693e-05,0.0,0.0,1,44.76667404174805
std005,1,KL006,ccab10940199f04759a7aee3b98da016aa5c2c4f70da11a1ab00aafd823377c1,130,650,0,0.07784926146268845,-0.04624407738447189,-1.3426977396011353,-9.457106815547489,0.0,-9.456977940944832,-0.0,-0.0,-0.00012887460265709194,10.0,0.0,2,0.0
std005,1,KL007,ccab10940199f04759a7aee3b98da016aa5c2c4f70da11a1ab00aafd823377c1,130,650,0,-9.824056178331375e-06,0.011960580945014954,-0.2972046732902527,-1.706234078206621e-08,0.0,-0.0,-0.0,-0.0,-1.706234078206621e-08,0.0,0.0,1,44.76667404174805
std005,1,KL008,ccab10940199f04759a7aee3b98da016aa5c2c4f70da11a1ab00aafd823377c1,130,650,0,0.0552777498960495,-0.05563198775053024,0.018993698060512543,-0.00048564164464654934,0.0,-0.0,-0.0,-0.0,-0.00048564164464654934,0.0,0.0,0,
std005,1,KL009,ccab10940199f04759a7aee3b98da016aa5c2c4f70da11a1ab00aafd823377c1,130,650,0,0.04722274839878082,-0.06732308864593506,-1.550886869430542,-9.45705588378236,0.0,-9.456977940944832,-0.0,-0.0,-7.794283752815545e-05,10.0,0.0,2,0.0
std005,1,KL0010,ccab10940199f04759a7aee3b98da016aa5c2c4f70da11a1ab00aafd823377c1,130,650,0,0.05336054414510727,-0.041419051587581635,-0.6980850100517273,-9.457068428116775,0.0,-9.456977940944832,-0.0,-0.0,-9.04871719438205e-05,10.0,0.0,2,0.0
std005,1,KL001,ccab10940199f04759a7aee3b98da016aa5c2c4f70da11a1ab00aafd823377c1,131,655,0,0.007868731394410133,-0.009367893449962139,0.21159373223781586,-1.3052397535169662e-05,0.0,-0.0,-0.0,-0.0,-1.3052397535169662e-05,0.0,0.0,0,
std005,1,KL002,ccab10940199f04759a7aee3b98da016aa5c2c4f70da11a1ab00aafd823377c1,131,655,0,0.07344623655080795,-0.03240761160850525,-0.09181398898363113,-0.00012058896311520309,0.0,-0.0,-0.0,-0.0,-0.00012058896311520309,0.0,0.0,0,
std005,1,KL003,ccab10940199f04759a7aee3b98da016aa5c2c4f70da11a1ab00aafd823377c1,131,655,0,-0.014862393960356712,-0.06592660397291183,0.08302036672830582,-2.512258306390308e-05,0.0,-0.0,-0.0,-0.0,-2.512258306390308e-05,0.0,0.0,0,
std005,1,KL004,ccab10940199f04759a7aee3b98da016aa5c2c4f70da11a1ab00aafd823377c1,131,655,0,0.025899501517415047,-0.03260587155818939,0.3064853250980377,-4.304265649142056e-05,0.0,-0.0,-0.0,-0.0,-4.304265649142056e-05,0.0,0.0,0,
std005,1,KL005,ccab10940199f04759a7aee3b98da016aa5c2c4f70da11a1ab00aafd823377c1,131,655,0,0.019287187606096268,-0.012124626897275448,-0.3633280098438263,-3.2685028960249356e-05,0.0,-0.0,-0.0,-0.0,-3.2685028960249356e-05,0.0,0.0,1,45.61587905883789
std005,1,KL006,ccab10940199f04759a7aee3b98da016aa5c2c4f70da11a1ab00aafd823377c1,131,655,0,0.07717494666576385,-0.04614769667387009,-1.2982776165008545,-9.457105742257346,0.0,-9.456977940944832,-0.0,-0.0,-0.00012780131251410864,10.0,0.0,2,0.0
std005,1,KL007,ccab10940199f04759a7aee3b98da016aa5c2c4f70da11a1ab00aafd823377c1,131,655,0,-0.0008867508731782436,0.010878577828407288,-0.2722528576850891,-1.5137099844316669e-06,0.0,-0.0,-0.0,-0.0,-1.5137099844316669e-06,0.0,0.0,1,45.61587905883789
std005,1,KL008,ccab10940199f04759a7aee3b98da016aa5c2c4f70da11a1ab00aafd823377c1,131,655,0,0.05639447271823883,-0.05560198426246643,0.01670166105031967,-0.0004906465485693494,0.0,-0.0,-0.0,-0.0,-0.0004906465485693494,0.0,0.0,0,
std005,1,KL009,ccab10940199f04759a7aee3b98da016aa5c2c4f70da11a1ab00aafd823377c1,131,655,0,0.046004556119441986,-0.06684359163045883,-1.5086814165115356,-9.45705389036933,0.0,-9.456977940944832,-0.0,-0.0,-7.594942449884456e-05,10.0,0.0,2,0.0
std005,1,KL0010,ccab10940199f04759a7aee3b98da016aa5c2c4f70da11a1ab00aafd823377c1,131,655,0,0.052021972835063934,-0.04165516793727875,-0.6815829277038574,-9.457066324323668,0.0,-9.456977940944832,-0.0,-0.0,-8.838337883609881e-05,10.0,0.0,2,0.0
std005,1,KL001,ccab10940199f04759a7aee3b98da016aa5c2c4f70da11a1ab00aafd823377c1,132,660,0,0.0071706343442201614,-0.008891265839338303,0.2137160748243332,-1.1899669788506827e-05,0.0,-0.0,-0.0,-0.0,-1.1899669788506827e-05,0.0,0.0,0,
std005,1,KL002,ccab10940199f04759a7aee3b98da016aa5c2c4f70da11a1ab00aafd823377c1,132,660,0,0.07328854501247406,-0.03183215111494064,-0.0914708748459816,-0.00012034252027258788,0.0,-0.0,-0.0,-0.0,-0.00012034252027258788,0.0,0.0,0,
std005,1,KL003,ccab10940199f04759a7aee3b98da016aa5c2c4f70da11a1ab00aafd823377c1,132,660,0,-0.015127277001738548,-0.06627627462148666,0.08960052579641342,-2.5610375865939393e-05,0.0,-0.0,-0.0,-0.0,-2.5610375865939393e-05,0.0,0.0,0,
std005,1,KL004,ccab10940199f04759a7aee3b98da016aa5c2c4f70da11a1ab00aafd823377c1,132,660,0,0.005718134343624115,-0.012971054762601852,0.30516374111175537,-9.493280830206788e-06,0.0,-0.0,-0.0,-0.0,-9.493280830206788e-06,0.0,0.0,0,
std005,1,KL005,ccab10940199f04759a7aee3b98da016aa5c2c4f70da11a1ab00aafd823377c1,132,660,0,0.0172552652657032,-0.011592901311814785,-0.35822710394859314,-2.9295962579189428e-05,0.0,-0.0,-0.0,-0.0,-2.9295962579189428e-05,0.0,0.0,1,41.62382125854492
std005,1,KL006,ccab10940199f04759a7aee3b98da016aa5c2c4f70da11a1ab00aafd823377c1,132,660,0,0.07695255428552628,-0.04576887935400009,-1.2527803182601929,-9.45710541843389,0.0,-9.456977940944832,-0.0,-0.0,-0.00012747748905894696,10.0,0.0,2,0.0
std005,1,KL007,ccab10940199f04759a7aee3b98da016aa5c2c4f70da11a1ab00aafd823377c1,132,660,0,-0.002769078128039837,0.011343870311975479,-0.2671358585357666,-4.7383714443047425e-06,0.0,-0.0,-0.0,-0.0,-4.7383714443047425e-06,0.0,0.0,1,41.62382125854492
std005,1,KL008,ccab10940199f04759a7aee3b98da016aa5c2c4f70da11a1ab00aafd823377c1,132,660,0,0.06705022603273392,-0.04171355813741684,0.12947864830493927,-0.0005113016795780806,0.0,-0.0,-0.0,-0.0,-0.0005113016795780806,0.0,0.0,0,
std005,1,KL009,ccab10940199f04759a7aee3b98da016aa5c2c4f70da11a1ab00aafd823377c1,132,660,0,0.04802937060594559,-0.07150503247976303,-1.5181382894515991,-9.457057251426763,0.0,-9.456977940944832,-0.0,-0.0,-7.931048193121626e-05,10.0,0.0,2,0.0
std005,1,KL0010,ccab10940199f04759a7aee3b98da016aa5c2c4f70da11a1ab00aafd823377c1,132,660,0,0.04084935784339905,-0.03795179724693298,-0.7064005732536316,-9.457047487008436,0.0,-9.456977940944832,-0.0,-0.0,-6.954606360487503e-05,10.0,0.0,2,0.0
std005,1,KL001,ccab10940199f04759a7aee3b98da016aa5c2c4f70da11a1ab00aafd823377c1,133,665,0,0.006294420454651117,-0.008415015414357185,0.21551655232906342,-1.0450401120943108e-05,0.0,-0.0,-0.0,-0.0,-1.0450401120943108e-05,0.0,0.0,0,
std005,1,KL002,ccab10940199f04759a7aee3b98da016aa5c2c4f70da11a1ab00aafd823377c1,133,665,0,0.04047026485204697,-0.024531105533242226,-0.0515117272734642,-6.650983840298088e-05,0.0,-0.0,-0.0,-0.0,-6.650983840298088e-05,0.0,0.0,0,
std005,1,KL003,ccab10940199f04759a7aee3b98da016aa5c2c4f70da11a1ab00aafd823377c1,133,665,0,-0.015492763370275497,-0.06653118133544922,0.09403257817029953,-2.627366818330127e-05,0.0,-0.0,-0.0,-0.0,-2.627366818330127e-05,0.0,0.0,0,
std005,1,KL004,ccab10940199f04759a7aee3b98da016aa5c2c4f70da11a1ab00aafd823377c1,133,665,0,0.007950708270072937,-0.016948113217949867,0.29929420351982117,-1.3205987103304792e-05,0.0,-0.0,-0.0,-0.0,-1.3205987103304792e-05,0.0,0.0,0,
std005,1,KL005,ccab10940199f04759a7aee3b98da016aa5c2c4f70da11a1ab00aafd823377c1,133,665,0,0.015904625877738,-0.01170602161437273,-0.3532489836215973,-2.705763615915722e-05,0.0,-0.0,-0.0,-0.0,-2.705763615915722e-05,0.0,0.0,1,36.74197769165039
std005,1,KL006,ccab10940199f04759a7aee3b98da016aa5c2c4f70da11a1ab00aafd823377c1,133,665,0,0.07185593247413635,-0.046249665319919586,-1.2436131238937378,-9.457097019324005,0.0,-9.456977940944832,-0.0,-0.0,-0.00011907837917313202,10.0,0.0,2,0.0
std005,1,KL007,ccab10940199f04759a7aee3b98da016aa5c2c4f70da11a1ab00aafd823377c1,133,665,0,-0.0041838050819933414,0.01125233992934227,-0.2626994848251343,-7.179554048982607e-06,0.0,-0.0,-0.0,-0.0,-7.179554048982607e-06,0.0,0.0,1,36.74197769165039
std005,1,KL008,ccab10940199f04759a7aee3b98da016aa5c2c4f70da11a1ab00aafd823377c1,133,665,0,0.0680680200457573,-0.04176975041627884,0.12719304859638214,-0.0005157316974998917,0.0,-0.0,-0.0,-0.0,-0.0005157316974998917,0.0,0.0,0,
std005,1,KL009,ccab10940199f04759a7aee3b98da016aa5c2c4f70da11a1ab00aafd823377c1,133,665,0,0.047580406069755554,-0.0708896741271019,-1.4849743843078613,-9.45705652885053,0.0,-9.456977940944832,-0.0,-0.0,-7.858790569770235e-05,10.0,0.0,2,0.0
std005,1,KL0010,ccab10940199f04759a7aee3b98da016aa5c2c4f70da11a1ab00aafd823377c1,133,665,0,0.04009273648262024,-0.03694012016057968,-0.6831339597702026,-9.457046353572851,0.0,-9.456977940944832,-0.0,-0.0,-6.841262801948744e-05,10.0,0.0,2,0.0
std005,1,KL001,ccab10940199f04759a7aee3b98da016aa5c2c4f70da11a1ab00aafd823377c1,134,670,0,0.006122849881649017,-0.008486815728247166,0.2166050225496292,-1.0170454882724398e-05,0.0,-0.0,-0.0,-0.0,-1.0170454882724398e-05,0.0,0.0,0,
std005,1,KL002,ccab10940199f04759a7aee3b98da016aa5c2c4f70da11a1ab00aafd823377c1,134,670,0,0.041800349950790405,-0.020117243751883507,-0.0466778501868248,-6.865394178962271e-05,0.0,-0.0,-0.0,-0.0,-6.865394178962271e-05,0.0,0.0,0,
std005,1,KL003,ccab10940199f04759a7aee3b98da016aa5c2c4f70da11a1ab00aafd823377c1,134,670,0,-0.015783170238137245,-0.06634416431188583,0.09994629770517349,-2.681559523420846e-05,0.0,-0.0,-0.0,-0.0,-2.681559523420846e-05,0.0,0.0,0,
std005,1,KL004,ccab10940199f04759a7aee3b98da016aa5c2c4f70da11a1ab00aafd823377c1,134,670,0,0.0701979473233223,-0.041100867092609406,0.030357860028743744,-0.00011619020014959394,0.0,-0.0,-0.0,-0.0,-0.00011619020014959394,0.0,0.0,0,
std005,1,KL005,ccab10940199f04759a7aee3b98da016aa5c2c4f70da11a1ab00aafd823377c1,134,670,0,0.015227769501507282,-0.012204987928271294,-0.3499103784561157,-2.596376600582514e-05,0.0,-0.0,-0.0,-0.0,-2.596376600582514e-05,0.0,0.0,1,31.860443115234375
std005,1,KL006,ccab10940199f04759a7aee3b98da016aa5c2c4f70da11a1ab00aafd823377c1,134,670,0,0.07158128172159195,-0.04515448957681656,-1.1909394264221191,-4.728607638457171,0.0,-4.728488970472416,-0.0,-0.0,-0.00011866798475512752,5.0,0.0,2,0.0
std005,1,KL007,ccab10940199f04759a7aee3b98da016aa5c2c4f70da11a1ab00aafd823377c1,134,670,0,-0.0049198386259377,0.010766852647066116,-0.25979357957839966,-8.469562614402769e-06,0.0,-0.0,-0.0,-0.0,-8.469562614402769e-06,0.0,0.0,1,31.860443115234375
std005,1,KL008,ccab10940199f04759a7aee3b98da016aa5c2c4f70da11a1ab00aafd823377c1,134,670,0,0.06924934685230255,-0.0410325825214386,0.1199154481291771,-0.0005203685796970701,0.0,-0.0,-0.0,-0.0,-0.0005203685796970701,0.0,0.0,0,
std005,1,KL009,ccab10940199f04759a7aee3b98da016aa5c2c4f70da11a1ab00aafd823377c1,134,670,0,0.04866994917392731,-0.05833174288272858,-1.4360183477401733,-9.457058348614819,0.0,-9.456977940944832,-0.0,-0.0,-8.040766998718141e-05,10.0,0.0,2,0.0
std005,1,KL0010,ccab10940199f04759a7aee3b98da016aa5c2c4f70da11a1ab00aafd823377c1,134,670,0,0.03929683566093445,-0.036947496235370636,-0.6535300612449646,-4.728556192589484,0.0,-4.728488970472416,-0.0,-0.0,-6.722211706833292e-05,5.0,0.0,2,0.0
std005,1,KL001,ccab10940199f04759a7aee3b98da016aa5c2c4f70da11a1ab00aafd823377c1,135,675,0,0.0059358966536819935,-0.008419492281973362,0.2168641835451126,-9.864889543293401e-06,0.0,-0.0,-0.0,-0.0,-9.864889543293401e-06,0.0,0.0,0,
std005,1,KL002,ccab10940199f04759a7aee3b98da016aa5c2c4f70da11a1ab00aafd823377c1,135,675,0,0.03704823553562164,-0.008923014625906944,-0.036808960139751434,-6.0856179682675085e-05,0.0,-0.0,-0.0,-0.0,-6.0856179682675085e-05,0.0,0.0,1,176.32711791992188
std005,1,KL003,ccab10940199f04759a7aee3b98da016aa5c2c4f70da11a1ab00aafd823377c1,135,675,0,0.00874919444322586,-0.06793895363807678,0.18398363888263702,-1.4839972451300915e-05,0.0,-0.0,-0.0,-0.0,-1.4839972451300915e-05,0.0,0.0,0,
std005,1,KL004,ccab10940199f04759a7aee3b98da016aa5c2c4f70da11a1ab00aafd823377c1,135,675,0,0.06445404887199402,-0.03658801317214966,0.061428509652614594,-0.00010715672092130395,0.0,-0.0,-0.0,-0.0,-0.00010715672092130395,0.0,0.0,0,
std005,1,KL005,ccab10940199f04759a7aee3b98da016aa5c2c4f70da11a1ab00aafd823377c1,135,675,0,0.015242619439959526,-0.012409692630171776,-0.34741950035095215,-2.605276075646558e-05,0.0,-0.0,-0.0,-0.0,-2.605276075646558e-05,0.0,0.0,1,26.653162002563477
std005,1,KL006,ccab10940199f04759a7aee3b98da016aa5c2c4f70da11a1ab00aafd823377c1,135,675,0,0.08402328193187714,-0.048099033534526825,-0.80036461353302,-4.728628316850482,0.0,-4.728488970472416,-0.0,-0.0,-0.0001393463780665627,5.0,0.0,1,0.0
std005,1,KL007,ccab10940199f04759a7aee3b98da016aa5c2c4f70da11a1ab00aafd823377c1,135,675,0,-0.005283094942569733,0.010641506873071194,-0.25780075788497925,-9.127584488064594e-06,0.0,-0.0,-0.0,-0.0,-9.127584488064594e-06,0.0,0.0,1,26.653162002563477
std005,1,KL008,ccab10940199f04759a7aee3b98da016aa5c2c4f70da11a1ab00aafd823377c1,135,675,0,0.0657091736793518,-0.034441567957401276,-0.03192473202943802,-0.0005171650126799309,0.0,-0.0,-0.0,-0.0,-0.0005171650126799309,0.0,0.0,1,176.32711791992188
std005,1,KL009,ccab10940199f04759a7aee3b98da016aa5c2c4f70da11a1ab00aafd823377c1,135,675,0,0.049617573618888855,-0.057465799152851105,-1.3961868286132812,-9.457059935466457,0.0,-9.456977940944832,-0.0,-0.0,-8.199452162571674e-05,10.0,0.0,2,0.0
std005,1,KL0010,ccab10940199f04759a7aee3b98da016aa5c2c4f70da11a1ab00aafd823377c1,135,675,0,0.03645585477352142,-0.04270349442958832,-0.39064183831214905,-4.728551505222091,0.0,-4.728488970472416,-0.0,-0.0,-6.253474967543582e-05,5.0,0.0,1,0.0
std005,1,KL001,ccab10940199f04759a7aee3b98da016aa5c2c4f70da11a1ab00aafd823377c1,136,680,0,0.005158382933586836,-0.007706489413976669,0.21956655383110046,-8.577244782525298e-06,0.0,-0.0,-0.0,-0.0,-8.577244782525298e-06,0.0,0.0,0,
std005,1,KL002,ccab10940199f04759a7aee3b98da016aa5c2c4f70da11a1ab00aafd823377c1,136,680,0,0.002346327528357506,-0.0009076111018657684,-0.14530368149280548,-3.9096662925823455e-06,0.0,-0.0,-0.0,-0.0,-3.9096662925823455e-06,0.0,0.0,1,171.62686157226562
std005,1,KL003,ccab10940199f04759a7aee3b98da016aa5c2c4f70da11a1ab00aafd823377c1,136,680,0,0.0044328197836875916,-0.06815208494663239,0.20687778294086456,-7.562980051755881e-06,0.0,-0.0,-0.0,-0.0,-7.562980051755881e-06,0.0,0.0,0,
std005,1,KL004,ccab10940199f04759a7aee3b98da016aa5c2c4f70da11a1ab00aafd823377c1,136,680,0,0.06462189555168152,-0.03584183007478714,0.08245726674795151,-0.0001074923045224855,0.0,-0.0,-0.0,-0.0,-0.0001074923045224855,0.0,0.0,0,
std005,1,KL005,ccab10940199f04759a7aee3b98da016aa5c2c4f70da11a1ab00aafd823377c1,136,680,0,0.013995743356645107,-0.01230320893228054,-0.34360599517822266,-2.3986478469076314e-05,0.0,-0.0,-0.0,-0.0,-2.3986478469076314e-05,0.0,0.0,1,21.570547103881836
std005,1,KL006,ccab10940199f04759a7aee3b98da016aa5c2c4f70da11a1ab00aafd823377c1,136,680,0,0.08964299410581589,-0.05931558459997177,-0.7836437821388245,-4.728637694718805,0.0,-4.728488970472416,-0.0,-0.0,-0.00014872424638934234,5.0,0.0,1,0.0
std005,1,KL007,ccab10940199f04759a7aee3b98da016aa5c2c4f70da11a1ab00aafd823377c1,136,680,0,-0.006438340060412884,0.010826706886291504,-0.25417545437812805,-1.1168671612742786e-05,0.0,-0.0,-0.0,-0.0,-1.1168671612742786e-05,0.0,0.0,1,21.570547103881836
std005,1,KL008,ccab10940199f04759a7aee3b98da016aa5c2c4f70da11a1ab00aafd823377c1,136,680,0,0.06554467231035233,-0.033659301698207855,-0.047363050282001495,-0.0005196167918518048,0.0,-0.0,-0.0,-0.0,-0.0005196167918518048,0.0,0.0,1,171.62686157226562
std005,1,KL009,ccab10940199f04759a7aee3b98da016aa5c2c4f70da11a1ab00aafd823377c1,136,680,0,0.05517765134572983,-0.056302785873413086,-1.3832736015319824,-9.457069147827248,0.0,-9.456977940944832,-0.0,-0.0,-9.120688241637254e-05,10.0,0.0,2,0.0
std005,1,KL0010,ccab10940199f04759a7aee3b98da016aa5c2c4f70da11a1ab00aafd823377c1,136,680,0,0.03551078587770462,-0.0427878275513649,-0.35020187497138977,-4.728550071567981,0.0,-4.728488970472416,-0.0,-0.0,-6.110109556534127e-05,5.0,0.0,1,0.0
std005,1,KL001,ccab10940199f04759a7aee3b98da016aa5c2c4f70da11a1ab00aafd823377c1,137,685,0,0.00493841664865613,-0.00779696274548769,0.22065602242946625,-8.216032013944829e-06,0.0,-0.0,-0.0,-0.0,-8.216032013944829e-06,0.0,0.0,0,
std005,1,KL002,ccab10940199f04759a7aee3b98da016aa5c2c4f70da11a1ab00aafd823377c1,137,685,0,0.05686371773481369,-0.08286221325397491,-0.24706123769283295,-9.324674803284784e-05,0.0,-0.0,-0.0,-0.0,-9.324674803284784e-05,0.0,0.0,1,163.2884063720703
std005,1,KL003,ccab10940199f04759a7aee3b98da016aa5c2c4f70da11a1ab00aafd823377c1,137,685,0,-0.015042396262288094,-0.06495635211467743,0.17185454070568085,-2.572767010045755e-05,0.0,-0.0,-0.0,-0.0,-2.572767010045755e-05,0.0,0.0,0,
std005,1,KL004,ccab10940199f04759a7aee3b98da016aa5c2c4f70da11a1ab00aafd823377c1,137,685,0,0.06471770256757736,-0.03487370163202286,0.10706024616956711,-0.00010771106394692924,0.0,-0.0,-0.0,-0.0,-0.00010771106394692924,0.0,0.0,0,
std005,1,KL005,ccab10940199f04759a7aee3b98da016aa5c2c4f70da11a1ab00aafd823377c1,137,685,0,0.013421736657619476,-0.012806442566215992,-0.34127435088157654,-2.3072151281411543e-05,0.0,-0.0,-0.0,-0.0,-2.3072151281411543e-05,0.0,0.0,1,16.235904693603516
std005,1,KL006,ccab10940199f04759a7aee3b98da016aa5c2c4f70da11a1ab00aafd823377c1,137,685,0,0.08890576660633087,-0.05930164456367493,-0.7374368906021118,-4.728636532915238,0.0,-4.728488970472416,-0.0,-0.0,-0.0001475624428222133,5.0,0.0,1,0.0
std005,1,KL007,ccab10940199f04759a7aee3b98da016aa5c2c4f70da11a1ab00aafd823377c1,137,685,0,-0.007098955102264881,0.010362631641328335,-0.25251954793930054,-1.2371782277895514e-05,0.0,-0.0,-0.0,-0.0,-1.2371782277895514e-05,0.0,0.0,1,16.235904693603516
std005,1,KL008,ccab10940199f04759a7aee3b98da016aa5c2c4f70da11a1ab00aafd823377c1,137,685,0,0.06638271361589432,-0.03269796073436737,-0.06517688184976578,-0.0005236812110485571,0.0,-0.0,-0.0,-0.0,-0.0005236812110485571,0.0,0.0,1,163.2884063720703
std005,1,KL009,ccab10940199f04759a7aee3b98da016aa5c2c4f70da11a1ab00aafd823377c1,137,685,0,0.05506635457277298,-0.05657239258289337,-1.3327645063400269,-9.457068989160394,0.0,-9.456977940944832,-0.0,-0.0,-9.104821556249476e-05,10.0,0.0,2,0.0
std005,1,KL0010,ccab10940199f04759a7aee3b98da016aa5c2c4f70da11a1ab00aafd823377c1,137,685,0,0.033826328814029694,-0.04264257103204727,-0.30642563104629517,-4.72854737417046,0.0,-4.728488970472416,-0.0,-0.0,-5.8403698043996144e-05,5.0,0.0,1,0.0
std005,1,KL001,ccab10940199f04759a7aee3b98da016aa5c2c4f70da11a1ab00aafd823377c1,138,690,0,0.003715910017490387,-0.006977916695177555,0.22169555723667145,-6.185694028877104e-06,0.0,-0.0,-0.0,-0.0,-6.185694028877104e-06,0.0,0.0,0,
std005,1,KL002,ccab10940199f04759a7aee3b98da016aa5c2c4f70da11a1ab00aafd823377c1,138,690,0,0.0436646044254303,-0.08499188721179962,-0.24111492931842804,-7.17476729451508e-05,0.0,-0.0,-0.0,-0.0,-7.17476729451508e-05,0.0,0.0,1,164.9442138671875
std005,1,KL003,ccab10940199f04759a7aee3b98da016aa5c2c4f70da11a1ab00aafd823377c1,138,690,0,-0.015930665656924248,-0.0639146938920021,0.17088226974010468,-2.732038862246116e-05,0.0,-0.0,-0.0,-0.0,-2.732038862246116e-05,0.0,0.0,0,
std005,1,KL004,ccab10940199f04759a7aee3b98da016aa5c2c4f70da11a1ab00aafd823377c1,138,690,0,0.06379539519548416,-0.03528377413749695,0.12571834027767181,-0.0001062376207385813,0.0,-0.0,-0.0,-0.0,-0.0001062376207385813,0.0,0.0,0,
std005,1,KL005,ccab10940199f04759a7aee3b98da016aa5c2c4f70da11a1ab00aafd823377c1,138,690,0,0.012428169138729572,-0.012229761108756065,-0.3401317596435547,-2.1436421538302714e-05,0.0,-0.0,-0.0,-0.0,-2.1436421538302714e-05,0.0,0.0,1,10.901752471923828
std005,1,KL006,ccab10940199f04759a7aee3b98da016aa5c2c4f70da11a1ab00aafd823377c1,138,690,0,0.08889308571815491,-0.05932280421257019,-0.6910876631736755,-4.728636575608407,0.0,-4.728488970472416,-0.0,-0.0,-0.0001476051359912134,5.0,0.0,1,0.0
std005,1,KL007,ccab10940199f04759a7aee3b98da016aa5c2c4f70da11a1ab00aafd823377c1,138,690,0,-0.008424865081906319,0.010974075645208359,-0.25144028663635254,-1.476097371168439e-05,0.0,-0.0,-0.0,-0.0,-1.476097371168439e-05,0.0,0.0,1,10.901752471923828
std005,1,KL008,ccab10940199f04759a7aee3b98da016aa5c2c4f70da11a1ab00aafd823377c1,138,690,0,0.0662463903427124,-0.032838135957717896,-0.07046825438737869,-0.0005260512615218685,0.0,-0.0,-0.0,-0.0,-0.0005260512615218685,0.0,0.0,1,164.9442138671875
std005,1,KL009,ccab10940199f04759a7aee3b98da016aa5c2c4f70da11a1ab00aafd823377c1,138,690,0,0.05364193767309189,-0.05548153072595596,-1.2768667936325073,-4.728577689163779,0.0,-4.728488970472416,-0.0,-0.0,-8.871869136317656e-05,5.0,0.0,2,0.0
std005,1,KL0010,ccab10940199f04759a7aee3b98da016aa5c2c4f70da11a1ab00aafd823377c1,138,690,0,0.03204693645238876,-0.0431741327047348,-0.26895415782928467,-5.55470683018429e-05,0.0,-0.0,-0.0,-0.0,-5.55470683018429e-05,0.0,0.0,1,0.0
std005,1,KL001,ccab10940199f04759a7aee3b98da016aa5c2c4f70da11a1ab00aafd823377c1,139,695,0,0.003267977386713028,-0.006747656501829624,0.22322513163089752,-5.443340128719594e-06,0.0,-0.0,-0.0,-0.0,-5.443340128719594e-06,0.0,0.0,0,
std005,1,KL002,ccab10940199f04759a7aee3b98da016aa5c2c4f70da11a1ab00aafd823377c1,139,695,0,0.04451477527618408,-0.08372299373149872,-0.24592435359954834,-7.315235098281813e-05,0.0,-0.0,-0.0,-0.0,-7.315235098281813e-05,0.0,0.0,1,158.86322021484375
std005,1,KL003,ccab10940199f04759a7aee3b98da016aa5c2c4f70da11a1ab00aafd823377c1,139,695,0,-0.01643543876707554,-0.06371384859085083,0.17555658519268036,-2.827064226978926e-05,0.0,-0.0,-0.0,-0.0,-2.827064226978926e-05,0.0,0.0,0,
std005,1,KL004,ccab10940199f04759a7aee3b98da016aa5c2c4f70da11a1ab00aafd823377c1,139,695,0,0.06363669782876968,-0.034581609070301056,0.14605467021465302,-0.00010603779417906384,0.0,-0.0,-0.0,-0.0,-0.00010603779417906384,0.0,0.0,0,
std005,1,KL005,ccab10940199f04759a7aee3b98da016aa5c2c4f70da11a1ab00aafd823377c1,139,695,0,0.0001926785334944725,-0.01082057785242796,-0.33668744564056396,-0.9456981273316931,0.0,-0.9456977940944832,-0.0,-0.0,-3.3323720993738704e-07,1.0,1.0,1,5.730010986328125
std005,1,KL006,ccab10940199f04759a7aee3b98da016aa5c2c4f70da11a1ab00aafd823377c1,139,695,0,0.0883166566491127,-0.058954060077667236,-0.6448348760604858,-4.728635684666741,0.0,-4.728488970472416,-0.0,-0.0,-0.00014671419432499277,5.0,0.0,1,0.0
std005,1,KL007,ccab10940199f04759a7aee3b98da016aa5c2c4f70da11a1ab00aafd823377c1,139,695,0,-0.00928947888314724,0.010880709625780582,-0.24943052232265472,-0.9457141712604961,0.0,-0.9456977940944832,-0.0,-0.0,-1.6377166012881972e-05,1.0,1.0,1,5.730010986328125
std005,1,KL008,ccab10940199f04759a7aee3b98da016aa5c2c4f70da11a1ab00aafd823377c1,139,695,0,0.0666656419634819,-0.0321464017033577,-0.08687452226877213,-0.0005292743846955583,0.0,-0.0,-0.0,-0.0,-0.0005292743846955583,0.0,0.0,1,158.86322021484375
std005,1,KL009,ccab10940199f04759a7aee3b98da016aa5c2c4f70da11a1ab00aafd823377c1,139,695,0,0.07839182764291763,-0.06056751310825348,-0.9158856272697449,-4.728618640754985,0.0,-4.728488970472416,-0.0,-0.0,-0.00012967028256927193,5.0,0.0,1,0.0
std005,1,KL0010,ccab10940199f04759a7aee3b98da016aa5c2c4f70da11a1ab00aafd823377c1,139,695,0,0.03820320963859558,-0.05722787231206894,0.10666563361883163,-6.650841987624234e-05,0.0,-0.0,-0.0,-0.0,-6.650841987624234e-05,0.0,0.0,0,
std005,1,KL001,ccab10940199f04759a7aee3b98da016aa5c2c4f70da11a1ab00aafd823377c1,140,700,0,0.0023741601034998894,-0.006773927249014378,0.22518116235733032,-3.957024255983717e-06,0.0,-0.0,-0.0,-0.0,-3.957024255983717e-06,0.0,0.0,0,
std005,1,KL002,ccab10940199f04759a7aee3b98da016aa5c2c4f70da11a1ab00aafd823377c1,140,700,0,0.04338459670543671,-0.08363740146160126,-0.24836690723896027,-7.130285221470204e-05,0.0,-0.0,-0.0,-0.0,-7.130285221470204e-05,0.0,0.0,1,154.49362182617188
std005,1,KL003,ccab10940199f04759a7aee3b98da016aa5c2c4f70da11a1ab00aafd823377c1,140,700,0,-0.01775568537414074,-0.06354501843452454,0.17984549701213837,-3.064418082485784e-05,0.0,-0.0,-0.0,-0.0,-3.064418082485784e-05,0.0,0.0,0,
std005,1,KL004,ccab10940199f04759a7aee3b98da016aa5c2c4f70da11a1ab00aafd823377c1,140,700,0,0.06347271800041199,-0.03379075974225998,0.1607217937707901,-0.0001058322177414297,0.0,-0.0,-0.0,-0.0,-0.0001058322177414297,0.0,0.0,0,
std005,1,KL005,ccab10940199f04759a7aee3b98da016aa5c2c4f70da11a1ab00aafd823377c1,140,700,0,0.0005480106920003891,-0.011787316761910915,-0.3318241536617279,-4.728489923037696,0.0,-4.728488970472416,-0.0,-0.0,-9.525652799879936e-07,5.0,0.0,1,0.0
std005,1,KL006,ccab10940199f04759a7aee3b98da016aa5c2c4f70da11a1ab00aafd823377c1,140,700,0,0.08710687607526779,-0.05822663754224777,-0.5903505086898804,-4.728633743368789,0.0,-4.728488970472416,-0.0,-0.0,-0.00014477289637326862,5.0,0.0,1,0.0
std005,1,KL007,ccab10940199f04759a7aee3b98da016aa5c2c4f70da11a1ab00aafd823377c1,140,700,0,-0.010202836245298386,0.010669957846403122,-0.25198236107826233,-4.728507089931588,0.0,-4.728488970472416,-0.0,-0.0,-1.8119459172183383e-05,5.0,0.0,1,0.0
std005,1,KL008,ccab10940199f04759a7aee3b98da016aa5c2c4f70da11a1ab00aafd823377c1,140,700,0,0.06680474430322647,-0.031426601111888885,-0.10110122710466385,-0.0005319342736537593,0.0,-0.0,-0.0,-0.0,-0.0005319342736537593,0.0,0.0,1,154.49362182617188
std005,1,KL009,ccab10940199f04759a7aee3b98da016aa5c2c4f70da11a1ab00aafd823377c1,140,700,0,0.07710812240839005,-0.06112295389175415,-0.86220383644104,-4.728616573429624,0.0,-4.728488970472416,-0.0,-0.0,-0.0001276029572085946,5.0,0.0,1,0.0
std005,1,KL0010,ccab10940199f04759a7aee3b98da016aa5c2c4f70da11a1ab00aafd823377c1,140,700,0,0.0375998318195343,-0.057726502418518066,0.13530875742435455,-6.578864934671469e-05,0.0,-0.0,-0.0,-0.0,-6.578864934671469e-05,0.0,0.0,0,
std005,1,KL001,ccab10940199f04759a7aee3b98da016aa5c2c4f70da11a1ab00aafd823377c1,141,705,0,0.001772408839315176,-0.006445752456784248,0.22674454748630524,-2.956024612446545e-06,0.0,-0.0,-0.0,-0.0,-2.956024612446545e-06,0.0,0.0,0,
std005,1,KL002,ccab10940199f04759a7aee3b98da016aa5c2c4f70da11a1ab00aafd823377c1,141,705,0,0.04296360909938812,-0.0830637663602829,-0.25159862637519836,-7.061878115572274e-05,0.0,-0.0,-0.0,-0.0,-7.061878115572274e-05,0.0,0.0,1,149.94149780273438
std005,1,KL003,ccab10940199f04759a7aee3b98da016aa5c2c4f70da11a1ab00aafd823377c1,141,705,0,-0.01839449070394039,-0.06334437429904938,0.18362726271152496,-3.186688864057139e-05,0.0,-0.0,-0.0,-0.0,-3.186688864057139e-05,0.0,0.0,0,
std005,1,KL004,ccab10940199f04759a7aee3b98da016aa5c2c4f70da11a1ab00aafd823377c1,141,705,0,0.0631093829870224,-0.03323512524366379,0.17937882244586945,-0.00010529732661976294,0.0,-0.0,-0.0,-0.0,-0.00010529732661976294,0.0,0.0,0,
std005,1,KL005,ccab10940199f04759a7aee3b98da016aa5c2c4f70da11a1ab00aafd823377c1,141,705,0,-0.00034450553357601166,-0.011671321466565132,-0.3249998092651367,-4.728489572952412,0.0,-4.728488970472416,-0.0,-0.0,-6.024799965587135e-07,5.0,0.0,1,0.0
std005,1,KL006,ccab10940199f04759a7aee3b98da016aa5c2c4f70da11a1ab00aafd823377c1,141,705,0,0.08651313930749893,-0.0577080175280571,-0.5454705953598022,-4.728632827497632,0.0,-4.728488970472416,-0.0,-0.0,-0.00014385702521657606,5.0,0.0,1,0.0
std005,1,KL007,ccab10940199f04759a7aee3b98da016aa5c2c4f70da11a1ab00aafd823377c1,141,705,0,-0.011004779487848282,0.01074193511158228,-0.24530388414859772,-4.7285086859129155,0.0,-4.728488970472416,-0.0,-0.0,-1.9715440499723513e-05,5.0,0.0,1,0.0
std005,1,KL008,ccab10940199f04759a7aee3b98da016aa5c2c4f70da11a1ab00aafd823377c1,141,705,0,0.06698682904243469,-0.030914129689335823,-0.1155315712094307,-0.0005345589132796409,0.0,-0.0,-0.0,-0.0,-0.0005345589132796409,0.0,0.0,1,149.94149780273438
std005,1,KL009,ccab10940199f04759a7aee3b98da016aa5c2c4f70da11a1ab00aafd823377c1,141,705,0,0.0764419436454773,-0.0607428103685379,-0.8175374269485474,-4.728615510953771,0.0,-4.728488970472416,-0.0,-0.0,-0.00012654048135551932,5.0,0.0,1,0.0
std005,1,KL0010,ccab10940199f04759a7aee3b98da016aa5c2c4f70da11a1ab00aafd823377c1,141,705,0,0.035509295761585236,-0.0577220544219017,0.1611045002937317,-6.249494467389319e-05,0.0,-0.0,-0.0,-0.0,-6.249494467389319e-05,0.0,0.0,0,
std005,1,KL001,ccab10940199f04759a7aee3b98da016aa5c2c4f70da11a1ab00aafd823377c1,142,710,0,0.0011436203494668007,-0.00609199982136488,0.22837072610855103,-1.908611643751378e-06,0.0,-0.0,-0.0,-0.0,-1.908611643751378e-06,0.0,0.0,0,
std005,1,KL002,ccab10940199f04759a7aee3b98da016aa5c2c4f70da11a1ab00aafd823377c1,142,710,0,0.04242338240146637,-0.08251132816076279,-0.2541196048259735,-6.973871637947027e-05,0.0,-0.0,-0.0,-0.0,-6.973871637947027e-05,0.0,0.0,1,145.47349548339844
std005,1,KL003,ccab10940199f04759a7aee3b98da016aa5c2c4f70da11a1ab00aafd823377c1,142,710,0,-0.01912800222635269,-0.06320670247077942,0.1868046075105667,-3.328012674966156e-05,0.0,-0.0,-0.0,-0.0,-3.328012674966156e-05,0.0,0.0,0,
std005,1,KL004,ccab10940199f04759a7aee3b98da016aa5c2c4f70da11a1ab00aafd823377c1,142,710,0,0.06271108984947205,-0.032633498311042786,0.1980874389410019,-0.0001047071675404833,0.0,-0.0,-0.0,-0.0,-0.0001047071675404833,0.0,0.0,0,
std005,1,KL005,ccab10940199f04759a7aee3b98da016aa5c2c4f70da11a1ab00aafd823377c1,142,710,0,-0.001098973210901022,-0.011587319895625114,-0.3178774118423462,-4.728490902538365,0.0,-4.728488970472416,-0.0,-0.0,-1.932065949006301e-06,5.0,0.0,1,0.0
std005,1,KL006,ccab10940199f04759a7aee3b98da016aa5c2c4f70da11a1ab00aafd823377c1,142,710,0,0.08584848791360855,-0.05723974108695984,-0.5020970106124878,-4.7286317959971536,0.0,-4.728488970472416,-0.0,-0.0,-0.00014282552473776633,5.0,0.0,1,0.0
std005,1,KL007,ccab10940199f04759a7aee3b98da016aa5c2c4f70da11a1ab00aafd823377c1,142,710,0,-0.011795395985245705,0.010864272713661194,-0.23920319974422455,-4.72851032873891,0.0,-4.728488970472416,-0.0,-0.0,-2.1358266494075906e-05,5.0,0.0,1,0.0
std005,1,KL008,ccab10940199f04759a7aee3b98da016aa5c2c4f70da11a1ab00aafd823377c1,142,710,0,0.06702303886413574,-0.030337288975715637,-0.13086377084255219,-0.0005368152435392229,0.0,-0.0,-0.0,-0.0,-0.0005368152435392229,0.0,0.0,1,145.47349548339844
std005,1,KL009,ccab10940199f04759a7aee3b98da016aa5c2c4f70da11a1ab00aafd823377c1,142,710,0,0.07567423582077026,-0.06038276106119156,-0.7738393545150757,-4.728614281158545,0.0,-4.728488970472416,-0.0,-0.0,-0.00012531068612897656,5.0,0.0,1,0.0
std005,1,KL0010,ccab10940199f04759a7aee3b98da016aa5c2c4f70da11a1ab00aafd823377c1,142,710,0,-0.007324535399675369,-0.04714777320623398,0.33859166502952576,-1.2100044740994083e-05,0.0,-0.0,-0.0,-0.0,-1.2100044740994083e-05,0.0,0.0,0,
std005,1,KL001,ccab10940199f04759a7aee3b98da016aa5c2c4f70da11a1ab00aafd823377c1,143,715,0,0.0004075653851032257,-0.005308404564857483,0.22914986312389374,-6.805617618432107e-07,0.0,-0.0,-0.0,-0.0,-6.805617618432107e-07,0.0,0.0,0,
std005,1,KL002,ccab10940199f04759a7aee3b98da016aa5c2c4f70da11a1ab00aafd823377c1,143,715,0,0.04227404296398163,-0.08145981281995773,-0.2537570595741272,-6.950128031651312e-05,0.0,-0.0,-0.0,-0.0,-6.950128031651312e-05,0.0,0.0,1,141.02227783203125
std005,1,KL003,ccab10940199f04759a7aee3b98da016aa5c2c4f70da11a1ab00aafd823377c1,143,715,0,-0.01940898783504963,-0.06267490983009338,0.19043417274951935,-3.393541276147094e-05,0.0,-0.0,-0.0,-0.0,-3.393541276147094e-05,0.0,0.0,0,
std005,1,KL004,ccab10940199f04759a7aee3b98da016aa5c2c4f70da11a1ab00aafd823377c1,143,715,0,0.04628235101699829,-0.03939095884561539,0.26508286595344543,-7.733585007278958e-05,0.0,-0.0,-0.0,-0.0,-7.733585007278958e-05,0.0,0.0,0,
std005,1,KL005,ccab10940199f04759a7aee3b98da016aa5c2c4f70da11a1ab00aafd823377c1,143,715,0,-0.002100030891597271,-0.010986478999257088,-0.3120177686214447,-4.7284926869742465,0.0,-4.728488970472416,-0.0,-0.0,-3.7165018307305786e-06,5.0,0.0,1,0.0
std005,1,KL006,ccab10940199f04759a7aee3b98da016aa5c2c4f70da11a1ab00aafd823377c1,143,715,0,0.08591995388269424,-0.05778184533119202,-0.460478812456131,-4.728631991917165,0.0,-4.728488970472416,-0.0,-0.0,-0.00014302144474953593,5.0,0.0,1,0.0
std005,1,KL007,ccab10940199f04759a7aee3b98da016aa5c2c4f70da11a1ab00aafd823377c1,143,715,0,-0.012667423114180565,0.011411825194954872,-0.23421894013881683,-4.728512213967227,0.0,-4.728488970472416,-0.0,-0.0,-2.3243494811531207e-05,5.0,0.0,1,0.0
std005,1,KL008,ccab10940199f04759a7aee3b98da016aa5c2c4f70da11a1ab00aafd823377c1,143,715,0,0.06690944731235504,-0.029562896117568016,-0.14476408064365387,-0.0005386822489011528,0.0,-0.0,-0.0,-0.0,-0.0005386822489011528,0.0,0.0,1,141.02227783203125
std005,1,KL009,ccab10940199f04759a7aee3b98da016aa5c2c4f70da11a1ab00aafd823377c1,143,715,0,0.07532533258199692,-0.060780227184295654,-0.7333142161369324,-4.728613745703619,0.0,-4.728488970472416,-0.0,-0.0,-0.00012477523120324463,5.0,0.0,1,0.0
std005,1,KL0010,ccab10940199f04759a7aee3b98da016aa5c2c4f70da11a1ab00aafd823377c1,143,715,0,-0.011310497298836708,-0.031016485765576363,0.42203420400619507,-2.0209174615371966e-05,0.0,-0.0,-0.0,-0.0,-2.0209174615371966e-05,0.0,0.0,0,
std005,1,KL001,ccab10940199f04759a7aee3b98da016aa5c2c4f70da11a1ab00aafd823377c1,144,720,0,-0.0003346055746078491,-0.004893828183412552,0.23117287456989288,-5.595885716331475e-07,0.0,-0.0,-0.0,-0.0,-5.595885716331475e-07,0.0,0.0,0,
std005,1,KL002,ccab10940199f04759a7aee3b98da016aa5c2c4f70da11a1ab00aafd823377c1,144,720,0,0.04158926010131836,-0.08104585111141205,-0.252828985452652,-6.83835672514878e-05,0.0,-0.0,-0.0,-0.0,-6.83835672514878e-05,0.0,0.0,1,136.63816833496094
std005,1,KL003,ccab10940199f04759a7aee3b98da016aa5c2c4f70da11a1ab00aafd823377c1,144,720,0,-0.020187629386782646,-0.06270541995763779,0.1940539926290512,-3.549804315586038e-05,0.0,-0.0,-0.0,-0.0,-3.549804315586038e-05,0.0,0.0,0,
std005,1,KL004,ccab10940199f04759a7aee3b98da016aa5c2c4f70da11a1ab00aafd823377c1,144,720,0,0.046498313546180725,-0.03869061917066574,0.27808791399002075,-7.775809086108594e-05,0.0,-0.0,-0.0,-0.0,-7.775809086108594e-05,0.0,0.0,0,
std005,1,KL005,ccab10940199f04759a7aee3b98da016aa5c2c4f70da11a1ab00aafd823377c1,144,720,0,-0.003045960795134306,-0.010855480097234249,-0.30524611473083496,-4.728494404011649,0.0,-4.728488970472416,-0.0,-0.0,-5.433539233656859e-06,5.0,0.0,1,0.0
std005,1,KL006,ccab10940199f04759a7aee3b98da016aa5c2c4f70da11a1ab00aafd823377c1,144,720,0,0.08499347418546677,-0.057314418256282806,-0.41914546489715576,-4.728630529906891,0.0,-4.728488970472416,-0.0,-0.0,-0.00014155943447491381,5.0,0.0,1,0.0
std005,1,KL007,ccab10940199f04759a7aee3b98da016aa5c2c4f70da11a1ab00aafd823377c1,144,720,1,-0.013609799556434155,0.011591792106628418,-0.2285398691892624,32.688649439578484,37.41716380974046,-4.728488970472416,-0.0,-0.0,-2.5399689558724958e-05,5.0,0.0,1,0.0
std005,1,KL008,ccab10940199f04759a7aee3b98da016aa5c2c4f70da11a1ab00aafd823377c1,144,720,0,0.06681732833385468,-0.029267631471157074,-0.15764059126377106,-0.0005404251636012506,0.0,-0.0,-0.0,-0.0,-0.0005404251636012506,0.0,0.0,1,136.63816833496094
std005,1,KL009,ccab10940199f04759a7aee3b98da016aa5c2c4f70da11a1ab00aafd823377c1,144,720,0,0.07413772493600845,-0.060406967997550964,-0.6912508010864258,-4.728611821831499,0.0,-4.728488970472416,-0.0,-0.0,-0.00012285135908296496,5.0,0.0,1,0.0
std005,1,KL0010,ccab10940199f04759a7aee3b98da016aa5c2c4f70da11a1ab00aafd823377c1,144,720,0,-0.012827285565435886,-0.030645469203591347,0.4349516034126282,-2.3148619876090256e-05,0.0,-0.0,-0.0,-0.0,-2.3148619876090256e-05,0.0,0.0,0,
std005,1,KL001,ccab10940199f04759a7aee3b98da016aa5c2c4f70da11a1ab00aafd823377c1,145,725,0,0.0005088858306407928,-0.07278653234243393,0.35332027077674866,-8.511559693079125e-07,0.0,-0.0,-0.0,-0.0,-8.511559693079125e-07,0.0,0.0,0,
std005,1,KL002,ccab10940199f04759a7aee3b98da016aa5c2c4f70da11a1ab00aafd823377c1,145,725,0,0.021713728085160255,-0.10521939396858215,-0.20802730321884155,-3.5707348584910464e-05,0.0,-0.0,-0.0,-0.0,-3.5707348584910464e-05,0.0,0.0,1,132.21035766601562
std005,1,KL003,ccab10940199f04759a7aee3b98da016aa5c2c4f70da11a1ab00aafd823377c1,145,725,0,-0.01876460574567318,-0.0730159804224968,0.18889158964157104,-3.321531542549356e-05,0.0,-0.0,-0.0,-0.0,-3.321531542549356e-05,0.0,0.0,0,
std005,1,KL004,ccab10940199f04759a7aee3b98da016aa5c2c4f70da11a1ab00aafd823377c1,145,725,0,0.03390415757894516,-0.08463096618652344,0.328614205121994,-5.674343215359123e-05,0.0,-0.0,-0.0,-0.0,-5.674343215359123e-05,0.0,0.0,0,
std005,1,KL005,ccab10940199f04759a7aee3b98da016aa5c2c4f70da11a1ab00aafd823377c1,145,725,0,-0.011060038581490517,-0.084015391767025,0.37276214361190796,-1.9914773796446395e-05,0.0,-0.0,-0.0,-0.0,-1.9914773796446395e-05,0.0,0.0,0,
std005,1,KL006,ccab10940199f04759a7aee3b98da016aa5c2c4f70da11a1ab00aafd823377c1,145,725,0,0.04930611699819565,-0.09679411351680756,-0.28725701570510864,-4.728571284874931,0.0,-4.728488970472416,-0.0,-0.0,-8.231440251549316e-05,5.0,0.0,1,0.0
std005,1,KL008,ccab10940199f04759a7aee3b98da016aa5c2c4f70da11a1ab00aafd823377c1,145,725,0,0.07652396708726883,-0.0667840987443924,-0.06682787090539932,-0.0005580977830736224,0.0,-0.0,-0.0,-0.0,-0.0005580977830736224,0.0,0.0,1,132.21035766601562
std005,1,KL009,ccab10940199f04759a7aee3b98da016aa5c2c4f70da11a1ab00aafd823377c1,145,725,0,0.04964643716812134,-0.10538683831691742,-0.5264735221862793,-4.728571300879924,0.0,-4.728488970472416,-0.0,-0.0,-8.233040750837972e-05,5.0,0.0,1,0.0
std005,1,KL0010,ccab10940199f04759a7aee3b98da016aa5c2c4f70da11a1ab00aafd823377c1,145,725,0,0.012021280825138092,-0.10251771658658981,0.338955819606781,-2.173280683283207e-05,0.0,-0.0,-0.0,-0.0,-2.173280683283207e-05,0.0,0.0,0,
std005,1,KL001,ccab10940199f04759a7aee3b98da016aa5c2c4f70da11a1ab00aafd823377c1,146,730,0,-0.000583503395318985,-0.07219921052455902,0.35639306902885437,-9.772747899003307e-07,0.0,-0.0,-0.0,-0.0,-9.772747899003307e-07,0.0,0.0,0,
std005,1,KL002,ccab10940199f04759a7aee3b98da016aa5c2c4f70da11a1ab00aafd823377c1,146,730,0,0.021525608375668526,-0.10440344363451004,-0.186864972114563,-3.540212420037574e-05,0.0,-0.0,-0.0,-0.0,-3.540212420037574e-05,0.0,0.0,1,125.08291625976562
std005,1,KL003,ccab10940199f04759a7aee3b98da016aa5c2c4f70da11a1ab00aafd823377c1,146,730,0,-0.019852830097079277,-0.07362312078475952,0.19254516065120697,-3.5418656624183986e-05,0.0,-0.0,-0.0,-0.0,-3.5418656624183986e-05,0.0,0.0,0,
std005,1,KL004,ccab10940199f04759a7aee3b98da016aa5c2c4f70da11a1ab00aafd823377c1,146,730,0,0.049805909395217896,-0.08312217146158218,0.285930871963501,-8.342665010643453e-05,0.0,-0.0,-0.0,-0.0,-8.342665010643453e-05,0.0,0.0,0,
std005,1,KL005,ccab10940199f04759a7aee3b98da016aa5c2c4f70da11a1ab00aafd823377c1,146,730,0,-0.01110396534204483,-0.08350816369056702,0.37565481662750244,-2.022648620489453e-05,0.0,-0.0,-0.0,-0.0,-2.022648620489453e-05,0.0,0.0,0,
std005,1,KL006,ccab10940199f04759a7aee3b98da016aa5c2c4f70da11a1ab00aafd823377c1,146,730,0,0.047731004655361176,-0.0929185226559639,-0.23935003578662872,-4.72856856559063,0.0,-4.728488970472416,-0.0,-0.0,-7.959511821464815e-05,5.0,0.0,1,0.0
std005,1,KL008,ccab10940199f04759a7aee3b98da016aa5c2c4f70da11a1ab00aafd823377c1,146,730,0,0.07472994178533554,-0.06740493327379227,-0.04881740361452103,-0.0005558723877975626,0.0,-0.0,-0.0,-0.0,-0.0005558723877975626,0.0,0.0,1,125.08291625976562
std005,1,KL009,ccab10940199f04759a7aee3b98da016aa5c2c4f70da11a1ab00aafd823377c1,146,730,0,0.04848179221153259,-0.10338339954614639,-0.48048466444015503,-4.728569366657367,0.0,-4.728488970472416,-0.0,-0.0,-8.039618495114809e-05,5.0,0.0,1,0.0
std005,1,KL0010,ccab10940199f04759a7aee3b98da016aa5c2c4f70da11a1ab00aafd823377c1,146,730,1,0.020420927554368973,-0.09799632430076599,0.28777876496315,37.417125935184174,37.41716380974046,-0.0,-0.0,-0.0,-3.787455628412317e-05,0.0,0.0,0,
std005,1,KL001,ccab10940199f04759a7aee3b98da016aa5c2c4f70da11a1ab00aafd823377c1,147,735,0,0.053548432886600494,-0.08264855295419693,0.45412155985832214,-8.92461038306078e-05,0.0,-0.0,-0.0,-0.0,-8.92461038306078e-05,0.0,0.0,0,
std005,1,KL002,ccab10940199f04759a7aee3b98da016aa5c2c4f70da11a1ab00aafd823377c1,147,735,0,0.03906717896461487,-0.09618238359689713,-0.0724492147564888,-6.425932435487785e-05,0.0,-0.0,-0.0,-0.0,-6.425932435487785e-05,0.0,0.0,1,121.10018920898438
std005,1,KL003,ccab10940199f04759a7aee3b98da016aa5c2c4f70da11a1ab00aafd823377c1,147,735,0,0.0011528469622135162,-0.06807775050401688,0.3321995437145233,-2.0494740287775405e-06,0.0,-0.0,-0.0,-0.0,-2.0494740287775405e-06,0.0,0.0,0,
std005,1,KL004,ccab10940199f04759a7aee3b98da016aa5c2c4f70da11a1ab00aafd823377c1,147,735,0,0.022657230496406555,-0.07656332850456238,0.5290101170539856,-3.80654300689089e-05,0.0,-0.0,-0.0,-0.0,-3.80654300689089e-05,0.0,0.0,0,
std005,1,KL005,ccab10940199f04759a7aee3b98da016aa5c2c4f70da11a1ab00aafd823377c1,147,735,0,0.03917171061038971,-0.08281024545431137,0.49479398131370544,-7.059599188087986e-05,0.0,-0.0,-0.0,-0.0,-7.059599188087986e-05,0.0,0.0,0,
std005,1,KL006,ccab10940199f04759a7aee3b98da016aa5c2c4f70da11a1ab00aafd823377c1,147,735,0,0.01377883367240429,-0.08617451786994934,-0.05956488102674484,-4.728512089104414,0.0,-4.728488970472416,-0.0,-0.0,-2.311863199810915e-05,5.0,0.0,1,0.0
std005,1,KL008,ccab10940199f04759a7aee3b98da016aa5c2c4f70da11a1ab00aafd823377c1,147,735,0,0.10867323726415634,-0.05742163211107254,0.010866603814065456,-0.0006122538863554817,0.0,-0.0,-0.0,-0.0,-0.0006122538863554817,0.0,0.0,1,121.10018920898438
std005,1,KL009,ccab10940199f04759a7aee3b98da016aa5c2c4f70da11a1ab00aafd823377c1,147,735,0,0.03844653069972992,-0.08232903480529785,-0.2847174406051636,-4.728552750377098,0.0,-4.728488970472416,-0.0,-0.0,-6.377990468209305e-05,5.0,0.0,1,0.0
std005,1,KL001,ccab10940199f04759a7aee3b98da016aa5c2c4f70da11a1ab00aafd823377c1,148,740,0,0.04776058346033096,-0.0819392278790474,0.4512355327606201,-8.011572932617824e-05,0.0,-0.0,-0.0,-0.0,-8.011572932617824e-05,0.0,0.0,0,
std005,1,KL002,ccab10940199f04759a7aee3b98da016aa5c2c4f70da11a1ab00aafd823377c1,148,740,0,0.037955887615680695,-0.09399938583374023,-0.08723149448633194,-6.243925436655888e-05,0.0,-0.0,-0.0,-0.0,-6.243925436655888e-05,0.0,0.0,1,114.52449035644531
std005,1,KL003,ccab10940199f04759a7aee3b98da016aa5c2c4f70da11a1ab00aafd823377c1,148,740,0,0.014858575537800789,-0.08049309998750687,0.31312742829322815,-2.70727274366502e-05,0.0,-0.0,-0.0,-0.0,-2.70727274366502e-05,0.0,0.0,0,
std005,1,KL004,ccab10940199f04759a7aee3b98da016aa5c2c4f70da11a1ab00aafd823377c1,148,740,0,0.04306550323963165,-0.06932936608791351,0.4947163760662079,-7.227250563462288e-05,0.0,-0.0,-0.0,-0.0,-7.227250563462288e-05,0.0,0.0,0,
std005,1,KL005,ccab10940199f04759a7aee3b98da016aa5c2c4f70da11a1ab00aafd823377c1,148,740,1,0.03409578651189804,-0.08349346369504929,0.498705118894577,37.417106856155684,37.41716380974046,-0.0,-0.0,-0.0,-5.695358477453283e-05,0.0,0.0,0,
std005,1,KL006,ccab10940199f04759a7aee3b98da016aa5c2c4f70da11a1ab00aafd823377c1,148,740,0,-0.03675898164510727,-0.07236087322235107,-0.07830340415239334,-4.728549996989905,0.0,-4.728488970472416,-0.0,-0.0,-6.10265174891822e-05,5.0,0.0,1,0.0
std005,1,KL008,ccab10940199f04759a7aee3b98da016aa5c2c4f70da11a1ab00aafd823377c1,148,740,0,0.10997237265110016,-0.05533188581466675,0.003600380616262555,-0.0006117015531645647,0.0,-0.0,-0.0,-0.0,-0.0006117015531645647,0.0,0.0,1,114.52449035644531
std005,1,KL009,ccab10940199f04759a7aee3b98da016aa5c2c4f70da11a1ab00aafd823377c1,148,740,0,0.03862076252698898,-0.08179165422916412,-0.2687292993068695,-4.72855306502785,0.0,-4.728488970472416,-0.0,-0.0,-6.409455543465725e-05,5.0,0.0,1,0.0
std005,1,KL001,ccab10940199f04759a7aee3b98da016aa5c2c4f70da11a1ab00aafd823377c1,149,745,0,0.07028458267450333,-0.08658209443092346,0.522925853729248,-0.00011800218290740755,0.0,-0.0,-0.0,-0.0,-0.00011800218290740755,0.0,0.0,0,
std005,1,KL002,ccab10940199f04759a7aee3b98da016aa5c2c4f70da11a1ab00aafd823377c1,149,745,0,0.062255606055259705,-0.08681954443454742,-0.14833803474903107,-0.00010241231192597945,0.0,-0.0,-0.0,-0.0,-0.00010241231192597945,0.0,0.0,1,110.2215576171875
std005,1,KL003,ccab10940199f04759a7aee3b98da016aa5c2c4f70da11a1ab00aafd823377c1,149,745,1,0.04457718878984451,-0.07193572074174881,0.28491634130477905,37.417085949468316,37.41716380974046,-0.0,-0.0,-0.0,-7.78602721425159e-05,0.0,0.0,0,
std005,1,KL004,ccab10940199f04759a7aee3b98da016aa5c2c4f70da11a1ab00aafd823377c1,149,745,0,0.06143232434988022,-0.06844433397054672,0.5322651863098145,-0.00010319933335834456,0.0,-0.0,-0.0,-0.0,-0.00010319933335834456,0.0,0.0,0,
std005,1,KL006,ccab10940199f04759a7aee3b98da016aa5c2c4f70da11a1ab00aafd823377c1,149,745,0,-0.017361046746373177,-0.07395561784505844,0.13859035074710846,-4.728517981138322,0.0,-4.728488970472416,-0.0,-0.0,-2.9010665905992994e-05,5.0,0.0,1,0.0
std005,1,KL008,ccab10940199f04759a7aee3b98da016aa5c2c4f70da11a1ab00aafd823377c1,149,745,0,0.11900613456964493,-0.041574522852897644,-0.050254978239536285,-0.0006228968583872743,0.0,-0.0,-0.0,-0.0,-0.0006228968583872743,0.0,0.0,1,110.2215576171875
std005,1,KL009,ccab10940199f04759a7aee3b98da016aa5c2c4f70da11a1ab00aafd823377c1,149,745,0,0.05001290142536163,-0.06590743362903595,-0.22569876909255981,-4.728572005767055,0.0,-4.728488970472416,-0.0,-0.0,-8.303529463926651e-05,5.0,0.0,1,0.0
std005,1,KL001,ccab10940199f04759a7aee3b98da016aa5c2c4f70da11a1ab00aafd823377c1,150,750,0,0.08560787886381149,-0.08184149861335754,0.5453863739967346,-0.0001438867378100621,0.0,-0.0,-0.0,-0.0,-0.0001438867378100621,0.0,0.0,0,
std005,1,KL002,ccab10940199f04759a7aee3b98da016aa5c2c4f70da11a1ab00aafd823377c1,150,750,0,0.06607659161090851,-0.08396473526954651,-0.07979544997215271,-0.00010872603420660466,0.0,-0.0,-0.0,-0.0,-0.00010872603420660466,0.0,0.0,1,107.22183990478516
std005,1,KL004,ccab10940199f04759a7aee3b98da016aa5c2c4f70da11a1ab00aafd823377c1,150,750,0,0.07739033550024033,-0.08121896535158157,0.5635514259338379,-0.0001301440662335674,0.0,-0.0,-0.0,-0.0,-0.0001301440662335674,0.0,0.0,0,
std005,1,KL006,ccab10940199f04759a7aee3b98da016aa5c2c4f70da11a1ab00aafd823377c1,150,750,0,-0.012074117548763752,-0.11393760144710541,0.11555380374193192,-4.728509161340266,0.0,-4.728488970472416,-0.0,-0.0,-2.019086785054469e-05,5.0,0.0,1,0.0
std005,1,KL008,ccab10940199f04759a7aee3b98da016aa5c2c4f70da11a1ab00aafd823377c1,150,750,0,0.1427261382341385,-0.06685822457075119,-0.009726443327963352,-0.0006564532990358338,0.0,-0.0,-0.0,-0.0,-0.0006564532990358338,0.0,0.0,1,107.22183990478516
std005,1,KL009,ccab10940199f04759a7aee3b98da016aa5c2c4f70da11a1ab00aafd823377c1,150,750,0,0.05853378772735596,-0.103580541908741,-0.23402385413646698,-4.728586192835824,0.0,-4.728488970472416,-0.0,-0.0,-9.722236340792278e-05,5.0,0.0,1,0.0
std005,1,KL001,ccab10940199f04759a7aee3b98da016aa5c2c4f70da11a1ab00aafd823377c1,151,755,0,0.08512460440397263,-0.0823010802268982,0.5462219715118408,-0.00014323566176261413,0.0,-0.0,-0.0,-0.0,-0.00014323566176261413,0.0,0.0,0,
std005,1,KL002,ccab10940199f04759a7aee3b98da016aa5c2c4f70da11a1ab00aafd823377c1,151,755,0,0.06545834988355637,-0.0837935134768486,-0.08412652462720871,-0.00010772347381285696,0.0,-0.0,-0.0,-0.0,-0.00010772347381285696,0.0,0.0,1,101.39757537841797
std005,1,KL004,ccab10940199f04759a7aee3b98da016aa5c2c4f70da11a1ab00aafd823377c1,151,755,0,0.07947526127099991,-0.07887718081474304,0.5504320859909058,-0.00013380479452878582,0.0,-0.0,-0.0,-0.0,-0.00013380479452878582,0.0,0.0,0,
std005,1,KL006,ccab10940199f04759a7aee3b98da016aa5c2c4f70da11a1ab00aafd823377c1,151,755,0,-0.012768259271979332,-0.11386533826589584,0.12259279936552048,-4.728510338614405,0.0,-4.728488970472416,-0.0,-0.0,-2.1368141989164258e-05,5.0,0.0,1,0.0
std005,1,KL008,ccab10940199f04759a7aee3b98da016aa5c2c4f70da11a1ab00aafd823377c1,151,755,0,0.14260241389274597,-0.06690981239080429,-0.008136698044836521,-0.0006469875502899808,0.0,-0.0,-0.0,-0.0,-0.0006469875502899808,0.0,0.0,1,101.39757537841797
std005,1,KL009,ccab10940199f04759a7aee3b98da016aa5c2c4f70da11a1ab00aafd823377c1,151,755,0,0.05846893787384033,-0.10336729139089584,-0.22445982694625854,-4.728586127649855,0.0,-4.728488970472416,-0.0,-0.0,-9.715717743929986e-05,5.0,0.0,1,0.0
std005,1,KL001,ccab10940199f04759a7aee3b98da016aa5c2c4f70da11a1ab00aafd823377c1,152,760,0,0.08478256314992905,-0.0819360613822937,0.5472591519355774,-0.000142832142671242,0.0,-0.0,-0.0,-0.0,-0.000142832142671242,0.0,0.0,0,
std005,1,KL002,ccab10940199f04759a7aee3b98da016aa5c2c4f70da11a1ab00aafd823377c1,152,760,0,0.06542129814624786,-0.08385442197322845,-0.07957132905721664,-0.00010767752468762465,0.0,-0.0,-0.0,-0.0,-0.00010767752468762465,0.0,0.0,1,97.48983001708984
std005,1,KL004,ccab10940199f04759a7aee3b98da016aa5c2c4f70da11a1ab00aafd823377c1,152,760,0,0.0793752521276474,-0.07869277894496918,0.5509287714958191,-0.00013380276563578278,0.0,-0.0,-0.0,-0.0,-0.00013380276563578278,0.0,0.0,0,
std005,1,KL006,ccab10940199f04759a7aee3b98da016aa5c2c4f70da11a1ab00aafd823377c1,152,760,0,-0.013197224587202072,-0.11356820166110992,0.13481667637825012,-3.7828132804660077,0.0,-3.7827911763779327,-0.0,-0.0,-2.2104088075014516e-05,4.0,0.0,1,0.0
std005,1,KL008,ccab10940199f04759a7aee3b98da016aa5c2c4f70da11a1ab00aafd823377c1,152,760,0,0.14210864901542664,-0.06683197617530823,-0.007236548699438572,-0.0006352969681969832,0.0,-0.0,-0.0,-0.0,-0.0006352969681969832,0.0,0.0,1,97.48983001708984
std005,1,KL009,ccab10940199f04759a7aee3b98da016aa5c2c4f70da11a1ab00aafd823377c1,152,760,0,0.05837884545326233,-0.10320844501256943,-0.20847761631011963,-3.7828882281575873,0.0,-3.7827911763779327,-0.0,-0.0,-9.705177965457779e-05,4.0,0.0,1,0.0
std005,1,KL001,ccab10940199f04759a7aee3b98da016aa5c2c4f70da11a1ab00aafd823377c1,153,765,0,0.08448352664709091,-0.08160457015037537,0.5482193827629089,-0.00014251253576035234,0.0,-0.0,-0.0,-0.0,-0.00014251253576035234,0.0,0.0,0,
std005,1,KL002,ccab10940199f04759a7aee3b98da016aa5c2c4f70da11a1ab00aafd823377c1,153,765,0,0.06540054827928543,-0.08390521258115768,-0.07537718862295151,-0.00010765873895250111,0.0,-0.0,-0.0,-0.0,-0.00010765873895250111,0.0,0.0,1,93.74002838134766
std005,1,KL004,ccab10940199f04759a7aee3b98da016aa5c2c4f70da11a1ab00aafd823377c1,153,765,0,0.07936377078294754,-0.07837847620248795,0.551579475402832,-0.0001339622981297904,0.0,-0.0,-0.0,-0.0,-0.0001339622981297904,0.0,0.0,0,
std005,1,KL006,ccab10940199f04759a7aee3b98da016aa5c2c4f70da11a1ab00aafd823377c1,153,765,0,-0.0027330927550792694,-0.11158371716737747,0.4107353985309601,-4.581564550632913e-06,0.0,-0.0,-0.0,-0.0,-4.581564550632913e-06,0.0,0.0,0,
std005,1,KL008,ccab10940199f04759a7aee3b98da016aa5c2c4f70da11a1ab00aafd823377c1,153,765,0,0.14161378145217896,-0.06676385551691055,-0.007006862200796604,-0.0006217170901832633,0.0,-0.0,-0.0,-0.0,-0.0006217170901832633,0.0,0.0,1,93.74002838134766
std005,1,KL009,ccab10940199f04759a7aee3b98da016aa5c2c4f70da11a1ab00aafd823377c1,153,765,0,0.06179821491241455,-0.12458160519599915,0.12628446519374847,-0.00010278350630811672,0.0,-0.0,-0.0,-0.0,-0.00010278350630811672,0.0,0.0,0,
std005,1,KL001,ccab10940199f04759a7aee3b98da016aa5c2c4f70da11a1ab00aafd823377c1,154,770,0,0.08426481485366821,-0.08128068596124649,0.5497586131095886,-0.00014234147285618906,0.0,-0.0,-0.0,-0.0,-0.00014234147285618906,0.0,0.0,0,
std005,1,KL002,ccab10940199f04759a7aee3b98da016aa5c2c4f70da11a1ab00aafd823377c1,154,770,0,0.05011189728975296,-0.07872394472360611,-0.017567850649356842,-8.250445227509895e-05,0.0,-0.0,-0.0,-0.0,-8.250445227509895e-05,0.0,0.0,1,90.0855712890625
std005,1,KL004,ccab10940199f04759a7aee3b98da016aa5c2c4f70da11a1ab00aafd823377c1,154,770,0,0.07931336015462875,-0.07803800702095032,0.5520654916763306,-0.00013407009297540192,0.0,-0.0,-0.0,-0.0,-0.00013407009297540192,0.0,0.0,0,
std005,1,KL006,ccab10940199f04759a7aee3b98da016aa5c2c4f70da11a1ab00aafd823377c1,154,770,0,-0.0026017306372523308,-0.11171936988830566,0.41653525829315186,-4.3653655903589316e-06,0.0,-0.0,-0.0,-0.0,-4.3653655903589316e-06,0.0,0.0,0,
std005,1,KL008,ccab10940199f04759a7aee3b98da016aa5c2c4f70da11a1ab00aafd823377c1,154,770,0,0.14113713800907135,-0.06665387004613876,-0.008587309159338474,-0.0006058720410534921,0.0,-0.0,-0.0,-0.0,-0.0006058720410534921,0.0,0.0,1,90.0855712890625
std005,1,KL009,ccab10940199f04759a7aee3b98da016aa5c2c4f70da11a1ab00aafd823377c1,154,770,0,0.06145423650741577,-0.1243678629398346,0.13830411434173584,-0.00010226089933683992,0.0,-0.0,-0.0,-0.0,-0.00010226089933683992,0.0,0.0,0,
std005,1,KL001,ccab10940199f04759a7aee3b98da016aa5c2c4f70da11a1ab00aafd823377c1,155,775,0,0.0839553251862526,-0.08102107048034668,0.5507710576057434,-0.0001420317237776731,0.0,-0.0,-0.0,-0.0,-0.0001420317237776731,0.0,0.0,0,
std005,1,KL002,ccab10940199f04759a7aee3b98da016aa5c2c4f70da11a1ab00aafd823377c1,155,775,0,0.048819780349731445,-0.07885725796222687,-0.0017061165999621153,-8.038938953410859e-05,0.0,-0.0,-0.0,-0.0,-8.038938953410859e-05,0.0,0.0,1,85.53640747070312
std005,1,KL004,ccab10940199f04759a7aee3b98da016aa5c2c4f70da11a1ab00aafd823377c1,155,775,0,0.07933623343706131,-0.07766680419445038,0.5524270534515381,-0.0001343175157698317,0.0,-0.0,-0.0,-0.0,-0.0001343175157698317,0.0,0.0,0,
std005,1,KL006,ccab10940199f04759a7aee3b98da016aa5c2c4f70da11a1ab00aafd823377c1,155,775,0,-0.0029071392491459846,-0.11125536262989044,0.42529138922691345,-4.882590693466044e-06,0.0,-0.0,-0.0,-0.0,-4.882590693466044e-06,0.0,0.0,0,
std005,1,KL008,ccab10940199f04759a7aee3b98da016aa5c2c4f70da11a1ab00aafd823377c1,155,775,0,0.1404498666524887,-0.06667719781398773,-0.001452901167795062,-0.0005868350657609918,0.0,-0.0,-0.0,-0.0,-0.0005868350657609918,0.0,0.0,1,85.53640747070312
std005,1,KL009,ccab10940199f04759a7aee3b98da016aa5c2c4f70da11a1ab00aafd823377c1,155,775,0,0.06062563508749008,-0.12403161823749542,0.15234555304050446,-0.00010093323060397506,0.0,-0.0,-0.0,-0.0,-0.00010093323060397506,0.0,0.0,0,
std005,1,KL001,ccab10940199f04759a7aee3b98da016aa5c2c4f70da11a1ab00aafd823377c1,156,780,0,0.08368141204118729,-0.08071231842041016,0.551618218421936,-0.00014179847805634356,0.0,-0.0,-0.0,-0.0,-0.00014179847805634356,0.0,0.0,0,
std005,1,KL002,ccab10940199f04759a7aee3b98da016aa5c2c4f70da11a1ab00aafd823377c1,156,780,0,0.04851958900690079,-0.07889793813228607,0.003305404679849744,-7.990753751080543e-05,0.0,-0.0,-0.0,-0.0,-7.990753751080543e-05,0.0,0.0,1,82.08401489257812
std005,1,KL004,ccab10940199f04759a7aee3b98da016aa5c2c4f70da11a1ab00aafd823377c1,156,780,0,0.07935574650764465,-0.07732917368412018,0.5529649257659912,-0.00013457718779360967,0.0,-0.0,-0.0,-0.0,-0.00013457718779360967,0.0,0.0,0,
std005,1,KL006,ccab10940199f04759a7aee3b98da016aa5c2c4f70da11a1ab00aafd823377c1,156,780,0,-0.0031730346381664276,-0.11091557145118713,0.42954525351524353,-5.33473971650137e-06,0.0,-0.0,-0.0,-0.0,-5.33473971650137e-06,0.0,0.0,0,
std005,1,KL008,ccab10940199f04759a7aee3b98da016aa5c2c4f70da11a1ab00aafd823377c1,156,780,0,0.1397835612297058,-0.0665784701704979,-0.004717656411230564,-0.000564271739518615,0.0,-0.0,-0.0,-0.0,-0.000564271739518615,0.0,0.0,1,82.08401489257812
std005,1,KL009,ccab10940199f04759a7aee3b98da016aa5c2c4f70da11a1ab00aafd823377c1,156,780,0,0.06033968925476074,-0.12390370666980743,0.16610251367092133,-0.0001005103826990649,0.0,-0.0,-0.0,-0.0,-0.0001005103826990649,0.0,0.0,0,
std005,1,KL001,ccab10940199f04759a7aee3b98da016aa5c2c4f70da11a1ab00aafd823377c1,157,785,0,0.08340557664632797,-0.08039826154708862,0.5524082183837891,-0.00014158053211712799,0.0,-0.0,-0.0,-0.0,-0.00014158053211712799,0.0,0.0,0,
std005,1,KL002,ccab10940199f04759a7aee3b98da016aa5c2c4f70da11a1ab00aafd823377c1,157,785,0,0.04831531643867493,-0.07895027101039886,0.007586530409753323,-7.958383920405582e-05,0.0,-0.0,-0.0,-0.0,-7.958383920405582e-05,0.0,0.0,1,78.87560272216797
std005,1,KL004,ccab10940199f04759a7aee3b98da016aa5c2c4f70da11a1ab00aafd823377c1,157,785,0,0.07939022779464722,-0.07697589695453644,0.5534446835517883,-0.00013488264798105012,0.0,-0.0,-0.0,-0.0,-0.00013488264798105012,0.0,0.0,0,
std005,1,KL006,ccab10940199f04759a7aee3b98da016aa5c2c4f70da11a1ab00aafd823377c1,157,785,0,-0.003448447212576866,-0.11057253926992416,0.4336407482624054,-5.804259386411286e-06,0.0,-0.0,-0.0,-0.0,-5.804259386411286e-06,0.0,0.0,0,
std005,1,KL008,ccab10940199f04759a7aee3b98da016aa5c2c4f70da11a1ab00aafd823377c1,157,785,0,0.13905645906925201,-0.0664856880903244,-0.009236969985067844,-0.0005369660250693245,0.0,-0.0,-0.0,-0.0,-0.0005369660250693245,0.0,0.0,1,78.87560272216797
std005,1,KL009,ccab10940199f04759a7aee3b98da016aa5c2c4f70da11a1ab00aafd823377c1,157,785,0,0.06007950007915497,-0.12377268821001053,0.17959317564964294,-0.00010013250629367655,0.0,-0.0,-0.0,-0.0,-0.00010013250629367655,0.0,0.0,0,
std005,1,KL001,ccab10940199f04759a7aee3b98da016aa5c2c4f70da11a1ab00aafd823377c1,158,790,0,0.08313903212547302,-0.08008965849876404,0.5531215071678162,-0.00014139948602046002,0.0,-0.0,-0.0,-0.0,-0.00014139948602046002,0.0,0.0,0,
std005,1,KL002,ccab10940199f04759a7aee3b98da016aa5c2c4f70da11a1ab00aafd823377c1,158,790,0,0.04814750701189041,-0.07901499420404434,0.01187912281602621,-7.932042103778445e-05,0.0,-0.0,-0.0,-0.0,-7.932042103778445e-05,0.0,0.0,1,75.9300308227539
std005,1,KL004,ccab10940199f04759a7aee3b98da016aa5c2c4f70da11a1ab00aafd823377c1,158,790,0,0.07944533973932266,-0.07660555839538574,0.553849995136261,-0.00013524654369584884,0.0,-0.0,-0.0,-0.0,-0.00013524654369584884,0.0,0.0,0,
std005,1,KL006,ccab10940199f04759a7aee3b98da016aa5c2c4f70da11a1ab00aafd823377c1,158,790,0,-0.003728550858795643,-0.11021208763122559,0.4375879466533661,-6.283218099315196e-06,0.0,-0.0,-0.0,-0.0,-6.283218099315196e-06,0.0,0.0,0,
std005,1,KL008,ccab10940199f04759a7aee3b98da016aa5c2c4f70da11a1ab00aafd823377c1,158,790,0,0.1382463127374649,-0.06640378385782242,-0.014717587269842625,-0.0005032736754768167,0.0,-0.0,-0.0,-0.0,-0.0005032736754768167,0.0,0.0,1,75.9300308227539
std005,1,KL009,ccab10940199f04759a7aee3b98da016aa5c2c4f70da11a1ab00aafd823377c1,158,790,0,0.059809476137161255,-0.12363755702972412,0.19307535886764526,-9.97404670965325e-05,0.0,-0.0,-0.0,-0.0,-9.97404670965325e-05,0.0,0.0,0,
std005,1,KL001,ccab10940199f04759a7aee3b98da016aa5c2c4f70da11a1ab00aafd823377c1,159,795,0,0.08288627117872238,-0.07979126274585724,0.5537265539169312,-0.00014126608894425864,0.0,-0.0,-0.0,-0.0,-0.00014126608894425864,0.0,0.0,0,
std005,1,KL002,ccab10940199f04759a7aee3b98da016aa5c2c4f70da11a1ab00aafd823377c1,159,795,0,0.048025354743003845,-0.07909461110830307,0.016275554895401,-7.913248467368334e-05,0.0,-0.0,-0.0,-0.0,-7.913248467368334e-05,0.0,0.0,1,73.34967803955078
std005,1,KL004,ccab10940199f04759a7aee3b98da016aa5c2c4f70da11a1ab00aafd823377c1,159,795,0,0.0795264020562172,-0.07621181756258011,0.5541563630104065,-0.00013568157855545164,0.0,-0.0,-0.0,-0.0,-0.00013568157855545164,0.0,0.0,0,
std005,1,KL006,ccab10940199f04759a7aee3b98da016aa5c2c4f70da11a1ab00aafd823377c1,159,795,0,-0.004015050828456879,-0.10982850193977356,0.4413767158985138,-6.774694932847597e-06,0.0,-0.0,-0.0,-0.0,-6.774694932847597e-06,0.0,0.0,0,
std005,1,KL008,ccab10940199f04759a7aee3b98da016aa5c2c4f70da11a1ab00aafd823377c1,159,795,0,0.13732095062732697,-0.06634322553873062,-0.021434225142002106,-0.00046037874433708297,0.0,-0.0,-0.0,-0.0,-0.00046037874433708297,0.0,0.0,1,73.34967803955078
std005,1,KL009,ccab10940199f04759a7aee3b98da016aa5c2c4f70da11a1ab00aafd823377c1,159,795,0,0.05952233821153641,-0.12349890172481537,0.20665858685970306,-9.932226289912509e-05,0.0,-0.0,-0.0,-0.0,-9.932226289912509e-05,0.0,0.0,0,
std005,1,KL001,ccab10940199f04759a7aee3b98da016aa5c2c4f70da11a1ab00aafd823377c1,160,800,0,0.08265411853790283,-0.07950893044471741,0.554168701171875,-0.00014119587008788156,0.0,-0.0,-0.0,-0.0,-0.00014119587008788156,0.0,0.0,0,
std005,1,KL002,ccab10940199f04759a7aee3b98da016aa5c2c4f70da11a1ab00aafd823377c1,160,800,0,0.04797505587339401,-0.07919285446405411,0.020857229828834534,-7.906323981616522e-05,0.0,-0.0,-0.0,-0.0,-7.906323981616522e-05,0.0,0.0,1,71.33010864257812
std005,1,KL004,ccab10940199f04759a7aee3b98da016aa5c2c4f70da11a1ab00aafd823377c1,160,800,0,0.07964271306991577,-0.07578371465206146,0.5543228387832642,-0.00013620813739671485,0.0,-0.0,-0.0,-0.0,-0.00013620813739671485,0.0,0.0,0,
std005,1,KL006,ccab10940199f04759a7aee3b98da016aa5c2c4f70da11a1ab00aafd823377c1,160,800,0,-0.004312758333981037,-0.10941237211227417,0.4449911415576935,-7.287065072800526e-06,0.0,-0.0,-0.0,-0.0,-7.287065072800526e-06,0.0,0.0,0,
std005,1,KL008,ccab10940199f04759a7aee3b98da016aa5c2c4f70da11a1ab00aafd823377c1,160,800,0,0.1362256109714508,-0.06632521748542786,-0.029908619821071625,-0.0004031487606065554,0.0,-0.0,-0.0,-0.0,-0.0004031487606065554,0.0,0.0,1,71.33010864257812
std005,1,KL009,ccab10940199f04759a7aee3b98da016aa5c2c4f70da11a1ab00aafd823377c1,160,800,0,0.02347181737422943,-0.11333149671554565,0.25332435965538025,-3.933522267360551e-05,0.0,-0.0,-0.0,-0.0,-3.933522267360551e-05,0.0,0.0,0,
std005,1,KL001,ccab10940199f04759a7aee3b98da016aa5c2c4f70da11a1ab00aafd823377c1,161,805,0,0.08324255049228668,-0.07980308681726456,0.5539807081222534,-0.00014256295368926053,0.0,-0.0,-0.0,-0.0,-0.00014256295368926053,0.0,0.0,0,
std005,1,KL002,ccab10940199f04759a7aee3b98da016aa5c2c4f70da11a1ab00aafd823377c1,161,805,0,0.0475798174738884,-0.07883385568857193,0.02639484405517578,-7.842579055718898e-05,0.0,-0.0,-0.0,-0.0,-7.842579055718898e-05,0.0,0.0,1,70.26930236816406
std005,1,KL004,ccab10940199f04759a7aee3b98da016aa5c2c4f70da11a1ab00aafd823377c1,161,805,0,0.0798243060708046,-0.07552540302276611,0.5553606152534485,-0.00013688322533832883,0.0,-0.0,-0.0,-0.0,-0.00013688322533832883,0.0,0.0,0,
std005,1,KL006,ccab10940199f04759a7aee3b98da016aa5c2c4f70da11a1ab00aafd823377c1,161,805,0,-0.004163673147559166,-0.10926796495914459,0.44730445742607117,-7.045615898303664e-06,0.0,-0.0,-0.0,-0.0,-7.045615898303664e-06,0.0,0.0,0,
std005,1,KL008,ccab10940199f04759a7aee3b98da016aa5c2c4f70da11a1ab00aafd823377c1,161,805,0,0.1354566067457199,-0.06589363515377045,-0.03646654635667801,-0.0003219582808765274,0.0,-0.0,-0.0,-0.0,-0.0003219582808765274,0.0,0.0,1,70.26930236816406
std005,1,KL009,ccab10940199f04759a7aee3b98da016aa5c2c4f70da11a1ab00aafd823377c1,161,805,0,0.0005271872505545616,-0.10789822787046432,0.2631390392780304,-8.963547087485307e-07,0.0,-0.0,-0.0,-0.0,-8.963547087485307e-07,0.0,0.0,0,
std005,1,KL001,ccab10940199f04759a7aee3b98da016aa5c2c4f70da11a1ab00aafd823377c1,162,810,0,0.0835910513997078,-0.07998417317867279,0.5534269213676453,-0.00014356385257032557,0.0,-0.0,-0.0,-0.0,-0.00014356385257032557,0.0,0.0,0,
std005,1,KL002,ccab10940199f04759a7aee3b98da016aa5c2c4f70da11a1ab00aafd823377c1,162,810,0,0.047631099820137024,-0.07867800444364548,0.03242179751396179,-7.852459794152081e-05,0.0,-0.0,-0.0,-0.0,-7.852459794152081e-05,0.0,0.0,1,71.0213623046875
std005,1,KL004,ccab10940199f04759a7aee3b98da016aa5c2c4f70da11a1ab00aafd823377c1,162,810,0,0.08005210757255554,-0.07505002617835999,0.555601954460144,-0.00013768140773359614,0.0,-0.0,-0.0,-0.0,-0.00013768140773359614,0.0,0.0,0,
std005,1,KL006,ccab10940199f04759a7aee3b98da016aa5c2c4f70da11a1ab00aafd823377c1,162,810,0,-0.004197301343083382,-0.10895048081874847,0.4496366083621979,-7.113946511308432e-06,0.0,-0.0,-0.0,-0.0,-7.113946511308432e-06,0.0,0.0,0,
std005,1,KL008,ccab10940199f04759a7aee3b98da016aa5c2c4f70da11a1ab00aafd823377c1,162,810,0,0.13370855152606964,-0.06546329706907272,-0.04776743799448013,-0.00022167301262465444,0.0,-0.0,-0.0,-0.0,-0.00022167301262465444,0.0,0.0,1,71.0213623046875
std005,1,KL009,ccab10940199f04759a7aee3b98da016aa5c2c4f70da11a1ab00aafd823377c1,162,810,0,0.0005547003820538521,-0.10768064856529236,0.279467910528183,-9.27581858950197e-07,0.0,-0.0,-0.0,-0.0,-9.27581858950197e-07,0.0,0.0,0,
std005,1,KL001,ccab10940199f04759a7aee3b98da016aa5c2c4f70da11a1ab00aafd823377c1,163,815,0,0.08352137356996536,-0.07979024946689606,0.5527291297912598,-0.00014389586579018057,0.0,-0.0,-0.0,-0.0,-0.00014389586579018057,0.0,0.0,0,
std005,1,KL002,ccab10940199f04759a7aee3b98da016aa5c2c4f70da11a1ab00aafd823377c1,163,815,0,0.048223040997982025,-0.07879620045423508,0.03839879482984543,-7.9515295858009e-05,0.0,-0.0,-0.0,-0.0,-7.9515295858009e-05,0.0,0.0,1,73.91758728027344
std005,1,KL004,ccab10940199f04759a7aee3b98da016aa5c2c4f70da11a1ab00aafd823377c1,163,815,0,0.08041592687368393,-0.07436420023441315,0.5549635291099548,-0.00013876637320371115,0.0,-0.0,-0.0,-0.0,-0.00013876637320371115,0.0,0.0,0,
std005,1,KL006,ccab10940199f04759a7aee3b98da016aa5c2c4f70da11a1ab00aafd823377c1,163,815,0,-0.004577593877911568,-0.1083807647228241,0.4522855877876282,-7.7720642245929e-06,0.0,-0.0,-0.0,-0.0,-7.7720642245929e-06,0.0,0.0,0,
std005,1,KL008,ccab10940199f04759a7aee3b98da016aa5c2c4f70da11a1ab00aafd823377c1,163,815,0,0.13001523911952972,-0.06403455883264542,-0.06066533178091049,-0.0002152862594678271,0.0,-0.0,-0.0,-0.0,-0.0002152862594678271,0.0,0.0,1,73.91758728027344
std005,1,KL009,ccab10940199f04759a7aee3b98da016aa5c2c4f70da11a1ab00aafd823377c1,163,815,0,0.0008003581315279007,-0.10690680891275406,0.29108330607414246,-1.3394008513721213e-06,0.0,-0.0,-0.0,-0.0,-1.3394008513721213e-06,0.0,0.0,0,
std005,1,KL001,ccab10940199f04759a7aee3b98da016aa5c2c4f70da11a1ab00aafd823377c1,164,820,0,0.08326611667871475,-0.0793340802192688,0.5539812445640564,-0.00014396323373022635,0.0,-0.0,-0.0,-0.0,-0.00014396323373022635,0.0,0.0,0,
std005,1,KL002,ccab10940199f04759a7aee3b98da016aa5c2c4f70da11a1ab00aafd823377c1,164,820,0,0.04799915850162506,-0.07872667163610458,0.04029235988855362,-7.916134509592015e-05,0.0,-0.0,-0.0,-0.0,-7.916134509592015e-05,0.0,0.0,1,69.8992919921875
std005,1,KL004,ccab10940199f04759a7aee3b98da016aa5c2c4f70da11a1ab00aafd823377c1,164,820,0,0.08053651452064514,-0.0740722119808197,0.5558998584747314,-0.00013949417934978176,0.0,-0.0,-0.0,-0.0,-0.00013949417934978176,0.0,0.0,0,
std005,1,KL006,ccab10940199f04759a7aee3b98da016aa5c2c4f70da11a1ab00aafd823377c1,164,820,0,0.016634289175271988,-0.13243629038333893,0.48468342423439026,-2.829620514785713e-05,0.0,-0.0,-0.0,-0.0,-2.829620514785713e-05,0.0,0.0,0,
std005,1,KL008,ccab10940199f04759a7aee3b98da016aa5c2c4f70da11a1ab00aafd823377c1,164,820,0,0.12927280366420746,-0.06358649581670761,-0.05977017432451248,-0.00021412777260838357,0.0,-0.0,-0.0,-0.0,-0.00021412777260838357,0.0,0.0,1,69.8992919921875
std005,1,KL009,ccab10940199f04759a7aee3b98da016aa5c2c4f70da11a1ab00aafd823377c1,164,820,0,0.000687476247549057,-0.10664776712656021,0.2988739609718323,-1.1514367260473597e-06,0.0,-0.0,-0.0,-0.0,-1.1514367260473597e-06,0.0,0.0,0,
std005,1,KL001,ccab10940199f04759a7aee3b98da016aa5c2c4f70da11a1ab00aafd823377c1,165,825,0,0.08332055807113647,-0.07895480841398239,0.5564277172088623,-0.0001446327949506244,0.0,-0.0,-0.0,-0.0,-0.0001446327949506244,0.0,0.0,0,
std005,1,KL002,ccab10940199f04759a7aee3b98da016aa5c2c4f70da11a1ab00aafd823377c1,165,825,0,0.04745728522539139,-0.07839486002922058,0.041896723210811615,-7.828316084494862e-05,0.0,-0.0,-0.0,-0.0,-7.828316084494862e-05,0.0,0.0,1,65.40347290039062
std005,1,KL004,ccab10940199f04759a7aee3b98da016aa5c2c4f70da11a1ab00aafd823377c1,165,825,0,0.08064080029726028,-0.07382754236459732,0.5569146871566772,-0.00014026734619082827,0.0,-0.0,-0.0,-0.0,-0.00014026734619082827,0.0,0.0,0,
std005,1,KL006,ccab10940199f04759a7aee3b98da016aa5c2c4f70da11a1ab00aafd823377c1,165,825,0,0.016227755695581436,-0.13262666761875153,0.4844187796115875,-2.7661153624519405e-05,0.0,-0.0,-0.0,-0.0,-2.7661153624519405e-05,0.0,0.0,0,
std005,1,KL008,ccab10940199f04759a7aee3b98da016aa5c2c4f70da11a1ab00aafd823377c1,165,825,0,0.12884749472141266,-0.06289460510015488,-0.058367662131786346,-0.00021349650034408783,0.0,-0.0,-0.0,-0.0,-0.00021349650034408783,0.0,0.0,1,65.40347290039062
std005,1,KL009,ccab10940199f04759a7aee3b98da016aa5c2c4f70da11a1ab00aafd823377c1,165,825,0,0.00029760971665382385,-0.10636712610721588,0.3057108223438263,-4.98906041330326e-07,0.0,-0.0,-0.0,-0.0,-4.98906041330326e-07,0.0,0.0,0,
std005,1,KL001,ccab10940199f04759a7aee3b98da016aa5c2c4f70da11a1ab00aafd823377c1,166,830,0,0.08307627588510513,-0.0784803032875061,0.5577301383018494,-0.0001448653214659972,0.0,-0.0,-0.0,-0.0,-0.0001448653214659972,0.0,0.0,0,
std005,1,KL002,ccab10940199f04759a7aee3b98da016aa5c2c4f70da11a1ab00aafd823377c1,166,830,0,0.04706669598817825,-0.07833438366651535,0.044336482882499695,-7.765466884817274e-05,0.0,-0.0,-0.0,-0.0,-7.765466884817274e-05,0.0,0.0,1,60.83120346069336
std005,1,KL004,ccab10940199f04759a7aee3b98da016aa5c2c4f70da11a1ab00aafd823377c1,166,830,0,0.08081302046775818,-0.07354307174682617,0.5579746961593628,-0.00014124911941174284,0.0,-0.0,-0.0,-0.0,-0.00014124911941174284,0.0,0.0,0,
std005,1,KL006,ccab10940199f04759a7aee3b98da016aa5c2c4f70da11a1ab00aafd823377c1,166,830,0,0.015959011390805244,-0.13228057324886322,0.4875759184360504,-2.7264131042282262e-05,0.0,-0.0,-0.0,-0.0,-2.7264131042282262e-05,0.0,0.0,0,
std005,1,KL008,ccab10940199f04759a7aee3b98da016aa5c2c4f70da11a1ab00aafd823377c1,166,830,0,0.1282697468996048,-0.0625070184469223,-0.0561332181096077,-0.00021261499357201302,0.0,-0.0,-0.0,-0.0,-0.00021261499357201302,0.0,0.0,1,60.83120346069336
std005,1,KL009,ccab10940199f04759a7aee3b98da016aa5c2c4f70da11a1ab00aafd823377c1,166,830,0,0.00013385899364948273,-0.10611188411712646,0.31303641200065613,-2.246206697582928e-07,0.0,-0.0,-0.0,-0.0,-2.246206697582928e-07,0.0,0.0,0,
std005,1,KL001,ccab10940199f04759a7aee3b98da016aa5c2c4f70da11a1ab00aafd823377c1,167,835,0,0.08283796906471252,-0.07796663790941238,0.5590672492980957,-0.00014520609443973383,0.0,-0.0,-0.0,-0.0,-0.00014520609443973383,0.0,0.0,0,
std005,1,KL002,ccab10940199f04759a7aee3b98da016aa5c2c4f70da11a1ab00aafd823377c1,167,835,0,0.07722310721874237,-0.08228489011526108,-0.0585506334900856,-0.0001273916145249063,0.0,-0.0,-0.0,-0.0,-0.0001273916145249063,0.0,0.0,1,56.25788116455078
std005,1,KL004,ccab10940199f04759a7aee3b98da016aa5c2c4f70da11a1ab00aafd823377c1,167,835,0,0.08101686090230942,-0.07326512038707733,0.5590485334396362,-0.00014239932491859672,0.0,-0.0,-0.0,-0.0,-0.00014239932491859672,0.0,0.0,0,
std005,1,KL006,ccab10940199f04759a7aee3b98da016aa5c2c4f70da11a1ab00aafd823377c1,167,835,0,0.01569964922964573,-0.13192957639694214,0.490630179643631,-2.6887400781910767e-05,0.0,-0.0,-0.0,-0.0,-2.6887400781910767e-05,0.0,0.0,0,
std005,1,KL008,ccab10940199f04759a7aee3b98da016aa5c2c4f70da11a1ab00aafd823377c1,167,835,0,0.12767595052719116,-0.06210672855377197,-0.054076723754405975,-0.00021170919309808543,0.0,-0.0,-0.0,-0.0,-0.00021170919309808543,0.0,0.0,1,56.25788116455078
std005,1,KL009,ccab10940199f04759a7aee3b98da016aa5c2c4f70da11a1ab00aafd823377c1,167,835,0,-1.5735626220703125e-05,-0.10584165155887604,0.3201499283313751,-2.6397034941278534e-08,0.0,-0.0,-0.0,-0.0,-2.6397034941278534e-08,0.0,0.0,0,
std005,1,KL001,ccab10940199f04759a7aee3b98da016aa5c2c4f70da11a1ab00aafd823377c1,168,840,0,0.08267873525619507,-0.0773194283246994,0.5602210760116577,-0.00014580881838917545,0.0,-0.0,-0.0,-0.0,-0.00014580881838917545,0.0,0.0,0,
std005,1,KL002,ccab10940199f04759a7aee3b98da016aa5c2c4f70da11a1ab00aafd823377c1,168,840,0,0.07979465276002884,-0.08094163984060287,-0.07889940589666367,-0.00013170369449162358,0.0,-0.0,-0.0,-0.0,-0.00013170369449162358,0.0,0.0,1,52.8447265625
std005,1,KL004,ccab10940199f04759a7aee3b98da016aa5c2c4f70da11a1ab00aafd823377c1,168,840,0,0.08119560033082962,-0.07304089516401291,0.560559868812561,-0.000143648330245532,0.0,-0.0,-0.0,-0.0,-0.000143648330245532,0.0,0.0,0,
std005,1,KL006,ccab10940199f04759a7aee3b98da016aa5c2c4f70da11a1ab00aafd823377c1,168,840,0,0.016346510499715805,-0.1322549730539322,0.4931543171405792,-2.807187374318274e-05,0.0,-0.0,-0.0,-0.0,-2.807187374318274e-05,0.0,0.0,0,
std005,1,KL008,ccab10940199f04759a7aee3b98da016aa5c2c4f70da11a1ab00aafd823377c1,168,840,0,0.12734249234199524,-0.06171213090419769,-0.06578636914491653,-0.00021123751249502943,0.0,-0.0,-0.0,-0.0,-0.00021123751249502943,0.0,0.0,1,52.8447265625
std005,1,KL009,ccab10940199f04759a7aee3b98da016aa5c2c4f70da11a1ab00aafd823377c1,168,840,0,0.0009635156020522118,-0.10609650611877441,0.3265901803970337,-1.6199072054012725e-06,0.0,-0.0,-0.0,-0.0,-1.6199072054012725e-06,0.0,0.0,0,
std005,1,KL001,ccab10940199f04759a7aee3b98da016aa5c2c4f70da11a1ab00aafd823377c1,169,845,0,0.0721915066242218,-0.0739845409989357,0.5588863492012024,-0.00012823544657850978,0.0,-0.0,-0.0,-0.0,-0.00012823544657850978,0.0,0.0,0,
std005,1,KL002,ccab10940199f04759a7aee3b98da016aa5c2c4f70da11a1ab00aafd823377c1,169,845,0,0.0797521099448204,-0.08065763115882874,-0.07903710752725601,-0.0001316622971713278,0.0,-0.0,-0.0,-0.0,-0.0001316622971713278,0.0,0.0,1,48.30154800415039
std005,1,KL004,ccab10940199f04759a7aee3b98da016aa5c2c4f70da11a1ab00aafd823377c1,169,845,0,0.08146427571773529,-0.07275696098804474,0.5616618990898132,-0.0001452412970361824,0.0,-0.0,-0.0,-0.0,-0.0001452412970361824,0.0,0.0,0,
std005,1,KL006,ccab10940199f04759a7aee3b98da016aa5c2c4f70da11a1ab00aafd823377c1,169,845,0,0.01614658161997795,-0.131968155503273,0.4958672523498535,-2.781311308868123e-05,0.0,-0.0,-0.0,-0.0,-2.781311308868123e-05,0.0,0.0,0,
std005,1,KL008,ccab10940199f04759a7aee3b98da016aa5c2c4f70da11a1ab00aafd823377c1,169,845,0,0.126765176653862,-0.06131580471992493,-0.06500222533941269,-0.00021036420594497184,0.0,-0.0,-0.0,-0.0,-0.00021036420594497184,0.0,0.0,1,48.30154800415039
std005,1,KL009,ccab10940199f04759a7aee3b98da016aa5c2c4f70da11a1ab00aafd823377c1,169,845,0,0.0009145848453044891,-0.10583284497261047,0.3330424726009369,-1.5393544615631178e-06,0.0,-0.0,-0.0,-0.0,-1.5393544615631178e-06,0.0,0.0,0,
std005,1,KL001,ccab10940199f04759a7aee3b98da016aa5c2c4f70da11a1ab00aafd823377c1,170,850,0,0.07194151729345322,-0.07272928953170776,0.5612391829490662,-0.00012888847666862118,0.0,-0.0,-0.0,-0.0,-0.00012888847666862118,0.0,0.0,0,
std005,1,KL002,ccab10940199f04759a7aee3b98da016aa5c2c4f70da11a1ab00aafd823377c1,170,850,0,0.07960841804742813,-0.08030503243207932,-0.07660756260156631,-0.00013145472417351706,0.0,-0.0,-0.0,-0.0,-0.00013145472417351706,0.0,0.0,1,43.64668655395508
std005,1,KL004,ccab10940199f04759a7aee3b98da016aa5c2c4f70da11a1ab00aafd823377c1,170,850,0,0.08193864673376083,-0.07270164042711258,0.5632087588310242,-0.00014744911255558369,0.0,-0.0,-0.0,-0.0,-0.00014744911255558369,0.0,0.0,0,
std005,1,KL006,ccab10940199f04759a7aee3b98da016aa5c2c4f70da11a1ab00aafd823377c1,170,850,0,0.016037464141845703,-0.13144996762275696,0.4988601505756378,-2.7719572633546666e-05,0.0,-0.0,-0.0,-0.0,-2.7719572633546666e-05,0.0,0.0,0,
std005,1,KL008,ccab10940199f04759a7aee3b98da016aa5c2c4f70da11a1ab00aafd823377c1,170,850,0,0.12617094814777374,-0.060809314250946045,-0.06261236220598221,-0.00020946560169455485,0.0,-0.0,-0.0,-0.0,-0.00020946560169455485,0.0,0.0,1,43.64668655395508
std005,1,KL009,ccab10940199f04759a7aee3b98da016aa5c2c4f70da11a1ab00aafd823377c1,170,850,0,0.0008316440507769585,-0.10539254546165466,0.3400709927082062,-1.4014251503693026e-06,0.0,-0.0,-0.0,-0.0,-1.4014251503693026e-06,0.0,0.0,0,
std005,1,KL001,ccab10940199f04759a7aee3b98da016aa5c2c4f70da11a1ab00aafd823377c1,171,855,0,0.07181164622306824,-0.07221220433712006,0.5626079440116882,-0.00012999799701697912,0.0,-0.0,-0.0,-0.0,-0.00012999799701697912,0.0,0.0,0,
std005,1,KL002,ccab10940199f04759a7aee3b98da016aa5c2c4f70da11a1ab00aafd823377c1,171,855,0,0.07930377125740051,-0.08011382073163986,-0.07483071833848953,-0.00013098218581440428,0.0,-0.0,-0.0,-0.0,-0.00013098218581440428,0.0,0.0,1,38.96089553833008
std005,1,KL004,ccab10940199f04759a7aee3b98da016aa5c2c4f70da11a1ab00aafd823377c1,171,855,0,0.08228913694620132,-0.07240285724401474,0.5642998218536377,-0.00014977197656551616,0.0,-0.0,-0.0,-0.0,-0.00014977197656551616,0.0,0.0,0,
std005,1,KL006,ccab10940199f04759a7aee3b98da016aa5c2c4f70da11a1ab00aafd823377c1,171,855,0,-0.0012412630021572113,-0.1378290355205536,0.4379114508628845,-2.1533496543392813e-06,0.0,-0.0,-0.0,-0.0,-2.1533496543392813e-06,0.0,0.0,0,
std005,1,KL008,ccab10940199f04759a7aee3b98da016aa5c2c4f70da11a1ab00aafd823377c1,171,855,0,0.12561194598674774,-0.06057862937450409,-0.061846666038036346,-0.0002086283627305195,0.0,-0.0,-0.0,-0.0,-0.0002086283627305195,0.0,0.0,1,38.96089553833008
std005,1,KL009,ccab10940199f04759a7aee3b98da016aa5c2c4f70da11a1ab00aafd823377c1,171,855,0,0.0005695736035704613,-0.10503824800252914,0.34583863615989685,-9.61041911847467e-07,0.0,-0.0,-0.0,-0.0,-9.61041911847467e-07,0.0,0.0,0,
std005,1,KL001,ccab10940199f04759a7aee3b98da016aa5c2c4f70da11a1ab00aafd823377c1,172,860,0,0.07146809995174408,-0.07163231819868088,0.5631700158119202,-0.0001310519276696085,0.0,-0.0,-0.0,-0.0,-0.0001310519276696085,0.0,0.0,0,
std005,1,KL002,ccab10940199f04759a7aee3b98da016aa5c2c4f70da11a1ab00aafd823377c1,172,860,0,0.07915641367435455,-0.08010786771774292,-0.07288237661123276,-0.00013077015134225445,0.0,-0.0,-0.0,-0.0,-0.00013077015134225445,0.0,0.0,1,34.238285064697266
std005,1,KL004,ccab10940199f04759a7aee3b98da016aa5c2c4f70da11a1ab00aafd823377c1,172,860,1,0.052965231239795685,-0.0785738155245781,0.5873600840568542,37.41706787299852,37.41716380974046,-0.0,-0.0,-0.0,-9.59367419355317e-05,0.0,0.0,0,
std005,1,KL006,ccab10940199f04759a7aee3b98da016aa5c2c4f70da11a1ab00aafd823377c1,172,860,0,0.020336804911494255,-0.1604222059249878,0.3821476101875305,-3.5438163945363086e-05,0.0,-0.0,-0.0,-0.0,-3.5438163945363086e-05,0.0,0.0,0,
std005,1,KL008,ccab10940199f04759a7aee3b98da016aa5c2c4f70da11a1ab00aafd823377c1,172,860,0,0.12498973309993744,-0.06074859946966171,-0.061656154692173004,-0.00020768920040379344,0.0,-0.0,-0.0,-0.0,-0.00020768920040379344,0.0,0.0,1,34.238285064697266
std005,1,KL009,ccab10940199f04759a7aee3b98da016aa5c2c4f70da11a1ab00aafd823377c1,172,860,0,0.0003540674224495888,-0.10465934872627258,0.35125789046287537,-5.982553495898728e-07,0.0,-0.0,-0.0,-0.0,-5.982553495898728e-07,0.0,0.0,0,
std005,1,KL001,ccab10940199f04759a7aee3b98da016aa5c2c4f70da11a1ab00aafd823377c1,173,865,1,0.07878629118204117,-0.04717239737510681,0.46563664078712463,37.41702512561371,37.41716380974046,-0.0,-0.0,-0.0,-0.00013868412674611363,0.0,0.0,0,
std005,1,KL002,ccab10940199f04759a7aee3b98da016aa5c2c4f70da11a1ab00aafd823377c1,173,865,0,0.04060940444469452,-0.04583572596311569,-0.07631465792655945,-6.721034806158318e-05,0.0,-0.0,-0.0,-0.0,-6.721034806158318e-05,0.0,0.0,1,29.494176864624023
std005,1,KL006,ccab10940199f04759a7aee3b98da016aa5c2c4f70da11a1ab00aafd823377c1,173,865,0,-0.0223095566034317,-0.11045275628566742,0.4386976957321167,-3.852703164090208e-05,0.0,-0.0,-0.0,-0.0,-3.852703164090208e-05,0.0,0.0,0,
std005,1,KL008,ccab10940199f04759a7aee3b98da016aa5c2c4f70da11a1ab00aafd823377c1,173,865,0,0.07956845313310623,-0.036504119634628296,-0.1711195707321167,-0.00013247177195052778,0.0,-0.0,-0.0,-0.0,-0.00013247177195052778,0.0,0.0,1,29.494176864624023
std005,1,KL009,ccab10940199f04759a7aee3b98da016aa5c2c4f70da11a1ab00aafd823377c1,173,865,0,-0.042901016771793365,-0.06827718019485474,0.3731735050678253,-7.23143084447854e-05,0.0,-0.0,-0.0,-0.0,-7.23143084447854e-05,0.0,0.0,0,
std005,1,KL002,ccab10940199f04759a7aee3b98da016aa5c2c4f70da11a1ab00aafd823377c1,174,870,0,0.07036179304122925,0.014889232814311981,-0.006462858058512211,-0.00011626599311364324,0.0,-0.0,-0.0,-0.0,-0.00011626599311364324,0.0,0.0,1,26.484582901000977
std005,1,KL006,ccab10940199f04759a7aee3b98da016aa5c2c4f70da11a1ab00aafd823377c1,174,870,0,0.0014362437650561333,-0.05206412076950073,0.4995160400867462,-2.4631316547983955e-06,0.0,-0.0,-0.0,-0.0,-2.4631316547983955e-06,0.0,0.0,0,
std005,1,KL008,ccab10940199f04759a7aee3b98da016aa5c2c4f70da11a1ab00aafd823377c1,174,870,0,0.08804085105657578,0.017705244943499565,-0.13717283308506012,-0.00014645771920697087,0.0,-0.0,-0.0,-0.0,-0.00014645771920697087,0.0,0.0,1,26.484582901000977
std005,1,KL009,ccab10940199f04759a7aee3b98da016aa5c2c4f70da11a1ab00aafd823377c1,174,870,0,-0.024945644661784172,-0.0067298524081707,0.4899924397468567,-4.228281866202157e-05,0.0,-0.0,-0.0,-0.0,-4.228281866202157e-05,0.0,0.0,0,
std005,1,KL002,ccab10940199f04759a7aee3b98da016aa5c2c4f70da11a1ab00aafd823377c1,175,875,0,0.07279755920171738,0.015379289165139198,-0.02547995001077652,-0.00012037091490362415,0.0,-0.0,-0.0,-0.0,-0.00012037091490362415,0.0,0.0,1,21.645225524902344
std005,1,KL006,ccab10940199f04759a7aee3b98da016aa5c2c4f70da11a1ab00aafd823377c1,175,875,0,0.002239121124148369,-0.05182627588510513,0.4921998083591461,-3.9734092423520025e-06,0.0,-0.0,-0.0,-0.0,-3.9734092423520025e-06,0.0,0.0,0,
std005,1,KL008,ccab10940199f04759a7aee3b98da016aa5c2c4f70da11a1ab00aafd823377c1,175,875,0,0.0875498428940773,0.017964527010917664,-0.14590464532375336,-0.00014572608557608012,0.0,-0.0,-0.0,-0.0,-0.00014572608557608012,0.0,0.0,1,21.645225524902344
std005,1,KL009,ccab10940199f04759a7aee3b98da016aa5c2c4f70da11a1ab00aafd823377c1,175,875,0,-0.024287661537528038,-0.006625242531299591,0.4844820201396942,-4.1244519225624424e-05,0.0,-0.0,-0.0,-0.0,-4.1244519225624424e-05,0.0,0.0,0,
std005,1,KL002,ccab10940199f04759a7aee3b98da016aa5c2c4f70da11a1ab00aafd823377c1,176,880,0,0.07224472612142563,0.01554005779325962,-0.027962200343608856,-0.00011949526890981414,0.0,-0.0,-0.0,-0.0,-0.00011949526890981414,0.0,0.0,1,16.770235061645508
std005,1,KL006,ccab10940199f04759a7aee3b98da016aa5c2c4f70da11a1ab00aafd823377c1,176,880,0,0.0020258119329810143,-0.05168316513299942,0.49328628182411194,-3.625243680101204e-06,0.0,-0.0,-0.0,-0.0,-3.625243680101204e-06,0.0,0.0,0,
std005,1,KL008,ccab10940199f04759a7aee3b98da016aa5c2c4f70da11a1ab00aafd823377c1,176,880,0,0.08692558854818344,0.01814146153628826,-0.14785917103290558,-0.00014477590028710955,0.0,-0.0,-0.0,-0.0,-0.00014477590028710955,0.0,0.0,1,16.770235061645508
std005,1,KL009,ccab10940199f04759a7aee3b98da016aa5c2c4f70da11a1ab00aafd823377c1,176,880,0,-0.02445647120475769,-0.006424751132726669,0.485976904630661,-4.161601586499948e-05,0.0,-0.0,-0.0,-0.0,-4.161601586499948e-05,0.0,0.0,0,
std005,1,KL002,ccab10940199f04759a7aee3b98da016aa5c2c4f70da11a1ab00aafd823377c1,177,885,0,0.07134091854095459,0.015689268708229065,-0.02865726500749588,-0.00011803979029200519,0.0,-0.0,-0.0,-0.0,-0.00011803979029200519,0.0,0.0,1,11.835153579711914
std005,1,KL006,ccab10940199f04759a7aee3b98da016aa5c2c4f70da11a1ab00aafd823377c1,177,885,0,0.001721343956887722,-0.051525942981243134,0.49479976296424866,-3.111996277737318e-06,0.0,-0.0,-0.0,-0.0,-3.111996277737318e-06,0.0,0.0,0,
std005,1,KL008,ccab10940199f04759a7aee3b98da016aa5c2c4f70da11a1ab00aafd823377c1,177,885,0,0.08628740161657333,0.01830538921058178,-0.14903222024440765,-0.0001438058328638445,0.0,-0.0,-0.0,-0.0,-0.0001438058328638445,0.0,0.0,1,11.835153579711914
std005,1,KL009,ccab10940199f04759a7aee3b98da016aa5c2c4f70da11a1ab00aafd823377c1,177,885,0,-0.024734249338507652,-0.0062137022614479065,0.48785218596458435,-4.218301153932752e-05,0.0,-0.0,-0.0,-0.0,-4.218301153932752e-05,0.0,0.0,0,
std005,1,KL002,ccab10940199f04759a7aee3b98da016aa5c2c4f70da11a1ab00aafd823377c1,178,890,0,0.07039491087198257,0.015837833285331726,-0.02920747548341751,-0.00011651494575411717,0.0,-0.0,-0.0,-0.0,-0.00011651494575411717,0.0,0.0,1,6.879580974578857
std005,1,KL006,ccab10940199f04759a7aee3b98da016aa5c2c4f70da11a1ab00aafd823377c1,178,890,0,0.0014051822945475578,-0.0513634979724884,0.49630656838417053,-2.572748235728217e-06,0.0,-0.0,-0.0,-0.0,-2.572748235728217e-06,0.0,0.0,0,
std005,1,KL008,ccab10940199f04759a7aee3b98da016aa5c2c4f70da11a1ab00aafd823377c1,178,890,0,0.08564167469739914,0.018469784408807755,-0.15014347434043884,-0.00014282677153968612,0.0,-0.0,-0.0,-0.0,-0.00014282677153968612,0.0,0.0,1,6.879580974578857
std005,1,KL009,ccab10940199f04759a7aee3b98da016aa5c2c4f70da11a1ab00aafd823377c1,178,890,0,-0.025027180090546608,-0.006001735106110573,0.4896886646747589,-4.278799939710015e-05,0.0,-0.0,-0.0,-0.0,-4.278799939710015e-05,0.0,0.0,0,
std005,1,KL002,ccab10940199f04759a7aee3b98da016aa5c2c4f70da11a1ab00aafd823377c1,179,895,0,0.06944308429956436,0.015985989943146706,-0.029803737998008728,-3.7829061573145863,0.0,-3.7827911763779327,-0.0,-0.0,-0.0001149809366536303,4.0,1.0,1,1.9063454866409302
std005,1,KL006,ccab10940199f04759a7aee3b98da016aa5c2c4f70da11a1ab00aafd823377c1,179,895,1,0.0010858327150344849,-0.05119696259498596,0.4977664053440094,37.41716199982098,37.41716380974046,-0.0,-0.0,-0.0,-1.8099194747378533e-06,0.0,0.0,0,
std005,1,KL008,ccab10940199f04759a7aee3b98da016aa5c2c4f70da11a1ab00aafd823377c1,179,895,0,0.0849883183836937,0.018635893240571022,-0.15127670764923096,-3.782933015195804,0.0,-3.7827911763779327,-0.0,-0.0,-0.00014183881787133146,4.0,1.0,1,1.9063454866409302
std005,1,KL009,ccab10940199f04759a7aee3b98da016aa5c2c4f70da11a1ab00aafd823377c1,179,895,0,-0.025324324145913124,-0.005789313465356827,0.49143078923225403,-4.3414441034470996e-05,0.0,-0.0,-0.0,-0.0,-4.3414441034470996e-05,0.0,0.0,0,
std005,1,KL002,ccab10940199f04759a7aee3b98da016aa5c2c4f70da11a1ab00aafd823377c1,180,900,0,0.040775366127491,0.03381001204252243,0.14459721744060516,-4.728556565768571,0.0,-4.728488970472416,-0.0,-0.0,-6.759529615507631e-05,5.0,0.0,1,0.0
std005,1,KL008,ccab10940199f04759a7aee3b98da016aa5c2c4f70da11a1ab00aafd823377c1,180,900,0,0.055519022047519684,0.05368795990943909,-0.020557798445224762,-4.72858177259968,0.0,-4.728488970472416,-0.0,-0.0,-9.28021272645907e-05,5.0,0.0,1,0.0
std005,1,KL009,ccab10940199f04759a7aee3b98da016aa5c2c4f70da11a1ab00aafd823377c1,180,900,0,0.003957677632570267,-0.0013443967327475548,0.4102354943752289,-6.655663452975106e-06,0.0,-0.0,-0.0,-0.0,-6.655663452975106e-06,0.0,0.0,0,
std005,1,KL002,ccab10940199f04759a7aee3b98da016aa5c2c4f70da11a1ab00aafd823377c1,181,905,0,0.038456030189991,0.03183760493993759,0.16112424433231354,-4.728552695888012,0.0,-4.728488970472416,-0.0,-0.0,-6.372541559596101e-05,5.0,0.0,1,0.0
std005,1,KL008,ccab10940199f04759a7aee3b98da016aa5c2c4f70da11a1ab00aafd823377c1,181,905,0,0.05315949022769928,0.0543314665555954,-0.0049560898914933205,-4.728577838107275,0.0,-4.728488970472416,-0.0,-0.0,-8.886763485893567e-05,5.0,0.0,1,0.0
std005,1,KL009,ccab10940199f04759a7aee3b98da016aa5c2c4f70da11a1ab00aafd823377c1,181,905,0,0.003330431878566742,-0.0014912420883774757,0.399945467710495,-5.7467083711510865e-06,0.0,-0.0,-0.0,-0.0,-5.7467083711510865e-06,0.0,0.0,0,
std005,1,KL002,ccab10940199f04759a7aee3b98da016aa5c2c4f70da11a1ab00aafd823377c1,182,910,0,0.03770090639591217,0.03172645717859268,0.1674293428659439,-4.728551470543588,0.0,-4.728488970472416,-0.0,-0.0,-6.250007117181156e-05,5.0,0.0,1,0.0
std005,1,KL008,ccab10940199f04759a7aee3b98da016aa5c2c4f70da11a1ab00aafd823377c1,182,910,0,0.05259506404399872,0.05425859987735748,0.0020085491705685854,-4.7285769726297815,0.0,-4.728488970472416,-0.0,-0.0,-8.800215736570749e-05,5.0,0.0,1,0.0
std005,1,KL009,ccab10940199f04759a7aee3b98da016aa5c2c4f70da11a1ab00aafd823377c1,182,910,0,0.003143846057355404,-0.0014120154082775116,0.4034278392791748,-5.445731397163172e-06,0.0,-0.0,-0.0,-0.0,-5.445731397163172e-06,0.0,0.0,0,
std005,1,KL002,ccab10940199f04759a7aee3b98da016aa5c2c4f70da11a1ab00aafd823377c1,183,915,0,0.03706273436546326,0.03170258551836014,0.17318521440029144,-4.728550439202664,0.0,-4.728488970472416,-0.0,-0.0,-6.146873024803767e-05,5.0,0.0,1,0.0
std005,1,KL008,ccab10940199f04759a7aee3b98da016aa5c2c4f70da11a1ab00aafd823377c1,183,915,0,0.052113160490989685,0.05415821075439453,0.008477083407342434,-4.72857624854953,0.0,-4.728488970472416,-0.0,-0.0,-8.72780771139503e-05,5.0,0.0,1,0.0
std005,1,KL009,ccab10940199f04759a7aee3b98da016aa5c2c4f70da11a1ab00aafd823377c1,183,915,0,0.0029985615983605385,-0.0013225749135017395,0.4066082835197449,-5.2169154243611545e-06,0.0,-0.0,-0.0,-0.0,-5.2169154243611545e-06,0.0,0.0,0,
std005,1,KL002,ccab10940199f04759a7aee3b98da016aa5c2c4f70da11a1ab00aafd823377c1,184,920,0,0.03643684834241867,0.03168463706970215,0.17886513471603394,-4.728549428468828,0.0,-4.728488970472416,-0.0,-0.0,-6.0457996411855675e-05,5.0,0.0,1,0.0
std005,1,KL008,ccab10940199f04759a7aee3b98da016aa5c2c4f70da11a1ab00aafd823377c1,184,920,0,0.05163078010082245,0.05405328422784805,0.014919436536729336,-4.728575527466319,0.0,-4.728488970472416,-0.0,-0.0,-8.655699390303084e-05,5.0,0.0,1,0.0
std005,1,KL009,ccab10940199f04759a7aee3b98da016aa5c2c4f70da11a1ab00aafd823377c1,184,920,0,0.026278410106897354,-0.018481420353055,0.32559734582901,-4.594009294113614e-05,0.0,-0.0,-0.0,-0.0,-4.594009294113614e-05,0.0,0.0,0,
std005,1,KL002,ccab10940199f04759a7aee3b98da016aa5c2c4f70da11a1ab00aafd823377c1,185,925,0,0.03644680231809616,0.03138866275548935,0.18325725197792053,-4.728549473460682,0.0,-4.728488970472416,-0.0,-0.0,-6.050298826654199e-05,5.0,0.0,1,0.0
std005,1,KL008,ccab10940199f04759a7aee3b98da016aa5c2c4f70da11a1ab00aafd823377c1,185,925,0,0.031277649104595184,0.06348516047000885,0.00804149266332388,-4.728541464037392,0.0,-4.728488970472416,-0.0,-0.0,-5.249356497660784e-05,5.0,0.0,1,0.0
std005,1,KL009,ccab10940199f04759a7aee3b98da016aa5c2c4f70da11a1ab00aafd823377c1,185,925,0,0.02629108354449272,-0.017413843423128128,0.32256338000297546,-4.623525260317672e-05,0.0,-0.0,-0.0,-0.0,-4.623525260317672e-05,0.0,0.0,0,
std005,1,KL002,ccab10940199f04759a7aee3b98da016aa5c2c4f70da11a1ab00aafd823377c1,186,930,0,0.036140888929367065,0.031122492626309395,0.1869368702173233,-4.72854899516042,0.0,-4.728488970472416,-0.0,-0.0,-6.002468800403449e-05,5.0,0.0,1,0.0
std005,1,KL008,ccab10940199f04759a7aee3b98da016aa5c2c4f70da11a1ab00aafd823377c1,186,930,0,0.029431676492094994,0.06392072886228561,0.017293818295001984,-4.728538423147208,0.0,-4.728488970472416,-0.0,-0.0,-4.9452674792505036e-05,5.0,0.0,1,0.0
std005,1,KL009,ccab10940199f04759a7aee3b98da016aa5c2c4f70da11a1ab00aafd823377c1,186,930,0,0.025760555639863014,-0.017279526218771935,0.3261631429195404,-4.561021499822326e-05,0.0,-0.0,-0.0,-0.0,-4.561021499822326e-05,0.0,0.0,0,
std005,1,KL002,ccab10940199f04759a7aee3b98da016aa5c2c4f70da11a1ab00aafd823377c1,187,935,0,0.03552008420228958,0.03113325871527195,0.19235685467720032,-4.728547994474921,0.0,-4.728488970472416,-0.0,-0.0,-5.902400250512585e-05,5.0,0.0,1,0.0
std005,1,KL008,ccab10940199f04759a7aee3b98da016aa5c2c4f70da11a1ab00aafd823377c1,187,935,0,0.02882964536547661,0.0638466626405716,0.023746617138385773,-4.728537471659891,0.0,-4.728488970472416,-0.0,-0.0,-4.850118747512511e-05,5.0,0.0,1,0.0
std005,1,KL009,ccab10940199f04759a7aee3b98da016aa5c2c4f70da11a1ab00aafd823377c1,187,935,0,0.025573955848813057,-0.01745682768523693,0.3293249011039734,-4.564558516478097e-05,0.0,-0.0,-0.0,-0.0,-4.564558516478097e-05,0.0,0.0,0,
std005,1,KL002,ccab10940199f04759a7aee3b98da016aa5c2c4f70da11a1ab00aafd823377c1,188,940,0,0.03486794978380203,0.031149258837103844,0.1979386955499649,-4.728546942049239,0.0,-4.728488970472416,-0.0,-0.0,-5.797157682341236e-05,5.0,0.0,1,0.0
std005,1,KL008,ccab10940199f04759a7aee3b98da016aa5c2c4f70da11a1ab00aafd823377c1,188,940,0,0.028309179469943047,0.06373816728591919,0.030011646449565887,-4.728536659511176,0.0,-4.728488970472416,-0.0,-0.0,-4.768903876062325e-05,5.0,0.0,1,0.0
std005,1,KL009,ccab10940199f04759a7aee3b98da016aa5c2c4f70da11a1ab00aafd823377c1,188,940,0,0.025408878922462463,-0.01764700375497341,0.3324068486690521,-4.5793532662897074e-05,0.0,-0.0,-0.0,-0.0,-4.5793532662897074e-05,0.0,0.0,0,
std005,1,KL002,ccab10940199f04759a7aee3b98da016aa5c2c4f70da11a1ab00aafd823377c1,189,945,0,0.03420986980199814,0.03116759844124317,0.20351944863796234,-4.728545880066852,0.0,-4.728488970472416,-0.0,-0.0,-5.6909594436049815e-05,5.0,0.0,1,0.0
std005,1,KL008,ccab10940199f04759a7aee3b98da016aa5c2c4f70da11a1ab00aafd823377c1,189,945,0,0.027796536684036255,0.06362132728099823,0.03623252362012863,-4.728535863109456,0.0,-4.728488970472416,-0.0,-0.0,-4.689263704005242e-05,5.0,0.0,1,0.0
std005,1,KL009,ccab10940199f04759a7aee3b98da016aa5c2c4f70da11a1ab00aafd823377c1,189,945,0,0.025249570608139038,-0.01784939132630825,0.3355221748352051,-4.605378666996237e-05,0.0,-0.0,-0.0,-0.0,-4.605378666996237e-05,0.0,0.0,0,
std005,1,KL002,ccab10940199f04759a7aee3b98da016aa5c2c4f70da11a1ab00aafd823377c1,190,950,0,0.03354700654745102,0.03118869848549366,0.20908929407596588,-4.728544810456897,0.0,-4.728488970472416,-0.0,-0.0,-5.583998448077665e-05,5.0,0.0,1,0.0
std005,1,KL008,ccab10940199f04759a7aee3b98da016aa5c2c4f70da11a1ab00aafd823377c1,190,950,0,0.027287451550364494,0.06349746137857437,0.0424155592918396,-4.728535075633888,0.0,-4.728488970472416,-0.0,-0.0,-4.610516147263155e-05,5.0,0.0,1,0.0
std005,1,KL009,ccab10940199f04759a7aee3b98da016aa5c2c4f70da11a1ab00aafd823377c1,190,950,1,0.025096459314227104,-0.01806626282632351,0.33868882060050964,37.41712093580708,37.41716380974046,-0.0,-0.0,-0.0,-4.287393338131551e-05,0.0,0.0,0,
std005,1,KL002,ccab10940199f04759a7aee3b98da016aa5c2c4f70da11a1ab00aafd823377c1,191,955,0,0.028413714841008186,0.07420273125171661,0.034662894904613495,-4.728536296853515,0.0,-4.728488970472416,-0.0,-0.0,-4.732638109938847e-05,5.0,0.0,1,0.0
std005,1,KL008,ccab10940199f04759a7aee3b98da016aa5c2c4f70da11a1ab00aafd823377c1,191,955,0,0.006333002820611,0.08633933216333389,-0.02309071272611618,-4.728499689090604,0.0,-4.728488970472416,-0.0,-0.0,-1.0718618188576556e-05,5.0,0.0,1,0.0
std005,1,KL002,ccab10940199f04759a7aee3b98da016aa5c2c4f70da11a1ab00aafd823377c1,192,960,0,0.02813136950135231,0.07401799410581589,0.03878370672464371,-4.728535858668261,0.0,-4.728488970472416,-0.0,-0.0,-4.688819584508508e-05,5.0,0.0,1,0.0
std005,1,KL008,ccab10940199f04759a7aee3b98da016aa5c2c4f70da11a1ab00aafd823377c1,192,960,0,0.005739292129874229,0.08698643743991852,-0.013057404197752476,-4.7284987022759815,0.0,-4.728488970472416,-0.0,-0.0,-9.731803565671271e-06,5.0,0.0,1,0.0
std005,1,KL002,ccab10940199f04759a7aee3b98da016aa5c2c4f70da11a1ab00aafd823377c1,193,965,0,0.028041154146194458,0.07414165884256363,0.04458184540271759,-4.7285357420637695,0.0,-4.728488970472416,-0.0,-0.0,-4.6771591353689246e-05,5.0,0.0,1,0.0
std005,1,KL008,ccab10940199f04759a7aee3b98da016aa5c2c4f70da11a1ab00aafd823377c1,193,965,0,0.0055327583104372025,0.08720622956752777,-0.0069616371765732765,-4.728498371111497,0.0,-4.728488970472416,-0.0,-0.0,-9.40063908139166e-06,5.0,0.0,1,0.0
std005,1,KL002,ccab10940199f04759a7aee3b98da016aa5c2c4f70da11a1ab00aafd823377c1,194,970,0,0.027936862781643867,0.07424792647361755,0.05068329721689224,-4.728535603644634,0.0,-4.728488970472416,-0.0,-0.0,-4.6633172217980245e-05,5.0,0.0,1,0.0
std005,1,KL008,ccab10940199f04759a7aee3b98da016aa5c2c4f70da11a1ab00aafd823377c1,194,970,0,0.005294157192111015,0.08741304278373718,-0.0007718137931078672,-4.728497985732836,0.0,-4.728488970472416,-0.0,-0.0,-9.015260419964477e-06,5.0,0.0,1,0.0
std005,1,KL002,ccab10940199f04759a7aee3b98da016aa5c2c4f70da11a1ab00aafd823377c1,195,975,0,0.027808163315057755,0.07433189451694489,0.0570429190993309,-4.7285354262596115,0.0,-4.728488970472416,-0.0,-0.0,-4.645578719575383e-05,5.0,0.0,1,0.0
std005,1,KL008,ccab10940199f04759a7aee3b98da016aa5c2c4f70da11a1ab00aafd823377c1,195,975,0,0.005020095035433769,0.08761729300022125,0.0055797165259718895,-4.728497540005349,0.0,-4.728488970472416,-0.0,-0.0,-8.569532933044854e-06,5.0,0.0,1,0.0
std005,1,KL002,ccab10940199f04759a7aee3b98da016aa5c2c4f70da11a1ab00aafd823377c1,196,980,0,0.00505121611058712,0.07887780666351318,0.11389347165822983,-4.728497438756289,0.0,-4.728488970472416,-0.0,-0.0,-8.468283873241944e-06,5.0,0.0,1,0.0
std005,1,KL008,ccab10940199f04759a7aee3b98da016aa5c2c4f70da11a1ab00aafd823377c1,196,980,0,0.00471300445497036,0.08781910687685013,0.012072703801095486,-4.728497037627577,0.0,-4.728488970472416,-0.0,-0.0,-8.06715516077361e-06,5.0,0.0,1,0.0
std005,1,KL002,ccab10940199f04759a7aee3b98da016aa5c2c4f70da11a1ab00aafd823377c1,197,985,0,0.004101337864995003,0.07896486669778824,0.12512587010860443,-4.72849583426868,0.0,-4.728488970472416,-0.0,-0.0,-6.863796263800737e-06,5.0,0.0,1,0.0
std005,1,KL008,ccab10940199f04759a7aee3b98da016aa5c2c4f70da11a1ab00aafd823377c1,197,985,0,0.0046875495463609695,0.08821503072977066,0.02072160691022873,-4.728497018317911,0.0,-4.728488970472416,-0.0,-0.0,-8.047845494907335e-06,5.0,0.0,1,0.0
std005,1,KL002,ccab10940199f04759a7aee3b98da016aa5c2c4f70da11a1ab00aafd823377c1,198,990,0,0.004029190167784691,0.07896707952022552,0.13225455582141876,-4.72849572005766,0.0,-4.728488970472416,-0.0,-0.0,-6.749585244492096e-06,5.0,0.0,1,0.0
std005,1,KL008,ccab10940199f04759a7aee3b98da016aa5c2c4f70da11a1ab00aafd823377c1,198,990,0,0.004311488941311836,0.0884040966629982,0.02742781490087509,-4.728496397728838,0.0,-4.728488970472416,-0.0,-0.0,-7.427256422332107e-06,5.0,0.0,1,0.0
std005,1,KL002,ccab10940199f04759a7aee3b98da016aa5c2c4f70da11a1ab00aafd823377c1,199,995,0,0.003973973914980888,0.07895112037658691,0.13934780657291412,-4.72849563443016,0.0,-4.728488970472416,-0.0,-0.0,-6.663957743846538e-06,5.0,0.0,1,0.0
std005,1,KL008,ccab10940199f04759a7aee3b98da016aa5c2c4f70da11a1ab00aafd823377c1,199,995,0,0.003892628476023674,0.0885888859629631,0.03416413813829422,-4.728495701760382,0.0,-4.728488970472416,-0.0,-0.0,-6.731287966132982e-06,5.0,0.0,1,0.0
std005,1,KL002,ccab10940199f04759a7aee3b98da016aa5c2c4f70da11a1ab00aafd823377c1,200,1000,0,0.00389801524579525,0.0789254829287529,0.14656545221805573,-4.728495514253665,0.0,-4.728488970472416,-0.0,-0.0,-6.5437812493129854e-06,5.0,0.0,1,0.0
std005,1,KL008,ccab10940199f04759a7aee3b98da016aa5c2c4f70da11a1ab00aafd823377c1,200,1000,0,0.0034516435116529465,0.08877038210630417,0.04093260318040848,-4.72849496506927,0.0,-4.728488970472416,-0.0,-0.0,-5.994596854463907e-06,5.0,0.0,1,0.0
std005,1,KL002,ccab10940199f04759a7aee3b98da016aa5c2c4f70da11a1ab00aafd823377c1,201,1005,0,0.0038020219653844833,0.07889176905155182,0.15387660264968872,-4.72849536062502,0.0,-4.728488970472416,-0.0,-0.0,-6.390152604396349e-06,5.0,0.0,1,0.0
std005,1,KL008,ccab10940199f04759a7aee3b98da016aa5c2c4f70da11a1ab00aafd823377c1,201,1005,0,0.0029923301190137863,0.0889483243227005,0.047709546983242035,-4.728494193184003,0.0,-4.728488970472416,-0.0,-0.0,-5.222711587649087e-06,5.0,0.0,1,0.0
std005,1,KL002,ccab10940199f04759a7aee3b98da016aa5c2c4f70da11a1ab00aafd823377c1,202,1010,0,0.0036883074790239334,0.07885115593671799,0.1612454354763031,-2.837099589144927,0.0,-2.8370933822834496,-0.0,-0.0,-6.2068614772314845e-06,3.0,0.0,1,0.0
std005,1,KL008,ccab10940199f04759a7aee3b98da016aa5c2c4f70da11a1ab00aafd823377c1,202,1010,0,0.00251738540828228,0.08912244439125061,0.054472871124744415,-2.8370978013109562,0.0,-2.8370933822834496,-0.0,-0.0,-4.419027506585849e-06,3.0,0.0,1,0.0
std005,1,KL002,ccab10940199f04759a7aee3b98da016aa5c2c4f70da11a1ab00aafd823377c1,203,1015,0,0.01583719067275524,0.07383926212787628,0.6732698082923889,-2.6687630683264623e-05,0.0,-0.0,-0.0,-0.0,-2.6687630683264623e-05,0.0,0.0,0,
std005,1,KL008,ccab10940199f04759a7aee3b98da016aa5c2c4f70da11a1ab00aafd823377c1,203,1015,0,0.005243292078375816,0.08433934301137924,0.5703678131103516,-9.26641099506774e-06,0.0,-0.0,-0.0,-0.0,-9.26641099506774e-06,0.0,0.0,0,
std005,1,KL002,ccab10940199f04759a7aee3b98da016aa5c2c4f70da11a1ab00aafd823377c1,204,1020,0,0.015933802351355553,0.07387173920869827,0.6766930818557739,-2.688959204329418e-05,0.0,-0.0,-0.0,-0.0,-2.688959204329418e-05,0.0,0.0,0,
std005,1,KL008,ccab10940199f04759a7aee3b98da016aa5c2c4f70da11a1ab00aafd823377c1,204,1020,0,0.004486622288823128,0.08436106145381927,0.5726860761642456,-7.992578358441121e-06,0.0,-0.0,-0.0,-0.0,-7.992578358441121e-06,0.0,0.0,0,
std005,1,KL002,ccab10940199f04759a7aee3b98da016aa5c2c4f70da11a1ab00aafd823377c1,205,1025,0,0.015753792598843575,0.07388515770435333,0.6799204349517822,-2.6627730914747734e-05,0.0,-0.0,-0.0,-0.0,-2.6627730914747734e-05,0.0,0.0,0,
std005,1,KL008,ccab10940199f04759a7aee3b98da016aa5c2c4f70da11a1ab00aafd823377c1,205,1025,0,0.003928003832697868,0.08455817401409149,0.5756868124008179,-7.065008205970448e-06,0.0,-0.0,-0.0,-0.0,-7.065008205970448e-06,0.0,0.0,0,
std005,1,KL002,ccab10940199f04759a7aee3b98da016aa5c2c4f70da11a1ab00aafd823377c1,206,1030,0,0.015554485842585564,0.07390129566192627,0.6829977035522461,-2.6335805783554963e-05,0.0,-0.0,-0.0,-0.0,-2.6335805783554963e-05,0.0,0.0,0,
std005,1,KL008,ccab10940199f04759a7aee3b98da016aa5c2c4f70da11a1ab00aafd823377c1,206,1030,0,0.003365958109498024,0.08474889397621155,0.5784174203872681,-6.126070986859836e-06,0.0,-0.0,-0.0,-0.0,-6.126070986859836e-06,0.0,0.0,0,
std005,1,KL002,ccab10940199f04759a7aee3b98da016aa5c2c4f70da11a1ab00aafd823377c1,207,1035,0,0.015345470979809761,0.07391616702079773,0.6859146356582642,-2.6030256143818175e-05,0.0,-0.0,-0.0,-0.0,-2.6030256143818175e-05,0.0,0.0,0,
std005,1,KL008,ccab10940199f04759a7aee3b98da016aa5c2c4f70da11a1ab00aafd823377c1,207,1035,1,0.002798454836010933,0.08493584394454956,0.5809495449066162,37.41715890895705,37.41716380974046,-0.0,-0.0,-0.0,-4.900783409311771e-06,0.0,0.0,0,
std005,1,KL002,ccab10940199f04759a7aee3b98da016aa5c2c4f70da11a1ab00aafd823377c1,208,1040,0,0.019175678491592407,0.07681474089622498,0.40830668807029724,-3.259348965138417e-05,0.0,-0.0,-0.0,-0.0,-3.259348965138417e-05,0.0,0.0,0,
std005,1,KL002,ccab10940199f04759a7aee3b98da016aa5c2c4f70da11a1ab00aafd823377c1,209,1045,0,0.019493354484438896,0.07689014077186584,0.4145107567310333,-3.3207394904256196e-05,0.0,-0.0,-0.0,-0.0,-3.3207394904256196e-05,0.0,0.0,0,
std005,1,KL002,ccab10940199f04759a7aee3b98da016aa5c2c4f70da11a1ab00aafd823377c1,210,1050,0,0.019683223217725754,0.07696680724620819,0.4199318587779999,-3.361327518172519e-05,0.0,-0.0,-0.0,-0.0,-3.361327518172519e-05,0.0,0.0,0,
std005,1,KL002,ccab10940199f04759a7aee3b98da016aa5c2c4f70da11a1ab00aafd823377c1,211,1055,0,0.019865944981575012,0.07704450190067291,0.42534229159355164,-3.401765856028368e-05,0.0,-0.0,-0.0,-0.0,-3.401765856028368e-05,0.0,0.0,0,
std005,1,KL002,ccab10940199f04759a7aee3b98da016aa5c2c4f70da11a1ab00aafd823377c1,212,1060,0,0.020045669749379158,0.07712311297655106,0.43076878786087036,-3.442942819682447e-05,0.0,-0.0,-0.0,-0.0,-3.442942819682447e-05,0.0,0.0,0,
std005,1,KL002,ccab10940199f04759a7aee3b98da016aa5c2c4f70da11a1ab00aafd823377c1,213,1065,0,0.02022247388958931,0.07720248401165009,0.43621084094047546,-3.4850986929372624e-05,0.0,-0.0,-0.0,-0.0,-3.4850986929372624e-05,0.0,0.0,0,
std005,1,KL002,ccab10940199f04759a7aee3b98da016aa5c2c4f70da11a1ab00aafd823377c1,214,1070,0,0.020396308973431587,0.07728242129087448,0.4416666328907013,-3.5285116812252435e-05,0.0,-0.0,-0.0,-0.0,-3.5285116812252435e-05,0.0,0.0,0,
std005,1,KL002,ccab10940199f04759a7aee3b98da016aa5c2c4f70da11a1ab00aafd823377c1,215,1075,0,0.02056720294058323,0.07736272364854813,0.44713351130485535,-3.5735542549575656e-05,0.0,-0.0,-0.0,-0.0,-3.5735542549575656e-05,0.0,0.0,0,
std005,1,KL002,ccab10940199f04759a7aee3b98da016aa5c2c4f70da11a1ab00aafd823377c1,216,1080,0,0.02073509432375431,0.07744306325912476,0.4526086747646332,-3.620695225913736e-05,0.0,-0.0,-0.0,-0.0,-3.620695225913736e-05,0.0,0.0,0,
std005,1,KL002,ccab10940199f04759a7aee3b98da016aa5c2c4f70da11a1ab00aafd823377c1,217,1085,0,0.020900065079331398,0.0775231197476387,0.4580887258052826,-3.670583210782834e-05,0.0,-0.0,-0.0,-0.0,-3.670583210782834e-05,0.0,0.0,0,
std005,1,KL002,ccab10940199f04759a7aee3b98da016aa5c2c4f70da11a1ab00aafd823377c1,218,1090,0,0.021062137559056282,0.07760242372751236,0.46356940269470215,-3.724086076064798e-05,0.0,-0.0,-0.0,-0.0,-3.724086076064798e-05,0.0,0.0,0,
std005,1,KL002,ccab10940199f04759a7aee3b98da016aa5c2c4f70da11a1ab00aafd823377c1,219,1095,0,0.021221457049250603,0.07768042385578156,0.469045490026474,-3.7824311153627165e-05,0.0,-0.0,-0.0,-0.0,-3.7824311153627165e-05,0.0,0.0,0,
std005,1,KL002,ccab10940199f04759a7aee3b98da016aa5c2c4f70da11a1ab00aafd823377c1,220,1100,0,0.021378224715590477,0.0777563750743866,0.47451016306877136,-3.8473805574158286e-05,0.0,-0.0,-0.0,-0.0,-3.8473805574158286e-05,0.0,0.0,0,
std005,1,KL002,ccab10940199f04759a7aee3b98da016aa5c2c4f70da11a1ab00aafd823377c1,221,1105,0,0.021532729268074036,0.07782930880784988,0.47995492815971375,-3.9215530883829285e-05,0.0,-0.0,-0.0,-0.0,-3.9215530883829285e-05,0.0,0.0,0,
std005,1,KL002,ccab10940199f04759a7aee3b98da016aa5c2c4f70da11a1ab00aafd823377c1,222,1110,0,0.021685486659407616,0.07789787650108337,0.4853688180446625,-4.00904176929777e-05,0.0,-0.0,-0.0,-0.0,-4.00904176929777e-05,0.0,0.0,0,
std005,1,KL002,ccab10940199f04759a7aee3b98da016aa5c2c4f70da11a1ab00aafd823377c1,223,1115,1,0.021837256848812103,0.07796023786067963,0.4907367527484894,37.41712625779693,37.41716380974046,-0.0,-0.0,-0.0,-3.755194352805802e-05,0.0,0.0,0,
