time,agent,route_target_index,route_target_distance_km,route_clearance_km,route_target_east_km,route_target_north_km,route_target_in_static_domain,in_route_domain,lat,lon,cas_mps,tas_mps,goal_distance_km,heading_error_deg,heading_action,speed_action,nearest_agent,nearest_nm,outside,commanded_heading_turn_deg,commanded_speed_action,traffic_projection_intervened,static_projection_intervened,static_projection_infeasible,nominal_static_violation,nominal_traffic_conflict,no_static_feasible_candidate,no_jointly_feasible_candidate,predicted_minimum_separation_km,predicted_risk_seconds,reference_heading_turn_deg,nominal_heading_adjustment_deg,nominal_speed_action,reference_speed_action,nominal_speed_adjustment
0.0,KL001,1,125.18158950061944,3.0,14.613042157354407,-53.02890640910716,,True,52.49178351760445,3.2803469366825295,150.0,152.40357712476657,135.0052399901762,0.0002242062319339766,-0.18626844882965088,0.5919668674468994,AC2,3.0789520241278603,False,-45.0,-1.0,True,False,False,False,True,False,True,5.705709122370639,77.9887476921073,5.1689547300338745,-2.7940267883241177,1.0,1.0,0.0
10.0,KL001,1,123.73860919686162,3.0,14.613042157354457,-53.028906409107115,True,True,52.482395573544764,3.296003327809822,146.56989707733354,148.92470887293493,133.53647243681104,-17.64986391406552,-0.01994764804840088,0.5264778137207031,AC2,3.186360117599567,False,-45.0,-1.0,True,False,False,False,True,False,True,5.902940833298227,53.29157847265472,22.891519367694855,-0.29921382665634155,1.0,1.0,0.0
20.0,KL001,1,122.51286865795774,3.0,14.61304215735447,-53.02890640910711,True,True,52.47650842900935,3.3151519202061643,143.13980504538085,145.44545244808228,132.2441830200989,-35.90688041613191,0.15654611587524414,0.44671809673309326,AC2,3.472130478298561,False,-45.0,1.0,True,False,False,False,True,False,True,6.429171140097836,35.83696852523518,41.227548122406006,2.3481908440589905,1.0,1.0,0.0
30.0,KL001,1,121.57951281315204,3.0,14.613042157354478,-53.02890640910709,True,True,52.474445923174514,3.3367310967495167,146.56897723744098,148.9237759019941,131.20606840628832,-54.015783933568656,0.194832444190979,0.39386940002441406,AC2,3.9993061566586277,False,-30.000000000000004,1.0,True,False,False,False,True,False,True,7.402654542995757,21.10159854268105,45.0,0.0,1.0,1.0,0.0
40.0,KL001,1,121.03617972632728,3.0,14.613042157354492,-53.02890640910709,True,True,52.47645933104413,3.358841106982413,149.99813854174232,152.40168931170894,130.52815806450278,-71.85779138695821,0.17007875442504883,0.34702348709106445,AC2,4.8061264069435,False,-15.000000000000002,1.0,True,False,False,False,True,False,True,8.895001431504259,8.076237226504054,45.0,0.0,1.0,1.0,0.0
50.0,KL001,1,120.9427080466288,3.0,14.613042157354457,-53.02890640910712,True,True,52.482420841010686,3.3795211675364434,153.42728895831928,155.87918695990405,130.28255222682884,-87.53813945807721,0.05232131481170654,0.4284963607788086,AC2,5.874488189441835,False,45.0,1.0,False,False,False,False,False,False,False,10.87230050618693,0.0,45.0,0.0,1.0,1.0,0.0
60.0,KL001,1,120.77911640721312,3.0,14.613042157354457,-53.02890640910711,True,True,52.487782020808474,3.4011862628555343,156.85642848720633,159.3562633404823,129.9630327342064,-71.73917891496043,0.11366927623748779,0.4662303924560547,AC2,6.9202336092810555,False,45.0,1.0,False,False,False,False,False,False,False,12.808224206913602,0.0,45.0,0.0,1.0,1.0,0.0
70.0,KL001,1,120.1857426093258,3.0,14.613042157354414,-53.028906409107144,True,True,52.48925712823679,3.4249623955746777,160.2855571284384,162.83291315939238,129.2218066919631,-56.24507420362764,0.1346120834350586,0.4176342487335205,AC2,7.750912622318753,False,45.0,1.0,False,False,False,False,False,False,False,14.346746118732348,0.0,45.0,0.0,1.0,1.0,0.0
80.0,KL001,1,119.19827753732251,3.0,14.613042157354478,-53.0289064091071,True,True,52.48664607215286,3.4489169403086786,162.99999999999994,165.5846750214427,128.1060056093615,-40.943016635351,0.0892951488494873,0.4714691638946533,AC2,8.351856616536088,False,45.0,1.0,False,False,False,False,False,False,False,15.460578546043488,0.0,45.0,0.0,1.0,1.0,0.0
90.0,KL001,1,117.89590665974103,3.0,14.61304215735447,-53.02890640910709,True,True,52.48014758514407,3.4708328514369655,162.99999999999994,165.5846750214427,126.70689607966067,-25.522399232646308,-0.024173319339752197,0.5284633636474609,AC2,8.72140404762178,False,31.02354258298874,1.0,False,False,False,False,False,False,False,15.01261277286277,0.0,31.386142373085022,-0.36259979009628296,1.0,1.0,0.0
100.0,KL001,1,116.37006595831667,3.0,14.613042157354485,-53.028906409107094,True,True,52.470256120529626,3.4890052434236063,162.99999999999994,165.5846750214427,125.12453516637089,-9.920309294548076,-0.19457733631134033,0.5864064693450928,AC2,8.871407582520169,False,12.963313311338425,1.0,False,False,False,False,False,False,False,15.082046810984485,0.0,15.881973803043365,-2.918660491704941,1.0,1.0,0.0
110.0,KL001,1,114.73005086321348,3.0,14.613042157354464,-53.02890640910712,True,True,52.45777002948753,3.50221504055543,162.99999999999994,165.5846750214427,123.47301858192174,3.020908485836486,-0.43414855003356934,0.6610432863235474,AC2,8.834025855891094,False,-3.4804092720150948,1.0,False,False,False,False,False,False,False,15.468590668113338,0.0,3.0318188667297363,-6.512228138744831,1.0,1.0,0.0
120.0,KL001,1,113.08179273149575,3.0,14.613042157354421,-53.028906409107115,True,True,52.44505880209781,3.514941500767903,162.99999999999994,165.5846750214427,121.81716475850486,-0.46281745056055,-0.5519474744796753,0.6507012844085693,AC2,8.779978604021938,False,-1.6710839420557022,1.0,False,False,False,False,False,False,False,15.684670599800219,0.0,6.608128175139427,-8.27921211719513,1.0,1.0,0.0
130.0,KL001,1,111.4407374101204,3.0,14.61304215735445,-53.02890640910711,True,True,52.43260876546568,3.5283434722809215,162.99999999999994,165.5846750214427,120.16202435025376,-2.163531715485192,-0.5371789336204529,0.6397109031677246,AC2,8.74644729930048,False,0.34809886710718274,1.0,False,False,False,False,False,False,False,15.570485925370441,0.0,8.405782878398895,-8.057684011291713,1.0,1.0,0.0
140.0,KL001,1,109.79896015883295,3.0,14.613042157354485,-53.0289064091071,True,True,52.42011057462708,3.541620538533521,162.99999999999994,165.5846750214427,118.50663578926039,-1.8411031368347608,-0.5383589267730713,0.6423254013061523,AC2,8.7093317137041,False,0.10743566206656396,1.0,False,False,False,False,False,False,False,15.482820570227961,0.0,8.182819560170174,-8.07538389810361,1.0,1.0,0.0
150.0,KL001,1,108.15739440714154,3.0,14.613042157354474,-53.028906409107094,True,True,52.40759722451319,3.554855394953147,162.99999999999994,165.5846750214427,116.85119446035375,-1.7585263278054697,-0.5373297333717346,0.6430728435516357,AC2,8.671177528148448,False,0.1426092500332743,1.0,False,False,False,False,False,False,False,15.388069789298354,0.0,8.202555254101753,-8.059946004068479,1.0,1.0,0.0
160.0,KL001,1,106.51590569528894,3.0,14.613042157354478,-53.02890640910711,True,True,52.395063820067485,3.5680354060969677,162.99999999999994,165.5846750214427,115.19567952670374,-1.6394192134071943,-0.5083085298538208,0.63429856300354,AC2,8.631594031656357,False,0.5640743812546134,1.0,False,False,False,False,False,False,False,15.214939880517194,0.0,8.188702315092087,-7.624627933837473,1.0,1.0,0.0
170.0,KL001,1,104.87285043256884,3.0,14.613042157354467,-53.02890640910711,True,True,52.38245185517432,3.581008849067146,162.99999999999994,165.5846750214427,113.53989227976555,-1.0912248158782631,-0.5089271664619446,0.6374762058258057,AC2,8.585965204297663,False,0.11450685560703278,1.0,False,False,False,False,False,False,False,15.109053905683185,0.0,7.7484143525362015,-7.633907496929169,1.0,1.0,0.0
180.0,KL001,1,103.22996434912056,3.0,14.613042157354478,-53.02890640910711,True,True,52.369824091557255,3.5939372709546986,162.99999999999994,165.5846750214427,111.88407465162258,-0.9913554837188201,-0.5066078305244446,0.6383407115936279,AC2,8.539206584690143,False,0.16055681160651147,1.0,False,False,False,False,False,False,False,14.995221374871706,0.0,7.7596742659807205,-7.599117454374209,1.0,1.0,0.0
190.0,KL001,1,101.58707837682219,3.0,14.613042157354478,-53.02890640910711,True,True,52.3571742605726,3.606803995852568,162.99999999999994,165.5846750214427,110.22821831328245,-0.8434395879243368,-0.4888685941696167,0.6686625480651855,AC2,8.49081688343277,False,0.39318548049777746,1.0,False,False,False,False,False,False,False,14.837342753146238,0.0,7.726214379072189,-7.333028898574412,1.0,1.0,0.0
200.0,KL001,1,99.94332931398245,3.0,14.613042157354464,-53.02890640910713,True,True,52.344470808934,3.619524614060317,162.99999999999994,165.5846750214427,108.57230401600007,-0.45722583189427723,-0.4874446392059326,0.6703732013702393,AC2,8.438281619181243,False,0.1460094004869461,1.0,False,False,False,False,False,False,False,14.714278374125753,0.0,7.457678988575935,-7.311669588088989,1.0,1.0,0.0
210.0,KL001,1,98.29963014378757,3.0,14.613042157354457,-53.02890640910711,True,True,52.33174759746053,3.632188551067024,162.99999999999994,165.5846750214427,106.91638803203756,-0.31612021053024364,-0.48457396030426025,0.6717164516448975,AC2,8.384281287339508,False,0.16929365694522858,1.0,False,False,False,False,False,False,False,14.585814074192562,0.0,7.437903061509132,-7.268609404563904,1.0,1.0,0.0
220.0,KL001,1,96.65590040736883,3.0,14.61304215735446,-53.02890640910713,True,True,52.319001578481696,3.6447872777623043,162.99999999999994,165.5846750214427,105.2604815058347,-0.1491954524048822,-0.48166435956954956,0.6732631921768188,AC2,8.32856990733971,False,0.17114483169279993,1.0,False,False,False,False,False,False,False,14.453921112023028,0.0,7.396110221743584,-7.224965390050784,1.0,1.0,0.0
230.0,KL001,1,95.01213720794775,3.0,14.613042157354474,-53.02890640910709,True,True,52.306232615715125,3.6573200410553386,162.99999999999994,165.5846750214427,103.60459814410186,0.022266356172195856,-0.4787520170211792,0.6747913360595703,AC2,8.271134128814332,False,0.17248727730475366,1.0,False,False,False,False,False,False,False,14.318801379824391,0.0,7.353767529129982,-7.181280251825228,1.0,1.0,0.0
240.0,KL001,1,93.36833962769778,3.0,14.613042157354478,-53.0289064091071,True,True,52.29344064446611,3.6697862712233897,162.99999999999994,165.5846750214427,101.94875268458608,0.19790891843115332,-0.5080268979072571,0.6488409042358398,AC2,8.211967538759746,False,-0.3089732746593654,1.0,False,False,False,False,False,False,False,14.263264368596097,0.0,7.31143020093441,-7.6204034755937755,1.0,1.0,0.0
250.0,KL001,1,91.72629962092144,3.0,14.61304215735445,-53.02890640910712,True,True,52.28068996991137,3.682361494691935,162.99999999999994,165.5846750214427,100.29285484392717,-0.1129496432237147,-0.5036022067070007,0.6482844352722168,AC2,8.156208242004725,False,0.20659670932218432,1.0,False,False,False,False,False,False,False,14.12763606520492,0.0,7.760629802942276,-7.554033093620092,1.0,1.0,0.0
260.0,KL001,1,90.0841292538682,3.0,14.61304215735446,-53.02890640910711,True,True,52.26791164094134,3.6948578764857176,162.99999999999994,165.5846750214427,98.63698860553484,0.0951981231246748,-0.5015402436256409,0.6486095190048218,AC2,8.098349982647074,False,0.1723437791224569,1.0,False,False,False,False,False,False,False,13.991719308559464,0.0,7.69544743001461,-7.523103650892153,1.0,1.0,0.0
270.0,KL001,1,88.44196286982452,3.0,14.613042157354474,-53.028906409107094,True,True,52.25511036964104,3.7072877988269903,162.99999999999994,165.5846750214427,96.98116537325122,0.2721149417345998,-0.499420166015625,0.6488676071166992,AC2,8.03876782145446,False,0.17510868608951569,1.0,False,False,False,False,False,False,False,13.852561273999054,0.0,7.666411176323891,-7.491302490234375,1.0,1.0,0.0
280.0,KL001,1,86.79979592328117,3.0,14.613042157354478,-53.02890640910711,True,True,52.2422859065745,3.719650170997037,162.99999999999994,165.5846750214427,95.32540193636379,0.4550240360181306,-0.497397780418396,0.6491197347640991,AC2,7.977442461756661,False,0.1755928248167038,1.0,False,False,False,False,False,False,False,13.710371157006492,0.0,7.636559531092644,-7.46096670627594,1.0,1.0,0.0
290.0,KL001,1,85.15763269458056,3.0,14.613042157354457,-53.02890640910711,True,True,52.22943830790566,3.7319447335073828,162.99999999999994,165.5846750214427,93.66971569568597,0.6418238360301416,-0.4953616261482239,0.6494804620742798,AC2,7.914380571284998,False,0.17785392701625824,1.0,False,False,False,False,False,False,False,13.564913253120949,0.0,7.608278319239616,-7.430424392223358,1.0,1.0,0.0
300.0,KL001,1,83.51547110858436,3.0,14.613042157354478,-53.02890640910711,True,True,52.21656739872724,3.744170575214251,162.99999999999994,165.5846750214427,92.0141261952594,0.8345155771837085,-0.42640364170074463,0.5924205780029297,AC2,7.849571972392251,False,1.1838123947381973,1.0,False,False,False,False,False,False,False,13.253302299790176,0.0,7.579867020249367,-6.396054625511169,1.0,1.0,0.0
310.0,KL001,1,81.86980283215463,3.0,14.61304215735447,-53.02890640910711,True,True,52.203544503280774,3.7559562968497273,162.99999999999994,165.5846750214427,90.35957506193881,2.0555690935832445,-0.43489521741867065,0.5978615283966064,AC2,7.772674124346954,False,0.004073381314810831,1.0,False,False,False,False,False,False,False,10.775132461564233,0.0,6.52750164270401,-6.523428261389199,1.0,1.0,0.0
320.0,KL001,1,80.22465949069733,3.0,14.613042157354455,-53.02890640910712,True,True,52.19052109442526,3.767737054569035,162.99999999999994,165.5846750214427,88.70506959671101,2.098350717468861,-0.3961440920829773,0.5768740177154541,AC2,7.69592553825541,False,-15.000000000000002,1.0,True,False,False,False,True,False,False,10.877102722051083,0.0,6.660027578473091,-5.942161409184337,1.0,1.0,0.0
330.0,KL001,1,78.63282290763529,3.0,14.613042157354467,-53.0289064091071,True,True,52.17876230043926,3.7825210963863394,162.99999999999994,165.5846750214427,87.06415440483885,-13.026026013218228,-0.19108206033706665,0.5394396781921387,AC2,7.716147960939742,False,-5.000000000000002,1.0,True,False,False,False,True,False,False,10.963575037269448,0.0,21.979650110006332,-2.8662313520908356,1.0,1.0,0.0
340.0,KL001,1,77.15305861986832,3.0,14.613042157354478,-53.028906409107115,True,True,52.16888834005896,3.800691487548067,162.99999999999994,165.5846750214427,85.48422786928685,-18.36177397914713,-0.15350520610809326,0.5435148477554321,AC2,7.875234155248143,False,0.0,1.0,True,False,False,False,True,False,False,10.833359326352042,0.0,27.529820501804352,-2.3025771975517273,1.0,1.0,0.0
350.0,KL001,1,75.68792147725665,3.0,14.61304215735448,-53.02890640910711,True,True,52.15912009958853,3.819015086227248,162.99999999999994,165.5846750214427,83.91202439549618,-18.72060044584572,-0.06014126539230347,0.5612666606903076,AC2,8.045397616902608,False,0.0,1.0,True,False,False,False,True,False,False,10.838015328900068,0.0,28.11203956604004,-0.9021180868148804,1.0,1.0,0.0
360.0,KL001,1,74.2310031974458,3.0,14.613042157354464,-53.02890640910711,True,True,52.14935185911809,3.8373346639704367,162.99999999999994,165.5846750214427,82.34323912400228,-19.093112816259833,0.022444844245910645,0.6024606227874756,AC2,8.219015611415383,False,0.0,1.0,True,False,False,False,True,False,False,10.84236012690928,0.0,28.71697962284088,0.3366735577583313,1.0,1.0,0.0
370.0,KL001,1,72.78278307834364,3.0,14.613042157354457,-53.02890640910711,True,True,52.139583618647656,3.855650223074202,162.99999999999994,165.5846750214427,80.7780710536452,-19.480076032324774,0.029250383377075195,0.6042947769165039,AC2,8.395891990665012,False,0.0,1.0,True,False,False,False,True,False,False,10.84639361164725,0.0,29.34586375951767,0.43875575065612793,1.0,1.0,0.0
380.0,KL001,1,71.34377628177819,3.0,14.613042157354485,-53.02890640910711,True,True,52.12981537817722,3.8739617658333696,162.99999999999994,165.5846750214427,79.21673443533541,-19.882310275587145,0.035881876945495605,0.6061385869979858,AC2,8.575842927162467,False,0.0,1.0,True,False,False,False,True,False,False,10.850115664127808,0.0,29.999990165233612,0.5382281541824341,1.0,1.0,0.0
390.0,KL001,1,69.91453688671302,3.0,14.61304215735448,-53.0289064091071,True,True,52.120047137706784,3.8922692945410233,162.99999999999994,165.5846750214427,77.65946020606239,-20.30069573214209,0.44912290573120117,0.6068863868713379,AC9,8.61006408306229,False,5.000000000000002,1.0,True,False,False,False,True,False,False,10.37012286018966,0.0,30.680742859840393,6.736842691898346,1.0,1.0,0.0
400.0,KL001,1,68.4334892815616,3.0,14.613042157354466,-53.0289064091071,True,True,52.10943829211294,3.909280291779129,162.99999999999994,165.5846750214427,76.06652302652815,-15.643658144841936,0.3808906078338623,0.5751011371612549,AC9,7.354143790477183,False,0.0,1.0,True,False,False,False,True,False,False,10.35308073762824,0.0,26.295352578163147,5.713360011577606,1.0,1.0,0.0
410.0,KL001,1,66.95321535587516,3.0,14.613042157354474,-53.02890640910711,True,True,52.09872760265716,3.92612356518537,162.99999999999994,165.5846750214427,74.47173537742906,-15.989514056396814,0.3827856779098511,0.5754671096801758,AC9,6.3448963109848355,False,0.0,-1.0,True,False,False,False,True,False,False,10.350731295933775,0.0,26.92484825849533,5.741786062717438,1.0,1.0,0.0
420.0,KL001,1,65.5076669035835,3.0,14.613042157354467,-53.02890640910712,True,True,52.08820815672949,3.9426621627351444,159.5698558018131,162.1073281443386,72.9081801190407,-16.343907853021136,0.37973833084106445,0.5744624137878418,AC9,5.725903605070857,False,5.000000000000002,1.0,True,False,False,False,True,False,False,10.281232779940138,0.0,27.570493519306183,5.696075856685638,1.0,1.0,0.0
430.0,KL001,1,63.99332839797091,3.0,14.613042157354464,-53.02890640910711,True,True,52.07676147645396,3.9580388869033496,162.9989758278047,165.5836368186249,71.29268354453139,-11.618703230489047,0.37576985359191895,0.6008419990539551,AC9,5.5495338004231005,False,28.78818154335022,1.0,False,False,False,False,False,False,False,10.279270656606197,0.0,23.151634633541107,5.6365469098091125,1.0,1.0,0.0
440.0,KL001,1,62.396979283978716,3.0,14.613042157354478,-53.02890640910711,True,True,52.06394529175826,3.970224583623151,162.99999999999994,165.5846750214427,69.6439352865719,4.134999242694079,0.22725236415863037,0.6409550905227661,AC9,5.794880555843008,False,11.116264387965202,1.0,False,False,False,False,False,False,False,10.736504616642055,0.0,7.707479149103165,3.4087852388620377,1.0,1.0,0.0
450.0,KL001,1,60.745077817706,3.0,14.613042157354474,-53.02890640910711,True,True,52.04961560913004,3.9766514379156384,162.99999999999994,165.5846750214427,68.02853865356198,15.540108568967582,0.0969465970993042,0.6870670318603516,AC9,6.207511923072776,False,-1.9556809030473232,1.0,False,False,False,False,False,False,False,11.501749771515673,0.0,-3.4098799154162407,1.4541990123689175,1.0,1.0,0.0
460.0,KL001,1,59.09082666027999,3.0,14.613042157354473,-53.02890640910711,True,True,52.035165701520945,3.982502616435645,162.99999999999994,165.5846750214427,66.42164937937814,13.922832024408308,0.08565783500671387,0.6828961372375488,AC9,6.867824373190034,False,-0.21074629621580243,1.0,False,False,False,False,False,False,False,12.639540133219127,0.0,-1.4956138283014297,1.2848675320856273,1.0,1.0,0.0
470.0,KL001,1,57.43645729248688,3.0,14.61304215735444,-53.028906409107115,True,True,52.020731484802006,3.988453549477415,162.99999999999994,165.5846750214427,64.81540995632123,14.061077203641617,0.09103119373321533,0.6812193393707275,AC9,7.870796365665415,False,0.04382475191960111,1.0,False,False,False,False,False,False,False,12.326766320924566,0.0,-1.321643153205514,1.365467905125115,1.0,1.0,0.0
480.0,KL001,1,55.782178953431895,3.0,14.613042157354476,-53.02890640910711,True,True,52.0062944716509,3.9943846227076976,162.99999999999994,165.5846750214427,63.21201761509818,14.472734384332057,-0.03058725595474243,0.5629159212112427,AC2,8.218778812432339,False,-1.8646636605262756,1.0,False,False,False,False,False,False,False,10.441474050167415,0.0,-1.405854793265462,-0.4588088672608137,1.0,1.0,0.0
490.0,KL001,1,54.12750228215871,3.0,14.613042157354476,-53.0289064091071,True,True,51.9919818737269,4.001062183108695,162.99999999999994,165.5846750214427,61.598445421437155,12.946858062395364,0.027356505393981934,0.598117470741272,AC2,8.0169643801679,False,-10.000000000000004,1.0,True,False,False,False,True,False,False,11.188482081379847,0.0,0.47195533756166697,0.4103475948795676,1.0,1.0,0.0
500.0,KL001,1,52.49089154278339,3.0,14.613042157354469,-53.02890640910711,True,True,51.97833209541153,4.01064316971904,162.99999999999994,165.5846750214427,59.953564082634564,3.102518585682617,0.05218398571014404,0.6050992012023926,AC2,7.884235667620841,False,0.0,1.0,True,False,False,False,True,False,False,11.054104677245245,0.0,10.716366469860077,0.7827597856521606,1.0,1.0,0.0
510.0,KL001,1,50.866071968770015,3.0,14.613042157354446,-53.028906409107115,True,True,51.964954058129905,4.021260242405778,162.99999999999994,165.5846750214427,58.30046741381332,3.1910397029220405,-0.044731974601745605,0.6575034856796265,AC2,7.777731004860935,False,0.0,1.0,True,False,False,False,True,False,False,11.051098513942874,0.0,11.062443181872368,-0.6709793955087662,1.0,1.0,0.0
520.0,KL001,1,49.24328533468118,3.0,14.613042157354474,-53.02890640910711,True,True,51.95157602084828,4.031874146677855,162.99999999999994,165.5846750214427,56.64751871106385,3.2847282960871382,-0.09010457992553711,0.6934504508972168,AC2,7.671719010710262,False,0.0,1.0,True,False,False,False,True,False,False,11.04781814858206,0.0,11.43110141158104,-1.3515684753656387,1.0,1.0,0.0
530.0,KL001,1,47.62272950709181,3.0,14.61304215735446,-53.028906409107115,True,True,51.93819798356665,4.042484885004086,162.99999999999994,165.5846750214427,54.99473123990585,3.384049746122912,0.002354741096496582,0.748429536819458,AC2,7.566214615000743,False,5.000000000000002,1.0,True,False,False,False,True,False,False,10.265717483798985,0.0,11.82461366057396,0.035320669412612915,1.0,1.0,0.0
540.0,KL001,1,45.98270736683653,3.0,14.613042157354476,-53.02890640910711,True,True,51.92435537703598,4.051375640283083,162.99999999999994,165.5846750214427,53.35572150335804,8.627501387193803,-0.1477227807044983,0.7337857484817505,AC2,7.420071805121022,False,0.0,-1.0,True,False,False,False,True,False,True,10.259900124003,0.2781762865679399,7.088098078966141,-2.2158415988087654,1.0,1.0,0.0
550.0,KL001,1,44.37065215946749,3.0,14.613042157354467,-53.02890640910711,True,True,51.91070632223806,4.05989434239089,159.5698558018131,162.1073281443386,51.74906051095039,8.898847559806626,-0.14362090826034546,0.7462012767791748,AC2,7.284443714916436,False,0.0,-1.0,True,False,False,False,True,False,False,10.270722227214922,0.0,7.345700785517693,-2.154313735663891,1.0,1.0,0.0
560.0,KL001,1,42.79426561201365,3.0,14.61304215735445,-53.028906409107115,True,True,51.89735103386479,4.068227194874384,156.13972249447147,158.6295724986601,50.17817439023078,9.181167615601765,-0.14180827140808105,0.7640718221664429,AC2,7.167452629741779,False,0.0,-1.0,True,False,False,False,True,False,True,9.684399487148076,2.95026808704161,7.616316229104996,-2.1271241828799248,1.0,1.0,0.0
570.0,KL001,1,41.253584303512675,3.0,14.613042157354464,-53.02890640910711,True,True,51.884289513690995,4.076374361913914,152.70960007794022,155.15141322269102,48.643096073280915,9.474908598410707,-0.04419887065887451,0.8059661388397217,AC8,6.4092297021891325,False,0.0,-1.0,True,False,False,False,True,False,True,7.96569942637011,13.691044821387376,7.900755777955055,-0.6629830598831177,1.0,1.0,0.0
580.0,KL001,1,39.748647407613134,3.0,14.613042157354464,-53.02890640910711,True,True,51.871521761843766,4.084336004873812,149.2794885521849,151.67285566732014,47.14385894416942,9.780524525919844,-0.20498275756835938,0.7275396585464478,AC8,5.757470702086462,False,5.000000000000002,-1.0,True,False,False,False,True,False,True,5.720047090350301,37.38659638730344,8.199882432818413,-3.0747412517666817,1.0,1.0,0.0
590.0,KL001,1,38.267085184962895,3.0,14.613042157354467,-53.02890640910711,True,True,51.85871040118151,4.090496075378221,145.84938791717107,148.19390539535942,45.706225398690925,15.242431557002277,-0.1308673620223999,0.7530286312103271,AC8,5.509121453369979,False,45.0,-1.0,True,False,False,False,True,False,True,4.380429382319803,47.6570120938909,3.340827114880085,-1.9630104582756758,1.0,1.0,0.0
600.0,KL001,1,36.83267000913073,3.0,14.613042157354467,-53.02890640910711,True,True,51.84578777909178,4.09275639558675,142.41929817286444,144.71456818066574,44.40346532749611,34.09182233583999,-0.319147527217865,0.7660974264144897,AC8,5.615909034139701,False,45.0,-1.0,True,False,False,False,True,False,True,6.633910418641302,42.20343898831594,-14.97042641043663,-4.787213355302811,1.0,1.0,0.0
610.0,KL001,1,35.56136163908738,3.0,14.613042157354444,-53.028906409107115,True,True,51.83338935301417,4.0884425276532275,138.98921931922933,141.23485000706262,43.40648547272293,53.89552539654758,-0.3453185558319092,0.7638297080993652,AC8,5.919293155665103,False,45.0,1.0,True,False,False,False,True,False,True,9.170432660189578,35.74978891123222,-34.43254977464676,-5.179777443408966,1.0,1.0,0.0
620.0,KL001,1,34.549944904110106,3.0,14.613042157354467,-53.02890640910711,True,True,51.82225384819082,4.077819524449608,142.418404689565,144.71366181785797,42.797220309082576,73.78393463175647,-0.31350278854370117,0.6948807239532471,AC8,6.324864474978927,False,34.99999999999999,1.0,True,False,False,False,True,False,False,10.28239732735119,0.0,-45.0,0.0,1.0,1.0,0.0
630.0,KL001,1,33.93037746091629,3.0,14.613042157354464,-53.02890640910711,True,True,51.8134714546671,4.0617935765814455,145.84757917210024,148.19207078561516,42.661285084394656,93.48454560614209,-0.09594875574111938,0.5483651161193848,AC8,6.753083103667242,False,24.999999999999993,1.0,True,False,False,False,True,False,False,11.17874429901388,0.0,-45.0,0.0,1.0,1.0,0.0
640.0,KL001,1,33.798166091413734,3.0,14.613042157354466,-53.02890640910711,True,True,51.80794852723048,4.0417783682286075,149.27674276686926,151.67007093873528,43.03052032547399,112.76948105360577,-0.36774277687072754,0.4078599214553833,AC8,7.140718877640535,False,24.999999999999993,1.0,True,True,False,True,True,False,False,12.329184396698377,0.0,-45.0,0.0,1.0,1.0,0.0
650.0,KL001,1,34.185776169538435,3.0,14.613042157354451,-53.02890640910711,True,True,51.80627313987132,4.019521580926949,152.7058954739064,155.14765651558307,43.87328377536929,131.41666393324283,-0.16548025608062744,0.3613748550415039,AC6,7.031089346228764,False,14.999999999999996,1.0,True,True,False,True,True,False,False,12.622419864016523,0.0,-45.0,0.0,1.0,1.0,0.0
660.0,KL001,1,35.054520038719716,3.0,14.61304215735447,-53.02890640910711,True,True,51.8086463881173,3.9969118675903297,156.13503729324682,158.624821965551,45.102473578440424,147.6974835167308,0.06648874282836914,0.327073335647583,AC6,6.864550993136485,False,9.999999999999995,1.0,True,True,False,True,False,False,False,12.68735396782744,0.0,-45.0,0.9973311424255371,1.0,1.0,0.0
670.0,KL001,1,36.2681214525449,3.0,14.613042157354469,-53.02890640910711,True,True,51.81433588087191,3.975313468687062,159.56416822492452,162.10156194991947,46.57383856893475,158.53523913100946,0.11407995223999023,0.28829991817474365,AC6,6.927357839894962,False,5.000000000000002,1.0,True,True,False,True,False,False,False,12.799611087890337,0.0,-45.0,1.7111983895301819,1.0,1.0,0.0
680.0,KL001,1,37.656618119101964,3.0,14.61304215735447,-53.02890640910711,True,True,51.82178153563316,3.9545419673615765,162.99328826897474,165.57787134252962,48.156139462585976,164.11127916729288,0.11362886428833008,0.2760920524597168,AC6,7.11164387052918,False,5.000000000000002,1.0,True,True,False,True,False,False,False,13.136020802209224,0.0,-45.0,1.7044338583946228,1.0,1.0,0.0
690.0,KL001,1,39.137493376538295,3.0,14.613042157354469,-53.028906409107115,True,True,51.8303407545998,3.9348307639551816,162.99999999999994,165.5846750214427,49.78098813028843,169.49052583076752,0.11637461185455322,0.2652851343154907,AC6,7.359341331452675,False,0.0,1.0,True,True,False,True,False,False,False,13.590567522480955,0.0,-45.0,1.7456191778182983,1.0,1.0,0.0
700.0,KL001,1,40.638425307298675,3.0,14.613042157354467,-53.02890640910711,True,True,51.83901821834597,3.915246140227435,162.99999999999994,165.5846750214427,51.411010251729145,169.8283508298199,0.07535719871520996,0.22985553741455078,AC6,7.6364745602276995,False,5.000000000000002,1.0,True,True,False,True,False,False,False,14.099957380335209,0.0,-45.0,1.1303579807281494,1.0,1.0,0.0
710.0,KL001,1,42.196901645620265,3.0,14.613042157354476,-53.02890640910711,True,True,51.84860663565065,3.896809664264532,162.99999999999994,165.5846750214427,53.05917293179422,175.0072742876332,0.22214901447296143,0.07928788661956787,AC6,7.941476729887194,False,0.0,1.0,True,True,False,True,False,False,False,14.661906384683162,0.0,-45.0,3.3322343230247498,1.0,1.0,0.0
720.0,KL001,1,43.767541595777516,3.0,14.613042157354478,-53.0289064091071,True,True,51.85830582573853,3.8785158327967437,162.99999999999994,165.5846750214427,54.70948559400899,175.15879072131895,0.18040478229522705,0.1208122968673706,AC8,8.094848358910808,False,5.000000000000002,1.0,True,True,False,True,False,False,False,14.976036303542866,0.0,-45.0,2.7060726284980774,1.0,1.0,0.0
730.0,KL001,1,45.37716551473364,3.0,14.613042157354473,-53.0289064091071,True,True,51.86885046773589,3.861494698817142,162.99999999999994,165.5846750214427,56.365058113302275,-179.82963449183046,0.16474902629852295,0.13999366760253906,AC8,8.133388306317043,False,0.0,1.0,True,True,False,True,False,False,False,14.416281262623672,0.0,-45.0,2.4712345004081726,1.0,1.0,0.0
740.0,KL001,1,46.993530822611326,3.0,14.613042157354473,-53.0289064091071,True,True,51.87949756747236,3.84463129709121,162.99999999999994,165.5846750214427,58.020905629004034,-179.83448860318208,0.16279911994934082,0.13980746269226074,AC8,8.171910932191862,False,0.0,1.0,True,True,False,True,False,False,False,13.611077390246566,0.0,-45.0,2.441987693309784,1.0,1.0,0.0
750.0,KL001,1,48.61247282043958,3.0,14.613042157354466,-53.0289064091071,True,True,51.89014466720884,3.827763901236549,162.99999999999994,165.5846750214427,59.67675458047448,-179.83907232320644,0.036802053451538086,0.26704561710357666,AC8,8.21316465311835,False,5.000000000000002,1.0,True,True,False,True,False,False,False,12.249191226912352,0.0,-45.0,0.5520308017730713,1.0,1.0,0.0
760.0,KL001,1,50.25356092898784,3.0,14.613042157354437,-53.02890640910712,True,True,51.90156528280628,3.812284645775709,162.99999999999994,165.5846750214427,61.32655804412655,-174.9639004825524,0.04004168510437012,0.27134037017822266,AC8,8.234179544633612,False,0.0,1.0,True,True,False,True,False,False,False,12.227207449234115,0.0,-45.0,0.6006243824958801,1.0,1.0,0.0
770.0,KL001,1,51.89760972154821,3.0,14.613042157354476,-53.02890640910711,True,True,51.913079261333515,3.796977159567296,162.99999999999994,165.5846750214427,62.97559021789697,-175.09669631954523,-0.021615803241729736,0.1730443239212036,AC8,8.253296375431479,False,0.0,1.0,True,True,False,True,False,False,False,12.225690971746303,0.0,-45.0,0.0,1.0,1.0,0.0
780.0,KL001,1,53.54238055370899,3.0,14.613042157354466,-53.02890640910711,True,True,51.92459323986075,3.7816657477775326,162.99999999999994,165.5846750214427,64.62494448316718,-175.22271342296528,0.04514110088348389,0.13538038730621338,AC8,8.273050590251625,False,0.0,1.0,True,True,False,True,False,False,False,12.22446872828738,0.0,-45.0,0.6771156191825867,1.0,1.0,0.0
790.0,KL001,1,55.187824260235,3.0,14.61304215735446,-53.02890640910711,True,True,51.93610721838798,3.766350407773835,162.99999999999994,165.5846750214427,66.27459689708651,-175.34245668230847,-0.07302224636077881,0.10732054710388184,AC8,8.293432345369409,False,0.0,1.0,True,True,False,True,False,False,False,12.223540723371096,0.0,-45.0,0.0,1.0,1.0,0.0
800.0,KL001,1,56.83389736165468,3.0,14.61304215735447,-53.02890640910711,True,True,51.947621196915215,3.7510311369212754,162.99999999999994,165.5846750214427,67.92452584150787,-175.4563821638875,-0.0734817385673523,0.10515260696411133,AC8,8.314431759635006,False,5.000000000000002,1.0,True,True,False,True,False,False,False,11.701983224036416,0.0,-45.0,0.0,1.0,1.0,0.0
810.0,KL001,1,58.487503202656825,3.0,14.613042157354467,-53.02890640910711,True,True,51.959830868332055,3.7372059820619374,162.99999999999994,165.5846750214427,69.55901854833144,-170.6705597042419,-0.08657872676849365,0.09774565696716309,AC1,8.09247018289396,False,0.0,1.0,True,True,False,True,False,False,False,11.681506674068947,0.0,-45.0,0.0,1.0,1.0,0.0
820.0,KL001,1,60.14178644899375,3.0,14.61304215735445,-53.02890640910712,True,True,51.972124097321064,3.7235655370773113,162.99999999999994,165.5846750214427,71.19222125587444,-170.88764958784475,0.09360480308532715,0.18449115753173828,AC1,7.1421260767360515,False,0.0,1.0,True,True,False,True,False,False,False,11.681530853379696,0.0,-45.0,1.4040720462799072,1.0,1.0,0.0
830.0,KL001,1,61.79621541100404,3.0,14.61304215735446,-53.028906409107115,True,True,51.98441732631007,3.709921349300127,162.99999999999994,165.5846750214427,72.82640123715784,-171.09499870763653,0.0953669548034668,0.1834397315979004,AC1,6.515736562841972,False,0.0,1.0,True,True,False,True,False,False,False,11.681840103524799,0.0,-45.0,1.4305052161216736,1.0,1.0,0.0
840.0,KL001,1,63.45079009326561,3.0,14.61304215735447,-53.02890640910711,True,True,51.99671055529908,3.696273416047404,162.99999999999994,165.5846750214427,74.46149424029879,-171.29324309860874,0.09708666801452637,0.18245422840118408,AC1,6.310522000006424,False,0.0,1.0,True,True,False,True,False,False,False,11.68382938557316,0.0,-45.0,1.4563000202178955,1.0,1.0,0.0
850.0,KL001,1,65.10551051256328,3.0,14.613042157354453,-53.0289064091071,True,True,52.00900378428809,3.6826217346336043,162.99999999999994,165.5846750214427,76.09744150359197,-171.4829650207123,0.0986182689666748,0.18160128593444824,AC1,6.566094854648414,False,0.0,1.0,True,True,False,True,False,False,False,12.158412441852875,0.0,-45.0,1.4792731404304504,1.0,1.0,0.0
860.0,KL001,1,66.76037669639518,3.0,14.613042157354478,-53.028906409107094,True,True,52.0212970132771,3.6689663023706336,162.99999999999994,165.5846750214427,77.73418918479561,-171.66469848137262,0.09997284412384033,0.1808767318725586,AC1,7.233782400588182,False,-5.000000000000002,1.0,True,True,False,True,False,False,False,13.395449624113127,0.0,-45.0,1.4995935559272766,1.0,1.0,0.0
870.0,KL001,1,68.40930576104839,3.0,14.61304215735447,-53.02890640910711,True,True,52.032899055367665,3.6538011064180136,162.99999999999994,165.5846750214427,79.38545787419099,-176.74610079101353,0.17821550369262695,0.16219544410705566,AC1,8.264215635356276,False,0.0,1.0,True,True,False,True,False,False,False,15.303497378706647,0.0,-45.0,2.6732316613197327,1.0,1.0,0.0
880.0,KL001,1,70.05760865186652,3.0,14.613042157354474,-53.028906409107115,True,True,52.0444130338949,3.638448686527923,162.99999999999994,165.5846750214427,81.03822859098963,-176.8129064491764,0.14634180068969727,0.27628350257873535,AC8,8.355721701426303,False,0.0,1.0,True,True,False,True,False,False,False,15.468853205968783,0.0,-45.0,2.1951279044151306,1.0,1.0,0.0
890.0,KL001,1,67.65933392952363,2.0,14.656741475479027,-48.02781896513591,True,True,52.05592701242213,3.6230923108883615,162.99999999999994,165.5846750214427,82.69110647105083,-176.87704043736892,0.28202223777770996,0.3298152685165405,AC8,8.378103722311906,False,0.0,1.0,True,True,False,True,False,False,False,15.51054901120656,0.0,-45.0,4.230334460735321,1.0,1.0,0.0
900.0,KL001,1,69.31321181413489,2.0,14.656741475479077,-48.02781896513588,True,True,52.067440990949365,3.607731976839836,162.99999999999994,165.5846750214427,84.34408532290527,-176.93865964163388,0.28223955631256104,0.3305957317352295,AC8,8.401047993662003,False,0.0,1.0,True,True,False,True,False,False,False,15.55324959218165,0.0,-45.0,4.2335933446884155,1.0,1.0,0.0
910.0,KL001,1,70.9673351948612,2.0,14.656741475479059,-48.02781896513589,True,True,52.0789549694766,3.59236768172048,162.99999999999994,165.5846750214427,85.99715943307496,-176.99790890961492,0.2624279260635376,0.17980706691741943,AC8,8.424544826453964,False,5.000000000000002,1.0,True,True,False,True,False,False,False,15.592198419918793,0.0,-45.0,3.9364179968833923,1.0,1.0,0.0
920.0,KL001,1,72.62193650390806,2.0,14.65674147547907,-48.02781896513588,True,True,52.09116464089344,3.5785018766197325,162.99999999999994,165.5846750214427,87.63778766874982,-172.13913833930712,0.22575652599334717,0.28133654594421387,AC8,8.426378508935363,False,45.0,1.0,False,False,False,False,False,False,False,15.532874139326035,0.0,45.0,0.0,1.0,1.0,0.0
930.0,KL001,1,74.24202871908479,2.0,14.65674147547902,-48.027818965135914,True,True,52.10454576528054,3.5680397409502183,162.99999999999994,165.5846750214427,89.21845324412712,-156.62002218781055,0.28785014152526855,0.3242490291595459,AC8,8.402623107977012,False,45.0,1.0,False,False,False,False,False,False,False,15.53494480335992,0.0,45.0,0.0,1.0,1.0,0.0
940.0,KL001,1,75.71954032708177,2.0,14.65674147547907,-48.02781896513588,True,True,52.11917231560214,3.5639122032822663,162.99999999999994,165.5846750214427,90.61610301138552,-141.35479511752345,0.18501150608062744,0.4087725877761841,AC8,8.396168368082547,False,45.0,1.0,False,False,False,False,False,False,False,15.548361835923979,0.0,45.0,0.0,1.0,1.0,0.0
950.0,KL001,1,76.9534625378986,2.0,14.656741475479063,-48.02781896513589,True,True,52.13393581644422,3.566436216477377,162.99999999999994,165.5846750214427,91.7353581241343,-126.29497297085872,0.1080622673034668,0.3896826505661011,AC8,8.505140257408675,False,45.0,1.0,False,False,False,False,False,False,False,15.111009995720865,0.0,45.0,0.0,1.0,1.0,0.0
960.0,KL001,1,77.86359146809161,2.0,14.65674147547907,-48.02781896513588,True,True,52.14771741357605,3.5754247428846546,162.99999999999994,165.5846750214427,92.50286913879937,-111.38420789866731,0.11830723285675049,0.3268132209777832,AC8,8.8296005287846,False,45.0,1.0,False,False,False,False,False,False,False,10.843246547576529,0.0,45.0,0.0,1.0,1.0,0.0
970.0,KL001,1,78.39305234973993,2.0,14.656741475479059,-48.02781896513588,True,True,52.15947266649385,3.590199996432115,162.99999999999994,165.5846750214427,92.86984188761119,-96.56163072834116,0.09518313407897949,0.32766294479370117,AC8,9.444231431278201,False,20.0,1.0,True,False,False,False,True,False,False,11.152266591127574,0.0,45.0,0.0,1.0,1.0,0.0
980.0,KL001,1,78.50965417572269,2.0,14.656741475479055,-48.02781896513589,True,True,52.16831070150843,3.6096441229475835,162.99999999999994,165.5846750214427,92.81341049187807,-81.76412998046013,0.12995731830596924,0.33809685707092285,AC8,10.375769856588253,False,0.0,1.0,True,False,False,False,True,False,False,11.088455423644179,0.0,45.0,0.0,1.0,1.0,0.0
990.0,KL001,1,78.45571160930743,2.0,14.65674147547908,-48.02781896513588,True,True,52.17562515739982,3.630794372047718,162.99999999999994,165.5846750214427,92.5815828203263,-82.78586544371603,0.1256418228149414,0.3352015018463135,AC8,11.475032263641094,False,0.0,1.0,True,False,False,False,True,False,False,10.389898565615441,0.0,45.0,0.0,1.0,1.0,0.0
1000.0,KL001,1,78.43673723216625,2.0,14.656741475479059,-48.02781896513588,True,True,52.18293961329121,3.6519480993317055,162.99999999999994,165.5846750214427,92.3793368971172,-83.81240390218349,-0.11685401201248169,0.40954136848449707,AC6,11.139398056387796,False,-5.000000000000002,1.0,True,False,False,False,True,False,False,11.051513792884911,0.0,45.0,-1.7528101801872253,1.0,1.0,0.0
1010.0,KL001,1,78.58110109626496,2.0,14.656741475479063,-48.02781896513588,True,True,52.19123681266944,3.672112462865206,162.99999999999994,165.5846750214427,92.3352204122171,-89.8470450216158,-0.1077573299407959,0.4162561893463135,AC6,10.325000665038024,False,0.0,1.0,True,False,False,False,True,False,False,10.985331065752035,0.0,45.0,-1.61636084318161,1.0,1.0,0.0
1020.0,KL001,1,78.7758714634239,2.0,14.656741475479073,-48.027818965135886,True,True,52.1996539498543,3.692153358678912,162.99999999999994,165.5846750214427,92.33714105539417,-90.88242643389052,-0.11224913597106934,0.4131205081939697,AC6,9.54916870772883,False,0.0,1.0,True,False,False,False,True,False,False,10.98656932138417,0.0,45.0,-1.6837379336357117,1.0,1.0,0.0
1030.0,KL001,1,79.004922012033,2.0,14.656741475479055,-48.02781896513588,True,True,52.208071087039166,3.712198050428664,162.99999999999994,165.5846750214427,92.3692059134178,-91.9174286686451,-0.12504786252975464,0.40827035903930664,AC6,8.811679852394917,False,5.000000000000002,1.0,True,False,False,False,True,False,False,10.27806995048212,0.0,45.0,-1.875717043876648,1.0,1.0,0.0
1040.0,KL001,1,79.14047316634372,2.0,14.656741475479066,-48.02781896513589,True,True,52.21550845825647,3.733247749685919,162.99999999999994,165.5846750214427,92.3028447341832,-87.95219892646355,-0.1414179801940918,0.39606595039367676,AC6,8.053667456031953,False,0.0,1.0,True,False,False,False,True,False,False,10.264640783599175,0.0,45.0,-2.1212705969810486,1.0,1.0,0.0
1050.0,KL001,1,79.29468299576106,2.0,14.656741475479073,-48.02781896513588,True,True,52.22282291414786,3.7544204685697835,162.99999999999994,165.5846750214427,92.25071756542239,-88.98818183106559,-0.002162635326385498,0.3578817844390869,AC6,7.34896643342375,False,0.0,1.0,True,False,False,False,True,False,False,10.266425271007352,0.0,45.0,-0.03243863582611084,1.0,1.0,0.0
1060.0,KL001,1,79.4832188317912,2.0,14.656741475479045,-48.02781896513591,True,True,52.23013737003925,3.7755966752606964,162.99999999999994,165.5846750214427,92.22877702100838,-90.02499855531104,-0.00547415018081665,0.3573845624923706,AC6,6.725420724512446,False,0.0,1.0,True,False,False,False,True,False,False,10.268220701308293,0.0,45.0,-0.08211314678192139,1.0,1.0,0.0
1070.0,KL001,1,79.70585006510045,2.0,14.656741475479068,-48.02781896513587,True,True,52.23745182593064,3.7967763712531797,162.99999999999994,165.5846750214427,92.23704478439787,-91.06197076617343,-0.009031295776367188,0.3568565845489502,AC6,6.207452051628599,False,-5.000000000000002,1.0,True,False,False,False,True,False,False,10.530618489095986,0.0,45.0,-0.13547033071517944,1.0,1.0,0.0
1080.0,KL001,1,80.08810082471977,2.0,14.656741475479071,-48.027818965135886,True,True,52.24574902530887,3.816965495884553,162.99999999999994,165.5846750214427,92.4037072799226,-97.09218001701919,0.012044906616210938,0.3836878538131714,AC6,5.886252624317655,False,-15.000000000000002,1.0,True,True,False,True,True,False,False,10.74440015726539,0.0,45.0,0.0,1.0,1.0,0.0
1090.0,KL001,1,80.75012258420874,2.0,14.656741475479048,-48.02781896513589,True,True,52.2558821876654,3.8346907774347985,162.99999999999994,165.5846750214427,92.85784089929959,-113.08093635873655,0.06765365600585938,0.4089169502258301,AC6,5.82193644242418,False,-10.000000000000004,1.0,True,True,False,True,False,False,False,10.77498917796282,0.0,45.0,0.0,1.0,1.0,0.0
1100.0,KL001,1,81.77585285291477,2.0,14.65674147547907,-48.027818965135886,True,True,52.26831721416637,3.8480150674377724,162.99999999999994,165.5846750214427,93.69982594205024,-123.9603314517054,0.08767127990722656,0.4024714231491089,AC6,5.999083337896914,False,-5.000000000000002,1.0,True,True,False,True,False,False,False,11.10391307099275,0.0,45.0,0.0,1.0,1.0,0.0
1110.0,KL001,1,82.97311577326467,2.0,14.656741475479075,-48.02781896513588,True,True,52.28168398713052,3.8587323550817976,162.99999999999994,165.5846750214427,94.73215837072925,-129.75164859808032,0.08076643943786621,0.39474809169769287,AC6,6.285918265954541,False,-5.000000000000002,1.0,True,True,False,True,False,False,False,11.636960118534722,0.0,45.0,0.0,1.0,1.0,0.0
1120.0,KL001,1,84.27878317185738,2.0,14.656741475479082,-48.02781896513589,True,True,52.29557142198599,3.8675075570821464,162.99999999999994,165.5846750214427,95.88911820190376,-135.4669824439553,0.09475934505462646,0.38612985610961914,AC6,6.6298792753452345,False,-5.000000000000002,1.0,True,True,False,True,False,False,False,12.276427184231276,0.0,45.0,0.0,1.0,1.0,0.0
1130.0,KL001,1,85.67819081826859,2.0,14.656741475479022,-48.02781896513591,True,True,52.3098738269681,3.8742727417298233,162.99999999999994,165.5846750214427,97.15756136521118,-141.10118547869737,0.05736589431762695,0.3812342882156372,AC6,7.001883013215512,False,0.0,1.0,True,True,False,True,False,False,False,12.968090691325965,0.0,45.0,0.0,1.0,1.0,0.0
1140.0,KL001,1,87.09502018571978,2.0,14.656741475479071,-48.027818965135864,True,True,52.32421795534755,3.880816247976357,162.99999999999994,165.5846750214427,98.44779893689623,-141.71177787210132,0.046372294425964355,0.37993478775024414,AC6,7.391179225318516,False,0.0,1.0,True,True,False,True,False,False,False,13.692299780564483,0.0,45.0,0.0,1.0,1.0,0.0
1150.0,KL001,1,88.52010031398092,2.0,14.656741475479075,-48.02781896513589,True,True,52.338562083727,3.887361876033774,162.99999999999994,165.5846750214427,99.74892607550056,-142.30650862912506,0.03512132167816162,0.37887775897979736,AC6,7.795258915132553,False,0.0,1.0,True,True,False,True,False,False,False,14.444438575713335,0.0,45.0,0.0,1.0,1.0,0.0
1160.0,KL001,1,89.95304120419725,2.0,14.656741475479073,-48.02781896513587,True,True,52.35290621210645,3.8939096276890868,162.99999999999994,165.5846750214427,101.0605222063231,-142.88586469531478,0.02381277084350586,0.3779716491699219,AC6,8.211928754649385,False,0.0,1.0,True,True,False,True,False,False,False,15.220427614384933,0.0,45.0,0.0,1.0,1.0,0.0
1170.0,KL001,1,91.39347522237814,2.0,14.656741475479024,-48.0278189651359,True,True,52.367250340485896,3.900459504731316,162.99999999999994,165.5846750214427,102.38218500754748,-143.45032074742477,0.012443065643310547,0.37717652320861816,AC6,8.63935655196655,False,0.0,1.0,True,True,False,True,False,False,False,16.016858372911177,0.0,45.0,0.0,1.0,1.0,0.0
1180.0,KL001,1,92.84105567790323,2.0,14.656741475479066,-48.02781896513589,True,True,52.381594468865345,3.9070115089514905,162.99999999999994,165.5846750214427,103.71352965474209,-144.00033893488057,0.0010020732879638672,0.3764503002166748,AC6,9.076012285810952,False,-5.000000000000002,1.0,True,True,False,True,False,False,False,16.830884127008,0.0,45.0,0.0,1.0,1.0,0.0
1190.0,KL001,1,94.351720299474,2.0,14.656741475479059,-48.02781896513588,True,True,52.39620299403616,3.911721565487129,162.99999999999994,165.5846750214427,105.12483550233205,-149.4770982686271,-0.44867193698883057,0.36750268936157227,AC6,9.496834310267852,False,0.0,1.0,True,True,False,True,False,False,False,17.615201387797757,0.0,45.0,-6.730078160762787,1.0,1.0,0.0
1200.0,KL001,1,95.87368198965615,2.0,14.656741475479045,-48.02781896513588,True,True,52.41084115516803,3.9162037697771597,162.99999999999994,165.5846750214427,106.55157143187847,-149.93382387844886,-0.4560734033584595,0.3682718276977539,AC6,9.918353069463624,False,0.0,1.0,True,True,False,True,False,False,False,18.401071234871548,0.0,45.0,-6.8411001563072205,1.0,1.0,0.0
1210.0,KL001,1,97.39997045387575,2.0,14.656741475479038,-48.027818965135886,True,True,52.4254793162999,3.9206874619197913,162.99999999999994,165.5846750214427,107.98489804829099,-150.37845363007585,-0.4637121558189392,0.3689388036727905,AC6,10.343046035355686,False,0.0,1.0,True,True,False,True,False,False,False,19.19318107729115,0.0,45.0,-6.9556814432144165,1.0,1.0,0.0
1220.0,KL001,1,98.93038636245204,2.0,14.656741475479079,-48.02781896513588,True,True,52.44011747743177,3.9251726431959826,162.99999999999994,165.5846750214427,109.42455637417544,-150.81141034106653,-0.4727628231048584,0.3697664737701416,AC6,10.770532556435091,False,-5.000000000000002,1.0,True,True,False,True,False,False,False,19.990823797440843,0.0,45.0,-7.091441452503204,1.0,1.0,0.0
1230.0,KL001,1,100.50772568340221,2.0,14.656741475479073,-48.02781896513588,True,True,52.4549209430939,3.9277819897834094,162.99999999999994,165.5846750214427,110.92793066909357,-156.17300216921637,-0.46339476108551025,0.36381828784942627,AC6,11.167367799233045,False,0.0,1.0,True,True,False,True,False,False,False,20.73099330894225,0.0,45.0,-6.950920522212982,1.0,1.0,0.0
1240.0,KL001,1,3.588830876624398,3.0,-5.209797011521596,48.634944341031726,True,True,52.46974173173327,3.93015912934512,162.99999999999994,165.5846750214427,112.44234018844058,-156.51747650237863,-0.4484851360321045,0.37240779399871826,AC6,11.56075411329134,False,-45.0,1.0,False,False,False,False,False,False,False,20.953885182318892,0.0,-45.0,0.0,1.0,1.0,0.0
1250.0,KL001,1,5.220988444355095,3.0,-5.209797011521597,48.634944341031726,True,True,52.48456428975697,3.9288318012255643,162.99999999999994,165.5846750214427,114.03771011290276,-172.55455260356052,-0.30211567878723145,0.17967069149017334,AC6,11.8729975432128,False,-45.0,1.0,False,False,False,False,False,False,False,17.966984825578383,0.0,-45.0,0.0,1.0,1.0,0.0
1260.0,KL001,1,6.772986925149358,3.0,-5.209797011521596,48.634944341031726,True,True,52.49860477818428,3.9209163281381145,162.99999999999994,165.5846750214427,115.68811924358388,171.6403810551044,-0.251639723777771,0.13075029850006104,AC6,12.004491308880105,False,-45.0,1.0,False,False,False,False,False,False,False,14.466218686549455,0.0,-45.0,0.0,1.0,1.0,0.0
1270.0,KL001,1,8.206308191501412,3.0,-5.209797011521598,48.634944341031726,True,True,52.51079913639389,3.907008885952013,162.99999999999994,165.5846750214427,117.26889955342368,156.05646616321803,-0.15245270729064941,0.053522586822509766,AC6,11.9226961279692,False,-45.0,1.0,False,False,False,False,False,False,False,10.543850890709354,0.0,-45.0,0.0,1.0,1.0,0.0
1280.0,KL001,2,113.05015466375633,3.0,14.613042157354482,-53.028906409107115,True,True,52.520223213033105,3.8881612074534844,162.99999999999994,165.5846750214427,118.66549253382469,140.66808566878558,-0.09088480472564697,0.06879281997680664,AC6,11.610644472257544,False,-20.0,1.0,True,False,False,False,True,False,False,11.189518226489445,0.0,-45.0,0.0,1.0,1.0,0.0
1290.0,KL001,2,114.00672501943292,3.0,14.61304215735449,-53.0289064091071,True,True,52.52616280297326,3.8658012089126736,162.99999999999994,165.5846750214427,119.78038256212665,125.43870107487993,-0.07829856872558594,0.1407996416091919,AC6,11.064594127385416,False,0.0,1.0,True,False,False,False,True,False,False,11.317146205632946,0.0,-45.0,0.0,1.0,1.0,0.0
1300.0,KL001,2,114.81000629661418,3.0,14.613042157354469,-53.0289064091071,True,True,52.530383491687914,3.8423273354316128,162.99999999999994,165.5846750214427,120.75357899610218,126.08624662900286,-0.07891780138015747,0.1413869857788086,AC6,10.421323626032096,False,0.0,1.0,True,False,False,False,True,False,False,10.684337574146113,0.0,-45.0,0.0,1.0,1.0,0.0
1310.0,KL001,2,115.63194993992029,3.0,14.61304215735446,-53.02890640910711,True,True,52.53460418040257,3.818851205810354,162.99999999999994,165.5846750214427,121.7419525968156,126.72335938379524,-0.07947748899459839,0.14227557182312012,AC6,9.791794665201506,False,5.000000000000002,1.0,True,False,False,False,True,False,False,11.290164381054229,0.0,-45.0,0.0,1.0,1.0,0.0
1320.0,KL001,2,116.57974896246517,3.0,14.61304215735446,-53.02890640910712,True,True,52.539919079582845,3.795985846313833,162.99999999999994,165.5846750214427,122.84369772845827,132.31139378562852,-0.07647573947906494,0.11507666110992432,AC6,9.247867196621435,False,0.0,1.0,True,False,False,False,True,False,False,11.019606269863125,0.0,-45.0,0.0,1.0,1.0,0.0
1330.0,KL001,2,117.55675677011953,3.0,14.613042157354478,-53.02890640910711,True,True,52.54536835481585,3.773198472747168,162.99999999999994,165.5846750214427,123.97001969654244,132.88398726271691,-0.10729068517684937,0.12955796718597412,AC6,8.733015375912249,False,0.0,1.0,True,False,False,False,True,False,False,10.873326657660876,0.0,-45.0,0.0,1.0,1.0,0.0
1340.0,KL001,2,118.54935853045865,3.0,14.613042157354464,-53.02890640910711,True,True,52.550817630048854,3.750408269917398,162.99999999999994,165.5846750214427,125.1085005677541,133.44621639818365,-0.10818701982498169,0.1306912899017334,AC6,8.242507509521241,False,0.0,1.0,True,False,False,False,True,False,False,10.858603639914328,0.0,-45.0,0.0,1.0,1.0,0.0
1350.0,KL001,2,119.55717343591833,3.0,14.613042157354474,-53.02890640910711,True,True,52.55626690528186,3.727615236915678,162.99999999999994,165.5846750214427,126.25881156578158,133.998254724724,-0.10910892486572266,0.131972074508667,AC6,7.780894197004104,False,0.0,1.0,True,False,False,False,True,False,False,10.865313898341594,0.0,-45.0,0.0,1.0,1.0,0.0
1360.0,KL001,2,120.57982755889473,3.0,14.613042157354474,-53.02890640910711,True,True,52.561716180514864,3.704819372832773,162.99999999999994,165.5846750214427,127.42063243050474,134.54027711079038,-0.11006426811218262,0.13339900970458984,AC6,7.3535610526245785,False,0.0,1.0,True,False,False,False,True,False,False,10.872078148391157,0.0,-45.0,0.0,1.0,1.0,0.0
1370.0,KL001,2,121.61695402878871,3.0,14.613042157354464,-53.02890640910711,True,True,52.56716545574787,3.682020676759058,162.99999999999994,165.5846750214427,128.59365132784563,135.0724593091217,-0.11085939407348633,0.1351151466369629,AC6,6.96675793147131,False,-5.000000000000002,1.0,True,False,False,False,True,False,False,10.356358059673846,0.0,-45.0,0.0,1.0,1.0,0.0
1380.0,KL001,2,122.56594181255359,3.0,14.613042157354492,-53.028906409107094,True,True,52.57152235074973,3.658596900989621,162.99999999999994,165.5846750214427,129.6844058401538,130.63433820382306,-0.11023831367492676,0.16243648529052734,AC6,6.561516870500111,False,0.0,1.0,True,False,False,False,True,False,False,10.350991620704722,0.0,-45.0,0.0,1.0,1.0,0.0
1390.0,KL001,2,123.51761808772156,3.0,14.613042157354492,-53.02890640910711,True,True,52.575743039464385,3.6350987514548527,162.99999999999994,165.5846750214427,130.7757633426995,131.19156251719664,-0.11094021797180176,0.16443967819213867,AC6,6.20833095871876,False,0.0,1.0,True,False,False,False,True,False,False,10.359197467598563,0.0,-45.0,0.0,1.0,1.0,0.0
1400.0,KL001,2,124.4845976548063,3.0,14.613042157354482,-53.028906409107094,True,True,52.57996372817904,3.6115983397394844,162.99999999999994,165.5846750214427,131.87928589219624,131.73951374229068,-0.11171948909759521,0.1665809154510498,AC6,5.926354805246532,False,0.0,1.0,True,False,False,False,True,False,False,10.367451284273173,0.0,-45.0,0.0,1.0,1.0,0.0
1410.0,KL001,2,125.46653264600624,3.0,14.613042157354453,-53.02890640910711,True,True,52.58418441689369,3.588095665280361,162.99999999999994,165.5846750214427,132.99467077937385,132.27832370284983,-0.11258333921432495,0.16885828971862793,AC6,5.726035884170789,False,0.0,1.0,True,False,False,False,True,False,False,10.375753050503025,0.0,-45.0,0.0,1.0,1.0,0.0
1420.0,KL001,2,126.4630806111827,3.0,14.613042157354464,-53.02890640910711,True,True,52.588405105608345,3.5645907275141404,162.99999999999994,165.5846750214427,134.12162216332408,132.80812632923192,-0.11353862285614014,0.17127013206481934,AC6,5.6160350368205965,False,-5.000000000000002,1.0,True,False,False,False,True,False,False,10.324035012070029,0.0,-45.0,0.0,1.0,1.0,0.0
1430.0,KL001,2,127.36917958264148,3.0,14.613042157354474,-53.028906409107094,True,True,52.591504593780925,3.5406200919319746,162.99999999999994,165.5846750214427,135.16332722613373,128.3652120698323,-0.1151697039604187,0.20407509803771973,AC6,5.554746301558836,False,-10.000000000000004,1.0,True,False,False,False,True,False,False,10.290590895293937,0.0,-45.0,0.0,1.0,1.0,0.0
1440.0,KL001,2,128.09315682715555,3.0,14.613042157354414,-53.02890640910712,True,True,52.59257848577646,3.51620490994809,162.99999999999994,165.5846750214427,136.03241410108072,118.96930698565717,-0.14800262451171875,0.2772512435913086,AC6,5.525225304405707,False,0.0,1.0,True,False,False,False,True,False,False,10.285756006013887,0.0,-45.0,0.0,1.0,1.0,0.0
1450.0,KL001,2,128.76606638849702,3.0,14.613042157354478,-53.02890640910711,True,True,52.5929592334561,3.4916993766045574,162.99999999999994,165.5846750214427,136.8515744898387,119.5833175978346,-0.14827507734298706,0.2792450189590454,AC6,5.60938151400889,False,5.000000000000002,1.0,True,False,False,False,True,False,False,10.464357754280206,0.0,-45.0,0.0,1.0,1.0,0.0
1460.0,KL001,2,129.57158722425535,3.0,14.613042157354457,-53.02890640910712,True,True,52.59449345828341,3.4673202802745893,162.99999999999994,165.5846750214427,137.79418531433066,125.16085194787411,-0.13077229261398315,0.24641072750091553,AC6,5.86370328171511,False,5.000000000000002,1.0,True,False,False,False,True,False,False,10.815189563075394,0.0,-45.0,0.0,1.0,1.0,0.0
1470.0,KL001,2,130.51567528245113,3.0,14.613042157354457,-53.02890640910712,True,True,52.597312568178445,3.443252846304698,162.99999999999994,165.5846750214427,138.86434867001788,130.6936213809671,-0.01972043514251709,0.3226807117462158,AC6,6.245005495208695,False,5.000000000000002,1.0,True,False,False,False,True,False,False,11.169566150062392,0.0,-45.0,0.0,1.0,1.0,0.0
1480.0,KL001,2,131.58824158252585,3.0,14.61304215735447,-53.02890640910711,True,True,52.60139510801271,3.4196795988137243,162.99999999999994,165.5846750214427,140.05102946102213,136.17728809100038,-0.0193023681640625,0.305908203125,AC6,6.7057835464438105,False,0.0,1.0,True,False,False,False,True,False,False,10.502574376303283,0.0,-45.0,0.0,1.0,1.0,0.0
1490.0,KL001,2,132.68550910471734,3.0,14.6130421573545,-53.028906409107094,True,True,52.60561579672736,3.3961654261301706,162.99999999999994,165.5846750214427,141.2586405552375,136.6481547290241,0.0747683048248291,0.22474455833435059,AC6,7.213137239952035,False,5.000000000000002,1.0,True,False,False,False,True,False,False,11.001296036554573,0.0,-45.0,1.1215254664421082,1.0,1.0,0.0
1500.0,KL001,2,133.88657198517083,3.0,14.61304215735447,-53.02890640910711,True,True,52.61093069590764,3.3732630069403973,162.99999999999994,165.5846750214427,142.55849164979773,142.0712599323188,0.08509743213653564,0.2012484073638916,AC6,7.746323477500507,False,0.0,1.0,True,False,False,False,True,False,False,10.576660100629827,0.0,-45.0,1.276460587978363,1.0,1.0,0.0
1510.0,KL001,2,135.1088047349586,3.0,14.61304215735445,-53.02890640910712,True,True,52.616379971140645,3.3504386927908003,162.99999999999994,165.5846750214427,143.8758760391309,142.4817064000373,0.08558046817779541,0.2046492099761963,AC6,8.299561792045287,False,5.000000000000002,1.0,True,False,False,False,True,False,False,11.172316656525101,0.0,-45.0,1.2837079167366028,1.0,1.0,0.0
1520.0,KL001,2,136.42265101127887,3.0,14.613042157354393,-53.028906409107165,True,True,52.6228867800749,3.3283804849975382,162.99999999999994,165.5846750214427,145.27303203889429,147.84251524241012,0.08106434345245361,0.19225239753723145,AC10,8.139850175556225,False,0.0,1.0,True,False,False,False,True,False,False,10.947667488209424,0.0,-45.0,1.2159660458564758,1.0,1.0,0.0
1530.0,KL001,2,137.75416969657005,3.0,14.613042157354492,-53.02890640910711,True,True,52.62952316955133,3.306418894723823,162.99999999999994,165.5846750214427,146.68444675565993,148.1911720329863,0.08123135566711426,0.19549429416656494,AC10,7.803009043866967,False,0.0,1.0,True,False,False,False,True,False,False,10.779572901340366,0.0,-45.0,1.2184712290763855,1.0,1.0,0.0
1540.0,KL001,2,139.09318491882257,3.0,14.613042157354464,-53.02890640910711,True,True,52.63615955902775,3.284453973525994,162.99999999999994,165.5846750214427,148.10119180552033,148.53317216534379,0.08133244514465332,0.1988358497619629,AC10,7.4830965026333,False,0.0,1.0,True,False,False,False,True,False,False,10.686827194558788,0.0,-45.0,1.2199866771697998,1.0,1.0,0.0
1550.0,KL001,2,140.43948960785534,3.0,14.613042157354457,-53.028906409107094,True,True,52.64279594850418,3.2624857200987245,162.99999999999994,165.5846750214427,149.52311581415242,148.86868081897762,0.08136606216430664,0.2022719383239746,AC10,7.182327307887865,False,0.0,1.0,True,False,False,False,True,False,False,10.669627357837296,0.0,-45.0,1.2204909324645996,1.0,1.0,0.0
1560.0,KL001,2,141.79288341697944,3.0,14.613042157354464,-53.02890640910711,True,True,52.649432337980606,3.240514133136005,162.99999999999994,165.5846750214427,150.9500725682605,149.19785874271065,0.0813302993774414,0.2057969570159912,AC10,6.903154516696178,False,0.0,1.0,True,False,False,False,True,False,False,10.676676924547442,0.0,-45.0,1.219954490661621,1.0,1.0,0.0
1570.0,KL001,2,143.15317250750482,3.0,14.613042157354478,-53.028906409107094,True,True,52.65606872745703,3.2185392113311417,162.99999999999994,165.5846750214427,152.38192082378748,149.52086234752107,0.08122336864471436,0.2094055414199829,AC10,6.648247791351305,False,0.0,1.0,True,False,False,False,True,False,False,10.68375821857689,0.0,-45.0,1.2183505296707153,1.0,1.0,0.0
1580.0,KL001,2,144.52016933784282,3.0,14.613042157354492,-53.02890640910711,True,True,52.66270511693346,3.196560953376755,162.99999999999994,165.5846750214427,153.81852412101722,149.83784380124132,0.08331680297851562,0.21206927299499512,AC10,6.420444691678715,False,-5.000000000000002,1.0,True,False,False,False,True,False,False,10.27821650375762,0.0,-45.0,1.2497511506080627,1.0,1.0,0.0
1590.0,KL001,2,145.8172696921728,3.0,14.613042157354457,-53.02890640910712,True,True,52.668286260162894,3.173801107445283,162.99999999999994,165.5846750214427,155.192206518642,145.18962504383836,0.0749744176864624,0.2335493564605713,AC10,6.166020853355653,False,0.0,1.0,True,False,False,False,True,False,False,10.276459741474655,0.0,-45.0,1.1246153712272644,1.0,1.0,0.0
1600.0,KL001,2,147.1124801137206,3.0,14.613042157354442,-53.02890640910711,True,True,52.6737355353959,3.1509468434424157,162.99999999999994,165.5846750214427,156.56306795100699,145.5401624416284,0.07559311389923096,0.23590922355651855,AC10,5.944507273098691,False,0.0,1.0,True,False,False,False,True,False,False,10.284905508063398,0.0,-45.0,1.1338958144187927,1.0,1.0,0.0
1610.0,KL001,2,148.4154267539277,3.0,14.613042157354435,-53.028906409107094,True,True,52.679184810628904,3.1280897286629945,162.99999999999994,165.5846750214427,157.939689914371,145.88460305547096,0.07600951194763184,0.23837852478027344,AC10,5.76794256584173,False,0.0,1.0,True,False,False,False,True,False,False,10.293381392752458,0.0,-45.0,1.1401426792144775,1.0,1.0,0.0
1620.0,KL001,2,149.72591378859434,3.0,14.613042157354442,-53.02890640910712,True,True,52.68463408586191,3.105229762188929,162.99999999999994,165.5846750214427,159.32192320960255,146.22308033618356,0.0762256383895874,0.2409496307373047,AC10,5.640478016356063,False,0.0,1.0,True,True,False,True,True,False,False,10.301887298687983,0.0,-45.0,1.1433854699134827,1.0,1.0,0.0
1630.0,KL001,2,151.04375104383905,3.0,14.613042157354485,-53.028906409107094,True,True,52.69008336109491,3.0823669431017326,162.99999999999994,165.5846750214427,160.7096231728213,146.55572481854108,0.07625555992126465,0.24361085891723633,AC10,5.565415891403185,False,0.0,1.0,True,True,False,True,True,False,False,10.310423128782913,0.0,-45.0,1.1438333988189697,1.0,1.0,0.0
1640.0,KL001,2,152.36875384607737,3.0,14.613042157354414,-53.02890640910715,True,True,52.69553263632792,3.059501270482526,162.99999999999994,165.5846750214427,162.10264953148106,146.88266414993882,0.07609736919403076,0.24635577201843262,AC10,5.544812141493331,False,0.0,1.0,True,True,False,True,True,False,False,10.320925301633991,0.0,-45.0,1.1414596438407898,1.0,1.0,0.0
1650.0,KL001,2,153.70074287346222,3.0,14.613042157354485,-53.028906409107066,True,True,52.70098191156092,3.0366327434120333,162.99999999999994,165.5846750214427,163.50086626434174,147.20402312275434,0.07575321197509766,0.2491767406463623,AC10,5.579197972401735,False,5.000000000000002,1.0,True,True,False,True,False,False,False,10.401117679981846,0.0,-45.0,1.1362990736961365,1.0,1.0,0.0
1660.0,KL001,2,155.11136765663653,3.0,14.613042157354485,-53.02890640910711,True,True,52.70748872049518,3.0145317974843606,162.99999999999994,165.5846750214427,164.96760296898523,152.4807888336735,0.08513486385345459,0.2319340705871582,AC10,5.687960034932348,False,5.000000000000002,1.0,True,True,False,True,False,False,False,10.618741603917753,0.0,-45.0,1.2770238518714905,1.0,1.0,0.0
1670.0,KL001,2,156.59750604193184,3.0,14.61304215735447,-53.02890640910711,True,True,52.71513791843854,2.99344743884779,162.99999999999994,165.5846750214427,166.49860204264922,157.70713190082188,0.09492373466491699,0.21812176704406738,AC10,5.848019486183815,False,5.000000000000002,1.0,True,True,False,True,False,False,False,10.9302145681487,0.0,-45.0,1.4238560199737549,1.0,1.0,0.0
1680.0,KL001,2,158.14583025350007,3.0,14.613042157354442,-53.02890640910714,True,True,52.72387129037594,2.973539984150636,162.99999999999994,165.5846750214427,168.0805329438293,162.88249186976856,0.09661495685577393,0.20535802841186523,AC10,6.034657264355965,False,5.000000000000002,1.0,True,True,False,True,False,False,False,11.289330231329302,0.0,-45.0,1.4492243528366089,1.0,1.0,0.0
1690.0,KL001,2,159.74285950332805,3.0,14.613042157354442,-53.028906409107094,True,True,52.73362237007357,2.954960968309043,162.99999999999994,165.5846750214427,169.7000200975855,168.00683272756305,0.10044944286346436,0.19184613227844238,AC10,6.2275014757170615,False,0.0,1.0,True,True,False,True,False,False,False,11.658098570348749,0.0,-45.0,1.5067416429519653,1.0,1.0,0.0
1700.0,KL001,2,161.34611343886442,3.0,14.613042157354428,-53.02890640910714,True,True,52.74348290984408,2.9365299397809927,162.99999999999994,165.5846750214427,171.32378184141373,168.12357317420947,0.10046577453613281,0.194321870803833,AC10,6.426309419497578,False,0.0,1.0,True,True,False,True,False,False,False,12.037922566529998,0.0,-45.0,1.5069857239723206,1.0,1.0,0.0
1710.0,KL001,2,162.95087288666898,3.0,14.6130421573545,-53.02890640910712,True,True,52.7533434496146,2.9180947403526805,162.99999999999994,165.5846750214427,172.94824477852893,168.2381225294099,0.10045826435089111,0.19681239128112793,AC10,6.631299865638058,False,0.0,1.0,True,True,False,True,False,False,False,12.429432882369376,0.0,-45.0,1.506873071193695,1.0,1.0,0.0
1720.0,KL001,2,164.5571004532008,3.0,14.613042157354485,-53.028906409107094,True,True,52.76320398938511,2.899655367589686,162.99999999999994,165.5846750214427,174.5733894792619,168.35054106145014,0.1004263162612915,0.19931530952453613,AC10,6.841893484864622,False,0.0,1.0,True,True,False,True,False,False,False,12.831545677797479,0.0,-45.0,1.5063956379890442,1.0,1.0,0.0
1730.0,KL001,2,166.16476015779082,3.0,14.61304215735447,-53.02890640910711,True,True,52.773064529155626,2.8812118190556903,162.99999999999994,165.5846750214427,176.19919722397586,168.46088688140924,0.10036909580230713,0.2018272876739502,AC10,7.057565786463757,False,-5.000000000000002,1.0,True,True,False,True,False,False,False,13.243281439329015,0.0,-45.0,1.5055373311042786,1.0,1.0,0.0
1740.0,KL001,2,167.73608161806166,3.0,14.613042157354442,-53.028906409107094,True,True,52.78202797755988,2.861558843142794,162.99999999999994,165.5846750214427,177.79640459643974,163.61002330357883,0.10495400428771973,0.21725153923034668,AC10,7.296059477037612,False,5.000000000000002,1.0,True,True,False,True,False,False,False,13.699425255971121,0.0,-45.0,1.5743091702461243,1.0,1.0,0.0
1750.0,KL001,1,86.75952791739577,3.0,-31.078116830064786,15.76253339511905,True,True,52.79177905725751,2.8429550035633575,162.99999999999994,165.5846750214427,179.4203898335617,168.72105962244814,0.09892511367797852,0.2072768211364746,AC10,7.524690995365652,False,-5.000000000000002,1.0,True,True,False,True,False,False,False,14.13581349815294,0.0,-45.0,1.483875811100006,1.0,1.0,0.0
1760.0,KL001,1,166.81057111805606,2.0,14.656741475479095,-48.02781896513588,True,True,52.80074250566176,2.823293572630164,162.99999999999994,165.5846750214427,181.01967185234054,163.8652520269149,0.10779953002929688,0.22014284133911133,AC10,7.776440257335006,False,0.0,1.0,True,True,False,True,False,False,False,14.61688029307229,0.0,-45.0,1.6169938445091248,1.0,1.0,0.0
1770.0,KL001,1,164.34486502624887,1.0,14.700440793603661,-43.02673152116466,True,True,52.809592952563904,2.803482958113952,162.99999999999994,165.5846750214427,182.61624001873295,164.0118197278589,0.10929811000823975,0.22100019454956055,AC10,8.037524339860711,False,-43.360529243946075,1.0,False,False,False,False,False,False,False,15.115632794108643,0.0,-45.0,1.6394707560539246,1.0,1.0,0.0
1780.0,KL001,1,161.86182021532508,0.0,14.744140111728228,-38.02564407719346,False,True,52.81650763187357,2.78174963698291,162.99999999999994,165.5846750214427,184.12532201493747,148.40637786835646,0.09046971797943115,0.27996623516082764,AC10,8.338109072694548,False,-43.642955124378204,1.0,False,False,False,False,False,False,False,15.690809149321193,0.0,-45.0,1.3570448756217957,1.0,1.0,0.0
1790.0,KL001,1,163.13328452789466,0.0,14.744140111728242,-38.02564407719345,False,True,52.819578552831544,2.757717744277921,162.99999999999994,165.5846750214427,185.39990650308226,132.91800994239532,-0.0021889805793762207,0.38076961040496826,AC10,8.68146337512939,False,-45.0,1.0,False,False,False,False,False,False,False,16.349048850408163,0.0,-45.0,0.0,1.0,1.0,0.0
1800.0,KL001,1,7.853466084483565,3.0,-83.6074132477078,98.19407283088671,True,True,52.81857298521056,2.7332104592609876,162.99999999999994,165.5846750214427,186.3492949313096,117.52074611732496,0.07103478908538818,0.4158017635345459,AC10,9.04489783435867,False,45.0,1.0,False,False,False,False,False,False,False,17.044687810172025,0.0,45.0,0.0,1.0,1.0,0.0
1810.0,KL001,1,8.701916843097246,3.0,-83.6074132477078,98.19407283088671,True,True,52.81797676696237,2.7086673969195143,162.99999999999994,165.5846750214427,187.34549908976473,133.757352733439,0.20807504653930664,0.32072150707244873,AC10,9.477615833361487,False,45.0,1.0,False,False,False,False,False,False,False,17.866745693468555,0.0,45.0,0.0,1.0,1.0,0.0
1820.0,KL001,1,9.40135252038178,3.0,-83.6074132477078,98.19407283088671,True,True,52.821447557327204,2.6847844370301686,162.99999999999994,165.5846750214427,188.66935624254648,149.8906420872854,0.24651944637298584,0.22875022888183594,AC10,9.93749487652259,False,45.0,1.0,False,False,False,False,False,False,False,18.737593182428327,0.0,45.0,0.0,1.0,1.0,0.0
1830.0,KL001,1,9.93321375100651,3.0,-83.6074132477078,98.19407283088671,True,True,52.82872232191199,2.663369753059877,162.99999999999994,165.5846750214427,190.21464125207697,165.89813981611064,0.17201745510101318,0.17625772953033447,AC10,10.32036578215999,False,45.0,1.0,False,False,False,False,False,False,False,17.046578350255658,0.0,45.0,0.0,1.0,1.0,0.0
1840.0,KL001,1,10.282301975956381,3.0,-83.6074132477078,98.19407283088671,True,True,52.83924974153977,2.6460457181281005,162.99999999999994,165.5846750214427,191.86014000709417,-178.23145984328323,-0.018230080604553223,0.17768990993499756,AC10,10.552311640112435,False,44.7265487909317,1.0,False,False,False,False,False,False,False,13.724821782607979,0.0,45.0,-0.27345120906829834,1.0,1.0,0.0
1850.0,KL001,1,10.437356834090554,3.0,-83.6074132477078,98.19407283088671,True,True,52.85223199406015,2.6341264599770193,162.99999999999994,165.5846750214427,193.47998432541,-162.49832206873117,-0.33244574069976807,0.23713159561157227,AC10,10.584883113980219,False,40.01331478357315,1.0,False,False,False,False,False,False,False,10.719516911115496,0.0,45.0,-4.986685216426849,1.0,1.0,0.0
1860.0,KL001,1,10.391761215820795,3.0,-83.6074132477078,98.19407283088671,True,True,52.86668521742629,2.6285182531934703,162.99999999999994,165.5846750214427,194.95340407316093,-146.8925007143506,-0.6211991310119629,0.3927280902862549,AC10,10.389845368403995,False,20.0,1.0,True,False,False,False,True,False,False,10.479900959008013,0.0,45.0,-9.317986071109772,1.0,1.0,0.0
1870.0,KL001,1,10.14421063142809,3.0,-83.6074132477078,98.19407283088671,True,True,52.88151407183474,2.6296503012237205,162.99999999999994,165.5846750214427,196.1731733286297,-131.39557176465712,-0.7074826955795288,0.3769571781158447,AC10,9.955330101842579,False,0.0,1.0,True,False,False,False,True,False,False,10.558433502360229,0.0,45.0,-10.612240433692932,1.0,1.0,0.0
1880.0,KL001,1,9.95280556211241,3.0,-83.6074132477078,98.19407283088671,True,True,52.896190011553266,2.6338334730158652,162.99999999999994,165.5846750214427,197.2566206678028,-131.76197205149208,-0.639258861541748,0.4018585681915283,AC10,9.415912569235159,False,-5.000000000000002,1.0,True,False,False,False,True,False,False,10.99556710047465,0.0,45.0,-9.588883817195892,1.0,1.0,0.0
1890.0,KL001,1,10.16357730831951,3.0,-83.6074132477078,98.19407283088671,True,True,52.91101479931579,2.6361172898405134,162.99999999999994,165.5846750214427,198.44090617049824,-137.0979319861631,-0.606157660484314,0.4061124324798584,AC10,8.952522456972938,False,0.0,1.0,True,False,False,False,True,False,False,10.42785339205248,0.0,45.0,-9.092364013195038,1.0,1.0,0.0
1900.0,KL001,1,10.64601678564793,3.0,-83.6074132477078,98.19407283088671,True,True,52.92585486755963,2.638165968352698,162.99999999999994,165.5846750214427,199.64311462415398,-137.42655485113846,-0.6540525555610657,0.4067554473876953,AC10,8.505814057423043,False,-5.000000000000002,1.0,True,False,False,False,True,False,False,10.99286402158649,0.0,45.0,-9.810788333415985,1.0,1.0,0.0
1910.0,KL001,1,11.463374054646193,3.0,-83.6074132477078,98.19407283088671,True,True,52.94074329943217,2.6382989809949993,162.99999999999994,165.5846750214427,200.93550843534672,-142.72264903189324,-0.5828794836997986,0.4124619960784912,AC10,8.137560084466998,False,0.0,1.0,True,False,False,False,True,False,False,10.624787992024412,0.0,45.0,-8.743191361427307,1.0,1.0,0.0
1920.0,KL001,1,12.460721874064586,3.0,-83.6074132477078,98.19407283088671,True,True,52.955634554321335,2.6381946447862457,162.99999999999994,165.5846750214427,202.2432274079034,-143.01135912314976,-0.5776124596595764,0.412017822265625,AC10,7.788153883179098,False,-45.0,-1.0,True,False,False,False,True,False,False,14.222789911772063,0.0,45.0,-8.664186894893646,1.0,1.0,0.0
1930.0,KL001,1,13.728198394008173,3.0,-83.6074132477078,98.19407283088671,True,True,52.97003004930475,2.6343818619045902,159.5698558018131,162.1073281443386,203.66428001936686,-159.34149653667214,-0.29129230976104736,0.2368481159210205,AC10,7.574774817864182,False,-45.0,-1.0,True,False,False,False,True,False,False,14.255053750817524,0.0,45.0,-4.369385540485382,1.0,1.0,0.0
1940.0,KL001,1,15.235110652210796,3.0,-83.6074132477078,98.19407283088671,True,True,52.982916360991204,2.6242335913627195,156.13972249447147,158.6295724986601,205.21392512352682,-175.89803717871462,-0.18901026248931885,0.17489588260650635,AC10,7.5704888403567026,False,-45.0,-1.0,True,True,True,True,True,True,True,14.306319731292575,0.0,45.0,-2.8351539373397827,1.0,1.0,0.0
1950.0,KL001,1,16.80047889825659,3.0,-83.6074132477078,98.19407283088671,True,True,52.993273777579454,2.6087201576487207,152.70960007794022,155.15141322269102,206.76046529426472,167.30491225236335,0.052283406257629395,0.17516839504241943,AC10,7.720936285183815,False,-44.21574890613556,1.0,False,False,False,False,False,False,False,14.595440573550082,0.0,-45.0,0.7842510938644409,1.0,1.0,0.0
1960.0,KL001,1,18.346613404009208,3.0,-83.6074132477078,98.19407283088671,True,True,53.00061617329918,2.5885724252316185,156.1387418855176,158.6285782158581,208.23210289357147,150.9032657191384,0.0767061710357666,0.2445359230041504,AC10,7.999979954565465,False,-43.8494074344635,1.0,False,False,False,False,False,False,False,15.130812676165725,0.0,-45.0,1.150592565536499,1.0,1.0,0.0
1970.0,KL001,1,19.7800341710657,3.0,-83.6074132477078,98.19407283088671,True,True,53.0043229566551,2.5652993493124288,159.56787280543324,162.10531773777424,209.5160932963538,134.9678045055722,0.2784336805343628,0.3272053003311157,AC10,8.36993122507477,False,-40.82349479198456,1.0,False,False,False,False,False,False,False,15.839808323660947,0.0,-45.0,4.176505208015442,1.0,1.0,0.0
1980.0,KL001,1,21.02582400870158,3.0,-83.6074132477078,98.1940728308867,True,True,53.00401299736992,2.540711554966541,162.99699283772108,165.58162666250848,210.50983849355276,119.46302057661376,0.08849310874938965,0.4341038465499878,AC10,8.802496604452474,False,-43.67260426282883,1.0,False,False,False,False,False,False,False,16.665705418405057,0.0,-45.0,1.327395737171173,1.0,1.0,0.0
1990.0,KL001,1,22.00880901756638,3.0,-83.6074132477078,98.19407283088671,True,True,52.99967089569647,2.5171229213050736,162.99999999999994,165.5846750214427,211.1213006103142,104.06584750781474,-0.12514525651931763,0.5711524486541748,AC10,9.265856540895088,False,-45.0,1.0,False,False,False,False,False,False,False,17.543719177746116,0.0,-45.0,0.0,1.0,1.0,0.0
2000.0,KL001,1,22.68764659487529,3.0,-83.6074132477078,98.19407283088671,True,True,52.99162267341787,2.496398572619436,162.99999999999994,165.5846750214427,211.3042584182407,88.69582390565358,-0.2246406078338623,0.6169425249099731,AC10,9.749248549675272,False,-45.0,1.0,False,False,False,False,False,False,False,18.4486486065824,0.0,-45.0,0.0,1.0,1.0,0.0
2010.0,KL001,1,23.03728893855729,3.0,-83.6074132477078,98.19407283088671,True,True,52.980478266323935,2.4801092851281967,162.99999999999994,165.5846750214427,211.04589534650282,73.32135083665145,-0.32927006483078003,0.6462001800537109,AC10,10.24843309210016,False,-45.0,1.0,False,False,False,False,False,False,False,19.368594605732753,0.0,-45.0,0.0,1.0,1.0,0.0
2020.0,KL001,1,23.04435252879053,3.0,-83.6074132477078,98.19407283088671,True,True,52.967082255057115,2.4694878966996385,162.99999999999994,165.5846750214427,210.36410059875453,57.91108085775605,-0.42044007778167725,0.660981297492981,AC10,10.759645476174837,False,-45.0,1.0,False,False,False,False,False,False,False,20.294588779341968,0.0,-45.0,0.0,1.0,1.0,0.0
2030.0,KL001,1,22.707117072547614,3.0,-83.6074132477078,98.19407283088671,True,True,52.95244985843584,2.4653360210818422,162.99999999999994,165.5846750214427,209.30658460221525,42.43556906072172,-0.49459683895111084,0.6367700099945068,AC10,11.277251394440059,False,-45.0,1.0,False,False,False,False,False,False,False,21.216764241402142,0.0,-45.0,0.0,1.0,1.0,0.0
2040.0,KL001,1,22.035858171218162,3.0,-83.6074132477078,98.19407283088671,True,True,52.93768999493686,2.4679639428819495,162.99999999999994,165.5846750214427,207.94836099095428,26.868978855131843,-0.5423579812049866,0.5836286544799805,AC10,11.792470662977578,False,-45.0,1.0,False,False,False,False,False,False,False,22.121901465079418,0.0,-45.0,0.0,1.0,1.0,0.0
2050.0,KL001,1,21.053473323184154,3.0,-83.6074132477078,98.19407283088671,True,True,52.9239212431343,2.4771680549143156,162.99999999999994,165.5846750214427,206.38751639923123,11.190856114381802,-0.5609849691390991,0.49649977684020996,AC10,12.293110885877338,False,-45.0,1.0,False,False,False,False,False,False,False,22.99228390576353,0.0,-45.0,0.0,1.0,1.0,0.0
2060.0,KL001,1,19.79657682226766,3.0,-83.6074132477078,98.19407283088671,True,True,52.91218707004666,2.4922472639011928,162.99999999999994,165.5846750214427,204.73920987447494,-4.612088544431515,-0.4856075644493103,0.4843895435333252,AC10,12.764134397522966,False,-43.184002339839935,1.0,False,False,False,False,False,False,False,23.805758186687928,0.0,-35.89988976716995,-7.284112572669983,1.0,1.0,0.0
2070.0,KL001,1,18.31749077744315,3.0,-83.6074132477078,98.19407283088671,True,True,52.903376751824865,2.512056831705421,162.99999999999994,165.5846750214427,203.1279481144583,-20.544350008273057,-0.47470009326934814,0.4431266784667969,AC10,13.188823662923781,False,-29.542182683944702,1.0,False,False,False,False,False,False,False,24.53685196958974,0.0,-22.421680837869644,-7.120501846075058,1.0,1.0,0.0
2080.0,KL001,1,16.687859237351464,3.0,-83.6074132477078,98.19407283088671,True,True,52.8981579798195,2.535095362383121,162.99999999999994,165.5846750214427,201.67839076910874,-36.600417675845335,-0.4481191039085388,0.3733389377593994,AC10,13.55031631883688,False,-14.650390595197678,1.0,False,False,False,False,False,False,False,25.158764639065986,0.0,-7.928603813052177,-6.7217867821455,1.0,1.0,0.0
2090.0,KL001,1,15.004393934807293,3.0,-83.6074132477078,98.19407283088671,True,True,52.89689579155723,2.5596198378425137,162.99999999999994,165.5846750214427,200.5025934140079,-51.59085703872469,-0.49616265296936035,0.314591646194458,AC10,13.835090195994937,False,-0.6359166791662574,1.0,False,False,False,False,False,False,False,25.649277451821533,0.0,6.8065231293439865,-7.442439808510244,1.0,1.0,0.0
2100.0,KL001,1,13.331509304561225,3.0,-83.6074132477078,98.19407283088671,True,True,52.89736976654946,2.584292697516068,162.99999999999994,165.5846750214427,199.47548969783512,-52.6087161245502,-0.43417614698410034,0.35036802291870117,AC10,14.16497485150894,False,1.865333542227745,1.0,False,False,False,False,False,False,False,26.23442370081147,0.0,8.37797574698925,-6.512642204761505,1.0,1.0,0.0
2110.0,KL001,1,11.655301549524053,3.0,-83.6074132477078,98.19407283088671,True,True,52.8973663699138,2.608978158960831,162.99999999999994,165.5846750214427,198.41588509321878,-51.119689303612006,-0.42607206106185913,0.35042548179626465,AC10,14.657580656583967,False,1.0673316847532988,1.0,False,False,False,False,False,False,False,27.131610212041544,0.0,7.4584125727415085,-6.39108088798821,1.0,1.0,0.0
2120.0,KL001,1,9.978881266906786,3.0,-83.6074132477078,98.19407283088671,True,True,52.897078232282496,2.633658933650623,162.99999999999994,165.5846750214427,197.34058223165118,-50.42680914361898,-0.4240567684173584,0.35004711151123047,AC10,15.289390348820199,False,1.1134034860879183,1.0,False,False,False,False,False,False,False,28.296915996237658,0.0,7.4742550402879715,-6.360851554200053,1.0,1.0,0.0
2130.0,KL001,1,8.302844991312366,3.0,-83.6074132477078,98.19407283088671,True,True,52.89650084370395,2.658325512632894,162.99999999999994,165.5846750214427,196.24931918263053,-49.68584130225318,-0.42245543003082275,0.3497999906539917,AC10,16.046278089129146,False,1.3242535293102264,1.0,False,False,False,False,False,False,False,29.70321379757261,0.0,7.661084979772568,-6.336831450462341,1.0,1.0,0.0
2140.0,KL001,1,6.62746655119645,3.0,-83.6074132477078,98.19407283088671,True,True,52.8955797203171,2.682962948187265,162.99999999999994,165.5846750214427,195.13769100819417,-48.730743637158696,-0.3408092260360718,0.48332762718200684,AC10,16.91657866299089,False,2.854219414293766,1.0,False,False,False,False,False,False,False,31.32763983146662,0.0,7.966357916593552,-5.112138502299786,1.0,1.0,0.0
2150.0,KL001,1,4.949130183976377,3.0,-83.6074132477078,98.19407283088671,True,True,52.89395253319178,2.7074985591883034,162.99999999999994,165.5846750214427,193.97660764791672,-46.233984677290636,-0.3317360281944275,0.48397111892700195,AC10,17.906580050228765,False,1.963671874254942,1.0,False,False,False,False,False,False,False,33.18038411033008,0.0,6.939712241292,-4.976040367037058,1.0,1.0,0.0
2160.0,KL001,1,3.27166545627,3.0,-83.6074132477078,98.19407283088671,True,True,52.89179615725206,2.7319212195256695,162.99999999999994,165.5846750214427,192.7811900283179,-44.61956174135085,-0.32974886894226074,0.4848973751068115,AC10,18.991564140796026,False,2.6990450732409954,1.0,False,False,False,False,False,False,False,35.2143434510738,0.0,7.645278051495552,-4.946232978254557,1.0,1.0,0.0
2170.0,KL001,1,1.5990581647365392,3.0,-83.6074132477078,98.19407283088671,True,True,52.88896713706132,2.756152740799862,162.99999999999994,165.5846750214427,191.54128210588402,-42.25743726807244,-0.33236515522003174,0.48061978816986084,AC10,20.16637316294018,False,5.524365194141865,1.0,False,False,False,False,False,False,False,37.418661131106795,0.0,10.509842410683632,-4.985477216541767,1.0,1.0,0.0
2180.0,KL001,2,180.36017473121024,3.0,14.613042157354485,-53.02890640910712,True,True,52.884893558023464,2.779884337544071,162.99999999999994,165.5846750214427,190.21770231192502,-37.041046105909146,-0.32216882705688477,0.44486021995544434,AC10,21.447638846861754,False,35.635555386543274,1.0,False,False,False,False,False,False,False,39.82249548269338,0.0,40.46808868646622,-4.832533299922943,1.0,1.0,0.0
2190.0,KL001,2,178.94355968568755,3.0,14.6130421573545,-53.02890640910712,True,True,52.878551846863374,2.8021256629071285,162.99999999999994,165.5846750214427,188.7573284857824,-21.459428090579593,-0.3690391778945923,0.44976305961608887,AC10,22.865787583095177,False,19.39540073275566,1.0,False,False,False,False,False,False,False,42.479438905275956,0.0,24.93098795413971,-5.5355872213840485,1.0,1.0,0.0
2200.0,KL001,2,177.3469787593067,3.0,14.613042157354485,-53.028906409107094,True,True,52.86879071209296,2.8206552597553096,162.99999999999994,165.5846750214427,187.14346443707456,-5.749582686868365,-0.42669546604156494,0.4636061191558838,AC10,24.436354043372575,False,2.86300465464592,1.0,False,False,False,False,False,False,False,45.41370168648324,0.0,9.263436645269394,-6.400431990623474,1.0,1.0,0.0
2210.0,KL001,2,175.69207002441388,3.0,14.613042157354457,-53.02890640910712,True,True,52.85722324520361,2.836187821366728,162.99999999999994,165.5846750214427,185.4888177214769,-2.913965045960623,-0.43798506259918213,0.46294498443603516,AC10,26.067898851036734,False,-0.10232694447040558,1.0,False,False,False,False,False,False,False,48.456661405517806,0.0,6.467448994517326,-6.569775938987732,1.0,1.0,0.0
2220.0,KL001,2,174.0374409269319,3.0,14.613042157354442,-53.028906409107094,True,True,52.84565130759927,2.8517079785805195,162.99999999999994,165.5846750214427,183.8341492504037,-3.0439360421178776,-0.4369852542877197,0.45819997787475586,AC10,27.70293308942573,False,0.08296497340779752,1.0,False,False,False,False,False,False,False,51.506274520555024,0.0,6.637743785977364,-6.554778812569566,1.0,1.0,0.0
2230.0,KL001,2,172.38295375300768,3.0,14.613042157354442,-53.02890640910712,True,True,52.834065810644944,2.867196241217576,162.99999999999994,165.5846750214427,182.17942734154292,-2.988351348211779,-0.4811544418334961,0.41617488861083984,AC10,29.34105844169998,False,-0.5941459676250815,1.0,False,False,False,False,False,False,False,54.56173147058198,0.0,6.6231706738471985,-7.21731664147228,1.0,1.0,0.0
2240.0,KL001,2,170.73082166668146,3.0,14.613042157354442,-53.02890640910711,True,True,52.82257795193776,2.882878392399315,162.99999999999994,165.5846750214427,180.52555694451675,-3.615900821241837,-0.4777488708496094,0.41075849533081055,AC10,30.979475732529394,False,0.12650817981921136,1.0,False,False,False,False,False,False,False,57.618184291286575,0.0,7.292741239070892,-7.166233059251681,1.0,1.0,0.0
2250.0,KL001,2,169.07870570224497,3.0,14.613042157354442,-53.02890640910712,True,True,52.811069199795256,2.898514386932698,162.99999999999994,165.5846750214427,178.87156309326946,-3.5222260934962435,-0.477638840675354,0.4063781499862671,AC10,32.620436514593365,False,0.07722482085227966,1.0,False,False,False,False,False,False,False,60.67939517115844,0.0,7.24180743098259,-7.16458261013031,1.0,1.0,0.0
2260.0,KL001,2,167.4267743844862,3.0,14.613042157354457,-53.028906409107094,True,True,52.79954772117361,2.9141205668185397,162.99999999999994,165.5846750214427,177.2175192546897,-3.4777152722167273,-0.4502221345901489,0.417987585067749,AC10,34.26343030302429,False,0.48746755812317133,1.0,False,False,False,False,False,False,False,63.74442274343378,0.0,7.240799590945244,-6.7533320328220725,1.0,1.0,0.0
2270.0,KL001,2,165.77366735217413,3.0,14.613042157354457,-53.028906409107094,True,True,52.78794639296987,2.929559929813412,162.99999999999994,165.5846750214427,175.56288414950916,-3.018919115091137,-0.45193010568618774,0.41423749923706055,AC10,35.90944492894307,False,0.047145633143372834,1.0,False,False,False,False,False,False,False,66.81484441446342,0.0,6.826097220182419,-6.778951587039046,1.0,1.0,0.0
2280.0,KL001,2,164.12082905027125,3.0,14.613042157354442,-53.028906409107094,True,True,52.77633738652388,2.944979387455942,162.99999999999994,165.5846750214427,173.90823936244448,-3.000534235043716,-0.4514392614364624,0.4100109338760376,AC10,37.55683130654363,False,0.08103333238977939,1.0,False,False,False,False,False,False,False,69.8878371436687,0.0,6.852622255682945,-6.771588923293166,1.0,1.0,0.0
2290.0,KL001,2,162.46815246886203,3.0,14.613042157354414,-53.02890640910715,True,True,52.764715201178134,2.9603675778539738,162.99999999999994,165.5846750214427,172.25354449812383,-2.948023643057269,-0.46889036893844604,0.40175485610961914,AC6,39.15982179018848,False,-0.18751055002212524,1.0,False,False,False,False,False,False,False,72.50103824586742,0.0,6.845844984054565,-7.033355534076691,1.0,1.0,0.0
2300.0,KL001,2,160.816525100267,3.0,14.613042157354414,-53.02890640910711,True,True,52.753123547009906,2.9758144355944816,162.99999999999994,165.5846750214427,170.59913103907343,-3.1664521258230707,-0.4671105146408081,0.3973093032836914,AC6,40.390429837836194,False,0.10433167568407953,1.0,False,False,False,False,False,False,False,74.77000982286593,0.0,7.1109893918037415,-7.006657716119662,1.0,1.0,0.0
2310.0,KL001,2,159.1649935825158,3.0,14.61304215735447,-53.02890640910711,True,True,52.74151488982096,2.991222285851013,162.99999999999994,165.5846750214427,168.94463641937853,-3.0926070046161556,-0.46681737899780273,0.39310216903686523,AC6,41.64259344840959,False,0.08246786892414093,1.0,False,False,False,False,False,False,False,77.08078716308258,0.0,7.084728553891182,-7.002260684967041,1.0,1.0,0.0
2320.0,KL001,2,157.51363205365206,3.0,14.613042157354457,-53.02890640910711,True,True,52.7298928200089,3.006598419164675,162.99999999999994,165.5846750214427,167.29008935942676,-3.040400759895931,-0.4663785696029663,0.38889801502227783,AC6,42.9142180078102,False,0.08533313870429993,1.0,False,False,False,False,False,False,False,79.42932681112158,0.0,7.0810116827487946,-6.995678544044495,1.0,1.0,0.0
2330.0,KL001,2,155.86243236028656,3.0,14.613042157354442,-53.02890640910711,True,True,52.7182568969116,3.021941855678298,162.99999999999994,165.5846750214427,165.63548707335116,-2.9850686791713485,-0.4659269452095032,0.38471364974975586,AC6,44.2036673442561,False,0.08619725529570132,1.0,False,False,False,False,False,False,False,81.81244956429424,0.0,7.075101435184479,-6.988904179888777,1.0,1.0,0.0
2340.0,KL001,2,154.2113930288806,3.0,14.613042157354457,-53.02890640910711,True,True,52.70660700644886,3.037252284532935,162.99999999999994,165.5846750214427,163.98082934887134,-2.928595303413971,-0.4654555320739746,0.38054800033569336,AC6,45.509449243212565,False,0.08717849850654602,1.0,False,False,False,False,False,False,False,84.22725488834836,0.0,7.069011479616165,-6.981832981109619,1.0,1.0,0.0
2350.0,KL001,2,152.56051222532724,3.0,14.6130421573545,-53.028906409107094,True,True,52.69494301643978,3.05252935478005,162.99999999999994,165.5846750214427,162.3261159044617,-2.8708450081038848,-0.46496784687042236,0.3764016628265381,AC6,46.83022100603527,False,0.08811749168671668,1.0,False,False,False,False,False,False,False,86.6711307789608,0.0,7.062635198235512,-6.974517706548795,1.0,1.0,0.0
2360.0,KL001,2,150.90978828782758,3.0,14.61304215735447,-53.028906409107094,True,True,52.68326480246064,3.0677727288177654,162.99999999999994,165.5846750214427,160.67134658511955,-2.811841225416714,-0.46446728706359863,0.37227654457092285,AC6,48.16477208701823,False,0.0890189444180578,1.0,False,False,False,False,False,False,False,89.14172087314934,0.0,7.056028246879578,-6.96700930246152,1.0,1.0,0.0
2370.0,KL001,2,149.25921971446394,3.0,14.61304215735445,-53.02890640910714,True,True,52.671572247045944,3.0829820808560537,162.99999999999994,165.5846750214427,159.0165213567249,-2.751602291573704,-0.46395671367645264,0.36817407608032227,AC6,49.51201002595154,False,0.08989088237285614,1.0,False,False,False,False,False,False,False,91.63689761711507,0.0,7.049241587519646,-6.9593507051467896,1.0,1.0,0.0
2380.0,KL001,2,147.60880513952634,3.0,14.61304215735447,-53.02890640910708,True,True,52.659865238362514,3.0981570942581214,162.99999999999994,165.5846750214427,157.36164029726413,-2.6901380248361306,-0.4634387493133545,0.36409616470336914,AC6,50.87094787036253,False,0.09073824039660394,1.0,False,False,False,False,False,False,False,94.15473817711649,0.0,7.042319476604462,-6.951581236207858,1.0,1.0,0.0
2390.0,KL001,2,145.95854332007667,3.0,14.613042157354514,-53.02890640910711,True,True,52.648143669391175,3.1132974599118213,162.99999999999994,165.5846750214427,155.70670359231818,-2.6274527369654948,-0.4629162549972534,0.3600451946258545,AC6,52.24069291515017,False,0.0915569846983999,1.0,False,False,False,False,False,False,False,96.69350280298725,0.0,7.0353008061647415,-6.943743821466342,1.0,1.0,0.0
2400.0,KL001,2,144.30843315254913,3.0,14.613042157354464,-53.028906409107094,True,True,52.63640743854968,3.12840287762136,162.99999999999994,165.5846750214427,154.0517115403631,-2.5635542149274215,-0.4623919725418091,0.356023907661438,AC6,53.62043659483626,False,0.09235158911906183,1.0,False,False,False,False,False,False,False,99.25161535856685,0.0,7.028231173753738,-6.935879584634677,1.0,1.0,0.0
2410.0,KL001,2,142.65847366112942,3.0,14.613042157354421,-53.02890640910714,True,True,52.62465644895063,3.14347305463171,162.99999999999994,165.5846750214427,152.39666454910756,-2.4984451336543714,-0.4618685245513916,0.35203468799591064,AC6,55.00944556972298,False,0.09312495589256287,1.0,False,False,False,False,False,False,False,101.82764610569058,0.0,7.021152824163437,-6.928027868270874,1.0,1.0,0.0
2420.0,KL001,2,141.00866399138042,3.0,14.613042157354492,-53.028906409107094,True,True,52.61289060791594,3.1585077046777004,162.99999999999994,165.5846750214427,150.74156313395952,-2.4321245602763497,-0.4613485336303711,0.34808051586151123,AC6,56.40705379670144,False,0.09387597441673279,1.0,False,False,False,False,False,False,False,104.42029636055528,0.0,7.014103978872299,-6.920228004455566,1.0,1.0,0.0
2430.0,KL001,2,139.35900341742618,3.0,14.613042157354457,-53.02890640910712,True,True,52.6011098271334,3.173506548387478,162.99999999999994,165.5846750214427,149.0864079207107,-2.364591940194174,-0.4608345031738281,0.3441636562347412,AC6,57.81265545957799,False,0.0946106796618551,1.0,False,False,False,False,False,False,False,107.02838479367216,0.0,7.007128223776817,-6.912517544114962,1.0,1.0,0.0
2440.0,KL001,2,137.70949132539195,3.0,14.61304215735447,-53.02890640910711,True,True,52.589314021677296,3.1884693112665174,162.99999999999994,165.5846750214427,147.43119964169824,-2.2958398417596015,-0.46032899618148804,0.3402867317199707,AC6,59.2256987539138,False,0.09532682946883142,1.0,False,False,False,False,False,False,False,109.65083536280936,0.0,7.000261768698692,-6.904934939229861,1.0,1.0,0.0
2450.0,KL001,2,136.06012722463603,3.0,14.613042157354485,-53.028906409107094,True,True,52.57750311034894,3.2033957244798725,162.99999999999994,165.5846750214427,145.7759391401722,-2.225862211304303,-0.4592299461364746,0.3359501361846924,AC6,60.64568030732382,False,0.10509632527828217,1.0,False,False,False,False,False,False,False,112.28666647355638,0.0,6.993545517325401,-6.888449192047119,1.0,1.0,0.0
2460.0,KL001,2,134.41088027824858,3.0,14.613042157354485,-53.0289064091071,True,True,52.56567558292812,3.2182824435617787,162.99999999999994,165.5846750214427,144.1206197770898,-2.14547476385394,-0.45754969120025635,0.33110153675079346,AC6,62.07221015570235,False,0.11459179571829736,1.0,False,False,False,False,False,False,False,114.93510924610926,0.0,6.977837160229683,-6.863245364511386,1.0,1.0,0.0
2470.0,KL001,2,132.76172035937125,3.0,14.613042157354464,-53.028906409107094,True,True,52.55382998350012,3.2331262056198726,162.99999999999994,165.5846750214427,142.46523618419621,-2.0548177354275197,-0.45596975088119507,0.3262993097305298,AC6,63.50493043707822,False,0.11377550312317908,1.0,False,False,False,False,False,False,False,117.5954577649451,0.0,6.953321769833565,-6.839546266710386,1.0,1.0,0.0
2480.0,KL001,2,131.1126516582608,3.0,14.61304215735445,-53.02890640910712,True,True,52.541966487677925,3.2479272469871003,162.99999999999994,165.5846750214427,140.80979189596735,-1.9641854429247871,-0.45440804958343506,0.3215404748916626,AC6,64.94343765105435,False,0.1142265647649765,1.0,False,False,False,False,False,False,False,120.26692679390567,0.0,6.930347308516502,-6.816120743751526,1.0,1.0,0.0
2490.0,KL001,2,129.4636742219441,3.0,14.613042157354457,-53.02890640910712,True,True,52.53008507157067,3.2626853732282473,162.99999999999994,165.5846750214427,139.15428953754926,-1.8722770062045981,-0.45287948846817017,0.31682777404785156,AC6,66.38737067696513,False,0.11447555967606604,1.0,False,False,False,False,False,False,False,122.94881259092834,0.0,6.907667890191078,-6.793192330515012,1.0,1.0,0.0
2500.0,KL001,2,127.81478882772407,3.0,14.613042157354464,-53.028906409107115,True,True,52.51818574349298,3.2774004585460146,162.99999999999994,165.5846750214427,137.49873201104472,-1.7792618128118818,-0.4514111280441284,0.31220996379852295,AC6,67.83639625990313,False,0.11434592306613922,1.0,False,False,False,False,False,False,False,125.64046597459362,0.0,6.8855128437280655,-6.771166920661926,1.0,1.0,0.0
2510.0,KL001,2,126.16599757491252,3.0,14.613042157354485,-53.028906409107094,True,True,52.50626857114942,3.292072506481762,162.99999999999994,165.5846750214427,135.84312257776335,-1.6854888887862387,-0.45000576972961426,0.30769312381744385,AC6,69.29020509431311,False,0.11420532711781561,1.0,False,False,False,False,False,False,False,128.34128484450997,0.0,6.864291876554489,-6.7500865494366735,1.0,1.0,0.0
2520.0,KL001,2,124.51730267853158,3.0,14.613042157354485,-53.02890640910709,True,True,52.4943336238577,3.3067015247512086,162.99999999999994,165.5846750214427,134.1874645891803,-1.5909382640000445,-0.44864165782928467,0.30322837829589844,AC6,70.74851207222582,False,0.11442571878433228,1.0,False,False,False,False,False,False,False,131.05071432094692,0.0,6.844050586223602,-6.72962486743927,1.0,1.0,0.0
2530.0,KL001,2,122.86870524654596,3.0,14.61304215735447,-53.02890640910711,True,True,52.482380914871854,3.3212873978254955,162.99999999999994,165.5846750214427,132.53176129413606,-1.495211917544367,-0.44732666015625,0.29881560802459717,AC6,72.2110565460448,False,0.11455848813056946,1.0,False,False,False,False,False,False,False,133.76824691392227,0.0,6.8244583904743195,-6.70989990234375,1.0,1.0,0.0
2540.0,KL001,2,121.2202067572931,3.0,14.61304215735445,-53.0289064091071,True,True,52.470410471338454,3.335830040201103,162.99999999999994,165.5846750214427,130.87601612492855,-1.3983596862385639,-0.44624412059783936,0.2941502332687378,AC6,73.67759712117414,False,0.11197485029697418,1.0,False,False,False,False,False,False,False,136.4934127764248,0.0,6.8056366592645645,-6.69366180896759,1.0,1.0,0.0
2550.0,KL001,2,119.57181772206962,3.0,14.613042157354464,-53.02890640910712,True,True,52.45842273947166,3.3503302993848294,162.99999999999994,165.5846750214427,129.22023383690458,-1.303093433535139,-0.44519996643066406,0.28951382637023926,AC6,75.14789273679085,False,0.11237539001740515,1.0,False,False,False,False,False,False,False,139.22574518707287,0.0,6.790374889969826,-6.677999499952421,1.0,1.0,0.0
2560.0,KL001,2,117.92353902722333,3.0,14.613042157354464,-53.02890640910709,True,True,52.446417703462174,3.3647880003173882,162.99999999999994,165.5846750214427,127.56441780342593,-1.206385055745045,-0.4442179203033447,0.2849268913269043,AC6,76.6217390819382,False,0.11245652684010565,1.0,False,False,False,False,False,False,False,141.96484637792236,0.0,6.775725334882736,-6.6632688080426306,1.0,1.0,0.0
2570.0,KL001,2,116.27537270806513,3.0,14.61304215735445,-53.02890640910712,True,True,52.43439539704693,3.379203077628924,162.99999999999994,165.5846750214427,125.90857168958098,-1.1085119654883329,-0.4432991147041321,0.28038692474365234,AC6,78.0989446734845,False,0.11256270459853113,1.0,False,False,False,False,False,False,False,144.71034389141312,0.0,6.762049421668053,-6.6494867170695215,1.0,1.0,0.0
2580.0,KL001,2,114.62732083604038,3.0,14.613042157354442,-53.02890640910714,True,True,52.422355850299354,3.3935754574601287,162.99999999999994,165.5846750214427,124.25269930159266,-1.0094045580534328,-0.44244861602783203,0.2758910655975342,AC6,79.57933185877043,False,0.1126360148191452,1.0,False,False,False,False,False,False,False,147.46189221893172,0.0,6.749365255236626,-6.6367292404174805,1.0,1.0,0.0
2590.0,KL001,2,112.97938571614377,3.0,14.613042157354485,-53.028906409107094,True,True,52.41029909850451,3.4079050774022464,162.99999999999994,165.5846750214427,122.59680461563292,-0.9090491803563907,-0.44167137145996094,0.2714354991912842,AC6,81.06273527519897,False,0.11268273345194757,1.0,False,False,False,False,False,False,False,150.2191698456851,0.0,6.737753301858902,-6.625070568406954,1.0,1.0,0.0
2600.0,KL001,2,111.33156987678208,3.0,14.613042157354485,-53.028906409107094,True,True,52.39822518115024,3.4221918843837975,162.99999999999994,165.5846750214427,120.94089178088063,-0.80742372593852,-0.4409720301628113,0.26701605319976807,AC6,82.54900084473155,False,0.11271022609435022,1.0,False,False,False,False,False,False,False,152.98187728096468,0.0,6.72729067504406,-6.6145804489497095,1.0,1.0,0.0
2610.0,KL001,2,109.68387605686915,3.0,14.61304215735447,-53.02890640910711,True,True,52.386134140765506,3.436435832167263,162.99999999999994,165.5846750214427,119.2849651244721,-0.704496291145631,-0.6699060201644897,0.5261030197143555,AC6,84.03798487286959,False,-3.330540508031845,1.0,False,False,False,False,False,False,False,155.74973529167315,0.0,6.718049794435501,-10.048590302467346,1.0,1.0,0.0
2620.0,KL001,2,108.0497167167263,3.0,14.61304215735445,-53.028906409107115,True,True,52.37453773567517,3.451738638208564,162.99999999999994,165.5846750214427,117.63213706683072,-4.0896745572241,-0.649391233921051,0.5175895690917969,AC6,85.5093001560557,False,0.4620601236820221,1.0,False,False,False,False,False,False,False,158.4859901671509,0.0,10.202928632497787,-9.740868508815765,1.0,1.0,0.0
2630.0,KL001,2,106.41509216307122,3.0,14.613042157354464,-53.02890640910711,True,True,52.362896849919814,3.466948168955837,162.99999999999994,165.5846750214427,115.97888450849305,-3.6799173113456334,-0.6527619957923889,0.5179113149642944,AC6,86.98466291598109,False,0.10422415682114661,1.0,False,False,False,False,False,False,False,161.22982571058006,0.0,9.89565409719944,-9.791429940378293,1.0,1.0,0.0
2640.0,KL001,2,104.78088573232488,3.0,14.61304215735447,-53.02890640910711,True,True,52.35123909037832,3.48211899337478,162.99999999999994,165.5846750214427,114.32556014291683,-3.6279863298079533,-0.5165859460830688,0.6062412261962891,AC6,88.46279250826551,False,2.2004929929971695,1.0,False,False,False,False,False,False,False,163.97890778033954,0.0,9.949282184243202,-7.748789191246033,1.0,1.0,0.0
2650.0,KL001,2,103.13813268792099,3.0,14.613042157354478,-53.0289064091071,True,True,52.33924374034698,3.4965629870953996,162.99999999999994,165.5846750214427,112.66995114491615,-1.4496256460507766,-0.5319450497627258,0.6093463897705078,AC6,89.95585967684319,False,-0.10174043127335608,1.0,False,False,False,False,False,False,False,166.75509082866463,0.0,7.877435311675072,-7.979175742948428,1.0,1.0,0.0
2660.0,KL001,2,101.49619385172909,3.0,14.613042157354478,-53.02890640910711,True,True,52.32725447910146,3.5110168110145095,162.99999999999994,165.5846750214427,111.01437663210952,-1.574757973537885,-0.5302459597587585,0.6092495918273926,AC6,91.45032272520612,False,0.1588106935378164,1.0,False,False,False,False,False,False,False,169.53398400572772,0.0,8.112500086426735,-7.9536893928889185,1.0,1.0,0.0
2670.0,KL001,2,99.85430997751496,3.0,14.613042157354442,-53.0289064091071,True,True,52.315240782604754,3.52541229150381,162.99999999999994,165.5846750214427,109.35873074255997,-1.4376201471258128,-0.5309499502182007,0.6095293760299683,AC6,92.94723172426427,False,0.12439459911547601,1.0,False,False,False,False,False,False,False,172.31745699771494,0.0,8.088643848896027,-7.964249249780551,1.0,1.0,0.0
2680.0,KL001,2,98.21262341648995,3.0,14.613042157354464,-53.0289064091071,True,True,52.30320801070794,3.5397611674261658,162.99999999999994,165.5846750214427,107.70303776295715,-1.3336341250999055,-0.5770769715309143,0.5604615211486816,AC6,94.44628786908243,False,-0.5546622583642602,1.0,False,False,False,False,False,False,False,175.10495916837775,0.0,8.101492300629616,-8.656154558993876,1.0,1.0,0.0
2690.0,KL001,2,96.57397811205999,3.0,14.613042157354439,-53.02890640910713,True,True,52.29126073010155,3.554295953114284,162.99999999999994,165.5846750214427,106.04771925280673,-1.9180751360476336,-0.5723857879638672,0.5603389739990234,AC6,95.94362022656219,False,0.22158040897920728,1.0,False,False,False,False,False,False,False,177.88955412540446,0.0,8.807367235422134,-8.585786826442927,1.0,1.0,0.0
2700.0,KL001,2,94.93518415328309,3.0,14.61304215735445,-53.02890640910711,True,True,52.279279162079085,3.568751175946832,162.99999999999994,165.5846750214427,104.39226582371212,-1.7236727362286217,-0.5744308829307556,0.5615212917327881,AC6,97.4435507490851,False,0.1217781042214483,1.0,False,False,False,False,False,False,False,180.67896971674082,0.0,8.738241344690323,-8.616463240468875,1.0,1.0,0.0
2710.0,KL001,2,93.29667755439341,3.0,14.613042157354446,-53.02890640910712,True,True,52.26727882635044,3.583160837660859,162.99999999999994,165.5846750214427,102.73675564222526,-1.627968246858586,-0.5756416320800781,0.5625402927398682,AC6,98.9454263059483,False,0.13735838583670557,1.0,False,False,False,False,False,False,False,183.47202374449157,0.0,8.771982863545418,-8.634624477708712,1.0,1.0,0.0
2720.0,KL001,2,91.65840311627713,3.0,14.613042157354453,-53.02890640910711,True,True,52.255257386839254,3.597519551670004,162.99999999999994,165.5846750214427,101.08118267583943,-1.515267743392826,-0.5769994854927063,0.5635874271392822,AC6,100.44925043369668,False,0.13810224831104279,1.0,False,False,False,False,False,False,False,186.2687100596267,0.0,8.793094530701637,-8.654992282390594,1.0,1.0,0.0
2730.0,KL001,2,90.02036929916818,3.0,14.61304215735446,-53.02890640910711,True,True,52.243214798911644,3.611827001513036,162.99999999999994,165.5846750214427,99.42555137345065,-1.4003246864977257,-0.6242666244506836,0.6084668636322021,AC6,101.95494810457949,False,-0.5474395304918289,1.0,False,False,False,False,False,False,False,189.06888268996192,0.0,8.816559836268425,-9.363999366760254,1.0,1.0,0.0
2740.0,KL001,2,88.38571216418623,3.0,14.613042157354457,-53.02890640910711,True,True,52.23125645346888,3.626317815384806,162.99999999999994,165.5846750214427,97.77031870340097,-1.9810500866074392,-0.6172802448272705,0.6034319400787354,AC6,103.45881065718837,False,0.28235255973413587,1.0,False,False,False,False,False,False,False,191.86592583378453,0.0,9.541556239128113,-9.259203679393977,1.0,1.0,0.0
2750.0,KL001,2,86.7507142859009,3.0,14.61304215735446,-53.028906409107094,True,True,52.219254521518344,3.640708340525768,162.99999999999994,165.5846750214427,96.11490077153137,-1.7282273480662127,-0.6204996705055237,0.60361647605896,AC6,104.96525000897337,False,0.13046756037510931,1.0,False,False,False,False,False,False,False,194.66769639520408,0.0,9.437962621450424,-9.307495061075315,1.0,1.0,0.0
2760.0,KL001,2,85.11609372504523,3.0,14.61304215735446,-53.028906409107094,True,True,52.20723254780052,3.655050333985413,162.99999999999994,165.5846750214427,94.4594201516283,-1.6260189677647645,-0.623040497303009,0.6039860248565674,AC6,106.47337580973546,False,0.1448419690132141,1.0,False,False,False,False,False,False,False,197.4725963191437,0.0,9.49044942855835,-9.345607459545135,1.0,1.0,0.0
2770.0,KL001,2,83.48180221844959,3.0,14.61304215735447,-53.02890640910711,True,True,52.19518839721152,3.6693388118262122,162.99999999999994,165.5846750214427,92.80387186879986,-1.5078394134195605,-0.6256899833679199,0.6042927503585815,AC6,107.98319746976334,False,0.1473712921142578,1.0,False,False,False,False,False,False,False,200.28063201028047,0.0,9.532721042633057,-9.385349750518799,1.0,1.0,0.0
2780.0,KL001,2,81.84784689907005,3.0,14.613042157354457,-53.02890640910711,True,True,52.18312176148293,3.683572836341251,162.99999999999994,165.5846750214427,91.14825987293858,-1.38540075958187,-0.6458624601364136,0.5651371479034424,AC6,109.49466415802577,False,-0.11111565283499658,1.0,False,False,False,False,False,False,False,203.0917030551197,0.0,9.576821252703667,-9.687936905538663,1.0,1.0,0.0
2790.0,KL001,2,80.21550247161062,3.0,14.613042157354478,-53.028906409107094,True,True,52.171072071802605,3.6978411359199295,162.99999999999994,165.5846750214427,89.49273288333569,-1.5244409389516704,-0.6475449204444885,0.5655313730239868,AC6,111.00642402767284,False,0.17612815601751208,1.0,False,False,False,False,False,False,False,205.9034038632371,0.0,9.88930195569992,-9.713173799682409,1.0,1.0,0.0
2800.0,KL001,2,78.58342810049948,3.0,14.61304215735447,-53.02890640910711,True,True,52.15899554217456,3.7120451130737235,162.99999999999994,165.5846750214427,87.83712526207296,-1.3739447622932914,-0.7476036548614502,0.5744249820709229,AC6,112.51988228994564,False,-1.294988365843892,1.0,False,False,False,False,False,False,False,208.7182195394383,0.0,9.919066429138184,-11.214054794982076,1.0,1.0,0.0
2810.0,KL001,2,76.95948465265877,3.0,14.613042157354464,-53.02890640910712,True,True,52.147119002674934,3.7266864705982923,162.99999999999994,165.5846750214427,86.18269659979508,-2.7205939449960397,-0.745801568031311,0.5745627880096436,AC6,114.027546864376,False,0.26889906032010913,1.0,False,False,False,False,False,False,False,211.52286548447083,0.0,11.455922573804855,-11.187023513484746,1.0,1.0,0.0
2820.0,KL001,2,75.33553725984694,3.0,14.61304215735446,-53.02890640910712,True,True,52.1352004335297,3.741232935046032,162.99999999999994,165.5846750214427,84.52802249573476,-2.5000769447424886,-0.7471625804901123,0.574164628982544,AC6,115.53744302068252,False,0.22589296102523804,1.0,False,False,False,False,False,False,False,214.33157765932435,0.0,11.433331668376923,-11.207438707351685,1.0,1.0,0.0
2830.0,KL001,2,73.71185412434791,3.0,14.61304215735446,-53.02890640910711,True,True,52.12324675956578,3.7556988447355955,162.99999999999994,165.5846750214427,82.87316625625631,-2.3199556388017584,-0.5762089490890503,0.6141433715820312,AC6,117.04927233513084,False,2.8162939846515656,1.0,False,False,False,False,False,False,False,217.14381511302287,0.0,11.45942822098732,-8.643134236335754,1.0,1.0,0.0
2840.0,KL001,2,72.07591292955006,3.0,14.61304215735448,-53.02890640910711,True,True,52.11088931421528,3.76922996073698,162.99999999999994,165.5846750214427,81.21741561345671,0.5039683794970813,-0.5963684320449829,0.6017007827758789,AC6,118.57436474716744,False,-0.10018184781074524,1.0,False,False,False,False,False,False,False,219.97952468542002,0.0,8.845344632863998,-8.945526480674744,1.0,1.0,0.0
2850.0,KL001,2,70.44087837783916,3.0,14.613042157354464,-53.02890640910711,True,True,52.09852824628647,3.782749450438608,162.99999999999994,165.5846750214427,79.5616412463442,0.41222221602765785,-0.5957726240158081,0.6023339033126831,AC6,120.10010946680556,False,0.21981172263622284,1.0,False,False,False,False,False,False,False,222.81644671067775,0.0,9.156401082873344,-8.936589360237122,1.0,1.0,0.0
2860.0,KL001,2,68.80593229548192,3.0,14.61304215735446,-53.028906409107115,True,True,52.08613541138596,3.7961879045906843,162.99999999999994,165.5846750214427,77.90595760100501,0.64553207683241,-0.5992544889450073,0.6007688045501709,AC6,121.62729357925559,False,0.16324594616889954,1.0,False,False,False,False,False,False,False,225.65595305596497,0.0,9.15206328034401,-8.98881733417511,1.0,1.0,0.0
2870.0,KL001,2,67.17135327850127,3.0,14.613042157354476,-53.0289064091071,True,True,52.073719102350175,3.8095651152447885,162.99999999999994,165.5846750214427,76.25036162331352,0.826431267175451,-0.42243075370788574,0.6548844575881958,AC6,123.15563343786582,False,2.874143198132515,1.0,False,False,False,False,False,False,False,228.4975391135419,0.0,9.210604503750801,-6.336461305618286,1.0,1.0,0.0
2880.0,KL001,2,65.52693283293752,3.0,14.613042157354442,-53.02890640910712,True,True,52.060923614126686,3.8219556554922884,162.99999999999994,165.5846750214427,74.5982651321138,3.780272565457551,-0.47193360328674316,0.6450514793395996,AC6,124.69464166071938,False,-0.578610822558403,1.0,False,False,False,False,False,False,False,231.3577002023343,0.0,6.5003932267427444,-7.0790040493011475,1.0,1.0,0.0
2890.0,KL001,2,63.88472105924945,3.0,14.613042157354462,-53.028906409107115,True,True,52.04818797657612,3.8345057762920898,162.99999999999994,165.5846750214427,72.94543429868675,3.27472758278833,-0.24179232120513916,0.6170322895050049,AC6,126.23243867195609,False,3.635859377682209,1.0,False,False,False,False,False,False,False,234.21580720198904,0.0,7.2627440840005875,-3.6268847063183784,1.0,1.0,0.0
2900.0,KL001,2,62.2336912870055,3.0,14.613042157354458,-53.02890640910711,True,True,52.03501984435851,3.845807787857285,162.99999999999994,165.5846750214427,71.30188775162792,7.065760223965981,-0.22342908382415771,0.6291782855987549,AC6,127.7806231436047,False,0.37910744547843933,1.0,False,False,False,False,False,False,False,237.0916558943499,0.0,3.730543702840805,-3.3514362573623657,1.0,1.0,0.0
2910.0,KL001,2,60.58167861701368,3.0,14.613042157354437,-53.02890640910712,True,True,52.021775118965415,3.856870498367421,162.99999999999994,165.5846750214427,69.66118789979373,7.622351331530808,-0.22238314151763916,0.6291365623474121,AC6,129.3305668976011,False,0.10758395888842642,1.0,False,False,False,False,False,False,False,239.97046423673007,0.0,3.4433310851454735,-3.335747126257047,1.0,1.0,0.0
2920.0,KL001,2,58.92973198200822,3.0,14.613042157354455,-53.02890640910711,True,True,52.008517636094474,3.867889504558612,162.99999999999994,165.5846750214427,68.02162730277371,7.918589277066616,-0.3517155647277832,0.6237872838973999,AC6,130.88090040460798,False,-1.8461550772190094,1.0,False,False,False,False,False,False,False,242.84992561324665,0.0,3.4295783936977386,-5.275733470916748,1.0,1.0,0.0
2930.0,KL001,2,57.282133054475416,3.0,14.613042157354467,-53.02890640910711,True,True,51.9954822120059,3.879583546943158,162.99999999999994,165.5846750214427,66.37606194149542,6.225119333871589,-0.35199475288391113,0.6189332008361816,AC6,132.42673123059004,False,0.14726210734806955,1.0,False,False,False,False,False,False,False,245.72183612837716,0.0,5.427183397114277,-5.279921289766207,1.0,1.0,0.0
2940.0,KL001,2,55.634713967090185,3.0,14.613042157354476,-53.02890640910711,True,True,51.98243161572119,3.8912295118253963,162.99999999999994,165.5846750214427,64.73139837064981,6.535918661832056,-0.29361575841903687,0.6324186325073242,AC6,133.97307933460957,False,1.0323058906942606,1.0,False,False,False,False,False,False,False,248.59463341552515,0.0,5.436542294919491,-4.40423640422523,1.0,1.0,0.0
2950.0,KL001,2,53.98518714112125,3.0,14.613042157354474,-53.0289064091071,True,True,51.969253928482324,3.902488487050609,162.99999999999994,165.5846750214427,63.0911602430356,7.767307452795222,-0.29363203048706055,0.6342852115631104,AC6,135.52226996572782,False,0.13420377275906503,1.0,False,False,False,False,False,False,False,251.4722148394883,0.0,4.538684226572514,-4.4044804538134485,1.0,1.0,0.0
2960.0,KL001,2,52.33575233489355,3.0,14.613042157354446,-53.028906409107115,True,True,51.95606003226235,3.9136940267422378,162.99999999999994,165.5846750214427,61.452282292016754,8.114819152954936,-0.2940927743911743,0.6340322494506836,AC6,137.07191963183132,False,0.13155631721019745,1.0,False,False,False,False,False,False,False,254.3505647506953,0.0,4.542947933077812,-4.411391615867615,1.0,1.0,0.0
2970.0,KL001,2,50.68642335684582,3.0,14.613042157354474,-53.0289064091071,True,True,51.94285031707597,3.9248470877856008,162.99999999999994,165.5846750214427,59.81487297840585,8.474990949896352,-0.2028369903564453,0.721564769744873,AC6,138.62200697217756,False,1.511803474277258,1.0,False,False,False,False,False,False,False,257.2296439305999,0.0,4.554358385503292,-3.042554911226034,1.0,1.0,0.0
2980.0,KL001,2,49.03450822606475,3.0,14.613042157354464,-53.02890640910711,True,True,51.92946383453954,3.9354276991877724,162.99999999999994,165.5846750214427,58.185828544433335,10.270914964950208,-0.22248899936676025,0.724395751953125,AC6,140.17544044385934,False,-0.19327539252117276,1.0,False,False,False,False,False,False,False,260.1142148986219,0.0,3.1440595909953117,-3.3373349835164845,1.0,1.0,0.0
2990.0,KL001,2,47.38317082662328,3.0,14.613042157354446,-53.028906409107115,True,True,51.916099433654175,3.946078316643641,162.99999999999994,165.5846750214427,56.557263791753364,10.372530369996468,-0.22353368997573853,0.7254201173782349,AC6,141.72857513249858,False,0.09939931333065033,1.0,False,False,False,False,False,False,False,262.9982941361588,0.0,3.452404662966728,-3.353005349636078,1.0,1.0,0.0
