time,agent,lat,lon,cas_mps,tas_mps,goal_distance_km,heading_error_deg,heading_action,speed_action,nearest_nm,outside,commanded_heading_turn_deg,commanded_speed_action,traffic_projection_intervened,static_projection_intervened,static_projection_infeasible,nominal_static_violation,nominal_traffic_conflict,no_static_feasible_candidate,no_jointly_feasible_candidate,predicted_minimum_separation_km,predicted_risk_seconds
0.0,KL001,51.27214234360986,3.205936116974068,150.0,152.40357712476657,155.42719757846976,-0.017109120890722807,0.7180407047271729,0.8834072351455688,11.60416596943908,False,32.31183171272278,0.8834072351455688,False,False,False,False,False,False,False,21.021647838086615,0.0
0.0,KL002,51.431633634560896,3.3807282933529064,150.0,152.40357712476657,131.91465751057692,-0.11300187350892088,-0.4773600697517395,0.9499244689941406,11.126330986403463,False,-21.481203138828278,0.9499244689941406,False,False,False,False,False,False,False,20.33650911217258,0.0
0.0,KL003,52.52759378863491,5.086896908781006,150.0,152.40357712476657,109.42919210681431,0.053315299950327244,-0.0717473030090332,-0.9297736287117004,21.214928806734353,False,-3.228628635406494,-0.9297736287117004,False,False,False,False,False,False,False,29.603146895836954,0.0
0.0,KL004,52.18910907750116,4.9208793998171085,150.0,152.40357712476657,165.26576366930325,-0.16060768453738206,-0.9355056285858154,0.26925718784332275,21.214928806734353,False,-42.097753286361694,0.26925718784332275,False,False,False,False,False,False,False,32.60106679519244,0.0
0.0,KL005,51.5217012445903,4.08893826343582,150.0,152.40357712476657,133.73631274881072,-0.02813244655789049,-0.5856189131736755,0.7469648122787476,17.281172361004177,False,-26.3528510928154,0.7469648122787476,False,False,False,False,False,False,False,29.023902883375673,0.0
0.0,KL006,51.39697881433459,3.6726142491896456,150.0,152.40357712476657,136.75315668657544,-0.13892069479697966,-0.2297583818435669,0.9742038249969482,11.126330986403463,False,-10.33912718296051,0.9742038249969482,False,False,False,False,False,False,False,20.33650911217258,0.0
0.0,KL007,52.25067461563059,5.567694326595031,150.0,152.40357712476657,137.95418527429493,-0.15172528007229857,0.8545042276382446,-0.3482249975204468,24.07706770405588,False,38.45269024372101,-0.3482249975204468,False,False,False,False,False,False,False,31.29166847827526,0.0
0.0,KL008,51.8360921504824,4.4213820704280575,150.0,152.40357712476657,143.9720100060159,0.007664337392981224,0.86818528175354,0.8870320320129395,22.571892334257114,False,39.0683376789093,0.8870320320129395,False,False,False,False,False,False,False,27.014014089619355,0.0
0.0,KL009,52.50401741353409,3.8009131049054323,150.0,152.40357712476657,113.58394619466581,-0.0005019186070569503,-0.24314755201339722,0.1608372926712036,15.74310455761983,False,-10.941639840602875,0.1608372926712036,False,False,False,False,False,False,False,23.696478259285463,0.0
0.0,KL0010,52.584698995480984,4.211154017037534,150.0,152.40357712476657,160.86290983396356,-0.03519314130278417,0.0035189390182495117,-0.8406062126159668,15.74310455761983,False,0.15835225582122803,-0.8406062126159668,False,False,False,False,False,False,False,23.87101555829454,0.0
10.0,KL001,51.28480190981393,3.2151256410627624,153.02928075518142,155.4755882213019,153.90268375929756,16.962143878796894,0.29433631896972656,0.5583269596099854,11.616260152614828,False,13.245134353637695,0.5583269596099854,False,False,False,False,False,False,False,21.390907419693754,0.0
10.0,KL002,51.44237016884191,3.3949359257204645,153.25741003418165,155.70692254402172,130.38558361051696,-17.093428826687784,-0.05789065361022949,0.6951010227203369,11.182644750578815,False,-2.605079412460327,0.6951010227203369,False,False,False,False,False,False,False,20.444205175722544,0.0
10.0,KL003,52.51551761727047,5.077174062970129,146.8107473130068,149.16899634489116,107.93640446726252,-3.2175523842058453,-0.10616046190261841,-0.9189090132713318,21.15769585629823,False,-4.777220785617828,-0.9189090132713318,False,False,False,False,False,False,False,27.187289898653592,0.0
10.0,KL004,52.17908234896807,4.905558376606993,150.92297537561907,153.33960541337368,163.76260757104416,-17.33705321563187,-0.9499315023422241,0.5109744071960449,21.15769585629823,False,-42.746917605400085,0.5109744071960449,False,False,False,False,False,False,False,30.33829440454045,0.0
10.0,KL005,51.533144163820424,4.101536858329521,152.5613341832528,155.00106168274016,132.21240520002752,-17.06356278446708,0.8672301769256592,0.39885830879211426,17.21509592281945,False,39.02535796165466,0.39885830879211426,False,False,False,False,False,False,False,31.476508738731837,0.0
10.0,KL006,51.40698805960169,3.6881959171907317,153.340679160978,155.79136108709434,135.21402937100677,-10.567015564344217,0.48472344875335693,0.9446240663528442,11.182644750578815,False,21.812555193901062,0.9446240663528442,False,False,False,False,False,False,False,20.444205175722544,0.0
10.0,KL007,52.25663067017503,5.547817218335121,148.8052420065038,151.19187908367525,136.4647704114567,17.278062455609643,-0.4296283721923828,-0.17497026920318604,23.21755565521778,False,-19.333276748657227,-0.17497026920318604,False,False,False,False,False,False,False,27.176498877823043,0.0
10.0,KL008,51.84978414633513,4.4252997759724995,153.0417124551791,155.4881946239946,142.44661415363652,16.99358886470162,-0.7587730884552002,0.7894649505615234,22.508453488665303,False,-34.14478898048401,0.7894649505615234,False,False,False,False,False,False,False,37.15231834873611,0.0
10.0,KL009,52.49028937989893,3.8015316940170107,150.5511356119398,152.96251054694048,112.07212880248265,-11.051690333775014,0.24765515327453613,0.12269949913024902,15.431827083380771,False,11.144481897354126,0.12269949913024902,False,False,False,False,False,False,False,25.533499059185164,0.0
10.0,KL0010,52.57247172754181,4.201860751125482,147.1165582610467,149.47916876090736,159.36520046122416,0.12438848573376049,-0.10753118991851807,-0.7646543383598328,15.431827083380771,False,-4.838903546333313,-0.7646543383598328,False,False,False,False,False,False,False,26.457842074612735,0.0
20.0,KL001,51.29551054160649,3.2298221870968886,154.94364791049125,157.41679440830563,152.49176463192893,30.45842473520662,-0.49943453073501587,0.8007551431655884,11.62164192332249,False,-22.474553883075714,0.8007551431655884,False,False,False,False,False,False,False,21.395361349484606,0.0
20.0,KL002,51.45473780351566,3.406140809702478,155.64086043932332,158.12374981604918,128.89366197338313,-19.932039085054043,-0.07080578804016113,0.6977218389511108,11.455460929868222,False,-3.186260461807251,0.6977218389511108,False,False,False,False,False,False,False,20.949045896314477,0.0
20.0,KL003,52.50328558882202,5.069217333793984,143.65876632685595,145.97187753383076,106.48745659049403,-8.099378119109815,-0.2686154842376709,-0.9001888632774353,21.19417039368792,False,-12.08769679069519,-0.9001888632774353,False,False,False,False,False,False,False,22.960205848511084,0.0
20.0,KL004,52.166610481152084,4.895577420055851,152.67494764203926,155.1162734020329,162.39219067363305,-34.48352444716622,-0.9444733262062073,0.5882055759429932,21.19417039368792,False,-42.50129967927933,0.5882055759429932,False,False,False,False,False,False,False,36.34249264508209,0.0
20.0,KL005,51.544474485778245,4.114788667797897,153.92878488696945,156.38771917189754,130.6671421746581,-0.39764680389401974,-0.7265682220458984,0.4427274465560913,17.127226327027273,False,-32.69556999206543,0.4427274465560913,False,False,False,False,False,False,False,28.09234593799632,0.0
20.0,KL006,51.416005539172474,3.7058261408731177,156.5799001861261,159.07588471050846,133.6327350624505,5.9294396973701,-0.4280847907066345,0.9252607822418213,11.455460929868222,False,-19.263815581798553,0.9252607822418213,False,False,False,False,False,False,False,20.949045896314477,0.0
20.0,KL007,52.2621845472081,5.527730691154191,148.2046868427743,150.58279038252564,134.97563830026058,-0.03652256557199962,0.8108365535736084,-0.6280935406684875,22.178952944026275,False,36.48764491081238,-0.6280935406684875,False,False,False,False,False,False,False,25.105005136308435,0.0
20.0,KL008,51.863788654297736,4.428667816034526,155.74879658846496,158.2331927421848,140.88723687335468,0.49406078735273695,0.8820847272872925,0.8533724546432495,22.44893116303264,False,39.69381272792816,0.8533724546432495,False,False,False,False,False,False,False,29.258903237467464,0.0
20.0,KL009,52.47654476585163,3.800148332568203,150.9714710802663,153.38878614168655,110.54316651847802,0.05071694062547749,-0.10728389024734497,0.07280516624450684,15.248132044373463,False,-4.827775061130524,0.07280516624450684,False,False,False,False,False,False,False,25.282817040500813,0.0
20.0,KL0010,52.56007855916488,4.194281632074879,144.49361225046852,146.81871143424652,157.8998098173609,-4.7548078813094605,-0.6145128011703491,-0.8399976491928101,15.248132044373463,False,-27.65307605266571,-0.8399976491928101,False,False,False,False,False,False,False,28.33861630343849,0.0
30.0,KL001,51.307077568849564,3.2433636911798764,157.68944715068258,160.20086445961078,151.01127648160093,14.293065639587326,-0.20492225885391235,0.524545431137085,11.618795629250839,False,-9.221501648426056,0.524545431137085,False,False,False,False,False,False,False,21.413174053891975,0.0
30.0,KL002,51.46766235760654,3.416404048378521,158.03329169814782,160.54948272211098,127.41268700562806,-23.3972496669069,0.8303180932998657,0.2461491823196411,11.618795629250839,False,37.36431419849396,0.2461491823196411,False,False,False,False,False,False,False,18.60353471869296,0.0
30.0,KL003,52.49074457012146,5.064643766534732,140.57099847399394,142.83956862474903,105.12259196634083,-20.413571334678352,-0.5897121429443359,-0.04946243762969971,21.049224557268737,False,-26.537046432495117,-0.04946243762969971,False,False,False,False,False,False,False,16.759909813936126,0.0
30.0,KL004,52.152723673019565,4.891847185051842,154.6917884217096,157.161411227766,161.27782302398379,-51.55500650676157,-0.9178524017333984,0.690575122833252,21.26256902618159,False,-41.30335807800293,0.690575122833252,False,False,False,False,False,False,False,35.103251710288035,0.0
30.0,KL005,51.556143353677115,4.127655706339675,155.44668601369423,157.9268637046204,129.11343658336517,-17.10872377620325,0.8027799129486084,0.00011730194091796875,17.026191350353532,False,36.12509608268738,0.00011730194091796875,False,False,False,False,False,False,False,31.10296701090085,0.0
30.0,KL006,51.42550472728843,3.7234172056081825,159.7527020910767,162.29270124339578,132.02045752831768,-10.29224077073087,0.23152971267700195,0.926746129989624,11.763920896129523,False,10.418837070465088,0.926746129989624,False,False,False,False,False,False,False,20.7270490921727,0.0
30.0,KL007,52.26805241312784,5.508219238357347,146.05008993072752,148.3974767177633,133.51406003934008,17.71007999633042,-0.06524413824081421,-0.14833128452301025,21.049224557268737,False,-2.9359862208366394,-0.14833128452301025,False,False,False,False,False,False,False,16.637283863415792,0.0
30.0,KL008,51.87798951247978,4.432720779209892,158.67505100684917,161.20014057385393,139.3060162405439,16.88820553286547,-0.9115958213806152,0.7203476428985596,22.409376612137105,False,-41.021811962127686,0.7203476428985596,False,False,False,False,False,False,False,39.684644157697406,0.0
30.0,KL009,52.46273997595494,3.7992650017681058,151.22068627942983,153.64152033556942,109.0115575365375,-4.838588424875979,-0.3693608045578003,0.288377046585083,15.177475724624571,False,-16.621236205101013,0.288377046585083,False,False,False,False,False,False,False,25.114801205801875,0.0
30.0,KL0010,52.54736330852681,4.190600258394987,141.61227513986069,143.89590113355098,156.51415385351436,-23.065200927821365,-0.8472604751586914,0.02713477611541748,15.177475724624571,False,-38.12672138214111,0.02713477611541748,False,False,False,False,False,False,False,28.37553002605012,0.0
40.0,KL001,51.32058324793853,3.252009688106281,159.48794147888634,162.0242814349085,149.40754577825027,5.14874088031965,0.2254657745361328,0.19360268115997314,11.634815355588707,False,10.145959854125977,0.19360268115997314,False,False,False,False,False,False,False,21.42105589945354,0.0
40.0,KL002,51.479499033297756,3.429759724621022,158.8769897357872,161.40487632787514,125.85165996564228,-7.345686293549306,-0.810868501663208,0.7535183429718018,11.634815355588707,False,-36.48908257484436,0.7535183429718018,False,False,False,False,False,False,False,20.681252687221605,0.0
40.0,KL003,52.477970537575196,5.065016081542203,140.40091446035763,142.66702195439711,103.90502197291907,-39.180052619072285,-0.4631626605987549,-0.09034985303878784,19.768786977496607,False,-20.84231972694397,-0.09034985303878784,False,False,False,False,False,False,False,12.392297615367694,0.0
40.0,KL004,52.138552470106646,4.894763876813343,157.0597121256992,159.5623757394884,160.5223867266063,-68.49438373867102,-0.9208827614784241,0.839958667755127,21.315653465997414,False,-41.43972426652908,0.839958667755127,False,False,False,False,False,False,False,36.272734148513024,0.0
40.0,KL005,51.56757943590099,4.141070139532917,155.4465947661128,157.92677118243597,127.55300604066483,-0.6154367363531321,-0.8263270854949951,0.34153497219085693,16.919669023109137,False,-37.18471884727478,0.34153497219085693,False,False,False,False,False,False,False,26.71946391460661,0.0
40.0,KL006,51.43515431075457,3.741466633654161,162.93058811049985,165.51431213974496,130.37314348216557,0.09198141169926544,-0.5852501392364502,0.9059939384460449,11.961366833529542,False,-26.33625626564026,0.9059939384460449,False,False,False,False,False,False,False,21.886505745821562,0.0
40.0,KL007,52.274961810497295,5.489649236375683,145.540905286949,147.8810099291078,132.08048015509766,14.938300140730973,0.33758556842803955,-0.31245625019073486,19.768786977496607,False,15.19135057926178,-0.31245625019073486,False,False,False,False,False,False,False,13.840631364525887,0.0
40.0,KL008,51.89248452459777,4.4362141546548655,161.14507069257047,163.70427221021208,137.69278780767436,0.9543677888538298,0.8641706705093384,0.6927669048309326,22.383105137482705,False,38.88768017292023,0.6927669048309326,False,False,False,False,False,False,False,34.510680512020045,0.0
40.0,KL009,52.449000529486334,3.802236463056685,152.2092317567249,154.64400319550387,107.51832840789453,-21.66241232338055,0.07474970817565918,0.5521156787872314,15.20346578771946,False,-10.000000000000004,0.5521156787872314,True,True,False,True,False,False,False,26.533089677748876,0.0
40.0,KL0010,52.5346006463087,4.19363566289849,141.70488766698196,143.98985100675046,155.31976597851724,-41.554313830661755,-0.9048591256141663,0.6043963432312012,15.20346578771946,False,-40.71866065263748,0.6043963432312012,False,False,False,False,False,False,False,28.415805761990626,0.0
50.0,KL001,51.33359301883661,3.262651624651506,160.15142001633612,162.69692503515762,147.82366055687802,15.430047323965823,-0.44683414697647095,0.4677325487136841,11.647242755925042,False,-20.107536613941193,0.4677325487136841,False,False,False,False,False,False,False,21.46327584413822,0.0
50.0,KL002,51.491729616797414,3.442801286857776,161.4607718978673,164.02431763736962,124.28012099486448,-23.552034049150393,0.576515793800354,0.4810298681259155,11.647242755925042,False,25.94321072101593,0.4810298681259155,False,False,False,False,False,False,False,19.270942413995723,0.0
50.0,KL003,52.46594704613468,5.071968552543901,140.09060241652656,142.35221442363283,102.99208306718043,-58.189033130310094,0.5458238124847412,0.3190807104110718,18.340788486787325,False,24.562071561813354,0.3190807104110718,False,False,False,False,False,False,False,17.266101236005042,0.0
50.0,KL004,52.12522152953911,4.904203316373999,159.9399581006616,162.48254376483072,160.19830063989582,-85.22156614281093,0.5198160409927368,0.749962329864502,21.36472796891668,False,23.391721844673157,0.749962329864502,False,False,False,False,False,False,False,30.040694927926268,0.0
50.0,KL005,51.57932965779716,4.154066106316761,156.61743866518165,159.1139460268152,125.98790717606026,-17.204715880304605,0.7401778697967529,0.0589604377746582,16.832102602314077,False,33.30800414085388,0.0589604377746582,False,False,False,False,False,False,False,30.810885391842355,0.0
50.0,KL006,51.445908940163136,3.757882248932313,162.99999999999994,165.5846750214427,128.73872846467927,-15.840356981540396,0.6660860776901245,0.10889816284179688,12.101402119364645,False,29.973873496055603,0.10889816284179688,False,False,False,False,False,False,False,22.148593871779592,0.0
50.0,KL007,52.28353362387265,5.473331457291775,144.46883490093214,146.79357863122667,130.7415823256286,30.39356312073113,-0.6142451763153076,0.25113415718078613,18.340788486787325,False,-27.641032934188843,0.25113415718078613,False,False,False,False,False,False,False,14.221651424762426,0.0
50.0,KL008,51.907094399045945,4.440383400630929,162.99999999999994,165.5846750214427,136.0669983311579,16.903436445816226,-0.9351142048835754,0.2467571496963501,21.569724766722896,False,-42.080139219760895,0.2467571496963501,False,False,False,False,False,False,False,36.06765308529727,0.0
50.0,KL009,52.43600489541963,3.8110073956749706,154.10229914137932,156.56366588736842,106.15787486086104,-32.0780685639788,0.5316662788391113,0.6731219291687012,15.2591209455024,False,-10.000000000000004,0.6731219291687012,True,True,False,True,False,False,False,28.230676922819857,0.0
50.0,KL0010,52.5228781029379,4.203159439145764,143.77729156427716,146.09210615971003,154.42523245064152,-59.929182018219905,-0.9695398807525635,0.8326969146728516,15.2591209455024,False,-43.629294633865356,0.8326969146728516,False,False,False,False,False,False,False,28.51192871817664,0.0
60.0,KL001,51.34733946072225,3.2710975869309955,161.75505955110776,164.32265162675708,146.19819801210528,-0.448548684707049,0.5980908870697021,-0.10598009824752808,11.683552292428727,False,26.914089918136597,-0.10598009824752808,False,False,False,False,False,False,False,21.527432516742692,0.0
60.0,KL002,51.50386710640661,3.45651309151251,162.99999999999994,165.5846750214427,122.68180676049064,-7.918020073794821,-0.8206782937049866,0.6898674964904785,11.683552292428727,False,-36.930523216724396,0.6898674964904785,False,False,False,False,False,False,False,21.088283988324882,0.0
60.0,KL003,52.45370354597493,5.078359087913649,141.1844853365049,143.4619302541844,102.05010509161649,-40.52842865835669,-0.35366714000701904,0.1910877227783203,16.927278136153546,False,-5.000000000000002,0.1910877227783203,True,False,False,False,True,False,False,11.00590143660453,0.0
60.0,KL004,52.111517855377905,4.913208916142762,162.51154109039595,165.08952018542138,159.84245616246247,-69.90426665940672,-0.9649602174758911,0.7934808731079102,20.7485317848442,False,-43.4232097864151,0.7934808731079102,False,False,False,False,False,False,False,34.681119476414985,0.0
60.0,KL005,51.59086110497396,4.167619959286461,156.81915368821933,159.31846969160682,124.41432998942051,-0.8619178598838175,-0.8208520412445068,0.3157156705856323,16.750145184212936,False,-36.93834185600281,0.3157156705856323,False,False,False,False,False,False,False,26.69024054821808,0.0
60.0,KL006,51.456376921895625,3.774772311500547,162.99999999999994,165.5846750214427,127.09886389749276,-0.1088041317684656,-0.5989730954170227,0.5488630533218384,12.237285099703117,False,-26.95378929376602,0.5488630533218384,False,False,False,False,False,False,False,22.403230029144243,0.0
60.0,KL007,52.2914234776218,5.4559748407232584,145.3296726089806,147.6667537185249,129.359450045688,12.879047613222156,0.757616400718689,-0.3664211630821228,16.927278136153546,False,34.092738032341,-0.3664211630821228,False,False,False,False,False,False,False,16.78824965248962,0.0
60.0,KL008,51.92177976727697,4.443898478799669,162.99999999999994,165.5846750214427,134.43344636130809,1.1791577971002027,0.24660062789916992,0.146889328956604,20.7485317848442,False,11.097028255462646,0.146889328956604,False,False,False,False,False,False,False,36.258116905556335,0.0
60.0,KL009,52.42395902280093,3.8235077627968885,156.4103667786105,158.90398941619415,104.94216697543679,-42.63510396971333,0.8476123809814453,0.6053210496902466,15.407473329462587,False,-5.000000000000002,0.6053210496902466,True,True,False,True,False,False,False,28.78154670359013,0.0
60.0,KL0010,52.5133071785649,4.21839145005493,146.63267460943857,148.98838250925706,153.92570837750227,-78.07042033715342,-0.9694777727127075,0.8423868417739868,15.407473329462587,False,-43.62649977207184,0.8423868417739868,False,False,False,False,False,False,False,28.78154670359013,0.0
70.0,KL001,51.360906788090496,3.280147857156958,161.3910738012377,163.95366076443747,144.58220603524427,15.624793558164157,-0.4821740388870239,0.35935163497924805,11.717648860545397,False,-21.697831749916077,0.35935163497924805,False,False,False,False,False,False,False,21.588771186316325,0.0
70.0,KL002,51.51624114329802,3.4696888514735393,162.99999999999994,165.5846750214427,121.0965367375429,-23.96288558905158,0.4784151315689087,0.4291081428527832,11.717648860545397,False,21.52868092060089,0.4291081428527832,False,False,False,False,False,False,False,20.47173123524644,0.0
70.0,KL003,52.44112719510707,5.083491963995535,141.83939661982953,144.126301792308,101.04311939993548,-46.11208759144799,0.010884761810302734,0.5166081190109253,15.564068867037172,False,0.48981428146362305,0.5166081190109253,False,False,False,False,False,False,False,13.775220086283607,0.0
70.0,KL004,52.09790917720492,4.922863182862593,162.99999999999994,165.5846750214427,159.54585841558293,-86.31391848377245,-0.9917460680007935,0.8276269435882568,20.05608974366239,False,-44.628573060035706,0.8276269435882568,False,False,False,False,False,False,False,30.83255342960318,0.0
70.0,KL005,51.602701428128945,4.180747321484217,157.90144266405866,160.41580367711038,122.83710642989483,-17.323069754628875,0.747062087059021,0.08311164379119873,16.670950378081468,False,33.617793917655945,0.08311164379119873,False,False,False,False,False,False,False,30.544290658733622,0.0
70.0,KL006,51.46713155130419,3.7911955593308955,162.99999999999994,165.5846750214427,125.46534507139972,-16.046607337990338,0.6439195871353149,0.13912200927734375,12.375245575242577,False,28.976381421089172,0.13912200927734375,False,False,False,False,False,False,False,22.661865262180186,0.0
70.0,KL007,52.29958254309437,5.439187009763683,144.07252338931855,146.391578868382,128.00839612956258,31.025286617315487,-0.5040309429168701,0.10435426235198975,15.564068867037172,False,-15.000000000000002,0.10435426235198975,True,False,False,False,True,False,False,10.821394486094574,0.0
70.0,KL008,51.936459834014784,4.447686031106887,162.99999999999994,165.5846750214427,132.8008967796601,12.385510078612242,-0.8517476320266724,0.1608572006225586,20.05608974366239,False,-20.0,0.1608572006225586,True,True,False,True,False,False,False,36.60110419521421,0.0
70.0,KL009,52.412769842662506,3.838537459794455,158.4858953833515,161.00836366657325,103.85619913302504,-48.292159665944354,0.8686131238937378,0.7181320190429688,15.667418874714365,False,0.0,-1.0,True,True,True,True,False,True,True,29.259343033607024,0.0
70.0,KL0010,52.5068269005779,4.238012001210513,149.52128142102876,151.91807685153665,153.88041495079534,-95.91868012963742,-0.9894346594810486,0.8113834857940674,15.667418874714365,False,-44.524559676647186,0.8113834857940674,False,False,False,False,False,False,False,29.259343033607024,0.0
80.0,KL001,51.374722879994216,3.2886774498156197,162.62300332815778,165.20251113534317,142.94847550953816,-0.1604052804526077,0.33420538902282715,-0.11857396364212036,11.756071821175054,False,15.039242506027222,-0.11857396364212036,False,False,False,False,False,False,False,21.657167951940945,0.0
80.0,KL002,51.52838402479131,3.4834126433474264,162.99999999999994,165.5846750214427,119.50074671226633,-8.346299089500405,-0.8190935850143433,0.6794338226318359,11.756071821175054,False,-36.85921132564545,0.6794338226318359,False,False,False,False,False,False,False,20.52110141587971,0.0
80.0,KL003,52.42839639252884,5.088672750298729,143.61071925524823,145.9231398184225,100.03416244540749,-46.224552108669144,-0.056631267070770264,0.666295051574707,14.213375857445387,False,0.0,0.666295051574707,True,False,False,False,True,False,False,10.517031735910995,0.0
80.0,KL004,52.086433117578395,4.938188550784677,162.99999999999994,165.5846750214427,159.72040347869364,-102.73233170759829,-0.9550720453262329,0.9042215347290039,19.805440168990526,False,-42.97824203968048,0.9042215347290039,False,False,False,False,False,False,False,26.915757164329147,0.0
80.0,KL005,51.61432899443784,4.1944376480915935,158.18598323051913,160.7042927798285,121.25055229543386,-1.1282693865533702,-0.7765899896621704,0.3266024589538574,16.59778246887386,False,-34.94654953479767,0.3266024589538574,False,False,False,False,False,False,False,26.897044509981853,0.0
80.0,KL006,51.47759953303668,3.8080934783033995,162.99999999999994,165.5846750214427,123.82623558299865,-0.32020840563529873,-0.5856147408485413,0.5554375648498535,12.511719402607737,False,-26.352663338184357,0.5554375648498535,False,False,False,False,False,False,False,22.917801264761305,0.0
80.0,KL007,52.30751797330325,5.422027315673853,144.42996211423653,146.75414813765735,126.64259049130209,16.26802572906911,0.7676534652709961,-0.4768245220184326,14.213375857445387,False,34.544405937194824,-0.4768245220184326,False,False,False,False,False,False,False,16.262333234941803,0.0
80.0,KL008,51.95127392581836,4.449228524679452,162.99999999999994,165.5846750214427,131.15370459496103,-3.392047457708202,-0.036597371101379395,0.2567484378814697,19.805440168990526,False,9.999999999999995,0.2567484378814697,True,True,False,True,False,False,False,36.667813044754254,0.0
80.0,KL009,52.401858391344526,3.853462293927594,155.0557655176275,157.53047990394944,102.81356274865816,-48.95644202258151,0.896847128868103,0.7834072113037109,16.102063492705767,False,0.0,-1.0,True,True,True,True,False,True,True,30.06230059190073,0.0
80.0,KL0010,52.50409436294923,4.260305882150784,152.30354912475153,154.7396485615326,154.30360234052998,-113.43903785463512,-0.9959399104118347,0.9401051998138428,16.102063492705767,False,-44.81729596853256,0.9401051998138428,False,False,False,False,False,False,False,30.06230059190073,0.0
90.0,KL001,51.3883635484566,3.297776264008433,162.21582256593874,164.7897436918577,141.32456662147735,14.975974576225127,-0.5684052109718323,0.36334121227264404,11.790943546776887,False,-25.578234493732452,0.36334121227264404,False,False,False,False,False,False,False,21.720238368061125,0.0
90.0,KL002,51.540758061682716,3.496595498724426,162.99999999999994,165.5846750214427,117.91910298424249,-24.402894328584154,0.5754382610321045,0.004763603210449219,11.790943546776887,False,25.894721746444702,0.004763603210449219,False,False,False,False,False,False,False,20.256527907696604,0.0
90.0,KL003,52.41546968633925,5.093931727420297,145.89540656221868,148.2405820601053,99.02121972615187,-46.84858573225199,0.1500861644744873,0.799403190612793,12.90537201413481,False,6.753877401351929,0.799403190612793,False,False,False,False,False,False,False,15.15120044663457,0.0
90.0,KL004,52.077959391480064,4.958021894274568,162.99999999999994,165.5846750214427,160.35147781442166,-119.10945523128683,-0.183333158493042,0.9367167949676514,19.904840844608856,False,-8.24999213218689,0.9367167949676514,False,False,False,False,False,False,False,29.21010482464932,0.0
90.0,KL005,51.626267928234604,4.207704613571329,159.30560548632198,161.83942396384856,119.66023385274232,-17.45326398825614,0.7569241523742676,0.15261101722717285,16.527626700732874,False,34.06158685684204,0.15261101722717285,False,False,False,False,False,False,False,30.312414657090645,0.0
90.0,KL006,51.48835416244525,3.8245243680422183,162.99999999999994,165.5846750214427,122.19368235286473,-16.263907900730203,0.6807410717010498,0.06815433502197266,12.65029815334032,False,30.63334822654724,0.06815433502197266,False,False,False,False,False,False,False,23.177783836649322,0.0
90.0,KL007,52.31612382773787,5.406088335727625,142.79417344729464,145.09484491171492,125.33902523790147,34.60900312153291,-0.5038563013076782,0.32012438774108887,12.90537201413481,False,-22.67353355884552,0.32012438774108887,False,False,False,False,False,False,False,11.657953740528413,0.0
90.0,KL008,51.96611052979111,4.450860012057086,162.99999999999994,165.5846750214427,129.50410554169815,6.657456916799617,-0.6556264758110046,0.2143336534500122,19.904840844608856,False,5.000000000000002,0.2143336534500122,True,True,False,True,False,False,False,36.85500572161321,0.0
90.0,KL009,52.39118863283403,3.868052972470444,151.62564654270318,154.05219417902543,101.80765446680134,-49.61907848375321,0.8579955101013184,0.8358080387115479,16.675095086391604,False,0.0,-1.0,True,True,True,True,False,True,True,31.12186648208067,0.0
90.0,KL0010,52.50542368559249,4.2834088795127325,155.5272754176443,158.00857871713103,155.16551830743074,-130.5584903053019,-0.9903084635734558,0.971204400062561,16.675095086391604,False,-44.56388086080551,0.971204400062561,False,False,False,False,False,False,False,31.12186648208067,0.0
100.0,KL001,51.402287955616714,3.3060223814811387,162.99999999999994,165.5846750214427,139.68450891114762,-0.7742603251652156,0.04348182678222656,-0.0975184440612793,11.838106363523142,False,1.9566822052001953,-0.0975184440612793,False,False,False,False,False,False,False,21.804863343886307,0.0
100.0,KL002,51.552900943176006,3.5103266847044514,162.99999999999994,165.5846750214427,116.3267347985683,-8.797978486669763,-0.5408082008361816,0.47064006328582764,11.838106363523142,False,-24.336369037628174,0.47064006328582764,False,False,False,False,False,False,False,21.804863343886307,0.0
100.0,KL003,52.4020527292128,5.09708219679556,148.63659783841126,151.02083982676677,97.89538164935206,-40.67904137402434,0.1708376407623291,0.829197883605957,11.692511556261717,False,7.68769383430481,0.829197883605957,False,False,False,False,False,False,False,13.546311543122195,0.0
100.0,KL004,52.07258165737412,4.980592970993944,162.99999999999994,165.5846750214427,161.33851417359662,-127.8413221313096,-0.0413670539855957,0.9455838203430176,20.168023610176288,False,-1.8615174293518066,0.9455838203430176,False,False,False,False,False,False,False,27.99949845595321,0.0
100.0,KL005,51.63801375404247,4.221551625333932,159.82849849896178,162.3695447555009,118.05806897242378,-1.4328070142063325,-0.71100914478302,0.35362708568573,16.464725382182905,False,-31.9954115152359,0.35362708568573,False,False,False,False,False,False,False,27.247054172491485,0.0
100.0,KL006,51.49882214417774,3.8414301530517414,162.99999999999994,165.5846750214427,120.55539219248305,-0.5430900520067894,-0.5088426470756531,0.46110033988952637,12.787408505474648,False,-22.89791911840439,0.46110033988952637,False,False,False,False,False,False,False,23.435094939051297,0.0
100.0,KL007,52.32449263387748,5.3896094420787515,143.8916272069294,146.20808453368915,124.01056774895964,16.969030235338266,0.9055676460266113,-0.5165030360221863,11.692511556261717,False,40.75054407119751,-0.5165030360221863,False,False,False,False,False,False,False,17.230807007279235,0.0
100.0,KL008,51.98072553565788,4.455472545727259,162.99999999999994,165.5846750214427,127.87995282250448,11.798488296755806,-0.8903604745864868,0.09860038757324219,20.168023610176288,False,9.999999999999995,0.09860038757324219,True,True,False,True,False,False,False,37.34659049526223,0.0
100.0,KL009,52.380760566777404,3.882309737665707,148.19553845854372,150.57351190974282,100.83794794139163,-50.27939097649434,0.8875949382781982,0.882972002029419,17.340334502444467,False,0.0,-1.0,True,True,True,True,False,True,True,32.351078869590054,0.0
100.0,KL0010,52.51078958956496,4.3054088602795275,158.85765012156287,161.38526890619391,156.39736648450227,-147.22588178940742,-0.96800696849823,0.965111255645752,17.340334502444467,False,-43.56031358242035,0.965111255645752,False,False,False,False,False,False,False,32.351078869590054,0.0
110.0,KL001,51.41663711437433,3.3122204141730145,162.66503061223554,165.24511471019397,138.03248049153794,1.195988766140772,0.07739174365997314,-0.5515409708023071,11.917922965747646,False,3.4826284646987915,-0.5515409708023071,False,False,False,False,False,False,False,21.948894722453215,0.0
110.0,KL002,51.565274980067414,3.5235166455599645,162.99999999999994,165.5846750214427,114.74901467125594,-24.867245835293602,0.31079912185668945,0.045644164085388184,11.917922965747646,False,13.985960483551025,0.045644164085388184,False,False,False,False,False,False,False,21.948894722453215,0.0
110.0,KL003,52.38824665015989,5.09741641068252,151.47996508482623,153.90445795676783,96.6363819667468,-33.50914265921625,0.24679172039031982,0.7839219570159912,10.660660125749688,False,11.105627417564392,0.7839219570159912,False,False,False,False,False,False,False,16.895172714389247,0.0
110.0,KL004,52.068077953891894,5.003684024896017,162.99999999999994,165.5846750214427,162.41804773493817,-130.15635718779308,0.9413222074508667,0.877816915512085,19.52969675027097,False,42.359499335289,0.877816915512085,False,False,False,False,False,False,False,33.774451141993815,0.0
110.0,KL005,51.65007681202029,4.234983174048626,161.04079992020945,163.59856582908117,116.45154521858757,-17.59284775044378,0.8272428512573242,0.18703436851501465,16.405353972520142,False,37.22592830657959,0.18703436851501465,False,False,False,False,False,False,False,30.115964893787243,0.0
110.0,KL006,51.5095767735863,3.8578686940704685,162.99999999999994,165.5846750214427,118.9238814958464,-16.493164005136293,0.692230224609375,-0.09683120250701904,12.926560050238368,False,31.150360107421875,-0.09683120250701904,False,False,False,False,False,False,False,23.696338228124308,0.0
110.0,KL007,52.333087815878066,5.373781345957343,142.1197577595012,144.41070842040722,122.72150322793385,35.40649893599954,-0.27450335025787354,0.33728575706481934,10.660660125749688,False,-12.352650761604309,0.33728575706481934,False,False,False,False,False,False,False,15.856861303808646,0.0
110.0,KL008,51.994796407981426,4.46328504680518,162.99999999999994,165.5846750214427,126.31875703767032,22.041022752886192,-0.9695543050765991,0.18207669258117676,20.440747675545836,False,0.0,0.18207669258117676,True,True,False,True,False,False,False,37.85611649280536,0.0
110.0,KL009,52.37057419126826,3.896232828154149,144.76544126511465,147.09443872570986,99.90389369096371,-50.93668861593537,0.964465856552124,0.9245551824569702,18.054142447869996,False,0.0,-1.0,True,True,True,True,False,True,True,33.66777266309006,0.0
110.0,KL0010,52.51984326407344,4.324495332877732,162.16711704083247,164.74036950776096,157.90022566679022,-163.42041035222536,-0.8698264360427856,0.918677806854248,18.054142447869996,False,-39.142189621925354,0.918677806854248,False,False,False,False,False,False,False,33.66777266309006,0.0
120.0,KL001,51.430585922399594,3.3196532175662177,160.77293452303388,163.32701065142666,136.40346823220773,4.731337664178255,-0.25968700647354126,-0.38934218883514404,11.993874522678881,False,-11.685915291309357,-0.38934218883514404,False,False,False,False,False,False,False,22.086627918536493,0.0
120.0,KL002,51.57745369283885,3.537189423622697,162.99999999999994,165.5846750214427,113.16139106105439,-11.11524994776076,-0.47640103101730347,0.5189676284790039,11.993874522678881,False,-21.438046395778656,0.5189676284790039,False,False,False,False,False,False,False,22.086627918536493,0.0
120.0,KL003,52.37436125263569,5.094021598466177,154.1680437782454,156.6303319098725,95.2337676997224,-22.811529379251226,0.11834132671356201,0.6796808242797852,9.86450637118839,False,5.3253597021102905,0.6796808242797852,False,False,False,False,False,False,False,16.29285008636576,0.0
120.0,KL004,52.06150564646359,5.025335052265482,162.99999999999994,165.5846750214427,163.30486654721116,-114.83142838480845,0.7189552783966064,0.867581844329834,18.953154870900537,False,32.35298752784729,0.867581844329834,False,False,False,False,False,False,False,34.14359372945059,0.0
120.0,KL005,51.661956935133944,4.249004340289216,161.68174666707043,164.24833101131398,114.83177964814361,-1.7650286992590338,-0.6660765409469604,0.30187273025512695,16.35567683906401,False,-29.97344434261322,0.30187273025512695,False,False,False,False,False,False,False,27.56209185931901,0.0
120.0,KL006,51.52002004966689,3.874752893941833,162.66738759419664,165.24750400991522,117.28977169817405,-0.7456456971453918,-0.604693591594696,0.7532057762145996,13.066528214259685,False,-27.211211621761322,0.7532057762145996,False,False,False,False,False,False,False,23.959126605764588,0.0
120.0,KL007,52.34166979060451,5.357662739868598,143.2760707503018,145.58367882590915,121.41744228043214,23.360691462139584,0.8649367094039917,-0.2569845914840698,9.86450637118839,False,38.92215192317963,-0.2569845914840698,False,False,False,False,False,False,False,17.25087458142687,0.0
120.0,KL008,52.008646618690946,4.472170900570945,162.99999999999994,165.5846750214427,124.7853677651211,22.32270671692936,-0.9755950570106506,0.39598381519317627,20.676483139618572,False,0.0,0.39598381519317627,True,True,False,True,False,False,False,35.43946207935637,0.0
120.0,KL009,52.36062950267362,3.909822479226414,141.33535496238156,143.61498046726155,99.00491995853089,-51.59026969863055,0.9614191055297852,0.9559141397476196,18.767355691816885,False,-45.0,1.0,True,True,True,True,False,True,True,34.97966719259009,0.0
120.0,KL0010,52.53181928313884,4.33891232921887,162.99999999999994,165.5846750214427,159.53727666652256,-179.3261117171403,0.32318806648254395,0.8485960960388184,18.767355691816885,False,14.543462991714478,0.8485960960388184,False,False,False,False,False,False,False,34.97966719259009,0.0
130.0,KL001,51.444881084206344,3.3239312437974773,159.43712570924842,161.97276306596666,134.7888866967015,-6.9935886829104845,0.4431800842285156,-0.45436394214630127,12.131850005530755,False,19.943103790283203,-0.45436394214630127,False,False,False,False,False,False,False,22.337949155709275,0.0
130.0,KL002,51.59008428015244,3.549741285636886,162.99999999999994,165.5846750214427,111.60488966528243,-27.22375999724818,0.46671462059020996,0.1487656831741333,12.131850005530755,False,21.00215792655945,0.1487656831741333,False,False,False,False,False,False,False,22.337949155709275,0.0
130.0,KL003,52.36065896164897,5.087443285654061,156.49860576831153,158.99345785068394,93.7284462117845,-17.789854515248862,0.007864236831665039,0.5752143859863281,9.399545321524728,False,0.35389065742492676,0.5752143859863281,False,False,False,False,False,False,False,17.23580135695124,0.0
130.0,KL004,52.0515530284267,5.043247279159675,162.99999999999994,165.5846750214427,163.7931694886618,-99.56762005451077,-0.147513747215271,0.8880658149719238,18.62996838482824,False,-6.638118624687195,0.8880658149719238,False,False,False,False,False,False,False,32.66522769429514,0.0
130.0,KL005,51.67414339458301,4.262593787333488,162.7165440866798,165.2973344660289,113.20958060255657,-17.767901586513403,0.8204703330993652,0.1589874029159546,16.30692961460243,False,36.921164989471436,0.1589874029159546,False,False,False,False,False,False,False,29.958061963042244,0.0
130.0,KL006,51.530768911551874,3.891208823452146,162.99999999999994,165.5846750214427,115.65924033193,-16.702163870414665,0.7022111415863037,-0.05547565221786499,13.233971889219598,False,31.599501371383667,-0.05547565221786499,False,False,False,False,False,False,False,24.27261097328838,0.0
130.0,KL007,52.35120847045741,5.343303971432695,142.3942546351699,144.68916363179068,120.20643128492874,41.84522540235491,-0.6105117201805115,0.5445427894592285,9.399545321524728,False,-27.473027408123016,0.5445427894592285,False,False,False,False,False,False,False,16.619673025821154,0.0
130.0,KL008,52.02249682940047,4.481059504992337,162.99999999999994,165.5846750214427,123.25506950214414,22.611390636514898,-0.971714437007904,0.4275604486465454,20.83700994340982,False,0.0,0.4275604486465454,True,True,False,True,False,False,False,33.211601795663064,0.0
130.0,KL009,52.35213122442607,3.9262326410108317,144.76453288364263,147.09351732135784,98.31780898483987,-70.20630074802679,0.9770689010620117,0.9121657609939575,19.415423588433114,False,-45.0,1.0,True,True,True,True,False,True,True,36.17013916407649,0.0
130.0,KL0010,52.54357175282282,4.353832640246402,162.99999999999994,165.5846750214427,161.16925624722583,-164.87840521393133,-0.9132695198059082,0.9174942970275879,19.415423588433114,False,-41.09712839126587,0.9174942970275879,False,False,False,False,False,False,False,36.17013916407649,0.0
140.0,KL001,51.45871388597291,3.3302491637049174,157.87832079764087,160.39236082504047,133.1907839215222,9.358550997138337,-0.23311161994934082,0.09872007369995117,12.24762216991492,False,-10.490022897720337,0.09872007369995117,False,False,False,False,False,False,False,22.549630899886946,0.0
140.0,KL002,51.60249468559131,3.5628536311908316,162.99999999999994,165.5846750214427,110.03630489640807,-11.671616033355946,0.1800994873046875,-0.26259899139404297,12.24762216991492,False,8.104476928710938,-0.26259899139404297,False,False,False,False,False,False,False,22.549630899886946,0.0
140.0,KL003,52.34684526435026,5.080402489470234,158.47087947620741,160.99313961725417,92.19748570927511,-17.737830274433122,-0.22988593578338623,0.6231293678283691,9.1282278686304,False,-10.34486711025238,0.6231293678283691,False,False,False,False,False,False,False,16.4795327838502,0.0
140.0,KL004,52.041277562169746,5.0607566175692895,162.99999999999994,165.5846750214427,164.25545372022376,-106.7677712800346,-0.006769239902496338,0.9153993129730225,18.36066701923947,False,-0.3046157956123352,0.9153993129730225,False,False,False,False,False,False,False,31.60449271214266,0.0
140.0,KL005,51.686116383548836,4.276746993256838,162.99999999999994,165.5846750214427,111.5776739945942,-2.0770909692211603,-0.6465169787406921,0.6736721992492676,16.265491662866182,False,-29.093264043331146,0.6736721992492676,False,False,False,False,False,False,False,27.655396043345995,0.0
140.0,KL006,51.54121679621729,3.9081229189630973,162.80922169228288,165.39128249756428,114.02456983416349,-0.9747278880418264,-0.5252212285995483,0.7988646030426025,13.399448640018756,False,-23.634955286979675,0.7988646030426025,False,False,False,False,False,False,False,20.536158351980518,0.0
140.0,KL007,52.360600481549696,5.3282984252020125,144.26138099958598,146.58314780629885,118.96223923863232,24.332151416182455,0.8971397876739502,-0.33169764280319214,9.1282278686304,False,40.37129044532776,-0.33169764280319214,False,False,False,False,False,False,False,16.765181698753917,0.0
140.0,KL008,52.03634704010999,4.489950862292556,162.99999999999994,165.5846750214427,121.72797876861777,22.9073235880212,-0.9758546352386475,0.5042219161987305,21.083383815311553,False,-5.000000000000002,0.5042219161987305,True,True,False,True,False,False,False,32.94255291880932,0.0
140.0,KL009,52.34694825517212,3.946555509339402,148.19369991712688,150.57164722421794,98.06843541904149,-88.52432470173763,0.9827518463134766,0.9022862911224365,19.868255512883717,False,-45.0,-1.0,True,True,True,True,False,True,True,36.99779700023548,0.0
140.0,KL0010,52.5557406895516,4.367813979520623,162.99999999999994,165.5846750214427,162.81120246707144,179.23240389897143,0.12077367305755615,0.8395825624465942,19.868255512883717,False,5.434815287590027,0.8395825624465942,False,False,False,False,False,False,False,36.99779700023548,0.0
150.0,KL001,51.47261373304441,3.3364874553860693,158.21639252495422,160.7351238905104,131.58679682185118,-1.1105111145540434,-0.3922238349914551,-0.07588601112365723,12.389545464175995,False,-17.65007257461548,-0.07588601112365723,False,False,False,False,False,False,False,22.805492366458893,0.0
150.0,KL002,51.61261741815658,3.580233708781507,162.09886596495528,164.67118129603583,108.39645980101814,-3.645890192306581,-0.8339521288871765,0.02315974235534668,12.389545464175995,False,-37.52784579992294,0.02315974235534668,False,False,False,False,False,False,False,22.805492366458893,0.0
150.0,KL003,52.332420429359985,5.076338606021561,160.6074774215136,163.15927313409733,90.73197927679489,-28.524656018257105,-0.19195163249969482,0.7416229248046875,9.003154146707008,False,-8.637823462486267,0.7416229248046875,False,False,False,False,False,False,False,16.786366168609604,0.0
150.0,KL004,52.031259338562755,5.078666562200282,162.99999999999994,165.5846750214427,164.77158950566582,-107.6273996746396,-0.09523212909698486,0.927119255065918,18.082052666029657,False,-4.285445809364319,0.927119255065918,False,False,False,False,False,False,False,30.06863297228838,0.0
150.0,KL005,51.69832712684707,4.290364873700238,162.99999999999994,165.5846750214427,109.9540655035071,-18.059923618160553,0.8928449153900146,0.21599352359771729,16.220355151850917,False,40.17802119255066,0.21599352359771729,False,False,False,False,False,False,False,29.81492381448413,0.0
150.0,KL006,51.55196235133802,3.9245920938444243,162.99999999999994,165.5846750214427,112.39516560007324,-16.93844499107209,0.7791481018066406,0.3597414493560791,13.353683743375706,False,35.06166458129883,0.3597414493560791,False,False,False,False,False,False,False,24.447529897386726,0.0
150.0,KL007,52.37021530519476,5.313905655808289,143.1233238829027,145.42873410264355,117.75796293102962,42.742721312515016,-0.7125463485717773,0.5059690475463867,9.003154146707008,False,-32.06458568572998,0.5059690475463867,False,False,False,False,False,False,False,16.779029880734253,0.0
150.0,KL008,52.05057728498615,4.497069851192418,162.99999999999994,165.5846750214427,120.15856549953757,18.1541873331293,-0.9620482325553894,0.49333155155181885,21.510124260147947,False,0.0,0.49333155155181885,True,True,False,True,False,False,False,33.29817084820916,0.0
150.0,KL009,52.34576923893567,3.9680996055709645,144.7636027295351,147.09257383220103,98.29363468766002,-107.1416603404335,0.9384682178497314,0.9322030544281006,20.166631620534748,False,-45.0,-1.0,True,True,True,True,False,True,True,37.54062585721126,0.0
150.0,KL0010,52.568286716979735,4.380999248257255,162.99999999999994,165.5846750214427,164.46370913832595,-175.3735276649431,-0.2687652111053467,0.869044303894043,20.166631620534748,False,-12.0944344997406,0.869044303894043,False,False,False,False,False,False,False,37.54062585721126,0.0
160.0,KL001,51.48696577871101,3.338006198328095,157.9556294942034,160.47074267304953,130.0116008355901,-17.559919221687778,0.33934712409973145,0.1655271053314209,12.650087349112919,False,15.270620584487915,0.1655271053314209,False,False,False,False,False,False,False,23.279985645801315,0.0
160.0,KL002,51.62397180845117,3.595445962304738,162.17778056454677,164.75117943409913,106.78995026172441,-19.737013957474346,0.7482900619506836,-0.40670645236968994,12.650087349112919,False,33.67305278778076,-0.40670645236968994,False,False,False,False,False,False,False,23.07863227002231,0.0
160.0,KL003,52.317562964123425,5.0762373885706635,162.99999999999994,165.5846750214427,89.39273953444128,-37.777915454669795,-0.14459574222564697,0.7155108451843262,8.976807162544787,False,-6.506808400154114,0.7155108451843262,False,False,False,False,False,False,False,16.703666037384632,0.0
160.0,KL004,52.022015317978266,5.097637355134303,162.99999999999994,165.5846750214427,165.4083757384958,-112.4507324814775,0.24830806255340576,0.9166759252548218,17.762305311513206,False,11.17386281490326,0.9166759252548218,False,False,False,False,False,False,False,30.688151693092006,0.0
160.0,KL005,51.71030011581289,4.304525644078019,162.99999999999994,165.5846750214427,108.32352171507038,-2.377489009370379,-0.4884892702102661,0.7361799478530884,16.180155038091822,False,-21.982017159461975,0.7361799478530884,False,False,False,False,False,False,False,28.22399123398394,0.0
160.0,KL006,51.56242099911428,3.9415364287233947,162.99999999999994,165.5846750214427,110.75958761646218,-1.2366606510335032,-0.4871184825897217,0.843881368637085,13.427586193933202,False,-21.920331716537476,0.843881368637085,False,False,False,False,False,False,False,18.775096846795773,0.0
160.0,KL007,52.3796750773613,5.298876685488786,144.85815439859758,147.18848088153945,116.52151275756269,25.324214733232907,0.8815807104110718,-0.4766286015510559,8.976807162544787,False,39.67113196849823,-0.4766286015510559,False,False,False,False,False,False,False,16.720105777136872,0.0
160.0,KL008,52.06485156673486,4.5039697271100545,162.99999999999994,165.5846750214427,118.5860644585472,18.400433953475954,-0.9644775986671448,0.472476601600647,22.073729937082106,False,0.0,0.472476601600647,True,True,False,True,False,False,False,35.11052641810716,0.0
160.0,KL009,52.34864416761274,3.9886819037084402,141.3335164326391,143.613115368955,98.95863474043763,-126.08116430768018,0.6837091445922852,0.9261167049407959,20.319142064781033,False,-35.0,-1.0,True,True,True,True,False,True,True,37.81444471709996,0.0
160.0,KL0010,52.581732805877685,4.391407884706985,162.99999999999994,165.5846750214427,166.11240801422187,172.56660300918566,0.22901153564453125,0.844674825668335,20.319142064781033,False,10.305519104003906,0.844674825668335,False,False,False,False,False,False,False,37.81444471709996,0.0
170.0,KL001,51.50134279234505,3.340137273661353,158.52282415326286,161.04580428851324,128.42412317581162,-2.3963841284933665,-0.40171921253204346,0.03094327449798584,12.906637653961837,False,-18.077364563941956,0.03094327449798584,False,False,False,False,False,False,False,23.74759063671272,0.0
170.0,KL002,51.63495600491919,3.611054450349862,160.78241434905436,163.336621103634,105.18859270382276,-3.868236791278804,-0.7792835235595703,0.1821080446243286,12.906637653961837,False,-35.067758560180664,0.1821080446243286,False,False,False,False,False,False,False,23.74759063671272,0.0
170.0,KL003,52.30279458296773,5.079279004950029,162.99999999999994,165.5846750214427,88.2008791771251,-45.02699356521893,-0.2558640241622925,0.7961210012435913,9.146576863074177,False,-11.513881087303162,0.7961210012435913,False,False,False,False,False,False,False,17.0177012998038,0.0
170.0,KL004,52.01136287419498,5.114482279401464,162.99999999999994,165.5846750214427,165.8576160495538,-101.83373495100665,-0.14350074529647827,0.8874156475067139,17.54567473114493,False,-6.457533538341522,0.8874156475067139,False,False,False,False,False,False,False,29.68021950230766,0.0
170.0,KL005,51.722510859111125,4.318150805717734,162.99999999999994,165.5846750214427,106.70158750592813,-18.36976041432797,0.8957340717315674,0.263271689414978,16.1373051858919,False,40.30803322792053,0.263271689414978,False,False,False,False,False,False,False,29.677255983750847,0.0
170.0,KL006,51.57316655423501,3.958013283546127,162.99999999999994,165.5846750214427,109.1314986024507,-17.208492258001172,0.8065199851989746,0.2813735008239746,13.459693494747981,False,36.29339933395386,0.2813735008239746,False,False,False,False,False,False,False,24.654133732109177,0.0
170.0,KL007,52.38932909954248,5.284514916953491,143.2230363061874,145.52988136412242,115.33018170065239,43.734878656716205,-0.867945671081543,0.5346853733062744,9.146576863074177,False,-39.057555198669434,0.5346853733062744,False,False,False,False,False,False,False,17.0177012998038,0.0
170.0,KL008,52.07912584848357,4.510871808782216,162.99999999999994,165.5846750214427,117.01581258489713,18.653292743587826,-0.8684369325637817,0.3243997097015381,22.570316822455858,False,0.0,0.3243997097015381,True,True,False,True,False,False,False,37.9888624379943,0.0
170.0,KL009,52.35518461564685,4.006278248527499,137.9034410264045,140.13327788451286,99.9772707581998,-145.28687644534477,0.8118143081665039,0.8876247406005859,20.43487086924815,False,-45.0,-1.0,True,True,True,True,False,True,True,38.025679553027416,0.0
170.0,KL0010,52.59478691328273,4.403125946530969,162.99999999999994,165.5846750214427,167.76589649920143,-177.12807907449698,-0.1986127495765686,0.8761463165283203,20.43487086924815,False,-8.937573730945587,0.8761463165283203,False,False,False,False,False,False,False,38.025679553027416,0.0
180.0,KL001,51.51577086946139,3.341251439460219,158.62844471632758,161.1528885400691,126.84867803846487,-18.795626851270526,0.2868739366531372,0.18945848941802979,13.206538245125824,False,12.909327149391174,0.18945848941802979,False,False,False,False,False,False,False,24.295773595266375,0.0
180.0,KL002,51.646241264833385,3.626230302715189,161.40646646451566,163.9692651862505,103.59144531413371,-20.044162837277042,0.8253982067108154,-0.3381175398826599,13.206538245125824,False,37.142919301986694,-0.3381175398826599,False,False,False,False,False,False,False,22.94771405803446,0.0
180.0,KL003,52.28851357687651,5.086011026334505,162.99999999999994,165.5846750214427,87.22138751961047,-57.41308048690507,-0.2932584285736084,0.8545814752578735,9.443386975718358,False,-13.196629285812378,0.8545814752578735,False,False,False,False,False,False,False,17.546355957176434,0.0
180.0,KL004,52.00107689927778,5.131960730837781,162.99999999999994,165.5846750214427,166.38000379017308,-108.83985222175062,0.45943260192871094,0.8824096918106079,17.34067393155918,False,20.674467086791992,0.8824096918106079,False,False,False,False,False,False,False,31.921247952866317,0.0
180.0,KL005,51.73448384807695,4.332319151165741,162.99999999999994,165.5846750214427,105.07253794403222,-2.6964885779434553,-0.4733911156654358,0.8399019241333008,16.099424940369385,False,-21.30260020494461,0.8399019241333008,False,False,False,False,False,False,False,28.26699101961978,0.0
180.0,KL006,51.58362520201127,3.9749655232187076,162.99999999999994,165.5846750214427,107.49706753331037,-1.5145014171608864,-0.4648205041885376,0.8693445920944214,13.534090155541024,False,-20.916922688484192,0.8693445920944214,False,False,False,False,False,False,False,18.91592430398317,0.0
180.0,KL007,52.39883305985718,5.269513668668834,145.05635278188603,147.38951942379268,114.10640712528121,26.359069984783616,0.8330409526824951,-0.47680044174194336,9.443386975718358,False,37.48684287071228,-0.47680044174194336,False,False,False,False,False,False,False,17.546355957176434,0.0
180.0,KL008,52.09340013023228,4.517776098048294,162.99999999999994,165.5846750214427,115.44790161959115,18.91302346737848,-0.9066346287727356,0.44413459300994873,22.617632834924933,False,0.0,0.44413459300994873,True,True,False,True,False,False,False,41.39701653842642,0.0
180.0,KL009,52.364612009378874,4.0191264450270925,134.47337651079653,136.65306763715006,101.22401478654038,-164.7295644066392,0.09090209007263184,0.8955990076065063,20.538118899794313,False,-45.0,-1.0,True,True,True,True,False,True,True,38.217882574203436,0.0
180.0,KL0010,52.60831011310994,4.4133303918411775,162.99999999999994,165.5846750214427,169.4152503074988,173.97359986899346,0.1862022876739502,0.884188175201416,20.538118899794313,False,8.379102945327759,0.884188175201416,False,False,False,False,False,False,False,38.217882574203436,0.0
190.0,KL001,51.53025474160354,3.3428154926071825,159.27771295220478,161.81114560636735,125.26037945103263,-6.017768886797228,-0.32934606075286865,0.1511075496673584,13.50730434586687,False,-14.82057273387909,0.1511075496673584,False,False,False,False,False,False,False,24.846025269064874,0.0
190.0,KL002,51.6571719378107,3.641819366728857,160.24633706127895,162.79315194526902,101.99721984945478,-4.128362172164344,-0.6479156613349915,0.32379162311553955,13.50730434586687,False,-29.156204760074615,0.32379162311553955,False,False,False,False,False,False,False,24.799725552140657,0.0
190.0,KL003,52.275403917987546,5.097427430775907,162.99999999999994,165.5846750214427,86.56435123144217,-71.61345305006853,0.8052020072937012,0.9052876234054565,9.867760647877253,False,36.23409032821655,0.9052876234054565,False,False,False,False,False,False,False,18.311360101752037,0.0
190.0,KL004,51.98947336320598,5.146997406212105,162.99999999999994,165.5846750214427,166.70221271189126,-93.57948535401692,-0.34559428691864014,0.8194456100463867,17.264334859454188,False,-30.000000000000004,0.8194456100463867,True,True,False,True,False,False,False,29.306898787775964,0.0
190.0,KL005,51.74669459137518,4.345951604222148,162.99999999999994,165.5846750214427,103.45243230266176,-18.69907301377478,0.902595043182373,0.5255383253097534,16.05889376905476,False,40.61677694320679,0.5255383253097534,False,False,False,False,False,False,False,29.547646991667275,0.0
190.0,KL006,51.594370757132,3.991450067407643,162.99999999999994,165.5846750214427,105.87041195664361,-17.49518519525853,0.7532455921173096,0.4281017780303955,13.566258613162178,False,33.89605164527893,0.4281017780303955,False,False,False,False,False,False,False,24.860246870155642,0.0
190.0,KL007,52.408530552171364,5.255180126155575,143.4206447124872,145.73033232615424,112.92868860809408,44.765084505105904,-0.9271153211593628,0.4900648593902588,9.867760647877253,False,-41.720189452171326,0.4900648593902588,False,False,False,False,False,False,False,18.311360101752037,0.0
190.0,KL008,52.107674411980994,4.524682596749718,162.99999999999994,165.5846750214427,113.88242821575196,19.1798990742098,-0.8878165483474731,0.4680612087249756,22.66112896868497,False,0.0,0.4680612087249756,True,True,False,True,False,False,False,36.57123212003765,0.0
190.0,KL009,52.3758139248486,4.025939706713822,131.0433228857804,133.17249109184183,102.54895327907509,175.587677060229,-0.385525107383728,0.6426973342895508,20.743214627862276,False,-45.0,-1.0,True,True,True,True,False,True,True,38.60595382017848,0.0
190.0,KL0010,52.621311410330854,4.42524463626852,162.99999999999994,165.5846750214427,171.06981183046972,-177.65264709370172,-0.11087578535079956,0.8920443058013916,20.743214627862276,False,-4.98941034078598,0.8920443058013916,False,False,False,False,False,False,False,38.60595382017848,0.0
200.0,KL001,51.54480978017399,3.3426517980419406,159.79544972096906,162.33603944396046,123.6947080563737,-21.02705282976001,0.34031927585601807,0.44524669647216797,13.874973968185184,False,15.314367413520813,0.44524669647216797,False,False,False,False,False,False,False,25.52008243445811,0.0
200.0,KL002,51.66843457025457,3.657029582452374,161.35631265782948,163.9184213769171,100.40253793428194,-20.32190368605771,0.39124906063079834,0.4157158136367798,13.639349661001692,False,17.606207728385925,0.4157158136367798,False,False,False,False,False,False,False,25.056252831425414,0.0
200.0,KL003,52.26186438910059,5.107373010283731,162.99999999999994,165.5846750214427,85.83344470574812,-56.77788908408141,-0.5057502388954163,0.7810490131378174,10.569104113853426,False,-22.75876075029373,0.7810490131378174,False,False,False,False,False,False,False,19.59278532141184,0.0
200.0,KL004,51.978129908868205,5.162544376623185,162.99999999999994,165.5846750214427,167.0848696975164,-109.96010307938704,0.49672842025756836,0.9006460905075073,17.15653538683714,False,-30.000000000000004,0.9006460905075073,True,True,False,True,False,False,False,25.48029345400902,0.0
200.0,KL005,51.758667580341005,4.360127535375921,162.99999999999994,165.5846750214427,101.82502540637209,-3.035850383537934,0.18107807636260986,0.7740281820297241,16.02336382625807,False,8.148513436317444,0.7740281820297241,False,False,False,False,False,False,False,29.501150946680323,0.0
200.0,KL006,51.60482940490826,4.008410221576665,162.99999999999994,165.5846750214427,104.23723995648072,-1.809730027727113,-0.4538770318031311,0.8469725847244263,13.639349661001692,False,-20.4244664311409,0.8469725847244263,False,False,False,False,False,False,False,21.448601941967645,0.0
200.0,KL007,52.418068926806896,5.240218218769602,145.1009288563645,147.43473408567579,111.7195716679384,27.41682817802183,0.714989185333252,-0.5242606401443481,10.569104113853426,False,32.17451333999634,-0.5242606401443481,False,False,False,False,False,False,False,19.59278532141184,0.0
200.0,KL008,52.121948693729706,4.531591306729968,162.99999999999994,165.5846750214427,112.31949426089167,19.454206501148974,-0.9192655682563782,0.3761603832244873,22.71613667163607,False,-5.000000000000002,0.3761603832244873,True,True,False,True,False,False,False,41.490872542708665,0.0
200.0,KL009,52.38744748290804,4.0260928265429685,127.613280151322,129.69155491851657,103.79544252681892,155.62941211411862,-0.7712807655334473,0.4594346284866333,21.09072429631588,False,-34.70763444900513,-1.0,True,True,True,True,False,True,True,39.26270168686755,0.0
200.0,KL0010,52.63463990618149,4.436175840114548,162.99999999999994,165.5846750214427,172.7238762030889,177.37825034123966,0.12813889980316162,0.8483014106750488,21.09072429631588,False,5.766250491142273,0.8483014106750488,False,False,False,False,False,False,False,39.26270168686755,0.0
210.0,KL001,51.55948579360564,3.343583103471986,161.32197230749063,163.88360852914366,122.09837109112564,-5.873869245031472,-0.028461337089538574,0.38210177421569824,14.234594203441457,False,-1.2807601690292358,0.38210177421569824,False,False,False,False,False,False,False,26.18020314490389,0.0
210.0,KL002,51.67953663366948,3.672859618535814,162.78155038528618,165.3632319043428,98.78615204580778,-4.663044859457784,-0.8190168142318726,0.3981517553329468,13.66600634728898,False,-36.855756640434265,0.3981517553329468,False,False,False,False,False,False,False,24.989627991201115,0.0
210.0,KL003,52.24849808510632,5.117922158168705,162.99999999999994,165.5846750214427,85.17011575170042,-73.61818243109332,0.906109094619751,0.9168155193328857,11.470964486204227,False,40.774909257888794,0.9168155193328857,False,False,False,False,False,False,False,21.249304947502807,0.0
210.0,KL004,51.96982720919766,5.182519941579423,162.99999999999994,165.5846750214427,167.90433375177471,-126.28137281064696,0.7733545303344727,0.9231491088867188,16.9002346164921,False,-25.0,0.9231491088867188,True,True,False,True,False,False,False,26.013932863894905,0.0
210.0,KL005,51.768269847957484,4.378492352237112,162.99999999999994,165.5846750214427,100.17418009132676,5.1686323883653245,-0.708894670009613,0.5346531867980957,16.038619528566365,False,-31.900260150432587,0.5346531867980957,False,False,False,False,False,False,False,28.14290977056585,0.0
210.0,KL006,51.61557496002899,4.024902464571908,162.99999999999994,165.5846750214427,102.61215086435755,-17.800095596841004,0.8509557247161865,0.16238832473754883,13.66600634728898,False,38.293007612228394,0.16238832473754883,False,False,False,False,False,False,False,25.051433754501307,0.0
210.0,KL007,52.42778959801091,5.22594365961992,143.30244988338856,145.61043744608338,110.55897784054875,45.85584965350688,-0.9286526441574097,0.40796971321105957,11.470964486204227,False,-41.789368987083435,0.40796971321105957,False,False,False,False,False,False,False,21.249304947502807,0.0
210.0,KL008,52.13650640664202,4.5366764849549,162.99999999999994,165.5846750214427,110.72096197378177,14.673482406177186,-0.9317687153816223,0.14401769638061523,22.424826822962086,False,0.0,0.14401769638061523,True,True,False,True,False,False,False,38.63278612911993,0.0
210.0,KL009,52.39808369080968,4.01975087752372,124.18324830738608,126.21026599009855,104.8178458456551,135.32884596043175,-0.9414352774620056,0.641608715057373,21.673412170223177,False,-42.36458748579025,-1.0,True,True,True,True,False,True,True,40.361547440127254,0.0
210.0,KL0010,52.64741352268651,4.448776134400437,162.99999999999994,165.5846750214427,174.3785418973166,-176.87835850089064,0.3138260841369629,0.8462390899658203,21.673412170223177,False,14.12217378616333,0.8462390899658203,False,False,False,False,False,False,False,40.361547440127254,0.0
220.0,KL001,51.574210571532596,3.3467262598269345,162.63192653800652,165.21155670825752,120.45907882686325,-7.251291054925616,0.3219172954559326,0.5086979866027832,14.528263719539726,False,14.486278295516968,0.5086979866027832,False,False,False,False,False,False,False,26.72081395502772,0.0
220.0,KL002,51.69092352398236,3.6882208559774092,162.99999999999994,165.5846750214427,97.1778920396461,-20.709922606728924,0.654273509979248,-0.08556568622589111,13.736122847479452,False,29.442307949066162,-0.08556568622589111,False,False,False,False,False,False,False,24.016601699927488,0.0
220.0,KL003,52.23495855621936,5.127861706442322,162.99999999999994,165.5846750214427,84.49206936308605,-58.815330865090004,-0.35711872577667236,0.6206893920898438,12.528156134154308,False,-16.070342659950256,0.6206893920898438,False,False,False,False,False,False,False,23.19698581191631,0.0
220.0,KL004,51.965194485593294,5.205410381226504,162.99999999999994,165.5846750214427,169.0927068388808,-142.50321278443684,0.8173526525497437,0.8865311145782471,16.447352038422384,False,-15.000000000000002,0.8865311145782471,True,True,False,True,False,False,False,20.605369250790222,0.0
220.0,KL005,51.779160814371636,4.394794164259046,162.99999999999994,165.5846750214427,98.52593516699605,-10.713349628638696,0.8773891925811768,0.652295708656311,16.030610998360515,False,39.482513666152954,0.652295708656311,False,False,False,False,False,False,False,29.141286088272015,0.0
220.0,KL006,51.62603360780525,4.0418705429559685,162.99999999999994,165.5846750214427,100.98036483012513,-2.124013772417669,-0.46044135093688965,0.8080184459686279,13.736122847479452,False,-20.719860792160034,0.8080184459686279,False,False,False,False,False,False,False,19.82044320280027,0.0
220.0,KL007,52.43733247313946,5.211063890135873,144.70117869999916,147.02925480104886,109.36900075591115,28.48187890999992,0.2214052677154541,-0.43057727813720703,12.528156134154308,False,9.963237047195435,-0.43057727813720703,False,False,False,False,False,False,False,23.19698581191631,0.0
220.0,KL008,52.151096123526806,4.541536105141807,162.99999999999994,165.5846750214427,109.11965200889833,14.891249573933123,-0.939750075340271,0.22214758396148682,22.15934310778936,False,0.0,0.22214758396148682,True,True,False,True,False,False,False,40.938968704081745,0.0
220.0,KL009,52.4063848118398,4.007914127937451,120.75322735393803,122.72863138035423,105.49818430315257,114.59398527521046,-0.9023000597953796,0.7521176338195801,22.53396425348297,False,-40.603502690792084,0.7521176338195801,False,False,False,False,False,False,False,41.98163328408366,0.0
220.0,KL0010,52.65875492295944,4.464578079113532,162.99999999999994,165.5846750214427,175.9990728715046,-162.8664396383144,-0.4984091520309448,0.8831267356872559,22.53396425348297,False,-22.428411841392517,0.8831267356872559,False,False,False,False,False,False,False,41.98163328408366,0.0
230.0,KL001,51.58847473361999,3.3533641124426623,162.99999999999994,165.5846750214427,118.80853361324817,7.253136587499995,-0.7750443816184998,0.727496862411499,14.737544940341776,False,-34.87699717283249,0.727496862411499,False,False,False,False,False,False,False,27.107523071079832,0.0
230.0,KL002,51.70202026552234,3.7040638630637397,162.70602410924886,165.2866702610188,95.56405977362706,-5.062170556160112,-0.7878005504608154,0.2740936279296875,13.762524420563608,False,-35.451024770736694,0.2740936279296875,False,False,False,False,False,False,False,25.1777182061922,0.0
230.0,KL003,52.22159225222509,5.138404460544413,162.99999999999994,165.5846750214427,83.88353118543678,-75.68700189738911,0.8957502841949463,0.8349127769470215,13.684140858320466,False,40.30876278877258,0.8349127769470215,False,False,False,False,False,False,False,24.12116227524413,0.0
230.0,KL004,51.96456149488622,5.2294850578707806,162.99999999999994,165.5846750214427,170.55231729732577,-157.77306026979812,0.9112793207168579,0.8199949264526367,15.793736052005144,False,-5.000000000000002,0.8199949264526367,True,True,False,True,False,False,False,23.41676452092142,0.0
230.0,KL005,51.78976909156087,4.411580141775142,162.99999999999994,165.5846750214427,96.87584144720854,5.075923955934826,-0.7222471833229065,0.49807167053222656,16.032065546021943,False,-32.50112324953079,0.49807167053222656,False,False,False,False,False,False,False,28.087659364297103,0.0
230.0,KL006,51.636779162925976,4.05837049421297,162.99999999999994,165.5846750214427,99.35699249288378,-18.124997368745227,0.885141134262085,0.05744028091430664,13.762524420563608,False,39.83135104179382,0.05744028091430664,False,False,False,False,False,False,False,25.23999960725887,0.0
230.0,KL007,52.44675540430724,5.196193436339815,143.22399995280844,145.53085887576864,108.18911166821584,38.898554667102644,-0.8722102046012878,-0.08994370698928833,13.684140858320466,False,-39.24945920705795,-0.08994370698928833,False,False,False,False,False,False,False,25.330551869251675,0.0
230.0,KL008,52.16568584041159,4.546397318129951,162.99999999999994,165.5846750214427,107.51996517083326,15.115498887635965,-0.9336127638816833,0.13316023349761963,22.04555800382357,False,0.0,0.13316023349761963,True,True,False,True,False,False,False,35.21754355834582,0.0
230.0,KL009,52.41161076435654,3.9916782345104704,123.33232665102783,125.34657298019741,105.7834160808886,94.33110111378176,-0.9384080171585083,0.7954535484313965,23.64104700053928,False,-42.22836077213287,0.7954535484313965,False,False,False,False,False,False,False,44.05940579631209,0.0
230.0,KL0010,52.670594284523474,4.479343568133456,162.99999999999994,165.5846750214427,177.63425250574895,-178.76905022034293,0.7389822006225586,0.7831779718399048,23.64104700053928,False,33.25419902801514,0.7831779718399048,False,False,False,False,False,False,False,37.74119130730175,0.0
240.0,KL001,51.602918681459286,3.35887827179352,162.99999999999994,165.5846750214427,117.15828432527593,-8.590272068167508,0.0329364538192749,0.511825442314148,14.97859083039312,False,1.4821404218673706,0.511825442314148,False,False,False,False,False,False,False,27.55329017518875,0.0
240.0,KL002,51.71340241240919,3.7194418810553254,162.99999999999994,165.5846750214427,93.95856601244341,-21.123547398188208,0.6594789028167725,-0.1083483099937439,13.83233611879592,False,29.67655062675476,-0.1083483099937439,False,False,False,False,False,False,False,24.167495155479244,0.0
240.0,KL003,52.208052723338135,5.148337987083567,162.99999999999994,165.5846750214427,83.2608901348517,-60.91574629765066,-0.6547365188598633,0.6341112852096558,14.861647565291713,False,-29.463143348693848,0.6341112852096558,False,False,False,False,False,False,False,18.091391635688883,0.0
240.0,KL004,51.966732681485695,5.253391395034614,162.99999999999994,165.5846750214427,172.137339501391,-162.94257787812538,0.8758935928344727,0.8339033126831055,14.998364963286427,False,-5.000000000000002,0.8339033126831055,True,True,False,True,False,False,False,16.99844033756654,0.0
240.0,KL005,51.80066005797502,4.427889724609061,162.99999999999994,165.5846750214427,95.22777551897774,-10.80970179993784,0.8656508922576904,0.5889630317687988,16.024124462859753,False,38.95429015159607,0.5889630317687988,False,False,False,False,False,False,False,29.15195318298812,0.0
240.0,KL006,51.64723781070224,4.075346506546469,162.99999999999994,165.5846750214427,97.72673652756458,-2.4592376816922012,-0.1989595890045166,0.6850535869598389,13.83233611879592,False,-8.953181505203247,0.6850535869598389,False,False,False,False,False,False,False,22.34704712016674,0.0
240.0,KL007,52.454847074226535,5.179484650078817,142.9150718748903,145.2174843257869,106.91850374290613,21.230800744846306,0.6559133529663086,-0.5169351100921631,14.861647565291713,False,29.516100883483887,-0.5169351100921631,False,False,False,False,False,False,False,27.50644534415195,0.0
240.0,KL008,52.180275557296376,4.551260125279205,162.99999999999994,165.5846750214427,105.92197498221654,15.346517019470127,-0.9647374153137207,0.19810819625854492,22.038079528374368,False,0.0,0.19810819625854492,True,True,False,True,False,False,False,40.96392356735239,0.0
240.0,KL009,52.41303215425104,3.9730597030563013,126.06004376775223,128.11515221588436,105.63365241841615,74.54362700285199,-0.9884294271469116,0.9008235931396484,24.975936452215237,False,-44.47932422161102,0.9008235931396484,False,False,False,False,False,False,False,46.55919721070852,0.0
240.0,KL0010,52.682181856050384,4.494646963420994,162.99999999999994,165.5846750214427,179.2629988195158,-163.03833545999288,-0.08452951908111572,0.8344393968582153,24.975936452215237,False,-3.8038283586502075,0.8344393968582153,False,False,False,False,False,False,False,39.31039417336943,0.0
250.0,KL001,51.61767568098678,3.362092609451428,162.99999999999994,165.5846750214427,115.51471203705194,-7.208581750137938,0.05311238765716553,0.7079541683197021,15.30483972077622,False,2.3900574445724487,0.7079541683197021,False,False,False,False,False,False,False,28.15561903950604,0.0
250.0,KL002,51.72448819772386,3.7352953349505382,162.6278882152372,165.20746300873608,92.34805039615593,-5.482350569223854,-0.8093603849411011,0.21746373176574707,13.884883607939912,False,-30.000000000000004,0.21746373176574707,True,True,False,True,False,False,False,25.51696155652241,0.0
250.0,KL003,52.19468641934387,5.158874357470628,162.99999999999994,165.5846750214427,82.70962098624875,-77.81738792256442,0.9832338094711304,0.6013786792755127,14.165491208857174,False,44.24552142620087,0.6013786792755127,False,False,False,False,False,False,False,21.803513388734128,0.0
250.0,KL004,51.97017936543184,5.276901140313043,162.99999999999994,165.5846750214427,173.75899582684875,-168.06264544959063,0.8702961206436157,0.8061294555664062,14.165491208857174,False,0.0,0.8061294555664062,True,True,False,True,False,False,False,21.803513388734128,0.0
250.0,KL005,51.81126833516426,4.44468370710001,162.99999999999994,165.5846750214427,93.57778099460914,4.976676516776848,-0.7387802600860596,0.4671154022216797,16.018619271324017,False,-33.24511170387268,0.4671154022216797,False,False,False,False,False,False,False,27.815702092856235,0.0
250.0,KL006,51.65766858477805,4.092441025537786,162.99999999999994,165.5846750214427,96.09261015216957,-11.571056999131457,0.858047366142273,0.3758188486099243,13.884883607939912,False,38.61213147640228,0.3758188486099243,False,False,False,False,False,False,False,25.53644116618758,0.0
250.0,KL007,52.46317348876055,5.1634212766423415,141.14172367531205,143.41855040209666,105.69169572159225,39.89177030190001,-0.8854012489318848,0.26849520206451416,16.120949717472005,False,-39.843056201934814,0.26849520206451416,False,False,False,False,False,False,False,29.835904760115472,0.0
250.0,KL008,52.19486527418116,4.55612452795099,162.99999999999994,165.5846750214427,104.32575939019509,15.584607333750341,-0.9621422290802002,0.1649928092956543,22.183333177105133,False,0.0,0.1649928092956543,True,True,False,True,False,False,False,32.04258069017076,0.0
250.0,KL009,52.41037705210446,3.9543429122489897,129.14913213906522,131.250240584964,105.05597226231221,55.18410653044057,-0.9661461710929871,0.9274866580963135,25.604105782910473,False,-15.000000000000002,0.9274866580963135,True,True,False,True,False,False,False,47.627715966700116,0.0
250.0,KL0010,52.693197364679314,4.511175900452798,162.99999999999994,165.5846750214427,180.8773112359401,-166.9661298957792,0.768286943435669,0.7362451553344727,26.487511538922117,False,34.5729124546051,0.7362451553344727,False,False,False,False,False,False,False,32.47868179375724,0.0
260.0,KL001,51.632340134814335,3.366263172008889,162.99999999999994,165.5846750214427,113.86457843550326,-4.888857382550782,-0.33717262744903564,0.3315242528915405,15.601925208455416,False,-15.172768235206604,0.3315242528915405,False,False,False,False,False,False,False,28.70552735513011,0.0
260.0,KL002,51.73586433349226,3.7506925796573003,162.99999999999994,165.5846750214427,90.74555860518588,-21.559598449411396,0.35794901847839355,0.12846636772155762,14.045403826749782,False,16.10770583152771,0.12846636772155762,False,False,False,False,False,False,False,25.8376564949982,0.0
260.0,KL003,52.18114689045691,5.168801871755153,162.99999999999994,165.5846750214427,82.14486163372983,-63.07620134335019,0.91009521484375,0.3042418956756592,13.364190778466062,False,40.95428466796875,0.3042418956756592,False,False,False,False,False,False,False,22.194231121677905,0.0
260.0,KL004,51.973765707864324,5.300362244021747,162.99999999999994,165.5846750214427,175.3847957407838,-168.1753942522298,0.8634905815124512,0.7425317764282227,13.364190778466062,False,-5.000000000000002,0.7425317764282227,True,True,False,True,False,False,False,21.815341617659943,0.0
260.0,KL005,51.82215930157841,4.4610010704564615,162.99999999999994,165.5846750214427,91.9299110688327,-10.912971183202899,0.8533868789672852,0.6493465900421143,16.000137871224666,False,38.40240955352783,0.6493465900421143,False,False,False,False,False,False,False,28.944756713357915,0.0
260.0,KL006,51.666792006194,4.111319517927193,162.99999999999994,165.5846750214427,94.44335891582845,4.202387790350912,-0.6441805958747864,0.524770975112915,14.045403826749782,False,-28.988126814365387,0.524770975112915,False,False,False,False,False,False,False,22.3689273267588,0.0
260.0,KL007,52.471244369229545,5.146843064425945,142.06211384956623,144.35223294758913,104.44035444038941,22.13370232481094,0.4693753719329834,-0.4504815340042114,17.43621351869463,False,21.121891736984253,-0.4504815340042114,False,False,False,False,False,False,False,31.98464410912308,0.0
260.0,KL008,52.20945499106595,4.560990527508275,162.99999999999994,165.5846750214427,102.73140109736465,15.830091081504065,-0.9723893404006958,0.19218385219573975,22.43382440095764,False,-5.000000000000002,0.19218385219573975,True,True,False,True,False,False,False,38.54726977022943,0.0
260.0,KL009,52.40399186823952,3.9376320067487716,132.32965506098944,134.4778140788701,104.11536879376649,40.711705101892335,-0.9477341771125793,0.9334001541137695,25.69243082243664,False,9.999999999999995,0.9334001541137695,True,True,False,True,False,False,False,47.811311063899765,0.0
260.0,KL0010,52.70259872620602,4.5301329730986755,162.99999999999994,165.5846750214427,182.4172422621828,-151.33806014930985,-0.9264991283416748,0.4663122892379761,26.43927801515502,False,-41.692460775375366,0.4663122892379761,False,False,False,False,False,False,False,40.8391813320357,0.0
270.0,KL001,51.647181936999296,3.366870604384905,162.99999999999994,165.5846750214427,112.25901079665162,-20.256522054962716,0.05932450294494629,0.7510117292404175,16.036736098743916,False,2.669602632522583,0.7510117292404175,False,False,False,False,False,False,False,29.50880647597708,0.0
270.0,KL002,51.746972796905865,3.766595454111002,162.99999999999994,165.5846750214427,89.13427520457084,-5.97116980450059,-0.8421367406845093,0.4022552967071533,14.163370781119406,False,-25.0,0.4022552967071533,True,True,False,True,False,False,False,26.040484984260576,0.0
270.0,KL003,52.166460859962,5.172330338588441,162.99999999999994,165.5846750214427,81.20252876016336,-48.20510177311692,0.6965129375457764,-0.023900270462036133,12.58769500184923,False,31.343082189559937,-0.023900270462036133,False,False,False,False,False,False,False,21.896114958112666,0.0
270.0,KL004,51.97846165781111,5.323298892843042,162.99999999999994,165.5846750214427,177.03021203866967,-173.2447113199548,0.835059642791748,0.7707110643386841,12.58769500184923,False,0.0,0.7707110643386841,True,True,False,True,False,False,False,21.896114958112666,0.0
270.0,KL005,51.832767578767644,4.477803067927643,162.99999999999994,165.5846750214427,90.28002828685901,4.870174227945256,-0.7351444363594055,0.38848865032196045,15.98852811880142,False,-33.08149963617325,0.38848865032196045,False,False,False,False,False,False,False,27.863000096206793,0.0
270.0,KL006,51.676235300903656,4.129788099361898,162.99999999999994,165.5846750214427,92.79685234520532,-11.700381624563533,0.8552954196929932,0.36303186416625977,14.163370781119406,False,38.48829388618469,0.36303186416625977,False,False,False,False,False,False,False,26.06052252797809,0.0
270.0,KL007,52.4795591197384,5.130885549391444,140.51667931481046,142.78446307901748,103.23179689935945,40.897648668117654,-0.9270144701004028,0.1384580135345459,18.859987495516414,False,-41.71565115451813,0.1384580135345459,False,False,False,False,False,False,False,29.78835467033138,0.0
270.0,KL008,52.224229379028955,4.563995408560991,162.99999999999994,165.5846750214427,101.10867140140296,11.01327778595413,-0.9330337643623352,-0.1668165922164917,22.655668944598045,False,5.000000000000002,-0.1668165922164917,True,True,False,True,False,False,False,28.90871267113799,0.0
270.0,KL009,52.39797477242724,3.919967055541938,135.53044896826097,137.7256344664132,103.21055751454499,51.28916649863038,-0.9637814164161682,0.919339656829834,25.839743571650992,False,5.000000000000002,0.919339656829834,True,True,False,True,False,False,False,48.10385241428117,0.0
270.0,KL0010,52.712313726324794,4.548658120990794,162.99999999999994,165.5846750214427,183.97487007675932,-167.33971020973098,-0.9159765839576721,0.4973365068435669,25.42007611940641,False,-41.218946278095245,0.4973365068435669,False,False,False,False,False,False,False,44.58375589980642,0.0
280.0,KL001,51.66205869949086,3.3658158701485044,162.99999999999994,165.5846750214427,110.6811660948626,-17.84461967543109,-0.12840020656585693,0.6353640556335449,16.527611826786057,False,-5.778009295463562,0.6353640556335449,False,False,False,False,False,False,False,30.416242894238692,0.0
280.0,KL002,51.75834893267427,3.782000363052869,162.99999999999994,165.5846750214427,87.53537897300087,-22.066680648994378,0.27645599842071533,0.32935428619384766,14.32482259900883,False,12.44051992893219,0.32935428619384766,False,False,False,False,False,False,False,26.36362580015531,0.0
280.0,KL003,52.15174893839586,5.169196316481275,162.917513463563,165.50105834139333,79.94266698024536,-33.13014377173576,0.42520105838775635,-0.4884146451950073,12.039924854759413,False,19.134047627449036,-0.4884146451950073,False,False,False,False,False,False,False,21.95020082450375,0.0
280.0,KL004,51.983294022203125,5.346167914202279,162.99999999999994,165.5846750214427,178.6778682580255,-173.30766233458974,0.7977380752563477,0.7698742151260376,12.039924854759413,False,-5.000000000000002,0.7698742151260376,True,True,False,True,False,False,False,21.847769434534086,0.0
280.0,KL005,51.843658545181796,4.4941282215332725,162.99999999999994,165.5846750214427,88.63237383165539,-11.023929033177836,0.7235596179962158,0.5849955081939697,15.972245549232111,False,32.56018280982971,0.5849955081939697,False,False,False,False,False,False,False,29.143089981878884,0.0
280.0,KL006,51.685358722319606,4.148674331871815,162.99999999999994,165.5846750214427,91.14779214941615,4.068923804861811,-0.6742737293243408,0.6176822185516357,14.32482259900883,False,-30.342317819595337,0.6176822185516357,False,False,False,False,False,False,False,23.333319362385662,0.0
280.0,KL007,52.48758926387133,5.114454014295358,140.99109246416458,143.26574108398154,102.00179555523893,23.019548214644885,0.4388411045074463,-0.10576462745666504,20.263845350068955,False,19.747849702835083,-0.10576462745666504,False,False,False,False,False,False,False,34.48120501845951,0.0
280.0,KL008,52.238792995452314,4.568619838081531,162.4273638353717,165.0041881368448,99.51927208712932,16.263960181541506,-0.9603515267372131,0.050319790840148926,22.712545278769117,False,-5.000000000000002,0.050319790840148926,True,True,False,True,False,False,False,35.2868969533369,0.0
280.0,KL009,52.39313765501625,3.9008205869864727,138.68301045645208,140.92419090780305,102.4256910211503,56.94685056808521,-0.9806029200553894,0.941978931427002,26.20365651019209,False,5.000000000000002,0.941978931427002,True,True,False,True,False,False,False,48.79888319780261,0.0
280.0,KL0010,52.724721082690614,4.562112588843169,162.99999999999994,165.5846750214427,185.62279846314627,176.80122373515246,-0.9090440273284912,0.6206488609313965,24.66383660380484,False,-40.906981229782104,0.6206488609313965,False,False,False,False,False,False,False,44.314020203961526,0.0
290.0,KL001,51.676821573522794,3.362722547092201,162.99999999999994,165.5846750214427,109.15553665018733,-23.9562714341248,0.14406466484069824,0.8273991346359253,17.111326887189783,False,6.482909917831421,0.8273991346359253,False,False,False,False,False,False,False,31.495188447246004,0.0
290.0,KL002,51.76955947380999,3.797755483433497,162.99999999999994,165.5846750214427,85.92968084237215,-9.88948950923259,-0.4968998432159424,0.26273560523986816,14.450823601909658,False,-15.000000000000002,0.26273560523986816,True,True,False,True,False,False,False,26.601479960827074,0.0
290.0,KL003,52.138261503847346,5.159705798813335,161.2419163023896,163.80245084915657,78.46123555216946,-17.63722594813879,0.3406715393066406,-0.46349310874938965,11.807234046522636,False,15.330219268798828,-0.46349310874938965,False,False,False,False,False,False,False,21.865530414022135,0.0
290.0,KL004,51.989203499135954,5.368357903875196,162.99999999999994,165.5846750214427,180.3333034633426,-178.32842237672816,0.6075094938278198,0.7553305625915527,11.807234046522636,False,0.0,0.7553305625915527,True,True,False,True,False,False,False,21.865530414022135,0.0
290.0,KL005,51.85426682237103,4.510938244006664,162.99999999999994,165.5846750214427,86.98261738980366,4.7555928876169276,-0.7874543070793152,0.43310022354125977,15.962111206623465,False,-35.43544381856918,0.43310022354125977,False,False,False,False,False,False,False,27.709521892779968,0.0
290.0,KL006,51.69480201702926,4.167150487655779,162.99999999999994,165.5846750214427,89.50160790747096,-11.839232463671777,0.8391790390014648,0.5056805610656738,14.450823601909658,False,37.76305675506592,0.5056805610656738,False,False,False,False,False,False,False,26.601479960827074,0.0
290.0,KL007,52.495917415886844,5.098496707503487,140.6279116250908,142.89730561142372,100.80475725293319,41.79613360185107,-0.9484277367591858,0.37858128547668457,21.591015132127826,False,-42.67924815416336,0.37858128547668457,False,False,False,False,False,False,False,26.59082864970364,0.0
290.0,KL008,52.25353123478086,4.571618351898889,162.59942621852105,165.17861070139548,97.90305019542235,11.459801059661913,-0.9166163802146912,-0.21302008628845215,22.722772429632645,False,0.0,-0.21302008628845215,True,True,False,True,False,False,False,26.633342766206553,0.0
290.0,KL009,52.389246708058444,3.8806024448086807,141.91320619500658,144.20117666077752,101.74484584752759,62.66610745949032,-0.9807578921318054,0.9569137096405029,26.636301977199768,False,5.000000000000002,0.9569137096405029,True,True,False,True,False,False,False,49.62114184274302,0.0
290.0,KL0010,52.738880501852044,4.569474215674577,162.99999999999994,165.5846750214427,187.23524691051105,161.08378954505264,-0.878934919834137,0.4933328628540039,24.180185714686495,False,-39.55207139253616,0.4933328628540039,False,False,False,False,False,False,False,44.54692744341637,0.0
300.0,KL001,51.69168993362603,3.361585183170518,162.99999999999994,165.5846750214427,107.58545914045877,-17.749859828581407,-0.17049115896224976,0.7131625413894653,17.596358192745456,False,-7.672102153301239,0.7131625413894653,False,False,False,False,False,False,False,32.39421053035543,0.0
300.0,KL002,51.7814678355848,3.812086455346086,162.99999999999994,165.5846750214427,84.36204010241106,-25.24369405844331,0.3611466884613037,0.3385108709335327,14.66136068006047,False,16.251600980758667,0.3385108709335327,False,False,False,False,False,False,False,26.995388229862982,0.0
300.0,KL003,52.12701231633003,5.144679434793474,159.65179602727238,162.19040087484132,76.86473128372123,-2.49335518997799,0.4322320222854614,-0.592106819152832,12.037688512018685,False,19.450441002845764,-0.592106819152832,False,False,False,False,False,False,False,22.296095205951254,0.0
300.0,KL004,51.995245108276606,5.390461728508121,162.99999999999994,165.5846750214427,181.98934920066955,-178.34376458599078,0.7851178646087646,0.7251646518707275,12.037688512018685,False,-5.000000000000002,0.7251646518707275,True,True,False,True,False,False,False,22.296095205951254,0.0
300.0,KL005,51.86515778878518,4.527271197604248,162.99999999999994,165.5846750214427,85.33520080202999,-11.143465587202286,0.7612000703811646,0.7730457782745361,15.948036212062643,False,34.254003167152405,0.7730457782745361,False,False,False,False,False,False,False,23.057864882551804,0.0
300.0,KL006,51.70392543844521,4.186044468620503,162.99999999999994,165.5846750214427,87.85276272500877,3.925444939285086,-0.3973501920700073,0.8223023414611816,14.66136068006047,False,-17.88075864315033,0.8223023414611816,False,False,False,False,False,False,False,26.291563036045545,0.0
300.0,KL007,52.50401912711919,5.081977188832101,141.92585759801815,144.21401064325647,99.579438290685,24.06013179139046,0.5879499912261963,0.40937376022338867,22.752352952806437,False,26.457749605178833,0.40937376022338867,False,False,False,False,False,False,False,33.732887778082095,0.0
300.0,KL008,52.268222854369874,4.574375468828412,161.86833059036823,164.43747926732215,96.29172081903755,11.652261237118353,-0.9474306106567383,-0.11643505096435547,22.63565449912822,False,5.000000000000002,-0.11643505096435547,True,True,False,True,False,False,False,32.96832497598074,0.0
300.0,KL009,52.386379030744045,3.859433815356128,145.19461239118226,147.52975949258746,101.18163301104792,68.44218410494668,-0.9827616214752197,0.938330888748169,27.176146933637536,False,5.000000000000002,0.938330888748169,True,True,False,True,False,False,False,50.642383475407584,0.0
300.0,KL0010,52.753718910003414,4.570181194692802,162.99999999999994,165.5846750214427,188.69236513205814,145.4967075612326,-0.8001213669776917,0.3937795162200928,23.929864268126934,False,-36.005461513996124,0.3937795162200928,False,False,False,False,False,False,False,44.52733883946661,0.0
310.0,KL001,51.70643005828923,3.3582887738918332,162.99999999999994,165.5846750214427,106.07314365816337,-25.780821985067064,-0.17494702339172363,0.8588201999664307,18.187995688438864,False,-7.8726160526275635,0.8588201999664307,False,False,False,False,False,False,False,33.48992994149716,0.0
310.0,KL002,51.79300495028385,3.8271876579398483,162.99999999999994,165.5846750214427,82.77769897093285,-9.744137409631321,-0.01937931776046753,0.8178553581237793,14.817652553301107,False,-0.8720692992210388,0.8178553581237793,False,False,False,False,False,False,False,26.845285494779656,0.0
310.0,KL003,52.11874546832987,5.125545340297303,157.62058378995212,160.1310445407276,75.27679484606344,13.992554197861665,0.021408796310424805,-0.3349553346633911,12.667775246531516,False,0.9633958339691162,-0.3349553346633911,False,False,False,False,False,False,False,19.03683270371967,0.0
310.0,KL004,52.00232313750781,5.411736941381934,162.99999999999994,165.5846750214427,183.64174440496512,176.6815860709599,0.8755476474761963,0.7257825136184692,12.667775246531516,False,0.0,0.7257825136184692,True,True,False,True,False,False,False,23.467005642232973,0.0
310.0,KL005,51.87576606597442,4.54408925511845,162.99999999999994,165.5846750214427,83.68558776968501,4.631978648569941,-0.8336577415466309,0.4584391117095947,15.93938213378201,False,-37.51459836959839,0.4584391117095947,False,False,False,False,False,False,False,23.186801995412612,0.0
310.0,KL006,51.713368733154866,4.204528206910817,162.99999999999994,165.5846750214427,86.20693484994193,-11.988700066473541,0.9359908103942871,0.647610068321228,14.817652553301107,False,42.11958646774292,0.647610068321228,False,False,False,False,False,False,False,27.28934809975761,0.0
310.0,KL007,52.512503078249246,5.0657043145817005,143.32940614243896,145.63778147063928,98.37179151987628,42.52604961248943,-0.7851248979568481,0.4673844575881958,22.546104769633395,False,-35.33062040805817,0.4673844575881958,False,False,False,False,False,False,False,23.415089169189827,0.0
310.0,KL008,52.28270041669131,4.578979549340235,161.46848789622166,164.03213976729958,94.71678122254075,16.924866205984074,-0.9530010223388672,0.0008666515350341797,22.392641549992785,False,-5.000000000000002,0.0008666515350341797,True,True,False,True,False,False,False,24.25100914263102,0.0
310.0,KL009,52.38460710569164,3.837461381868404,148.4122760306881,150.7933306864592,100.74926144093544,74.26843369881885,-0.9847460389137268,0.9220961332321167,27.884705249308325,False,0.0,0.9220961332321167,True,True,False,True,False,False,False,51.97747605730257,0.0
310.0,KL0010,52.76811177605181,4.564175466276618,162.99999999999994,165.5846750214427,189.8885045752585,130.02013709803327,-0.7004623413085938,0.06205928325653076,23.86230856096725,False,-31.52080535888672,0.06205928325653076,False,False,False,False,False,False,False,44.541790308140136,0.0
320.0,KL001,51.720756264881196,3.3517964929626873,162.99999999999994,165.5846750214427,104.67227381544085,-34.129652488555564,0.6823158264160156,0.7829174995422363,18.963433973846453,False,30.704212188720703,0.7829174995422363,False,False,False,False,False,False,False,34.92413751402417,0.0
320.0,KL002,51.803489804410596,3.844286826010241,162.99999999999994,165.5846750214427,81.14862508906933,-10.830571250406194,0.19045567512512207,0.8614324331283569,14.904655365346773,False,8.570505380630493,0.8614324331283569,False,False,False,False,False,False,False,27.45525274163059,0.0
320.0,KL003,52.1122984422483,5.10476231495515,156.47131159039017,158.96578340894476,73.73957411771919,15.2763856016455,-0.08124983310699463,-0.14749884605407715,13.594290517837722,False,-3.6562424898147583,-0.14749884605407715,False,False,False,False,False,False,False,17.23129096150585,0.0
320.0,KL004,52.009528011103534,5.432908026654889,162.99999999999994,165.5846750214427,185.29338480694275,176.71143974879112,0.9098086357116699,0.7204704284667969,13.594290517837722,False,0.0,0.7204704284667969,True,True,False,True,False,False,False,25.186896135144135,0.0
320.0,KL005,51.88665703238857,4.560430018466935,162.99999999999994,165.5846750214427,82.03843495331427,-11.272613902976474,0.7918606996536255,0.540111780166626,15.927521979941192,False,35.63373148441315,0.540111780166626,False,False,False,False,False,False,False,16.60195249832958,0.0
320.0,KL006,51.722492154570816,4.223429944676536,162.99999999999994,165.5846750214427,84.55833260044412,3.77078247558444,-0.42176252603530884,0.8271098136901855,14.904655365346773,False,-18.979313671588898,0.8271098136901855,False,False,False,False,False,False,False,24.76448372805462,0.0
320.0,KL007,52.520780132275235,5.048835927699852,144.9319052651715,147.2632887437846,97.13362360751435,25.194591248381982,0.8118584156036377,-0.1756047010421753,21.734387196144933,False,36.533628702163696,-0.1756047010421753,False,False,False,False,False,False,False,32.54853328694549,0.0
320.0,KL008,52.29733681640684,4.581957476428156,161.47094751852924,164.03463322063078,93.11573991693689,12.140607218863238,-0.9492257237434387,-0.5589008927345276,21.734387196144933,False,0.0,-0.5589008927345276,True,True,False,True,False,False,False,32.6761074670537,0.0
320.0,KL009,52.38290893607284,3.8149948256568136,151.5742503035381,154.00007310543222,100.3415203111502,75.12147166433834,-0.9310317039489746,0.9045417308807373,28.5998289718642,False,5.000000000000002,0.9045417308807373,True,True,False,True,False,False,False,53.324330692800686,0.0
320.0,KL0010,52.78096833438254,4.551908107499662,162.99999999999994,165.5846750214427,190.7387798180716,114.62766379421441,-0.17191123962402344,-0.2176383137702942,23.909588515624414,False,-7.736005783081055,-0.2176383137702942,False,False,False,False,False,False,False,44.62775716019076,0.0
330.0,KL001,51.73543599353895,3.348234801364471,162.99999999999994,165.5846750214427,103.18173731711849,-18.695976430138217,0.4090561866760254,0.6348496675491333,19.686205508379807,False,18.407528400421143,0.6348496675491333,False,False,False,False,False,False,False,36.26174938853067,0.0
330.0,KL002,51.81266898961118,3.86322318375382,162.99999999999994,165.5846750214427,79.49794447484663,-2.3463706934296624,-0.3890717625617981,0.8633002042770386,14.881108054470246,False,-15.000000000000002,0.8633002042770386,True,True,False,True,False,False,False,27.331306921186485,0.0
330.0,KL003,52.105126057000916,5.084715021607635,155.9649488119876,158.45236119452292,72.18786777913508,11.87979582349675,-0.5315762758255005,0.27504563331604004,14.631380649701589,False,-23.920932412147522,0.27504563331604004,False,False,False,False,False,False,False,14.529539532604089,0.0
330.0,KL004,52.01673288469926,5.454082520923807,162.99999999999994,165.5846750214427,186.94507676091123,176.74076559564446,0.9197859764099121,0.6988879442214966,14.631380649701589,False,0.0,0.6988879442214966,True,True,False,True,False,False,False,27.111126138525908,0.0
330.0,KL005,51.897265309577804,4.577256121077218,162.99999999999994,165.5846750214427,80.38898539903728,4.498221514678789,-0.7781822681427002,0.2565898895263672,15.920352018748794,False,-35.01820206642151,0.2565898895263672,False,False,False,False,False,False,False,20.7882404081908,0.0
330.0,KL006,51.73193544928047,4.241921273641939,162.99999999999994,165.5846750214427,82.91290042713457,-12.150047751008628,0.9409151077270508,0.6792421340942383,14.881108054470246,False,42.341179847717285,0.6792421340942383,False,False,False,False,False,False,False,27.379910519059447,0.0
330.0,KL007,52.5293467631494,5.032468579975273,144.32918653508867,146.65192649731273,95.93278791306051,43.56076569064459,-0.5029518604278564,0.5638086795806885,20.961857526964483,False,-22.63283371925354,0.5638086795806885,False,False,False,False,False,False,False,23.447897247765194,0.0
330.0,KL008,52.31182980598357,4.5846800007827,159.55361343606606,162.09086126257998,91.53018442915666,12.35213809638617,-0.9327877759933472,-0.5090581178665161,20.961857526964483,False,0.0,-0.5090581178665161,True,True,False,True,False,False,False,23.56585416174682,0.0
330.0,KL009,52.38228205844776,3.791920724902517,154.67600949057191,157.14541146421777,100.06938866215069,81.01332974263198,-0.6324180960655212,0.8788399696350098,29.382373501992454,False,0.0,0.8788399696350098,True,True,False,True,False,False,False,54.796601222297795,0.0
330.0,KL0010,52.79174046414029,4.53509604874427,162.25306430388437,164.827496649347,191.25077765796226,107.36792388129527,0.13379573822021484,-0.19478446245193481,24.00551441310746,False,6.020808219909668,-0.19478446245193481,False,False,False,False,False,False,False,44.81001604537831,0.0
340.0,KL001,51.750161026408264,3.3512715048729254,162.99999999999994,165.5846750214427,101.55563436891792,-3.032696080756466,-0.8432946801185608,0.2321302890777588,20.129620213025497,False,-37.948260605335236,0.2321302890777588,False,False,False,False,False,False,False,37.086850493528345,0.0
340.0,KL002,51.82313190660671,3.880263905724516,162.99999999999994,165.5846750214427,77.87569233858402,-17.576411134468344,0.5383305549621582,0.6109378337860107,14.970145881061647,False,24.22487497329712,0.6109378337860107,False,False,False,False,False,False,False,27.307085080868923,0.0
340.0,KL003,52.09603876995699,5.0667675353132475,156.90775745560754,159.40830670667734,70.60075318100942,-4.492492614697426,-0.1615372896194458,0.010385632514953613,15.688604735100038,False,-7.269178032875061,0.010385632514953613,False,False,False,False,False,False,False,15.495902746950746,0.0
340.0,KL004,52.023937758294984,5.4752604256216415,162.99999999999994,165.5846750214427,188.5968189899734,176.7695774598999,0.8539742231369019,0.6380753517150879,15.688604735100038,False,-5.000000000000002,0.6380753517150879,True,True,False,True,False,False,False,29.071730300938277,0.0
340.0,KL005,51.908156275991956,4.59360470395176,162.99999999999994,165.5846750214427,78.74212648738639,-11.412579659098924,0.7635288238525391,0.6642401218414307,15.910712465089814,False,34.35879707336426,0.6642401218414307,False,False,False,False,False,False,False,10.990493623677935,0.0
340.0,KL006,51.74105887069642,4.260830776566753,162.99999999999994,165.5846750214427,81.26457380285024,3.6035788219187737,-0.43145591020584106,0.7837502956390381,14.970145881061647,False,-19.415515959262848,0.7837502956390381,False,False,False,False,False,False,False,23.450991349278087,0.0
340.0,KL007,52.53772554230989,5.015477834140482,146.26238156653625,148.61280186762002,94.699578355594,26.417855420353078,0.8464404344558716,-0.2141498327255249,20.172989709199683,False,38.08981955051422,-0.2141498327255249,False,False,False,False,False,False,False,30.282268154455274,0.0
340.0,KL008,52.32616133484681,4.587373070799383,157.80722755104318,160.32028051891677,89.96356267937507,12.568640872560252,-0.9189386367797852,-0.5036978125572205,20.172989709199683,False,0.0,-0.5036978125572205,True,True,False,True,False,False,False,30.40056234300318,0.0
340.0,KL009,52.38176545091729,3.768384065940563,157.6896113836475,160.20103097368042,99.83049582356335,81.92869207540889,-0.798324465751648,0.835338830947876,30.21862231580972,False,5.000000000000002,0.835338830947876,True,True,False,True,False,False,False,56.36858193050868,0.0
340.0,KL0010,52.80309843758154,4.519512603291367,161.58451115723778,164.14975864062683,191.87222477154674,113.84912737429613,-0.2466728687286377,-0.08010530471801758,24.08176741228506,False,-11.100279092788696,-0.08010530471801758,False,False,False,False,False,False,False,44.95341327638932,0.0
350.0,KL001,51.764932361783636,3.3536507850117014,162.99999999999994,165.5846750214427,99.93901252720636,-19.046532373091395,-0.016565024852752686,0.6447794437408447,20.62197304393738,False,-0.7454261183738708,0.6447794437408447,False,False,False,False,False,False,False,38.002558598028884,0.0
350.0,KL002,51.83315744703025,3.8979782212448995,162.99999999999994,165.5846750214427,76.24352265453787,-1.9436520984893377,0.21289658546447754,0.9304534196853638,15.006306473827394,False,9.58034634590149,0.9304534196853638,False,False,False,False,False,False,False,23.47338828032588,0.0
350.0,KL003,52.08460877832846,5.052697867049448,156.94287810942487,159.44391611692802,69.03601202427525,-12.003769029598516,-0.223838210105896,0.009158134460449219,16.646307607319134,False,-10.07271945476532,0.009158134460449219,False,False,False,False,False,False,False,12.81261586713588,0.0
350.0,KL004,52.03213047174827,5.495465932226734,162.99999999999994,165.5846750214427,190.23403078559332,171.83673696207995,0.8481752872467041,0.6179628372192383,16.646307607319134,False,0.0,0.6179628372192383,True,True,False,True,False,False,False,30.84698758629136,0.0
350.0,KL005,51.91876455318119,4.610438861730095,162.99999999999994,165.5846750214427,77.09286414564484,4.353022067221843,-0.7256914377212524,0.3365135192871094,15.905029455950986,False,-32.65611469745636,0.3365135192871094,False,False,False,False,False,False,False,19.9009928556969,0.0
350.0,KL006,51.750502165406076,4.279329704387639,162.99999999999994,165.5846750214427,79.61958304454843,-12.324747156607714,0.8962421417236328,0.6718710660934448,15.006306473827394,False,40.33089637756348,0.6718710660934448,False,False,False,False,False,False,False,27.40646964554042,0.0
350.0,KL007,52.546388988784315,4.999003161958321,145.52746320064654,147.86737548098242,93.50611427498316,44.669163141658544,-0.5081173181533813,0.4824483394622803,19.418229952891352,False,-22.86527931690216,0.4824483394622803,False,False,False,False,False,False,False,20.85426629314095,0.0
350.0,KL008,52.340335993951555,4.590037520870198,156.07923105689645,158.56823749041763,88.41539676467558,12.790316918791348,-0.9341026544570923,-0.4192492961883545,19.418229952891352,False,0.0,-0.4192492961883545,True,True,False,True,False,False,False,20.9558124223575,0.0
350.0,KL009,52.38238271603762,3.7444260052501317,160.55401104314473,163.1050696446925,99.74021705391552,87.8712434900076,-0.7756253480911255,0.817500114440918,31.107348229812978,False,0.0,0.817500114440918,True,True,False,True,False,False,False,55.8799996091164,0.0
350.0,KL0010,52.81320078937166,4.50182185662071,161.30926683074932,163.8707282238537,192.31698601844943,103.22535456670033,0.4030275344848633,-0.1631462574005127,24.169241235514786,False,18.136239051818848,-0.1631462574005127,False,False,False,False,False,False,False,45.121139885722016,0.0
360.0,KL001,51.779813052842385,3.3527387914415887,162.99999999999994,165.5846750214427,98.38083329343681,-20.115351399217502,-0.03161156177520752,0.6834315061569214,21.337539821003343,False,-1.4225202798843384,0.6834315061569214,False,False,False,False,False,False,False,39.32862518513701,0.0
360.0,KL002,51.84018691873953,3.919189631148431,162.99999999999994,165.5846750214427,74.59767553376699,7.751620784446317,-0.8649859428405762,0.9459793567657471,14.882218609549117,False,-25.0,0.9459793567657471,True,True,False,True,False,False,False,27.41995588366258,0.0
360.0,KL003,52.072005439774124,5.041629781396174,156.97378879167172,159.4752569314811,67.53950533898286,-22.529183957857185,-0.35093533992767334,0.2851792573928833,17.554932976791683,False,-15.7920902967453,0.2851792573928833,False,False,False,False,False,False,False,19.69310048001468,0.0
360.0,KL004,52.04044377636058,5.515550011202726,162.99999999999994,165.5846750214427,191.86937225173054,171.9075069534448,0.8869529962539673,0.6297688484191895,17.598579373803037,False,0.0,0.6297688484191895,True,True,False,True,False,False,False,32.61110854817536,0.0
360.0,KL005,51.92965551959534,4.626795273922091,162.99999999999994,165.5846750214427,75.44633441117178,-11.564778731686772,0.7526266574859619,0.5796260833740234,15.897614733193311,False,33.868199586868286,0.5796260833740234,False,False,False,False,False,False,False,13.062454890339914,0.0
360.0,KL006,51.759625586822025,4.298246980841585,162.99999999999994,165.5846750214427,77.9715705500355,3.4222478335618405,-0.29671764373779297,0.8801803588867188,14.882218609549117,False,-13.352293968200684,0.8801803588867188,False,False,False,False,False,False,False,27.326022312206096,0.0
360.0,KL007,52.554848309195485,4.981929954890449,147.18161883543854,149.54515681736598,92.28242776805621,27.671598217143753,0.8749504089355469,-0.3429301381111145,18.646919852966086,False,39.37276840209961,-0.3429301381111145,False,False,False,False,False,False,False,27.997207302219778,0.0
360.0,KL008,52.35437755918636,4.592677794789918,154.6408669329059,157.10977704112986,86.88311852266246,13.017696641354462,-0.9173799753189087,-0.4464219808578491,18.646919852966086,False,0.0,-0.4464219808578491,True,True,False,True,False,False,False,28.105302588702276,0.0
360.0,KL009,52.383145594112015,3.7200951045546513,162.99999999999994,165.5846750214427,99.69128994846209,88.83056227719334,-0.8158156871795654,0.7846813201904297,32.03489050448502,False,0.0,0.7846813201904297,True,True,False,True,False,False,False,54.09921524066078,0.0
360.0,KL0010,52.82423106309641,4.485896651000655,160.7492239124271,163.30297330905375,192.92079562929467,119.7256138939764,-0.492098331451416,0.0253293514251709,24.23768509910326,False,-22.14442491531372,0.0253293514251709,False,False,False,False,False,False,False,45.25044112956813,0.0
370.0,KL001,51.79467514848807,3.3512295736464264,162.99999999999994,165.5846750214427,96.8406177776584,-21.89413260882816,0.24118459224700928,0.619648814201355,22.05189576138799,False,10.853306651115417,0.619648814201355,False,False,False,False,False,False,False,40.654306057519385,0.0
370.0,KL002,51.84859170118055,3.9389955182782135,162.99999999999994,165.5846750214427,72.94706972544891,-8.093050014533048,0.615725040435791,0.862640380859375,14.818479871171629,False,27.707626819610596,0.862640380859375,False,False,False,False,False,False,False,22.531691970752608,0.0
370.0,KL003,52.05823808023866,5.034852869479049,157.9513487795477,160.4664025417092,66.18465623271481,-39.04710180353061,0.12446701526641846,0.09178102016448975,16.10289070312037,False,5.601015686988831,0.09178102016448975,False,False,False,False,False,False,False,14.97824714363386,0.0
370.0,KL004,52.0487570809729,5.535637825879087,162.99999999999994,165.5846750214427,193.50500379058036,171.97708033175775,0.8704144954681396,0.5867247581481934,18.497943842173328,False,0.0,0.5867247581481934,True,True,False,True,False,False,False,34.27604700650408,0.0
370.0,KL005,51.94026379678458,4.643637496957194,162.99999999999994,165.5846750214427,73.79728753275981,4.19484931662231,-0.7478522062301636,0.3949531316757202,15.892986674350851,False,-33.65334928035736,0.3949531316757202,False,False,False,False,False,False,False,20.826308264394463,0.0
370.0,KL006,51.76900733885361,4.3168535907053505,162.99999999999994,165.5846750214427,76.32527164884398,-10.036444367388242,0.9073727130889893,0.629136323928833,14.818479871171629,False,40.83177208900452,0.629136323928833,False,False,False,False,False,False,False,27.224370807058737,0.0
370.0,KL007,52.56356877944439,4.96543182720263,146.00502918144187,148.35177188233126,91.10404927383587,45.89496231886062,-0.533160924911499,0.41001665592193604,17.910575905560666,False,-23.992241621017456,0.41001665592193604,False,False,False,False,False,False,False,18.223651233027468,0.0
370.0,KL008,52.36828107801091,4.5952929377141425,153.10931521183167,155.55674730801866,85.36730078405833,13.250879251730453,-0.9377176761627197,-0.36516690254211426,17.910575905560666,False,0.0,-0.36516690254211426,True,True,False,True,False,False,False,18.316363217592862,0.0
370.0,KL009,52.38390953101878,3.6957300125982107,162.99999999999994,165.5846750214427,99.67032321588964,89.7918866557539,-0.9735634326934814,0.7413046360015869,32.98524336269977,False,0.0,0.7413046360015869,True,True,False,True,False,False,False,51.91215328356551,0.0
370.0,KL0010,52.83499416806855,4.469454758671279,160.83558374630823,163.3905230828809,193.4948051518315,104.1483454591247,0.4012335538864136,-0.1857127547264099,24.315186937219952,False,18.05550992488861,-0.1857127547264099,False,False,False,False,False,False,False,45.39803362021909,0.0
380.0,KL001,51.80950372466007,3.3529363967006085,162.99999999999994,165.5846750214427,95.23788977077216,-11.282976852124563,0.04648411273956299,0.5408604145050049,22.670237905296712,False,2.0917850732803345,0.5408604145050049,False,False,False,False,False,False,False,41.80372809305797,0.0
380.0,KL002,51.856655400978184,3.959173563792571,162.99999999999994,165.5846750214427,71.29658597168634,7.74428376759559,-0.8659940958023071,0.9366574287414551,14.783151856816634,False,-20.0,0.9366574287414551,True,True,False,True,False,False,False,27.26025257261215,0.0
380.0,KL003,52.04426621952858,5.028820028720204,158.2656219119472,160.7850360831619,64.86519957196091,-34.24659201099371,-0.23103231191635132,0.5074484348297119,14.735564135346506,False,-10.39645403623581,0.5074484348297119,False,False,False,False,False,False,False,19.873377352033287,0.0
380.0,KL004,52.05707038558521,5.555729378068833,162.99999999999994,165.5846750214427,195.14091819095256,172.0454869770736,0.9531158208847046,0.37641799449920654,19.47012117498202,False,0.0,0.37641799449920654,True,True,False,True,False,False,False,36.07515054959091,0.0
380.0,KL005,51.95115476319873,4.66000174827432,162.99999999999994,165.5846750214427,72.1511285440979,-11.73088501827965,0.5995931625366211,0.5486996173858643,14.735564135346506,False,26.98169231414795,0.5486996173858643,False,False,False,False,False,False,False,15.61187823479305,0.0
380.0,KL006,51.77761742322879,4.336396587181249,162.99999999999994,165.5846750214427,74.67479606219405,5.757480488363768,-0.38163304328918457,0.8640414476394653,14.783151856816634,False,-17.173486948013306,0.8640414476394653,False,False,False,False,False,False,False,27.186742456160978,0.0
380.0,KL007,52.572070087973074,4.948359110122315,147.4107696665615,149.7775731999933,89.89745315226946,28.959410119958477,0.9012763500213623,-0.32368355989456177,17.158130026421258,False,40.557435750961304,-0.32368355989456177,False,False,False,False,False,False,False,25.75955160061948,0.0
380.0,KL008,52.38206841584476,4.5978870405186365,151.8564429368892,154.2862443361041,83.86559599487437,13.490432651304104,-0.9096630811691284,-0.4862862825393677,17.158130026421258,False,0.0,-0.4862862825393677,True,True,False,True,False,False,False,25.881306101415447,0.0
380.0,KL009,52.384673467925545,3.6713644990367276,162.99999999999994,165.5846750214427,99.67742190783785,90.75334506066747,0.9273784160614014,0.46242809295654297,33.430796396940536,False,41.73202872276306,0.46242809295654297,False,False,False,False,False,False,False,58.79087241054629,0.0
380.0,KL0010,52.84599296872423,4.4535887870575674,160.19814767094724,162.74429757656122,194.12174915144743,120.6963116129267,-0.6386343836784363,0.04083871841430664,24.380537938393218,False,-28.738547265529633,0.04083871841430664,False,False,False,False,False,False,False,45.521460809175494,0.0
390.0,KL001,51.82419933014843,3.356829287103539,162.99999999999994,165.5846750214427,93.60308935510432,-9.352470439966112,0.10776376724243164,0.43870508670806885,23.207570253522903,False,4.849369525909424,0.43870508670806885,False,False,False,False,False,False,False,42.80471454344149,0.0
390.0,KL002,51.8650601834192,3.9789867001855117,162.99999999999994,165.5846750214427,69.6459924224292,-8.101580768469688,0.6419026851654053,0.8504855632781982,14.747145390889406,False,28.885620832443237,0.8504855632781982,False,False,False,False,False,False,False,22.345977195791473,0.0
390.0,KL003,52.02982027780826,5.025511006067804,160.00547809631806,162.54896847298036,63.67049364632908,-45.62012821832852,-0.04872393608093262,0.2511329650878906,13.521452481003864,False,-2.1925771236419678,0.2511329650878906,False,False,False,False,False,False,False,17.676366599100206,0.0
390.0,KL004,52.06538369019753,5.575824669586151,162.99999999999994,165.5846750214427,196.77710848114805,172.11275578924756,0.8626935482025146,0.516899585723877,20.432359848609295,False,0.0,0.516899585723877,True,True,False,True,False,False,False,37.85506085229307,0.0
390.0,KL005,51.961763040387964,4.676852046671687,162.99999999999994,165.5846750214427,70.50233099162858,4.021886794170655,-0.8407468199729919,0.7188520431518555,13.521452481003864,False,-37.83360689878464,0.7188520431518555,False,False,False,False,False,False,False,21.18313356532908,0.0
390.0,KL006,51.786558137334325,4.355551267712145,162.99999999999994,165.5846750214427,73.02583200708794,-10.132022881394732,0.9156441688537598,0.6011601686477661,14.747145390889406,False,41.20398759841919,0.6011601686477661,False,False,False,False,False,False,False,27.097271844654333,0.0
390.0,KL007,52.58083302120137,4.9318576559429275,146.3001878628951,148.6511482320214,88.7372990953101,47.18096877240839,-0.4336274266242981,0.44882774353027344,16.442121498837768,False,-19.513234198093414,0.44882774353027344,False,False,False,False,False,False,False,16.84317513500336,0.0
390.0,KL008,52.39570824554978,4.600454186320972,150.1881803843775,152.59442117914756,82.38145243410504,13.736012052626847,-0.9150058627128601,-0.3681032657623291,16.442121498837768,False,0.0,-0.3681032657623291,True,True,False,True,False,False,False,16.94236812543746,0.0
390.0,KL009,52.38766939580382,3.6475431177116167,162.99999999999994,165.5846750214427,99.96151212670782,107.5193295693391,0.9385854005813599,0.4808320999145508,33.67219098066574,False,42.236343026161194,0.4808320999145508,False,False,False,False,False,False,False,60.535384872098916,0.0
390.0,KL0010,52.856728888307174,4.437201079830077,160.33770059312678,162.88577599907967,194.7191516655755,105.06225082927858,0.21068155765533447,-0.15031492710113525,24.45460119727113,False,9.480670094490051,-0.15031492710113525,False,False,False,False,False,False,False,45.66257995795192,0.0
400.0,KL001,51.83866494520536,3.362533434955658,162.99999999999994,165.5846750214427,91.9534970460851,-4.592322675692827,-0.5049782991409302,0.46939265727996826,23.69925674382106,False,-22.724023461341858,0.46939265727996826,False,False,False,False,False,False,False,43.721913820298866,0.0
400.0,KL002,51.873123883216834,3.9991721335765384,162.99999999999994,165.5846750214427,67.99550198477493,7.736231950648005,-0.9111636877059937,0.9155967235565186,14.711909654812228,False,-20.0,0.9155967235565186,True,True,False,True,False,False,False,27.137880067316086,0.0
400.0,KL003,52.01514421262393,5.024243101071792,160.86626238646863,163.4216243753525,62.58953459460583,-48.92465150923158,-0.3355606198310852,0.5317701101303101,12.50073355080366,False,-15.100227892398834,0.5317701101303101,False,False,False,False,False,False,False,20.991977513927175,0.0
400.0,KL004,52.07369699480984,5.595923702246397,162.99999999999994,165.5846750214427,198.41356791917684,172.17891472753308,0.9235771894454956,0.34724676609039307,21.401680003864595,False,0.0,0.34724676609039307,True,True,False,True,False,False,False,39.647498011153914,0.0
400.0,KL005,51.97265400680212,4.693224146937938,162.99999999999994,165.5846750214427,68.85659210025264,-11.912891918833907,0.25436127185821533,0.7799408435821533,12.50073355080366,False,11.44625723361969,0.7799408435821533,False,False,False,False,False,False,False,20.09490357524335,0.0
400.0,KL006,51.7951682217095,4.375101868357522,162.99999999999994,165.5846750214427,71.37542051974005,5.658338374078824,-0.3388822078704834,0.8387768268585205,14.711909654812228,False,-15.249699354171753,0.8387768268585205,False,False,False,False,False,False,False,27.076855714430348,0.0
400.0,KL007,52.58938606180222,4.914767242467384,147.83903495189773,150.21193675481845,87.5482237813093,30.329157990529666,0.9291306734085083,-0.5915750861167908,15.711613207290224,False,41.81088030338287,-0.5915750861167908,False,False,False,False,False,False,False,23.630694725105553,0.0
400.0,KL008,52.4092298131041,4.602999857020019,148.92524675455155,151.3135875490545,80.91172518205904,13.988349338750481,-0.8836789727210999,-0.29731202125549316,15.711613207290224,False,-39.76555377244949,-0.29731202125549316,False,False,False,False,False,False,False,27.54970605275418,0.0
400.0,KL009,52.39451619234563,3.6259603469838786,162.99999999999994,165.5846750214427,100.70163524870912,124.19366959382529,0.9429206848144531,0.7156572341918945,34.19301115699264,False,42.43143081665039,0.7156572341918945,False,False,False,False,False,False,False,62.549915175366266,0.0
400.0,KL0010,52.86743892231807,4.4208052172673895,159.82166743212974,162.36261932797882,195.32583647940478,114.99122161796424,-0.10637855529785156,-0.09168809652328491,24.521095540867154,False,-4.78703498840332,-0.09168809652328491,False,False,False,False,False,False,False,45.78876830682487,0.0
410.0,KL001,51.85344125076964,3.3648352735910296,162.99999999999994,165.5846750214427,90.3467371665183,-20.6541769986826,0.7742446660995483,0.4850490093231201,24.31073638657207,False,34.841009974479675,0.4850490093231201,False,False,False,False,False,False,False,44.861105508844894,0.0
410.0,KL002,51.881528665657854,4.018992526179338,162.99999999999994,165.5846750214427,66.34492101685545,-8.110962839777585,0.6392443180084229,0.6641339063644409,14.676787006102144,False,28.76599431037903,0.6641339063644409,False,False,False,False,False,False,False,22.368877370077907,0.0
410.0,KL003,52.000407538223,5.0266212792943215,162.68952457989022,165.2699445171308,61.729359334042414,-65.32020972036497,-0.2318066954612732,0.6512241363525391,11.75574502655538,False,-10.431301295757294,0.6512241363525391,False,False,False,False,False,False,False,20.672387769673097,0.0
410.0,KL004,52.08201029942216,5.616026477866099,162.99999999999994,165.5846750214427,200.05028998346697,172.24399084828661,0.8305165767669678,0.49187517166137695,22.31165187647579,False,0.0,0.49187517166137695,True,True,False,True,False,False,False,41.32956061692983,0.0
410.0,KL005,51.983426270778864,4.70984967443436,162.99999999999994,165.5846750214427,67.20748044234338,-0.565583866833947,-0.8065422773361206,0.7792174816131592,11.75574502655538,False,-36.29440248012543,0.7792174816131592,False,False,False,False,False,False,False,21.16224270483328,0.0
410.0,KL006,51.8040981888958,4.394280709862429,162.99999999999994,165.5846750214427,69.72634239585042,-9.661761142486483,0.9058355093002319,0.6571063995361328,14.676787006102144,False,40.76259791851044,0.6571063995361328,False,False,False,False,False,False,False,27.001361888295236,0.0
410.0,KL007,52.59815845096978,4.89835299927254,145.80968386636656,148.15363355954713,86.41428892362943,48.63160819305318,-0.20859616994857788,-0.04566645622253418,15.113461405684156,False,-9.386827647686005,-0.04566645622253418,False,False,False,False,False,False,False,19.51060488143623,0.0
410.0,KL008,52.42267444121305,4.60183039507355,147.90510467451782,150.27894671826468,79.41901520908138,-3.364092337329396,-0.30426478385925293,-0.03776174783706665,15.113461405684156,False,-13.691915273666382,-0.03776174783706665,False,False,False,False,False,False,False,22.166575797779373,0.0
410.0,KL009,52.40469497199937,3.608251131772935,162.99999999999994,165.5846750214427,101.83242972191336,140.7042713842818,0.9338712692260742,0.7272248268127441,34.29197340722555,False,42.02420711517334,0.7272248268127441,False,False,False,False,False,False,False,62.746613793625464,0.0
410.0,KL0010,52.8777882916491,4.403812618721796,159.50670405109074,162.0433034027118,195.89137261546145,110.6556154946527,0.35230886936187744,-0.2930806875228882,24.59813960454749,False,15.853899121284485,-0.2930806875228882,False,False,False,False,False,False,False,45.93632794977083,0.0
420.0,KL001,51.86817265272106,3.367798047236159,162.99999999999994,165.5846750214427,88.73149017247604,-5.0497142536307535,0.763492226600647,0.16395950317382812,24.91786305132911,False,34.357150197029114,0.16395950317382812,False,False,False,False,False,False,False,45.99278071038934,0.0
420.0,KL002,51.889592365455485,4.039185354527779,162.99999999999994,165.5846750214427,64.69442357373099,7.727356031335631,-0.9401999711990356,0.6907104253768921,14.648832753626385,False,-20.0,0.6907104253768921,True,True,False,True,False,False,False,27.030519069759162,0.0
420.0,KL003,51.986401709208586,5.034726047944817,162.99999999999994,165.5846750214427,61.26922883059739,-77.23418887921821,0.6393725872039795,0.9070076942443848,11.469243831139261,False,28.771766424179077,0.9070076942443848,False,False,False,False,False,False,False,21.109669578824054,0.0
420.0,KL004,52.090323604034474,5.6361329982629575,162.99999999999994,165.5846750214427,201.68726836399975,172.3080103408879,0.8857042789459229,0.37592267990112305,23.071445284721964,False,-5.000000000000002,0.37592267990112305,True,True,False,True,False,False,False,42.733480720664666,0.0
420.0,KL005,51.99505530321767,4.724832308458692,162.99999999999994,165.5846750214427,65.57756474201452,-16.620033103782674,0.07184469699859619,0.8019955158233643,11.469243831139261,False,3.2330113649368286,0.8019955158233643,False,False,False,False,False,False,False,20.96381095591732,0.0
420.0,KL006,51.812586793784234,4.413977307683786,162.99999999999994,165.5846750214427,68.07573404245379,6.138353385739862,-0.44441521167755127,0.8484550714492798,14.648832753626385,False,-19.998684525489807,0.8484550714492798,False,False,False,False,False,False,False,26.572236668758737,0.0
420.0,KL007,52.60704651414328,4.882073718091054,145.65260201875492,147.99430485127425,85.30028789243251,39.899847399989426,0.9011863470077515,-0.24065369367599487,14.723945934579481,False,40.553385615348816,-0.24065369367599487,False,False,False,False,False,False,False,26.8638122843456,0.0
420.0,KL008,52.4353382762649,4.594321213914987,147.77512637253238,150.14711854825015,77.95733932304206,-17.289683962359845,0.30384719371795654,0.03708648681640625,14.723945934579481,False,13.673123717308044,0.03708648681640625,False,False,False,False,False,False,False,26.29758092359412,0.0
420.0,KL009,52.41743433434988,3.5957585460097796,162.99999999999994,165.5846750214427,103.25684338532194,156.9984955111688,0.780693531036377,0.8447626829147339,34.0308093191031,False,35.13120889663696,0.8447626829147339,False,False,False,False,False,False,False,62.787274786284314,0.0
420.0,KL0010,52.88942107807508,4.389647880399968,158.50104026951178,161.0237184746254,196.67699738820878,126.92369076199668,-0.1737523078918457,-0.060949862003326416,24.651985202083548,False,-7.818853855133057,-0.060949862003326416,False,False,False,False,False,False,False,46.03721833699581,0.0
430.0,KL001,51.88184696817671,3.3771558047877637,162.99999999999994,165.5846750214427,87.08454966979698,10.84219446856818,-0.6296908259391785,-0.5077639818191528,25.285109023660624,False,-28.33608716726303,-0.5077639818191528,False,False,False,False,False,False,False,46.681929931225305,0.0
430.0,KL002,51.897997147896504,4.059013010295978,162.99999999999994,165.5846750214427,63.04385557969649,-8.121329836270945,0.7194074392318726,0.5772011280059814,14.620322150242407,False,32.373334765434265,0.5772011280059814,False,False,False,False,False,False,False,22.090028608196626,0.0
430.0,KL003,51.97198838404619,5.040493081774903,162.99999999999994,165.5846750214427,60.692365290477724,-62.86637859171091,-0.01083683967590332,0.8979418277740479,11.366131598095528,False,-0.4876577854156494,0.8979418277740479,False,False,False,False,False,False,False,21.00201008293482,0.0
430.0,KL004,52.09956865021357,5.655129542246059,162.99999999999994,165.5846750214427,203.29995667249784,167.4069955570426,0.8643883466720581,0.4234720468521118,23.95911187087437,False,0.0,0.4234720468521118,True,True,False,True,False,False,False,44.37422889012254,0.0
430.0,KL005,52.00734647639283,4.738486790515067,162.99999999999994,165.5846750214427,63.96715574883041,-13.733161094889397,-0.1150858998298645,0.8022146224975586,11.366131598095528,False,-5.178865492343903,0.8022146224975586,False,False,False,False,False,False,False,21.021679221231338,0.0
430.0,KL006,51.82140843794566,4.433290641287603,162.99999999999994,165.5846750214427,66.42634601283527,-9.748345690601411,0.90226149559021,0.653785228729248,14.620322150242407,False,40.60176730155945,0.653785228729248,False,False,False,False,False,False,False,26.90137639919974,0.0
430.0,KL007,52.61710115449543,4.868036042623966,144.8267872406545,147.15666411469766,84.34975020418763,58.46385148305001,-0.46902966499328613,0.3902242183685303,14.388048020373944,False,-21.106334924697876,0.3902242183685303,False,False,False,False,False,False,False,17.737143352995098,0.0
430.0,KL008,52.44832021149241,4.5883794566548985,147.9018499847536,150.2756457143699,76.47491837174313,-3.777458443207422,-0.15519046783447266,0.2688685655593872,14.388048020373944,False,-6.9835710525512695,0.2688685655593872,False,False,False,False,False,False,False,19.00960070773682,0.0
430.0,KL009,52.43176882481999,3.5894320550074936,162.99999999999994,165.5846750214427,104.85721705347667,173.0468426175347,0.6774806976318359,0.8562744855880737,33.930796874833014,False,30.486631393432617,0.8562744855880737,False,False,False,False,False,False,False,59.3687098008655,0.0
430.0,KL0010,52.90115991087274,4.375674986183685,158.29150175031262,160.81127483724393,197.48889603194627,119.51351464431178,0.038927316665649414,-0.1756681203842163,24.716693370170287,False,1.7517292499542236,-0.1756681203842163,False,False,False,False,False,False,False,46.1617411024283,0.0
440.0,KL001,51.895542423927424,3.3857804414951334,161.25804157606,163.8187980460928,85.45192903348908,-5.103545212730779,0.8600819110870361,0.3214402198791504,25.696988412671327,False,38.703685998916626,0.3214402198791504,False,False,False,False,False,False,False,47.45373117869522,0.0
440.0,KL002,51.906060847694135,4.079213240691588,162.99999999999994,165.5846750214427,61.39335078131715,7.717523199541517,-0.8629509210586548,0.6930794715881348,14.592427820742953,False,-20.0,0.6930794715881348,True,True,False,True,False,False,False,26.935423654074903,0.0
440.0,KL003,51.957214802059916,5.043527060840151,162.99999999999994,165.5846750214427,59.97558774740552,-64.77281106838541,-0.4852728843688965,0.9417009353637695,11.473824138517564,False,-21.837279796600342,0.9417009353637695,False,False,False,False,False,False,False,21.23044054463951,0.0
440.0,KL004,52.10892711657468,5.673988065331274,162.99999999999994,165.5846750214427,204.90989472122848,167.50882635831397,0.923622727394104,0.3756171464920044,25.005599798659993,False,0.0,0.3756171464920044,True,True,False,True,False,False,False,46.30884871655987,0.0
440.0,KL005,52.020244530504876,4.750569613498683,162.99999999999994,165.5846750214427,62.39506324875481,-19.38749050565596,0.027467727661132812,0.7325868606567383,11.473824138517564,False,1.2360477447509766,0.7325868606567383,False,False,False,False,False,False,False,21.23044054463951,0.0
440.0,KL006,51.82989704283409,4.452994807465566,162.99999999999994,165.5846750214427,64.77577830433874,6.048386325285776,-0.234205961227417,0.8204977512359619,14.592427820742953,False,-10.539268255233765,0.8204977512359619,False,False,False,False,False,False,False,26.91393934223385,0.0
440.0,KL007,52.62698815996291,4.8533786808712405,146.16465079510814,148.51367477451717,83.37242434801836,41.582567995560396,0.9128329753875732,-0.09616643190383911,14.041721280716144,False,41.077483892440796,-0.09616643190383911,False,False,False,False,False,False,False,25.28264749348997,0.0
440.0,KL008,52.46133050439011,4.58192355449381,148.82349919273446,151.21039550050787,74.98582939893359,-10.954126328466202,0.34330737590789795,0.03618049621582031,14.041721280716144,False,15.448831915855408,0.03618049621582031,False,False,False,False,False,False,False,23.660039196981597,0.0
440.0,KL009,52.44661210179741,3.589755092481693,162.99999999999994,165.5846750214427,106.5070924120429,-171.15731189985962,0.7545144557952881,0.8830544948577881,33.92830458434881,False,33.953150510787964,0.8830544948577881,False,False,False,False,False,False,False,58.21184245022325,0.0
440.0,KL0010,52.91289793211682,4.361823788812575,157.68852309830987,160.19992757264487,198.31400992033466,121.66826505809945,0.11013197898864746,-0.040260255336761475,24.769186050266168,False,4.955939054489136,-0.040260255336761475,False,False,False,False,False,False,False,46.26252277541251,0.0
450.0,KL001,51.90917332498706,3.3950578511634255,162.35994952516432,164.93584881299776,83.81167294835787,10.854952703550737,-0.26883143186569214,-0.24052727222442627,26.075884829188677,False,-12.097414433956146,-0.24052727222442627,False,False,False,False,False,False,False,48.165189135533794,0.0
450.0,KL002,51.914465630135155,4.09904816658957,162.99999999999994,165.5846750214427,59.74279624072725,-8.132844894831749,0.6436948776245117,0.6201074123382568,14.57948525911285,False,28.966269493103027,0.6201074123382568,False,False,False,False,False,False,False,23.239811205211367,0.0
450.0,KL003,51.9429391859257,5.050130883594169,162.99999999999994,165.5846750214427,59.5352561256793,-82.12406660550141,-0.21825307607650757,0.937889814376831,11.919610042125727,False,0.0,0.937889814376831,True,True,False,True,False,False,False,22.05554997678328,0.0
450.0,KL004,52.11828558293578,5.692850546960402,162.99999999999994,165.5846750214427,206.52047241590273,167.6090688480536,0.9065570831298828,0.40303361415863037,25.971154311582726,False,0.0,0.40303361415863037,True,True,False,True,False,False,False,48.093662507168375,0.0
450.0,KL005,52.03306242324299,4.762888942758988,162.99999999999994,165.5846750214427,60.82131491005026,-18.63535077184389,-0.09746426343917847,0.7028785943984985,11.919610042125727,False,-4.385891854763031,0.7028785943984985,False,False,False,False,False,False,False,22.05554997678328,0.0
450.0,KL006,51.83848795373647,4.472632116197682,162.99999999999994,165.5846750214427,63.12286879417038,-4.529779049303642,0.41780948638916016,0.700060248374939,14.57948525911285,False,18.801426887512207,0.700060248374939,False,False,False,False,False,False,False,26.214252917538758,0.0
450.0,KL007,52.637126889039585,4.839262957820476,145.83437175719982,148.1786745041103,82.44792793041675,60.06529813384179,-0.5918906927108765,0.3340938091278076,13.62300819897107,False,-26.63508117198944,0.3340938091278076,False,False,False,False,False,False,False,13.931138975693631,0.0
450.0,KL008,52.47474380536468,4.578608994274749,148.94711226680667,151.3357634346503,73.47819395855886,4.461482805437811,-0.9393890500068665,0.07337868213653564,13.62300819897107,False,-42.27250725030899,0.07337868213653564,False,False,False,False,False,False,False,21.180930133960697,0.0
450.0,KL009,52.46083926520448,3.596707578377527,162.99999999999994,165.5846750214427,108.08202300788193,-155.6007180758919,0.7631826400756836,0.8986152410507202,33.9438783154562,False,34.34321880340576,0.8986152410507202,False,False,False,False,False,False,False,47.17012297489269,0.0
450.0,KL0010,52.925237458572866,4.349538613639126,157.54994478563165,160.05942413877807,199.25150252425587,127.00288006354123,-0.20079493522644043,-0.1622677445411682,24.809936637229548,False,-9.03577208518982,-0.1622677445411682,False,False,False,False,False,False,False,46.34018574544547,0.0
460.0,KL001,51.92284411609979,3.4039340221946595,161.5345152789486,164.09907525227382,82.17630681048301,-1.188012530222153,0.8252052068710327,0.23896312713623047,26.48723140582827,False,37.13423430919647,0.23896312713623047,False,False,False,False,False,False,False,48.936823225162236,0.0
460.0,KL002,51.922529329932786,4.119255806131126,162.99999999999994,165.5846750214427,58.09228370441447,7.706570458297989,-0.7969698905944824,0.8123142719268799,14.615159163033258,False,-20.0,0.8123142719268799,True,True,False,True,False,False,False,26.98621856907198,0.0
460.0,KL003,51.92923514680579,5.059581702145288,162.99999999999994,165.5846750214427,59.33952473533843,-83.71283568188315,0.08649647235870361,0.9163823127746582,12.695329121575993,False,14.999999999999996,0.9163823127746582,True,True,False,True,False,False,False,23.491471812348262,0.0
460.0,KL004,52.12764404929689,5.711716989299084,162.99999999999994,165.5846750214427,208.1316749931077,167.70775928354777,0.9326062202453613,0.4118223190307617,26.87500910250449,False,0.0,0.4118223190307617,True,True,False,True,False,False,False,49.76439257761884,0.0
460.0,KL005,52.04637434974358,4.773733179715887,162.99999999999994,165.5846750214427,59.29341357776475,-23.634074044773826,0.21164369583129883,0.6280556917190552,12.695329121575993,False,9.523966312408447,0.6280556917190552,False,False,False,False,False,False,False,23.491471812348262,0.0
460.0,KL006,51.84581898133725,4.493525016403094,162.99999999999994,165.5846750214427,61.47731358755001,11.405046277351147,-0.8021990060806274,0.8446651697158813,14.615159163033258,False,-36.098955273628235,0.8446651697158813,False,False,False,False,False,False,False,24.66635733867353,0.0
460.0,KL007,52.64708514675391,4.824541456537726,146.979725764189,149.34038515540985,81.49836885395891,43.32577313661574,0.9233390092849731,-0.16276657581329346,13.221171464617104,False,41.55025541782379,-0.16276657581329346,False,False,False,False,False,False,False,23.85077850217811,0.0
460.0,KL008,52.48803161298111,4.573994231276554,149.19830083878765,151.59051636535017,71.9740601276607,-12.927448567769375,0.15851426124572754,-0.11988013982772827,13.221171464617104,False,7.133141756057739,-0.11988013982772827,False,False,False,False,False,False,False,23.524652479873634,0.0
460.0,KL009,52.47337210722722,3.609766468381074,162.99999999999994,165.5846750214427,109.46843768452217,-140.2545055738621,0.7371904850006104,0.9303840398788452,33.91078430431064,False,33.173571825027466,0.9303840398788452,False,False,False,False,False,False,False,50.14009467575606,0.0
460.0,KL0010,52.93661211437251,4.335082673410096,156.99292677443677,159.4946612086378,200.04276212551616,118.3696877768241,0.3250432014465332,-0.0820087194442749,24.859294092028875,False,14.626944065093994,-0.0820087194442749,False,False,False,False,False,False,False,46.435958186179754,0.0
470.0,KL001,51.93606849097367,3.4146580313878583,162.3535567135786,164.9293682750693,80.547334740525,14.850597740058419,-0.795573353767395,-0.4554561972618103,26.82016544682546,False,-35.800800919532776,-0.4554561972618103,False,False,False,False,False,False,False,49.56389118209075,0.0
470.0,KL002,51.930934112373805,4.139098009132144,162.99999999999994,165.5846750214427,56.44174320582775,-8.145709316429162,0.7274470329284668,0.5261904001235962,14.651720618879537,False,32.735116481781006,0.5261904001235962,False,False,False,False,False,False,False,23.12251075529838,0.0
470.0,KL003,51.9148554148444,5.065574469062732,162.99999999999994,165.5846750214427,58.94475546863215,-70.26824776084385,-0.4951375722885132,0.9238221645355225,13.445023339037146,False,9.999999999999995,0.9238221645355225,True,True,False,True,False,False,False,24.879109658407124,0.0
470.0,KL004,52.137002515658,5.730587394514535,162.99999999999994,165.5846750214427,209.74348813837167,167.80493284511562,0.9380570650100708,0.37612855434417725,27.954763815325798,False,0.0,0.37612855434417725,True,True,False,True,False,False,False,51.760501759994796,0.0
470.0,KL005,52.0587986510241,4.787028149446801,162.99999999999994,165.5846750214427,57.707454733114005,-14.574651378892753,-0.3516228199005127,0.6352516412734985,13.445023339037146,False,-15.823026895523071,0.6352516412734985,False,False,False,False,False,False,False,24.879109658407124,0.0
470.0,KL006,51.85350364685365,4.514085369637413,162.99999999999994,165.5846750214427,59.82893893597198,-4.343924178511941,0.5800576210021973,0.6984713077545166,14.651720618879537,False,26.102592945098877,0.6984713077545166,False,False,False,False,False,False,False,25.866014661344146,0.0
470.0,KL007,52.657279500624334,4.810390592634376,146.42103050882864,148.7737168065149,80.60556055347537,61.77882244739834,0.6017645597457886,0.35468900203704834,12.865932778707904,False,27.079405188560486,0.35468900203704834,False,False,False,False,False,False,False,23.659092795363215,0.0
470.0,KL008,52.50123297972024,4.5687059773475305,148.78668300385743,151.17305655328616,70.47448436884281,-5.941108748917145,0.36561858654022217,0.4540882110595703,12.865932778707904,False,16.452836394309998,0.4540882110595703,False,False,False,False,False,False,False,21.980434018245017,0.0
470.0,KL009,52.48326082446397,3.6279445827110957,162.99999999999994,165.5846750214427,110.5703043638138,-125.07851660345281,0.4484426975250244,0.9569652080535889,33.77781347862955,False,20.1799213886261,0.9569652080535889,False,False,False,False,False,False,False,52.062613067825815,0.0
470.0,KL0010,52.948892101544956,4.323004187347726,156.71116902450916,159.2089816486484,200.99727853584878,133.36378036026076,-0.3077852725982666,0.15499663352966309,24.890227059753048,False,-13.850337266921997,0.15499663352966309,False,False,False,False,False,False,False,46.49504774828042,0.0
480.0,KL001,51.94935536359021,3.4246643881060423,160.79099651491418,163.34532152369673,78.9281088489086,-1.059149443542566,0.3553658723831177,-0.09946310520172119,27.196954484418686,False,15.991464257240295,-0.09946310520172119,False,False,False,False,False,False,False,50.272184410854294,0.0
480.0,KL002,51.938997812171436,4.159313064927461,162.99999999999994,165.5846750214427,54.791222510428696,7.694295530459357,-0.7582541108131409,0.6914191246032715,14.687521287111629,False,-20.0,0.6914191246032715,True,True,False,True,False,False,False,27.128554698918318,0.0
480.0,KL003,51.8999859377178,5.065873737835768,162.99999999999994,165.5846750214427,58.21902823179411,-61.721605807782,-0.7209326028823853,0.9314320087432861,14.31067855357998,False,9.999999999999995,0.9314320087432861,True,True,False,True,False,False,False,25.238521274439844,0.0
480.0,KL004,52.146360982019104,5.7494617647755515,162.99999999999994,165.5846750214427,211.3558979694791,167.90062367509267,0.9705768823623657,0.36554908752441406,29.26868754081705,False,0.0,0.36554908752441406,True,True,False,True,False,False,False,54.189978602591836,0.0
480.0,KL005,52.07202133731654,4.79800313833738,162.99999999999994,165.5846750214427,56.19198674285277,-31.060323170784216,0.7727659940719604,0.4902994632720947,14.31067855357998,False,34.77446973323822,0.4902994632720947,False,False,False,False,False,False,False,26.4815527933069,0.0
480.0,KL006,51.86083467445444,4.534985241700828,162.99999999999994,165.5846750214427,58.18379411585224,11.60247592261311,-0.7706242799758911,0.780717134475708,14.687521287111629,False,-34.6780925989151,0.780717134475708,False,False,False,False,False,False,False,25.072102007958502,0.0
480.0,KL007,52.669687823546944,4.801888670870002,147.6370164759596,150.0070424223564,80.12953901804613,80.26063925432373,-0.7566586136817932,0.2675957679748535,12.629095344871601,False,-34.049637615680695,0.2675957679748535,False,False,False,False,False,False,False,14.253238638273393,0.0
480.0,KL008,52.51489520708965,4.567445754345713,150.3435636378564,152.75200294393062,68.95563242527037,10.586861316332772,-0.9283087253570557,-0.07777518033981323,12.629095344871601,False,-41.773892641067505,-0.07777518033981323,False,False,False,False,False,False,False,20.52582990095893,0.0
480.0,KL009,52.489755998925375,3.6498650136641517,162.99999999999994,165.5846750214427,111.313782692616,-110.02505436310764,0.2783513069152832,0.9568278789520264,33.48662233655288,False,12.525808811187744,0.9568278789520264,False,False,False,False,False,False,False,42.81259165721967,0.0
480.0,KL0010,52.960831610559666,4.309858736382276,157.2422520478758,159.7474545210662,201.89833713467536,119.89230364865648,0.1709812879562378,-0.13740479946136475,24.987037203155648,False,7.694157958030701,-0.13740479946136475,False,False,False,False,False,False,False,46.68727382689284,0.0
490.0,KL001,51.96243011347843,3.4352493190535687,160.4493646791193,162.99898028362597,77.31915599108993,15.0939779332802,-0.8342552781105042,-0.435330867767334,27.54092177601807,False,-37.54148751497269,-0.435330867767334,False,False,False,False,False,False,False,50.920205310284786,0.0
490.0,KL002,51.947402594612456,4.17916255201365,162.99999999999994,165.5846750214427,53.140696780733364,-8.160174419454279,0.4764983654022217,0.6641860008239746,14.724203470919484,False,21.442426443099976,0.6641860008239746,False,False,False,False,False,False,False,24.19576881530249,0.0
490.0,KL003,51.88531031246582,5.061984502554608,162.99999999999994,165.5846750214427,57.27927703273887,-53.070036210978714,-0.7537927627563477,0.8863987922668457,15.196571613441018,False,5.000000000000002,0.8863987922668457,True,True,False,True,False,False,False,27.591418252438192,0.0
490.0,KL004,52.15571944838021,5.768340102252508,162.99999999999994,165.5846750214427,212.96889102050076,167.9948649151679,0.9604448080062866,0.31921470165252686,30.73607300101912,False,0.0,0.31921470165252686,True,True,False,True,False,False,False,56.90365862961458,0.0
490.0,KL005,52.08505264875238,4.809571714203146,162.99999999999994,165.5846750214427,54.666201418726196,-15.892785921942192,-0.31877386569976807,0.5477275848388672,15.196571613441018,False,-14.344823956489563,0.5477275848388672,False,False,False,False,False,False,False,28.121576138034406,0.0
490.0,KL006,51.86851933997084,4.555552457485635,162.99999999999994,165.5846750214427,56.53571548833597,-4.136417101052814,0.17219042778015137,0.5716825723648071,14.724203470919484,False,7.7485692501068115,0.5716825723648071,False,False,False,False,False,False,False,25.650161222065663,0.0
490.0,KL007,52.68201697151033,4.792726621565511,148.55430130426063,150.9373741616473,79.6338850591022,63.92380327607299,0.39225077629089355,-0.020083069801330566,12.399866648244531,False,17.65128493309021,-0.020083069801330566,False,False,False,False,False,False,False,22.542044735606034,0.0
490.0,KL008,52.52849249223431,4.565260548806196,150.07634645852988,152.48100440493954,67.43675072328949,-6.570790596731058,0.4086596965789795,0.3522207736968994,12.399866648244531,False,18.389686346054077,0.3522207736968994,False,False,False,False,False,False,False,19.700804518236932,0.0
490.0,KL009,52.49249860513324,3.673846629657618,162.99999999999994,165.5846750214427,111.66498952658702,-98.33834342604732,0.8548297882080078,0.850616455078125,32.645290107934905,False,38.46734046936035,0.850616455078125,False,False,False,False,False,False,False,47.85133613675896,0.0
490.0,KL0010,52.97290798984985,4.29710029307851,156.77050563307517,159.26914440167545,202.8318694261401,127.95647850647993,-0.5341061353683472,-0.02410942316055298,25.0662587430287,False,-24.034776091575623,-0.02410942316055298,False,False,False,False,False,False,False,46.84558866422293,0.0
500.0,KL001,51.97557932630834,3.445092472834347,158.95583289305054,161.4848111367382,75.7189971873142,-0.9945778152603282,0.25145459175109863,-0.05996471643447876,27.929708157879745,False,-10.000000000000004,-0.05996471643447876,True,True,False,True,False,False,False,50.44188652816098,0.0
500.0,KL002,51.95546629441009,4.199385031179597,162.99999999999994,165.5846750214427,51.49016746001537,7.680444267584505,-0.8868345022201538,0.730606198310852,14.732131547098719,False,-15.000000000000002,0.730606198310852,True,True,False,True,False,False,False,27.208694066835328,0.0
500.0,KL003,51.871028491318306,5.055169378126377,162.99999999999994,165.5846750214427,56.20512109185951,-49.33953116064964,-0.7974815964698792,0.8877032995223999,16.166717929743466,False,5.000000000000002,0.8877032995223999,True,True,False,True,False,False,False,25.275132894025827,0.0
500.0,KL004,52.16507791474132,5.7872224091173585,162.99999999999994,165.5846750214427,214.582454226529,168.08768874214974,0.9786440134048462,0.5892882347106934,32.300922564806335,False,0.0,0.5892882347106934,True,True,False,True,False,False,False,59.79791584278646,0.0
500.0,KL005,52.09826175867716,4.820611763445668,162.99999999999994,165.5846750214427,53.16451211967754,-30.97154395302732,0.9045428037643433,0.5557136535644531,16.100570289666344,False,40.70442616939545,0.5557136535644531,False,False,False,False,False,False,False,29.795505168752438,0.0
500.0,KL006,51.87641919661553,4.57597764006278,162.99999999999994,165.5846750214427,54.88244975230128,3.675138425744848,-0.5266752243041992,0.7168667316436768,14.732131547098719,False,-23.700385093688965,0.7168667316436768,False,False,False,False,False,False,False,24.373038721669978,0.0
500.0,KL007,52.69450327081354,4.7841882835941565,148.48495220667266,150.86703968860732,79.20780615051322,82.33389740157742,-0.7962250709533691,0.3760570287704468,12.172868068656372,False,-35.83012819290161,0.3760570287704468,False,False,False,False,False,False,False,13.311468624692381,0.0
500.0,KL008,52.542230660867325,4.563705996307069,151.2838557181515,153.7055814048744,65.90734091664964,10.5425913926274,-0.9260133504867554,-0.13651776313781738,12.172868068656372,False,-41.67060077190399,-0.13651776313781738,False,False,False,False,False,False,False,19.372798454835607,0.0
500.0,KL009,52.491876537432304,3.6982059440150556,162.99999999999994,165.5846750214427,111.66763745832998,-83.37167549877208,0.8569439649581909,0.894101619720459,31.766221656686156,False,38.56247842311859,0.894101619720459,False,False,False,False,False,False,False,42.130493438457954,0.0
500.0,KL0010,52.983823046391585,4.2818409767471195,156.68732155985947,159.18480212036894,203.59320334023928,111.89552168125016,0.36487746238708496,-0.11193549633026123,25.172988263556142,False,16.419485807418823,-0.11193549633026123,False,False,False,False,False,False,False,47.06000941140062,0.0
510.0,KL001,51.989841262744626,3.4491929626173845,158.7496716113803,161.27579490696064,74.1255673843485,-11.175248749546938,0.6976264715194702,0.1696913242340088,28.522815089642425,False,-10.000000000000004,0.1696913242340088,True,True,False,True,False,False,False,47.36898079698116,0.0
510.0,KL002,51.96385497626276,4.219264679042304,162.99999999999994,165.5846750214427,49.83934591641347,-7.35060462950284,0.2669433355331421,0.6919732093811035,14.666080685221639,False,12.012450098991394,0.6919732093811035,False,False,False,False,False,False,False,23.55594939298092,0.0
510.0,KL003,51.85716770764176,5.046366655612911,162.99999999999994,165.5846750214427,55.050684711279935,-45.55840808696462,-0.5222296714782715,0.8387013673782349,16.835350995219834,False,0.0,0.8387013673782349,True,True,False,True,False,False,False,27.703912106128058,0.0
510.0,KL004,52.174436381102424,5.80610868754364,162.99999999999994,165.5846750214427,216.196574909064,168.17912640223756,0.9624942541122437,0.4822307825088501,33.92627532796541,False,0.0,0.4822307825088501,True,True,False,True,False,False,False,62.80430908620849,0.0
510.0,KL005,52.11110530028596,4.832730658023048,162.99999999999994,165.5846750214427,51.638047298378915,-15.840050272941653,-0.15768283605575562,0.6028820276260376,16.13878222651595,False,-7.095727622509003,0.6028820276260376,False,False,False,False,False,False,False,29.868578530474693,0.0
510.0,KL006,51.88581166137269,4.594599789069378,162.99999999999994,165.5846750214427,53.237680433932745,-12.303302917289642,0.7531849145889282,0.4832155704498291,14.666080685221639,False,33.89332115650177,0.4832155704498291,False,False,False,False,False,False,False,23.46365345281415,0.0
510.0,KL007,52.70693979730917,4.774976041143098,149.77421597506876,152.17459554651893,78.7626903380128,66.16778115303828,-0.5532119274139404,-0.09609389305114746,11.948929298138003,False,-24.89453673362732,-0.09609389305114746,False,False,False,False,False,False,False,13.119372100401096,0.0
510.0,KL008,52.555893183404585,4.5614740065859465,150.81517042492715,153.23027737817299,64.38094246965872,-6.529646447168261,0.35945916175842285,0.322118878364563,11.948929298138003,False,16.17566227912903,0.322118878364563,False,False,False,False,False,False,False,11.253729985924933,0.0
510.0,KL009,52.487233914586795,3.7213621560273955,162.99999999999994,165.5846750214427,111.24377849417189,-68.37767550059905,0.8269510269165039,0.9338178634643555,30.96689984155315,False,37.212796211242676,0.9338178634643555,False,False,False,False,False,False,False,39.17103281278447,0.0
510.0,KL0010,52.99497234984066,4.267145913190837,156.30292710818523,158.79505240465966,204.40208552167044,128.70284626195058,-0.8194593787193298,0.008095264434814453,25.260666408353984,False,-36.87567204236984,0.008095264434814453,False,False,False,False,False,False,False,47.237591383562254,0.0
520.0,KL001,52.004377999395004,3.449215235078611,159.33114546551792,161.86531720037755,72.59392688576769,-21.578761592790556,0.852502703666687,0.38758552074432373,29.287210992149237,False,-5.000000000000002,0.38758552074432373,True,True,False,True,False,False,False,43.595591416901414,0.0
520.0,KL002,51.971893173134944,4.23955125735003,162.99999999999994,165.5846750214427,48.18715068965642,4.685281459291019,-0.880093514919281,0.7893450260162354,14.600066042460254,False,-15.000000000000002,0.7893450260162354,True,True,False,True,False,False,False,26.984998999015275,0.0
520.0,KL003,51.84335724982093,5.0373497776256055,162.99999999999994,165.5846750214427,53.910304563364825,-46.81760264425131,-0.3071519732475281,0.8975187540054321,16.00978175599338,False,5.000000000000002,0.8975187540054321,True,True,False,True,False,False,False,25.08220075652475,0.0
520.0,KL004,52.18379484746353,5.824998939706473,162.99999999999994,165.5846750214427,217.81124076203918,168.26920824386815,0.9790506362915039,0.46852755546569824,35.566439753452634,False,0.0,0.46852755546569824,True,True,False,True,False,False,False,65.83803748543623,0.0
520.0,KL005,52.12381228428735,4.845349820108375,162.99999999999994,165.5846750214427,50.101317373931565,-23.632751911682533,0.5973246097564697,0.5923296213150024,16.19430242944559,False,26.879607439041138,0.5923296213150024,False,False,False,False,False,False,False,29.973389266271163,0.0
520.0,KL006,51.894883120206345,4.613639257764023,162.99999999999994,165.5846750214427,51.58990695410973,3.4051938468228116,-0.3638359308242798,0.7573087215423584,14.600066042460254,False,-16.37261688709259,0.7573087215423584,False,False,False,False,False,False,False,26.30003985656726,0.0
520.0,KL007,52.717142872574435,4.760122303173035,149.44417425783107,151.83987662484483,77.93177824716003,49.84259546726844,-0.25865161418914795,-0.392775297164917,11.472349593489295,False,-5.000000000000002,-0.392775297164917,True,False,False,False,True,False,False,10.665289871877874,0.0
520.0,KL008,52.56968981114585,4.559843846564822,151.9194390758042,154.3501282725001,62.844603159960265,9.712338831612612,-0.9093766808509827,-0.1838589906692505,11.472349593489295,False,-40.92195063829422,-0.1838589906692505,False,False,False,False,False,False,False,16.22140790744973,0.0
520.0,KL009,52.47892257849846,3.741558893513608,162.99999999999994,165.5846750214427,110.42080880138224,-53.302105419097444,0.6614978313446045,0.9233860969543457,30.38474983763945,False,29.767402410507202,0.9233860969543457,False,False,False,False,False,False,False,36.82914573542924,0.0
520.0,KL0010,53.005852712684664,4.251894652586462,156.33019457491895,158.82269992506454,205.17940593669348,112.59769064221877,-0.6147010326385498,-0.11964255571365356,25.29575998648846,False,-27.66154646873474,-0.11964255571365356,False,False,False,False,False,False,False,46.89372925031985,0.0
530.0,KL001,52.01893972589174,3.4463057366303436,160.65991322031644,163.21243173648446,71.13003637987586,-27.151733410609722,0.935951828956604,0.0525362491607666,29.261634326127034,False,-30.000000000000004,-1.0,True,True,True,True,False,True,True,45.31111093935103,0.0
530.0,KL002,51.980908919085834,4.258701538442597,162.99999999999994,165.5846750214427,46.53978929152919,-10.453832214923409,0.7562203407287598,0.6570172309875488,14.57194313960813,False,34.02991533279419,0.6570172309875488,False,False,False,False,False,False,False,21.587622434509086,0.0
530.0,KL003,51.830022992548486,5.0266308457454505,162.99999999999994,165.5846750214427,52.704586075392065,-43.032895211653056,-0.5838922262191772,0.9145910739898682,15.285238756476446,False,5.000000000000002,0.9145910739898682,True,True,False,True,False,False,False,26.41123095441776,0.0
530.0,KL004,52.19315331382464,5.843893167782564,162.99999999999994,165.5846750214427,219.42643983842484,168.35796374920756,0.9721474647521973,0.329801082611084,36.382579527668035,False,0.0,0.329801082611084,True,True,False,True,False,False,False,67.58116000723791,0.0
530.0,KL005,52.13537767427166,4.860509726006777,162.99999999999994,165.5846750214427,48.506479008603534,-8.31029882188804,-0.747294545173645,0.3835442066192627,16.23717226499384,False,-33.628254532814026,0.3835442066192627,False,False,False,False,False,False,False,30.054573014204834,0.0
530.0,KL006,51.90427558496351,4.6322690591875775,162.99999999999994,165.5846750214427,49.945878974209926,-12.592370553155604,0.8485381603240967,0.524290919303894,14.57194313960813,False,38.18421721458435,0.524290919303894,False,False,False,False,False,False,False,23.04102210646823,0.0
530.0,KL007,52.7251555114696,4.742115621554815,148.0966271334353,150.47319389894136,76.87265961989213,45.641163651448835,0.5388166904449463,-0.45375752449035645,10.853613667440026,False,24.246751070022583,-0.45375752449035645,False,False,False,False,False,False,False,16.32103926308109,0.0
530.0,KL008,52.583372528183844,4.557251791104884,151.2883890282026,153.7101786968542,61.31312447519793,-7.3249506159725115,0.44161081314086914,-0.04745835065841675,10.853613667440026,False,19.87248659133911,-0.04745835065841675,False,False,False,False,False,False,False,14.06530587515391,0.0
530.0,KL009,52.467572405078485,3.757265499593724,162.99999999999994,165.5846750214427,109.25279548846116,-38.09348406401321,-0.9049620032310486,0.7320400476455688,29.261634326127034,False,-40.723290145397186,0.7320400476455688,False,False,False,False,False,False,False,50.89953585724503,0.0
530.0,KL0010,53.01365332132243,4.2321798129447314,155.9193689207534,158.40614540978524,205.54288260975807,96.49378426069035,0.08855617046356201,-0.659684956073761,25.329726751354602,False,3.9850276708602905,-0.659684956073761,False,False,False,False,False,False,False,47.37860587983157,0.0
540.0,KL001,52.03271040865437,3.4396765453117357,157.22977645199873,159.73480544569722,69.84376211297732,-44.27000627434779,0.938309907913208,0.5063285827636719,28.248514007151357,False,-15.000000000000002,-1.0,True,True,True,True,False,True,True,48.937651241942184,0.0
540.0,KL002,51.98943755192034,4.2784303472616205,162.99999999999994,165.5846750214427,44.88971790109808,5.305232432859015,-0.8575453758239746,0.6791499853134155,14.535166226234873,False,-10.000000000000004,0.6791499853134155,True,True,False,True,False,False,False,26.874702631153102,0.0
540.0,KL003,51.8173167434294,5.014075549775273,162.99999999999994,165.5846750214427,51.42594980623607,-39.18537404860865,-0.3533961772918701,0.7372181415557861,14.63330907498903,False,0.0,0.7372181415557861,True,True,False,True,False,False,False,24.968278858040495,0.0
540.0,KL004,52.202511780185745,5.862791373950204,162.99999999999994,165.5846750214427,221.04216053740734,168.44542156434795,0.9875619411468506,0.36504054069519043,36.51644668319702,False,0.0,0.36504054069519043,True,True,False,True,False,False,False,67.84603532395911,0.0
540.0,KL005,52.14719562582085,4.875147090557566,162.99999999999994,165.5846750214427,46.92860634877998,-24.721512305708558,0.5781443119049072,0.6350538730621338,16.294034417353295,False,26.016494035720825,0.6350538730621338,False,False,False,False,False,False,False,30.161474793138876,0.0
540.0,KL006,51.91334704379716,4.651316354625076,162.99999999999994,165.5846750214427,48.298668613994046,3.0984492058357205,-0.43523991107940674,0.7565209865570068,14.535166226234873,False,-19.585795998573303,0.7565209865570068,False,False,False,False,False,False,False,24.359392425515527,0.0
540.0,KL007,52.73467155718118,4.7266698706261785,146.53993801452742,148.8943221188685,76.02853189993151,64.15223624328297,-0.8250959515571594,0.036924004554748535,10.352021669765934,False,-10.000000000000004,0.036924004554748535,True,False,False,False,True,False,False,10.858459356350533,0.0
540.0,KL008,52.59708135901829,4.555336452730434,151.12514425654192,153.54462948394092,59.784262289668746,9.791444286920012,-0.9099174737930298,0.747051477432251,10.352021669765934,False,-40.94628632068634,0.747051477432251,False,False,False,False,False,False,False,15.924517055312606,0.0
540.0,KL009,52.45649074695488,3.773476136349437,162.99999999999994,165.5846750214427,108.13080013265363,-54.56132984150835,-0.9222737550735474,0.8890832662582397,28.248514007151357,False,-41.50231897830963,0.8890832662582397,False,False,False,False,False,False,False,42.81912472266288,0.0
540.0,KL0010,53.020589547568775,4.211860910247502,153.65640075357095,156.11151441825047,205.81423664116488,100.91558336113269,-0.16443967819213867,-0.5557863116264343,25.35114176285795,False,-7.39978551864624,-0.5557863116264343,False,False,False,False,False,False,False,47.35510629230802,0.0
550.0,KL001,52.04451123996515,3.4272764648656566,153.79965057450258,156.25677386866172,68.91706766929477,-60.30398282276576,0.8759424686431885,0.8436472415924072,27.751883069519497,False,5.000000000000002,-1.0,True,True,True,True,False,True,True,50.533270590232306,0.0
550.0,KL002,51.998024299388945,4.298147866928426,162.99999999999994,165.5846750214427,43.237011895556684,-4.771748293227745,-0.3620935082435608,0.7409477233886719,14.47943757271745,False,0.0,0.7409477233886719,True,True,False,True,False,False,False,24.896958460110003,0.0
550.0,KL003,51.804683314399526,5.001324535946162,162.99999999999994,165.5846750214427,50.15851810965001,-40.3825272092551,-0.5234498977661133,0.8457142114639282,14.184273409661563,False,0.0,0.8457142114639282,True,True,False,True,False,False,False,25.953246905198764,0.0
550.0,KL004,52.21187024654685,5.881693560389276,162.99999999999994,165.5846750214427,222.6583915921177,168.5316095282713,0.9846885204315186,0.16418659687042236,36.633054935975245,False,0.0,0.16418659687042236,True,True,False,True,False,False,False,68.07876536555342,0.0
550.0,KL005,52.15876101580516,4.890314958249463,162.99999999999994,165.5846750214427,45.3425296555692,-9.472243290717557,-0.7176839113235474,0.4480109214782715,16.341421683455856,False,-32.29577600955963,0.4480109214782715,False,False,False,False,False,False,False,30.25075858655855,0.0
550.0,KL006,51.92273950855432,4.669953816693684,162.99999999999994,165.5846750214427,46.65553127573953,-12.922222703828396,0.21823441982269287,0.4399374723434448,14.184273409661563,False,9.82054889202118,0.4399374723434448,False,False,False,False,False,False,False,25.659452652185664,0.0
550.0,KL007,52.744263028458676,4.7112512319987925,146.66610829502363,149.02229338212175,75.20811974962415,55.09926919201024,-0.38932955265045166,-0.5016772747039795,9.866074266437966,False,0.0,-0.5016772747039795,True,False,False,False,True,False,False,11.271899563997273,0.0
550.0,KL008,52.610965957352356,4.55275735170157,153.68677209653833,156.1423118959371,58.23062833484696,-6.998867303312636,-0.5299730896949768,0.319244384765625,9.866074266437966,False,-23.848789036273956,0.319244384765625,False,False,False,False,False,False,False,15.649008999332597,0.0
550.0,KL009,52.448522215863896,3.7940273776646354,162.99999999999994,165.5846750214427,107.40016759403987,-71.1796369563888,-0.4117990732192993,0.9382027387619019,27.751883069519497,False,-18.53095829486847,0.9382027387619019,False,False,False,False,False,False,False,42.85879527200266,0.0
550.0,KL0010,53.026171668914735,4.190758257548658,151.74977333303013,154.17807113578743,205.93814558633258,93.95187535479181,-0.3135133981704712,-0.43864119052886963,25.339213394799653,False,-14.108102917671204,-0.43864119052886963,False,False,False,False,False,False,False,46.451249862510856,0.0
560.0,KL001,52.05588098431214,3.414619442793565,150.3695355877932,152.77834228876753,68.06435444293078,-56.363869526973815,0.8787333965301514,0.8294237852096558,27.62129573007227,False,0.0,-1.0,True,True,True,True,False,True,True,51.20297203657385,0.0
560.0,KL002,52.00718131915838,4.317223266846886,162.99999999999994,165.5846750214427,41.586609772553224,-4.961055203099022,0.2644912004470825,0.7679227590560913,14.459675675239467,False,11.902104020118713,0.7679227590560913,False,False,False,False,False,False,False,24.83758440440522,0.0
560.0,KL003,51.79204988536965,4.988577094958766,162.99999999999994,165.5846750214427,48.914113221329764,-41.64116621060572,0.24375486373901367,0.8445281982421875,13.942351274668598,False,10.968968868255615,0.8445281982421875,False,False,False,False,False,False,False,25.407619407220665,0.0
560.0,KL004,52.22122871290796,5.90059972928125,162.99999999999994,165.5846750214427,224.27512205785106,168.61655470063982,0.9891635179519653,0.10262322425842285,36.76811682013833,False,0.0,0.10262322425842285,True,True,False,True,False,False,False,68.34613709935832,0.0
560.0,KL005,52.17057896735435,4.90496001309903,162.99999999999994,165.5846750214427,43.77529601198832,-25.96763634392329,0.5356025695800781,0.6967329978942871,16.39376233989775,False,24.102115631103516,0.6967329978942871,False,False,False,False,False,False,False,30.34906500936704,0.0
560.0,KL006,51.932122515791896,4.688664239240335,162.99999999999994,165.5846750214427,45.009618349022745,-3.3090935594666178,-0.7343984246253967,0.6752229928970337,13.942351274668598,False,-33.04792910814285,0.6752229928970337,False,False,False,False,False,False,False,18.26315289269302,0.0
560.0,KL007,52.753370343206164,4.6953490538528415,144.94507686487782,147.27664909925903,74.3657362429212,56.031843677743666,0.3030186891555786,-0.5109211206436157,9.533651950725538,False,13.635841012001038,-0.5109211206436157,False,False,False,False,False,False,False,16.686634120772702,0.0
560.0,KL008,52.62392335744594,4.543634734690046,154.78117319006512,157.25204680669208,56.72765231546139,-24.1001278122896,0.2688387632369995,-0.1872802972793579,9.533651950725538,False,12.097744345664978,-0.1872802972793579,False,False,False,False,False,False,False,14.252735135091495,0.0
560.0,KL009,52.444270708186146,3.8173620401815125,162.99999999999994,165.5846750214427,107.12481007599052,-87.88146156035248,0.296527624130249,0.9486267566680908,27.62129573007227,False,0.0,0.9486267566680908,True,True,False,True,False,False,False,46.89960609228388,0.0
560.0,KL0010,53.02936320989215,4.1686164958325875,150.2449159972935,152.6519596383528,205.79986221660783,80.27458828401643,-0.8648366928100586,-0.12334156036376953,25.27155473461684,False,-38.91765117645264,-0.12334156036376953,False,False,False,False,False,False,False,42.23314958407623,0.0
570.0,KL001,52.06705866260152,3.4024038952384026,146.9394314918362,149.29951620156567,67.24305672282293,-57.419443498696126,0.8380651473999023,0.8217349052429199,27.68853408460557,False,-5.000000000000002,-1.0,True,True,True,True,False,True,True,51.34446952171413,0.0
570.0,KL002,52.01459908353672,4.338144416643321,162.99999999999994,165.5846750214427,39.93687919852279,7.066557440048371,-0.7830672264099121,0.6274949312210083,14.259641153496208,False,-15.000000000000002,0.6274949312210083,True,True,False,True,False,False,False,23.59400258715137,0.0
570.0,KL003,51.78060856031921,4.973234829166591,162.99999999999994,165.5846750214427,47.55591635183789,-31.785403880718547,-0.7504057288169861,0.8168469667434692,13.897447525836215,False,-5.000000000000002,0.8168469667434692,True,True,False,True,False,False,False,25.68039196137599,0.0
570.0,KL004,52.230587179269065,5.91950988280919,162.99999999999994,165.5846750214427,225.89234130079265,168.7002833884626,0.983643651008606,0.13431894779205322,36.88576761085461,False,0.0,0.13431894779205322,True,True,False,True,False,False,False,68.58106146424812,0.0
570.0,KL005,52.182144357338665,4.920135853480685,162.99999999999994,165.5846750214427,42.20002216052266,-10.807862722977347,-0.8079797029495239,0.6119412183761597,16.414738964806578,False,-36.35908663272858,0.6119412183761597,False,False,False,False,False,False,False,30.30728704281964,0.0
570.0,KL006,51.942665612381575,4.7056143456277155,162.99999999999994,165.5846750214427,43.39516140414455,-19.58477808536594,0.741912841796875,0.5432556867599487,13.897447525836215,False,33.386077880859375,0.5432556867599487,False,False,False,False,False,False,False,25.68039196137599,0.0
570.0,KL007,52.76373388020077,4.682227453584897,143.19234795853828,145.49875145381768,73.7577458521031,70.69283361752804,-0.8858537077903748,-0.15278959274291992,9.312668866430755,False,-15.000000000000002,-0.15278959274291992,True,False,False,False,True,False,False,10.829363956033193,0.0
570.0,KL008,52.636923374690646,4.534839293605042,154.1383802519584,156.60025267946705,55.22580814282929,-12.440856204347881,-0.31716620922088623,0.5102455615997314,9.312668866430755,False,-14.27247941493988,0.5102455615997314,False,False,False,False,False,False,False,13.567437707520018,0.0
570.0,KL009,52.44180723820319,3.841455505561944,162.99999999999994,165.5846750214427,107.07898475575003,-88.7764662819819,0.37535393238067627,0.9447717666625977,27.68853408460557,False,0.0,0.9447717666625977,True,True,False,True,False,False,False,44.10960687999879,0.0
570.0,KL0010,53.02910071154838,4.145942407186768,149.82142345914332,152.22247172797458,205.2970207289282,63.470203589478814,-0.9753244519233704,0.5810527801513672,25.12272102839883,False,-43.889600336551666,0.5810527801513672,False,False,False,False,False,False,False,35.891750355826545,0.0
580.0,KL001,52.07736057782445,3.3891088536159555,143.5093382865968,145.82030131395246,66.56423994167591,-63.523278477386384,0.8337595462799072,0.8779728412628174,27.90940979272951,False,5.000000000000002,-1.0,True,True,True,True,False,True,True,51.77183040536071,0.0
580.0,KL002,52.02304373608616,4.357987758520335,162.99999999999994,165.5846750214427,38.286432408783845,-8.000298409171279,0.8398584127426147,0.7074878215789795,14.138915647468874,False,37.793628573417664,0.7074878215789795,False,False,False,False,False,False,False,22.46061025114006,0.0
580.0,KL003,51.76895407032242,4.958260966184433,162.99999999999994,165.5846750214427,46.235412674895365,-37.99969214609422,-0.34042251110076904,0.8520615100860596,14.073719079911879,False,0.0,0.8520615100860596,True,True,False,True,False,False,False,26.016041234040845,0.0
580.0,KL004,52.23994564563017,5.9384240231577525,162.99999999999994,165.5846750214427,227.51003898720484,168.7828211716935,0.9847359657287598,0.16509127616882324,37.02199650577476,False,0.0,0.16509127616882324,True,True,False,True,False,False,False,68.85087530510982,0.0
580.0,KL005,52.193962308887855,4.93478860915589,162.99999999999994,165.5846750214427,40.64590116775905,-27.40641577587786,0.5413752794265747,0.7825460433959961,16.447527717225338,False,24.361887574195862,0.7825460433959961,False,False,False,False,False,False,False,30.451600556688582,0.0
580.0,KL006,51.95291612705919,4.723034602035596,162.99999999999994,165.5846750214427,41.77418482689354,-4.1878994330793375,-0.6825064420700073,0.7036221027374268,14.073719079911879,False,-30.71278989315033,0.7036221027374268,False,False,False,False,False,False,False,17.303718606997332,0.0
580.0,KL007,52.77332138185359,4.66772871068271,142.66788205544538,144.96673435154796,73.06293288204643,56.68750810988948,0.6593072414398193,-0.5311029553413391,9.085252173332254,False,29.66882586479187,-0.5311029553413391,False,False,False,False,False,False,False,16.66790472310917,0.0
580.0,KL008,52.64952962457873,4.524086153641704,155.88784264104626,158.37417925830653,53.758234994206326,-27.319972197628545,0.014496922492980957,-0.020356357097625732,9.085252173332254,False,0.6523615121841431,-0.020356357097625732,False,False,False,False,False,False,False,16.65553256519352,0.0
580.0,KL009,52.43934376822023,3.8655476237912882,162.99999999999994,165.5846750214427,107.05930603957759,-89.67201781936333,0.9208123683929443,0.854873776435852,27.155838971809114,False,0.0,0.854873776435852,True,True,False,True,False,False,False,44.16547129710329,0.0
580.0,KL0010,53.02478502252539,4.124127390055385,151.81374187967884,154.24294141945708,204.39257383526655,46.8278428152548,-0.9535759687423706,0.547187328338623,24.810597551754736,False,-42.91091859340668,0.547187328338623,False,False,False,False,False,False,False,31.51941378134404,0.0
590.0,KL001,52.08795613912676,3.377321588676554,140.07925597204078,142.3407035431558,65.8366462565545,-59.5812728030798,0.8988378047943115,0.8205716609954834,28.16587491587845,False,45.0,-1.0,True,True,True,True,False,True,True,52.265854461751275,0.0
590.0,KL002,52.03098500540101,4.378371755902983,162.99999999999994,165.5846750214427,36.635958183901494,7.854563627753947,-0.8156641721725464,0.7756669521331787,13.969270490873981,False,-15.000000000000002,0.7756669521331787,True,True,False,True,False,False,False,22.91807772987117,0.0
590.0,KL003,51.75720894104744,4.9434698990708865,162.99999999999994,165.5846750214427,44.94672809278808,-39.30078181341605,-0.6369125843048096,0.9587404727935791,14.500799439671622,False,0.0,0.9587404727935791,True,True,False,True,False,False,False,26.81483364320753,0.0
590.0,KL004,52.24930411199128,5.957342152513189,162.99999999999994,165.5846750214427,229.12820507305508,168.86419292780778,0.9848330020904541,0.10981500148773193,37.14066548465587,False,0.0,0.10981500148773193,True,True,False,True,False,False,False,69.08794615540572,0.0
590.0,KL005,52.20552769887217,4.949972433143417,162.99999999999994,165.5846750214427,39.08412812172894,-12.357400687265255,-0.8480677008628845,0.5447404384613037,16.46975479417694,False,-38.1630465388298,0.5447404384613037,False,False,False,False,False,False,False,30.416542402712896,0.0
590.0,KL006,51.96345922364887,4.7399925690234,162.99999999999994,165.5846750214427,40.1655086522032,-20.535266996949474,0.8542603254318237,0.7577197551727295,13.969270490873981,False,38.44171464443207,0.7577197551727295,False,False,False,False,False,False,False,25.56406034776156,0.0
590.0,KL007,52.78344110820727,4.654707690106419,140.84594422082904,143.11849330606066,72.5022183011523,76.02213128407794,-0.9170224070549011,0.43464624881744385,8.978698959603317,False,-30.000000000000004,0.43464624881744385,True,False,False,False,True,False,False,10.88069477720232,0.0
590.0,KL008,52.661581359683225,4.5115926249395,155.81753298577226,158.30288847849243,52.348744494103485,-27.44099264897244,0.11891543865203857,-0.15923386812210083,8.978698959603317,False,0.0,-0.15923386812210083,True,False,False,False,True,False,False,10.897634700054159,0.0
590.0,KL009,52.43688029823728,3.889638395064717,162.99999999999994,165.5846750214427,107.06578827233305,-90.56767891578511,0.9506468772888184,0.9097394943237305,26.41261639153637,False,0.0,0.9097394943237305,True,True,False,True,False,False,False,44.13702853052027,0.0
590.0,KL0010,53.01674578952582,4.105104090126735,153.6899081179082,156.1454919164107,203.1565676357045,30.311071978165103,-0.8930045366287231,0.7837486267089844,24.33969432674158,False,-40.18520414829254,0.7837486267089844,False,False,False,False,False,False,False,27.17709720522454,0.0
600.0,KL001,52.09938051926649,3.369201889424751,136.649184548133,138.86072901552197,64.9375975616939,-41.68484798513134,0.8740315437316895,0.7074422836303711,28.37183293541026,False,45.0,-1.0,True,True,True,True,False,True,True,52.646297289252054,0.0
600.0,KL002,52.03925333010285,4.398417510601787,162.99999999999994,165.5846750214427,34.98511639045194,-7.181513129107913,0.9297037124633789,0.9121086597442627,13.839771124126274,False,41.83666706085205,0.9121086597442627,False,False,False,False,False,False,False,21.989448804576632,0.0
600.0,KL003,51.74546381177245,4.928682678493776,162.99999999999994,165.5846750214427,43.68258135054152,-40.67792202352831,-0.7059100270271301,0.9452266693115234,15.10389637098489,False,5.000000000000002,0.9452266693115234,True,True,False,True,False,False,False,27.93814999180294,0.0
600.0,KL004,52.258662578352386,5.9762642730633475,162.99999999999994,165.5846750214427,230.74682979406975,168.94442285540424,0.9835125207901001,0.2416611909866333,37.278034219294305,False,0.0,0.2416611909866333,True,True,False,True,False,False,False,69.36014887988462,0.0
600.0,KL005,52.21734565042136,4.964632900190305,162.99999999999994,165.5846750214427,37.54640142413904,-29.083951956193687,0.478054404258728,0.8308467864990234,16.50443842071088,False,21.51244819164276,0.8308467864990234,False,False,False,False,False,False,False,30.55965370760286,0.0
600.0,KL006,51.973709738326484,4.7574209073571785,162.99999999999994,165.5846750214427,38.55022946883081,-5.213972834209983,0.10160529613494873,0.8813061714172363,13.839771124126274,False,4.572238326072693,0.8813061714172363,False,False,False,False,False,False,False,22.645028970822683,0.0
600.0,KL007,52.793415643001985,4.641051668855659,142.3361713948331,144.6302430212082,71.92031395932669,58.95167786279097,0.34087204933166504,-0.7812501192092896,8.853093739900428,False,15.339242219924927,-0.7812501192092896,False,False,False,False,False,False,False,15.756759034908137,0.0
600.0,KL008,52.673590899949374,4.499139411141582,155.27092553852412,157.74864755533858,50.954199690542474,-28.254077898838602,0.15602493286132812,-0.13992536067962646,8.853093739900428,False,7.021121978759766,-0.13992536067962646,False,False,False,False,False,False,False,14.207089868662145,0.0
600.0,KL009,52.43441682825432,3.913727819577365,162.99999999999994,165.5846750214427,107.09842663160832,-91.46301199355415,0.951566219329834,0.913117527961731,25.747218394368886,False,0.0,0.913117527961731,True,True,False,True,False,False,False,45.11970125271802,0.0
600.0,KL0010,53.005582744134735,4.090474379325883,156.37738533642693,158.8705483689547,201.68010550188308,13.957961474318608,-0.8135128617286682,0.6842625141143799,23.662051566094714,False,-36.60807877779007,0.6842625141143799,False,False,False,False,False,False,False,23.794428734477837,0.0
610.0,KL001,52.11149282640887,3.3676483851441996,133.21912401483928,135.3803840650996,63.782613561580085,-23.005254787044976,0.4505634307861328,0.6155641078948975,28.443148051684375,False,45.0,-1.0,True,True,True,True,False,True,True,52.095013914072936,0.0
610.0,KL002,52.04701357916094,4.418992258912965,162.99999999999994,165.5846750214427,33.33518835286589,8.716941377009135,-0.6288374662399292,0.7702107429504395,13.827748313665733,False,-20.0,0.7702107429504395,True,True,False,True,False,False,False,25.55913730240186,0.0
610.0,KL003,51.73446632004233,4.912475260561253,162.99999999999994,165.5846750214427,42.36260870040841,-37.00251949205142,-0.8619197010993958,0.9303810596466064,15.660802199775636,False,0.0,0.9303810596466064,True,True,False,True,False,False,False,28.974973141034834,0.0
610.0,KL004,52.26802104471349,5.995190386997672,162.99999999999994,165.5846750214427,232.36590365618338,169.02353449687723,0.9811971187591553,0.29143857955932617,37.3976975177403,False,0.0,0.29143857955932617,True,True,False,True,False,False,False,69.5993193362073,0.0
610.0,KL005,52.22891104040567,4.979824718719713,162.99999999999994,165.5846750214427,36.001757517246276,-14.173800438380624,-0.8000152111053467,0.6225807666778564,16.607525593475437,False,-36.0006844997406,0.6225807666778564,False,False,False,False,False,False,False,30.751017556886392,0.0
610.0,KL006,51.98169189440471,4.777826272436434,162.99999999999994,165.5846750214427,36.89479563919182,-0.6901433060771183,-0.1660623550415039,0.9158754348754883,13.827748313665733,False,-7.472805976867676,0.9158754348754883,False,False,False,False,False,False,False,25.473305868597848,0.0
610.0,KL007,52.803441472965304,4.628054281955968,139.65632322961864,141.91163851054762,71.40713614252864,75.35168010493268,-0.686536431312561,0.19481825828552246,8.66649447030804,False,-15.000000000000002,0.19481825828552246,True,False,False,False,True,False,False,10.95481378506765,0.0
610.0,KL008,52.68626509254968,4.488814585220926,154.7905407987949,157.2615454853406,49.504514812895096,-21.92185863270089,-0.07505285739898682,0.07087969779968262,8.66649447030804,False,-3.3773785829544067,0.07087969779968262,False,False,False,False,False,False,False,11.664438347164566,0.0
610.0,KL009,52.431953358271365,3.937815897524328,162.99999999999994,165.5846750214427,107.15719714529227,-92.35758043556115,0.9548971652984619,0.915259599685669,25.251499469406546,False,0.0,0.915259599685669,True,True,False,True,False,False,False,41.944076836649884,0.0
610.0,KL0010,52.99218670885907,4.081535202430968,158.72365379738056,161.24941668741957,200.08013068863266,-2.26971708916426,-0.6597025394439697,0.7813527584075928,22.80862023980329,False,-29.686614274978638,0.7813527584075928,False,False,False,False,False,False,False,19.483059587376875,0.0
620.0,KL001,52.122919460681736,3.372661929931548,129.78907437212547,131.89967523202176,62.49597918638082,-3.4446594541320223,-0.6886324286460876,0.5968844890594482,28.41426687772603,False,45.0,-1.0,True,True,True,True,False,True,True,52.16812768251968,0.0
620.0,KL002,52.05512030535506,4.439213996212145,162.99999999999994,165.5846750214427,31.684542600383303,-7.10556794737434,0.8918294906616211,0.9352512359619141,13.765038143973497,False,40.13232707977295,0.9352512359619141,False,False,False,False,False,False,False,21.440085260248818,0.0
620.0,KL003,51.72356375412062,4.896098885458974,162.99999999999994,165.5846750214427,41.05649263746118,-38.394433323132375,-0.8739655613899231,0.9017174243927002,16.46532803942759,False,0.0,0.9017174243927002,True,True,False,True,False,False,False,30.468411492918012,0.0
620.0,KL004,52.2773795110746,6.014120496507209,162.99999999999994,165.5846750214427,233.9854174263837,169.10155076019873,0.9766660928726196,0.4748051166534424,37.53617946508453,False,0.0,0.4748051166534424,True,True,False,True,False,False,False,69.87385880283638,0.0
620.0,KL005,52.24072899195486,4.99449290770356,162.99999999999994,165.5846750214427,34.484857907806116,-31.061307400760285,0.5235438346862793,0.9016669988632202,16.678023693832152,False,23.55947256088257,0.9016669988632202,False,False,False,False,False,False,False,30.709840456399164,0.0
620.0,KL006,51.99086332203668,4.7968566544135705,162.99999999999994,165.5846750214427,35.251410806965225,-8.478766716249055,0.6198410987854004,0.9021990299224854,13.765038143973497,False,27.892849445343018,0.9021990299224854,False,False,False,False,False,False,False,24.756859159358708,0.0
620.0,KL007,52.81293252239372,4.6138918574057355,140.3240337089756,142.58902772852167,70.82587443003307,61.402265269295924,0.11634087562561035,-0.5528240203857422,8.45565210763123,False,5.235339403152466,-0.5528240203857422,False,False,False,False,False,False,False,12.211214043345235,0.0
620.0,KL008,52.69873151749313,4.477719537218999,155.0331402343354,157.50753825698612,48.08329281653611,-26.092020913481406,0.10109162330627441,0.04329538345336914,8.45565210763123,False,4.549123048782349,0.04329538345336914,False,False,False,False,False,False,False,11.227148151040618,0.0
620.0,KL009,52.42948988828841,3.961902629100665,162.99999999999994,165.5846750214427,107.24205677913096,-93.25094985982423,0.9570417404174805,0.9160058498382568,24.813893541014288,False,0.0,0.9160058498382568,True,True,False,True,False,False,False,45.10655868809465,0.0
620.0,KL0010,52.97758637354919,4.079092709710863,161.40289809973905,163.96564773185102,198.48100399854744,-18.36834325318955,0.4862070083618164,0.6986384391784668,21.747683884455025,False,21.87931537628174,0.6986384391784668,False,False,False,False,False,False,False,26.532288576467334,0.0
630.0,KL001,52.13233351227802,3.383473692496298,126.35903561995607,128.41860926068233,61.22745401340753,17.065284297870534,-0.8119408488273621,0.6150655746459961,28.335451937350992,False,45.0,-1.0,True,True,True,True,False,True,True,52.44568517445965,0.0
630.0,KL002,52.06288055441315,4.459796052272241,162.99999999999994,165.5846750214427,30.03467506136538,8.80532935930313,-0.5991919040679932,0.8811846971511841,13.770619680794683,False,-26.963635683059692,0.8811846971511841,False,False,False,False,False,False,False,25.502099621487947,0.0
630.0,KL003,51.71266118819891,4.879726458921855,162.99999999999994,165.5846750214427,39.77618958732938,-39.87687494758296,-0.8664940595626831,0.85982346534729,17.31316206780603,False,0.0,0.85982346534729,True,True,False,True,False,False,False,32.04054874775602,0.0
630.0,KL004,52.286737977435706,6.033054603784604,162.99999999999994,165.5846750214427,235.60536212391992,169.1784939398516,0.9801468849182129,0.6611243486404419,37.65681369298057,False,-40.0,0.6611243486404419,True,True,False,True,False,False,False,63.99586876429259,0.0
630.0,KL005,52.25229438193917,5.0096927317308095,162.99999999999994,165.5846750214427,32.962315494869,-16.32769286282823,-0.7687568068504333,0.766085147857666,16.80564020390251,False,-34.5940563082695,0.766085147857666,False,False,False,False,False,False,False,31.118615779432012,0.0
630.0,KL006,51.99845298334092,4.817576462125228,162.99999999999994,165.5846750214427,33.60077555799443,7.355495746165161,-0.6814690828323364,0.9382452964782715,13.770619680794683,False,-30.66610872745514,0.9382452964782715,False,False,False,False,False,False,False,24.969074004476994,0.0
630.0,KL007,52.82223471491478,4.599693300803794,138.42760817226673,140.6650744275653,70.25970884634934,67.6896870513566,-0.28208768367767334,-0.03687483072280884,8.182635515602469,False,0.0,-0.03687483072280884,True,False,False,False,True,False,False,10.721100863353813,0.0
630.0,KL008,52.711643936624334,4.468060868060272,155.1811349995492,157.65760207024474,46.62503714405498,-22.26357041545276,-0.09699070453643799,0.267581582069397,8.182635515602469,False,-4.3645817041397095,0.267581582069397,False,False,False,False,False,False,False,11.626398205586781,0.0
630.0,KL009,52.42702641830545,3.9859880145013977,162.99999999999994,165.5846750214427,107.35294359353553,-94.14268937773258,0.9843870401382446,0.835317850112915,24.525528525862242,False,5.000000000000002,0.835317850112915,True,True,False,True,False,False,False,37.795495845353635,0.0
630.0,KL0010,52.96286808419428,4.075969486859599,162.99999999999994,165.5846750214427,196.856256601557,-2.620078671088095,-0.6563111543655396,0.6468687057495117,20.730384098171605,False,-29.53400194644928,0.6468687057495117,False,False,False,False,False,False,False,17.042879092009475,0.0
640.0,KL001,52.138623106798285,3.398577968088339,122.92900775829702,124.93719309770835,60.13753594100699,38.54614813690111,-0.9835269451141357,0.8916869163513184,28.218501838444578,False,45.0,-1.0,True,True,True,True,False,True,True,52.32205530506869,0.0
640.0,KL002,52.07098728060727,4.480024973786195,162.99999999999994,165.5846750214427,28.38403931294915,-7.011963202264241,0.6472642421722412,0.9061195850372314,13.776342285511962,False,29.126890897750854,0.9061195850372314,False,False,False,False,False,False,False,21.69846715252228,0.0
640.0,KL003,51.7017586222772,4.863357978453715,162.99999999999994,165.5846750214427,38.524273185468275,-41.456782105242155,-0.896790623664856,0.820197343826294,18.314581698030512,False,0.0,0.820197343826294,True,True,False,True,False,False,False,33.895459146421096,0.0
640.0,KL004,52.29770676464079,6.049408121771285,162.99999999999994,165.5846750214427,237.15048180298322,153.48997779352482,0.9831666946411133,0.7695674896240234,37.7059314928414,False,-35.0,0.7695674896240234,True,True,False,True,False,False,False,64.102501999888,0.0
640.0,KL005,52.26411233348836,5.0243686532361655,162.99999999999994,165.5846750214427,31.472348691294147,-33.420485247459766,0.768540620803833,0.9020088911056519,16.93017079096539,False,34.584327936172485,0.9020088911056519,False,False,False,False,False,False,False,29.95299304921975,0.0
640.0,KL006,52.00639203212219,4.837951176184419,162.99999999999994,165.5846750214427,31.95049629021677,-8.537227378848684,0.6270771026611328,0.9084477424621582,13.776342285511962,False,28.218469619750977,0.9084477424621582,False,False,False,False,False,False,False,25.516907637997697,0.0
640.0,KL007,52.83159780976981,4.585643065684373,138.30070175629803,140.53632167733255,69.72951187864071,68.760709772502,-0.1220211386680603,-0.10870945453643799,7.960492411232975,False,0.0,-0.10870945453643799,True,False,False,False,True,False,False,11.238879919529541,0.0
640.0,KL008,52.72424024901391,4.45702356865365,156.0983472226125,158.58762025055398,45.20836134151184,-27.51281515873302,0.0684049129486084,0.16250336170196533,7.960492411232975,False,3.078221082687378,0.16250336170196533,False,False,False,False,False,False,False,10.539755070364631,0.0
640.0,KL009,52.42343166771926,4.009681388584142,162.99999999999994,165.5846750214427,107.36137947554329,-90.03559104089405,0.9851553440093994,0.8385815620422363,24.34398177963192,False,0.0,0.8385815620422363,True,True,False,True,False,False,False,45.171746857261596,0.0
640.0,KL0010,52.948096839093694,4.073523023865806,162.99999999999994,165.5846750214427,195.2398788384622,-18.54021715086813,0.4346017837524414,0.576134443283081,19.342284997405446,False,19.557080268859863,0.576134443283081,False,False,False,False,False,False,False,24.461869414081615,0.0
650.0,KL001,52.14105530942003,3.415869201079159,119.49899078711333,121.45543388972715,59.37455533999067,60.957333814374834,-0.9645646214485168,0.8311885595321655,28.18323571948254,False,45.0,-1.0,True,True,True,True,False,True,True,52.37374021876335,0.0
650.0,KL002,52.07874752966536,4.500614344367765,162.99999999999994,165.5846750214427,26.734252681797475,8.915538671381654,-0.6687673926353455,0.8302217721939087,13.781927207529726,False,-30.094532668590546,0.8302217721939087,False,False,False,False,False,False,False,25.531279735944363,0.0
650.0,KL003,51.690856056355486,4.846993441560461,162.99999999999994,165.5846750214427,37.30360149635175,-43.141439193663246,-0.6548141241073608,0.7700741291046143,19.4054500817442,False,5.000000000000002,0.7700741291046143,True,True,False,True,False,False,False,35.91461809658294,0.0
650.0,KL004,52.310987268145624,6.0602549347029555,162.99999999999994,165.5846750214427,238.481306867841,137.89794171216568,0.9881525039672852,0.7316356897354126,37.54114997634422,False,-30.000000000000004,0.7316356897354126,True,True,False,True,False,False,False,57.82840707263595,0.0
650.0,KL005,52.275677723472675,5.039576493737216,162.99999999999994,165.5846750214427,29.97886129940199,-18.914583428645642,-0.46050596237182617,0.854238748550415,17.067586604403452,False,-20.722768306732178,0.854238748550415,False,False,False,False,False,False,False,31.603544382374732,0.0
650.0,KL006,52.01398169342643,4.858678173647739,162.99999999999994,165.5846750214427,30.299849497781818,7.295056256745966,-0.5302299857139587,0.9405132532119751,13.781927207529726,False,-23.860349357128143,0.9405132532119751,False,False,False,False,False,False,False,25.531279735944363,0.0
650.0,KL007,52.84093567373113,4.5716276758449395,137.92742980184116,140.15761601907616,69.22537547892469,69.84480790682656,-0.43625926971435547,0.14564752578735352,7.702595919536698,False,5.000000000000002,0.14564752578735352,True,False,False,False,True,False,False,11.100066947446326,0.0
650.0,KL008,52.73716926331281,4.446885613210315,156.65517746683224,159.1522104056658,43.76607955552241,-25.297164508275046,0.0077898502349853516,-0.35967737436294556,7.702595919536698,False,0.3505432605743408,-0.35967737436294556,False,False,False,False,False,False,False,11.072760822740468,0.0
650.0,KL009,52.419697584514694,4.0333193812719905,162.99999999999994,165.5846750214427,107.37998399224858,-90.92847591752181,0.9841570854187012,0.824535608291626,24.31059431484006,False,5.000000000000002,0.824535608291626,True,True,False,True,False,False,False,34.60661388327704,0.0
650.0,KL0010,52.93337192145749,4.070401899652554,162.99999999999994,165.5846750214427,193.61533037890644,-2.8019699105789755,-0.616058886051178,0.559906005859375,18.034448939860603,False,-27.72264987230301,0.559906005859375,False,False,False,False,False,False,False,17.988424514763945,0.0
660.0,KL001,52.13940964548311,3.4328843104200795,116.06898470637111,117.97333898092718,59.0462208570631,84.19454500507231,-0.91582852602005,0.8476183414459229,28.25162800543058,False,45.0,-1.0,True,True,True,True,False,True,True,52.501498700360536,0.0
660.0,KL002,52.08685425585948,4.520850456755479,162.99999999999994,165.5846750214427,25.083633414924922,-6.893728312700546,0.1849370002746582,0.8744697570800781,13.787652901951693,False,8.32216501235962,0.8744697570800781,False,False,False,False,False,False,False,24.080904057889104,0.0
660.0,KL003,51.680775133246215,4.829320991542152,162.99999999999994,165.5846750214427,36.030134664553195,-39.7878546120059,-0.8120371699333191,0.7798233032226562,20.5654375322161,False,0.0,0.7798233032226562,True,True,False,True,False,False,False,38.06051508260881,0.0
660.0,KL004,52.325573022905644,6.0647699081796915,162.99999999999994,165.5846750214427,239.50124258254007,122.3841911507476,0.988447904586792,0.8733747005462646,37.16714693332492,False,-20.0,0.8733747005462646,True,True,False,True,False,False,False,58.1149702135216,0.0
660.0,KL005,52.287495675021866,5.05426015836796,162.99999999999994,165.5846750214427,28.524413101790497,-36.27300903447724,0.8887001276016235,0.9442424774169922,17.20180837143467,False,39.99150574207306,0.9442424774169922,False,False,False,False,False,False,False,29.720431474184885,0.0
660.0,KL006,52.021920742207705,4.8790599594889335,162.99999999999994,165.5846750214427,28.649624486633854,-8.609161383810317,0.6717643737792969,0.9307819604873657,13.787652901951693,False,30.22939682006836,0.9307819604873657,False,False,False,False,False,False,False,25.5460980077882,0.0
660.0,KL007,52.850951553093296,4.558838252135381,138.42650851510845,140.66395877399262,68.85166539195683,75.97519601463696,-0.5946057438850403,0.3195589780807495,7.500614470986589,False,0.0,0.3195589780807495,True,False,False,False,True,False,False,10.75335685367292,0.0
660.0,KL008,52.75005159270134,4.437005071431915,155.42112096586615,157.9009415368749,42.339292696699964,-25.84402240075076,0.015139222145080566,-0.250102162361145,7.500614470986589,False,0.6812649965286255,-0.250102162361145,False,False,False,False,False,False,False,10.644261129755327,0.0
660.0,KL009,52.4148572720939,4.05640461740261,162.99999999999994,165.5846750214427,107.29610008098017,-86.82016676494064,0.9800987243652344,0.8373100757598877,24.45028959539426,False,9.999999999999995,0.8373100757598877,True,True,False,True,False,False,False,37.89826628316439,0.0
660.0,KL0010,52.91860067635691,4.0679571040096585,162.99999999999994,165.5846750214427,192.0000206078779,-18.725272563911403,0.24184012413024902,0.580573558807373,16.78079348295641,False,10.882805585861206,0.580573558807373,False,False,False,False,False,False,False,22.676927504841213,0.0
670.0,KL001,52.13405476606932,3.4471347486379567,112.63898951603545,114.49091591041207,59.192784503560624,108.11020068110662,-0.5369759798049927,0.956823468208313,28.430687918243216,False,45.0,-1.0,True,True,True,True,False,True,True,52.83195752291782,0.0
670.0,KL002,52.095106365058705,4.5410006216440095,162.99999999999994,165.5846750214427,23.429218076326197,1.4031882067547485,-0.47793686389923096,0.8279023170471191,13.817367561750956,False,-21.507158875465393,0.8279023170471191,False,False,False,False,False,False,False,25.605285907755977,0.0
670.0,KL003,51.67079810578758,4.811493773000804,162.99999999999994,165.5846750214427,34.77770301066839,-41.53413902202078,-0.5944498181343079,0.8121941089630127,21.784814438725423,False,0.0,0.8121941089630127,True,True,False,True,False,False,False,40.31525848538891,0.0
670.0,KL004,52.34035864520487,6.062606710948185,162.99999999999994,165.5846750214427,240.13740252463074,106.92577012679891,0.939521312713623,0.6446049213409424,36.53215774286511,False,-5.000000000000002,0.6446049213409424,True,True,False,True,False,False,False,53.52784431887421,0.0
670.0,KL005,52.29906106500618,5.0694760263388154,162.99999999999994,165.5846750214427,27.06991235130027,-22.065089796953714,-0.11981606483459473,0.8951828479766846,17.34855291096643,False,-5.391722917556763,0.8951828479766846,False,False,False,False,False,False,False,32.12325796682635,0.0
670.0,KL006,52.02951040351194,4.899794153218895,162.99999999999994,165.5846750214427,26.998967084677197,7.219835906014623,-0.4848654270172119,0.9432194232940674,13.817367561750956,False,-21.818944215774536,0.9432194232940674,False,False,False,False,False,False,False,25.605285907755977,0.0
670.0,KL007,52.86110768143382,4.546071999234747,139.52203699820527,141.7754039718948,68.51297374544433,77.1287859795251,-0.7852329611778259,0.3263756036758423,7.2996118602909545,False,0.0,0.3263756036758423,True,False,False,False,True,False,False,10.2961522040262,0.0
670.0,KL008,52.762930151009584,4.42743040197582,154.5628704521654,157.03068874440447,40.92335423228107,-26.09352338431222,-0.05293041467666626,-0.21796274185180664,7.2996118602909545,False,-2.3818686604499817,-0.21796274185180664,False,False,False,False,False,False,False,10.832506349602934,0.0
670.0,KL009,52.408141782230615,4.078155746181842,162.99999999999994,165.5846750214427,107.01225172473629,-77.69978373216907,0.9614512920379639,0.8809645175933838,24.821360114228042,False,0.0,0.8809645175933838,True,True,False,True,False,False,False,32.062593910324615,0.0
670.0,KL0010,52.90382323955717,4.0652717930548325,162.99999999999994,165.5846750214427,190.37971889531912,-7.9395438215085505,-0.4654633402824402,0.6156079769134521,15.624495708212368,False,-20.94585031270981,0.6156079769134521,False,False,False,False,False,False,False,18.831600032624877,0.0
680.0,KL001,52.12594339366046,3.4564928936496426,109.20900521607145,111.00817240935247,59.77181674777549,132.55435348315115,0.7869318723678589,0.9736599922180176,28.817708916629435,False,35.41193425655365,-1.0,True,True,True,True,False,True,True,53.54716056968976,0.0
680.0,KL002,52.10476711407461,4.5593484821249115,162.99999999999994,165.5846750214427,21.792542662092952,-14.970752070029363,0.682538628578186,0.8430478572845459,13.91675151737919,False,30.71423828601837,0.8430478572845459,False,False,False,False,False,False,False,22.578538885417032,0.0
680.0,KL003,51.66082107832895,4.7936704805521115,162.99999999999994,165.5846750214427,33.55997041369091,-43.409002109337564,-0.4883064031600952,0.8114213943481445,23.09463270902942,False,0.0,0.8114213943481445,True,True,False,True,False,False,False,42.736528378060534,0.0
680.0,KL004,52.354620949926634,6.055611641875221,162.99999999999994,165.5846750214427,240.46670652205955,102.31543001279948,0.916079044342041,0.4713566303253174,35.69166052003825,False,-5.000000000000002,0.4713566303253174,True,True,False,True,False,False,False,51.60901543411501,0.0
680.0,KL005,52.31025975222153,5.085519903517305,162.99999999999994,165.5846750214427,25.601064910932283,-29.12515326337075,0.8067901134490967,0.9345782995223999,17.4744094015307,False,36.30555510520935,0.9345782995223999,False,False,False,False,False,False,False,28.878750763680433,0.0
680.0,KL006,52.03744945229322,4.920183017251031,162.99999999999994,165.5846750214427,25.34881120130676,-8.699831598484877,0.6365740299224854,0.929824709892273,13.91675151737919,False,28.64583134651184,0.929824709892273,False,False,False,False,False,False,False,25.79400011401355,0.0
680.0,KL007,52.87134492802119,4.533200755293731,140.64094048387304,142.9105230519362,68.19995621661532,78.30270474358701,-0.8075331449508667,0.20554399490356445,7.1323295047599835,False,0.0,0.20554399490356445,True,False,False,False,True,False,False,10.555241600088195,0.0
680.0,KL008,52.77550342651329,4.41705270089889,153.81484887707435,156.27218534379855,39.55560553132122,-29.54769032303443,-0.08689171075820923,-0.13811230659484863,7.1323295047599835,False,-3.9101269841194153,-0.13811230659484863,False,False,False,False,False,False,False,11.428846908038539,0.0
680.0,KL009,52.40080389829991,4.099395236042857,162.99999999999994,165.5846750214427,106.67721846339231,-78.57775023686028,0.9711998701095581,0.6127281188964844,24.530145419648214,False,0.0,0.6127281188964844,True,True,False,True,False,False,False,38.2269986573995,0.0
680.0,KL0010,52.8889799540948,4.064946428283854,162.99999999999994,165.5846750214427,188.80153877790116,-23.9088767068543,0.9647998809814453,0.7438600063323975,14.475724171438435,False,43.41599464416504,0.7438600063323975,False,False,False,False,False,False,False,23.3078499595507,0.0
690.0,KL001,52.116508106499346,3.4595773381192374,105.77903180644482,107.5251163979312,60.661903205936966,157.42145035164606,0.9640846252441406,0.9803438186645508,29.44174314937502,False,43.38380813598633,1.0,True,True,True,True,False,True,True,54.70251405490629,0.0
690.0,KL002,52.11411295485658,4.578127981380475,162.99999999999994,165.5846750214427,20.152214266701893,0.34076795148777705,-0.5362914204597473,0.8124477863311768,14.014461038206916,False,-24.13311392068863,0.8124477863311768,False,False,False,False,False,False,False,25.97946387111279,0.0
690.0,KL003,51.65084405087032,4.775851111926969,162.99999999999994,165.5846750214427,32.38085183706425,-45.42269895886767,0.06395840644836426,0.8323652744293213,24.4467512954759,False,2.8781282901763916,0.8323652744293213,False,False,False,False,False,False,False,45.235293292385585,0.0
690.0,KL004,52.36845656609746,6.046605432260627,162.99999999999994,165.5846750214427,240.66464282316653,97.71050046049288,0.5653214454650879,-0.319671630859375,34.69996465546741,False,-5.000000000000002,-0.319671630859375,True,True,False,True,False,False,False,46.50003516465304,0.0
690.0,KL005,52.31994902496244,5.103917109182057,162.99999999999994,165.5846750214427,24.059622573857023,-14.67239297724862,-0.681652307510376,0.8483151197433472,17.56254769116102,False,-30.67435383796692,0.8483151197433472,False,False,False,False,False,False,False,32.519500160940886,0.0
690.0,KL006,52.045039113597454,4.9409244137704595,162.99999999999994,165.5846750214427,23.698145668846625,7.123658887646599,-0.48315584659576416,0.9479055404663086,14.014461038206916,False,-21.742013096809387,0.9479055404663086,False,False,False,False,False,False,False,25.97946387111279,0.0
690.0,KL007,52.881633567421545,4.520261833641685,141.34543310935578,143.62520425138518,67.91447086034356,79.49291688373364,-0.8775285482406616,0.21156370639801025,7.0165262869894915,False,0.0,0.21156370639801025,True,False,False,False,True,False,False,11.258260782558816,0.0
690.0,KL008,52.78760681773557,4.40538782310936,153.34068685908386,155.79136889329996,38.261039903322505,-34.72941260660849,-0.09261304140090942,-0.13245153427124023,7.0165262869894915,False,-4.167586863040924,-0.13245153427124023,False,False,False,False,False,False,False,12.214363925630705,0.0
690.0,KL009,52.39346601436921,4.120631193959641,162.99999999999994,165.5846750214427,106.367386761859,-79.46103785074862,0.9723641872406006,0.5534334182739258,23.750057802708945,False,0.0,0.5534334182739258,True,True,False,True,False,False,False,29.506897737707583,0.0
690.0,KL0010,52.874147745449505,4.063942497563981,162.99999999999994,165.5846750214427,187.21168456539482,-8.220527780815814,0.35981547832489014,0.784856915473938,13.431532769781766,False,16.191696524620056,0.784856915473938,False,False,False,False,False,False,False,22.524794334364486,0.0
700.0,KL001,52.10686200454783,3.4560352720780836,109.20832262045452,111.00747928174361,61.74700893912493,-178.74710324020975,0.972079873085022,0.9573071002960205,30.278090821755473,False,34.99999999999999,0.9573071002960205,True,True,False,True,False,False,False,56.252910175289884,0.0
700.0,KL002,52.12377370387249,4.596483664638564,162.99999999999994,165.5846750214427,18.520256806299336,-16.224325727552724,0.5997124910354614,0.8220198154449463,14.114638977668388,False,26.987062096595764,0.8220198154449463,False,False,False,False,False,False,False,23.436062452323114,0.0
700.0,KL003,51.64140883662962,4.757285470772829,162.99999999999994,165.5846750214427,31.187275258761762,-44.60656059870098,-0.08341509103775024,0.8214309215545654,25.84367502163009,False,-3.753679096698761,0.8214309215545654,False,False,False,False,False,False,False,47.81631826259243,0.0
700.0,KL004,52.38167225181376,6.035725392620376,161.90312811870788,164.4727549000792,240.7294598169919,93.10602407655483,-0.02638375759124756,-0.4480484127998352,33.65463213162211,False,-1.1872690916061401,-0.4480484127998352,False,False,False,False,False,False,False,46.44033162128668,0.0
700.0,KL005,52.32994515055443,5.1218732578356905,162.99999999999994,165.5846750214427,22.55243167254122,-32.15834644304408,0.7915434837341309,0.9325017929077148,17.647991443949216,False,35.61945676803589,0.9325017929077148,False,False,False,False,False,False,False,29.233883439616918,0.0
700.0,KL006,52.05297816237873,4.961320362410193,162.99999999999994,165.5846750214427,22.048081815313505,-8.81765211575464,0.43662023544311523,0.8984273672103882,14.114638977668388,False,19.647910594940186,0.8984273672103882,False,False,False,False,False,False,False,26.169718079832112,0.0
700.0,KL007,52.89197490218045,4.507253547720452,142.0705688611132,144.3608099368535,67.65729644231952,80.69882308578832,-0.8883436918258667,0.13643860816955566,6.959159172021446,False,-5.000000000000002,0.13643860816955566,True,False,False,False,True,False,False,11.063285956024275,0.0
700.0,KL008,52.79913791024593,4.392351609799832,152.88594068229202,155.33023340137106,37.05896661348587,-40.3884018014233,-0.09097802639007568,0.07892084121704102,6.959159172021446,False,-4.094011187553406,0.07892084121704102,False,False,False,False,False,False,False,12.00532169483592,0.0
700.0,KL009,52.38612813043851,4.14186362145486,162.99999999999994,165.5846750214427,106.0829772765331,-80.34927167148018,0.9704239368438721,0.5654418468475342,22.963261860936637,False,-10.000000000000004,0.5654418468475342,True,True,False,True,False,False,False,35.93357393363765,0.0
700.0,KL0010,52.860042795792296,4.056277464302593,162.99999999999994,165.5846750214427,185.56096189943392,7.607148171674282,-0.43093252182006836,0.620760440826416,12.727934080760175,False,-19.391963481903076,0.620760440826416,False,False,False,False,False,False,False,20.65724448491384,0.0
710.0,KL001,52.09861453548458,3.4462864566049376,112.4911818390266,114.3408414694091,62.84694677895556,-156.02695149352178,0.9876928329467773,0.9225512742996216,31.362258125086743,False,-5.000000000000002,0.9225512742996216,True,True,False,True,False,False,False,58.265646197328216,0.0
710.0,KL002,52.133119544654456,4.615271173695849,162.99999999999994,165.5846750214427,16.884828717283945,-1.1335163983262646,-0.41285383701324463,0.7841112613677979,14.213155681234653,False,-18.57842266559601,0.7841112613677979,False,False,False,False,False,False,False,26.356741597726177,0.0
710.0,KL003,51.63131733853301,4.739644075148742,162.99999999999994,165.5846750214427,30.110191083232806,-50.7046963700289,0.853779673576355,0.83738112449646,27.29599700539571,False,38.420085310935974,0.83738112449646,False,False,False,False,False,False,False,50.49936873508293,0.0
710.0,KL004,52.394563646950786,6.024296588857324,160.36597528530413,162.91444073027552,240.7557364954255,92.31113795210922,0.3789938688278198,-0.7326517701148987,32.57609232501502,False,0.0,-0.7326517701148987,True,True,False,True,False,False,False,42.527173457163684,0.0
710.0,KL005,52.33963442329534,5.140278651145737,162.99999999999994,165.5846750214427,21.046961379999512,-18.122731592411554,-0.6969434022903442,0.8328649997711182,17.73795543524329,False,-31.36245310306549,0.8328649997711182,False,False,False,False,False,False,False,32.84449118425095,0.0
710.0,KL006,52.060567823682966,4.98206896824977,162.99999999999994,165.5846750214427,20.39741395162764,6.996352271390606,-0.539284348487854,0.9462816715240479,14.213155681234653,False,-24.26779568195343,0.9462816715240479,False,False,False,False,False,False,False,26.356741597726177,0.0
710.0,KL007,52.90169241958238,4.492880456756649,142.53805127031532,144.83503286019456,67.3168715003186,76.89958135721042,-0.9039545655250549,-0.14153778553009033,6.899681280241752,False,-5.000000000000002,-0.14153778553009033,True,False,False,False,True,False,False,10.794894691330539,0.0
710.0,KL008,52.81009405784874,4.377953721110079,153.15612428490854,155.60421403049256,35.95873374716152,-46.20350927620001,0.2175755500793457,0.06444203853607178,6.899681280241752,False,0.0,0.06444203853607178,True,False,False,False,True,False,False,10.791522927538551,0.0
710.0,KL009,52.38050980909075,4.16442067443738,162.99999999999994,165.5846750214427,106.03500994757539,-91.25107727488603,0.9437985420227051,0.6489484310150146,22.252643525083666,False,-10.000000000000004,0.6489484310150146,True,True,False,True,False,False,False,29.281964953239445,0.0
710.0,KL0010,52.8458154494451,4.049262448174518,162.99999999999994,165.5846750214427,183.91074193917848,-8.226050817622024,0.6127849817276001,0.5649310350418091,12.115304008343818,False,27.575324177742004,0.5649310350418091,False,False,False,False,False,False,False,21.89627617391036,0.0
720.0,KL001,52.09072510041322,3.434888191773615,115.65483112673007,117.5528728701533,63.95430174376027,-161.37211409435378,0.9815337657928467,0.9150739908218384,32.61204161256322,False,-5.000000000000002,0.9150739908218384,True,True,False,True,False,False,False,60.586220086654954,0.0
720.0,KL002,52.14278029367036,4.633634688426237,162.99999999999994,165.5846750214427,15.26063687205109,-18.01460885888173,0.7585757970809937,0.851487398147583,14.314091744983731,False,34.135910868644714,0.851487398147583,False,False,False,False,False,False,False,24.001045823889665,0.0
720.0,KL003,51.622965137956484,4.719875620124954,162.99999999999994,165.5846750214427,28.907946564761392,-37.07028726981491,-0.6453135013580322,0.7521965503692627,28.730882520146775,False,-15.000000000000002,0.7521965503692627,True,True,False,True,False,False,False,53.14949497500931,0.0
720.0,KL004,52.40726714490936,6.013031100475286,157.85274406875152,160.36642900917036,240.792667478208,92.69770102510199,-0.004935860633850098,-0.6602980494499207,31.51963045888925,False,-5.000000000000002,-0.6602980494499207,True,True,False,True,False,False,False,41.57131924148186,0.0
720.0,KL005,52.349630548887326,5.158242793735131,162.99999999999994,165.5846750214427,19.58656747228684,-36.124265061057486,0.8127551078796387,0.9398975372314453,17.825231931019406,False,36.57397985458374,0.9398975372314453,False,False,False,False,False,False,False,29.468292028467392,0.0
720.0,KL006,52.06850687246424,5.002472007921494,162.99999999999994,165.5846750214427,18.747479715054695,-8.97696170285343,0.3755075931549072,0.9093630313873291,14.314091744983731,False,16.897841691970825,0.9093630313873291,False,False,False,False,False,False,False,26.103560412137128,0.0
720.0,KL007,52.9105866065415,4.47720775417472,142.05217694270593,144.34215268114664,66.8852698685425,73.08178164970556,-0.8793208599090576,-0.2523500323295593,6.776863533204863,False,0.0,-0.2523500323295593,True,False,False,False,True,False,False,10.53802342662721,0.0
720.0,KL008,52.82101896753476,4.363431194776881,153.37665014190463,155.82783716306034,34.89770807470409,-48.043691567411656,0.31181418895721436,0.3816627264022827,6.776863533204863,False,0.0,0.3816627264022827,True,False,False,False,True,False,False,10.520607677837706,0.0
720.0,KL009,52.37736770679565,4.188231105604295,162.99999999999994,165.5846750214427,106.30061832459023,-102.14125823338378,0.8036675453186035,0.7729084491729736,21.594034711228915,False,-5.000000000000002,0.7729084491729736,True,True,False,True,False,False,False,36.722349247712806,0.0
720.0,KL0010,52.83171049978789,4.04160241607848,162.99999999999994,165.5846750214427,182.26002263973427,7.601650577994064,-0.14401644468307495,0.43665409088134766,11.693065678907908,False,-6.480740010738373,0.43665409088134766,False,False,False,False,False,False,False,21.58902654260427,0.0
730.0,KL001,52.0820275652621,3.424372276212814,118.79282607891051,120.73857330985123,65.12343628274618,-166.62641143429084,0.9833095073699951,0.9040873050689697,33.93724852367634,False,-5.000000000000002,0.9040873050689697,True,True,False,True,False,False,False,63.045582844315106,0.0
730.0,KL002,52.15212613445233,4.6524302161900195,162.99999999999994,165.5846750214427,13.633977198417805,-3.3129253993861596,-0.6071080565452576,0.8012714385986328,14.413380029778356,False,-27.31986254453659,0.8012714385986328,False,False,False,False,False,False,False,26.03811649785463,0.0
730.0,KL003,51.61429301927973,4.700466218195022,162.99999999999994,165.5846750214427,27.783172786590367,-54.50609733493434,0.8786575794219971,0.8190903663635254,30.20113712158783,False,39.53959107398987,0.8190903663635254,False,False,False,False,False,False,False,55.864622809222546,0.0
730.0,KL004,52.41921410077834,6.000358626050713,155.5876670816337,158.0698137340498,240.71586347680557,88.07883189205904,-0.5403063297271729,-0.760198712348938,30.395821527078894,False,-24.31378483772278,-0.760198712348938,False,False,False,False,False,False,False,33.06341176306165,0.0
730.0,KL005,52.35931982162823,5.176656384156091,162.99999999999994,165.5846750214427,18.135809737666044,-22.702184349860914,-0.5190881490707397,0.8523294925689697,17.91696426120984,False,-23.35896670818329,0.8523294925689697,False,False,False,False,False,False,False,33.175998045137334,0.0
730.0,KL006,52.07609653376848,5.023227829619777,162.99999999999994,165.5846750214427,17.096822942153583,6.8198884268724385,-0.5719109177589417,0.9510215520858765,14.413380029778356,False,-25.735991299152374,0.9510215520858765,False,False,False,False,False,False,False,26.73698433427474,0.0
730.0,KL007,52.919353052400865,4.46150888661989,141.1862595211504,143.4637300863094,66.47384309011848,74.2690375945763,-0.8904966711997986,-0.17290723323822021,6.646132674726925,False,0.0,-0.17290723323822021,True,False,False,False,True,False,False,10.289764715979764,0.0
730.0,KL008,52.83203438332474,4.348784659827787,154.68512382904754,157.1546533625464,33.86660862641116,-50.01378575392255,0.4039684534072876,0.27871596813201904,6.646132674726925,False,0.0,0.27871596813201904,True,False,False,False,True,False,False,10.279286370996047,0.0
730.0,KL009,52.37605127058979,4.212524456043102,162.99999999999994,165.5846750214427,106.79167260871223,-108.0010735859812,0.37851428985595703,0.9126756191253662,21.02518191432874,False,-5.000000000000002,0.9126756191253662,True,True,False,True,False,False,False,26.57391765569223,0.0
730.0,KL0010,52.817706480662956,4.03325321160858,162.99999999999994,165.5846750214427,180.6056226614856,1.140839135778549,-0.07562434673309326,0.5672447681427002,11.479646800631743,False,-3.4030956029891968,0.5672447681427002,False,False,False,False,False,False,False,21.5157723879774,0.0
740.0,KL001,52.07256067872876,3.414886002350256,121.8931308373952,123.88572683284612,66.34519648698392,-171.7874484036318,0.9776580333709717,0.8924903869628906,35.29941506176177,False,-5.000000000000002,0.8924903869628906,True,True,False,True,False,False,False,65.57233593779158,0.0
740.0,KL002,52.16178688346824,4.670801571100674,162.99999999999994,165.5846750214427,12.02398715046044,-20.772757384662782,0.644534707069397,0.7346577644348145,14.515040086324735,False,29.004061818122864,0.7346577644348145,False,False,False,False,False,False,False,25.642650059950853,0.0
740.0,KL003,51.606118004491236,4.680513936045359,162.99999999999994,165.5846750214427,26.661924619576684,-41.22532536083577,-0.20128709077835083,0.7581729888916016,31.698354799805784,False,-9.057919085025787,0.7581729888916016,False,False,False,False,False,False,False,58.629353512114186,0.0
740.0,KL004,52.42947404850766,5.984859323316723,152.97997530872985,155.4255898323389,240.38925741019895,71.61491424846474,-0.9008190035820007,-0.2602818012237549,29.173688128215005,False,-40.53685516119003,-0.2602818012237549,False,False,False,False,False,False,False,30.970047335486093,0.0
740.0,KL005,52.36931594722022,5.194628529924536,162.99999999999994,165.5846750214427,16.747503066464223,-41.468310530719975,0.8202676773071289,0.9464852809906006,18.00601670138976,False,36.9120454788208,0.9464852809906006,False,False,False,False,False,False,False,30.656548344320996,0.0
740.0,KL006,52.08403558254975,5.043637966755627,162.99999999999994,165.5846750214427,15.447085526244491,-9.204351546509145,0.35568666458129883,0.910001277923584,14.515040086324735,False,16.005899906158447,0.910001277923584,False,False,False,False,False,False,False,26.93011894698102,0.0
740.0,KL007,52.92808271019118,4.445872740845813,140.59280399115568,142.8616897962069,66.09285009509686,75.4654881298479,-0.9212923645973206,-0.023764193058013916,6.514384209590002,False,5.000000000000002,-0.023764193058013916,True,False,False,False,True,False,False,11.140450070714977,0.0
740.0,KL008,52.84312013113641,4.33404085714265,155.6405244143233,158.1234090995362,32.87186545450512,-52.118704258081664,0.35579192638397217,0.3403353691101074,6.514384209590002,False,0.0,0.3403353691101074,True,False,False,False,True,False,False,11.130104854442509,0.0
740.0,KL009,52.376032392664925,4.236912975822334,162.99999999999994,165.5846750214427,107.44136973740797,-113.82521822870996,-0.11962991952896118,0.9730886220932007,20.484486191165853,False,-5.383346378803253,0.9730886220932007,False,False,False,False,False,False,False,36.05903802225429,0.0
740.0,KL0010,52.80336466594581,4.02662627265509,162.99999999999994,165.5846750214427,178.95120280628277,-2.2815567639505048,0.1368408203125,0.5836277008056641,11.405866241762302,False,6.1578369140625,0.5836277008056641,False,False,False,False,False,False,False,21.489901287981358,0.0
750.0,KL001,52.062373384014215,3.4065718289543883,124.95365265270037,126.99221428209765,67.60991335165116,-176.85416191622983,0.976290225982666,0.8724391460418701,36.6865819178501,False,5.000000000000002,0.8724391460418701,True,True,False,True,False,False,False,68.14437523119119,0.0
750.0,KL002,52.17113272425021,4.689605126488899,162.99999999999994,165.5846750214427,10.415152322761703,-6.847529670139579,-0.44702857732772827,0.8838825225830078,14.6150660435709,False,-20.116285979747772,0.8838825225830078,False,False,False,False,False,False,False,27.120063869926344,0.0
750.0,KL003,51.597973265901146,4.660473997749256,162.99999999999994,165.5846750214427,25.590682051908132,-53.0400637688893,0.9756026268005371,0.7226541042327881,33.21080104440738,False,43.90211820602417,0.7226541042327881,False,False,False,False,False,False,False,61.42184129733809,0.0
750.0,KL004,52.43648625420496,5.965276518459286,152.08682018486402,154.51986759584344,239.64921445360332,54.988647411900274,-0.9563405513763428,0.2137225866317749,27.76707113884411,False,-43.035324811935425,0.2137225866317749,False,False,False,False,False,False,False,26.257889451916835,0.0
750.0,KL005,52.37900521996113,5.213050326936617,162.99999999999994,165.5846750214427,15.383902546150813,-28.973251111204434,-0.41893744468688965,0.8625526428222656,18.099461226879335,False,-18.852185010910034,0.8625526428222656,False,False,False,False,False,False,False,30.033170597107055,0.0
750.0,KL006,52.09162524385399,5.064401010859053,162.99999999999994,165.5846750214427,13.79647263816999,6.558992442754345,-0.6213613152503967,0.9494266510009766,14.6150660435709,False,-27.961259186267853,0.9494266510009766,False,False,False,False,False,False,False,27.120063869926344,0.0
750.0,KL007,52.93752584954299,4.431442265308054,140.51085529315586,142.77855473634943,65.85236982506208,81.69337187563622,-0.9308340549468994,-0.11345267295837402,6.442757833824501,False,0.0,-0.11345267295837402,True,False,False,False,True,False,False,11.048703980978207,0.0
750.0,KL008,52.85428724434931,4.31918503261022,156.8072535069426,159.30640385435672,31.917445909399856,-54.36863045619077,0.3995925188064575,0.27098989486694336,6.442757833824501,False,0.0,0.27098989486694336,True,False,False,False,True,False,False,11.042611686911728,0.0
750.0,KL009,52.377380618611646,4.261200496141847,162.99999999999994,165.5846750214427,108.24863671410728,-119.98603307913379,-0.3031005263328552,0.9779818058013916,20.02617514216688,False,-13.639523684978485,0.9779818058013916,False,False,False,False,False,False,False,33.769864623417206,0.0
750.0,KL0010,52.78943594578814,4.017940461344545,162.99999999999994,165.5846750214427,177.29767959712458,3.9046181109096096,-0.47342872619628906,0.6451053619384766,11.6026506595778,False,-21.304292678833008,0.6451053619384766,False,False,False,False,False,False,False,21.832418444875653,0.0
760.0,KL001,52.052357601060876,3.3968276369323718,127.9453964801642,130.0286150597851,68.89554867519793,-171.99900105469874,0.944178581237793,0.8896989822387695,38.16235851412069,False,-5.000000000000002,0.8896989822387695,True,True,False,True,False,False,False,70.88129792828886,0.0
760.0,KL002,52.180793473266114,4.707984330300674,162.99999999999994,165.5846750214427,8.835586036133387,-25.54023470743914,0.787041425704956,0.9319286346435547,14.717417607127947,False,35.41686415672302,0.9319286346435547,False,False,False,False,False,False,False,26.81265828017416,0.0
760.0,KL003,51.59131484337094,4.639117171347354,162.99999999999994,165.5846750214427,24.44008725554635,-39.92014671448402,0.9483053684234619,0.7661557197570801,34.70596582717003,False,42.673741579055786,0.7661557197570801,False,False,False,False,False,False,False,64.18210813914362,0.0
760.0,KL004,52.43973778938852,5.9430854501130685,152.81932598550762,155.26268214398794,238.54875100200448,38.38286607808749,-0.9613308906555176,0.5615255832672119,26.253821602025955,False,-43.25989007949829,0.5615255832672119,False,False,False,False,False,False,False,29.94563244557711,0.0
760.0,KL005,52.38900134555312,5.231030485141653,162.99999999999994,165.5846750214427,14.111975865248214,-48.89555577664254,0.7819943428039551,0.9523952007293701,18.190234015317348,False,35.18974542617798,0.9523952007293701,False,False,False,False,False,False,False,28.189244968806502,0.0
760.0,KL006,52.099564292635264,5.084818251898926,162.99999999999994,165.5846750214427,12.147067695451764,-9.55530292841135,0.23980772495269775,0.9166697263717651,14.717417607127947,False,10.791347622871399,0.9166697263717651,False,False,False,False,False,False,False,27.313206488814686,0.0
760.0,KL007,52.947012001907595,4.417169444617618,140.12130885298743,142.3833658454654,65.65392248984939,82.92768035643599,-0.9235813617706299,-0.09215617179870605,6.376733640085338,False,0.0,-0.09215617179870605,True,False,False,False,True,False,False,10.946060414339929,0.0
760.0,KL008,52.86552199064136,4.304235375840308,157.7361498074727,160.2482157518995,31.009931144782406,-56.76817653368039,0.4814789295196533,0.3383427858352661,6.376733640085338,False,0.0,0.3383427858352661,True,False,False,False,True,False,False,10.941253473741101,0.0
760.0,KL009,52.38104561523781,4.28477853047328,162.99999999999994,165.5846750214427,109.28833808575754,-134.31081332668307,-0.7735586166381836,0.9817018508911133,19.652316595921402,False,-34.81013774871826,0.9817018508911133,False,False,False,False,False,False,False,34.49219784501378,0.0
760.0,KL0010,52.774963391748685,4.012480228167345,162.99999999999994,165.5846750214427,175.65358004451224,-11.964388791748604,0.46906578540802,0.6793336868286133,11.900597078270762,False,21.1079603433609,0.6793336868286133,False,False,False,False,False,False,False,22.352822550965804,0.0
770.0,KL001,52.04168128997398,3.3881074393987576,130.9963256032048,133.12479897382758,70.22156532319079,-177.06289041016237,0.9123144149780273,0.8952834606170654,39.663657763742194,False,5.000000000000002,0.8952834606170654,True,True,False,True,False,False,False,73.6648651586136,0.0
770.0,KL002,52.19013931404808,4.726795922244484,162.99999999999994,165.5846750214427,7.271012007319372,-13.48595705076329,-0.6104918718338013,0.9165257215499878,14.806112909436319,False,-27.472134232521057,0.9165257215499878,False,False,False,False,False,False,False,27.48362882400722,0.0
770.0,KL003,51.588526388828875,4.615649417695475,162.99999999999994,165.5846750214427,23.046260548371468,-26.222462834799103,0.6334377527236938,0.6564724445343018,36.06217878595917,False,28.504698872566223,0.6564724445343018,False,False,False,False,False,False,False,66.68496709111038,0.0
770.0,KL004,52.43893703471525,5.92002471949233,154.74466389242357,157.21502664807022,237.16764796178842,21.893586212644976,-0.9708752632141113,0.823140025138855,24.67318116825858,False,-43.68938684463501,0.823140025138855,False,False,False,False,False,False,False,27.832486430228204,0.0
770.0,KL005,52.398690618294026,5.249460498239682,162.99999999999994,165.5846750214427,12.893609360456157,-37.81137485390764,-0.12182354927062988,0.905371904373169,18.273305056893278,False,-5.482059717178345,0.905371904373169,False,False,False,False,False,False,False,29.112184152377225,0.0
770.0,KL006,52.107400697574704,5.105386120320057,162.99999999999994,165.5846750214427,10.49498565567296,0.9347360610196063,-0.7771780490875244,0.9235801696777344,14.806112909436319,False,-34.9730122089386,0.9235801696777344,False,False,False,False,False,False,False,27.48362882400722,0.0
770.0,KL007,52.95647676167705,4.402925691785355,139.80480269792838,142.0622715196925,65.4864633111877,84.16608792276008,-0.9325067400932312,0.11321508884429932,6.310509685524549,False,0.0,0.11321508884429932,True,False,False,False,True,False,False,10.848404398244464,0.0
770.0,KL008,52.87683747159511,4.2891743735202015,158.89603842966272,161.4241887876415,30.1541340123851,-59.32639172674516,0.5977392196655273,0.4267948865890503,6.310509685524549,False,0.0,0.4267948865890503,True,False,False,False,True,False,False,10.845657508108385,0.0
770.0,KL009,52.3880612307516,4.3062120614897825,162.99999999999994,165.5846750214427,110.6160276502926,-150.6536542986725,-0.8586111068725586,0.9579447507858276,19.488347178802094,False,-38.63749980926514,0.9579447507858276,False,False,False,False,False,False,False,34.29988366557347,0.0
770.0,KL0010,52.76058755036402,4.0063637760444415,162.99999999999994,165.5846750214427,174.0061013123591,3.827460626488005,-0.6723216772079468,0.6463403701782227,12.410444386482817,False,-30.254475474357605,0.6463403701782227,False,False,False,False,False,False,False,23.263731079128725,0.0
780.0,KL001,52.031185760699955,3.3779122790210163,134.06639771538931,136.24011385608094,71.56912527095726,-172.2045113565356,0.9192954301834106,0.912128210067749,41.18957094976074,False,0.0,0.912128210067749,True,True,False,True,False,False,False,76.49448622983817,0.0
780.0,KL002,52.19980006306399,4.7451829836911505,162.99999999999994,165.5846750214427,5.775895195577301,-35.50363604698299,0.6579651832580566,0.9091610908508301,14.845149392000456,False,29.60843324661255,0.9091610908508301,False,False,False,False,False,False,False,27.53880081714255,0.0
780.0,KL003,51.5898192257405,4.591847413017031,162.99999999999994,165.5846750214427,21.478980245091343,-11.723651696363163,-0.485385537147522,0.5685434341430664,37.06156988210457,False,-21.84234917163849,0.5685434341430664,False,False,False,False,False,False,False,68.58800527186769,0.0
780.0,KL004,52.4340860915499,5.897921242603566,157.56723555254266,160.07695514508862,235.60795967061554,5.583194890952882,-0.9673426747322083,0.7668447494506836,23.097296167679588,False,-43.53042036294937,0.7668447494506836,False,False,False,False,False,False,False,31.71533158592305,0.0
780.0,KL005,52.40794074888953,5.2685809403518125,162.99999999999994,165.5846750214427,11.727199595359156,-48.77672989488394,0.42314720153808594,0.9411499500274658,18.2858926235767,False,19.041624069213867,0.9411499500274658,False,False,False,False,False,False,False,27.5785057664443,0.0
780.0,KL006,52.11640932316212,5.124598249282736,162.99999999999994,165.5846750214427,8.862090350220656,-16.330348701498906,0.12098157405853271,0.9178179502487183,14.845149392000456,False,5.444170832633972,0.9178179502487183,False,False,False,False,False,False,False,27.56110683517231,0.0
780.0,KL007,52.96596773556155,4.388639357352606,140.19264429985697,142.45573493704063,65.3494092272309,85.41371447594292,-0.927704393863678,-0.004196465015411377,6.244616046821357,False,0.0,-0.004196465015411377,True,False,False,False,True,False,False,10.759231280833992,0.0
780.0,KL008,52.88825471321814,4.273973941711337,160.3592810526276,162.90765415569652,29.355062265498866,-62.053248617575775,0.6929285526275635,0.49619925022125244,6.244616046821357,False,0.0,0.49619925022125244,True,False,False,False,True,False,False,10.760939699000405,0.0
780.0,KL009,52.39837812646446,4.323702742556373,162.99999999999994,165.5846750214427,112.16505488705927,-166.77722391868159,-0.9044057130813599,0.9376775026321411,19.535698912127213,False,-40.698257088661194,0.9376775026321411,False,False,False,False,False,False,False,26.319934207194088,0.0
780.0,KL0010,52.746114996324565,4.00090715951754,162.99999999999994,165.5846750214427,172.36219419262224,-12.043155103201656,0.3098435401916504,0.6922464370727539,13.077085561696338,False,13.942959308624268,0.6922464370727539,False,False,False,False,False,False,False,24.463295327025293,0.0
790.0,KL001,52.02049184318728,3.367356413642165,137.19423128188117,139.41373113276046,72.9472325977306,-172.35176492523442,0.9211363792419434,0.9563896656036377,42.65930226001683,False,0.0,0.9563896656036377,True,True,False,True,False,False,False,79.21924316606497,0.0
790.0,KL003,51.59070321971079,4.567996107377698,162.99999999999994,165.5846750214427,19.94154508227113,-29.2009159070509,0.9647061824798584,0.8260129690170288,38.57033879798103,False,43.41177821159363,0.8260129690170288,False,False,False,False,False,False,False,71.31538704681562,0.0
790.0,KL004,52.42551605794546,5.878606087508042,160.19672647217655,162.74285676502538,233.99271392787506,-10.565155489158457,-0.9821877479553223,0.6130753755569458,21.576819913296262,False,-44.1984486579895,0.6130753755569458,False,False,False,False,False,False,False,30.734093619263227,0.0
790.0,KL005,52.41545381096918,5.289570317267433,162.99999999999994,165.5846750214427,10.516674735072069,-38.75394186574326,-0.24148952960968018,0.8825869560241699,18.195815936943358,False,-10.867028832435608,0.8825869560241699,False,False,False,False,False,False,False,32.69759206167299,0.0
790.0,KL006,52.12592375152745,5.143248244386242,162.99999999999994,165.5846750214427,7.247608169075903,-13.510705677355645,-0.15434908866882324,0.8520270586013794,18.195815936943358,False,-6.945708990097046,0.8520270586013794,False,False,False,False,False,False,False,33.36226701407449,0.0
790.0,KL007,52.97545770659427,4.374351395991387,140.17780687428123,142.44068253222093,65.24347094812828,86.66585700387395,-0.7500298023223877,0.1189413070678711,6.178976298047564,False,0.0,0.1189413070678711,True,False,False,False,True,False,False,10.678956538446728,0.0
790.0,KL008,52.89979106815426,4.258610858571001,162.06055008603462,164.6323392393434,28.618886666870793,-64.95650553004083,0.8914177417755127,0.16001296043395996,6.178976298047564,False,0.0,0.16001296043395996,True,False,False,False,True,False,False,10.680841575553883,0.0
790.0,KL009,52.41121443481396,4.335923977917562,162.99999999999994,165.5846750214427,113.81132120459208,177.33332278578638,0.9560174942016602,0.7355104684829712,22.916779245353172,False,43.02078723907471,0.7355104684829712,False,False,False,False,False,False,False,39.58443116903435,0.0
790.0,KL0010,52.7317193212063,3.9948823187071816,162.99999999999994,165.5846750214427,170.71459132125074,1.8648874124478425,-0.8814899325370789,0.6992377042770386,13.907372153997693,False,-39.66704696416855,0.6992377042770386,False,False,False,False,False,False,False,25.967704531177173,0.0
800.0,KL001,52.00954521064692,3.3565537120599735,140.47385518558764,142.74101890979952,74.35838780726668,-172.49684519932725,0.8956098556518555,0.9547309875488281,44.16787302862664,False,0.0,0.9547309875488281,True,True,False,True,False,False,False,80.17901658510453,0.0
800.0,KL003,51.59199605662241,4.544192962130825,162.99999999999994,165.5846750214427,18.405517344055895,-15.175764700482489,0.0856865644454956,0.7485332489013672,39.88111217902311,False,3.8558954000473022,0.7485332489013672,False,False,False,False,False,False,False,73.73691760412913,0.0
800.0,KL004,52.413873761233404,5.863712902429159,162.29883749784798,164.8738981062378,232.454474540972,-26.60761412238645,-0.9901038408279419,0.586898684501648,20.26610559612761,False,-44.554672837257385,0.586898684501648,False,False,False,False,False,False,False,33.92102959904153,0.0
800.0,KL005,52.42310050785029,5.310473829478943,162.99999999999994,165.5846750214427,9.452206864932704,-56.90182617578543,0.800681471824646,0.9625420570373535,18.073647297238793,False,36.03066623210907,0.9625420570373535,False,False,False,False,False,False,False,31.99906051242064,0.0
800.0,KL006,52.136409362104,5.160455934169351,162.99999999999994,165.5846750214427,5.711020815833799,-25.940062854021647,0.7192355394363403,0.9355611801147461,18.073647297238793,False,32.365599274635315,0.9355611801147461,False,False,False,False,False,False,False,33.37424279962194,0.0
800.0,KL007,52.98497521870006,4.36001881696512,140.5852860826254,142.85406306102433,65.1686128959218,87.92511942021133,-0.7443170547485352,0.11833810806274414,6.1150502417928765,False,0.0,0.11833810806274414,True,False,False,False,True,False,False,10.602983071015826,0.0
800.0,KL008,52.91137221740999,4.243184007018225,162.60882025342232,165.18813356364413,27.95754798821931,-68.01686743019008,0.9179189205169678,0.08632802963256836,6.1150502417928765,False,0.0,0.08632802963256836,True,False,False,False,True,False,False,10.604571952676949,0.0
800.0,KL009,52.42383996599252,4.3487256217198444,162.99999999999994,165.5846750214427,115.45386853364926,-166.93051711432105,0.9405231475830078,0.8274211883544922,21.937985201634838,False,42.32354164123535,0.8274211883544922,False,False,False,False,False,False,False,38.56218467751405,0.0
800.0,KL0010,52.717146198753944,3.990216303981499,162.99999999999994,165.5846750214427,169.07680284329433,-14.026010609841677,-0.7878057956695557,0.8994694948196411,14.841084151304461,False,-35.451260805130005,0.8994694948196411,False,False,False,False,False,False,False,27.66407398948542,0.0
810.0,KL001,51.99834436798344,3.3455028809066936,143.7477800298683,146.06217054355696,75.80278936421685,-172.63970348757022,0.9636390209197998,0.9073866605758667,45.770021844693595,False,5.000000000000002,0.9073866605758667,True,True,False,True,False,False,False,81.37260686320582,0.0
810.0,KL003,51.596019430419126,4.521115350386528,162.99999999999994,165.5846750214427,16.78754294091667,-12.456867474910098,0.889272928237915,0.4640219211578369,49.89043937922209,False,40.01728177070618,0.4640219211578369,False,False,False,False,False,False,False,82.14245676798839,0.0
810.0,KL004,52.400121050753874,5.8545531020354895,162.99999999999994,165.5846750214427,231.12807688973552,-42.67031891535191,-0.0242043137550354,0.5383397340774536,19.200850585639465,False,-1.089194118976593,0.5383397340774536,False,False,False,False,False,False,False,28.421823863628358,0.0
810.0,KL005,52.42947937349073,5.3324560898081215,162.99999999999994,165.5846750214427,8.44110217473667,-49.46390289759421,0.9303915500640869,0.6807290315628052,19.200850585639465,False,41.86761975288391,0.6807290315628052,False,False,False,False,False,False,False,31.019633844629926,0.0
810.0,KL007,52.99452013160435,4.345641802389732,140.99069524981363,143.265338124972,65.12521720670203,89.1903023775829,-0.9161487817764282,0.687760591506958,6.053174456416913,False,0.0,0.687760591506958,True,False,False,False,True,False,False,10.50766228184959,0.0
810.0,KL008,52.92297437184952,4.22772503821244,162.90437687642222,165.4877417479072,27.37871983142632,-71.2218010766494,0.9334834814071655,-0.04930377006530762,6.053174456416913,False,0.0,-0.04930377006530762,True,False,False,False,True,False,False,10.506717053416882,0.0
810.0,KL009,52.43385819784634,4.366691352776765,162.99999999999994,165.5846750214427,116.99157189414431,-151.41033065741618,0.9327373504638672,0.9223897457122803,21.13204753643652,False,41.97318077087402,0.9223897457122803,False,False,False,False,False,False,False,37.7825011601364,0.0
810.0,KL0010,52.70235474957325,3.9922872821547575,162.99999999999994,165.5846750214427,167.55893087324128,-30.07087421942461,0.6099530458450317,0.9450106620788574,15.762586590269384,False,27.447887063026428,0.9450106620788574,False,False,False,False,False,False,False,29.333050788835962,0.0
820.0,KL001,51.98748623579707,3.3327801169721147,146.85932111300528,149.2182631155094,77.25929340701109,-167.86576710979483,0.9508211612701416,0.8670715093612671,47.41370287843897,False,-10.000000000000004,0.0,True,True,True,True,False,True,True,80.89016576325142,0.0
820.0,KL003,51.60221671347701,4.499399424775512,162.99999999999994,165.5846750214427,15.140986781881443,2.957735890264985,0.10041332244873047,0.34591054916381836,49.10991937841299,False,4.518599510192871,0.34591054916381836,False,False,False,False,False,False,False,80.87851817395924,0.0
820.0,KL004,52.38566591334348,5.848689885545132,162.99999999999994,165.5846750214427,229.95734255829512,-44.048373863355664,0.08809196949005127,0.5234278440475464,18.241466831399105,False,3.964138627052307,0.5234278440475464,False,False,False,False,False,False,False,29.585391349616913,0.0
820.0,KL005,52.43196160404685,5.356460102124813,162.99999999999994,165.5846750214427,7.27042681884773,-42.169071613154586,0.24164068698883057,0.6266393661499023,18.241466831399105,False,10.873830914497375,0.6266393661499023,False,False,False,False,False,False,False,30.643629424172698,0.0
820.0,KL007,53.00421433911789,4.3310366573453285,143.34900966363168,145.6576669730123,65.11367927752747,90.47636315697605,-0.9216565489768982,0.6661949157714844,5.993955212423418,False,0.0,0.6661949157714844,True,False,False,False,True,False,False,10.406885574826195,0.0
820.0,KL008,52.934564472094465,4.212277994161317,162.73476612392636,165.31580631568977,26.88954584214612,-74.55070134963336,0.9318351745605469,0.08895790576934814,5.993955212423418,False,0.0,0.08895790576934814,True,False,False,False,True,False,False,10.4083728481214,0.0
820.0,KL009,52.44050989710048,4.388460433194509,162.99999999999994,165.5846750214427,118.31433159977573,-136.0766103839342,0.8648754358291626,0.9540023803710938,20.677732941877085,False,29.999999999999993,0.9540023803710938,True,True,False,True,False,False,False,38.37806722494622,0.0
820.0,KL0010,52.68753429028209,3.993683231476364,162.99999999999994,165.5846750214427,166.0260370413679,-14.458508995757256,-0.8280924558639526,0.933198094367981,16.820104782956086,False,-37.26416051387787,0.933198094367981,False,False,False,False,False,False,False,31.25926036616385,0.0
830.0,KL001,51.97572402642579,3.3223514929550952,146.85885482878635,149.2177901794993,78.74463551563167,-177.95024743606223,0.917384147644043,0.7952980995178223,48.246017401078355,False,41.282286643981934,0.7952980995178223,False,False,False,False,False,False,False,84.63277282443958,0.0
830.0,KL003,51.61094442864818,4.479975530630909,162.99999999999994,165.5846750214427,13.499114015187422,8.337884901322468,-0.4570801258087158,0.3323725461959839,48.246017401078355,False,-20.568605661392212,0.3323725461959839,False,False,False,False,False,False,False,84.39041651826608,0.0
830.0,KL004,52.371468717756926,5.841335208245408,162.99999999999994,165.5846750214427,228.71988928342847,-40.356331669314955,-0.44945061206817627,0.4168391227722168,17.2424049724614,False,-20.225277543067932,0.4168391227722168,False,False,False,False,False,False,False,30.8290645714074,0.0
830.0,KL005,52.430622525561425,5.380743012995336,162.99999999999994,165.5846750214427,5.981307320142758,-40.30436661366548,-0.35499870777130127,0.5515915155410767,17.2424049724614,False,-15.974941849708557,0.5515915155410767,False,False,False,False,False,False,False,30.60046370484144,0.0
830.0,KL007,53.014063462094384,4.316194757080762,145.63335437311972,147.97478183461482,65.13555364459475,91.78277289217829,-0.9082319140434265,0.5725994110107422,5.936602132214164,False,0.0,0.5725994110107422,True,False,False,False,True,False,False,10.309238969144348,0.0
830.0,KL008,52.946173422413835,4.196801679250807,162.99999999999994,165.5846750214427,26.493746873371514,-77.99652876427996,0.9401065111160278,0.044347524642944336,5.936602132214164,False,0.0,0.044347524642944336,True,False,False,False,True,False,False,10.30923896914436,0.0
830.0,KL009,52.443290963681974,4.412382230168971,162.99999999999994,165.5846750214427,119.33074132016614,-120.88999852600648,0.7923400402069092,0.9678903818130493,20.519923864815496,False,9.999999999999995,0.9678903818130493,True,True,False,True,False,False,False,38.20633155128652,0.0
830.0,KL0010,52.672742841101396,3.995752805610086,162.99999999999994,165.5846750214427,164.513165402427,-30.511458889721325,0.6429240703582764,0.9659748077392578,17.96536738158246,False,28.931583166122437,0.9659748077392578,False,False,False,False,False,False,False,33.35179150613214,0.0
840.0,KL001,51.96469634236912,3.309444948491611,149.58596411610293,151.98367632455054,80.22525095773747,-160.89806941274992,0.9749780893325806,0.7243893146514893,47.49286458844058,False,43.874014019966125,0.7243893146514893,False,False,False,False,False,False,False,85.25390806230241,0.0
840.0,KL003,51.61782455665699,4.458791695830107,162.99999999999994,165.5846750214427,11.848501221570622,-7.53622373585705,0.7640414237976074,0.3759026527404785,47.49286458844058,False,34.381864070892334,0.3759026527404785,False,False,False,False,False,False,False,85.86543874111837,0.0
840.0,KL004,52.35681361279956,5.837463394247569,162.99999999999994,165.5846750214427,227.66590723934175,-56.497145164851815,0.7572553157806396,0.4221012592315674,16.45114851161262,False,34.076489210128784,0.4221012592315674,False,False,False,False,False,False,False,30.55828356143266,0.0
840.0,KL005,52.43070916438122,5.40508892761878,162.99999999999994,165.5846750214427,5.054160804876605,-70.40514960476227,0.9566570520401001,0.8271229267120361,16.45114851161262,False,43.049567341804504,0.8271229267120361,False,False,False,False,False,False,False,30.577662155676432,0.0
840.0,KL007,53.024048521782206,4.3011445495103855,147.59669419071452,149.9661459581498,65.19226211834815,93.10562135623263,-0.9022236466407776,0.3952162265777588,5.880734363119857,False,5.000000000000002,0.3952162265777588,True,False,False,False,True,False,False,11.00305635265587,0.0
840.0,KL008,52.957782372733206,4.181321210572137,162.99999999999994,165.5846750214427,26.196464441914078,-81.53363526360198,0.9439032077789307,0.07537496089935303,5.880734363119857,False,0.0,0.07537496089935303,True,False,False,False,True,False,False,11.00305635265587,0.0
840.0,KL009,52.44234520934803,4.436728883027439,162.99999999999994,165.5846750214427,120.01003038877086,-111.62143034301701,0.7753167152404785,0.9828393459320068,20.617581843732136,False,0.0,0.9828393459320068,True,True,False,True,False,False,False,38.447489462282434,0.0
840.0,KL0010,52.65792238181023,3.9971478087004484,162.99999999999994,165.5846750214427,162.98508283413503,-14.907170217645671,-0.9493193626403809,0.9637360572814941,19.204557455983494,False,-42.71937131881714,0.9637360572814941,False,False,False,False,False,False,False,35.623096134295736,0.0
850.0,KL001,51.956355840279954,3.2915492345054167,152.0698740852604,154.502682788709,81.57768651505224,-144.42826334768677,0.9754655361175537,0.8248021602630615,46.99042295672878,False,29.999999999999993,0.8248021602630615,True,True,False,True,False,False,False,85.63770223345193,0.0
850.0,KL003,51.62506528374076,4.437918997642148,162.99999999999994,165.5846750214427,10.198221989761475,8.47572663648134,-0.3440670967102051,0.31584417819976807,46.99042295672878,False,-15.483019351959229,0.31584417819976807,False,False,False,False,False,False,False,85.51964049831197,0.0
850.0,KL004,52.34222937977157,5.832932233319424,162.99999999999994,165.5846750214427,226.58406010306143,-40.98673691677976,-0.3794671297073364,0.3882220983505249,50.61442697501207,False,-17.07602083683014,0.3882220983505249,False,False,False,False,False,False,False,82.18432914235964,0.0
850.0,KL007,53.03481643987653,4.287317465557301,148.951669675077,151.34038553168259,65.40325185447846,99.42561729949762,-0.7491293549537659,0.7497544288635254,5.8903494097005265,False,0.0,0.7497544288635254,True,False,False,False,True,False,False,11.04185872793752,0.0
850.0,KL008,52.96939132305258,4.165836585259147,162.99999999999994,165.5846750214427,26.001077827284572,-85.13784895442046,0.9560911655426025,0.69835364818573,5.8903494097005265,False,0.0,0.69835364818573,True,False,False,False,True,False,False,11.04185872793752,0.0
850.0,KL009,52.44070528840275,4.461009551179859,162.99999999999994,165.5846750214427,120.63899694876245,-112.36041605800446,0.7792278528213501,0.9796640872955322,20.786064528518853,False,5.000000000000002,0.9796640872955322,True,True,False,True,False,False,False,38.78191009373843,0.0
850.0,KL0010,52.64313093262954,3.9992159812491606,162.99999999999994,165.5846750214427,161.4774919054342,-30.96863433792251,-0.6157341599464417,0.9654178619384766,20.501086422177313,False,-27.708037197589874,0.9654178619384766,False,False,False,False,False,False,False,38.00383373223004,0.0
860.0,KL001,51.95147602055761,3.2701220622378737,154.89815474089002,157.37066492184965,82.69248401628151,-128.507413251034,0.9722628593444824,0.8532377481460571,46.70304491656094,False,9.999999999999995,0.8532377481460571,True,True,False,True,False,False,False,85.57427817801211,0.0
860.0,KL003,51.631953685736974,4.416733595737362,162.99999999999994,165.5846750214427,8.547455877821953,-7.04465831278651,0.7982182502746582,0.22784900665283203,46.70304491656094,False,35.91982126235962,0.22784900665283203,False,False,False,False,False,False,False,85.71610895640676,0.0
860.0,KL004,52.327574274814204,5.829062979659181,162.99999999999994,165.5846750214427,225.54411407401133,-57.133472785677895,0.9258064031600952,0.3453099727630615,49.7003195237531,False,41.661288142204285,0.3453099727630615,False,False,False,False,False,False,False,71.60899152849088,0.0
860.0,KL007,53.0458288938143,4.273415694701824,151.52257453024941,153.9476684632395,65.66562026094599,100.75551081524708,-0.6955576539039612,0.6975219249725342,5.908674587435845,False,-5.000000000000002,0.6975219249725342,True,False,False,False,True,False,False,10.282865527892104,0.0
860.0,KL008,52.98100027337195,4.150347800443032,162.99999999999994,165.5846750214427,25.90989223333491,-88.78197848286112,0.9530332088470459,0.6327601671218872,5.908674587435845,False,0.0,0.6327601671218872,True,False,False,False,True,False,False,10.282865527892108,0.0
860.0,KL009,52.43792256421602,4.485002706714507,162.99999999999994,165.5846750214427,121.16786589563283,-108.11335041041929,0.7835385799407959,0.9786291122436523,20.871989311032344,False,0.0,0.9786291122436523,True,True,False,True,False,False,False,38.955518898274875,0.0
860.0,KL0010,52.629242129020476,4.007850875449758,162.99999999999994,165.5846750214427,160.21614278156403,-47.17454660882501,0.888014554977417,0.7715473175048828,20.871989311032344,False,39.960654973983765,0.7715473175048828,False,False,False,False,False,False,False,38.955518898274875,0.0
870.0,KL001,51.95013900217045,3.246906946558651,157.823949867101,160.33723502394193,83.52270603182063,-119.43957894920749,0.9614479541778564,0.8733787536621094,46.57125189006224,False,0.0,0.8733787536621094,True,True,False,True,False,False,False,85.69154975277067,0.0
870.0,KL003,51.63927123683942,4.395924020134508,162.99999999999994,165.5846750214427,6.897634838504528,9.175185023569497,-0.41931045055389404,0.22538864612579346,46.57125189006224,False,-18.868970274925232,0.22538864612579346,False,False,False,False,False,False,False,85.65452434349014,0.0
870.0,KL004,52.31299004178621,5.824534813073109,162.99999999999994,165.5846750214427,224.47617609842936,-41.62905972315423,-0.4864363670349121,0.24709463119506836,48.77583138588214,False,-21.889636516571045,0.24709463119506836,False,False,False,False,False,False,False,80.12841806546145,0.0
870.0,KL007,53.056313090372804,4.257871461141302,153.9143332344849,156.37306487714912,65.84690747033952,97.11319732848773,-0.524787425994873,0.608013391494751,5.862142502530782,False,5.000000000000002,0.608013391494751,True,False,False,False,True,False,False,10.98359142778246,0.0
870.0,KL008,52.99260922369132,4.1348548532523335,162.99999999999994,165.5846750214427,25.92400715785884,-92.43695514855659,0.9521304368972778,0.732540488243103,5.862142502530782,False,0.0,0.732540488243103,True,False,False,False,True,False,False,10.98359142778246,0.0
870.0,KL009,52.43499890776159,4.5089537179846255,162.99999999999994,165.5846750214427,121.70257705563542,-108.86222765734524,0.7504913806915283,0.9803562164306641,21.01284686453233,False,0.0,0.9803562164306641,True,True,False,True,False,False,False,39.230536449367875,0.0
870.0,KL0010,52.61521391439102,4.015848361137894,162.99999999999994,165.5846750214427,158.93278038328617,-31.727170296545353,0.7752506732940674,0.7244354486465454,21.01284686453233,False,34.88628029823303,0.7244354486465454,False,False,False,False,False,False,False,39.230536449367875,0.0
880.0,KL001,51.94942289770235,3.2231503283640817,160.81881183340693,163.37352009307367,84.33034398308526,-120.39690903991988,0.9677870273590088,0.8537425994873047,46.47548480642899,False,-5.000000000000002,0.8537425994873047,True,True,False,True,False,False,False,85.66093175222576,0.0
880.0,KL003,51.64622935315148,4.3747931431163085,162.99999999999994,165.5846750214427,5.2470371826644335,-6.499624010751347,0.7679445743560791,0.19301772117614746,46.47548480642899,False,34.55750584602356,0.19301772117614746,False,False,False,False,False,False,False,85.6609927691655,0.0
880.0,KL004,52.298334936828844,5.820668115360184,162.99999999999994,165.5846750214427,223.45066182053307,-57.78180407579913,0.9405288696289062,0.3351612091064453,47.89037904759063,False,42.32379913330078,0.3351612091064453,False,False,False,False,False,False,False,68.67174204153287,0.0
880.0,KL007,53.06757890927089,4.243382272960026,155.99910349148126,158.4869923243146,66.17701627077757,103.46300607943044,-0.657216489315033,0.5088808536529541,5.8755113734513165,False,0.0,0.5088808536529541,True,False,False,False,True,False,False,11.025542058617843,0.0
880.0,KL008,53.00421817401069,4.119357740812928,162.99999999999994,165.5846750214427,26.043251315586428,-96.07318943981147,0.9580494165420532,0.7405662536621094,5.8755113734513165,False,0.0,0.7405662536621094,True,False,False,False,True,False,False,11.025542058617843,0.0
880.0,KL009,52.43207525130716,4.532903140303618,162.99999999999994,165.5846750214427,122.25789434330123,-109.60442691860399,0.7722692489624023,0.9794461727142334,21.379867338829,False,0.0,0.9794461727142334,True,True,False,True,False,False,False,39.92906912888342,0.0
880.0,KL0010,52.600393455099855,4.017241530649652,162.99999999999994,165.5846750214427,157.4184849582294,-16.142437733737836,-0.21280455589294434,0.7355818748474121,21.379867338829,False,-9.576205015182495,0.7355818748474121,False,False,False,False,False,False,False,39.92906912888342,0.0
890.0,KL001,51.94754424076877,3.199213951612048,162.99999999999994,165.5846750214427,85.28076418378278,-126.30187841501845,0.9493565559387207,0.9281644821166992,48.722905563156964,False,0.0,0.9281644821166992,True,True,False,True,False,False,False,90.3810548136044,0.0
890.0,KL004,52.28375070380085,5.816142937983567,162.99999999999994,165.5846750214427,222.39703175230957,-42.28347520693228,-0.857200562953949,0.2398669719696045,46.995614759054604,False,-10.000000000000004,0.2398669719696045,True,True,False,True,False,False,False,74.8184629452782,0.0
890.0,KL007,53.07905296820498,4.228886682986126,157.74387953393187,160.25605282614245,66.5615549739193,104.81114204660372,0.13519573211669922,0.5766721963882446,5.89708805890126,False,6.083807945251465,0.5766721963882446,False,False,False,False,False,False,False,11.069056240582686,0.0
890.0,KL008,53.01582712433006,4.10385646024804,162.99999999999994,165.5846750214427,26.266192872439976,-99.66198881393768,0.9528639316558838,0.8714945316314697,5.89708805890126,False,9.999999999999995,0.8714945316314697,True,False,False,False,True,False,False,10.492860007286795,0.0
890.0,KL009,52.42915159485273,4.556850973944652,162.99999999999994,165.5846750214427,122.83353821178174,-110.33979142608254,0.7789490222930908,0.9746677875518799,21.794614513592805,False,0.0,0.9746677875518799,True,True,False,True,False,False,False,40.71471184367936,0.0
890.0,KL0010,52.58554554386165,4.018650982599647,162.99999999999994,165.5846750214427,155.90450907318765,-25.96257959042302,0.7213234901428223,0.8438611030578613,21.794614513592805,False,32.459557056427,0.8438611030578613,False,False,False,False,False,False,False,40.71471184367936,0.0
900.0,KL001,51.945523278496786,3.1752787412032633,162.99999999999994,165.5846750214427,86.26580384803913,-127.18156020565812,0.9490354061126709,0.9311590194702148,48.65005073335133,False,0.0,0.9311590194702148,True,True,False,True,False,False,False,89.67413032973067,0.0
900.0,KL004,52.26913113536783,5.811695806564234,162.99999999999994,165.5846750214427,221.35333341508993,-52.613046179861385,0.8204278945922852,0.4078848361968994,46.12024263757249,False,36.91925525665283,0.4078848361968994,False,False,False,False,False,False,False,65.49417353638178,0.0
900.0,KL007,53.091419161013526,4.2160390700267065,159.72114903346295,162.2607122294573,67.12807558710139,112.20175598509894,0.6569948196411133,0.48345184326171875,5.885229852703207,False,29.564766883850098,0.48345184326171875,False,False,False,False,False,False,False,11.049384855318461,0.0
900.0,KL008,53.02851258302144,4.090955765659445,162.99999999999994,165.5846750214427,26.381345178439872,-93.24775869333723,0.9178938865661621,0.9056211709976196,5.885229852703207,False,29.999999999999993,0.9056211709976196,True,False,False,False,True,False,False,10.410037513418475,0.0
900.0,KL009,52.426227938398306,4.580797219180826,162.99999999999994,165.5846750214427,123.42922419446343,-111.06817628812726,0.8051002025604248,0.9722847938537598,22.346490959339047,False,36.229509115219116,0.9722847938537598,False,False,False,False,False,False,False,41.75503708779711,0.0
900.0,KL0010,52.57072103923155,4.01738112320752,162.99999999999994,165.5846750214427,154.33163957695928,-10.323811566057628,-0.49596214294433594,0.90085768699646,22.346490959339047,False,-22.318296432495117,0.90085768699646,False,False,False,False,False,False,False,41.75503708779711,0.0
910.0,KL001,51.9435023162248,3.1513446092461628,162.99999999999994,165.5846750214427,87.2707171706715,-128.041182414587,0.9447033405303955,0.9260362386703491,48.6194028399248,False,0.0,0.9260362386703491,True,True,False,True,False,False,False,90.19925853454609,0.0
910.0,KL004,52.25490300255539,5.804779331229962,162.99999999999994,165.5846750214427,220.18913470416277,-37.09091025699587,-0.9422307014465332,0.21353411674499512,45.17890663553852,False,-5.000000000000002,0.21353411674499512,True,True,False,True,False,False,False,69.08926212350686,0.0
910.0,KL007,53.105008588718405,4.206750804704304,161.37870124612616,163.94111799257806,67.97814982556153,129.3779915595934,0.5457983016967773,0.7209124565124512,5.84798571202249,False,24.56092357635498,0.7209124565124512,False,False,False,False,False,False,False,10.981406819814188,0.0
910.0,KL008,53.042455219841,4.082481911130959,162.99999999999994,165.5846750214427,26.271653429931206,-81.00615880133773,0.7615007162094116,0.9222140312194824,5.84798571202249,False,24.999999999999993,0.9222140312194824,True,False,False,False,True,False,False,10.553690998348642,0.0
910.0,KL009,52.42114462459662,4.603668209141781,162.99999999999994,165.5846750214427,123.80423798727027,-95.99902083912798,0.5784106254577637,0.9779784679412842,22.93071230428939,False,26.028478145599365,0.9779784679412842,False,False,False,False,False,False,False,42.850689131355395,0.0
910.0,KL0010,52.55588087569321,4.0167851944323765,162.99999999999994,165.5846750214427,152.77504632083796,-26.35179165396505,0.6073343753814697,0.9000750780105591,22.93071230428939,False,27.330046892166138,0.9000750780105591,False,False,False,False,False,False,False,42.850689131355395,0.0
920.0,KL001,51.94148135395282,3.1274115556137922,162.99999999999994,165.5846750214427,88.29482563786858,-128.88104950598904,0.9433587789535522,0.9282424449920654,48.600530560465906,False,0.0,0.9282424449920654,True,True,False,True,False,False,False,89.97126336967962,0.0
920.0,KL004,52.240845998758466,5.796765708866853,162.99999999999994,165.5846750214427,218.97374581299815,-42.381242154354084,-0.8368995785713196,0.297285795211792,44.27153738403758,False,5.000000000000002,0.297285795211792,True,True,False,True,False,False,False,67.31128208228765,0.0
920.0,KL007,53.119753573345236,4.203990559479561,162.99999999999994,165.5846750214427,69.21038281908756,146.12613803955173,-0.0037785768508911133,0.7321089506149292,5.818889428109435,False,-0.1700359582901001,0.7321089506149292,False,False,False,False,False,False,False,10.479872438895589,0.0
920.0,KL008,53.05725893744706,4.080650984889479,162.99999999999994,165.5846750214427,25.813726640937638,-68.67184488300114,0.4904341697692871,0.909365177154541,5.818889428109435,False,0.0,0.909365177154541,True,False,False,False,True,False,False,10.479872438895589,0.0
920.0,KL009,52.41245096588422,4.623396488960381,162.99999999999994,165.5846750214427,123.74888609845915,-80.94719956032304,-0.9113006591796875,0.9754090309143066,23.532811078805818,False,-41.00852966308594,0.9754090309143066,False,False,False,False,False,False,False,43.97338307730128,0.0
920.0,KL0010,52.541056371063114,4.015516193312407,162.99999999999994,165.5846750214427,151.20564327266024,-10.720886516507477,-0.48212629556655884,0.8930366039276123,23.532811078805818,False,-30.000000000000004,0.8930366039276123,True,True,False,True,False,False,False,43.97338307730128,0.0
930.0,KL001,51.93946039168083,3.1034795801792163,162.99999999999994,165.5846750214427,89.33746917860125,-129.70148607845186,0.942922830581665,0.9149484634399414,48.62488609284356,False,0.0,0.9149484634399414,True,True,False,True,False,False,False,90.21681832664193,0.0
930.0,KL004,52.227155157173705,5.78721247933848,162.99999999999994,165.5846750214427,217.68973042045963,-37.65191591907927,-0.936263382434845,0.275707483291626,43.30128706705364,False,5.000000000000002,0.275707483291626,True,True,False,True,False,False,False,63.41358605693777,0.0
930.0,KL007,53.13464431023816,4.2042225620182485,162.99999999999994,165.5846750214427,70.58481845587202,146.7130317496348,0.23700881004333496,0.7526503801345825,5.790693522260045,False,10.665396451950073,0.7526503801345825,False,False,False,False,False,False,False,10.876231631063694,0.0
930.0,KL008,53.07213167083836,4.081891010860091,162.99999999999994,165.5846750214427,25.254598055410288,-72.17040778102638,0.575444221496582,0.9233386516571045,5.790693522260045,False,9.999999999999995,0.9233386516571045,True,False,False,False,True,False,False,10.601010364316322,0.0
930.0,KL009,52.40409287990119,4.643506585527226,162.99999999999994,165.5846750214427,123.76155937277787,-97.5425607178343,0.7761695384979248,0.9761242866516113,24.13402790217238,False,34.927629232406616,0.9761242866516113,False,False,False,False,False,False,False,45.09338246889413,0.0
930.0,KL0010,52.526216207524776,4.014920667394655,162.99999999999994,165.5846750214427,149.65292748648292,-26.757262296494872,0.5134305953979492,0.9422364234924316,24.13402790217238,False,23.104376792907715,0.9422364234924316,False,False,False,False,False,False,False,45.09338246889413,0.0
940.0,KL001,51.93743942940885,3.07954868281552,162.99999999999994,165.5846750214427,90.39800649811069,-130.5028337678724,0.9554398059844971,0.9231307506561279,48.66014864167253,False,0.0,0.9231307506561279,True,True,False,True,False,False,False,90.26824577802722,0.0
940.0,KL004,52.21402635037861,5.775750751199093,162.99999999999994,165.5846750214427,216.3235682671289,-32.89451650432284,-0.9573668837547302,0.22576642036437988,42.27025918487338,False,0.0,0.22576642036437988,True,True,False,True,False,False,False,62.46727866110084,0.0
940.0,KL007,53.14936220108981,4.207726065084148,162.99999999999994,165.5846750214427,72.07517657886105,157.9517204898063,0.012058734893798828,0.791365385055542,5.768723725926891,False,0.5426430702209473,0.791365385055542,False,False,False,False,False,False,False,10.657003092666875,0.0
940.0,KL008,53.08676763881225,4.086271581339503,162.99999999999994,165.5846750214427,24.593466399879606,-65.65714677840961,0.5422912836074829,0.8913404941558838,5.768723725926891,False,0.0,0.8913404941558838,True,False,False,False,True,False,False,10.657003092666875,0.0
940.0,KL009,52.39539922118879,4.6632272404874415,162.99999999999994,165.5846750214427,123.75112557302346,-82.49127515759955,-0.47538167238235474,0.9654583930969238,24.76663418608823,False,-21.392175257205963,0.9654583930969238,False,False,False,False,False,False,False,46.27034206314822,0.0
940.0,KL0010,52.51139170289468,4.013652523047735,162.99999999999994,165.5846750214427,148.0872149501156,-11.134704696257671,-0.5574057698249817,0.9133570194244385,24.76663418608823,False,-45.0,0.9133570194244385,True,True,False,True,False,False,False,46.27034206314822,0.0
950.0,KL001,51.93541846713686,3.0556188633958095,162.99999999999994,165.5846750214427,91.47581528543611,-131.2854483806217,0.9711016416549683,0.9352083206176758,48.73944076294994,False,0.0,0.9352083206176758,True,True,False,True,False,False,False,90.43359620354093,0.0
950.0,KL004,52.20096320884152,5.7640849207306,162.99999999999994,165.5846750214427,214.952067583967,-33.13666583976308,-0.9607101082801819,0.2708948850631714,41.22934227517891,False,5.000000000000002,0.2708948850631714,True,True,False,True,False,False,False,58.663886496243265,0.0
950.0,KL007,53.16394188199629,4.212780767334602,162.99999999999994,165.5846750214427,73.61580509695851,158.96975647995254,0.2737480401992798,0.8068013191223145,5.757261404974059,False,12.31866180896759,0.8068013191223145,False,False,False,False,False,False,False,10.815885709951642,0.0
950.0,KL008,53.101285030684636,4.0917944349350845,162.99999999999994,165.5846750214427,23.954629313784363,-69.26610383746248,0.6053460836410522,0.9113763570785522,5.757261404974059,False,27.24057376384735,0.9113763570785522,False,False,False,False,False,False,False,10.273215421608224,0.0
950.0,KL009,52.38704113520576,4.683329567245597,162.99999999999994,165.5846750214427,123.80871421647477,-99.08603762333982,0.8233392238616943,0.9719723463058472,25.396952276128864,False,37.050265073776245,0.9719723463058472,False,False,False,False,False,False,False,47.44204923508818,0.0
950.0,KL0010,52.49655153935634,4.013057399283651,162.99999999999994,165.5846750214427,146.53862196312465,-27.179988752642657,0.4599956274032593,0.9502676725387573,25.396952276128864,False,20.699803233146667,0.9502676725387573,False,False,False,False,False,False,False,47.44204923508818,0.0
960.0,KL001,51.93339750486488,3.031690121793209,162.99999999999994,165.5846750214427,92.57029230861076,-132.04969725421972,0.9722781181335449,0.9150453805923462,48.8286272154558,False,0.0,-1.0,True,True,True,True,False,True,True,90.59985509033544,0.0
960.0,KL004,52.18849635498321,5.7508067668210305,162.99999999999994,165.5846750214427,213.51613992577487,-28.352061173180374,-0.9718121886253357,0.21569287776947021,40.137107506387544,False,0.0,0.21569287776947021,True,True,False,True,False,False,False,57.46177926335849,0.0
960.0,KL007,53.17791565742831,4.221206365108331,162.99999999999994,165.5846750214427,75.22568567035574,171.5711930130301,0.34738588333129883,0.831082820892334,5.744710642926379,False,15.632364749908447,0.831082820892334,False,False,False,False,False,False,False,10.788537412771964,0.0
960.0,KL008,53.115089942574755,4.100886233004385,162.99999999999994,165.5846750214427,23.18439134406473,-56.99651743215313,0.6691231727600098,0.836151123046875,5.744710642926379,False,30.11054277420044,0.836151123046875,False,False,False,False,False,False,False,10.74490881128164,0.0
960.0,KL009,52.37834747649336,4.703042604984404,162.99999999999994,165.5846750214427,123.84318795386602,-84.03416768066239,-0.16971474885940552,0.962988018989563,26.055784561479047,False,-7.637163698673248,0.962988018989563,False,False,False,False,False,False,False,48.665430925513725,0.0
960.0,KL0010,52.48172703472624,4.011790110214174,162.99999999999994,165.5846750214427,144.97684295700557,-11.566301908329024,-0.5731539726257324,0.9225491285324097,26.055784561479047,False,0.0,0.9225491285324097,True,True,False,True,False,False,False,48.665430925513725,0.0
970.0,KL001,51.9314126276607,3.0081896852390244,159.5698558018131,162.1073281443386,93.66088621892149,-132.78278763974618,0.9751482009887695,0.928871750831604,48.85378297760303,False,9.999999999999995,1.0,True,True,True,True,False,True,True,90.63945749216879,0.0
970.0,KL004,52.176105996344454,5.737335083056801,162.99999999999994,165.5846750214427,212.07506822820167,-28.566608258365164,-0.9714179039001465,0.2680702209472656,39.046938372959474,False,0.0,0.2680702209472656,True,True,False,True,False,False,False,55.12843449034713,0.0
970.0,KL007,53.19040158615021,4.23460698370927,162.99999999999994,165.5846750214427,76.87645173872852,-172.8020017804957,0.5514653921127319,0.8253016471862793,5.727480044681419,False,24.815942645072937,0.8253016471862793,False,False,False,False,False,False,False,10.730918546010276,0.0
970.0,KL008,53.12688360780635,4.115908524261225,162.99999999999994,165.5846750214427,22.11753617850616,-44.36665397384317,0.17992913722991943,0.5014007091522217,5.727480044681419,False,8.096811175346375,0.5014007091522217,False,False,False,False,False,False,False,10.598090407408343,0.0
970.0,KL009,52.369432494248166,4.722559285030708,162.99999999999994,165.5846750214427,123.87266931719269,-92.44435776686913,0.8349356651306152,0.9672253131866455,26.83227429392081,False,37.572104930877686,0.9672253131866455,False,False,False,False,False,False,False,50.10727887527237,0.0
970.0,KL0010,52.46706644865616,4.007502597533906,162.99999999999994,165.5846750214427,143.3567689861773,-11.70075731393419,-0.5508643984794617,0.9322571754455566,26.83227429392081,False,0.0,0.9322571754455566,True,True,False,True,False,False,False,50.10727887527237,0.0
980.0,KL001,51.93129996882831,2.9841469309732513,162.9989758278047,165.5836368186249,94.61840634370932,-123.59005457369358,0.953047513961792,0.9050501585006714,48.844054724247464,False,0.0,0.9050501585006714,True,True,True,True,False,True,True,90.61791105885466,0.0
980.0,KL004,52.1637156377057,5.723867151239647,162.99999999999994,165.5846750214427,210.63701252055802,-28.784088170005845,-0.9662290811538696,0.2528090476989746,38.00998541632273,False,5.000000000000002,0.2528090476989746,True,True,False,True,False,False,False,53.31459461284656,0.0
980.0,KL007,53.20025778172481,4.25313605478854,162.99999999999994,165.5846750214427,78.46725002060926,-157.31124952476426,0.5668383836746216,0.7850942611694336,5.7265515335324935,False,25.50772726535797,0.7850942611694336,False,False,False,False,False,False,False,10.285307629487686,0.0
980.0,KL008,53.13626015576843,4.135164738881408,162.99999999999994,165.5846750214427,20.835249323309036,-39.06847032830407,-0.46392178535461426,0.21444225311279297,5.7265515335324935,False,-20.87648034095764,0.21444225311279297,False,False,False,False,False,False,False,10.701666838293486,0.0
980.0,KL009,52.35911412095305,4.7400361325848985,162.99999999999994,165.5846750214427,123.71639018938701,-77.38853111450305,-0.6679128408432007,0.9418106079101562,27.563801963596045,False,-30.05607783794403,0.9418106079101562,False,False,False,False,False,False,False,51.462459567230304,0.0
980.0,KL0010,52.45240586258608,4.003216512606515,162.99999999999994,165.5846750214427,141.73750297356602,-11.838286093522498,-0.4764291048049927,0.9229185581207275,27.563801963596045,False,0.0,0.9229185581207275,True,True,False,True,False,False,False,51.462459567230304,0.0
990.0,KL001,51.931871647756225,2.9600139885433308,162.99999999999994,165.5846750214427,95.53663593017671,-124.41093551220774,0.9226598739624023,0.9667117595672607,48.83798505745826,False,0.0,-1.0,True,True,True,True,False,True,True,90.61725662479822,0.0
990.0,KL004,52.15200561706972,5.70887938095732,162.99999999999994,165.5846750214427,209.14226856532684,-23.972774060280187,-0.9791802763938904,0.2344285249710083,36.90171886244646,False,0.0,0.2344285249710083,True,True,False,True,False,False,False,50.199319286304465,0.0
990.0,KL007,53.20671376974669,4.275453200236725,162.99999999999994,165.5846750214427,79.88483430083961,-142.10896903222803,0.7413917779922485,0.7059957981109619,5.7012632864975945,False,33.362630009651184,0.7059957981109619,False,False,False,False,False,False,False,10.560738365409208,0.0
990.0,KL008,53.14695487486149,4.152327487474731,162.99999999999994,165.5846750214427,19.761040405316,-58.43803288168748,0.6671075820922852,0.6703870296478271,5.7012632864975945,False,5.000000000000002,0.6703870296478271,True,False,False,False,True,False,False,10.37800355589888,0.0
990.0,KL009,52.34909437263717,4.757968416150134,162.99999999999994,165.5846750214427,123.62784903196507,-93.98246445764369,0.8746168613433838,0.9621456861495972,28.315005417209942,False,39.35775876045227,0.9621456861495972,False,False,False,False,False,False,False,52.85356149269802,0.0
990.0,KL0010,52.437745276516004,3.998931854200997,162.99999999999994,165.5846750214427,140.11907291450214,-11.978993175481918,-0.4866586923599243,0.9340012073516846,28.315005417209942,False,34.99999999999999,0.9340012073516846,True,True,False,True,False,False,False,52.85356149269802,0.0
1000.0,KL001,51.93243311913446,2.9363116501998605,159.5698558018131,162.1073281443386,96.45719585297688,-125.20178796689476,0.935142993927002,0.9669287204742432,48.76536240019308,False,0.0,0.9669287204742432,True,True,True,True,False,True,True,89.9456110988068,0.0
1000.0,KL004,52.14038233944002,5.693710070438271,162.99999999999994,165.5846750214427,207.64269986855828,-24.160175198275937,-0.9755445122718811,0.22995197772979736,35.80131953399256,False,0.0,0.22995197772979736,True,True,False,True,False,False,False,49.36665778092748,0.0
1000.0,KL007,53.209280282149365,4.299866133245467,162.99999999999994,165.5846750214427,81.03364445959463,-127.13958916304836,0.8500378131866455,0.5779550075531006,5.63005770893117,False,29.999999999999993,0.5779550075531006,True,False,False,False,True,False,False,10.262645136911784,0.0
1000.0,KL008,53.15815085272561,4.168693574181428,162.99999999999994,165.5846750214427,18.83258541832614,-57.516494910732035,0.48522651195526123,0.5573252439498901,5.63005770893117,False,0.0,0.5573252439498901,True,False,False,False,True,False,False,10.262645136911784,0.0
1000.0,KL009,52.338775999342054,4.7754372232224975,162.99999999999994,165.5846750214427,123.51617648037065,-78.92968831113072,-0.5711602568626404,0.9351992607116699,29.194353821532477,False,-25.702211558818817,0.9351992607116699,False,False,False,False,False,False,False,48.451595799114735,0.0
1000.0,KL0010,52.423692956370445,3.991084702811268,162.99999999999994,165.5846750214427,138.47162173004932,3.8047557062582484,-0.9153919816017151,0.9010341167449951,29.194353821532477,False,29.999999999999993,0.9010341167449951,True,True,False,True,False,False,False,54.48270133786201,0.0
1010.0,KL001,51.93300277108959,2.9122636680570655,162.8855536856429,165.46866061826262,97.40958924477577,-125.98873494267411,0.9184293746948242,0.9697794914245605,48.6120455185677,False,0.0,0.9697794914245605,True,True,True,True,False,True,True,88.18965967651324,0.0
1010.0,KL004,52.12875906181033,5.67854471805693,162.99999999999994,165.5846750214427,206.14538681496785,-24.350301013438838,-0.9722887873649597,0.2564396858215332,34.697069620428124,False,5.000000000000002,0.2564396858215332,True,True,False,True,False,False,False,45.27355228099915,0.0
1010.0,KL007,53.20776281538716,4.32452266694904,162.99999999999994,165.5846750214427,81.83966024133683,-112.33969701622783,0.9057995080947876,0.775287389755249,5.518258421911598,False,9.999999999999995,0.775287389755249,True,False,False,False,True,False,False,10.291510766870378,0.0
1010.0,KL008,53.16925406456512,4.185245585754597,162.99999999999994,165.5846750214427,17.99489616918097,-61.9697621802365,0.5314382314682007,0.5926165580749512,5.518258421911598,False,0.0,0.5926165580749512,True,False,False,False,True,False,False,10.291510766870378,0.0
1010.0,KL009,52.32875625102617,4.793361260074793,162.99999999999994,165.5846750214427,123.4724247923106,-95.52555118933716,0.9262717962265015,0.9481731653213501,30.32645663880356,False,41.682230830192566,0.9481731653213501,False,False,False,False,False,False,False,49.36250750566853,0.0
1010.0,KL0010,52.41147777799934,3.977254813998809,162.99999999999994,165.5846750214427,136.85870441604425,19.779650310948142,-0.9740452766418457,0.9357626438140869,30.32645663880356,False,20.0,0.9357626438140869,True,True,False,True,False,False,False,56.58333937098596,0.0
1020.0,KL001,51.9335744500175,2.8881298098381203,162.99999999999994,165.5846750214427,98.38348505815637,-126.76301841720567,0.9174261093139648,0.969988226890564,48.42288750791132,False,0.0,-1.0,True,True,True,True,False,True,True,86.90600635837386,0.0
1020.0,KL004,52.11789499472441,5.661963253521715,162.99999999999994,165.5846750214427,204.59969119050606,-19.50956422018828,-0.9752654433250427,0.23829829692840576,33.54403181868239,False,0.0,0.23829829692840576,True,True,False,True,False,False,False,44.15000580157806,0.0
1020.0,KL007,53.20260085452636,4.347806603704831,162.99999999999994,165.5846750214427,82.29168456716972,-103.45949673294913,0.9382754564285278,0.8346726894378662,5.419334882781557,False,42.22239553928375,0.8346726894378662,False,False,False,False,False,False,False,10.274129371533668,0.0
1020.0,KL008,53.180357276404635,4.201801880828701,162.99999999999994,165.5846750214427,17.27605807594493,-66.82518051607605,0.6065804958343506,0.6248784065246582,5.419334882781557,False,0.0,0.6248784065246582,True,False,False,False,True,False,False,10.274129371533668,0.0
1020.0,KL009,52.31843787773106,4.810822036259291,162.99999999999994,165.5846750214427,123.40556809547084,-80.47472125564886,-0.20585393905639648,0.9141454696655273,31.65225582330501,False,-9.263427257537842,0.9141454696655273,False,False,False,False,False,False,False,43.508556625083855,0.0
1020.0,KL0010,52.402025470614596,3.9584925319599473,162.99999999999994,165.5846750214427,135.40608251232342,35.94030572093513,-0.9856963157653809,0.8881776332855225,31.65225582330501,False,9.999999999999995,0.8881776332855225,True,True,False,True,False,False,False,59.0449597667248,0.0
1030.0,KL001,51.934135921395736,2.864426572027742,159.5698558018131,162.1073281443386,99.35713852854349,-127.50856885663268,0.9220575094223022,0.9709848165512085,48.235775605364054,False,0.0,0.9709848165512085,True,True,True,True,False,True,True,86.99943606712122,0.0
1030.0,KL004,52.10712725826485,5.645213499927576,162.99999999999994,165.5846750214427,203.04961692709568,-19.66702240562978,-0.9716423153877258,0.26718151569366455,32.38849846880603,False,0.0,0.26718151569366455,True,True,False,True,False,False,False,41.55029005950776,0.0
1030.0,KL007,53.19480254603394,4.368892336300784,162.99999999999994,165.5846750214427,82.45359861901831,-88.78727999990411,0.9608473777770996,0.9343850612640381,5.418489068490645,False,43.23813199996948,0.9343850612640381,False,False,False,False,False,False,False,10.304789354329621,0.0
1030.0,KL008,53.19146048824415,4.218362462243442,162.99999999999994,165.5846750214427,16.691433672890167,-72.06078740562538,0.7372219562530518,0.6486494541168213,5.418489068490645,False,33.17498803138733,0.6486494541168213,False,False,False,False,False,False,False,10.285825956548628,0.0
1030.0,KL009,52.30807762165469,4.828279411679834,162.99999999999994,165.5846750214427,123.35777670889325,-90.51275232440608,0.9805659055709839,0.7818315029144287,32.38849846880603,False,44.125465750694275,0.7818315029144287,False,False,False,False,False,False,False,46.76147702030082,0.0
1030.0,KL0010,52.395716026410035,3.9364236284653487,162.99999999999994,165.5846750214427,134.2011255411278,46.4303491566607,-0.9790982007980347,0.8728888034820557,33.127862869774695,False,5.000000000000002,0.8728888034820557,True,True,False,True,False,False,False,61.78618801515904,0.0
1040.0,KL001,51.934705607430594,2.8403762385352462,162.89946458091083,165.48276213922145,100.36189336899433,-128.2501149381638,0.9173088073730469,0.9724613428115845,48.085256088376624,False,0.0,-1.0,True,True,True,True,False,True,True,86.76196038038256,0.0
1040.0,KL004,52.0963595218053,5.628467790360504,162.99999999999994,165.5846750214427,201.50110196856613,-19.82690222944126,-0.9640316963195801,0.2003183364868164,31.284074307516637,False,0.0,0.2003183364868164,True,True,False,True,False,False,False,40.90144914062678,0.0
1040.0,KL007,53.18385556906461,4.385625776498829,162.99999999999994,165.5846750214427,82.1941966151599,-74.10526309202723,0.9540520906448364,0.9265298843383789,5.426507721417,False,42.93234407901764,0.9265298843383789,False,False,False,False,False,False,False,10.30138141714055,0.0
1040.0,KL008,53.200904600086375,4.2374805498962935,162.99999999999994,165.5846750214427,16.017070468425835,-61.52652447640652,0.15048837661743164,0.374630331993103,5.426507721417,False,6.771976947784424,0.374630331993103,False,False,False,False,False,False,False,10.276231656657432,0.0
1040.0,KL009,52.296607619902055,4.843689852782297,162.99999999999994,165.5846750214427,123.1473476905544,-75.45664101357931,0.9706110954284668,0.80769944190979,31.284074307516637,False,43.677499294281006,0.80769944190979,False,False,False,False,False,False,False,48.21946264515816,0.0
1040.0,KL0010,52.39112011985857,3.9132171119210573,162.99999999999994,165.5846750214427,133.15659674222266,51.99005890974675,-0.9850850701332092,0.8522422313690186,34.59825007238328,False,5.000000000000002,0.8522422313690186,True,True,False,True,False,False,False,64.51632002754772,0.0
1050.0,KL001,51.935266724622934,2.816687356060708,159.46932070192798,162.0054032102776,101.36764413096547,-128.96601924346135,0.9331967830657959,0.9725484848022461,47.95049867326137,False,-10.000000000000004,-1.0,True,True,True,True,False,True,True,87.86048803416188,0.0
1050.0,KL004,52.08559178534574,5.611726122277058,162.99999999999994,165.5846750214427,199.95418245968523,-19.989257423451534,-0.9566124677658081,0.15133941173553467,30.327736746097838,False,0.0,0.15133941173553467,True,True,False,True,False,False,False,41.65586428291182,0.0
1050.0,KL007,53.170589541987816,4.396740311165,162.99999999999994,165.5846750214427,81.52916759383349,-59.343858059817165,0.9518084526062012,0.8932502269744873,5.408604316248605,False,-10.000000000000004,0.8932502269744873,True,False,False,False,True,False,True,10.23942184518863,1.2552766745334125
1050.0,KL008,53.20760226210952,4.25967271084737,162.99999999999994,165.5846750214427,15.148891077244208,-59.948142545265526,-0.11925745010375977,0.193894624710083,5.408604316248605,False,-10.000000000000004,-1.0,True,False,False,False,True,False,True,10.23942184518863,0.8347275829054314
1050.0,KL009,52.28300275818964,4.85339908161924,162.99999999999994,165.5846750214427,122.51826176652578,-60.349064768326286,0.5741046667098999,0.7973532676696777,30.327736746097838,False,25.834710001945496,0.7973532676696777,False,False,False,False,False,False,False,46.94546844705716,0.0
1050.0,KL0010,52.38777596246266,3.889444610354193,162.99999999999994,165.5846750214427,132.24220563665378,57.595357450106974,-0.9883953332901001,0.8013479709625244,35.919740403318684,False,5.000000000000002,0.8013479709625244,True,True,False,True,False,False,False,66.96615508319026,0.0
1060.0,KL001,51.9339650876656,2.793620440324244,156.03918771378954,158.5276356603296,102.51599678161843,-139.5734655923332,0.9698445796966553,0.965227484703064,47.89257872277676,False,43.64300608634949,0.965227484703064,False,False,True,True,False,True,True,82.17379472250127,0.0
1060.0,KL004,52.074824048886185,5.594988493135921,162.99999999999994,165.5846750214427,198.40889563562638,-20.15414323696723,-0.9551993012428284,0.15571045875549316,29.56436856226781,False,0.0,0.15571045875549316,True,True,False,True,False,False,False,43.65514758821531,0.0
1060.0,KL007,53.15732401576861,4.407949200041424,162.99999999999994,165.5846750214427,80.8969300779611,-70.42627782353452,0.9764249324798584,0.8963781595230103,5.776425175249056,False,43.93912196159363,0.8963781595230103,False,False,False,False,False,False,False,10.877622868589947,0.0
1060.0,KL008,53.215550129858464,4.280133313850174,159.5698558018131,162.1073281443386,14.597459767369944,-75.84437668331012,0.5118153095245361,0.49367618560791016,5.776425175249056,False,23.031688928604126,0.49367618560791016,False,False,False,False,False,False,False,10.877622868589947,0.0
1060.0,KL009,52.26829408309975,4.8566746446423075,162.99999999999994,165.5846750214427,121.51205136401201,-45.14157943210074,-0.6592977046966553,0.8140585422515869,29.56436856226781,False,-29.668396711349487,0.8140585422515869,False,False,False,False,False,False,False,38.55533864422123,0.0
1060.0,KL0010,52.38570900527933,3.8652864385215824,162.99999999999994,165.5846750214427,131.46775334367655,63.24073605800805,-0.9288897514343262,0.8499901294708252,37.05474641434645,False,0.0,0.8499901294708252,True,True,False,True,False,False,False,69.06669070112493,0.0
1070.0,KL001,51.93425855060868,2.7701557315710175,159.34906220406333,161.8834817411926,103.56208474779031,-124.01386786606054,0.9377779960632324,0.9747140407562256,47.795708742583024,False,5.000000000000002,0.9747140407562256,True,True,False,True,False,False,False,85.51141433773797,0.0
1070.0,KL004,52.06405631242663,5.578254900397903,162.99999999999994,165.5846750214427,196.86527986175017,-20.321616487167773,-0.9528780579566956,0.13914251327514648,28.77997921381853,False,5.000000000000002,0.13914251327514648,True,True,False,True,False,False,False,37.58682181873065,0.0
1070.0,KL007,53.143450581618694,4.416755152197049,162.99999999999994,165.5846750214427,80.13633384217475,-55.64904086458856,0.9407247304916382,0.8808581829071045,6.2755348427638955,False,42.33261287212372,0.8808581829071045,False,False,False,False,False,False,False,11.753053621677836,0.0
1070.0,KL008,53.2221702677769,4.302013470515288,161.26247417199752,163.82329164377325,14.039727738525778,-65.99392387197857,-0.04819285869598389,0.3798551559448242,6.2755348427638955,False,-2.168678641319275,0.3798551559448242,False,False,False,False,False,False,False,11.753053621677836,0.0
1070.0,KL009,52.25364635691402,4.860611073177859,162.99999999999994,165.5846750214427,120.55705858237509,-61.603740765908015,0.3558443784713745,0.794715404510498,28.77997921381853,False,16.012997031211853,0.794715404510498,False,False,False,False,False,False,False,40.84443981566291,0.0
1070.0,KL0010,52.3837834475112,3.8410934511781325,162.99999999999994,165.5846750214427,130.72426125602422,63.896938497449895,-0.9420111179351807,0.8697617053985596,38.22426312740283,False,5.000000000000002,0.8697617053985596,True,True,False,True,False,False,False,71.23086580241214,0.0
1080.0,KL001,51.93756609301487,2.746728620108728,162.69146153096875,165.27190802501946,104.37419383588221,-119.79469278176549,0.9272174835205078,0.9761843681335449,47.62840331459146,False,-15.000000000000002,0.9761843681335449,True,True,False,True,False,False,False,88.11632231866847,0.0
1080.0,KL004,52.05412088100123,5.560220299518916,162.99999999999994,165.5846750214427,195.2812527868337,-15.45558618188926,-0.9596554040908813,0.16659188270568848,27.95233912551624,False,0.0,0.16659188270568848,True,True,False,True,False,False,False,39.439592614645036,0.0
1080.0,KL007,53.12866286161442,4.418919031961167,162.99999999999994,165.5846750214427,79.02549376671382,-40.70573045676366,0.7831335067749023,0.868454098701477,6.836848631357697,False,35.241007804870605,0.868454098701477,False,False,False,False,False,False,False,12.738336385300506,0.0
1080.0,KL008,53.22766647064294,4.325052780434568,162.56472352948987,165.14343208114423,13.509818185038554,-74.68047725029476,0.4336589574813843,0.3712890148162842,6.836848631357697,False,19.514653086662292,0.3712890148162842,False,False,False,False,False,False,False,12.738336385300506,0.0
1080.0,KL009,52.238937681824126,4.863884468384387,162.99999999999994,165.5846750214427,119.58004152395482,-46.41668634629704,-0.6582211256027222,0.7934633493423462,27.95233912551624,False,-29.619950652122498,0.7934633493423462,False,False,False,False,False,False,False,34.34357204141126,0.0
1080.0,KL0010,52.38300942133272,3.8167338556579815,162.99999999999994,165.5846750214427,130.1161707091123,69.58303219042367,-0.8980796933174133,0.8690903186798096,39.39933062133025,False,0.0,0.8690903186798096,True,True,False,True,False,False,False,73.40502064601463,0.0
1090.0,KL001,51.93881093253156,2.7227307642562053,162.99999999999994,165.5846750214427,105.39854068740388,-135.4925211002644,0.9487788677215576,0.9698917865753174,47.55351596774954,False,-5.000000000000002,0.9698917865753174,True,True,False,True,False,False,False,88.22761834778181,0.0
1090.0,KL004,52.04429063468806,5.5420319258185184,162.99999999999994,165.5846750214427,193.69340257695904,-15.587206716034672,-0.9556788802146912,0.16793012619018555,27.095754491262586,False,0.0,0.16793012619018555,True,True,False,True,False,False,False,34.41893924031581,0.0
1090.0,KL007,53.114081545439525,4.414281394809269,162.99999999999994,165.5846750214427,77.63557468044269,-25.53196998144412,-0.6233378052711487,0.8024803400039673,7.401674366128557,False,-28.05020123720169,0.8024803400039673,False,False,False,False,False,False,False,13.736305005708434,0.0
1090.0,KL008,53.23102623843347,4.3492078535961864,162.99999999999994,165.5846750214427,12.924990066581927,-65.56359801991178,-0.2649189233779907,0.327664852142334,7.401674366128557,False,-11.921351552009583,0.327664852142334,False,False,False,False,False,False,False,13.736305005708434,0.0
1090.0,KL009,52.2242899556384,4.867818293542103,162.99999999999994,165.5846750214427,118.65555372139139,-62.89926485650676,0.6213773488998413,0.7942823171615601,27.095754491262586,False,27.96198070049286,0.7942823171615601,False,False,False,False,False,False,False,40.13421905197771,0.0
1090.0,KL0010,52.382378164745454,3.792359068115298,162.99999999999994,165.5846750214427,129.5417317805159,70.27803472980759,-0.9321185946464539,0.8836278915405273,40.60882532197277,False,0.0,0.8836278915405273,True,True,False,True,False,False,False,75.64270715195582,0.0
1100.0,KL001,51.93724968735701,2.69871416096429,162.99999999999994,165.5846750214427,106.66310570487212,-141.06049058786687,0.9617166519165039,0.965409517288208,47.574701352031994,False,-10.000000000000004,0.965409517288208,True,True,False,True,False,False,False,88.26510240512178,0.0
1100.0,KL004,52.03446038837489,5.523847552141143,162.99999999999994,165.5846750214427,192.10659361037096,-15.721002665271612,-0.9546173810958862,0.15224778652191162,26.259942945848678,False,0.0,0.15224778652191162,True,True,False,True,False,False,False,36.27509532984599,0.0
1100.0,KL007,53.099428933059684,4.4103173996320475,162.99999999999994,165.5846750214427,76.2817669049181,-42.056798402228935,0.8165836334228516,0.8438444137573242,8.225167415352757,False,36.74626350402832,0.8438444137573242,False,False,False,False,False,False,False,15.233665756752206,0.0
1100.0,KL008,53.23461343626618,4.3733006898088504,162.99999999999994,165.5846750214427,12.557232608081538,-84.74462787235882,0.744556188583374,0.3793751001358032,8.225167415352757,False,33.50502848625183,0.3793751001358032,False,False,False,False,False,False,False,15.233665756752206,0.0
1100.0,KL009,52.209581280548505,4.871089524657771,162.99999999999994,165.5846750214427,117.70917633261128,-47.73299235913774,-0.6630693674087524,0.6775949001312256,26.259942945848678,False,-29.83812153339386,0.6775949001312256,False,False,False,False,False,False,False,31.20681984214139,0.0
1100.0,KL0010,52.381746908158185,3.7679846290664094,162.99999999999994,165.5846750214427,128.98652174396526,70.97912412222283,-0.9277254939079285,0.8638403415679932,41.80412414715551,False,5.000000000000002,0.8638403415679932,True,True,False,True,False,False,False,77.85310493425251,0.0
1110.0,KL001,51.933678978733774,2.6753006406628024,162.99999999999994,165.5846750214427,108.0681687529039,-151.51656434196212,0.9682812690734863,0.960392951965332,47.68490677797135,False,-5.000000000000002,0.960392951965332,True,True,False,True,False,False,False,88.46612794666399,0.0
1110.0,KL004,52.02463014206172,5.505667176192749,162.99999999999994,165.5846750214427,190.52085181971216,-15.857026897733931,-0.948162853717804,0.1463487148284912,25.40312264604735,False,0.0,0.1463487148284912,True,True,False,True,False,False,False,31.27550792039972,0.0
1110.0,KL007,53.08484761688479,4.405682913447351,162.99999999999994,165.5846750214427,74.91356304032969,-26.931612373442903,-0.37764406204223633,0.7983849048614502,9.13860995465537,False,-16.993982791900635,0.7983849048614502,False,False,False,False,False,False,False,16.913746449655054,0.0
1110.0,KL008,53.23698147927922,4.397785362235951,162.99999999999994,165.5846750214427,12.26356978377289,-76.43619046493242,0.23460090160369873,0.44310975074768066,9.13860995465537,False,10.557040572166443,0.44310975074768066,False,False,False,False,False,False,False,16.913746449655054,0.0
1110.0,KL009,52.19493355436278,4.875020750910231,162.99999999999994,165.5846750214427,116.81666244234553,-64.23627487261007,0.6588287353515625,0.6706628799438477,25.40312264604735,False,29.647293090820312,0.6706628799438477,False,False,False,False,False,False,False,37.315437979094504,0.0
1110.0,KL0010,52.382271703791076,3.7436079357843526,162.99999999999994,165.5846750214427,128.57426122245124,76.70211633215325,-0.9374427795410156,0.8820679187774658,43.04750602447254,False,0.0,0.8820679187774658,True,True,False,True,False,False,False,80.1530028784588,0.0
1120.0,KL001,51.928338710852856,2.6527614309770713,162.99999999999994,165.5846750214427,109.57708342620586,-156.86643296359284,0.9712440967559814,0.9601821899414062,47.8358148947717,False,0.0,0.9601821899414062,True,True,False,True,False,False,False,88.74089655776017,0.0
1120.0,KL004,52.014799895748546,5.487490795681036,162.99999999999994,165.5846750214427,188.93620399155662,-15.995333956480806,-0.9460015296936035,0.1261763572692871,24.567041270666845,False,0.0,0.1261763572692871,True,True,False,True,False,False,False,33.112944707986706,0.0
1120.0,KL007,53.070195004504946,4.401721610495572,162.99999999999994,165.5846750214427,73.5836049590713,-43.50780546809352,0.8818652629852295,0.810065746307373,9.95674410808591,False,39.68393683433533,0.810065746307373,False,False,False,False,False,False,False,18.43027705235984,0.0
1120.0,KL008,53.2355595630481,4.42251258720553,162.99999999999994,165.5846750214427,11.76933762306528,-73.41832682515272,-0.14190077781677246,0.4490959644317627,9.95674410808591,False,-5.000000000000002,0.4490959644317627,True,True,False,True,False,False,False,18.43027705235984,0.0
1120.0,KL009,52.180224879272885,4.8782898216522,162.99999999999994,165.5846750214427,115.90241674005716,-49.09106960937385,-0.5137641429901123,0.672472357749939,24.567041270666845,False,-23.119386434555054,0.672472357749939,False,False,False,False,False,False,False,28.846260482851445,0.0
1120.0,KL0010,52.38293955262836,3.7192357785039785,162.99999999999994,165.5846750214427,128.19803053013484,77.43138006260006,-0.9607046246528625,0.8793965578079224,44.279522790081145,False,0.0,0.8793965578079224,True,True,False,True,False,False,False,82.43102099141505,0.0
1130.0,KL001,51.922864156837335,2.630305077610134,162.99999999999994,165.5846750214427,111.0966017038193,-157.19935603817476,0.9732952117919922,0.9614443778991699,47.99123335149928,False,-5.000000000000002,0.9614443778991699,True,True,False,True,False,False,False,89.02392316921174,0.0
1130.0,KL004,52.004969649435374,5.469318408315455,162.99999999999994,165.5846750214427,187.35267780098943,-16.135980124022126,-0.9430132508277893,0.1553819179534912,23.710035572020217,False,0.0,0.1553819179534912,True,True,False,True,False,False,False,28.13912582755634,0.0
1130.0,KL007,53.05561368833005,4.397090269794367,162.99999999999994,165.5846750214427,72.23960845504047,-28.43582475826912,-0.14526820182800293,0.79544997215271,10.892198462488375,False,-6.537069082260132,0.79544997215271,False,False,False,False,False,False,False,20.173661800232743,0.0
1130.0,KL008,53.234508331321216,4.447325637656055,162.99999999999994,165.5846750214427,11.535512722566672,-86.49411854702802,0.5510084629058838,0.5071322917938232,10.892198462488375,False,24.79538083076477,0.5071322917938232,False,False,False,False,False,False,False,20.173661800232743,0.0
1130.0,KL009,52.165577153087156,4.882218453461758,162.99999999999994,165.5846750214427,115.0433872652414,-65.61526943516537,0.7756059169769287,0.6604592800140381,23.710035572020217,False,34.90226626396179,0.6604592800140381,False,False,False,False,False,False,False,35.173442426094475,0.0
1130.0,KL0010,52.38360740146564,3.694863252554587,162.99999999999994,165.5846750214427,127.8426884926254,78.16481740977116,-0.9954681992530823,0.8106378316879272,45.542306942922785,False,5.000000000000002,0.8106378316879272,True,True,False,True,False,False,False,83.43008371872438,0.0
1140.0,KL001,51.91633292300734,2.608612004872779,162.99999999999994,165.5846750214427,112.66501900130487,-162.46237913891616,0.9678971767425537,0.9618041515350342,48.208373473633024,False,-5.000000000000002,0.9618041515350342,True,True,False,True,False,False,False,89.42081761810437,0.0
1140.0,KL004,51.9951394031222,5.451150011807196,162.99999999999994,165.5846750214427,185.7703018478597,-16.279023489726228,-0.9357172846794128,0.15877294540405273,22.873733119478036,False,0.0,0.15877294540405273,True,True,False,True,False,False,False,29.953458633318185,0.0
1140.0,KL007,53.04107724161952,4.391763804146834,162.99999999999994,165.5846750214427,70.87756925625553,-35.723798335938,0.6653727293014526,0.8191105127334595,11.781352074980322,False,29.94177281856537,0.8191105127334595,False,False,False,False,False,False,False,21.83885023783962,0.0
1140.0,KL008,53.23137102028456,4.471565909613451,162.99999999999994,165.5846750214427,11.302464118395102,-78.88732869883671,0.21825170516967773,0.6942836046218872,11.781352074980322,False,9.821326732635498,0.6942836046218872,False,False,False,False,False,False,False,21.83885023783962,0.0
1140.0,KL009,52.150868477997264,4.885485367538696,162.99999999999994,165.5846750214427,114.16280639789701,-50.491339403678325,-0.38694262504577637,0.6510632038116455,22.873733119478036,False,-17.412418127059937,0.6510632038116455,False,False,False,False,False,False,False,26.533012379427,0.0
1140.0,KL0010,52.38542702489831,3.6706528429241736,162.99999999999994,165.5846750214427,127.63540338766293,83.91110461202902,-0.9942052364349365,0.7467560768127441,46.805245147121305,False,0.0,0.7467560768127441,True,True,False,True,False,False,False,80.84202359736992,0.0
1150.0,KL001,51.908660429861335,2.5879277055311443,162.99999999999994,165.5846750214427,114.2751612707143,-167.64888876802263,0.9563157558441162,0.9623309373855591,48.44669537758095,False,0.0,0.9623309373855591,True,True,False,True,False,False,False,89.85589477005009,0.0
1150.0,KL004,51.98530915680903,5.4329856038692,162.99999999999994,165.5846750214427,184.18910569476265,-16.424524020248384,-0.9170562624931335,0.2575347423553467,22.016607627494068,False,0.0,0.2575347423553467,True,True,False,True,False,False,False,25.01193638770246,0.0
1150.0,KL007,53.02713614985361,4.383283465507981,162.99999999999994,165.5846750214427,69.41523601982192,-20.522636466096174,-0.7882134914398193,0.7245838642120361,12.51310781354872,False,-35.46960711479187,0.7245838642120361,False,False,False,False,False,False,False,23.220324971372392,0.0
1150.0,KL008,53.22471823077815,4.493783890070492,162.99999999999994,165.5846750214427,10.89560935740116,-77.35750381109997,-0.032814860343933105,0.7889142036437988,12.51310781354872,False,-1.4766687154769897,0.7889142036437988,False,False,False,False,False,False,False,23.220324971372392,0.0
1150.0,KL009,52.136220751811535,4.889411409357522,162.99999999999994,165.5846750214427,113.33880805368635,-67.03658445542237,0.8941328525543213,0.6354587078094482,22.016607627494068,False,40.23597836494446,0.6354587078094482,False,False,False,False,False,False,False,33.01027732238805,0.0
1150.0,KL0010,52.38738889642733,3.646466671500161,162.99999999999994,165.5846750214427,127.4656350982578,84.66054133451212,-0.9961419105529785,0.5837982892990112,46.83827702813892,False,0.0,0.5837982892990112,True,True,False,True,False,False,False,85.1977803758284,0.0
1160.0,KL001,51.90086426898592,2.567363649324207,162.99999999999994,165.5846750214427,115.89033665209195,-167.82262758137927,0.9778832197189331,0.9682514667510986,48.691985237262415,False,-5.000000000000002,0.9682514667510986,True,True,False,True,False,False,False,90.30382985183383,0.0
1160.0,KL004,51.97547891049586,5.414825182216142,162.99999999999994,165.5846750214427,182.60911990686645,-16.572543633132284,-0.8843746781349182,0.29319047927856445,21.180148942095908,False,0.0,0.29319047927856445,True,True,False,True,False,False,False,26.797105208620476,0.0
1160.0,KL007,53.01305955299579,4.3754486778809465,162.99999999999994,165.5846750214427,67.98380315975011,-37.028391538237,0.7837481498718262,0.8230385780334473,13.292925617092614,False,35.26866674423218,0.8230385780334473,False,False,False,False,False,False,False,24.694651292811105,0.0
1160.0,KL008,53.21780385815859,4.5158118302374595,162.99999999999994,165.5846750214427,10.69979160839854,-87.5765006016303,0.5461077690124512,0.825674295425415,13.292925617092614,False,24.574849605560303,0.825674295425415,False,False,False,False,False,False,False,24.694651292811105,0.0
1160.0,KL009,52.12151207672164,4.892676170469631,162.99999999999994,165.5846750214427,112.49346053309404,-51.9340480956823,-0.21351444721221924,0.6401928663253784,21.180148942095908,False,-9.608150124549866,0.6401928663253784,False,False,False,False,False,False,False,24.750064400781472,0.0
1160.0,KL0010,52.38935076795635,3.6222794251482777,162.99999999999994,165.5846750214427,127.31773057448103,85.41184874659018,-0.9961649179458618,0.6566765308380127,46.40288032546969,False,0.0,0.6566765308380127,True,True,False,True,False,False,False,79.80779896733691,0.0
1170.0,KL001,51.89210890882954,2.547849064857145,162.99999999999994,165.5846750214427,117.52923623944157,-172.93030745935505,0.9719889163970947,0.9661030769348145,48.94833711824664,False,0.0,0.9661030769348145,True,True,False,True,False,False,False,90.77134281852537,0.0
1170.0,KL004,51.96564866418269,5.396668744564435,162.99999999999994,165.5846750214427,181.03037609367286,-16.723146273742373,-0.7833439707756042,0.3872799873352051,20.34213107035862,False,0.0,0.3872799873352051,True,True,False,True,False,False,False,23.116324688322997,0.0
1170.0,KL007,52.999118461229884,4.366973844250528,162.99999999999994,165.5846750214427,66.5395769163044,-21.882703288668466,-0.5792480111122131,0.7539863586425781,13.993507482459107,False,-26.06616050004959,0.7539863586425781,False,False,False,False,False,False,False,26.02456084162036,0.0
1170.0,KL008,53.20900126359144,4.535772323823644,162.99999999999994,165.5846750214427,10.507864324664446,-80.62888422872192,0.5189332962036133,0.9083733558654785,13.993507482459107,False,23.351998329162598,0.9083733558654785,False,False,False,False,False,False,False,26.02456084162036,0.0
1170.0,KL009,52.10677743531076,4.895965202844298,162.99999999999994,165.5846750214427,111.66579619984277,-62.27543430623294,0.759901762008667,0.6024026870727539,20.34213107035862,False,34.195579290390015,0.6024026870727539,False,False,False,False,False,False,False,30.334989008370627,0.0
1170.0,KL0010,52.39131263948537,3.59809110374461,162.99999999999994,165.5846750214427,127.19176614657367,86.16477461739709,-0.996749997138977,0.6648485660552979,45.983701054519685,False,0.0,0.6648485660552979,True,True,False,True,False,False,False,83.4779201318338,0.0
1180.0,KL001,51.88323662400336,2.5284719632298724,162.99999999999994,165.5846750214427,119.17098344450241,-173.02751864940495,0.9685086011886597,0.9653408527374268,49.2127394112893,False,-5.000000000000002,0.9653408527374268,True,True,False,True,False,False,False,91.25376264258796,0.0
1180.0,KL004,51.955818417869516,5.378516288632234,162.99999999999994,165.5846750214427,179.452906952831,-16.876397995693765,-0.6809161305427551,0.4021317958831787,19.589939851221434,False,0.0,0.4021317958831787,True,True,False,True,False,False,False,25.335726516255473,0.0
1180.0,KL007,52.985041864372064,4.359144140364692,162.99999999999994,165.5846750214427,65.12840573265282,-38.44817066166402,0.8297631740570068,0.8241581916809082,14.49853372336681,False,37.33934283256531,0.8241581916809082,False,False,False,False,False,False,False,26.988399462813472,0.0
1180.0,KL008,53.197272969508326,4.5509646963667,162.99999999999994,165.5846750214427,10.11936400049704,-73.73460274392238,0.8573379516601562,0.9545547962188721,14.49853372336681,False,38.58020782470703,0.9545547962188721,False,False,False,False,False,False,False,26.988399462813472,0.0
1180.0,KL009,52.09193824261045,4.896616457434938,162.99999999999994,165.5846750214427,110.7053862343529,-47.14428704832116,-0.15254098176956177,0.5840678215026855,19.589939851221434,False,-6.8643441796302795,0.5840678215026855,False,False,False,False,False,False,False,23.728721704951496,0.0
1180.0,KL0010,52.39327451101439,3.5739017071652253,162.99999999999994,165.5846750214427,127.08780711078856,86.91906339383922,-0.996717631816864,0.6754400730133057,45.596457332008676,False,0.0,0.6754400730133057,True,True,False,True,False,False,False,78.95296010675476,0.0
1190.0,KL001,51.873465030414025,2.510275579456261,162.99999999999994,165.5846750214427,120.82437787133487,-178.0618228152564,0.9591292142868042,0.9626624584197998,49.48559184922816,False,0.0,0.9626624584197998,True,True,False,True,False,False,False,91.7510225512184,0.0
1190.0,KL004,51.945988171556344,5.360367812139427,162.99999999999994,165.5846750214427,177.87674631611418,-17.032367044955606,-0.8114467859268188,0.6467535495758057,18.85652969681312,False,0.0,0.6467535495758057,True,True,False,True,False,False,False,22.317881934312595,0.0
1190.0,KL007,52.97110077260616,4.350674802576308,162.99999999999994,165.5846750214427,63.70478487396668,-23.36471278187898,-0.1939592957496643,0.767876386642456,14.824752000066637,False,-8.728168308734894,0.767876386642456,False,False,False,False,False,False,False,27.61576169111077,0.0
1190.0,KL008,53.18350780651891,4.5602396750922205,162.99999999999994,165.5846750214427,9.541935306751933,-66.94084677678006,0.8957537412643433,0.9433935880661011,14.824752000066637,False,40.30891835689545,0.9433935880661011,False,False,False,False,False,False,False,27.61576169111077,0.0
1190.0,KL009,52.07705433259627,4.896669137674749,162.99999999999994,165.5846750214427,109.72542842335481,-54.70203464239626,0.31569838523864746,0.5426228046417236,18.85652969681312,False,14.206427335739136,0.5426228046417236,False,False,False,False,False,False,False,25.630197137590592,0.0
1190.0,KL0010,52.39523638254341,3.549711235286172,162.99999999999994,165.5846750214427,127.00590756173406,87.67445670845609,-0.9970666170120239,0.672471284866333,45.22565271615474,False,9.999999999999995,0.672471284866333,True,True,False,True,False,False,False,78.70801615093788,0.0
1200.0,KL001,51.86358414508183,2.49223276529735,162.99999999999994,165.5846750214427,122.47886606376747,-178.08783268653923,0.9517769813537598,0.9612181186676025,49.857131773850526,False,0.0,0.9612181186676025,True,True,False,True,False,False,False,92.43202665403011,0.0
1200.0,KL004,51.93615792524317,5.342223312807635,162.99999999999994,165.5846750214427,176.30192919766853,-17.19112394780987,-0.7806561589241028,0.6345720291137695,18.230944228359935,False,0.0,0.6345720291137695,True,True,False,True,False,False,False,24.66129766959274,0.0
1200.0,KL007,52.957163888561915,4.342035058724989,162.99999999999994,165.5846750214427,62.283465897731105,-32.85933128365082,0.7488276958465576,0.8225593566894531,14.996191498131136,False,33.69724631309509,0.8225593566894531,False,False,False,False,False,False,False,27.947937772361264,0.0
1200.0,KL008,53.16874896966291,4.562898034426578,162.99999999999994,165.5846750214427,8.78710759455348,-60.31377289735241,0.9131202697753906,0.9094030857086182,14.996191498131136,False,41.09041213989258,0.9094030857086182,False,False,False,False,False,False,False,27.947937772361264,0.0
1200.0,KL009,52.06232371829705,4.893620604226924,162.99999999999994,165.5846750214427,108.59890741899079,-41.12809305644521,-0.13618189096450806,0.5021876096725464,18.230944228359935,False,-6.1281850934028625,0.5021876096725464,False,False,False,False,False,False,False,23.150500730958036,0.0
1200.0,KL0010,52.39905868283522,3.5261593731233103,162.99999999999994,165.5846750214427,127.1572699906285,98.42613201146128,-0.9968308210372925,0.6641459465026855,44.77621710467193,False,20.0,0.6641459465026855,True,True,False,True,False,False,False,71.5562484783988,0.0
1210.0,KL001,51.853703259749636,2.474193913756273,162.99999999999994,165.5846750214427,124.13338103715459,-178.11315018546566,0.9870762825012207,0.9220192432403564,50.395801871961595,False,0.0,0.9220192432403564,True,True,False,True,False,False,False,93.42416788783322,0.0
1210.0,KL004,51.92632767893,5.324082788360211,162.99999999999994,165.5846750214427,174.72849184469413,-17.352741602864825,-0.7554628252983093,0.6270953416824341,17.611025633613586,False,0.0,0.6270953416824341,True,True,False,True,False,False,False,21.95540356917836,0.0
1210.0,KL007,52.943959453811004,4.3307779648454865,162.99999999999994,165.5846750214427,60.784554898935,-17.67538215908445,-0.626789927482605,0.6305335760116577,15.063386879824987,False,-28.205546736717224,0.6305335760116577,False,False,False,False,False,False,False,27.335353573445126,0.0
1210.0,KL008,53.154114959710164,4.558742842023141,162.99999999999994,165.5846750214427,7.870290598152904,-53.95658514042037,0.8679909706115723,0.8825598955154419,15.063386879824987,False,39.05959367752075,0.8825598955154419,False,False,False,False,False,False,False,27.95642710252194,0.0
1210.0,KL009,52.047571151861106,4.890385663563802,162.99999999999994,165.5846750214427,107.47397855794253,-47.89903733847024,0.04357266426086426,0.3617062568664551,17.611025633613586,False,1.9607698917388916,0.3617062568664551,False,False,False,False,False,False,False,22.4345613337783,0.0
1210.0,KL0010,52.405629675628894,3.504342061981133,162.99999999999994,165.5846750214427,127.6501859592674,114.96644264809862,0.2992664575576782,0.8976233005523682,44.15729239085993,False,13.46699059009552,0.8976233005523682,False,False,False,False,False,False,False,73.1517437284197,0.0
1220.0,KL001,51.84382237441744,2.4561590225566015,162.99999999999994,165.5846750214427,125.78792185197686,-178.13780263348536,0.9848601818084717,0.922211766242981,51.181123877411245,False,-5.000000000000002,0.922211766242981,True,True,False,True,False,False,False,94.87521821292194,0.0
1220.0,KL004,51.91649743261683,5.305946236522239,162.99999999999994,165.5846750214427,173.15647179064732,-17.51729537731984,-0.7542412877082825,0.6107933521270752,17.006465081276023,False,0.0,0.6107933521270752,True,True,False,True,False,False,False,21.32628399331023,0.0
1220.0,KL007,52.9305727626628,4.3201332127888215,162.99999999999994,165.5846750214427,59.31396056113113,-34.209798823716824,0.8495621681213379,0.6907874345779419,15.064014294321229,False,38.230297565460205,0.6907874345779419,False,False,False,False,False,False,False,27.563216212739995,0.0
1220.0,KL008,53.14071481740398,4.54809338663026,162.99999999999994,165.5846750214427,6.810937006860152,-48.04757153766417,0.8465149402618408,0.8602734804153442,15.064014294321229,False,38.09317231178284,0.8602734804153442,False,False,False,False,False,False,False,28.064879184837864,0.0
1220.0,KL009,52.03285166186151,4.886718212085089,162.99999999999994,165.5846750214427,106.34037994368498,-46.58375743090869,0.06368708610534668,0.36399030685424805,17.006465081276023,False,2.8659188747406006,0.36399030685424805,False,False,False,False,False,False,False,22.035663230338386,0.0
1220.0,KL0010,52.41552660746322,3.486185873454659,162.99999999999994,165.5846750214427,128.5632855077527,129.0561031812574,0.8584201335906982,0.8888270854949951,43.33653216795876,False,38.62890601158142,0.8888270854949951,False,False,False,False,False,False,False,58.72489231283802,0.0
1230.0,KL001,51.83310891512264,2.439426287282461,162.99999999999994,165.5846750214427,127.44256453427579,176.89547018570465,0.9841482639312744,0.9028804302215576,52.19480579120601,False,0.0,0.9028804302215576,True,True,False,True,False,False,False,96.75008995960876,0.0
1230.0,KL004,51.90666718630366,5.2878136550205275,162.99999999999994,165.5846750214427,171.5859079111697,-17.68486320770586,-0.7393917441368103,0.5948503017425537,16.443939293701217,False,0.0,0.5948503017425537,True,True,False,True,False,False,False,21.014592813859867,0.0
1230.0,KL007,52.91736832791189,4.308883033739258,162.99999999999994,165.5846750214427,57.832075589140175,-19.09339763359617,-0.10717636346817017,0.49499011039733887,15.069859543330917,False,-4.8229363560676575,0.49499011039733887,False,False,False,False,False,False,False,28.0796259498934,0.0
1230.0,KL008,53.12956407463427,4.531760029139686,162.99999999999994,165.5846750214427,5.633263041041272,-42.931565409210805,0.7381737232208252,0.7455236911773682,15.069859543330917,False,33.217817544937134,0.7455236911773682,False,False,False,False,False,False,False,28.0796259498934,0.0
1230.0,KL009,52.01825897272394,4.881898052712428,162.99999999999994,165.5846750214427,105.16252102160273,-44.34654438824822,0.08464956283569336,0.3461742401123047,16.443939293701217,False,3.809230327606201,0.3461742401123047,False,False,False,False,False,False,False,21.96909659416125,0.0
1230.0,KL0010,52.427769725859925,3.4724209123412275,162.99999999999994,165.5846750214427,129.7881971749894,145.37554217160056,0.9344649314880371,0.8947045803070068,42.32590534717364,False,42.05092191696167,0.8947045803070068,False,False,False,False,False,False,False,54.8678754899538,0.0
1240.0,KL001,51.822294628788086,2.4228618524599344,162.99999999999994,165.5846750214427,129.09692687820527,176.93488562168017,0.9810738563537598,0.9116154909133911,53.45917447405367,False,0.0,0.9116154909133911,True,True,False,True,False,False,False,99.09094043518668,0.0
1240.0,KL004,51.896836939990486,5.269685041583613,162.99999999999994,165.5846750214427,170.0168404828379,-17.855525705317916,-0.7527174949645996,0.47816145420074463,15.937528043403242,False,0.0,0.47816145420074463,True,True,False,True,False,False,False,21.06207573840443,0.0
1240.0,KL007,52.90447190497754,4.296544989038365,162.99999999999994,165.5846750214427,56.319905382739385,-24.588143118681103,0.169092059135437,0.8250137567520142,41.09500571530424,False,7.6091426610946655,0.8250137567520142,False,False,False,False,False,False,False,56.69244338242262,0.0
1240.0,KL009,52.00388540376252,4.8755800579302795,162.99999999999994,165.5846750214427,103.92468715378068,-41.13758087446445,-0.18535202741622925,0.3928951025009155,15.937528043403242,False,-8.340841233730316,0.3928951025009155,False,False,False,False,False,False,False,18.996448027827366,0.0
1240.0,KL0010,52.44183785553071,3.464649360660642,162.99999999999994,165.5846750214427,131.2736028322575,161.5178290948491,0.934288740158081,0.921308159828186,41.09500571530424,False,42.04299330711365,0.921308159828186,False,False,False,False,False,False,False,49.49599071077841,0.0
1250.0,KL001,51.811480342453535,2.406301393278402,162.99999999999994,165.5846750214427,130.751351013231,176.97330267940129,0.982770562171936,0.9106204509735107,54.94073538030992,False,0.0,0.9106204509735107,True,True,False,True,False,False,False,101.83554208685159,0.0
1250.0,KL004,51.887006693677314,5.25156039394176,162.99999999999994,165.5846750214427,168.44931124494724,-18.029366266585043,-0.7559273838996887,0.495283842086792,15.335816661600315,False,0.0,0.495283842086792,True,True,False,True,False,False,False,17.81171083300626,0.0
1250.0,KL007,52.8923770436625,4.282172817483313,162.99999999999994,165.5846750214427,54.75512769180036,-17.528568307893238,-0.38459157943725586,0.7851717472076416,39.6574194801983,False,-17.306621074676514,0.7851717472076416,False,False,False,False,False,False,False,53.32502175147501,0.0
1250.0,KL009,51.989185420718506,4.871849102044049,162.99999999999994,165.5846750214427,102.82878291282844,-50.16393762415737,0.3149482011795044,0.47484731674194336,15.335816661600315,False,14.172669053077698,0.47484731674194336,False,False,False,False,False,False,False,21.268304509725354,0.0
1250.0,KL0010,52.456664841058284,3.4634639485152237,162.99999999999994,165.5846750214427,132.90011474877824,177.46352972730017,0.935781717300415,0.9493387937545776,39.6574194801983,False,42.11017727851868,0.9493387937545776,False,False,False,False,False,False,False,47.45678917983499,0.0
1260.0,KL001,51.800666056118985,2.3897449072402503,162.99999999999994,165.5846750214427,132.4058347326852,177.01075873527736,0.9821429252624512,0.913973331451416,56.58815250344603,False,0.0,0.913973331451416,True,True,False,True,False,False,False,104.88843755590959,0.0
1260.0,KL004,51.87717644736414,5.233439709826949,162.99999999999994,165.5846750214427,166.88336346447343,-18.206471188622515,-0.7760427594184875,0.5213627815246582,14.837417305844076,False,0.0,0.5213627815246582,True,True,False,True,False,False,False,20.55027767352673,0.0
1260.0,KL007,52.87931802834169,4.270474865125038,162.99999999999994,165.5846750214427,53.28285413889278,-34.13892927364657,0.8876156806945801,0.8216290473937988,38.105657550517556,False,39.9427056312561,0.8216290473937988,False,False,False,False,False,False,False,44.15430489469543,0.0
1260.0,KL009,51.97488410208955,4.8653588468084985,162.99999999999994,165.5846750214427,101.61007549679664,-36.61326304926271,-0.33829569816589355,0.4654172658920288,14.837417305844076,False,-15.22330641746521,0.4654172658920288,False,False,False,False,False,False,False,16.847561463915458,0.0
1260.0,KL0010,52.47112701701507,3.4689589074136653,162.99999999999994,165.5846750214427,134.54162116002865,-166.7897664878542,0.9153118133544922,0.9536342620849609,38.105657550517556,False,41.18903160095215,0.9536342620849609,False,False,False,False,False,False,False,42.098216604684005,0.0
1270.0,KL001,51.789851769784434,2.3731923918499493,162.99999999999994,165.5846750214427,134.06037594010962,177.04728932402202,0.9848330020904541,0.9127697944641113,58.3386125579311,False,0.0,0.9127697944641113,True,True,False,True,False,False,False,108.13280408818332,0.0
1270.0,KL004,51.86734620105097,5.215322986972889,162.99999999999994,165.5846750214427,165.31904200441605,-18.386929790231193,-0.7460582852363586,0.5516905784606934,14.29315168817975,False,0.0,0.5516905784606934,True,True,False,True,False,False,False,15.62189069938577,0.0
1270.0,KL007,52.866458903501005,4.258187824316318,162.99999999999994,165.5846750214427,51.800321101358854,-19.10233172321776,0.5483884811401367,0.7964956760406494,36.4419599741459,False,24.677481651306152,0.7964956760406494,False,False,False,False,False,False,False,39.066367343650555,0.0
1270.0,KL009,51.96039606899234,4.860095884423626,162.99999999999994,165.5846750214427,100.46491933097688,-52.50887880498698,0.5242800712585449,0.533374547958374,14.29315168817975,False,23.59260320663452,0.533374547958374,False,False,False,False,False,False,False,21.171825793403094,0.0
1270.0,KL0010,52.48412836512411,3.4807218592980305,162.99999999999994,165.5846750214427,136.07546756941895,-151.22944989160823,0.9142506122589111,0.9496369361877441,36.4419599741459,False,41.141277551651,0.9496369361877441,False,False,False,False,False,False,False,40.23034122211591,0.0
1280.0,KL001,51.77903748344988,2.356643844614045,162.99999999999994,165.5846750214427,135.71497264254842,177.0829282506112,0.9853101968765259,0.8949010372161865,60.124063620049895,False,0.0,0.8949010372161865,True,True,False,True,False,False,False,111.44198632916059,0.0
1280.0,KL004,51.8575159547378,5.197210223115,162.99999999999994,165.5846750214427,163.75639339570526,-18.570834538617532,-0.6960943937301636,0.505133867263794,13.781726983965777,False,0.0,0.505133867263794,True,True,False,True,False,False,False,18.768942613874124,0.0
1280.0,KL007,52.8561093070362,4.240561996806356,162.99999999999994,165.5846750214427,50.179018763121874,-3.6203214995674955,-0.6186729073524475,0.6969202756881714,34.66870217552447,False,-27.840280830860138,0.6969202756881714,False,False,False,False,False,False,False,36.78977237488665,0.0
1280.0,KL009,51.9460398649124,4.853968715609856,162.99999999999994,165.5846750214427,99.29005931960106,-37.34842879622539,-0.09759747982025146,0.473468542098999,13.781726983965777,False,-4.391886591911316,0.473468542098999,False,False,False,False,False,False,False,17.659051258129992,0.0
1280.0,KL0010,52.494683576176364,3.4978641973752786,162.99999999999994,165.5846750214427,137.39100313385356,-135.83078011907375,0.8995134830474854,0.9391313791275024,34.66870217552447,False,40.47810673713684,0.9391313791275024,False,False,False,False,False,False,False,39.24716565331746,0.0
1290.0,KL001,51.76822319711533,2.3400992630411577,162.99999999999994,165.5846750214427,137.36962294431467,177.1177076941841,0.9865038394927979,0.9139854907989502,61.87689465921799,False,0.0,0.9139854907989502,True,True,False,True,False,False,False,114.69001970026241,0.0
1290.0,KL004,51.84768570842463,5.179101415990426,162.99999999999994,165.5846750214427,162.19546591290566,-18.758281182126723,-0.7259656190872192,0.5773999691009521,13.31889490457166,False,0.0,0.5773999691009521,True,True,False,True,False,False,False,16.78366258338935,0.0
1290.0,KL007,52.84546980273172,4.2234200061646865,162.99999999999994,165.5846750214427,48.56920523400978,-19.86033910145011,0.718781590461731,0.8209909200668335,32.905710612308766,False,32.34517157077789,0.8209909200668335,False,False,False,False,False,False,False,33.712547235459425,0.0
1290.0,KL009,51.931868576463465,4.8465576663026635,162.99999999999994,165.5846750214427,98.06235279923001,-42.382481098914525,0.23119127750396729,0.4978523254394531,13.31889490457166,False,10.403607487678528,0.4978523254394531,False,False,False,False,False,False,False,19.35934383837581,0.0
1290.0,KL0010,52.50199272184399,3.5190879164338904,162.99999999999994,165.5846750214427,138.39621179225298,-120.55995339937706,0.9357830286026001,0.9411706924438477,32.905710612308766,False,42.110236287117004,0.9411706924438477,False,False,False,False,False,False,False,40.94418967609519,0.0
1300.0,KL001,51.75740891078078,2.3235586446419845,162.99999999999994,165.5846750214427,139.02432504121543,177.1516583045435,0.9861447811126709,0.8994802236557007,63.53464200402478,False,-5.000000000000002,0.8994802236557007,True,True,False,True,False,False,False,117.76039126822383,0.0
1300.0,KL004,51.837855462111456,5.160996563338022,162.99999999999994,165.5846750214427,160.6363096539179,-18.949368889289303,-0.676954448223114,0.5238339900970459,12.966921660901756,False,0.0,0.5238339900970459,True,True,False,True,False,False,False,18.835200484254937,0.0
1300.0,KL007,52.835120206266915,4.205802698552683,162.99999999999994,165.5846750214427,46.95220905844913,-4.42794442009739,0.02936577796936035,0.7511312961578369,31.21505476792977,False,1.3214600086212158,0.7511312961578369,False,False,False,False,False,False,False,32.06146115964802,0.0
1300.0,KL009,51.91838776924318,4.836386959122138,162.99999999999994,165.5846750214427,96.71898128415897,-32.5419515481195,-0.17522406578063965,0.4689161777496338,12.966921660901756,False,-7.885082960128784,0.4689161777496338,False,False,False,False,False,False,False,16.863343677915346,0.0
1300.0,KL0010,52.50550187737424,3.5427839819331246,162.99999999999994,165.5846750214427,139.02249396468338,-105.37692209305547,0.9426693916320801,0.9565187692642212,31.21505476792977,False,42.4201226234436,0.9565187692642212,False,False,False,False,False,False,False,40.62830210320569,0.0
1310.0,KL001,51.745835121674666,2.3084299380993842,162.99999999999994,165.5846750214427,140.66883153188672,172.2364500034205,0.9846756458282471,0.8992336988449097,65.03882161174266,False,0.0,0.8992336988449097,True,True,False,True,False,False,False,120.54307518456837,0.0
1310.0,KL004,51.828025215798284,5.142895662898362,162.99999999999994,165.5846750214427,159.0789766239322,-19.144200394501183,-0.6204437613487244,0.535834789276123,12.562663374229338,False,0.0,0.535834789276123,True,True,False,True,False,False,False,16.07033622227644,0.0
1310.0,KL007,52.82641767828114,4.185802196204599,162.99999999999994,165.5846750214427,45.29925231190552,-3.2202796335839707,0.236985445022583,0.7579578161239624,29.66451546188311,False,10.664345026016235,0.7579578161239624,False,False,False,False,False,False,False,34.71988738334216,0.0
1310.0,KL009,51.904548345835515,4.827524497082565,162.99999999999994,165.5846750214427,95.44486710868328,-41.053135252846374,0.26537013053894043,0.508161187171936,12.562663374229338,False,11.94165587425232,0.508161187171936,False,False,False,False,False,False,False,18.981320577108296,0.0
1310.0,KL0010,52.504945100863985,3.5671547841346105,162.99999999999994,165.5846750214427,139.22782367827585,-90.2378110643215,0.9441325664520264,0.968599796295166,29.66451546188311,False,42.48596549034119,0.968599796295166,False,False,False,False,False,False,False,43.78318373096271,0.0
1320.0,KL001,51.73416973758656,2.293482671357533,162.99999999999994,165.5846750214427,142.3120533988262,172.32558604529527,0.9840028285980225,0.8998507261276245,66.34972893817665,False,0.0,0.8998507261276245,True,True,False,True,False,False,False,122.96462267588939,0.0
1320.0,KL004,51.81819496948511,5.124798712413726,162.99999999999994,165.5846750214427,157.52352082387796,-19.342882150669766,-0.5981831550598145,0.49819445610046387,12.259114533279817,False,0.0,0.49819445610046387,True,True,False,True,False,False,False,18.577574242109364,0.0
1320.0,KL007,52.81939883389578,4.164113840882816,162.99999999999994,165.5846750214427,43.65059897225125,7.609793041885979,-0.47591519355773926,0.6836978197097778,28.346210596770582,False,-21.416183710098267,0.6836978197097778,False,False,False,False,False,False,False,34.80489437258056,0.0
1320.0,KL009,51.89142715980183,4.816219131681063,162.99999999999994,165.5846750214427,94.071480735642,-29.66272384283087,-0.19758319854736328,0.46058225631713867,12.259114533279817,False,-8.891243934631348,0.46058225631713867,False,False,False,False,False,False,False,16.397088535249768,0.0
1320.0,KL0010,52.50036458770848,3.5903512443698404,162.99999999999994,165.5846750214427,138.99852192487333,-75.09697222624428,0.921488881111145,0.979489803314209,28.346210596770582,False,41.466999650001526,0.979489803314209,False,False,False,False,False,False,False,43.35359040801687,0.0
1330.0,KL001,51.72250435349846,2.2785392621933878,162.99999999999994,165.5846750214427,143.95561411717622,172.4126860631855,0.9845974445343018,0.903380274772644,67.43913353517684,False,0.0,0.903380274772644,True,True,False,True,False,False,False,124.97243752084069,0.0
1330.0,KL004,51.80836472317194,5.106705709628109,162.99999999999994,165.5846750214427,155.96999834365303,-19.54552448917724,-0.5786902904510498,0.49556875228881836,11.911505903035337,False,0.0,0.49556875228881836,True,True,False,True,False,False,False,15.690918802047813,0.0
1330.0,KL007,52.81114106011782,4.143703482509958,162.99999999999994,165.5846750214427,42.000379765151905,-8.256507754932073,0.6556053161621094,0.8116946220397949,27.275328746361712,False,29.502239227294922,0.8116946220397949,False,False,False,False,False,False,False,42.89000692256225,0.0
1330.0,KL009,51.87795666094157,4.805993253353339,162.99999999999994,165.5846750214427,92.7548285183362,-39.16420411550101,0.3366515636444092,0.4940931797027588,11.911505903035337,False,15.149320363998413,0.4940931797027588,False,False,False,False,False,False,False,19.278695364125547,0.0
1330.0,KL0010,52.49210747281687,3.610613921697035,162.99999999999994,165.5846750214427,138.34981575831512,-59.908835228502426,0.8450697660446167,0.9830809831619263,27.275328746361712,False,38.02813947200775,0.9830809831619263,False,False,False,False,False,False,False,48.0974553370163,0.0
1340.0,KL001,51.710838969410354,2.2635997079972157,162.99999999999994,165.5846750214427,145.59950231003174,172.49781859471636,0.9822726249694824,0.9044649600982666,68.29307944185308,False,0.0,0.9044649600982666,True,True,False,True,False,False,False,126.54061898174429,0.0
1340.0,KL004,51.79853447685877,5.088616652287207,162.99999999999994,165.5846750214427,154.41846746040193,-19.75224178752285,-0.6050101518630981,0.4666842222213745,11.665496264975143,False,5.000000000000002,0.4666842222213745,True,True,False,True,False,False,False,18.011412537182736,0.0
1340.0,KL007,52.80322706566606,4.122927868235624,162.99999999999994,165.5846750214427,40.34975641661023,7.585029922283354,0.04587984085083008,0.7337493896484375,26.494949792403368,False,2.0645928382873535,0.7337493896484375,False,False,False,False,False,False,False,44.126369850395854,0.0
1340.0,KL009,51.86532099206419,4.793368475333538,162.99999999999994,165.5846750214427,91.34352460899828,-24.543162880519645,-0.26610851287841797,0.41712868213653564,11.665496264975143,False,-11.974883079528809,0.41712868213653564,False,False,False,False,False,False,False,15.219146251783291,0.0
1340.0,KL0010,52.48079952293843,3.6264071350186193,162.99999999999994,165.5846750214427,137.32523881800614,-44.62976356834176,0.5796428918838501,0.9782865047454834,26.494949792403368,False,9.999999999999995,0.9782865047454834,True,True,False,True,False,False,False,45.807025148065044,0.0
1350.0,KL001,51.69917358532225,2.248664006161624,162.99999999999994,165.5846750214427,147.2437071074723,172.5810491520067,0.9829812049865723,0.9041882753372192,68.93347051249481,False,5.000000000000002,0.9041882753372192,True,True,False,True,False,False,False,127.7102440375524,0.0
1350.0,KL004,51.78960329572618,5.069356370738598,162.99999999999994,165.5846750214427,152.82841887137153,-14.916960830662958,-0.62349534034729,0.398761510848999,11.33795968833752,False,-5.000000000000002,0.398761510848999,True,True,False,True,False,False,False,15.456856044645098,0.0
1350.0,KL007,52.79738944393825,4.100269174839243,162.99999999999994,165.5846750214427,38.71713373822304,10.059253276357822,0.010841727256774902,0.7531707286834717,26.02622015579477,False,0.4878777265548706,0.7531707286834717,False,False,False,False,False,False,False,45.89015300097739,0.0
1350.0,KL009,51.85247243823555,4.781279478054181,162.99999999999994,165.5846750214427,89.9625419747672,-37.086890455845634,0.318245530128479,0.46613597869873047,11.33795968833752,False,14.321048855781555,0.46613597869873047,False,False,False,False,False,False,False,18.790025597148198,0.0
1350.0,KL0010,52.467426671061766,3.6370848216940885,162.99999999999994,165.5846750214427,136.01653621999694,-35.05767195255734,-0.25989246368408203,0.9775147438049316,26.02622015579477,False,-11.695160865783691,0.9775147438049316,False,False,False,False,False,False,False,44.17263276183525,0.0
1360.0,KL001,51.688263449277564,2.2323200672978953,162.99999999999994,165.5846750214427,148.89806765296674,177.613670402121,0.9854259490966797,0.9028701782226562,69.67057659984928,False,0.0,0.9028701782226562,True,True,False,True,False,False,False,129.05933068101666,0.0
1360.0,KL004,51.77988275894546,5.051126302244187,162.99999999999994,165.5846750214427,151.27524260239926,-20.126033405867588,-0.5890061855316162,0.49678707122802734,11.132795699832993,False,0.0,0.49678707122802734,True,True,False,True,False,False,False,18.63527942097122,0.0
1360.0,KL007,52.79168024018167,4.077524071802766,162.99999999999994,165.5846750214427,37.08949479501213,11.016373046507681,-0.04613405466079712,0.7494368553161621,25.542970068452373,False,-2.0760324597358704,0.7494368553161621,False,False,False,False,False,False,False,43.822808467561444,0.0
1360.0,KL009,51.84027371108963,4.767574833133104,162.99999999999994,165.5846750214427,88.52180515005745,-23.278389631618722,-0.21889865398406982,0.3848764896392822,11.132795699832993,False,-9.850439429283142,0.3848764896392822,False,False,False,False,False,False,False,16.341504343925045,0.0
1360.0,KL0010,52.45471448100507,3.6497201333565052,162.99999999999994,165.5846750214427,134.8158977731343,-47.23825177308996,0.6179201602935791,0.9814326763153076,25.542970068452373,False,-5.000000000000002,0.9814326763153076,True,True,False,True,False,False,False,43.00643747372206,0.0
1370.0,KL001,51.67744916294301,2.215808675160574,162.99999999999994,165.5846750214427,150.5533445036511,177.6395940050419,0.9860620498657227,0.9012401103973389,70.54524026186854,False,0.0,0.9012401103973389,True,True,False,True,False,False,False,130.6631766396901,0.0
1370.0,KL004,51.77005251263229,5.033048663645708,162.99999999999994,165.5846750214427,149.72950827423503,-20.34522986352235,-0.5103545188903809,0.5129659175872803,10.91350048894613,False,5.000000000000002,0.5129659175872803,True,True,False,True,False,False,False,14.886180876932034,0.0
1370.0,KL007,52.78548824242189,4.0551302454381055,162.99999999999994,165.5846750214427,35.45411930930198,9.359358533560169,0.17997324466705322,0.750518798828125,24.98722003890626,False,8.098796010017395,0.750518798828125,False,False,False,False,False,False,False,44.05579209681909,0.0
1370.0,KL009,51.827839391871514,4.754373855076404,162.99999999999994,165.5846750214427,87.10832009740297,-33.683706045083625,0.2848165035247803,0.45244789123535156,10.91350048894613,False,12.816742658615112,0.45244789123535156,False,False,False,False,False,False,False,17.74818447287145,0.0
1370.0,KL0010,52.44321034183977,3.6652273210369533,162.99999999999994,165.5846750214427,133.7997968042985,-52.80194135938592,0.7944998741149902,0.9830045700073242,24.98722003890626,False,-5.000000000000002,0.9830045700073242,True,True,False,True,False,False,False,43.40716231104108,0.0
1380.0,KL001,51.66663487660846,2.199301225383399,162.99999999999994,165.5846750214427,152.20865411772567,177.6649528039203,0.9868618249893188,0.9001617431640625,71.50736686144555,False,0.0,0.9001617431640625,True,True,False,True,False,False,False,132.42854824071887,0.0
1380.0,KL004,51.7611213314997,5.013800536070825,162.99999999999994,165.5846750214427,148.1442030559382,-15.521521298601556,-0.6291333436965942,0.4739344120025635,10.72026522232576,False,-5.000000000000002,0.4739344120025635,True,True,False,True,False,False,False,18.54517196982498,0.0
1380.0,KL007,52.78084181423594,4.031759944513264,162.99999999999994,165.5846750214427,33.863632479512965,18.221129683255242,-0.5784388780593872,0.7682112455368042,24.48621992461568,False,-26.029749512672424,0.7682112455368042,False,False,False,False,False,False,False,39.7673206763105,0.0
1380.0,KL009,51.81628463972044,4.739268157002031,162.99999999999994,165.5846750214427,85.62488623961652,-21.34327397345197,-0.13179099559783936,0.4511622190475464,10.72026522232576,False,-5.930594801902771,0.4511622190475464,False,False,False,False,False,False,False,17.192564272823986,0.0
1380.0,KL0010,52.432573712369056,3.682316326239266,162.99999999999994,165.5846750214427,132.91590697346672,-58.410097454200354,0.866698145866394,0.9858648777008057,24.48621992461568,False,-5.000000000000002,0.9858648777008057,True,True,False,True,False,False,False,38.80264559975494,0.0
1390.0,KL001,51.65582059027391,2.182797715496424,162.99999999999994,165.5846750214427,153.86399554771032,177.68976500613047,0.9842169284820557,0.8987789154052734,72.55585011311683,False,0.0,0.8987789154052734,True,True,False,True,False,False,False,134.35346949880287,0.0
1390.0,KL004,51.75140079471898,4.995581967641668,162.99999999999994,165.5846750214427,146.59702114923076,-20.743661499947052,-0.5142205357551575,0.5747493505477905,10.571397384342239,False,0.0,0.5747493505477905,True,True,False,True,False,False,False,16.91473494581264,0.0
1390.0,KL007,52.77451571333741,4.00955964729858,162.99999999999994,165.5846750214427,32.236085396160334,2.884004452261536,0.5539877414703369,0.7837390899658203,23.926075089291245,False,24.92944836616516,0.7837390899658203,False,False,False,False,False,False,False,42.91568481839924,0.0
1390.0,KL009,51.80461744697792,4.724313622175207,162.99999999999994,165.5846750214427,84.1516839689489,-27.777589629099907,0.03224658966064453,0.4090549945831299,10.571397384342239,False,1.451096534729004,0.4090549945831299,False,False,False,False,False,False,False,17.248473739812756,0.0
1390.0,KL0010,52.422885543765766,3.7008567163300756,162.99999999999994,165.5846750214427,132.1737346032577,-64.0571070841331,0.8976374864578247,0.983922004699707,23.926075089291245,False,0.0,0.983922004699707,True,True,False,True,False,False,False,42.91568481839924,0.0
1400.0,KL001,51.64500630393936,2.1662981430317543,162.99999999999994,165.5846750214427,155.51936788758917,177.7140480447324,0.9838179349899292,0.897916316986084,73.62134452601781,False,0.0,0.897916316986084,True,True,False,True,False,False,False,136.30881211233003,0.0
1400.0,KL004,51.74157054840581,4.977515728916937,162.99999999999994,165.5846750214427,145.05763451920035,-20.97648776789319,-0.522513747215271,0.5818480253219604,10.439363794186937,False,5.000000000000002,0.5818480253219604,True,True,False,True,False,False,False,16.036460106634024,0.0
1400.0,KL007,52.76856284746055,3.9870825828756784,162.99999999999994,165.5846750214427,30.61999659055751,19.32880238142664,-0.5574116706848145,0.7718759775161743,23.45604428267641,False,-25.08352518081665,0.7718759775161743,False,False,False,False,False,False,False,39.74065281709478,0.0
1400.0,KL009,51.79304752716673,4.709154345505264,162.99999999999994,165.5846750214427,82.67643108993956,-26.83718060086153,0.022955656051635742,0.38519608974456787,10.439363794186937,False,1.0330045223236084,0.38519608974456787,False,False,False,False,False,False,False,16.265931645968575,0.0
1400.0,KL0010,52.41330467644095,3.719548287206882,162.99999999999994,165.5846750214427,131.46284903925084,-64.71449079136173,0.920769214630127,0.9832477569580078,23.45604428267641,False,-5.000000000000002,0.9832477569580078,True,True,False,True,False,False,False,38.923485993028486,0.0
1410.0,KL001,51.63419201760481,2.1498025055235384,162.99999999999994,165.5846750214427,157.17477027063114,177.73781861917962,0.9832518100738525,0.8943536281585693,74.76216445657441,False,0.0,0.8943536281585693,True,True,False,True,False,False,False,138.40329208381678,0.0
1410.0,KL004,51.73263936727322,4.9582797352357515,162.99999999999994,165.5846750214427,143.47756793678568,-16.16548601815157,-0.5866606831550598,0.5447759628295898,10.265165126871139,False,-5.000000000000002,0.5447759628295898,True,True,False,True,False,False,False,16.918343245565012,0.0
1410.0,KL007,52.76223674656202,3.96488854638247,162.99999999999994,165.5846750214427,28.99847876765618,4.108072057548952,0.5521892309188843,0.8070927858352661,22.992320073900675,False,24.848515391349792,0.8070927858352661,False,False,False,False,False,False,False,41.74149665119588,0.0
1410.0,KL009,51.78164850332178,4.693664191863875,162.99999999999994,165.5846750214427,81.19430513753164,-26.31451874899085,0.019807934761047363,0.4072139263153076,10.265165126871139,False,0.8913570642471313,0.4072139263153076,False,False,False,False,False,False,False,17.11887414402601,0.0
1410.0,KL0010,52.404638701518046,3.739394458738152,162.99999999999994,165.5846750214427,130.88860955354247,-70.40053212253628,0.925020694732666,0.9830585718154907,22.992320073900675,False,0.0,0.9830585718154907,True,True,False,True,False,False,False,41.74149665119588,0.0
1420.0,KL001,51.62337773127026,2.133310800507971,162.99999999999994,165.5846750214427,158.8302018673426,177.76109273348771,0.9830193519592285,0.8933707475662231,75.91872585128122,False,-10.000000000000004,0.8933707475662231,True,True,False,True,False,False,False,140.5258857373568,0.0
1420.0,KL004,51.7229188304925,4.940072647875473,162.99999999999994,165.5846750214427,141.93696692686675,-21.401927767367454,-0.4968494176864624,0.6194570064544678,10.154488822084316,False,0.0,0.6194570064544678,True,True,False,True,False,False,False,16.952284017210147,0.0
1420.0,KL007,52.75628388068516,3.942417819155979,162.99999999999994,165.5846750214427,27.390514339209112,20.698290472664553,-0.603696882724762,0.7887839078903198,22.634099718749564,False,-27.16635972261429,0.7887839078903198,False,False,False,False,False,False,False,39.58673258851636,0.0
1420.0,KL009,51.7703999219111,4.677893202567989,162.99999999999994,165.5846750214427,79.70723933460621,-25.935799977848035,0.0629340410232544,0.37808263301849365,10.154488822084316,False,2.8320318460464478,0.37808263301849365,False,False,False,False,False,False,False,17.580907591486664,0.0
1420.0,KL0010,52.39608786930345,3.759376010507535,162.99999999999994,165.5846750214427,130.3482436684417,-71.09497427375635,0.9187483787536621,0.9845945835113525,22.634099718749564,False,-5.000000000000002,0.9845945835113525,True,True,False,True,False,False,False,38.91723398969598,0.0
1430.0,KL001,51.611363409314244,2.11919760179438,162.99999999999994,165.5846750214427,160.46425095964076,167.8580407199554,0.9723455905914307,0.909630298614502,77.12159659833902,False,-15.000000000000002,0.909630298614502,True,True,False,True,False,False,False,142.73282618642014,0.0
1430.0,KL004,51.71308858417933,4.922017790197116,162.99999999999994,165.5846750214427,140.40454977062012,-21.649674080450865,-0.48025429248809814,0.6790344715118408,10.089130293179915,False,5.000000000000002,0.6790344715118408,True,True,False,True,False,False,False,16.486453576236112,0.0
1430.0,KL007,52.74995777978663,3.920230038835306,162.99999999999994,165.5846750214427,25.777430218214338,5.638898402577894,0.556344747543335,0.8163797855377197,22.29353118337971,False,25.035513639450073,0.8163797855377197,False,False,False,False,False,False,False,40.833572297367674,0.0
1430.0,KL009,51.759625001511246,4.661285599507672,162.99999999999994,165.5846750214427,78.1931413295427,-23.583783608348483,0.09781765937805176,0.5162777900695801,10.089130293179915,False,4.401794672012329,0.5162777900695801,False,False,False,False,False,False,False,17.414704171875968,0.0
1430.0,KL0010,52.388510041362714,3.780376874617329,162.99999999999994,165.5846750214427,129.95099231542946,-76.81077288005719,0.9023950099945068,0.9834282398223877,22.29353118337971,False,-30.000000000000004,0.9834282398223877,True,True,False,True,False,False,False,39.714030356617286,0.0
1440.0,KL001,51.59788658792974,2.1091669085578744,162.99999999999994,165.5846750214427,162.01583763771424,153.06263670811825,0.9480881690979004,0.9258309602737427,78.38816388826852,False,-10.000000000000004,0.9258309602737427,True,True,False,True,False,False,False,145.0574045652448,0.0
1440.0,KL004,51.70415740304674,4.902793910373545,162.99999999999994,165.5846750214427,138.83028446038975,-16.85265692177518,-0.5869148373603821,0.6724300384521484,10.022777139063171,False,-5.000000000000002,0.6724300384521484,True,True,False,True,False,False,False,18.303221753807165,0.0
1440.0,KL007,52.74400491390977,3.897765644201352,162.99999999999994,165.5846750214427,24.180856338060565,22.432557470255517,-0.7086293697357178,0.7812163829803467,21.94256362011815,False,-31.8883216381073,0.7812163829803467,False,False,False,False,False,False,False,37.3429319619536,0.0
1440.0,KL009,51.749617587001595,4.643475602406906,162.99999999999994,165.5846750214427,76.63929717122433,-19.598189495639275,-0.10247665643692017,0.5076892375946045,10.022777139063171,False,-4.6114495396614075,0.5076892375946045,False,False,False,False,False,False,False,17.306641840806083,0.0
1440.0,KL0010,52.383107648176704,3.8030304818593668,162.99999999999994,165.5846750214427,129.83884124008662,-93.36935292078411,0.8750182390213013,0.977773904800415,21.94256362011815,False,-30.000000000000004,0.977773904800415,True,True,False,True,False,False,False,32.279576254802464,0.0
1450.0,KL001,51.58329447891613,2.104556087943599,162.99999999999994,165.5846750214427,163.39590761989064,143.38529869871167,0.8785954713821411,0.9272081851959229,79.72386599783282,False,-5.000000000000002,0.9272081851959229,True,True,False,True,False,False,False,147.51227544508433,0.0
1450.0,KL004,51.694436866266024,4.884598285127332,162.99999999999994,165.5846750214427,137.29692789323826,-22.10478672750378,-0.4657113552093506,0.7534599304199219,9.955563711536502,False,0.0,0.7534599304199219,True,True,False,True,False,False,False,17.182579358866214,0.0
1450.0,KL007,52.737678813011236,3.8755841155086945,162.99999999999994,165.5846750214427,22.58002594704174,7.605016492522935,0.6432681083679199,0.7547899484634399,21.447049997551435,False,28.947064876556396,0.7547899484634399,False,False,False,False,False,False,False,38.607055438972836,0.0
1450.0,KL009,51.73890924955054,4.626767732885991,162.99999999999994,165.5846750214427,75.13170488872036,-24.71985095353915,0.09623050689697266,0.5722534656524658,9.955563711536502,False,4.3303728103637695,0.5722534656524658,False,False,False,False,False,False,False,18.117382949913424,0.0
1450.0,KL0010,52.381680082997185,3.8272374247698595,162.99999999999994,165.5846750214427,130.20073867833986,-109.9118451179244,0.848016619682312,0.9658651351928711,21.447049997551435,False,-15.000000000000002,0.9658651351928711,True,True,False,True,False,False,False,37.792391199142365,0.0
1460.0,KL001,51.56844175217196,2.1028929411813344,162.99999999999994,165.5846750214427,164.66034342466133,138.75931361710104,0.7478077411651611,0.9093747138977051,81.11912155483243,False,-5.000000000000002,0.9093747138977051,True,True,False,True,False,False,False,150.08108788791867,0.0
1460.0,KL004,51.68460661995285,4.866554789709153,162.99999999999994,165.5846750214427,135.77218390597622,-22.368903346923048,-0.4888190031051636,0.7605555057525635,9.942560189506029,False,5.000000000000002,0.7605555057525635,True,True,False,True,False,False,False,17.108841186052345,0.0
1460.0,KL007,52.73172594713438,3.853126048867875,162.99999999999994,165.5846750214427,21.000113386054768,24.69480655606938,-0.78877192735672,0.7395139932632446,20.858829152075547,False,-35.4947367310524,0.7395139932632446,False,False,False,False,False,False,False,33.0170549268502,0.0
1460.0,KL009,51.728850535757346,4.6090412232246365,162.99999999999994,165.5846750214427,73.59017617061905,-20.84809468153378,-0.03237670660018921,0.5011392831802368,9.942560189506029,False,-1.4569517970085144,0.5011392831802368,False,False,False,False,False,False,False,16.806222835841243,0.0
1460.0,KL0010,52.38431507406332,3.851175511817233,162.99999999999994,165.5846750214427,131.0035720860502,-125.5541712788193,0.7884080410003662,0.9586774110794067,20.858829152075547,False,0.0,0.9586774110794067,True,True,False,True,False,False,False,33.01705492685021,0.0
1470.0,KL001,51.5535554597894,2.103318888879622,162.99999999999994,165.5846750214427,165.83475422976827,134.16378668884118,0.21904003620147705,0.8930554389953613,82.49699529448765,False,-5.000000000000002,0.8930554389953613,True,True,False,True,False,False,False,152.61929649831936,0.0
1470.0,KL004,51.675675438820264,4.8473430037509235,162.99999999999994,165.5846750214427,134.2043611085172,-17.587313634908924,-0.5339431762695312,0.7296614646911621,9.859070882035494,False,-5.000000000000002,0.7296614646911621,True,True,False,True,False,False,False,17.611059798913864,0.0
1470.0,KL007,52.725399846235845,3.830950767263127,162.99999999999994,165.5846750214427,19.41794841301433,10.21543615623085,0.5966687202453613,0.7327309846878052,20.285973120601373,False,26.85009241104126,0.7327309846878052,False,False,False,False,False,False,False,36.64128453477325,0.0
1470.0,KL009,51.71858823303603,4.591621775943122,162.99999999999994,165.5846750214427,72.0652527510204,-22.806030851083506,0.012115478515625,0.5633375644683838,9.859070882035494,False,0.545196533203125,0.5633375644683838,False,False,False,False,False,False,False,17.72743097137775,0.0
1470.0,KL0010,52.38856985520414,3.8745573147929178,162.99999999999994,165.5846750214427,131.979280738556,-126.14638203098897,0.7497413158416748,0.9624619483947754,20.285973120601373,False,0.0,0.9624619483947754,True,True,False,True,False,False,False,36.64128453477325,0.0
1480.0,KL001,51.53874889544207,2.1058293259140424,162.99999999999994,165.5846750214427,166.91215573025244,129.59572311432186,-0.4627028703689575,0.868364691734314,83.81297618661831,False,-20.82162916660309,0.868364691734314,False,False,False,False,False,False,False,153.10153712299103,0.0
1480.0,KL004,51.665954902039545,4.829158821705394,162.99999999999994,165.5846750214427,132.67900210666133,-22.856693263790078,-0.49400103092193604,0.7848122119903564,9.832243257970106,False,5.000000000000002,0.7848122119903564,True,True,False,True,False,False,False,16.71252182323635,0.0
1480.0,KL007,52.71944698035899,3.8084990240205077,162.99999999999994,165.5846750214427,17.86373659269919,27.757709957962504,-0.8943665623664856,0.8721293210983276,19.88049023186633,False,-40.24649530649185,0.8721293210983276,False,False,False,False,False,False,False,34.30173371254875,0.0
1480.0,KL009,51.7084290717076,4.574049447830873,162.99999999999994,165.5846750214427,70.53981089593677,-22.771632370912357,0.05073976516723633,0.5440801382064819,9.832243257970106,False,2.2832894325256348,0.5440801382064819,False,False,False,False,False,False,False,17.18094160945754,0.0
1480.0,KL0010,52.392824636344955,3.8979413716364526,162.99999999999994,165.5846750214427,132.96888244075873,-126.7298406983567,0.825214147567749,0.9837284088134766,19.88049023186633,False,0.0,0.9837284088134766,True,True,False,True,False,False,False,34.30173371254875,0.0
1490.0,KL001,51.52442856243772,2.112114706369167,162.99999999999994,165.5846750214427,167.7819394936985,114.2503340426959,-0.986160159111023,0.7371793985366821,85.00307219843143,False,-44.37720715999603,0.7371793985366821,False,False,False,False,False,False,False,144.347134113858,0.0
1490.0,KL004,51.657023720906956,4.809954944731918,162.99999999999994,165.5846750214427,131.11568672664256,-18.08607976039775,-0.5631909966468811,0.7819308042526245,9.785231369969106,False,-5.000000000000002,0.7819308042526245,True,True,False,True,False,False,False,17.96671586212412,0.0
1490.0,KL007,52.713120879460455,3.7863299849679724,162.99999999999994,165.5846750214427,16.31175401917075,13.830129908918593,-0.5844743847846985,0.8805011510848999,19.604755020359146,False,-26.301347315311432,0.8805011510848999,False,False,False,False,False,False,False,34.11308476069159,0.0
1490.0,KL009,51.698698019555025,4.5558611542424865,162.99999999999994,165.5846750214427,68.99570454685242,-20.97238229439492,-0.12061482667922974,0.5628268718719482,9.785231369969106,False,-5.427667200565338,0.5628268718719482,False,False,False,False,False,False,False,16.929024800253213,0.0
1490.0,KL0010,52.39707941748577,3.9213276829113757,162.99999999999994,165.5846750214427,133.97206943709168,-127.30462154447974,0.8021624088287354,0.985207200050354,19.604755020359146,False,0.0,0.985207200050354,True,True,False,True,False,False,False,34.11308476069159,0.0
1500.0,KL001,51.51171706084737,2.124435048040258,162.99999999999994,165.5846750214427,168.25005647450675,98.96201331470263,-0.9977777600288391,0.47135281562805176,85.96014543270357,False,-44.89999920129776,0.47135281562805176,False,False,False,False,False,False,False,141.32281621951287,0.0
1500.0,KL004,51.64730318412624,4.791778246159917,162.99999999999994,165.5846750214427,129.59589923484103,-23.3677314264869,-0.6191854476928711,0.8719197511672974,9.725473078446653,False,0.0,0.8719197511672974,True,True,False,True,False,False,False,16.813762689639628,0.0
1500.0,KL007,52.70337275531299,3.767851992979144,162.99999999999994,165.5846750214427,14.668288244539557,-1.4161936199065792,-0.016933560371398926,0.9064358472824097,19.249696760029163,False,-0.7620102167129517,0.9064358472824097,False,False,False,False,False,False,False,34.776114439885795,0.0
1500.0,KL009,51.688082414436096,4.539021973605767,162.99999999999994,165.5846750214427,67.51274623172691,-27.011198900648537,0.10367071628570557,0.6978743076324463,9.725473078446653,False,4.6651822328567505,0.6978743076324463,False,False,False,False,False,False,False,17.806926350227293,0.0
1500.0,KL0010,52.401334198626586,3.9447162491814134,162.99999999999994,165.5846750214427,134.98853895665906,-127.87080362686964,0.7766436338424683,0.9860324859619141,19.249696760029163,False,0.0,0.9860324859619141,True,True,False,True,False,False,False,34.776114439885795,0.0
1510.0,KL001,51.50157773381609,2.141854172321461,162.99999999999994,165.5846750214427,168.28428150337587,83.69383065933044,-0.9990639686584473,0.18187177181243896,86.6754120893853,False,-44.95787858963013,0.18187177181243896,False,False,False,False,False,False,False,137.40422944531792,0.0
1510.0,KL004,51.637472937813065,4.7737535125410835,162.99999999999994,165.5846750214427,128.08553416859857,-23.66267177861789,-0.6549196243286133,0.8860756158828735,9.719607995467241,False,5.000000000000002,0.8860756158828735,True,True,False,True,False,False,False,16.822827778521884,0.0
1510.0,KL007,52.69214610314679,3.751708429098336,162.99999999999994,165.5846750214427,13.013864102848787,-2.4556311302249867,0.23285865783691406,0.9017314910888672,18.93232455693532,False,10.478639602661133,0.9017314910888672,False,False,False,False,False,False,False,34.98261340263588,0.0
1510.0,KL009,51.678128368781074,4.521163265358311,162.99999999999994,165.5846750214427,65.99374576276831,-22.90436050380538,-0.05992382764816284,0.6749831438064575,9.719607995467241,False,-2.696572244167328,0.6749831438064575,False,False,False,False,False,False,False,16.270261233246572,0.0
1510.0,KL0010,52.4055889797674,3.968107071010479,162.99999999999994,165.5846750214427,136.0179933285078,-128.42847037275686,0.7423548698425293,0.9874696731567383,18.93232455693532,False,0.0,0.9874696731567383,True,True,False,True,False,False,False,34.98261340263588,0.0
1520.0,KL001,51.49477899183587,2.1630511472736904,162.99999999999994,165.5846750214427,167.88217989393308,68.40795781203565,-0.9990578293800354,-0.02517998218536377,87.15709840988183,False,-44.95760232210159,-0.02517998218536377,False,False,False,False,False,False,False,135.68172466140788,0.0
1520.0,KL004,51.62854175668048,4.754561696444412,162.99999999999994,165.5846750214427,126.52992901153888,-18.91031872507733,-0.7095856666564941,0.8462237119674683,9.630171384012009,False,-5.000000000000002,0.8462237119674683,True,True,False,True,False,False,False,17.03982664775718,0.0
1520.0,KL007,52.682310841474404,3.733313879168296,162.99999999999994,165.5846750214427,11.367857753315684,8.758562326943064,-0.4349011182785034,0.8770910501480103,18.880805672770812,False,-19.570550322532654,0.8770910501480103,False,False,False,False,False,False,False,35.05217125559109,0.0
1520.0,KL009,51.667768891733544,4.503914290393508,162.99999999999994,165.5846750214427,64.50746704950409,-26.235176974693616,0.1127007007598877,0.6564688682556152,9.630171384012009,False,5.071531534194946,0.6564688682556152,False,False,False,False,False,False,False,17.659244840738495,0.0
1520.0,KL0010,52.40984376090822,3.991500148962676,162.99999999999994,165.5846750214427,137.0601400778094,-128.97770917251188,0.711216926574707,0.9884614944458008,18.880805672770812,False,0.0,0.9884614944458008,True,True,False,True,False,False,False,35.05217125559109,0.0
1530.0,KL001,51.491838829080834,2.186408193093803,162.91312453011082,165.49660926851809,167.07157919076784,53.058698931612184,-0.9946818351745605,0.4693732261657715,86.36731726140037,False,-44.760682582855225,0.4693732261657715,False,False,False,False,False,False,False,133.56289917857254,0.0
1530.0,KL004,51.61882121989976,4.73639640986478,162.99999999999994,165.5846750214427,125.01962066837173,-24.212278019688483,-0.4587012529373169,0.8912415504455566,9.64618377832857,False,0.0,0.8912415504455566,True,True,False,True,False,False,False,17.718672859511265,0.0
1530.0,KL007,52.67142708242927,3.716664279312638,162.99999999999994,165.5846750214427,9.7172153362808,-7.055206949824651,0.5566922426223755,0.8929390907287598,18.902245792073092,False,25.051150918006897,0.8929390907287598,False,False,False,False,False,False,False,35.12700100783372,0.0
1530.0,KL009,51.65825991985674,4.4854450693005266,162.99999999999994,165.5846750214427,62.9763697686224,-21.72253454362408,-0.31024616956710815,0.6208724975585938,9.64618377832857,False,-13.961077630519867,0.6208724975585938,False,False,False,False,False,False,False,15.266631942073323,0.0
1530.0,KL0010,52.41409854204903,4.0148954836022925,162.99999999999994,165.5846750214427,138.11469200414297,-129.51861099100805,0.6438318490982056,0.9890861511230469,18.902245792073092,False,9.999999999999995,0.9890861511230469,True,True,False,True,False,False,False,35.12700100783372,0.0
1540.0,KL001,51.49297694891032,2.210180053400146,162.99999999999994,165.5846750214427,165.90784497304793,37.62902278174272,-0.9957848191261292,0.6777069568634033,84.81489115206844,False,-44.81031686067581,0.6777069568634033,False,False,False,False,False,False,False,136.19712037131882,0.0
1540.0,KL004,51.608990973586586,4.718382988830254,162.99999999999994,165.5846750214427,123.51930103677567,-24.528423906968385,-0.6008868217468262,0.8423633575439453,9.56381693633811,False,5.000000000000002,0.8423633575439453,True,True,False,True,False,False,False,14.055195333765536,0.0
1540.0,KL007,52.66082622458744,3.6995299407215474,162.99999999999994,165.5846750214427,8.067380774354067,9.105217206320532,-0.02614825963973999,0.8798494338989258,19.20527537619421,False,-1.1766716837882996,0.8798494338989258,False,False,False,False,False,False,False,35.72584816264011,0.0
1540.0,KL009,51.64729157149282,4.469308181376104,162.99999999999994,165.5846750214427,61.559920631387115,-36.45845291722213,0.48845911026000977,0.8419327735900879,9.56381693633811,False,21.98065996170044,0.8419327735900879,False,False,False,False,False,False,False,17.37102352836126,0.0
1540.0,KL0010,52.4164960791958,4.038957426491975,162.99999999999994,165.5846750214427,139.01057942912325,-120.10283185906121,0.6355419158935547,0.9907243251800537,19.20527537619421,False,-10.000000000000004,0.9907243251800537,True,True,True,True,False,True,True,35.72584816264011,0.0
1550.0,KL001,51.49810771092767,2.2325543346376353,162.99999999999994,165.5846750214427,164.47353910637247,22.080467357052214,-0.9957214593887329,0.8198235034942627,83.25724852723407,False,-44.80746567249298,0.8198235034942627,False,False,False,False,False,False,False,133.9902249587123,0.0
1550.0,KL004,51.600059792454,4.6992032137337905,162.99999999999994,165.5846750214427,121.97232887755023,-19.79635050343333,-0.7319634556770325,0.8107385635375977,9.469626587136071,False,-5.000000000000002,0.8107385635375977,True,True,False,True,False,False,False,17.38630322494632,0.0
1550.0,KL007,52.65132857399895,3.680622336160347,162.99999999999994,165.5846750214427,6.431305418659498,9.964958986463131,-0.7674839496612549,0.8933219909667969,19.682715159698827,False,-34.53677773475647,0.8933219909667969,False,False,False,False,False,False,False,36.650970753543575,0.0
1550.0,KL009,51.63690912479721,4.452211850834803,162.99999999999994,165.5846750214427,60.1086365345542,-21.369238957835137,-0.010218203067779541,0.7471894025802612,9.469626587136071,False,-0.45981913805007935,0.7471894025802612,False,False,False,False,False,False,False,17.38630322494632,0.0
1550.0,KL0010,52.42007492072176,4.062623138778562,162.99999999999994,165.5846750214427,140.0292364733811,-130.64710348545603,0.5490953922271729,0.9911854267120361,19.682715159698827,False,24.70929265022278,0.9911854267120361,False,False,False,False,False,False,False,36.650970753543575,0.0
1560.0,KL001,51.50684227952733,2.2518366554391003,162.99999999999994,165.5846750214427,162.87206033133802,6.389947898395434,-0.9938062429428101,0.8067553043365479,81.73485041352508,False,-44.72128093242645,0.8067553043365479,False,False,False,False,False,False,False,135.4523320904877,0.0
1560.0,KL004,51.59033925567328,4.681049320342549,162.99999999999994,165.5846750214427,120.47257184153244,-25.120787823926833,-0.21276944875717163,0.8605790138244629,9.509934135999837,False,0.0,0.8605790138244629,True,True,False,True,False,False,False,17.457092801458018,0.0
1560.0,KL009,51.62779872536438,4.433234607557785,162.99999999999994,165.5846750214427,58.578293132486586,-22.432279201004746,0.2813990116119385,0.6333872079849243,9.509934135999837,False,12.662955522537231,0.6333872079849243,False,False,False,False,False,False,False,17.457092801458018,0.0
1560.0,KL0010,52.422115011671075,4.086733648022814,162.99999999999994,165.5846750214427,140.91786093451537,-115.4007748384578,0.11400055885314941,0.9797759056091309,49.379257629439536,False,5.130025148391724,0.9797759056091309,False,False,False,False,False,False,False,91.28083621029802,0.0
1570.0,KL001,51.51851870405574,2.26656554307145,162.99999999999994,165.5846750214427,161.2219360664513,-9.456625986590097,-0.9611942172050476,0.8491584062576294,80.31432918474432,False,-43.25373977422714,0.8491584062576294,False,False,False,False,False,False,False,135.01202745996036,0.0
1570.0,KL004,51.58050900936011,4.66304719325559,162.99999999999994,165.5846750214427,118.98343663864017,-25.46041162418382,-0.6361993551254272,0.956973671913147,9.650600121200425,False,5.000000000000002,0.956973671913147,True,True,False,True,False,False,False,17.713092375724447,0.0
1570.0,KL009,51.62048553273372,4.4124047287578865,162.99999999999994,165.5846750214427,56.980554651229944,-10.177500039362315,-0.3535614609718323,0.4508969783782959,9.650600121200425,False,-15.910265743732452,0.4508969783782959,False,False,False,False,False,False,False,16.973748981757588,0.0
1570.0,KL0010,52.42113818924898,4.111094447815903,162.99999999999994,165.5846750214427,141.52527221107,-110.90520478997627,0.0332108736038208,0.9809622764587402,49.34378993480877,False,1.494489312171936,0.9809622764587402,False,False,False,False,False,False,False,91.30609320523537,0.0
1580.0,KL001,51.532252084845574,2.2756229181821066,162.99999999999994,165.5846750214427,159.6488173876738,-25.46219070906102,-0.461553692817688,0.9396814107894897,79.14195320482666,False,-20.76991617679596,0.9396814107894897,False,False,False,False,False,False,False,135.49170097339243,0.0
1580.0,KL004,51.57157782822752,4.64387943932607,162.99999999999994,165.5846750214427,117.44616274830051,-20.750918560037064,-0.7939946055412292,0.8707268238067627,9.688143975535201,False,-5.000000000000002,0.8707268238067627,True,True,False,True,False,False,False,17.754759019107127,0.0
1580.0,KL009,51.6122364155463,4.392528636735718,162.99999999999994,165.5846750214427,55.42420810746169,-26.55372844140652,0.6969531774520874,0.7884705066680908,9.688143975535201,False,31.362892985343933,0.7884705066680908,False,False,False,False,False,False,False,17.779115469544003,0.0
1580.0,KL0010,52.419621473821024,4.135385006569302,162.99999999999994,165.5846750214427,142.09395095928474,-110.04863732326197,-0.1255379319190979,0.9811896085739136,49.398226836744456,False,-5.6492069363594055,0.9811896085739136,False,False,False,False,False,False,False,91.42507470978478,0.0
1590.0,KL001,51.54700163547613,2.2783190565473794,162.99999999999994,165.5846750214427,158.2759564270852,-41.61690235804258,0.7361874580383301,0.9762840270996094,78.21043434883426,False,33.12843561172485,0.9762840270996094,False,False,False,False,False,False,False,123.40948931490811,0.0
1590.0,KL004,51.5618572914468,4.625736920360229,162.99999999999994,165.5846750214427,115.95818970906018,-26.100299635926945,-0.4396629333496094,0.8960839509963989,9.79315765452453,False,5.000000000000002,0.8960839509963989,True,True,False,True,False,False,False,17.969292810578338,0.0
1590.0,KL009,51.604331234278284,4.372297228274672,162.99999999999994,165.5846750214427,53.85812214343281,-11.269507713198038,-0.06134682893753052,0.41800642013549805,9.79315765452453,False,-2.7606073021888733,0.41800642013549805,False,False,False,False,False,False,False,17.969292810578338,0.0
1590.0,KL0010,52.419376779559805,4.159792072749573,162.99999999999994,165.5846750214427,142.8098627573736,-116.30782809027443,-0.22237396240234375,0.9805066585540771,49.561824108229054,False,-10.006828308105469,0.9805066585540771,False,False,False,False,False,False,False,91.72725839432312,0.0
1600.0,KL001,51.56169925410272,2.281670441828785,162.99999999999994,165.5846750214427,156.88334820351088,-26.117262788550363,-0.6699060797691345,0.9234142303466797,77.24071302699036,False,-30.145773589611053,0.9234142303466797,False,False,False,False,False,False,False,132.52677875294623,0.0
1600.0,KL004,51.55292611031421,4.606577027894075,162.99999999999994,165.5846750214427,114.42781146613314,-21.40705847815002,0.03990578651428223,0.9001471996307373,9.90108513338588,False,1.7957603931427002,0.9001471996307373,False,False,False,False,False,False,False,18.165231898568646,0.0
1600.0,KL009,51.5974094849373,4.351070744868202,162.99999999999994,165.5846750214427,52.254466372897994,-14.46720199787569,0.09883618354797363,0.46399998664855957,9.90108513338588,False,4.4476282596588135,0.46399998664855957,False,False,False,False,False,False,False,18.165231898568646,0.0
1600.0,KL0010,52.421222527152814,4.18398688729871,162.99999999999994,165.5846750214427,143.74142845913173,-126.8705584012024,-0.26393866539001465,0.9772921800613403,49.84606207194714,False,-11.87723994255066,0.9772921800613403,False,False,False,False,False,False,False,92.25299700352487,0.0
1610.0,KL001,51.576448804733275,2.284368326052356,162.99999999999994,165.5846750214427,155.5211896939093,-42.283619200763155,0.34172511100769043,0.9740157127380371,76.28991986439571,False,15.37762999534607,0.9740157127380371,False,False,False,False,False,False,False,124.05874900649094,0.0
1610.0,KL004,51.544483972004805,4.586850290261886,162.99999999999994,165.5846750214427,112.87565596140742,-19.89451760988436,0.26007962226867676,0.908097505569458,10.021981499393707,False,11.703583002090454,0.908097505569458,False,False,False,False,False,False,False,18.385441400247554,0.0
1610.0,KL009,51.591404730169735,4.329138370103069,162.99999999999994,165.5846750214427,50.6286091435014,-10.359319876378436,-0.12678807973861694,0.3679354190826416,10.021981499393707,False,-5.7054635882377625,0.3679354190826416,False,False,False,False,False,False,False,17.446644424915284,0.0
1610.0,KL0010,52.42576663988572,4.207188868657988,162.99999999999994,165.5846750214427,144.91980007919,-139.2168939556652,-0.32596325874328613,0.9790635108947754,50.29780071771989,False,-14.668346643447876,0.9790635108947754,False,False,False,False,False,False,False,93.08890189845457,0.0
1620.0,KL001,51.59114941443419,2.287703873294184,162.99999999999994,165.5846750214427,154.1396927585208,-27.241793543348166,-0.6850172281265259,0.934278130531311,75.36799481174148,False,-25.0,0.934278130531311,True,True,False,True,False,False,False,129.2410185532559,0.0
1620.0,KL004,51.53783613427304,4.565479136423885,162.99999999999994,165.5846750214427,111.2631404493948,-8.367661651513515,-0.3624269962310791,0.8486952781677246,10.006512578206381,False,-16.30921483039856,0.8486952781677246,False,False,False,False,False,False,False,18.329019573784596,0.0
1620.0,KL009,51.58434403962897,4.308044017087648,162.99999999999994,165.5846750214427,49.03600838072839,-16.57584346529717,0.43981611728668213,0.4515727758407593,10.006512578206381,False,19.791725277900696,0.4515727758407593,False,False,False,False,False,False,False,18.354313054962827,0.0
1620.0,KL0010,52.433252326566546,4.22821919413808,162.99999999999994,165.5846750214427,146.32570383480095,-154.23422464770104,-0.09253579378128052,0.9788789749145508,51.054147529334216,False,-4.164110720157623,0.9788789749145508,False,False,False,False,False,False,False,94.48863094955433,0.0
1630.0,KL001,51.605911561862484,2.2902187471800675,162.99999999999994,165.5846750214427,152.7962707982217,-43.42417467658379,0.314159631729126,0.9756181240081787,74.44711073454378,False,14.137183427810669,0.9756181240081787,False,False,False,False,False,False,False,120.664478431934,0.0
1630.0,KL004,51.530076944742426,4.545134650390615,162.99999999999994,165.5846750214427,109.69141559716252,-24.444695963274285,0.24638891220092773,0.9362362623214722,10.125542729809961,False,11.087501049041748,0.9362362623214722,False,False,False,False,False,False,False,18.57148632926126,0.0
1630.0,KL009,51.57917649880996,4.28564945170788,162.99999999999994,165.5846750214427,47.40255344575387,-1.0261770491322295,-0.5280578136444092,0.2922614812850952,10.125542729809961,False,-23.762601613998413,0.2922614812850952,False,False,False,False,False,False,False,17.237943788547785,0.0
1630.0,KL0010,52.44285557724398,4.2468855891344495,162.99999999999994,165.5846750214427,147.86696671066642,-158.64144806224462,0.10601925849914551,0.9776155948638916,51.875470196197035,False,4.770866632461548,0.9776155948638916,False,False,False,False,False,False,False,96.00865156487517,0.0
1640.0,KL001,51.62063608041747,2.2933175511828314,162.99999999999994,165.5846750214427,151.43506171914765,-29.640348133855667,-0.6586413383483887,0.9443981647491455,73.53463164260013,False,-10.000000000000004,0.9443981647491455,True,True,False,True,False,False,False,123.9099317431917,0.0
1640.0,KL004,51.5224486776419,4.524628656682629,162.99999999999994,165.5846750214427,108.11415858188377,-13.609384386853606,-0.05849999189376831,0.8963069915771484,10.222586226672654,False,-2.632499635219574,0.8963069915771484,False,False,False,False,False,False,False,18.745825025341933,0.0
1640.0,KL009,51.57362665912827,4.263495321792392,162.99999999999994,165.5846750214427,45.77777379143415,-17.198895983875616,0.5378279685974121,0.4821261167526245,10.222586226672654,False,24.202258586883545,0.4821261167526245,False,False,False,False,False,False,False,18.748052733700895,0.0
1640.0,KL0010,52.45165557814768,4.266590963613495,162.99999999999994,165.5846750214427,149.3663376284678,-154.14915361780464,0.0026711225509643555,0.9758586883544922,52.717381810989494,False,0.120200514793396,0.9758586883544922,False,False,False,False,False,False,False,97.56680332813667,0.0
1650.0,KL001,51.63543230076163,2.295710803777937,162.99999999999994,165.5846750214427,150.10676913544367,-40.01560707896013,-0.3676391839981079,0.9681549072265625,72.65980692819456,False,5.000000000000002,0.9681549072265625,True,True,False,True,False,False,False,119.31277439980754,0.0
1650.0,KL004,51.51498652465289,4.503919526171168,162.99999999999994,165.5846750214427,106.52932212328189,-16.490036546738963,0.318967342376709,0.9000496864318848,10.325735766198752,False,14.353530406951904,0.9000496864318848,False,False,False,False,False,False,False,18.936066847652103,0.0
1650.0,KL009,51.56845911830926,4.241106036385543,162.99999999999994,165.5846750214427,44.147018857652434,-1.6924500636851008,-0.568745493888855,0.26962709426879883,10.325735766198752,False,-25.593547224998474,0.26962709426879883,False,False,False,False,False,False,False,15.70785772237383,0.0
1650.0,KL0010,52.460330291989365,4.286454002480053,162.99999999999994,165.5846750214427,150.8620627231977,-154.30807312764583,0.12573730945587158,0.9751126766204834,53.57456653456534,False,5.658178925514221,0.9751126766204834,False,False,False,False,False,False,False,99.15327080666188,0.0
1660.0,KL001,51.65019332857318,2.298845500555403,162.99999999999994,165.5846750214427,148.75313538261233,-35.38239026891381,-0.6324833631515503,0.9562673568725586,71.78983912391242,False,5.000000000000002,0.9562673568725586,True,True,False,True,False,False,False,119.22982529794682,0.0
1660.0,KL004,51.509514902041666,4.481739278354357,162.99999999999994,165.5846750214427,104.89658240149443,-2.261297612338012,-0.457536518573761,0.7506102323532104,10.3242936254974,False,-20.589143335819244,0.7506102323532104,False,False,False,False,False,False,False,18.818006613612773,0.0
1660.0,KL009,51.56290927862758,4.218957128884901,162.99999999999994,165.5846750214427,42.525782259405936,-17.91733580346255,0.49609148502349854,0.4839804172515869,10.3242936254974,False,22.324116826057434,0.4839804172515869,False,False,False,False,False,False,False,18.87724176547514,0.0
1660.0,KL0010,52.4679350319903,4.3074607845101545,162.99999999999994,165.5846750214427,152.29555640169482,-148.9712485914936,-0.051342546939849854,0.9728477001190186,54.436485734764,False,-2.3104146122932434,0.9728477001190186,False,False,False,False,False,False,False,100.74856368685826,0.0
1670.0,KL001,51.66472864886891,2.304043115019785,162.99999999999994,165.5846750214427,147.32663582730834,-30.709724137829056,-0.6626012921333313,0.9419803619384766,70.85431950724897,False,0.0,0.9419803619384766,True,True,False,True,False,False,False,115.51530693547885,0.0
1670.0,KL004,51.5033523716635,4.4600419265244495,162.99999999999994,165.5846750214427,103.27968343934405,-18.259131593588677,0.3102496862411499,0.9105391502380371,10.36849730418809,False,13.961235880851746,0.9105391502380371,False,False,False,False,False,False,False,19.01077992271265,0.0
1670.0,KL009,51.55774173780857,4.19657312017883,162.99999999999994,165.5846750214427,40.89840461298076,-2.4646878642655565,-0.5512657165527344,0.2757434844970703,10.36849730418809,False,-24.806957244873047,0.2757434844970703,False,False,False,False,False,False,False,16.07041538514556,0.0
1670.0,KL0010,52.47587206132891,4.328145107279232,162.99999999999994,165.5846750214427,153.7548782199482,-151.5829105419164,0.20050430297851562,0.9716358184814453,55.338934023898545,False,9.022693634033203,0.9716358184814453,False,False,False,False,False,False,False,102.41894335545483,0.0
1680.0,KL001,51.679234989313365,2.309468307341696,162.99999999999994,165.5846750214427,145.89665005030443,-31.03822963303807,-0.6697121858596802,0.9425909519195557,69.94494331907775,False,5.000000000000002,0.9425909519195557,True,True,False,True,False,False,False,115.5760430167911,0.0
1680.0,KL004,51.49751183960141,4.43810861526989,162.99999999999994,165.5846750214427,101.65548759014193,-4.4562042836027445,-0.4085729122161865,0.7806717157363892,10.382630484604974,False,-18.385781049728394,0.7806717157363892,False,False,False,False,False,False,False,18.956991857288966,0.0
1680.0,KL009,51.552191898126885,4.174429431856839,162.99999999999994,165.5846750214427,39.281584063966655,-18.75459559219405,0.5504149198532104,0.5154871940612793,10.382630484604974,False,24.76867139339447,0.5154871940612793,False,False,False,False,False,False,False,18.997181901092382,0.0
1680.0,KL0010,52.48225154992521,4.3502090848786,162.99999999999994,165.5846750214427,155.11517947164373,-142.9181524573657,-0.12089550495147705,0.967066764831543,56.21767512799282,False,-5.440297722816467,0.967066764831543,False,False,False,False,False,False,False,104.04551296084894,0.0
1690.0,KL001,51.693433979529196,2.316692871684399,162.99999999999994,165.5846750214427,144.41040064103123,-26.329090260842577,-0.7718664407730103,0.9161471128463745,68.97973948059246,False,0.0,0.9161471128463745,True,True,False,True,False,False,False,111.6899554268612,0.0
1690.0,KL004,51.49091375121806,4.416750158949923,162.99999999999994,165.5846750214427,100.0525402212329,-20.495136633331754,0.24814951419830322,0.920769453048706,10.447386981879697,False,11.166728138923645,0.920769453048706,False,False,False,False,False,False,False,19.15203297728057,0.0
1690.0,KL009,51.547024357307876,4.152050696582079,162.99999999999994,165.5846750214427,37.65850143693387,-3.369991780729322,-0.5150443911552429,0.26689624786376953,10.447386981879697,False,-23.17699760198593,0.26689624786376953,False,False,False,False,False,False,False,17.015677431150273,0.0
1690.0,KL0010,52.489244650267935,4.3717922266365035,162.99999999999994,165.5846750214427,156.52364104126963,-148.6869572295878,0.2435368299484253,0.966920018196106,57.15103051154323,False,10.959157347679138,0.966920018196106,False,False,False,False,False,False,False,105.77325316317096,0.0
1700.0,KL001,51.707591887994134,2.3241408178185443,162.99999999999994,165.5846750214427,142.92062687866115,-26.620419317932942,-0.8085519671440125,0.9186265468597412,68.0429926266486,False,5.000000000000002,0.9186265468597412,True,True,False,True,False,False,False,111.8857609674468,0.0
1700.0,KL004,51.48446095516604,4.395245610813251,162.99999999999994,165.5846750214427,98.44439223704173,-9.540586902537768,-0.29790741205215454,0.8305482864379883,10.488613213856427,False,-13.405833542346954,0.8305482864379883,False,False,False,False,False,False,False,19.194488032305504,0.0
1700.0,KL009,51.54147451762619,4.1299122242052,162.99999999999994,165.5846750214427,36.0472831670371,-19.742343509468355,0.6309455633163452,0.5648632049560547,10.488613213856427,False,28.392550349235535,0.5648632049560547,False,False,False,False,False,False,False,19.22587313651206,0.0
1700.0,KL0010,52.49456979668661,4.394586950709082,162.99999999999994,165.5846750214427,157.81973009123973,-138.1108750442048,-0.26566147804260254,0.9586577415466309,58.05393567634192,False,-11.954766511917114,0.9586577415466309,False,False,False,False,False,False,False,107.44466971178,0.0
1710.0,KL001,51.72134648524089,2.333339750071422,162.99999999999994,165.5846750214427,141.38243149889217,-21.870975746719864,-0.8739330172538757,0.8851505517959595,67.05176746712272,False,0.0,0.8851505517959595,True,True,False,True,False,False,False,107.83541474299396,0.0
1710.0,KL004,51.476872838109664,4.37474288571931,162.99999999999994,165.5846750214427,96.8790275980851,-23.247593229802362,0.21620845794677734,0.932363748550415,10.604053375006982,False,9.72938060760498,0.932363748550415,False,False,False,False,False,False,False,19.436493505394736,0.0
1710.0,KL009,51.53630697680718,4.107538759094969,162.99999999999994,165.5846750214427,34.42976834458221,-4.445401961041171,-0.4430828094482422,0.1947944164276123,10.604053375006982,False,-19.9387264251709,0.1947944164276123,False,False,False,False,False,False,False,18.404505222931064,0.0
1710.0,KL0010,52.501027596411575,4.416571352565209,162.99999999999994,165.5846750214427,159.2019863683856,-150.40170916104242,0.395810604095459,0.9633815288543701,59.037032268053935,False,17.811477184295654,0.9633815288543701,False,False,False,False,False,False,False,109.26461507147066,0.0
1720.0,KL001,51.73504821149404,2.3427561062087126,162.99999999999994,165.5846750214427,139.84080535800322,-22.121121742541447,-0.8958145380020142,0.8868966102600098,66.09141712432215,False,0.0,0.8868966102600098,True,True,False,True,False,False,False,109.44088619117237,0.0
1720.0,KL004,51.469768843431794,4.353767214861666,162.99999999999994,165.5846750214427,95.29501724166073,-13.793372499998156,-0.17673826217651367,0.8604745864868164,10.677751170173202,False,-7.953221797943115,0.8604745864868164,False,False,False,False,False,False,False,19.570125029846796,0.0
1720.0,KL009,51.5307571371255,4.085405499432308,162.99999999999994,165.5846750214427,32.82580497161997,-20.924375046276623,0.7591207027435303,0.5595624446868896,10.677751170173202,False,34.16043162345886,0.5595624446868896,False,False,False,False,False,False,False,19.570125029846796,0.0
1720.0,KL0010,52.50634536458252,4.43934013953617,162.99999999999994,165.5846750214427,160.50923348273383,-134.94878002443704,-0.31854498386383057,0.9493070840835571,60.01689136575883,False,-14.334524273872375,0.9493070840835571,False,False,False,False,False,False,False,111.07857280207273,0.0
1730.0,KL001,51.748749937747185,2.352175317748759,162.99999999999994,165.5846750214427,138.30190530741834,-22.376840005976817,-0.8597286343574524,0.8844164609909058,65.14540152200003,False,5.000000000000002,0.8844164609909058,True,True,False,True,False,False,False,104.13578075787176,0.0
1730.0,KL004,51.46180219872435,4.333594082306794,162.99999999999994,165.5846750214427,93.74861186484289,-22.09553025505204,0.23509883880615234,0.9201982021331787,10.814592738339826,False,10.579447746276855,0.9201982021331787,False,False,False,False,False,False,False,19.820163582388094,0.0
1730.0,KL009,51.52558959630649,4.063037301222499,162.99999999999994,165.5846750214427,31.215671360808717,-5.742808675714002,-0.3763324022293091,0.21046233177185059,10.814592738339826,False,-16.93495810031891,0.21046233177185059,False,False,False,False,False,False,False,18.829407609387886,0.0
1730.0,KL0010,52.51200995164673,4.461892237147308,162.99999999999994,165.5846750214427,161.8479594164719,-149.63586079492774,0.46258997917175293,0.9589312076568604,61.03117636257009,False,20.816549062728882,0.9589312076568604,False,False,False,False,False,False,False,112.95634369857089,0.0
1740.0,KL001,51.76195546123461,2.363284157225089,162.99999999999994,165.5846750214427,136.722520716842,-17.588266437688134,-0.9451335668563843,0.853508472442627,64.17416537740327,False,0.0,0.853508472442627,True,True,False,True,False,False,False,105.87627393376708,0.0
1740.0,KL004,51.45518742595016,4.312224642284654,162.99999999999994,165.5846750214427,92.15304388160312,-11.774624736870635,-0.2889883518218994,0.8102116584777832,10.865133037756936,False,-13.004475831985474,0.8102116584777832,False,False,False,False,False,False,False,19.890011424291934,0.0
1740.0,KL009,51.520039756624804,4.040909251045811,162.99999999999994,165.5846750214427,29.621333158650863,-22.362881590200402,0.7824656963348389,0.589087724685669,10.865133037756936,False,35.21095633506775,0.589087724685669,False,False,False,False,False,False,False,19.911160923478054,0.0
1740.0,KL0010,52.51696585406231,4.484885947867922,162.99999999999994,165.5846750214427,163.14194932832567,-134.1831348250853,-0.26057517528533936,0.9407367706298828,62.063198874600005,False,-11.725882887840271,0.9407367706298828,False,False,False,False,False,False,False,114.86691290030113,0.0
1750.0,KL001,51.77509672686592,2.374602796341734,162.99999999999994,165.5846750214427,135.13996691152212,-17.798322561431092,-0.931052029132843,0.8409152030944824,63.209847514131006,False,0.0,0.8409152030944824,True,True,False,True,False,False,False,101.68939075084772,0.0
1750.0,KL004,51.44738329733897,4.291941784872746,162.99999999999994,165.5846750214427,90.60837932465056,-25.138245154055426,0.19909358024597168,0.9355214834213257,10.996470494059862,False,8.959211111068726,0.9355214834213257,False,False,False,False,False,False,False,20.151071774607775,0.0
1750.0,KL009,51.514872215805795,4.018546316474989,162.99999999999994,165.5846750214427,28.0212471037414,-7.337004691325774,-0.2478509545326233,0.2607860565185547,10.996470494059862,False,-11.153292953968048,0.2607860565185547,False,False,False,False,False,False,False,20.151071774607775,0.0
1750.0,KL0010,52.522129584000766,4.507788028294248,162.99999999999994,165.5846750214427,164.45867004404005,-146.2674447344969,0.49475598335266113,0.9515125751495361,63.12014855264826,False,22.26401925086975,0.9515125751495361,False,False,False,False,False,False,False,116.82370815415172,0.0
1760.0,KL001,51.78823799249722,2.385924732025976,162.99999999999994,165.5846750214427,133.55927408729877,-18.01335436988066,-0.9338298439979553,0.8495796918869019,62.28088400174197,False,0.0,0.8495796918869019,True,True,False,True,False,False,False,102.72983062539562,0.0
1760.0,KL004,51.44004812567477,4.271178735513067,162.99999999999994,165.5846750214427,89.04385349357355,-16.51353581817233,0.311237096786499,0.85221266746521,11.095646219054652,False,14.005669355392456,0.85221266746521,False,False,False,False,False,False,False,18.68550181774013,0.0
1760.0,KL009,51.50953830192626,3.996252602059429,162.99999999999994,165.5846750214427,26.430278529038727,-19.42488754523538,0.847541093826294,0.3031957149505615,11.095646219054652,False,38.13934922218323,0.3031957149505615,False,False,False,False,False,False,False,20.331715983915785,0.0
1760.0,KL0010,52.52607300557206,4.531309968496526,162.99999999999994,165.5846750214427,165.6907470115437,-130.83483549468343,-0.2984120845794678,0.9276020526885986,64.1554186240267,False,-13.42854380607605,0.9276020526885986,False,False,False,False,False,False,False,118.74026162744426,0.0
1770.0,KL001,51.80137925812853,2.397249966794572,162.99999999999994,165.5846750214427,131.9805090410374,-18.233534451404637,-0.9060577750205994,0.839165449142456,61.33627315100177,False,5.000000000000002,0.839165449142456,True,True,False,True,False,False,False,97.4129931717514,0.0
1770.0,KL004,51.43522776991079,4.248646089529427,162.99999999999994,165.5846750214427,87.41099502136333,-2.6590446740492553,-0.44156086444854736,0.5621893405914307,11.129566858007824,False,-19.87023890018463,0.5621893405914307,False,False,False,False,False,False,False,20.392761771297735,0.0
1770.0,KL009,51.505520909287526,3.973292787930368,162.99999999999994,165.5846750214427,24.811173039269917,-4.310984712429047,0.010696768760681152,0.09174966812133789,11.129566858007824,False,0.48135459423065186,0.09174966812133789,False,False,False,False,False,False,False,20.392761771297735,0.0
1770.0,KL0010,52.53033321792508,4.554698691016454,162.99999999999994,165.5846750214427,166.95475844081892,-144.6388985933747,0.5481188297271729,0.9461321830749512,65.17267291255796,False,24.66534733772278,0.9461321830749512,False,False,False,False,False,False,False,120.62371118062367,0.0
1780.0,KL001,51.81393520584918,2.410190833326599,162.99999999999994,165.5846750214427,130.36934167822182,-13.405258532386739,-0.9560526609420776,0.8078963756561279,60.29163758982563,False,0.0,0.8078963756561279,True,True,False,True,False,False,False,95.94407580764879,0.0
1780.0,KL004,51.429634169082405,4.226590270091157,162.99999999999994,165.5846750214427,85.7960528940241,-18.699805596294595,0.10953903198242188,0.8613412380218506,11.267631519373115,False,4.929256439208984,0.8613412380218506,False,False,False,False,False,False,False,20.646906618580985,0.0
1780.0,KL009,51.503422705885356,3.9496078180166436,162.99999999999994,165.5846750214427,23.159561501409843,-4.103286198766455,0.13858413696289062,0.08132362365722656,11.267631519373115,False,6.236286163330078,0.08132362365722656,False,False,False,False,False,False,False,20.646906618580985,0.0
1780.0,KL0010,52.53367522485302,4.578475164380302,162.99999999999994,165.5846750214427,168.15554999749307,-129.21240722202054,-0.1473957896232605,0.9186235666275024,66.07713983290144,False,-6.632810533046722,0.9186235666275024,False,False,False,False,False,False,False,122.29867380611309,0.0
1790.0,KL001,51.82641599789227,2.4233322418159027,162.99999999999994,165.5846750214427,128.75542000231098,-13.574501307845196,-0.9503942728042603,0.7988748550415039,59.23017094997335,False,0.0,0.7988748550415039,True,True,False,True,False,False,False,93.57930770849948,0.0
1790.0,KL004,51.423375658758445,4.204923877760619,162.99999999999994,165.5846750214427,84.19618155486863,-14.049248870199506,-0.15868937969207764,0.7222216129302979,11.47859685009973,False,-7.141022086143494,0.7222216129302979,False,False,False,False,False,False,False,21.036548774179497,0.0
1790.0,KL009,51.502699465517516,3.9257222173006734,162.99999999999994,165.5846750214427,21.50466409006161,2.226279438826282,-0.3523571491241455,0.04488325119018555,11.47859685009973,False,-15.856071710586548,0.04488325119018555,False,False,False,False,False,False,False,21.036548774179497,0.0
1790.0,KL0010,52.536630680831145,4.602458246226314,162.99999999999994,165.5846750214427,169.33656482772142,-136.2484737946159,0.37214207649230957,0.9284980297088623,66.92425106366791,False,16.74639344215393,0.9284980297088623,False,False,False,False,False,False,False,123.86779709077143,0.0
1800.0,KL001,51.83889678993536,2.4364772920666673,162.99999999999994,165.5846750214427,127.14265204931684,-13.748039984506477,-0.9509561657905579,0.8284633159637451,58.251796055289404,False,0.0,0.8284633159637451,True,True,False,True,False,False,False,95.21658675746248,0.0
1800.0,KL004,51.415890349976515,4.184296252510808,162.99999999999994,165.5846750214427,82.64676214070015,-21.581677753743463,0.18578505516052246,0.8810454607009888,11.696130050089776,False,8.36032748222351,0.8810454607009888,False,False,False,False,False,False,False,21.43691020690806,0.0
1800.0,KL009,51.49997732730087,3.9022796265224997,162.99999999999994,165.5846750214427,19.8658152511475,-14.134044194878612,0.6597224473953247,0.21429312229156494,11.696130050089776,False,29.687510132789612,0.21429312229156494,False,False,False,False,False,False,False,21.43691020690806,0.0
1800.0,KL0010,52.53761972809798,4.6268097379497,162.99999999999994,165.5846750214427,170.3601957899692,-120.87171630457954,-0.6407967209815979,0.8964588642120361,67.80874924888325,False,-28.835852444171906,0.8964588642120361,False,False,False,False,False,False,False,125.50540295700836,0.0
1810.0,KL001,51.851377581978454,2.449625986721954,162.99999999999994,165.5846750214427,125.53108220173338,-13.926036870125188,-0.5037413835525513,0.921393871307373,57.291064496630916,False,0.0,0.921393871307373,True,True,False,True,False,False,False,92.70663920274335,0.0
1810.0,KL004,51.40962271055601,4.16266170421219,162.99999999999994,165.5846750214427,81.05352400690418,-13.524995683116856,0.2678622007369995,0.4879140853881836,11.865522945548681,False,12.053799033164978,0.4879140853881836,False,False,False,False,False,False,False,21.748930882540417,0.0
1810.0,KL009,51.497659183710354,3.8787268708775686,162.99999999999994,165.5846750214427,18.223575505576427,1.1979258271762205,-0.2812631130218506,0.06233358383178711,11.865522945548681,False,-12.656840085983276,0.06233358383178711,False,False,False,False,False,False,False,21.415757363708643,0.0
1810.0,KL0010,52.53901739486997,4.651107337830401,162.99999999999994,165.5846750214427,171.429072766486,-137.12632570463407,0.5451728105545044,0.9216587543487549,68.72903270938403,False,24.532776474952698,0.9216587543487549,False,False,False,False,False,False,False,127.2093903717153,0.0
1820.0,KL001,51.86385837402155,2.4627783284273677,162.99999999999994,165.5846750214427,123.92075711812386,-14.108662373945293,-0.4735870361328125,0.92844557762146,56.37043868884093,False,0.0,0.92844557762146,True,True,False,True,False,False,False,93.91341350791843,0.0
1820.0,KL004,51.40576153168988,4.13965765762673,162.99999999999994,165.5846750214427,79.4101300035653,-1.5851459016129752,-0.38194406032562256,0.027882695198059082,11.916403729608394,False,-17.187482714653015,0.027882695198059082,False,False,False,False,False,False,False,21.842021634450255,0.0
1820.0,KL009,51.495055854858734,3.8552327222605225,162.99999999999994,165.5846750214427,16.58562582922167,-12.157501525926477,0.5745542049407959,0.17583119869232178,11.916403729608394,False,25.854939222335815,0.17583119869232178,False,False,False,False,False,False,False,21.842021634450255,0.0
1820.0,KL0010,52.54000644213681,4.675460153414406,162.99999999999994,165.5846750214427,172.4727451851697,-121.7388663702337,-0.5404605865478516,0.8849327564239502,69.67614891629611,False,-24.32072639465332,0.8849327564239502,False,False,False,False,False,False,False,128.96283808154755,0.0
1830.0,KL001,51.87633916606464,2.475934319831061,162.99999999999994,165.5846750214427,122.31172587840574,-14.29609550611059,-0.37953776121139526,0.9278826713562012,55.44772763798116,False,0.0,0.9278826713562012,True,True,False,True,False,False,False,92.58685996976932,0.0
1830.0,KL004,51.40074354991038,4.117262689869924,162.99999999999994,165.5846750214427,77.78884461175961,-17.62580874183996,0.2293531894683838,0.3581826686859131,12.05740998776132,False,10.32089352607727,0.3581826686859131,False,False,False,False,False,False,False,22.102261338221748,0.0
1830.0,KL009,51.49355114860229,3.8315125683039626,162.99999999999994,165.5846750214427,14.938492041581855,3.2842180806861165,-0.187180757522583,0.41909730434417725,12.05740998776132,False,-8.423134088516235,0.41909730434417725,False,False,False,False,False,False,False,22.102261338221748,0.0
1830.0,KL0010,52.5414041089088,4.69975907425138,162.99999999999994,165.5846750214427,173.56084948429276,-137.98281113399136,0.695414662361145,0.9175869226455688,70.62126058622455,False,31.293659806251526,0.9175869226455688,False,False,False,False,False,False,False,130.71298208947695,0.0
1840.0,KL001,51.88881995810773,2.4890939635837386,162.99999999999994,165.5846750214427,120.70404014020191,-14.488524413424301,-0.32716137170791626,0.932664155960083,54.55127905697825,False,0.0,0.932664155960083,True,True,False,True,False,False,False,93.3685479233833,0.0
1840.0,KL004,51.39579842951632,4.094787329197428,162.99999999999994,165.5846750214427,76.16425601446392,-7.524873840921032,0.031123638153076172,0.10472846031188965,12.202197511530892,False,1.4005637168884277,0.10472846031188965,False,False,False,False,False,False,False,22.369599627160685,0.0
1840.0,KL009,51.49218124616575,3.807717848858295,162.99999999999994,165.5846750214427,13.287352631739388,-5.549775941725272,0.46201956272125244,0.40203857421875,12.202197511530892,False,20.79088032245636,0.40203857421875,False,False,False,False,False,False,False,22.369599627160685,0.0
1840.0,KL0010,52.542393156175635,4.724113213882218,162.99999999999994,165.5846750214427,174.6238419560677,-122.58484348271091,-0.26299136877059937,0.8792116641998291,71.57187196157624,False,-11.834611594676971,0.8792116641998291,False,False,False,False,False,False,False,132.47324711470444,0.0
1850.0,KL001,51.901300750150824,2.502257262338661,162.99999999999994,165.5846750214427,119.09775430724402,-14.686146954479824,-0.2123916745185852,0.9309629201889038,53.63741777748438,False,0.0,0.9309629201889038,True,True,False,True,False,False,False,92.080328133089,0.0
1850.0,KL004,51.391905060454576,4.07175175683788,162.99999999999994,165.5846750214427,74.519377038871,-6.260295396195318,-0.38633936643600464,0.1590888500213623,12.35319936054959,False,-17.38527148962021,0.1590888500213623,False,False,False,False,False,False,False,22.649853981275573,0.0
1850.0,KL009,51.492591171869954,3.7838849338640705,162.99999999999994,165.5846750214427,11.63945590375315,10.720410826241107,-0.5653631687164307,0.4637688398361206,12.35319936054959,False,-25.44134259223938,0.4637688398361206,False,False,False,False,False,False,False,22.649853981275573,0.0
1850.0,KL0010,52.543606132183726,4.748467449748596,162.99999999999994,165.5846750214427,175.71623388560957,-134.83468595209638,0.6713459491729736,0.9038445949554443,72.47290060039032,False,30.210567712783813,0.9038445949554443,False,False,False,False,False,False,False,134.14249483873147,0.0
1860.0,KL001,51.91378154219392,2.5154242187516465,162.99999999999994,165.5846750214427,117.4929257108837,-14.889171317450177,-0.2021397352218628,0.9370332956314087,52.765875835041655,False,0.0,0.9370332956314087,True,True,False,True,False,False,False,93.15022385209632,0.0
1860.0,KL004,51.38590062384788,4.049996357594418,162.99999999999994,165.5846750214427,72.92902566922446,-22.41875723616147,0.5021417140960693,0.5308244228363037,12.601375546993577,False,22.59637713432312,0.5308244228363037,False,False,False,False,False,False,False,23.10919960983789,0.0
1860.0,KL009,51.492591190104456,3.7600424753685333,162.99999999999994,165.5846750214427,9.989927160532691,-4.769518058158496,0.3779318332672119,0.418168306350708,12.601375546993577,False,17.006932497024536,0.418168306350708,False,False,False,False,False,False,False,23.10919960983789,0.0
1860.0,KL0010,52.54356250882076,4.772876628645743,162.99999999999994,165.5846750214427,176.7088570317143,-119.44994802246873,-0.3212433457374573,0.8673920631408691,73.36387355274199,False,-14.455950558185577,0.8673920631408691,False,False,False,False,False,False,False,135.7926177629286,0.0
1870.0,KL001,51.92626233423701,2.528594835481075,162.99999999999994,165.5846750214427,115.88961480591911,-15.09781668414746,-0.09017479419708252,0.937565803527832,51.91539812223374,False,5.000000000000002,0.937565803527832,True,True,False,True,False,False,False,92.18086613685749,0.0
1870.0,KL004,51.38027335521269,4.027986701247536,162.99999999999994,165.5846750214427,71.32931855749565,-6.910225303921607,-0.4410727620124817,0.13192260265350342,12.847931889551498,False,-19.848274290561676,0.13192260265350342,False,False,False,False,False,False,False,23.56599996707129,0.0
1870.0,KL009,51.49300111580866,3.7362093460578483,162.99999999999994,165.5846750214427,8.34384126454513,11.831283313933,-0.6205634474754333,0.4860086441040039,12.847931889551498,False,-27.9253551363945,0.4860086441040039,False,False,False,False,False,False,False,23.56599996707129,0.0
1870.0,KL0010,52.543893605062856,4.797286184075542,162.99999999999994,165.5846750214427,177.7446639667199,-134.33126417302879,0.7431764602661133,0.8942677974700928,74.2848077638996,False,33.4429407119751,0.8942677974700928,False,False,False,False,False,False,False,137.49855397483742,0.0
1880.0,KL001,51.9380731478472,2.5432969985379215,162.99999999999994,165.5846750214427,114.26023498547472,-10.249981276651795,-0.6484837532043457,0.9103304147720337,51.04225830749727,False,0.0,0.9103304147720337,True,True,False,True,False,False,False,92.63160036433054,0.0
1880.0,KL004,51.37426891860599,4.006236830543617,162.99999999999994,165.5846750214427,69.74407195477632,-23.0988035249801,0.4593217372894287,0.5295400619506836,13.107715442266642,False,20.669478178024292,0.5295400619506836,False,False,False,False,False,False,False,24.046898489973174,0.0
1880.0,KL009,51.49300113404316,3.7123666731534017,162.99999999999994,165.5846750214427,6.696178887976746,-3.2210971688527366,0.22282624244689941,0.4087238311767578,13.107715442266642,False,10.027180910110474,0.4087238311767578,False,False,False,False,False,False,False,24.046898489973174,0.0
1880.0,KL0010,52.543495779754025,4.821686752989702,162.99999999999994,165.5846750214427,178.72608648731844,-118.94434035891223,-0.13223373889923096,0.8557275533676147,75.22091215695255,False,-5.950518250465393,0.8557275533676147,False,False,False,False,False,False,False,139.23212117657906,0.0
1890.0,KL001,51.94979847993849,2.5581891297085866,162.99999999999994,165.5846750214427,112.62857539595127,-10.398686081187236,-0.5835927128791809,0.9065828323364258,50.1937434462126,False,0.0,0.9065828323364258,True,True,False,True,False,False,False,109.12208804833861,0.0
1890.0,KL004,51.3686416499708,3.9842327660410395,162.99999999999994,165.5846750214427,68.14929730551289,-7.6209087796336235,-0.37701958417892456,0.09375381469726562,13.355191000031468,False,-16.965881288051605,0.09375381469726562,False,False,False,False,False,False,False,113.00983867626967,0.0
1890.0,KL009,51.49305676381794,3.6884828269628898,162.99999999999994,165.5846750214427,5.048238955639438,8.152504155009126,0.5582376718521118,0.6566574573516846,13.355191000031468,False,25.12069523334503,0.6566574573516846,False,False,False,False,False,False,False,inf,0.0
1890.0,KL0010,52.54257630888206,4.846117755659938,162.99999999999994,165.5846750214427,179.67376789168412,-125.33848087142084,0.4563412666320801,0.8618106842041016,76.16018416698472,False,20.535356998443604,0.8618106842041016,False,False,False,False,False,False,False,143.1547417913837,0.0
1900.0,KL001,51.961523812029775,2.5730851551963765,162.99999999999994,165.5846750214427,110.99769853091375,-10.551762550409705,-0.7398419976234436,0.8659772872924805,63.01219563307379,False,0.0,0.8659772872924805,True,True,False,True,False,False,False,112.80672266411688,0.0
1900.0,KL004,51.3626372133641,3.9624884201715895,162.99999999999994,165.5846750214427,66.56988315186484,-23.8438153488691,-0.012228965759277344,0.5557892322540283,63.01219563307379,False,-0.5503034591674805,0.5557892322540283,False,False,False,False,False,False,False,112.9319924788084,0.0
1900.0,KL0010,52.53964003324947,4.8700433410372685,162.99999999999994,165.5846750214427,180.4366105361049,-109.99050144644585,-0.9284151196479797,0.7736657857894897,78.24207114308638,False,-41.77868038415909,0.7736657857894897,False,False,False,False,False,False,False,144.7776080384457,0.0
1910.0,KL001,51.97324914412106,2.5879850776627347,162.99999999999994,165.5846750214427,109.36763930742738,-10.709403995453556,-0.7132558822631836,0.8646557331085205,62.62496805071732,False,-5.000000000000002,0.8646557331085205,True,True,False,True,False,False,False,113.82682168281764,0.0
1910.0,KL004,51.35484989642803,3.942161722032487,162.99999999999994,165.5846750214427,65.06990001301573,-24.996796386818858,0.02422773838043213,0.5683209896087646,62.62496805071732,False,1.0902482271194458,0.5683209896087646,False,False,False,False,False,False,False,113.65399395075737,0.0
1910.0,KL0010,52.53710668586615,4.89409125206475,162.99999999999994,165.5846750214427,181.25161455657667,-126.27804150218697,-0.08431661128997803,0.8381602764129639,79.24508088202722,False,-3.7942475080490112,0.8381602764129639,False,False,False,False,False,False,False,146.62808725121204,0.0
1920.0,KL001,51.98564903613936,2.6013647352234535,162.99999999999994,165.5846750214427,107.76688985612527,-15.937862361054243,-0.1739109754562378,0.8991076946258545,62.338633920836955,False,5.000000000000002,0.8991076946258545,True,True,False,True,False,False,False,112.89607042159707,0.0
1920.0,KL004,51.34730550159707,3.9216048543204773,162.99999999999994,165.5846750214427,63.5639228869254,-24.5118539859493,0.0203402042388916,0.5542006492614746,62.338633920836955,False,0.9153091907501221,0.5542006492614746,False,False,False,False,False,False,False,112.72913536311907,0.0
1920.0,KL0010,52.53731576049487,4.918569661987808,162.99999999999994,165.5846750214427,182.33056784775016,-130.47784434967147,0.39961278438568115,0.857562780380249,80.41471352059638,False,17.982575297355652,0.857562780380249,False,False,False,False,False,False,False,148.78739980214692,0.0
1930.0,KL001,51.997459849749546,2.6160863895776254,162.99999999999994,165.5846750214427,106.1422361979658,-11.114545707937197,-0.7045697569847107,0.8509160280227661,62.02587818713365,False,0.0,0.8509160280227661,True,True,False,True,False,False,False,112.71652819674462,0.0
1930.0,KL004,51.339967163044,3.900861006941952,162.99999999999994,165.5846750214427,62.05418973294672,-24.208949967730632,0.34389448165893555,0.6910395622253418,62.02587818713365,False,15.4752516746521,0.6910395622253418,False,False,False,False,False,False,False,109.51588096010751,0.0
1930.0,KL0010,52.53534883349442,4.942759678057703,162.99999999999994,165.5846750214427,183.22183424486403,-115.0997075015982,-0.7455024719238281,0.7738965749740601,81.47714892924155,False,-33.547611236572266,0.7738965749740601,False,False,False,False,False,False,False,150.74705878941066,0.0
1940.0,KL001,52.009185181840834,2.6309982721871186,162.99999999999994,165.5846750214427,104.51526458707532,-11.288271385699773,-0.6480857729911804,0.8263840675354004,61.62987211912685,False,0.0,-1.0,True,True,False,True,False,False,False,109.28310113057883,0.0
1940.0,KL004,51.33468178789745,3.878655127968372,162.99999999999994,165.5846750214427,60.46809568000624,-9.15301722569194,-0.1662251353263855,0.593392014503479,61.62987211912685,False,-7.480131089687347,0.593392014503479,False,False,False,False,False,False,False,111.00079700305561,0.0
1940.0,KL0010,52.533788949771846,4.967028422614375,162.99999999999994,165.5846750214427,184.16177502329055,-131.35580503477414,0.6798644065856934,0.8535912036895752,82.50202814576419,False,30.5938982963562,0.8535912036895752,False,False,False,False,False,False,False,152.63743209702506,0.0
1950.0,KL001,52.02070115356489,2.6456476976734145,159.5698558018131,162.1073281443386,102.91830951227061,-11.464240766658975,-0.6899596452713013,0.8597990274429321,61.267390876829666,False,-5.000000000000002,-1.0,True,True,True,True,False,True,True,111.73121989305935,0.0
1950.0,KL004,51.32956267764444,3.8562903970266778,162.99999999999994,165.5846750214427,58.8755616826818,-17.05623893257456,0.1236724853515625,0.6363273859024048,61.267390876829666,False,5.5652618408203125,0.6363273859024048,False,False,False,False,False,False,False,110.81972635131702,0.0
1950.0,KL0010,52.531822022771394,4.99121649581209,162.99999999999994,165.5846750214427,185.07458997552843,-115.96895973110665,-0.5061832070350647,0.7679433822631836,83.522378967733,False,-22.77824431657791,0.7679433822631836,False,False,False,False,False,False,False,154.51880418840761,0.0
1960.0,KL001,52.03262086247941,2.658511195950229,156.13972249447147,158.6295724986601,101.38587901724888,-16.70942960303975,-0.26349306106567383,0.9094357490539551,60.96716480696108,False,0.0,-1.0,True,True,True,True,False,True,True,110.75683100722345,0.0
1960.0,KL004,51.325288629868815,3.8334684796613105,162.99999999999994,165.5846750214427,57.26069448263056,-11.841492390806593,-0.025176584720611572,0.6015454530715942,60.96716480696108,False,-1.1329463124275208,0.6015454530715942,False,False,False,False,False,False,False,110.94109922482873,0.0
1960.0,KL0010,52.53026213904882,5.015483291344279,162.99999999999994,165.5846750214427,186.03536289032738,-132.21627883379253,0.790852427482605,0.8469723463058472,84.55368647762646,False,35.588359236717224,0.8469723463058472,False,False,False,False,False,False,False,156.42045450447023,0.0
1970.0,KL001,52.04435115204966,2.6709225971951223,152.70960007794022,155.15141322269102,99.8927397795234,-16.964350099414617,0.45683276653289795,0.927620530128479,60.7198119165172,False,0.0,-1.0,True,True,True,True,False,True,True,110.90085682911987,0.0
1970.0,KL004,51.32091077096185,3.8106926299752475,162.99999999999994,165.5846750214427,55.650451374241705,-13.357352482426279,0.04721724987030029,0.6052242517471313,60.7198119165172,False,2.124776244163513,0.6052242517471313,False,False,False,False,False,False,False,110.59036889031464,0.0
1970.0,KL0010,52.52829521204837,5.039669422073515,162.99999999999994,165.5846750214427,186.96909013312757,-116.82078758982803,-0.19361227750778198,0.7641568183898926,85.59084288398167,False,-8.71255248785019,0.7641568183898926,False,False,False,False,False,False,False,158.332224089657,0.0
1980.0,KL001,52.055817614171694,2.683057997370775,149.2794885521849,151.67285566732014,98.43515274869516,-17.221007511059838,0.34905505180358887,0.9385135173797607,60.48210751103202,False,0.0,-1.0,True,True,True,True,False,True,True,110.525365752204,0.0
1980.0,KL004,51.31705003239285,3.7876806989890572,162.99999999999994,165.5846750214427,54.029378355450376,-11.576375654919104,0.03750503063201904,0.5939295291900635,60.48210751103202,False,1.687726378440857,0.5939295291900635,False,False,False,False,False,False,False,110.2833021928738,0.0
1980.0,KL0010,52.52622370733867,5.063884028760523,162.99999999999994,165.5846750214427,187.90594378814265,-125.9596892939683,0.6828485727310181,0.8041555881500244,86.62492019689097,False,30.728185772895813,0.8041555881500244,False,False,False,False,False,False,False,160.2379667813425,0.0
1990.0,KL001,52.067020250371584,2.694917185380488,145.84938791717107,148.19390539535942,97.01306801867639,-17.479203397177287,0.19720840454101562,0.9468581676483154,60.25710907359914,False,0.0,-1.0,True,True,True,True,False,True,True,110.21843151150682,0.0
1990.0,KL004,51.31362559376861,3.7644943670427695,162.99999999999994,165.5846750214427,52.400468207441655,-10.200007632720144,0.034128785133361816,0.580338716506958,60.25710907359914,False,1.5357953310012817,0.580338716506958,False,False,False,False,False,False,False,110.00529582330876,0.0
1990.0,KL0010,52.5224505476389,5.087481213773089,162.99999999999994,165.5846750214427,188.68651406283354,-110.58833861187097,-0.42367351055145264,0.7246105670928955,87.5668592574402,False,-19.06530797481537,0.7246105670928955,False,False,False,False,False,False,False,161.97193729184445,0.0
2000.0,KL001,52.07795906399736,2.706499956727162,142.41929817286444,144.71456818066574,95.62643149176087,-17.738724422049643,0.15060043334960938,0.9544833898544312,60.04577903542742,False,5.000000000000002,-1.0,True,True,True,True,False,True,True,109.32837303956178,0.0
2000.0,KL004,51.31059348165537,3.7411702588890643,162.99999999999994,165.5846750214427,50.76541467358241,-8.945821612122074,0.05637848377227783,0.5764774084091187,60.04577903542742,False,2.5370317697525024,0.5764774084091187,False,False,False,False,False,False,False,108.87141327392727,0.0
2000.0,KL0010,52.51907527183552,5.111238345507081,162.99999999999994,165.5846750214427,189.51831803624393,-126.85297182192883,0.8184210062026978,0.803884744644165,88.5393316556758,False,36.8289452791214,0.803884744644165,False,False,False,False,False,False,False,163.76228138731835,0.0
2010.0,KL001,52.088048633593,2.719144668044121,138.98921931922933,141.23485000706262,94.24583471911512,-12.934010168172648,-0.4602043628692627,0.9356682300567627,59.77590311680482,False,-5.000000000000002,-1.0,True,True,True,True,False,True,True,109.37845950526706,0.0
2010.0,KL004,51.30818524226083,3.7176623572766214,162.99999999999994,165.5846750214427,49.12154090997732,-6.627623649888108,-0.123099684715271,0.4966011047363281,59.77590311680482,False,-5.539485812187195,0.4966011047363281,False,False,False,False,False,False,False,109.95339105835797,0.0
2010.0,KL0010,52.51530211213574,5.13483169113857,162.99999999999994,165.5846750214427,190.3218502027874,-111.47404794579518,0.01960134506225586,0.7237892150878906,89.48615247803541,False,0.8820605278015137,0.7237892150878906,False,False,False,False,False,False,False,165.50470303934858,0.0
2020.0,KL001,52.09840564551223,2.7303028446363524,135.55915135623192,137.75475706706493,92.92641293657381,-18.18838518741248,-0.07105493545532227,0.965355396270752,59.65805069299817,False,0.0,-1.0,True,True,True,True,False,True,True,109.97498343984672,0.0
2020.0,KL004,51.30457387534543,3.694559511163287,162.99999999999994,165.5846750214427,47.50181455391229,-12.563742150178825,0.1328105926513672,0.533090353012085,59.65805069299817,False,5.976476669311523,0.533090353012085,False,False,False,False,False,False,False,109.46226773062935,0.0
2020.0,KL0010,52.509548871106915,5.157400331546471,162.99999999999994,165.5846750214427,190.93121027481018,-111.06366900232601,0.09203159809112549,0.7155284881591797,90.38912855997721,False,4.141421914100647,0.7155284881591797,False,False,False,False,False,False,False,167.16347258934624,0.0
2030.0,KL001,52.10855303301941,2.7410550545574264,132.1290942838375,134.2742957603973,91.64522969974448,-18.449537631515255,-0.1746964454650879,0.9650828838348389,59.514621627814215,False,0.0,-1.0,True,True,True,True,False,True,True,109.39859765060292,0.0
2030.0,KL004,51.30208673424785,3.6710834317187597,162.99999999999994,165.5846750214427,45.861915919552885,-6.8547558955234535,-0.001247107982635498,0.5003474950790405,59.514621627814215,False,-0.05611985921859741,0.5003474950790405,False,False,False,False,False,False,False,109.40410261710991,0.0
2030.0,KL0010,52.5029014480337,5.179289979821836,162.99999999999994,165.5846750214427,191.45076504794966,-107.40200250893756,-0.02485901117324829,0.6922851800918579,91.2122807777971,False,-1.118655502796173,0.6922851800918579,False,False,False,False,False,False,False,168.67383446858648,0.0
2040.0,KL001,52.118437249493425,2.751530757203316,128.69904810201092,130.7934726923113,90.3991563713009,-18.711029176421334,-0.24394196271896362,0.9650800228118896,59.389576456339285,False,-5.000000000000002,-1.0,True,True,True,True,False,True,True,109.58222610980548,0.0
2040.0,KL004,51.29980071904487,3.6475483431075375,162.99999999999994,165.5846750214427,44.21944716802576,-7.1690740972999265,0.0657505989074707,0.5067696571350098,59.389576456339285,False,2.9587769508361816,0.5067696571350098,False,False,False,False,False,False,False,109.4191359090953,0.0
2040.0,KL0010,52.49643192074946,5.201322304681859,162.99999999999994,165.5846750214427,192.00458047587622,-108.99569354583954,0.28312385082244873,0.7012805938720703,92.06327975689831,False,12.740573287010193,0.7012805938720703,False,False,False,False,False,False,False,170.23523938200512,0.0
2050.0,KL001,52.12852864521354,2.760438143082086,125.26901281071852,127.31229467169935,89.22481829071685,-24.033539881233878,0.5840535163879395,0.9776079654693604,59.30265307481246,False,45.0,-1.0,True,True,True,True,False,True,True,104.08612256098624,0.0
2050.0,KL004,51.29824175619593,3.623863419223241,162.99999999999994,165.5846750214427,42.56914062843124,-4.379277179820349,0.013546466827392578,0.4942439794540405,59.30265307481246,False,0.609591007232666,0.4942439794540405,False,False,False,False,False,False,False,103.93635860092385,0.0
2050.0,KL0010,52.4881254486305,5.2215514530275335,162.99999999999994,165.5846750214427,192.3419260539619,-96.74523817610711,-0.4779040813446045,0.6170022487640381,92.7810714722122,False,-21.505683660507202,0.6170022487640381,False,False,False,False,False,False,False,171.5485862384886,0.0
2060.0,KL001,52.13708106242847,2.7719723583664053,121.83898840992528,123.83076870899717,88.01784310003113,-3.1020453099958445,-0.9222686886787415,0.9357328414916992,59.10888640317079,False,45.0,-1.0,True,True,True,True,False,True,True,100.3164765169834,0.0
2060.0,KL004,51.2968760197494,3.600148119924814,162.99999999999994,165.5846750214427,40.917477475648354,-3.9221444585995187,0.02714359760284424,0.514293909072876,59.10888640317079,False,1.2214618921279907,0.514293909072876,False,False,False,False,False,False,False,100.01616624803009,0.0
2060.0,KL0010,52.48075079124461,5.2427065201470135,162.99999999999994,165.5846750214427,192.81030229451292,-113.04775289824624,0.9683053493499756,0.914186954498291,93.01565527382863,False,43.5737407207489,0.914186954498291,False,False,False,False,False,False,False,167.7896969651765,0.0
2070.0,KL001,52.142301257694896,2.78735324512293,118.4089748995966,120.34890201388903,86.83393401291518,18.732848467489646,-0.9851436018943787,0.957453727722168,58.688368316392726,False,45.0,-1.0,True,True,True,True,False,True,True,96.43688022912517,0.0
2070.0,KL004,51.29582669425776,3.576392265526938,162.99999999999994,165.5846750214427,39.26386181239866,-2.814545158000101,0.05447566509246826,0.5086199045181274,58.688368316392726,False,2.4514049291610718,0.5086199045181274,False,False,False,False,False,False,False,95.83802444728208,0.0
2070.0,KL0010,52.47302319951304,5.263515924372861,162.99999999999994,165.5846750214427,193.2483773601638,-97.7050971149917,0.7011175155639648,0.8737503290176392,93.04348675382687,False,31.550288200378418,0.8737503290176392,False,False,False,False,False,False,False,167.69082366350236,0.0
2080.0,KL001,52.143554535877584,2.8042932229466917,114.97897227969803,116.86670199280134,85.84192993328965,41.492150126342295,-0.9952453374862671,0.9729864597320557,58.03417519895996,False,45.0,-1.0,True,True,True,True,False,True,True,92.7211781217892,0.0
2080.0,KL004,51.29539110732456,3.5525880239471244,162.99999999999994,165.5846750214427,37.60813667190866,-0.38295653219898895,0.0377345085144043,0.5340232849121094,58.03417519895996,False,1.6980528831481934,0.5340232849121094,False,False,False,False,False,False,False,92.31136310586093,0.0
2080.0,KL0010,52.4621324293379,5.280073830093379,162.99999999999994,165.5846750214427,193.25007904361718,-82.37776737697621,-0.7045741677284241,0.7526280879974365,92.88656633525663,False,-31.705837547779083,0.7526280879974365,False,False,False,False,False,False,False,172.84373103047872,0.0
2090.0,KL001,52.14077873250136,2.8202105331605583,111.54898055019513,113.38417624619314,85.19117686218777,65.15212660517997,-0.9982388615608215,0.9733269214630127,57.19111694234607,False,45.0,-1.0,True,True,True,True,False,True,True,90.14514349757196,0.0
2090.0,KL004,51.29541636330363,3.528773473922086,162.99999999999994,165.5846750214427,35.95259976197611,1.3751314098409466,0.06593585014343262,0.5244582891464233,57.19111694234607,False,2.9671132564544678,0.5244582891464233,False,False,False,False,False,False,False,89.44308770226304,0.0
2090.0,KL0010,52.4515243541634,5.297114523618848,162.99999999999994,165.5846750214427,193.31181540694453,-98.6967024960754,0.7655224800109863,0.8651895523071289,92.84473553396074,False,34.448511600494385,0.8651895523071289,False,False,False,False,False,False,False,172.91938801358694,0.0
2100.0,KL001,52.13454542142163,2.8326139861178596,108.11899971105295,109.90133256564143,84.98089273836602,89.64820348445016,-0.9989481568336487,0.9612517356872559,56.20759324802701,False,45.0,-1.0,True,True,True,True,False,True,True,88.53166706766665,0.0
2100.0,KL004,51.29617944786778,3.5049905841625972,162.99999999999994,165.5846750214427,34.30103795833832,4.545006417297657,0.025803685188293457,0.5526748895645142,56.20759324802701,False,1.1611658334732056,0.5526748895645142,False,False,False,False,False,False,False,88.26344111667153,0.0
2100.0,KL0010,52.440633583988266,5.313664347069292,162.99999999999994,165.5846750214427,193.34245490211526,-83.36908863566671,-0.6296259164810181,0.7234485149383545,92.95545160759848,False,-28.333166241645813,0.7234485149383545,False,False,False,False,False,False,False,173.1086579027176,0.0
2110.0,KL001,52.12602196415408,2.8395325791749753,104.68902976223714,106.41817893072314,85.23389818386478,114.89344703637278,-0.9990537762641907,0.9388182163238525,55.188618205607725,False,45.0,1.0,True,True,True,True,False,True,True,88.34788250974036,0.0
2110.0,KL004,51.29727966344523,3.481240367822429,162.99999999999994,165.5846750214427,32.653256408971906,5.995080362968622,0.04589283466339111,0.5565321445465088,55.188618205607725,False,2.0651775598526,0.5565321445465088,False,False,False,False,False,False,False,87.88282068284391,0.0
2110.0,KL0010,52.43002550881377,5.330696726185039,162.99999999999994,165.5846750214427,193.43308563927064,-99.68735513078127,0.8664188385009766,0.8385685682296753,93.31439840400391,False,38.988847732543945,0.8385685682296753,False,False,False,False,False,False,False,173.74194445077134,0.0
2120.0,KL001,52.11624076306546,2.8401396907964758,108.11832403704696,109.90064644626267,85.9152522140252,139.36382780879035,-0.9927045106887817,0.958733320236206,54.1839321523551,False,45.0,-1.0,True,True,True,True,False,True,True,89.4934396640896,0.0
2120.0,KL004,51.29890184959685,3.457566153506557,162.99999999999994,165.5846750214427,31.013696158487896,8.486675595574468,-0.06046074628829956,0.5812745094299316,54.1839321523551,False,-2.7207335829734802,0.5812745094299316,False,False,False,False,False,False,False,90.10472930843292,0.0
2120.0,KL0010,52.41913473863863,5.347238477579669,162.99999999999994,165.5846750214427,193.49262163817716,-84.35916146972087,-0.39946871995925903,0.6789779663085938,93.89665583351523,False,-17.976092398166656,0.6789779663085938,False,False,False,False,False,False,False,174.78761059675764,0.0
2130.0,KL001,52.107409534285445,2.8343380500229456,104.68835409037665,106.41749275108435,86.86170970729819,164.2370215782343,0.9786202907562256,0.9714889526367188,53.37014783589735,False,45.0,-1.0,True,True,True,True,False,True,True,92.55691213706223,0.0
2130.0,KL004,51.29986159063933,3.433799408717394,162.99999999999994,165.5846750214427,29.366562938994647,6.096928731931143,0.226088285446167,0.5495238304138184,53.37014783589735,False,10.173972845077515,0.5495238304138184,False,False,False,False,False,False,False,90.38690262003851,0.0
2130.0,KL0010,52.40852666346414,5.364262552790908,162.99999999999994,165.5846750214427,193.61207862776567,-100.67646567367555,0.9165215492248535,0.8042352199554443,94.71918137773339,False,41.24346971511841,0.8042352199554443,False,False,False,False,False,False,False,176.2826185155861,0.0
2140.0,KL001,52.10112853618142,2.8233792642300313,101.25839503399811,102.93403726742119,87.88513916647807,-170.35524093712706,0.9841129779815674,0.9726371765136719,52.68116106191944,False,14.999999999999996,-1.0,True,True,True,True,False,True,True,89.32435394226466,0.0
2140.0,KL004,51.30269248980517,3.4104513811541266,162.99999999999994,165.5846750214427,27.760315901490006,17.06713020969022,-0.2893112301826477,0.5469543933868408,52.68116106191944,False,-13.019005358219147,0.5469543933868408,False,False,False,False,False,False,False,92.11655754293089,0.0
2140.0,KL0010,52.397635893289,5.380796242326771,162.99999999999994,165.5846750214427,193.70044409429877,-85.34739881569826,-0.16541975736618042,0.6416752338409424,95.67716341226323,False,-7.443889081478119,0.6416752338409424,False,False,False,False,False,False,False,178.03409952714753,0.0
2150.0,KL001,52.09805041004756,2.8097137636003384,97.82844686787716,99.45028834071876,88.81137801059313,-155.58422115973565,0.9917353391647339,0.9792845249176025,52.282388015193234,False,-5.000000000000002,0.0,True,True,True,True,False,True,True,90.93137564766393,0.0
2150.0,KL004,51.304104498815335,3.386798342756266,162.99999999999994,165.5846750214427,26.12833392573866,4.600239758228497,0.2752227783203125,0.5493375062942505,52.282388015193234,False,12.385025024414062,0.5493375062942505,False,False,False,False,False,False,False,88.24570542482103,0.0
2150.0,KL0010,52.38653055975111,5.3970297361659325,162.99999999999994,165.5846750214427,193.77256246463287,-93.28661165205955,0.7354625463485718,0.7285720109939575,96.68466490691466,False,33.09581458568573,0.7285720109939575,False,False,False,False,False,False,False,179.88352969152243,0.0
2160.0,KL001,52.0948018803299,2.7961508451792803,97.82813625864532,99.4499728458647,89.74624002793999,-160.7964835495486,0.9917747974395752,0.9760804176330566,51.82784124005847,False,-5.000000000000002,1.0,True,True,True,True,False,True,True,86.47987699269585,0.0
2160.0,KL004,51.30639895185956,3.36331715909719,162.99999999999994,165.5846750214427,24.51870174977189,17.837319193773226,-0.30740559101104736,0.5344101190567017,51.82784124005847,False,-13.833251595497131,0.5344101190567017,False,False,False,False,False,False,False,89.48143230888593,0.0
2160.0,KL0010,52.37428606746715,5.410778548889049,162.99999999999994,165.5846750214427,193.64845748431878,-77.95563182386127,-0.6905514597892761,0.5469763278961182,97.59487742207352,False,-31.074815690517426,0.5469763278961182,False,False,False,False,False,False,False,181.54871689404658,0.0
2170.0,KL001,52.090711396957246,2.782679830723799,101.25745231706695,102.93307980486648,90.73898725711928,-165.95717205903287,0.992591142654419,0.9763197898864746,51.38345879264406,False,-5.000000000000002,1.0,True,True,True,True,False,True,True,87.999474647196,0.0
2170.0,KL004,51.30760492731271,3.3396390761622534,162.99999999999994,165.5846750214427,22.890296156369185,4.677449468313512,0.2742197513580322,0.5356389284133911,51.38345879264406,False,12.33988881111145,0.5356389284133911,False,False,False,False,False,False,False,85.27844227902327,0.0
2170.0,KL0010,52.36227798855971,5.425071718563582,162.99999999999994,165.5846750214427,193.58418673744472,-94.27261243318361,0.8267951011657715,0.7292264699935913,98.53832328800507,False,37.20577955245972,0.7292264699935913,False,False,False,False,False,False,False,183.2735044369774,0.0
2180.0,KL001,52.08575409057289,2.7694055101910235,104.68675748727249,106.41587131820084,91.78538260211491,-171.06348036224318,0.9912033081054688,0.9666199684143066,50.85174287426777,False,0.0,-1.0,True,True,True,True,False,True,True,84.19927482641073,0.0
2180.0,KL004,51.3095241884816,3.3160698064067993,162.99999999999994,165.5846750214427,21.28159917732442,18.003885490641267,-0.2788475751876831,0.4976388216018677,50.85174287426777,False,-12.54814088344574,0.4976388216018677,False,False,False,False,False,False,False,86.97029345927292,0.0
2180.0,KL0010,52.350033496275756,5.438812984977908,162.99999999999994,165.5846750214427,193.48874988611828,-78.94263372308279,-0.5909783244132996,0.5429365634918213,99.46634810118006,False,-26.59402459859848,0.5429365634918213,False,False,False,False,False,False,False,184.96643895857946,0.0
2190.0,KL001,52.080899257327275,2.7565317507533162,101.25679843596312,102.93241569598776,92.80399333357951,-171.1618797920051,0.9929428100585938,0.9747862815856934,50.37499000130732,False,-5.000000000000002,0.9747862815856934,True,True,False,True,False,False,False,85.5170734707807,0.0
2190.0,KL004,51.31041363809015,3.292344987234294,162.99999999999994,165.5846750214427,19.655132770257143,6.276315214110866,0.20071101188659668,0.5238702297210693,50.37499000130732,False,9.03199553489685,0.5238702297210693,False,False,False,False,False,False,False,83.35550218301738,0.0
2190.0,KL0010,52.338025417368314,5.453098313323853,162.99999999999994,165.5846750214427,193.45322081228198,-95.26023593301454,0.8903008699417114,0.7297015190124512,100.40437129164977,False,40.063539147377014,0.7297015190124512,False,False,False,False,False,False,False,186.67781076699143,0.0
2200.0,KL001,52.07525373297193,2.7440223014352374,104.59962996720472,106.32738872046951,93.86143152852298,-176.20772190046932,0.9915730953216553,0.966360330581665,49.81482020373301,False,-5.000000000000002,0.966360330581665,True,True,False,True,False,False,False,81.36061174755697,0.0
2200.0,KL004,51.311960852184434,3.268677066177175,162.99999999999994,165.5846750214427,18.04777558467088,16.504797820402075,-0.36271512508392334,0.3929281234741211,49.81482020373301,False,-16.32218062877655,0.3929281234741211,False,False,False,False,False,False,False,86.02213626917222,0.0
2200.0,KL0010,52.32578092508436,5.46683204416808,162.99999999999994,165.5846750214427,193.3865234017574,-79.93096761822773,-0.42975515127182007,0.541539192199707,101.31887648886534,False,-19.338981807231903,0.541539192199707,False,False,False,False,False,False,False,187.8981164177115,0.0
2210.0,KL001,52.06876296426732,2.7319884648426123,107.91355301856754,109.69270926003745,94.95570672168115,178.8030120420466,0.9923346042633057,0.9652223587036133,49.295063257319136,False,0.0,0.9652223587036133,True,True,False,True,False,False,False,85.86830039168625,0.0
2210.0,KL004,51.31180777775156,3.244929895491851,162.99999999999994,165.5846750214427,16.41353982934791,1.4639726694605883,0.14533114433288574,0.49707233905792236,49.295063257319136,False,6.539901494979858,0.49707233905792236,False,False,False,False,False,False,False,84.48341434877656,0.0
2210.0,KL0010,52.31377284617692,5.481109542341059,162.99999999999994,165.5846750214427,193.3797808101234,-96.2488985741721,0.9289857149124146,0.7307740449905396,102.24911405880376,False,41.804357171058655,0.7307740449905396,False,False,False,False,False,False,False,189.2083072424466,0.0
2220.0,KL001,52.062036829616254,2.7196376676366256,111.22356272939295,113.05375709030906,96.08357999069386,178.81696033297783,0.9907979965209961,0.9616267681121826,48.790685244209385,False,0.0,0.9616267681121826,True,True,False,True,False,False,False,84.38593769944522,0.0
2220.0,KL004,51.31123516029186,3.221134991212507,162.99999999999994,165.5846750214427,14.771698587247815,8.783203240252476,-0.10802954435348511,0.5083811283111572,48.790685244209385,False,-4.86132949590683,0.5083811283111572,False,False,False,False,False,False,False,85.29828589353988,0.0
2220.0,KL0010,52.30152835389296,5.49483574833352,162.99999999999994,165.5846750214427,193.34186869412463,-80.92004761061503,-0.16863715648651123,0.5455594062805176,103.17389527872557,False,-7.588672041893005,0.5455594062805176,False,False,False,False,False,False,False,190.53773758506964,0.0
2230.0,KL001,52.05511128097135,2.706922644613424,114.5212303974302,116.40196860566287,97.24489851903462,178.8309837366005,0.9907934665679932,0.9591059684753418,48.33075348021325,False,-5.000000000000002,0.9591059684753418,True,True,False,True,False,False,False,84.82265520322476,0.0
2230.0,KL004,51.30980195994987,3.19742718413275,162.99999999999994,165.5846750214427,13.121520211636431,4.480503394848029,0.012297630310058594,0.5295320749282837,48.33075348021325,False,0.5533933639526367,0.5295320749282837,False,False,False,False,False,False,False,84.74234207963428,0.0
2230.0,KL0010,52.289110788615204,5.5082450362168975,162.99999999999994,165.5846750214427,193.2898618987187,-89.00420575510572,0.6493353843688965,0.5035183429718018,104.01425443312263,False,29.220092296600342,0.5035183429718018,False,False,False,False,False,False,False,191.92159607163143,0.0
2240.0,KL001,52.04735666023489,2.694832564621885,117.8102421935852,119.7410824582589,98.43428871603237,173.90124901085505,0.9880430698394775,0.9588462114334106,47.81661419070935,False,0.0,0.9588462114334106,True,True,False,True,False,False,False,84.6606355936888,0.0
2240.0,KL004,51.30838003102611,3.173714377728415,162.99999999999994,165.5846750214427,11.472799373499436,5.75968228372858,-0.03887224197387695,0.5722085237503052,47.81661419070935,False,-1.749250888824463,0.5722085237503052,False,False,False,False,False,False,False,84.85770879766706,0.0
2240.0,KL0010,52.275790511428326,5.518955369277714,162.99999999999994,165.5846750214427,193.04428942712556,-73.66934595919582,-0.7619879841804504,0.40000855922698975,104.68480492662462,False,-34.28945928812027,0.40000855922698975,False,False,False,False,False,False,False,193.1269657556618,0.0
2250.0,KL001,52.03934107806267,2.6824813048414677,121.0983526773182,123.07896595350442,99.65644504644182,173.9757565656164,0.9876196384429932,0.9549500942230225,47.318980666534756,False,0.0,0.9549500942230225,True,True,False,True,False,False,False,84.82609953150798,0.0
2250.0,KL004,51.306510580321344,3.150082051231203,162.99999999999994,165.5846750214427,9.821605365915618,4.68897505810952,-0.026428401470184326,0.5525672435760498,47.318980666534756,False,-1.1892780661582947,0.5525672435760498,False,False,False,False,False,False,False,84.9200594568224,0.0
2250.0,KL0010,52.26265624224466,5.530259100455081,162.99999999999994,165.5846750214427,192.8580111667742,-89.98408226155223,0.7891603708267212,0.5177671909332275,105.40903890101366,False,35.512216687202454,0.5177671909332275,False,False,False,False,False,False,False,194.43024241504466,0.0
2260.0,KL001,52.031108859622236,2.6697985370948727,124.37309049368785,126.40295449712116,100.91180437829692,174.05039874105483,0.982437252998352,0.9658132791519165,46.83337192200294,False,0.0,0.9658132791519165,True,True,False,True,False,False,False,84.89899684229441,0.0
2260.0,KL004,51.30433060936993,3.126518937570933,162.99999999999994,165.5846750214427,8.16938073279354,4.208760820658881,-0.03545445203781128,0.5893456935882568,46.83337192200294,False,-1.5954503417015076,0.5893456935882568,False,False,False,False,False,False,False,84.97519900141037,0.0
2260.0,KL0010,52.24933596505778,5.540963044201623,162.99999999999994,165.5846750214427,192.64066152688662,-74.65145822309577,-0.6440091133117676,0.41380953788757324,106.13263317299695,False,-28.98041009902954,0.41380953788757324,False,False,False,False,False,False,False,195.73082468481863,0.0
2270.0,KL001,52.02265824791246,2.6567817386883843,127.68507458135063,129.7644183542248,102.20064182119651,174.12511324209777,0.9830116033554077,0.9626451730728149,46.36561177896033,False,0.0,0.9626451730728149,True,True,False,True,False,False,False,84.9719820371191,0.0
2270.0,KL004,51.30174167623671,3.1030631789050815,162.99999999999994,165.5846750214427,6.515641244514024,3.2776671434131117,-0.03080064058303833,0.5676596164703369,46.36561177896033,False,-1.3860288262367249,0.5676596164703369,False,False,False,False,False,False,False,84.9967532712795,0.0
2270.0,KL0010,52.236201695874115,5.552260035645216,162.99999999999994,165.5846750214427,192.4827909329897,-90.96806358976966,0.884170413017273,0.5319172143936157,106.9057107653569,False,39.78766858577728,0.5319172143936157,False,False,False,False,False,False,False,197.1215560835076,0.0
2280.0,KL001,52.01398937317648,2.643431299825591,130.98618273224017,133.11450613557054,103.52294440663783,174.1998238490209,0.8420877456665039,0.9722188711166382,108.36161677563506,False,0.0,0.9722188711166382,True,True,False,True,False,False,False,201.07580718941773,0.0
2280.0,KL0010,52.22288141868724,5.562957599975304,162.99999999999994,165.5846750214427,192.29384241675538,-75.63739958106697,0.7211371660232544,0.585838794708252,108.36161677563506,False,32.45117247104645,0.585838794708252,False,False,False,False,False,False,False,201.07580718941773,0.0
2290.0,KL001,52.0051006788827,2.629745018373808,134.32011461208884,136.497556274582,104.87895616005055,174.27447216960888,0.8355233669281006,0.972223162651062,109.01194321376329,False,-5.000000000000002,0.972223162651062,True,True,False,True,False,False,False,202.23039991929005,0.0
2290.0,KL0010,52.20827927789623,5.567318643225977,162.99999999999994,165.5846750214427,191.67759559526507,-60.27291141158719,-0.7128745913505554,0.34694337844848633,109.01194321376329,False,-25.0,0.34694337844848633,True,True,False,True,False,False,False,202.23039991929005,0.0
2300.0,KL001,51.99533362507868,2.6169490007013754,137.65405062493042,139.88025438882147,106.2541114090403,169.4080476307471,0.8240516185760498,0.9713689088821411,109.66277430863184,False,0.0,0.9713689088821411,True,True,False,True,False,False,False,203.3833836161162,0.0
2300.0,KL0010,52.19375648528545,5.572334099699781,162.99999999999994,165.5846750214427,191.11642367059767,-76.56287895999571,0.8356384038925171,0.5990519523620605,109.66277430863184,False,37.60372817516327,0.5990519523620605,False,False,False,False,False,False,False,203.3833836161162,0.0
2310.0,KL001,51.98526985116306,2.6039663736641288,140.9850462808866,143.25960745802743,107.6614230940686,169.54684729350168,0.8172426223754883,0.9708271026611328,110.2996949465936,False,0.0,0.9708271026611328,True,True,False,True,False,False,False,204.50901550157423,0.0
2310.0,KL0010,52.17915434449444,5.576692285740392,162.99999999999994,165.5846750214427,190.52516295590965,-61.204128659642265,-0.6239529848098755,0.38947367668151855,110.2996949465936,False,5.000000000000002,0.38947367668151855,True,True,False,True,False,False,False,204.50901550157423,0.0
2320.0,KL001,51.97496957768373,2.5906816776594614,144.31417316773556,146.63669766910974,109.10244502713167,169.6851994536736,0.8143316507339478,0.9694085121154785,110.77078738813682,False,0.0,0.9694085121154785,True,True,False,True,False,False,False,205.32538918943203,0.0
2320.0,KL0010,52.16426896570719,5.576183630070306,162.99999999999994,165.5846750214427,189.64494564288023,-56.62664898922185,-0.7467337846755981,0.2939436435699463,110.77078738813682,False,5.000000000000002,0.2939436435699463,True,True,False,True,False,False,False,205.32538918943203,0.0
2330.0,KL001,51.96443314431738,2.577095559348607,147.63842424850822,150.00847024022247,110.57714807983248,169.82299139830945,0.8113962411880493,0.9677659273147583,111.17867307001147,False,0.0,0.9677659273147583,True,True,False,True,False,False,False,206.02375543114277,0.0
2330.0,KL0010,52.14946742128334,5.5735624562159245,162.99999999999994,165.5846750214427,188.65533543312657,-52.02774163955533,-0.8289180994033813,0.19878077507019043,111.17867307001147,False,9.999999999999995,0.19878077507019043,True,True,False,True,False,False,False,206.02375543114277,0.0
2340.0,KL001,51.953660991025195,2.563208798806548,150.95703132201572,153.3741424238439,112.08548786959705,169.9601161960361,0.8092954158782959,0.9659254550933838,111.48181396330621,False,0.0,0.9659254550933838,True,True,False,True,False,False,False,206.5279347035,0.0
2340.0,KL0010,52.135043242722126,5.567669883414498,162.99999999999994,165.5846750214427,187.5023825609337,-42.38662727254342,-0.9066042900085449,-0.0029993057250976562,111.48181396330621,False,5.000000000000002,-0.0029993057250976562,True,True,False,True,False,False,False,206.5279347035,0.0
2350.0,KL001,51.94265360661239,2.549022243037656,154.26931572620342,156.7330228490859,113.62741196420147,170.09647335246495,0.8068767786026001,0.9636925458908081,111.69499984962165,False,0.0,0.9636925458908081,True,True,False,True,False,False,False,206.86588267433044,0.0
2350.0,KL0010,52.121163189978574,5.558899987556674,162.98919596958376,165.57372297956286,186.2158270724067,-37.70275954035537,-0.9368799924850464,-0.08791911602020264,111.69499984962165,False,0.0,-0.08791911602020264,True,True,False,True,False,False,False,206.86588267433044,0.0
2360.0,KL001,51.931411560295885,2.534536846522553,157.57393156881014,160.0837441935356,115.2028554739824,170.23196834666066,0.8045761585235596,0.9618003368377686,111.9142509260961,False,0.0,0.9618003368377686,True,True,False,True,False,False,False,207.21447709996272,0.0
2360.0,KL0010,52.107358529358834,5.549931022323496,162.68714872755444,165.26753609018945,184.92710594550138,-38.018845975175964,-0.9323909282684326,-0.08720922470092773,111.9142509260961,False,5.000000000000002,-0.08720922470092773,True,True,False,True,False,False,False,207.21447709996272,0.0
2370.0,KL001,51.91993539011598,2.519753527313502,160.87204734850224,163.42748903164826,116.81175671076643,170.36651386233984,0.8080589771270752,0.9591964483261108,112.0862871202706,False,0.0,0.9591964483261108,True,True,False,True,False,False,False,207.47605729230105,0.0
2370.0,KL0010,52.094050130510134,5.539268615713401,162.387537106736,164.96381495252598,183.56951428225426,-33.3060935232663,-0.9551151394844055,-0.17514508962631226,112.0862871202706,False,0.0,-0.17514508962631226,True,True,False,True,False,False,False,207.47605729230105,0.0
2380.0,KL001,51.908287115080796,2.5047523736768076,162.99999999999994,165.5846750214427,118.44542853044844,170.4993378169932,0.8089745044708252,0.9569718837738037,112.26212931566383,False,0.0,0.9569718837738037,True,True,False,True,False,False,False,207.74437990363407,0.0
2380.0,KL0010,52.08085137353189,5.528441254257612,161.78633924989208,164.35436122574293,182.21239632791412,-33.592449201480036,-0.9518884420394897,-0.17562079429626465,112.26212931566383,False,5.000000000000002,-0.17562079429626465,True,True,False,True,False,False,False,207.74437990363407,0.0
2390.0,KL001,51.89662714679454,2.489740057075447,162.99999999999994,165.5846750214427,120.08136233126318,170.62867410648204,0.804344892501831,0.9558968544006348,112.38284521309066,False,0.0,0.9558968544006348,True,True,False,True,False,False,False,207.91193440076938,0.0
2390.0,KL0010,52.06825926384724,5.516028469811047,161.183511812454,163.74324249226842,180.79661433870513,-28.84727494396853,-0.9677483439445496,-0.2519877552986145,112.38284521309066,False,0.0,-0.2519877552986145,True,True,False,True,False,False,False,207.91193440076938,0.0
2400.0,KL001,51.88496717850829,2.4747316357015343,162.99999999999994,165.5846750214427,121.71789346742518,170.75453228897868,0.8000047206878662,0.9548931121826172,112.49952579706509,False,0.0,0.9548931121826172,True,True,False,True,False,False,False,208.07225066647595,0.0
2400.0,KL0010,52.05580435865045,5.503491918518066,160.31877612311095,162.8665904569554,179.3840230264897,-29.100459845053052,-0.9661118388175964,-0.2507171630859375,112.49952579706509,False,5.000000000000002,-0.2507171630859375,True,True,False,True,False,False,False,208.07225066647595,0.0
2410.0,KL001,51.87330721022204,2.4597271069129736,162.99999999999994,165.5846750214427,123.35499826126238,170.87704958444488,0.7977771759033203,0.9527498483657837,112.56533709365102,False,0.0,0.9527498483657837,True,True,False,True,False,False,False,208.14005625709746,0.0
2410.0,KL0010,52.04405352762568,5.489496184074767,159.4584008362733,161.9943323626777,177.92345595020112,-24.319699073009133,-0.972936749458313,-0.3459036350250244,112.56533709365102,False,0.0,-0.3459036350250244,True,True,False,True,False,False,False,208.14005625709746,0.0
2420.0,KL001,51.861647241935785,2.444726468070048,162.99999999999994,165.5846750214427,124.99265426885438,170.99635614765282,0.7939395904541016,0.951303243637085,112.62904540886662,False,0.0,0.951303243637085,True,True,False,True,False,False,False,208.20432413663983,0.0
2420.0,KL0010,52.0324651796206,5.475428243907196,158.27157421869373,160.7910709418521,176.46938255813174,-24.536559722048935,-0.9705643057823181,-0.34971845149993896,112.62904540886662,False,0.0,-0.34971845149993896,True,True,False,True,False,False,False,208.20432413663983,0.0
2430.0,KL001,51.84998727364953,2.4297297165354137,162.99999999999994,165.5846750214427,126.63084020129274,171.11257551328947,0.7898232936859131,0.9498766660690308,112.69704954556789,False,0.0,0.9498766660690308,True,True,False,True,False,False,False,208.27671084483953,0.0
2430.0,KL0010,52.02096449113393,5.4614703229325485,157.07166797302506,159.57449791097733,175.02885073431548,-24.75533950328932,-0.9688388109207153,-0.3490533232688904,112.69704954556789,False,5.000000000000002,-0.3490533232688904,True,True,False,True,False,False,False,208.1758492159433,0.0
2440.0,KL001,51.83832730536328,2.4147368496741004,162.99999999999994,165.5846750214427,128.26953585183085,171.22582500813115,0.8473455905914307,0.8955674171447754,112.72045186376485,False,0.0,0.8955674171447754,True,True,False,True,False,False,False,208.14621952659277,0.0
2440.0,KL0010,52.01025576609904,5.4462151943120025,155.87404667862407,158.3601907961178,173.55243405426071,-19.937897829341523,-0.9816853404045105,-0.3695005178451538,112.72045186376485,False,0.0,-0.3695005178451538,True,True,False,True,False,False,False,208.22902918496462,0.0
2450.0,KL001,51.826667337077026,2.399747864853505,162.99999999999994,165.5846750214427,129.9087220284675,171.3362161330507,0.8449321985244751,0.8940074443817139,112.7433992444113,False,0.0,0.8940074443817139,True,True,False,True,False,False,False,208.22332165711126,0.0
2450.0,KL0010,51.99971479172916,5.430931630952752,154.6063029429421,157.074729241323,172.08440483772299,-20.117718447887285,-0.9778808355331421,-0.32757532596588135,112.7433992444113,False,0.0,-0.32757532596588135,True,True,False,True,False,False,False,208.2597860291385,0.0
2460.0,KL001,51.81500736879077,2.3847627594433902,162.99999999999994,165.5846750214427,131.54838049147304,171.44385491739058,0.8425650596618652,0.8924311399459839,112.77084501668533,False,0.0,0.8924311399459839,True,True,False,True,False,False,False,208.2597779382496,0.0
2460.0,KL0010,51.989251352218076,5.415764044374589,153.48235098847152,155.93502197188133,170.6288805249981,-20.299275061315143,-0.9694130420684814,-0.23557215929031372,112.77084501668533,False,0.0,-0.23557215929031372,True,True,False,True,False,False,False,208.2597779382496,0.0
2470.0,KL001,51.80334740050452,2.369781530815883,162.99999999999994,165.5846750214427,133.18849389544104,171.5488422479881,0.8403029441833496,0.8908309936523438,112.80156591246411,False,0.0,0.8908309936523438,True,True,False,True,False,False,False,208.26586519242548,0.0
2470.0,KL0010,51.97884415267198,5.400681496125011,152.67393911644135,155.11525069094776,169.18290976105487,-20.482953086986925,-0.9520907402038574,-0.12320089340209961,112.80156591246411,False,0.0,-0.12320089340209961,True,True,False,True,False,False,False,208.26586519242548,0.0
2480.0,KL001,51.79168743221827,2.3548041763454686,162.99999999999994,165.5846750214427,134.82904573551025,171.6512741749176,0.8381855487823486,0.8892091512680054,112.83397923283644,False,0.0,0.8892091512680054,True,True,False,True,False,False,False,208.27516169500225,0.0
2480.0,KL0010,51.968465734215684,5.38564414701097,152.25092130120828,154.68627977105356,167.74270070077992,-20.669275066657633,-0.927045464515686,-0.02041846513748169,112.83397923283644,False,5.000000000000002,-0.02041846513748169,True,True,False,True,False,False,False,207.64690596555133,0.0
2490.0,KL001,51.780027463932015,2.3398306934089907,162.99999999999994,165.5846750214427,136.47002029738755,171.75124219584353,0.8338601589202881,0.8864161968231201,112.8230673662105,False,0.0,0.8864161968231201,True,True,False,True,False,False,False,207.55975327083874,0.0
2490.0,KL0010,51.958853673781995,5.369342965883744,152.18041018591504,154.6147757524634,166.26474053752446,-15.818678905914794,-0.9330191016197205,0.06348073482513428,112.8230673662105,False,0.0,0.06348073482513428,True,True,False,True,False,False,False,207.5443292797267,0.0
2500.0,KL001,51.76836749564576,2.3248610793856472,162.99999999999994,165.5846750214427,138.11140261089355,171.84883352068567,0.8321638107299805,0.8849856853485107,112.80669181206817,False,0.0,0.8849856853485107,True,True,False,True,False,False,False,207.46786147402756,0.0
2500.0,KL0010,51.94931294504553,5.352885855834564,152.39764222800096,154.83506619721152,164.78168169769052,-15.96653809072842,-0.9198400974273682,0.09942078590393066,112.80669181206817,False,0.0,0.09942078590393066,True,True,False,True,False,False,False,207.44368489268754,0.0
2510.0,KL001,51.75670752735951,2.309895331656987,162.99999999999994,165.5846750214427,139.75317840670633,171.94413131817214,0.8303273916244507,0.8841485977172852,112.78896921167289,False,0.0,0.8841485977172852,True,True,False,True,False,False,False,207.36447574282823,0.0
2510.0,KL0010,51.93975094044749,5.336395559194413,152.7381345379476,155.1803489870702,163.29643844067914,-16.117421008485735,-0.9085451364517212,0.11594116687774658,112.78896921167289,False,0.0,0.11594116687774658,True,True,False,True,False,False,False,207.33625906339026,0.0
2520.0,KL001,51.74504755907326,2.294933447606907,162.99999999999994,165.5846750214427,141.39533407609304,172.03721494568265,0.8285331726074219,0.8831957578659058,112.76965376373887,False,0.0,0.8831957578659058,True,True,False,True,False,False,False,207.2539676289219,0.0
2520.0,KL0010,51.93016412001494,5.319865994579194,153.13528450594941,155.58308147011775,161.80850004921234,-16.271475446541558,-0.9007227420806885,0.12235760688781738,112.76965376373887,False,0.0,0.12235760688781738,True,True,False,True,False,False,False,207.22416588007897,0.0
2530.0,KL001,51.733387590787004,2.2799754246216506,162.99999999999994,165.5846750214427,143.03785663336208,172.12816016369118,0.8269665241241455,0.8821947574615479,112.74864691353996,False,0.0,0.8821947574615479,True,True,False,True,False,False,False,207.13867258420757,0.0
2530.0,KL0010,51.92055110915408,5.303294818160209,153.55443920674762,156.0081220321909,160.3176948312247,-16.428821255773443,-0.8955528736114502,0.12263274192810059,112.74864691353996,False,0.0,0.12263274192810059,True,True,False,True,False,False,False,207.1087806364873,0.0
2540.0,KL001,51.72172762250075,2.265021260089802,162.99999999999994,165.5846750214427,144.68073368084157,172.21703933598417,0.8256628513336182,0.8811055421829224,112.72593990883952,False,0.0,0.8811055421829224,True,True,False,True,False,False,False,207.02011177920832,0.0
2540.0,KL0010,51.910911849366705,5.2866819561532035,153.97453618718401,156.43411195247856,158.82405738172343,-16.589561760044944,-0.8923081755638123,0.11905598640441895,112.72593990883952,False,0.0,0.11905598640441895,True,True,False,True,False,False,False,206.9910694057771,0.0
2550.0,KL001,51.7100676542145,2.2500709514022885,162.99999999999994,165.5846750214427,146.32395337617626,172.30392161673944,0.8246536254882812,0.8798973560333252,112.70158059204634,False,0.0,0.8798973560333252,True,True,False,True,False,False,False,206.89934435267108,0.0
2550.0,KL0010,51.90124710757498,5.270028757012133,154.38236489767175,156.8476556066183,157.32775190934584,-16.75379037997726,-0.8904282450675964,0.11300158500671387,112.70158059204634,False,0.0,0.11300158500671387,True,True,False,True,False,False,False,206.87175790726153,0.0
2560.0,KL001,51.698407685928245,2.23512449595237,162.99999999999994,165.5846750214427,147.9675044017758,172.38887312545285,0.8239585161209106,0.8785462379455566,112.6756534515442,False,0.0,0.8785462379455566,True,True,False,True,False,False,False,206.7771567999362,0.0
2560.0,KL0010,51.89155818159161,5.253337482564426,154.7694279768024,157.240137252142,155.82902622436455,-16.92159462935271,-0.889500081539154,0.10532903671264648,112.6756534515442,False,0.0,0.10532903671264648,True,True,False,True,False,False,False,206.75142395636988,0.0
2570.0,KL001,51.68674771764199,2.220181891135645,162.99999999999994,165.5846750214427,149.61137593625472,172.47195711061386,0.8235921859741211,0.8770315647125244,112.64826713157974,False,0.0,0.8770315647125244,True,True,False,True,False,False,False,206.65416713346778,0.0
2570.0,KL0010,51.881846715915394,5.2366109897912825,155.13017585076173,157.60593057139917,154.32818297330036,-17.093058634436233,-0.8892229795455933,0.09659910202026367,112.64826713157974,False,0.0,0.09659910202026367,True,True,False,True,False,False,False,206.63054930196716,0.0
2580.0,KL001,51.67508774935574,2.20524313435004,162.99999999999994,165.5846750214427,151.25555762770102,172.5532341029686,0.8235630989074707,0.875335693359375,112.61954627075376,False,0.0,0.875335693359375,True,True,False,True,False,False,False,206.53088362224906,0.0
2580.0,KL0010,51.87211458155641,5.2198525232591235,155.46098216251312,157.94135954731206,152.8255608852901,-17.26826480116972,-0.8894952535629272,0.09036123752593994,112.61954627075376,False,0.0,0.09036123752593994,True,True,False,True,False,False,False,206.50877430746792,0.0
2590.0,KL001,51.66342778106949,2.1903082229958106,162.99999999999994,165.5846750214427,152.90003956865323,172.63276205912223,0.8238561153411865,0.8734691143035889,112.58957927332825,False,0.0,0.8734691143035889,True,True,False,True,False,False,False,206.4068542847051,0.0
2590.0,KL0010,51.86236311545738,5.203064405431184,155.770393877528,158.2550914778482,151.32141737462385,-17.44730756560358,-0.8902127742767334,0.08684325218200684,112.58957927332825,False,5.000000000000002,0.08684325218200684,True,True,False,True,False,False,False,205.7093606726559,0.0
2600.0,KL001,51.651767812783234,2.1753771544755383,162.99999999999994,165.5846750214427,154.54481227264964,172.7105964961853,0.8209648132324219,0.8703670501708984,112.51906148718281,False,5.000000000000002,0.8703670501708984,True,True,False,True,False,False,False,206.36704268960543,0.0
2600.0,KL0010,51.853438019775226,5.185063784881668,156.06773923379995,158.55658539593506,149.78165158747268,-12.584141875200089,-0.9078665971755981,0.0786581039428711,112.51906148718281,False,-5.000000000000002,0.0786581039428711,True,True,False,True,False,False,False,207.0256166397514,0.0
2610.0,KL001,51.64086360434498,2.1590400284164537,162.99999999999994,165.5846750214427,156.1993721269123,177.74031584898705,0.8721129894256592,0.8604719638824463,112.52852979001311,False,-5.000000000000002,0.8604719638824463,True,True,False,True,False,False,False,206.18945415376004,0.0
2610.0,KL0010,51.843745868167105,5.168084271926878,156.33701164331714,158.82961200559427,148.2705439262971,-17.765462196782465,-0.8822996616363525,0.04909360408782959,112.52852979001311,False,5.000000000000002,0.04909360408782959,True,True,False,True,False,False,False,205.50132893419297,0.0
2620.0,KL001,51.62929529532038,2.14393932244332,162.99999999999994,165.5846750214427,157.8459854094565,172.8097120916675,0.8230983018875122,0.8663151264190674,112.46215725801106,False,9.999999999999995,0.8663151264190674,True,True,False,True,False,False,False,206.8551953395234,0.0
2620.0,KL0010,51.834795289620864,5.150041510022667,156.50488800079427,158.99982760381386,146.7285594403576,-12.908913802342738,-0.91093909740448,0.0624006986618042,112.46215725801106,False,0.0,0.0624006986618042,True,True,False,True,False,False,False,206.85381030657965,0.0
2630.0,KL001,51.6189257289522,2.1267708565320738,162.99999999999994,165.5846750214427,159.49959633153648,-177.1916998766162,0.9105384349822998,0.8535034656524658,112.45777530927505,False,40.97422957420349,0.8535034656524658,False,False,False,False,False,False,False,206.8669483107487,0.0
2630.0,KL0010,51.82593091773489,5.131845863652706,156.71840219166367,159.21631552994987,145.18169384619443,-13.050150209586718,-0.9040435552597046,0.018911123275756836,112.45777530927505,False,-5.000000000000002,0.018911123275756836,True,True,False,True,False,False,False,206.8669483107487,0.0
2640.0,KL001,51.61087703250041,2.1066837708755415,162.99999999999994,165.5846750214427,161.1137218843372,-161.48432362389315,0.9576277732849121,0.883757472038269,112.5820403369018,False,43.093249797821045,0.883757472038269,False,False,False,False,False,False,False,207.05506035036166,0.0
2640.0,KL0010,51.81621170739009,5.114827676634309,156.78276269715133,159.2815721055331,143.6701769447762,-18.242685012381003,-0.8908774852752686,0.13516485691070557,112.5820403369018,False,5.000000000000002,0.13516485691070557,True,True,False,True,False,False,False,207.05506035036166,0.0
2650.0,KL001,51.60653439119456,2.0838265349630745,162.99999999999994,165.5846750214427,162.57468281891116,-145.9241920157251,0.975698709487915,0.9088318347930908,112.74360723884901,False,43.90644192695618,0.9088318347930908,False,False,False,False,False,False,False,207.3212370098387,0.0
2650.0,KL0010,51.80721793793212,5.096711948832052,157.24582990326655,159.75108212733505,142.1241388419147,-13.396736675946102,-0.9300247430801392,0.19092965126037598,112.74360723884901,False,0.0,0.19092965126037598,True,True,False,True,False,False,False,207.3212370098387,0.0
2660.0,KL001,51.606226912788244,2.0599298598546545,162.99999999999994,165.5846750214427,163.77693590442246,-130.48873578923337,0.9794394969940186,0.9300060272216797,112.90720539137128,False,44.074777364730835,0.9300060272216797,False,False,False,False,False,False,False,205.8267261245495,0.0
2660.0,KL0010,51.798286857594405,5.078390602871241,157.90014806488693,160.41449110637143,140.5688363406213,-13.54911502630398,-0.9372106790542603,0.1938152313232422,112.90720539137128,False,0.0,0.1938152313232422,True,True,False,True,False,False,False,205.7798859098925,0.0
2670.0,KL001,51.60997789958079,2.0368027229504055,162.99999999999994,165.5846750214427,164.63564932315887,-115.14828692151565,0.973859429359436,0.942473292350769,113.01351770654612,False,43.82367432117462,0.942473292350769,False,False,False,False,False,False,False,203.02773237319278,0.0
2670.0,KL0010,51.78931828428831,5.059995995466834,158.5643606113531,161.0879164056624,139.00802906799186,-13.70556352896972,-0.9490239024162292,0.19280946254730225,113.01351770654612,False,-5.000000000000002,0.19280946254730225,True,True,False,True,False,False,False,203.79624590225473,0.0
2680.0,KL001,51.61750308244883,2.016196199533363,162.99999999999994,165.5846750214427,165.09134412540487,-99.8682929814671,0.9659773111343384,0.9614243507385254,113.0453042986235,False,43.46897900104523,0.9614243507385254,False,False,False,False,False,False,False,200.51009047871935,0.0
2680.0,KL0010,51.779450822780156,5.04272314388571,159.22512163750386,161.75782674708483,137.47865383161016,-18.9170263754078,-0.9442620277404785,0.23631763458251953,113.0453042986235,False,5.000000000000002,0.23631763458251953,True,True,False,True,False,False,False,199.6226629334237,0.0
2690.0,KL001,51.62823216422647,1.999671558928966,162.99999999999994,165.5846750214427,165.11287082505035,-84.61131492718835,0.9492809772491455,0.9753079414367676,112.87670920245942,False,42.71764397621155,0.9753079414367676,False,False,False,False,False,False,False,195.72565870874877,0.0
2690.0,KL0010,51.770294473694925,5.024306275759693,160.03509735274133,162.57899666735022,135.91017375812524,-14.08897321846328,-0.9648355841636658,0.22682952880859375,112.87670920245942,False,0.0,0.22682952880859375,True,True,False,True,False,False,False,195.67311754324405,0.0
2700.0,KL001,51.64135203976561,1.988482384203793,162.99999999999994,165.5846750214427,164.69885988219355,-69.33884239104094,0.942394495010376,0.9839305877685547,112.50196083433667,False,29.999999999999993,0.9839305877685547,True,True,False,True,False,False,False,193.62077231892948,0.0
2700.0,KL0010,51.761199003922236,5.005663001295422,160.8125298356954,163.36715154184088,134.33107488798217,-14.259520470635778,-0.9694472551345825,0.2409346103668213,112.50196083433667,False,0.0,0.2409346103668213,True,True,False,True,False,False,False,193.56564203175947,0.0
2710.0,KL001,51.65586841723731,1.9834795178367666,162.99999999999994,165.5846750214427,163.877740919904,-54.013036321038214,0.8171514272689819,0.9606344699859619,111.90311012500865,False,9.999999999999995,0.9606344699859619,True,True,False,True,False,False,False,193.12256816016404,0.0
2710.0,KL0010,51.75205692463536,4.986927974934458,161.6383350141178,164.2043225469981,132.74511337699278,-14.435029200730867,-0.9719391465187073,0.2456188201904297,111.90311012500865,False,0.0,0.2456188201904297,True,True,False,True,False,False,False,193.06710486685722,0.0
2720.0,KL001,51.670726279795524,1.9844725826649696,162.99999999999994,165.5846750214427,162.73278683314774,-44.43206694668794,-0.20807868242263794,0.9005454778671265,111.09396458866514,False,-9.363540709018707,0.9005454778671265,False,False,False,False,False,False,False,194.1410501531446,0.0
2720.0,KL0010,51.74286733065217,4.96809939826239,162.48020266149874,165.05775186719058,131.1521962162799,-14.61572651143996,-0.9731833338737488,0.2456648349761963,111.09396458866514,False,-5.000000000000002,0.2456648349761963,True,True,False,True,False,False,False,195.01018862322866,0.0
2730.0,KL001,51.685590793732295,1.9836327148023722,162.99999999999994,165.5846750214427,161.6918746694742,-54.249294303735496,0.7492389678955078,0.9589571952819824,110.41385193427288,False,9.999999999999995,0.9589571952819824,True,True,False,True,False,False,False,191.76740104457755,0.0
2730.0,KL0010,51.7327707641592,4.950429831918877,162.99999999999994,165.5846750214427,129.59498878903338,-19.856046023477518,-0.9675129055976868,0.27367937564849854,110.41385193427288,False,5.000000000000002,0.27367937564849854,True,True,False,True,False,False,False,190.84930459781353,0.0
2740.0,KL001,51.70044089813709,1.9848926258882156,162.99999999999994,165.5846750214427,160.5519258497661,-44.67580533842849,-0.2788817882537842,0.8958317041397095,109.63568522385725,False,-12.549680471420288,0.8958317041397095,False,False,False,False,False,False,False,192.7121182264395,0.0
2740.0,KL0010,51.723441619012625,4.93169658442846,162.99999999999994,165.5846750214427,128.00483779821175,-15.053907676839543,-0.9736124277114868,0.238822340965271,109.63568522385725,False,0.0,0.238822340965271,True,True,False,True,False,False,False,192.71211822643937,0.0
2750.0,KL001,51.71528372325113,1.9838424419497498,162.99999999999994,165.5846750214427,159.5436546674001,-57.693619600929765,0.8752360343933105,0.9685637950897217,108.95704892378619,False,9.999999999999995,0.9685637950897217,True,True,False,True,False,False,False,189.52210543093491,0.0
2750.0,KL0010,51.71422268857119,4.912819862215401,162.99999999999994,165.5846750214427,126.41152107149581,-15.249800560356277,-0.972966194152832,0.2253563404083252,108.95704892378619,False,0.0,0.2253563404083252,True,True,False,True,False,False,False,189.52210543093477,0.0
2760.0,KL001,51.73015386545905,1.984035489699505,162.99999999999994,165.5846750214427,158.4780633608979,-48.14935702773698,-0.11215221881866455,0.9203667640686035,108.2515531175501,False,-5.046849846839905,0.9203667640686035,False,False,False,False,False,False,False,189.749201900405,0.0
2760.0,KL0010,51.705003758129756,4.893946987370534,162.99999999999994,165.5846750214427,124.81972098296168,-15.450692450234328,-0.9742513298988342,0.231512188911438,108.2515531175501,False,-5.000000000000002,0.231512188911438,True,True,False,True,False,False,False,190.70303176120723,0.0
2770.0,KL001,51.745038324116564,1.9834708266876122,162.99999999999994,165.5846750214427,157.46220564438335,-53.67017346182416,0.5062620639801025,0.9507172107696533,107.64170692604169,False,0.0,0.9507172107696533,True,True,False,True,False,False,False,190.03863590100465,0.0
2770.0,KL0010,51.69490719163679,4.876292210062642,162.99999999999994,165.5846750214427,123.27070895661227,-20.71385959983681,-0.968283474445343,0.26780200004577637,107.64170692604169,False,5.000000000000002,0.26780200004577637,True,True,False,True,False,False,False,189.07107113520595,0.0
2780.0,KL001,51.75992143638784,1.9826689844443537,162.99999999999994,165.5846750214427,156.4701261443411,-54.15384093789805,0.5293867588043213,0.9517672061920166,107.01979237786429,False,0.0,0.9517672061920166,True,True,False,True,False,False,False,188.27767922025853,0.0
2780.0,KL0010,51.685578046490214,4.857574636358163,162.99999999999994,165.5846750214427,121.68749965238634,-15.93318772290877,-0.9741660356521606,0.2242354154586792,107.01979237786429,False,0.0,0.2242354154586792,True,True,False,True,False,False,False,188.27767922025842,0.0
2790.0,KL001,51.77480454865912,1.9818668778468147,162.99999999999994,165.5846750214427,155.48933670729377,-54.64364486416787,0.9141814708709717,0.9849737882614136,106.4126298701266,False,0.0,0.9849737882614136,True,True,False,True,False,False,False,187.54292876297632,0.0
2790.0,KL0010,51.67635911604878,4.838713702766211,162.99999999999994,165.5846750214427,120.10115903749474,-16.15102420214481,-0.9742210507392883,0.22889173030853271,106.4126298701266,False,0.0,0.22889173030853271,True,True,False,True,False,False,False,187.5429287629762,0.0
2800.0,KL001,51.7896876609304,1.9810645066664732,162.99999999999994,165.5846750214427,154.52005232031152,-55.13962983623429,0.9118590354919434,0.9855974912643433,105.8263576942364,False,-5.000000000000002,0.9855974912643433,True,True,False,True,False,False,False,188.06729760313823,0.0
2800.0,KL0010,51.667140185607344,4.819856608105829,162.99999999999994,165.5846750214427,118.51660205347955,-16.374689118807623,-0.9738138318061829,0.23662030696868896,105.8263576942364,False,-5.000000000000002,0.23662030696868896,True,True,False,True,False,False,False,189.06840879857066,0.0
2810.0,KL001,51.80448468415918,1.9783977201905127,162.99999999999994,165.5846750214427,153.67066664059743,-60.6670003612125,0.9341291189193726,0.9894506931304932,105.38045292633308,False,0.0,0.9894506931304932,True,True,False,True,False,False,False,188.71667170921054,0.0
2810.0,KL0010,51.657043619114376,4.802216587400852,162.99999999999994,165.5846750214427,116.9770630322676,-21.66421452194993,-0.9685282111167908,0.25116634368896484,105.38045292633308,False,5.000000000000002,0.25116634368896484,True,True,False,True,False,False,False,187.70273793797477,0.0
2820.0,KL001,51.819267899306354,1.9754997298195098,162.99999999999994,165.5846750214427,152.84809379642837,-61.20315660578609,0.9295186996459961,0.9893268346786499,104.92078943342993,False,0.0,0.9893268346786499,True,True,False,True,False,False,False,187.2169843500515,0.0
2820.0,KL0010,51.6477144739678,4.783514653115678,162.99999999999994,165.5846750214427,115.40197182209805,-16.908505045512072,-0.9721487760543823,0.2405228614807129,104.92078943342993,False,0.0,0.2405228614807129,True,True,False,True,False,False,False,187.21698435005138,0.0
2830.0,KL001,51.83405111445353,1.972600788417578,162.99999999999994,165.5846750214427,152.03904698996044,-61.74506616513179,0.9289556741714478,0.9893038272857666,104.47648578604722,False,0.0,0.9893038272857666,True,True,False,True,False,False,False,186.79080594762542,0.0
2830.0,KL0010,51.63849554352637,4.764669473532393,162.99999999999994,165.5846750214427,113.82381923159149,-17.15192678782114,-0.9715075492858887,0.24244356155395508,104.47648578604722,False,0.0,0.24244356155395508,True,True,False,True,False,False,False,186.7908059476253,0.0
2840.0,KL001,51.848834329600706,1.9697008951671984,162.99999999999994,165.5846750214427,151.24374328630716,-62.29272366792219,0.9287600517272949,0.9892172813415527,104.05394653181844,False,0.0,0.9892172813415527,True,True,False,True,False,False,False,186.408519608069,0.0
2840.0,KL0010,51.62927661308493,4.745828124468538,162.99999999999994,165.5846750214427,112.24777987798639,-17.40218898142723,-0.9707401394844055,0.24215435981750488,104.05394653181844,False,-5.000000000000002,0.24215435981750488,True,True,False,True,False,False,False,187.45487477697233,0.0
2850.0,KL001,51.86361754474788,1.966800049249921,162.99999999999994,165.5846750214427,150.46240061355246,-62.846119428146096,0.9317288398742676,0.9891748428344727,103.70648120104113,False,0.0,0.9891748428344727,True,True,False,True,False,False,False,187.26497335134374,0.0
2850.0,KL0010,51.619180046591964,4.728202828027905,162.99999999999994,165.5846750214427,110.71927011354403,-22.72231927813573,-0.9672566652297974,0.23722553253173828,103.70648120104113,False,5.000000000000002,0.23722553253173828,True,True,False,True,False,False,False,186.20667675538525,0.0
2860.0,KL001,51.87840075989506,1.9638982498463606,162.99999999999994,165.5846750214427,149.69523758400078,-63.405239274400685,0.9296342134475708,0.988823652267456,103.33546652322444,False,0.0,0.988823652267456,True,True,False,True,False,False,False,185.89746351603992,0.0
2860.0,KL0010,51.60985090144539,4.709516498895122,162.99999999999994,165.5846750214427,109.15374478269771,-17.995830778977762,-0.9686654806137085,0.23559260368347168,103.33546652322444,False,0.0,0.23559260368347168,True,True,False,True,False,False,False,185.89746351603983,0.0
2870.0,KL001,51.893183975042234,1.960995496136198,162.99999999999994,165.5846750214427,148.94247330560282,-63.970064381054215,0.9313671588897705,0.9884560108184814,102.98049415418616,False,0.0,0.9884560108184814,True,True,False,True,False,False,False,185.64954292883087,0.0
2870.0,KL0010,51.600631971003956,4.690687038808462,162.99999999999994,165.5846750214427,107.5852771846272,-18.269286052550854,-0.967030942440033,0.22495055198669434,102.98049415418616,False,0.0,0.22495055198669434,True,True,False,True,False,False,False,185.64954292883075,0.0
2880.0,KL001,51.90796719018941,1.958091787298177,162.99999999999994,165.5846750214427,148.2043271835295,-64.54057110202376,0.9336042404174805,0.9879810810089111,102.64826224578725,False,-5.000000000000002,0.9879810810089111,True,True,False,True,False,False,False,186.56344094338888,0.0
2880.0,KL0010,51.59141304056252,4.671861400853479,162.99999999999994,165.5846750214427,106.01933356044589,-18.55082613274672,-0.9644697308540344,0.2054957151412964,102.64826224578725,False,-5.000000000000002,0.2054957151412964,True,True,False,True,False,False,False,187.60779115026946,0.0
2890.0,KL001,51.92256416698681,1.9533373520171646,162.99999999999994,165.5846750214427,147.59913740660662,-70.13569306001074,0.9381189346313477,0.9868414402008057,102.45992050308129,False,0.0,0.9868414402008057,True,True,False,True,False,False,False,187.65306716502246,0.0
2890.0,KL0010,51.58131647406955,4.654250796432374,162.99999999999994,165.5846750214427,104.50376629986323,-23.906736642327814,-0.9466447830200195,0.24662411212921143,102.45992050308129,False,5.000000000000002,0.24662411212921143,True,True,False,True,False,False,False,186.6810945511317,0.0
2900.0,KL001,51.93713497581624,1.948353268858213,162.99999999999994,165.5846750214427,147.02481386725742,-70.73781703961413,0.938105583190918,0.9860913753509521,102.25387473219213,False,0.0,0.9860913753509521,True,True,False,True,False,False,False,186.6642105332214,0.0
2900.0,KL0010,51.57198732892298,4.635580038284385,162.99999999999994,165.5846750214427,102.94960555508851,-19.214696630819503,-0.9422683119773865,0.1981602907180786,102.25387473219213,False,0.0,0.1981602907180786,True,True,False,True,False,False,False,186.66421053322134,0.0
2910.0,KL001,51.951705784645675,1.9433675667379566,162.99999999999994,165.5846750214427,146.4668511199282,-71.34459532408584,0.9405612945556641,0.9853441715240479,102.06349209193995,False,0.0,0.9853441715240479,True,True,False,True,False,False,False,186.67549028254004,0.0
2910.0,KL0010,51.562768398481545,4.616766263282314,162.99999999999994,165.5846750214427,101.39268991872595,-19.52366123061367,-0.9017637968063354,0.2354905605316162,102.06349209193995,False,0.0,0.2354905605316162,True,True,False,True,False,False,False,186.6754902825399,0.0
2920.0,KL001,51.96627659347511,1.9383802442816418,162.99999999999994,165.5846750214427,145.92543683461133,-71.95594447056249,0.9430367946624756,0.9845045804977417,101.89568518760035,False,0.0,0.9845045804977417,True,True,False,True,False,False,False,186.6871195477462,0.0
2920.0,KL0010,51.55354946804011,4.5979563020484555,162.99999999999994,165.5846750214427,99.83881525331593,-19.84225282529684,-0.7889124751091003,0.31591176986694336,101.89568518760035,False,-5.000000000000002,0.31591176986694336,True,True,False,True,False,False,False,187.3016212049234,0.0
2930.0,KL001,51.98084740230454,1.9333913001129648,162.99999999999994,165.5846750214427,145.40075586896083,-72.5717756128218,0.9462006092071533,0.9837294816970825,101.80851978383643,False,0.0,0.9837294816970825,True,True,False,True,False,False,False,187.33042102601217,0.0
2930.0,KL0010,51.54345290154714,4.580360357495449,162.99999999999994,165.5846750214427,98.33856594168338,-25.2402986240333,-0.6198626756668091,0.41155970096588135,101.80851978383643,False,5.000000000000002,0.41155970096588135,True,True,False,True,False,False,False,186.84126298270985,0.0
2940.0,KL001,51.99541821113397,1.9284007328540684,162.99999999999994,165.5846750214427,144.89299000346207,-73.19199443626889,0.9434373378753662,0.9826228618621826,101.69391791442352,False,0.0,0.9826228618621826,True,True,False,True,False,False,False,186.83612841715833,0.0
2940.0,KL0010,51.53412375640057,4.561705136263585,162.99999999999994,165.5846750214427,96.79802717075766,-20.589174324911227,-0.5720552802085876,0.41094064712524414,101.69391791442352,False,0.0,0.41094064712524414,True,True,False,True,False,False,False,186.83612841715833,0.0
2950.0,KL001,52.009989019963406,1.9234085411255408,162.99999999999994,165.5846750214427,144.40231767375806,-73.81650116618795,0.9419224262237549,0.981550931930542,101.59506703512305,False,0.0,0.981550931930542,True,True,False,True,False,False,False,186.84883221252656,0.0
2950.0,KL0010,51.52490482595913,4.542907012033678,162.99999999999994,165.5846750214427,95.25501597740764,-20.94044215312161,-0.5198338031768799,0.4278433322906494,101.59506703512305,False,0.0,0.4278433322906494,True,True,False,True,False,False,False,186.8488322125265,0.0
2960.0,KL001,52.02455982879284,1.9184147235464126,162.99999999999994,165.5846750214427,143.92891370084996,-74.4451905698902,0.940454363822937,0.9804279804229736,101.51912021179957,False,0.0,0.9804279804229736,True,True,False,True,False,False,False,186.86188534209887,0.0
2960.0,KL0010,51.5156858955177,4.524112693232712,162.99999999999994,165.5846750214427,93.71570348415547,-21.303263496204977,-0.4824898838996887,0.4373354911804199,101.51912021179957,False,-5.000000000000002,0.4373354911804199,True,True,False,True,False,False,False,186.99409894368964,0.0
2970.0,KL001,52.03913063762227,1.9134192787341535,162.99999999999994,165.5846750214427,143.4729490199764,-75.07795197335071,0.9405868053436279,0.9793810844421387,101.52626281475108,False,0.0,0.9793810844421387,True,True,False,True,False,False,False,187.0454355341722,0.0
2970.0,KL0010,51.50558932902473,4.506531376489387,162.99999999999994,165.5846750214427,92.23375250641146,-26.751307397972937,-0.36923402547836304,0.48311924934387207,101.52626281475108,False,5.000000000000002,0.48311924934387207,True,True,False,True,False,False,False,187.0173877370179,0.0
2980.0,KL001,52.053701446451704,1.908422205304671,162.99999999999994,165.5846750214427,143.03459040892852,-75.7146692928585,0.9381064176559448,0.9780168533325195,101.5042166273026,False,0.0,0.9780168533325195,True,True,False,True,False,False,False,187.01366877476212,0.0
2980.0,KL0010,51.49626018387816,4.487891658203511,162.99999999999994,165.5846750214427,90.70969932227692,-22.149162091982248,-0.41420817375183105,0.4480099678039551,101.5042166273026,False,0.0,0.4480099678039551,True,True,False,True,False,False,False,187.01366877476212,0.0
2990.0,KL001,52.06827225528114,1.9034235018723082,162.99999999999994,165.5846750214427,142.61400021670767,-76.35522108216713,0.9380781650543213,0.9765920639038086,101.49778735589123,False,0.0,0.9765920639038086,True,True,False,True,False,False,False,187.03004897857286,0.0
2990.0,KL0010,51.48704125343672,4.469109150532549,162.99999999999994,165.5846750214427,89.18358931427632,-22.551228100924448,-0.3907548785209656,0.4499467611312866,101.49778735589123,False,0.0,0.4499467611312866,True,True,False,True,False,False,False,187.03004897857286,0.0
