time,agent,route_target_index,route_target_distance_km,in_route_domain,lat,lon,cas_mps,tas_mps,goal_distance_km,heading_error_deg,heading_action,speed_action,nearest_agent,nearest_nm,outside,commanded_heading_turn_deg,commanded_speed_action,traffic_projection_intervened,static_projection_intervened,static_projection_infeasible,nominal_static_violation,nominal_traffic_conflict,no_static_feasible_candidate,no_jointly_feasible_candidate,predicted_minimum_separation_km,predicted_risk_seconds,reference_heading_turn_deg,nominal_heading_adjustment_deg,nominal_speed_action
0.0,KL001,1,108.66326569812479,True,51.54406172756575,3.4145679934702704,150.0,152.40357712476657,108.74198944085256,-0.00617595774383517,-0.30078554153442383,0.08142507076263428,KL003,13.493137120800396,False,-4.505607225000858,0.08142507076263428,False,False,False,False,False,False,False,24.88343041849257,0.0,0.006175957823870704,-4.511783182824729,0.08142507076263428
0.0,KL002,1,38.26199624744021,True,53.16477495908522,3.706758381926668,150.0,152.40357712476657,129.269823888664,0.4698621007562451,0.2624342441558838,0.207655668258667,KL0010,21.661270926455057,False,39.64004248380661,0.207655668258667,False,False,False,False,False,False,False,40.11941305845957,0.0,35.70352792739868,3.9365145564079285,0.207655668258667
0.0,KL003,1,60.14942186884179,True,51.35549173775787,3.2183919766885767,150.0,152.40357712476657,103.61600376440458,0.528161151003502,0.23936092853546143,0.1328723430633545,KL001,13.493137120800396,False,44.88732308149338,0.1328723430633545,False,False,False,False,False,False,False,16.79363832184646,0.0,41.29691004753113,3.5904130339622498,0.1328723430633545
0.0,KL004,1,115.06976086656283,True,52.46483633340791,4.114915694302484,150.0,152.40357712476657,115.15001688645947,-0.0028989755385566696,-0.34481751918792725,0.29048633575439453,KL007,20.9483408363485,False,-5.169363766908646,0.29048633575439453,False,False,False,False,False,False,False,24.909457348890733,0.0,0.002898975508287549,-5.172262742416933,0.29048633575439453
0.0,KL005,1,79.38215648117159,True,51.11249707109626,4.932182673425535,150.0,152.40357712476657,108.51862267671072,0.3616892131773284,-0.2656975984573364,0.16987895965576172,KL008,50.14396864008335,False,-45.0,0.16987895965576172,False,False,False,False,False,False,False,87.51898197281356,0.0,-45.0,0.0,0.16987895965576172
0.0,KL006,1,82.87918695296534,True,50.98625086081322,3.133437498972976,150.0,152.40357712476657,101.10513021974512,-0.09449910599434475,0.05547523498535156,0.3296666145324707,KL003,22.398884186114838,False,2.05108892172575,0.3296666145324707,False,False,False,False,False,False,False,16.5376237072825,0.0,1.2189604807645082,0.8321284409612417,0.3296666145324707
0.0,KL007,1,37.610299113869964,True,52.21727912389153,3.712492709442181,150.0,152.40357712476657,108.30526903585458,-0.12871904709464843,-0.2511085271835327,0.536217212677002,KL004,20.9483408363485,False,8.851165696978569,0.536217212677002,False,False,False,False,False,False,False,22.864465934280915,0.0,12.617793828248978,-3.7666281312704086,0.536217212677002
0.0,KL008,1,58.530932281982814,True,51.22839635471295,3.613073945749417,150.0,152.40357712476657,149.86604893931894,0.1134313885797269,-0.31008368730545044,0.10080456733703613,KL003,16.66823369587413,False,6.981256976723671,0.10080456733703613,False,False,False,False,False,False,False,19.624592751795166,0.0,11.632512509822845,-4.6512555330991745,0.10080456733703613
0.0,KL009,1,66.3858862188635,True,51.5042031066267,2.4170026888584006,150.0,152.40357712476657,105.83974040476299,-0.0001116325427119591,0.486958384513855,0.38008975982666016,KL003,31.299412948284747,False,45.0,0.38008975982666016,False,False,False,False,False,False,False,57.26113410657839,0.0,45.0,0.0,0.38008975982666016
0.0,KL0010,1,28.649135187750197,True,52.809880261487,3.8145473142221857,150.0,152.40357712476657,168.91043495038485,0.013221708723506254,-0.5428256392478943,0.2871149778366089,KL002,21.661270926455057,False,-9.612663611769676,0.2871149778366089,False,False,False,False,False,False,False,38.772371054953354,0.0,-1.470279023051262,-8.142384588718414,0.2871149778366089
10.0,KL001,1,107.14387251331554,True,51.556894245274165,3.422419404947188,150.27878133802272,152.6863041431034,107.21877327909021,-4.56985908058968,-0.19547522068023682,0.14974701404571533,KL003,14.487310398407882,False,1.6377308405935764,0.14974701404571533,False,False,False,False,False,False,False,26.73638305877052,0.0,4.569859206676483,-2.9321283660829067,0.14974701404571533
10.0,KL002,1,36.86999708892275,True,53.15620955573716,3.6888824022370543,150.71170516134455,153.12534996440644,127.76470318131385,17.699218233897028,0.3787558078765869,0.20709073543548584,KL0010,22.085285209017158,False,25.313039124011993,0.20709073543548584,False,False,False,False,False,False,False,40.91301840648115,0.0,19.63170200586319,5.681337118148804,0.20709073543548584
10.0,KL003,1,58.86603796600869,True,51.346018279755455,3.234230918752334,150.45522627503271,152.86524497734067,102.11842919659908,17.816554887747486,0.09624838829040527,0.2714548110961914,KL001,14.487310398407882,False,26.36821746826172,0.2714548110961914,False,False,False,False,False,False,False,13.937482794041635,0.0,24.92449164390564,1.443725824356079,0.2714548110961914
10.0,KL004,1,113.53979212918358,True,52.45186949792793,4.107193764130399,150.99578342740566,153.41344188109505,113.62185530061393,-5.235544328439005,-0.3098466396331787,0.3164401054382324,KL007,19.642718298636833,False,0.5878446623682976,0.3164401054382324,False,False,False,False,False,False,False,22.286990632555003,0.0,5.235544256865978,-4.647699594497681,0.3164401054382324
10.0,KL005,1,78.87273521746701,True,51.11904235066802,4.912994882100735,150.58214515414096,152.9939585203337,107.0155419994932,-16.89141258864686,-0.25902169942855835,0.1850264072418213,KL008,49.824176040113805,False,-45.0,0.1850264072418213,False,False,False,False,False,False,False,87.69066921796124,0.0,-45.0,0.0,0.1850264072418213
10.0,KL006,1,81.34588398260254,True,50.999863318504694,3.1371141033779315,151.13015715631047,153.54971316191512,99.57071974715244,1.985953839567287,-0.14018642902374268,0.3136887550354004,KL003,21.10238770766589,False,-2.946065291762352,0.3136887550354004,False,False,False,False,False,False,False,14.170144207013383,0.0,-0.8432688284665346,-2.1027964632958174,0.3136887550354004
10.0,KL007,1,36.07878731517023,True,52.23112782380687,3.711966974338979,151.8385485957225,154.26809778690816,106.77581477857717,8.819981181049855,0.008414626121520996,0.43961215019226074,KL004,19.642718298636833,False,4.133199267089367,0.43961215019226074,False,False,False,False,False,False,False,21.320139172300834,0.0,4.006979875266552,0.12621939182281494,0.43961215019226074
10.0,KL008,1,57.01676727333617,True,51.24076118604171,3.603538670126747,150.345245776261,152.75370887829052,148.34642108157135,7.1556782407273545,-0.334023654460907,0.18358278274536133,KL003,15.238031029704233,False,-0.21654053824022412,0.18358278274536133,False,False,False,False,False,False,False,19.61100151816747,0.0,4.793814271688461,-5.010354809928685,0.18358278274536133
10.0,KL009,1,65.61023092741426,True,51.517780599648106,2.4207048306711196,151.30308972002842,153.7250868654318,104.32918580279892,17.183034329967597,0.3035874366760254,0.43164730072021484,KL003,32.15065515544544,False,45.0,0.43164730072021484,False,False,False,False,False,False,False,58.836932989390476,0.0,45.0,0.0,0.43164730072021484
10.0,KL0010,1,27.126390419526757,True,52.796113803470675,3.813573390094009,150.98422092838797,153.4017160736635,167.3915675909925,-9.66770364569365,-0.5108843445777893,0.2744410037994385,KL002,22.085285209017158,False,0.8089774567633867,0.2744410037994385,False,False,False,False,False,False,False,35.36584131016351,0.0,8.472242653369904,-7.663265196606517,0.2744410037994385
20.0,KL001,1,105.6172119156979,True,51.56966187904324,3.430751267151827,150.79188054950524,153.20665840717587,105.68835116187572,-2.9741612541900224,-0.3178202509880066,0.166190505027771,KL003,15.76526969888446,False,-1.7931427247822285,0.166190505027771,False,False,False,False,False,False,False,29.109578326708643,0.0,2.974161095917225,-4.767303820699453,0.166190505027771
20.0,KL002,1,35.3264632138795,True,53.15114309795155,3.667503540116998,151.42147055432136,153.84513818327133,126.39551161434443,35.04925276681226,0.42723679542541504,0.10314273834228516,KL0010,22.767145583157347,False,9.440233781933784,0.10314273834228516,False,False,False,False,False,False,False,42.18698156417194,0.0,3.031682074069977,6.408551707863808,0.10314273834228516
20.0,KL003,1,57.39461155527098,True,51.33398261183874,3.244979495473044,151.38573723260149,153.80890067625364,100.76345457549212,35.251554861075704,-0.17234236001968384,0.48462092876434326,KL008,13.980293282202084,False,5.7041774690151215,0.48462092876434326,False,False,False,False,False,False,False,12.560250947895003,0.0,8.289312645792961,-2.5851351767778397,0.48462092876434326
20.0,KL004,1,111.9987161638094,True,52.43881321444063,4.0993946838328865,152.0805754337672,154.5135348805841,112.08254707311326,-4.71232954712022,-0.25232958793640137,0.31492650508880615,KL007,18.315099930853304,False,0.9273855853825808,0.31492650508880615,False,False,False,False,False,False,False,20.969256494140758,0.0,4.7123294323682785,-3.7849438469856977,0.31492650508880615
20.0,KL005,1,77.98526983201859,True,51.121771375521504,4.891497817971644,151.21623855012072,153.63700982178545,105.65060273721804,-34.31027618739904,-0.2514857053756714,0.17539775371551514,KL008,49.45187906251426,False,-45.0,0.17539775371551514,False,False,False,False,False,False,False,88.75163307991701,0.0,-45.0,0.0,0.17539775371551514
20.0,KL006,1,79.8022081010595,True,51.013669675732274,3.1397542510817775,152.20551263131932,154.64023169810838,98.02458351293377,-0.973142221259593,-0.1355494260787964,0.3177751302719116,KL003,19.635403408230022,False,0.11066638282500207,0.3177751302719116,False,False,False,False,False,False,False,12.470563888170682,0.0,2.143907770514488,-2.033241387689486,0.3177751302719116
20.0,KL007,1,34.5225055609457,True,52.24509252243089,3.7137017282511,153.34577205554723,155.79652549749017,105.25622773004032,13.136571016734877,0.06081676483154297,0.473122239112854,KL004,18.315099930853304,False,0.7937230635434389,0.473122239112854,False,False,False,False,False,False,False,20.806851689120116,0.0,-0.11852842988446355,0.9122514934279025,0.473122239112854
20.0,KL008,1,55.49349395016236,True,51.253272400019355,3.5942553020271797,150.97438883133643,153.39174510471273,146.82233266458604,7.010501658370288,-0.3606579303741455,0.2342526912689209,KL003,13.980293282202084,False,-0.27159937424585223,0.2342526912689209,False,False,False,False,False,False,False,19.21381902818874,0.0,5.13826958835125,-5.409868962597102,0.2342526912689209
20.0,KL009,1,64.49649744835015,True,51.53021512491394,2.4307088475746257,152.78299841981124,155.22584377055952,102.94740760755523,34.447490713136176,0.03534591197967529,0.4174313545227051,KL003,32.6774552757443,False,36.92397594451904,0.4174313545227051,False,False,False,False,False,False,False,59.821789940510776,0.0,36.39378637075424,0.530189573764801,0.4174313545227051
20.0,KL0010,1,25.598397762606375,True,52.78223443431973,3.813166985531499,151.92497173250433,154.35573889373262,165.86728426383098,-8.942196869908656,-0.4887080192565918,0.24983537197113037,KL002,22.767145583157347,False,0.7919608522206545,0.24983537197113037,False,False,False,False,False,False,False,32.020675329493564,0.0,8.122581169009209,-7.330620316788554,0.24983537197113037
30.0,KL001,1,104.0878953208961,True,51.58263329786352,3.4384707850022584,151.36137316704284,153.78419281648488,104.15528294449162,-4.836770042891317,-0.3459608554840088,0.21817493438720703,KL003,17.221439081808853,False,-0.3526426339522004,0.21817493438720703,False,False,False,False,False,False,False,31.809400302300077,0.0,4.836770184338093,-5.189412818290293,0.21817493438720703
30.0,KL002,1,33.75176930256866,True,53.14954389126785,3.644560920365192,151.7747308709872,154.20338050627112,125.25202248003849,44.96857949525031,0.23852527141571045,0.33301663398742676,KL0010,23.68272305336484,False,-3.036775588989258,0.33301663398742676,False,False,False,False,False,False,False,43.894985950053105,0.0,-6.6146546602249146,3.5778790712356567,0.33301663398742676
30.0,KL003,1,55.84590920287436,True,51.320582887045596,3.2513246274344287,153.04732543734542,155.49388648364155,99.59101020545978,41.53655065511583,-0.3269355893135071,0.5740301609039307,KL008,12.945873602771858,False,-2.2341983020305634,0.5740301609039307,False,False,False,False,False,False,False,11.38697074645139,0.0,2.6698354817926884,-4.904033783823252,0.5740301609039307
30.0,KL004,1,110.44494491650867,True,52.425743674180204,4.09119468227567,153.16017291174975,155.6083195353894,110.53047461146345,-3.8386994376660084,-0.2935066223144531,0.24941539764404297,KL007,17.015168018283838,False,-0.5638999119400978,0.24941539764404297,False,False,False,False,False,False,False,20.893548715551983,0.0,3.838699422776699,-4.402599334716797,0.24941539764404297
30.0,KL005,1,76.78525121360617,True,51.120426763848684,4.869582054457695,151.8173072459309,154.2465570409663,104.5525364815369,-51.87432941065691,-0.0903627872467041,-0.1296536922454834,KL008,49.12368257832231,False,-31.36724352836609,-0.1296536922454834,False,False,False,False,False,False,False,88.88700610297354,0.0,-30.0118026137352,-1.35544091463089,-0.1296536922454834
30.0,KL006,1,78.24754355647875,True,51.02757515562114,3.1424085499040615,153.2948794335126,155.74491818661417,96.46740430808562,-0.8762510614102155,-0.14181768894195557,0.3197517395019531,KL003,18.063743747821714,False,-0.050740186125040054,0.3197517395019531,False,False,False,False,False,False,False,11.343165051886158,0.0,2.0765251480042934,-2.1272653341293335,0.3197517395019531
30.0,KL007,1,32.949970368549145,True,52.25918117546699,3.7159031377006198,154.9679178244418,157.44140375791414,103.72885047857801,14.137331450700003,0.11701560020446777,0.4866814613342285,KL004,17.015168018283838,False,0.7979662343859673,0.4866814613342285,False,False,False,False,False,False,False,20.747775470604076,0.0,-0.9572677407413721,1.7552339751273394,0.4866814613342285
30.0,KL008,1,53.9630959063961,True,51.26582219407459,3.5848249409082173,151.77730875832668,154.20599473349,145.28956123823974,6.809328550955456,-0.3953443765640259,0.24988293647766113,KL003,12.945873602771858,False,-0.3766361251473427,0.24988293647766113,False,False,False,False,False,False,False,18.95103558687502,0.0,5.5535295233130455,-5.930165648460388,0.24988293647766113
30.0,KL009,1,63.1234860729214,True,51.540415669404545,2.446210553529085,154.2141470326548,156.6770811933443,101.82364164590153,51.77553336620383,-0.10458213090896606,0.392059326171875,KL003,32.90137755713969,False,18.747303932905197,0.392059326171875,False,False,False,False,False,False,False,60.239460582016555,0.0,20.316035449504852,-1.5687315165996552,0.392059326171875
30.0,KL0010,1,24.060550654861384,True,52.76828172854789,3.8124395660397288,152.78133141863094,155.22415332830568,164.33150512383762,-8.228217636359375,-0.5919269919395447,0.2531830072402954,KL004,22.94156846965166,False,-1.0789940971881151,0.2531830072402954,False,False,False,False,False,False,False,28.7066734438274,0.0,7.799910753965378,-8.878904851153493,0.2531830072402954
40.0,KL001,1,102.5519756256366,True,51.595698846110814,3.446098031040459,152.10915116160137,154.54251311778663,102.61563579936292,-5.26668642851422,-0.3102531433105469,0.2547111511230469,KL003,18.69690932909373,False,0.6128892442211509,0.2547111511230469,False,False,False,False,False,False,False,34.54470478591027,0.0,5.266686379909515,-4.6537971356883645,0.2547111511230469
40.0,KL002,1,32.16275221809056,True,53.14775398339566,3.6214594630640806,152.9163717085125,155.36109221721117,124.09441559755462,42.417123402073486,0.243169903755188,0.30794060230255127,KL0010,24.61286889039378,False,-0.12337814667262137,0.30794060230255127,False,False,False,False,False,False,False,45.631273700198584,0.0,-3.770926706492901,3.6475485598202795,0.30794060230255127
40.0,KL003,1,54.28059596804673,True,51.30711943261517,3.258308865585521,155.01554865327242,157.48970068483342,98.38738560764814,39.88660908803374,-0.23309147357940674,0.5602307319641113,KL008,12.022435477717783,False,1.5404720976948738,0.5602307319641113,False,False,False,False,False,False,False,10.303948231985524,0.0,5.036844201385975,-3.496372103691101,0.5602307319641113
40.0,KL004,1,108.88373836369902,True,52.412551519716125,4.083163346699215,154.0150883209116,156.47523260772476,108.97093851578249,-4.466361324122971,-0.2643251419067383,0.2246568202972412,KL007,15.772376876091066,False,0.5014843633398414,0.2246568202972412,False,False,False,False,False,False,False,20.646891603042803,0.0,4.466361477971077,-3.9648771146312356,0.2246568202972412
40.0,KL005,1,75.37382993895311,True,51.11513164722663,4.849313725948175,151.3721614595517,153.79513334197122,103.83466574239503,-69.64711049310705,-0.09064364433288574,-0.05880516767501831,KL008,48.92934586616311,False,-14.731449633836746,-0.05880516767501831,False,False,False,False,False,False,False,88.97444569344582,0.0,-13.37179496884346,-1.3596546649932861,-0.05880516767501831
40.0,KL006,1,76.68188693543527,True,51.04158120454045,3.145062844237981,154.39102180864765,156.85643376464418,94.89915558091832,-0.942152626226374,-0.13931429386138916,0.31417036056518555,KL003,16.50310401946832,False,0.0,0.31417036056518555,True,False,False,False,True,False,False,10.277158706389436,0.0,2.1736058592796326,-2.0897144079208374,0.31417036056518555
40.0,KL007,1,31.361152826969377,True,52.27340037149608,3.7184526642587654,156.63656151306833,159.13333519926977,102.19214003196461,15.162723503637892,0.18186616897583008,0.6653163433074951,KL004,15.772376876091066,False,0.8819112461060286,0.6653163433074951,False,False,False,False,False,False,False,20.508424990941766,0.0,-1.8460813164710999,2.7279925625771284,0.6653163433074951
40.0,KL008,1,52.425476728622215,True,51.27840339258148,3.5752064666407195,152.633832041789,155.0745794587621,143.74727291879103,6.501044262462301,-0.40236151218414307,0.23232018947601318,KL003,12.022435477717783,False,0.058776812511496246,0.23232018947601318,False,False,False,False,False,False,False,19.09610361725466,0.0,6.094199493527412,-6.035422681015916,0.23232018947601318
40.0,KL009,1,61.59365635484327,True,51.54748807582616,2.4659363999265245,155.5582745165239,158.040010725898,101.06684979285319,69.13053013428544,-0.1934710144996643,0.31090617179870605,KL003,32.98742853928204,False,1.1192741710692644,0.31090617179870605,False,False,False,False,False,False,False,58.75572496342362,0.0,4.021339416503906,-2.902065245434642,0.31090617179870605
40.0,KL0010,2,162.6860301205289,True,52.754244073735606,3.8121450272141897,153.64916952497074,156.10418172486618,162.79194206721945,-9.39751244352155,-0.5528891086578369,0.21142232418060303,KL004,22.773527212077468,False,1.1041755974292755,0.21142232418060303,False,False,False,False,False,False,False,25.257622556830448,0.0,9.39751222729683,-8.293336629867554,0.21142232418060303
50.0,KL001,1,101.0059997846352,True,51.60878751528707,3.4539970474613795,152.98223236515028,155.42787861145223,101.06597558437859,-4.724586508202663,-0.069699227809906,0.3787727355957031,KL008,19.528071979584826,False,3.679097928106785,0.3787727355957031,False,False,False,False,False,False,False,35.438987774073134,0.0,4.724586457014084,-1.045488528907299,0.3787727355957031
50.0,KL002,1,30.5626775471359,True,53.14588878665559,3.598211888735561,153.9720074943216,156.4315478066472,122.9331586351171,42.789214753653226,0.20272231101989746,0.37285780906677246,KL0010,25.552926423051478,False,-0.808184863999486,0.37285780906677246,False,False,False,False,False,False,False,47.38638470599052,0.0,-3.849019557237625,3.040834693238139,0.37285780906677246
50.0,KL003,1,52.692946210488806,True,51.29337906047227,3.2648103628450693,156.9364387305353,159.4373871277129,97.20702233717121,42.05164112717006,-0.002699613571166992,0.514701247215271,KL008,11.292722749397813,False,0.0,0.514701247215271,True,False,False,False,True,False,False,10.263704118392573,0.0,3.594619408249855,-0.04049431532621384,0.514701247215271
50.0,KL004,1,107.31386610166146,True,52.39933713189321,4.074904454797283,154.78508833858572,157.25601673565038,107.4026708954582,-4.0234281658343605,-0.2519775629043579,0.22143805027008057,KL007,14.594062507402478,False,0.2437647501938045,0.22143805027008057,False,False,False,False,False,False,False,20.451919897974395,0.0,4.023428186774254,-3.7796634365804493,0.22143805027008057
50.0,KL005,1,73.86459904544351,True,51.106400286678024,4.832353113883781,151.170001075688,153.5901196152253,103.55811855193424,-85.20406865906745,-0.16876095533370972,0.04200780391693115,KL008,48.93275747763319,False,-1.2481461837887764,0.04200780391693115,False,False,False,False,False,False,False,89.06045900694123,0.0,1.2832681182771921,-2.5314143020659685,0.04200780391693115
50.0,KL006,1,75.10536516440732,True,51.05568484548123,3.147736444573186,155.46801865744834,157.94849432796178,93.31998656251073,-0.9579349508885286,-0.1129307746887207,0.31806182861328125,KL003,14.936206043829943,False,-5.000000000000002,0.31806182861328125,True,False,False,False,True,False,False,11.312300611479483,0.0,2.2221796587109566,-1.6939616343006492,0.31806182861328125
50.0,KL007,1,29.751442390760598,True,52.287790495979195,3.7214007296349987,158.91785085849662,161.44630323574097,100.64257406418635,16.295752121742453,0.1728529930114746,0.5918809175491333,KL004,14.594062507402478,False,-0.2853471413254738,0.5918809175491333,False,False,False,False,False,False,False,20.508427350827283,0.0,-2.878142036497593,2.592794895172119,0.5918809175491333
50.0,KL008,1,50.88006926490284,True,51.29105630018641,3.565556000245519,153.43011894029874,155.88205667283108,142.19733778089295,6.630656308749224,-0.40402132272720337,0.2209916114807129,KL003,11.292722749397813,False,0.14840930700302124,0.2209916114807129,False,False,False,False,False,False,False,19.133866146814846,0.0,6.208729147911072,-6.0603198409080505,0.2209916114807129
50.0,KL009,1,60.01967823984832,True,51.55270583379356,2.487362938531305,156.62407271041144,159.12067246608672,100.53969730468356,71.0946751815942,-0.19147872924804688,0.30454039573669434,KL003,33.0097463227096,False,0.11117342510260642,0.30454039573669434,False,False,False,False,False,False,False,56.295132524744695,0.0,2.983354367315769,-2.872180942213163,0.30454039573669434
50.0,KL0010,2,161.13512460817807,True,52.74014641459797,3.8114002784614827,154.37378132364935,156.83895181009842,161.24076593113176,-8.375014670946769,-0.597194254398346,0.05511319637298584,KL004,22.609127061531847,False,-0.5828992137685418,0.05511319637298584,False,False,False,False,False,False,False,21.916166690611842,0.0,8.375014588236809,-8.95791380200535,0.05511319637298584
60.0,KL001,1,99.44275044174125,True,51.621662287221376,3.463226051255283,154.28079571504855,156.7446636693398,99.49917004658586,-1.065399270143672,-0.07469838857650757,0.3962451219558716,KL008,19.39769737257291,False,-0.055076589924283326,0.3962451219558716,False,False,False,False,False,False,False,35.44140996895543,0.0,1.0653992369771004,-1.1204758269013837,0.3962451219558716
60.0,KL002,1,28.948749585143126,True,53.14381033539223,3.574822828648982,155.25028171188936,157.7277152279412,121.75693185189871,42.4823118971743,0.2252190113067627,0.3623039722442627,KL0010,26.49866881776394,False,0.1557672768831253,0.3623039722442627,False,False,False,False,False,False,False,49.15294500392703,0.0,-3.222517892718315,3.3782851696014404,0.3623039722442627
60.0,KL003,1,51.08747168337477,True,51.27948271486896,3.2713836819707685,158.7011735738808,161.226625042611,96.02529772233964,42.69882938087099,0.018465518951416016,0.5088505744934082,KL008,10.782152159316901,False,3.977026976644993,0.5088505744934082,False,False,False,False,False,False,False,10.593652573859455,0.0,3.7000443041324615,0.2769826725125313,0.5088505744934082
60.0,KL004,1,105.73600196260388,True,52.38607973789319,4.0665151338102286,155.54404673195984,158.02558425108907,105.8263507168372,-3.8365831070983063,-0.24345672130584717,0.21771574020385742,KL007,13.522040055227519,False,0.1847323472611606,0.21771574020385742,False,False,False,False,False,False,False,20.476651576593277,0.0,3.836583159863949,-3.651850812602788,0.21771574020385742
60.0,KL005,1,72.34485425627113,True,51.096414291116545,4.817125768060306,151.3135921894094,153.73573755579048,103.48610759801272,-87.29621522663541,-0.23515266180038452,0.3574695587158203,KL008,49.055271718592714,False,-0.9307555295526981,0.3574695587158203,False,False,False,False,False,False,False,89.30686607453187,0.0,2.5965343974530697,-3.527289927005768,0.3574695587158203
60.0,KL006,1,73.52766605765702,True,51.06997338776419,3.1486522615660943,156.5583583693313,159.0540428360692,91.736999205259,-6.051347850111881,-0.07818460464477539,0.3127870559692383,KL003,13.400576664828865,False,0.0,0.3127870559692383,True,False,False,False,True,False,False,10.584406207119363,0.0,7.367895394563675,-1.1727690696716309,0.3127870559692383
60.0,KL007,1,28.12057828319336,True,52.30237703913883,3.724269440359609,160.94727686628104,163.50375481016445,99.07256478927502,16.26833002708082,0.21906232833862305,0.5674214363098145,KL004,13.522040055227519,False,0.5400262819603086,0.5674214363098145,False,False,False,False,False,False,False,18.555448361458463,0.0,-2.7459086291491985,3.285934911109507,0.5674214363098145
60.0,KL008,1,49.327021077718356,True,51.30378721914438,3.555908009121817,154.18755051737793,156.65011199931433,140.64043986498876,6.853445513872771,-0.39928942918777466,0.22672104835510254,KL003,10.782152159316901,False,0.25165870087221265,0.22672104835510254,False,False,False,False,False,False,False,19.27374246517048,0.0,6.241000145673752,-5.989341444801539,0.22672104835510254
60.0,KL009,1,58.435033374537696,True,51.5579323047921,2.5089509937086363,157.66803528501126,160.17915518680434,100.03430002931947,72.06569359167975,-0.18685060739517212,0.3052048683166504,KL003,33.08264256650838,False,0.15258528641425073,0.3052048683166504,False,False,False,False,False,False,False,54.504035703423,0.0,2.955344393849373,-2.802759107435122,0.3052048683166504
60.0,KL0010,2,159.58513203912568,True,52.72602771056104,3.810892037848376,154.56230886868465,157.03011929895246,159.69051138583293,-9.047038124836206,-0.6015684008598328,0.0361713171005249,KL004,22.44248098573808,False,0.023512021580245346,0.0361713171005249,False,False,False,False,False,False,False,18.543592497037054,0.0,9.047038033604622,-9.023526012024377,0.0361713171005249
70.0,KL001,1,97.86559713046331,True,51.63463228996142,3.4726038870318554,155.639278704148,158.12214599697364,97.91850979764926,-1.1383596680488495,-0.06995749473571777,0.4056429862976074,KL008,19.29213861195608,False,0.08899725624360144,0.4056429862976074,False,False,False,False,False,False,False,35.43711018009613,0.0,1.1383596807718277,-1.0493624245282263,0.4056429862976074
70.0,KL002,1,27.322562024659355,True,53.14175370605998,3.551238355458793,156.49235615068304,158.98712116539872,120.58383748908146,43.15474378211661,0.23035204410552979,0.3535059690475464,KL0010,27.460187312028285,False,-0.1368744671344757,0.3535059690475464,False,False,False,False,False,False,False,50.94933745408258,0.0,-3.5921551287174225,3.4552806615829468,0.3535059690475464
70.0,KL003,1,49.460873299976406,True,51.26519789569084,3.276577047276893,160.44583719093794,162.99540414712587,94.91804783558665,47.390943991006566,-0.03146296739578247,0.5247328281402588,KL008,10.587281156066613,False,-0.754326106980443,0.5247328281402588,False,False,False,False,False,False,False,10.695979570701544,0.0,-0.2823815611191094,-0.4719445458613336,0.5247328281402588
70.0,KL004,1,104.15039858043768,True,52.372775524528,4.058017868414129,156.29023658174665,158.782184988852,104.24223007521766,-3.707942878566598,-0.1840415596961975,0.19449889659881592,KL007,12.578630930197615,False,0.9473193436861038,0.19449889659881592,False,False,False,False,False,False,False,20.31851459354303,0.0,3.7079427391290665,-2.7606233954429626,0.19449889659881592
70.0,KL005,1,70.81445505626988,True,51.086193987222146,4.802043526148446,152.53909889379457,154.9785135452046,103.46144820803717,-89.07899189284495,-0.2814596891403198,0.2214205265045166,KL008,49.22560239580939,False,-0.6058933725580573,0.2214205265045166,False,False,False,False,False,False,False,89.64262336058215,0.0,3.6160019785165787,-4.221895351074636,0.2214205265045166
70.0,KL006,1,71.94115394289415,True,51.08436678358065,3.149370634675231,157.63060411842133,160.14120406871112,90.1446084470163,-6.157674591309188,-0.07080280780792236,0.3173975944519043,KL003,11.866190427961593,False,0.0,0.3173975944519043,True,False,False,False,True,False,False,10.687658228973495,0.0,7.532119005918503,-1.0620421171188354,0.3173975944519043
70.0,KL007,1,26.47101004979952,True,52.317123222765126,3.7274013972481534,162.89280954144567,165.47601590437665,97.49009334209781,17.086545603880836,0.23705124855041504,0.5631918907165527,KL004,12.578630930197615,False,0.061618497711606324,0.5631918907165527,False,False,False,False,False,False,False,15.338511812308681,0.0,-3.4941502287983894,3.5557687265099958,0.5631918907165527
70.0,KL008,1,47.76583805182443,True,51.3166086817852,3.546298785430952,154.96462951907068,157.43806946396958,139.07675495805432,7.184331010846847,-0.39616328477859497,0.23528814315795898,KL003,10.587281156066613,False,0.2323955367319286,0.23528814315795898,False,False,False,False,False,False,False,19.308690395990443,0.0,6.174844801425934,-5.942449264694005,0.23528814315795898
70.0,KL009,1,56.839668385593896,True,51.563157345086424,2.5307067976633606,158.71427343786794,161.2399063828155,99.55264696542685,73.0931427444433,-0.1825156807899475,0.3043365478515625,KL003,33.168242813567076,False,0.14905191608704627,0.3043365478515625,False,False,False,False,False,False,False,52.71686099918883,0.0,2.8867871314287186,-2.7377352153416723,0.3043365478515625
70.0,KL0010,2,158.03418128910423,True,52.71189786891772,3.8103739839720543,154.6858722408681,157.15541224864575,158.13931015179324,-9.114236243342702,-0.5296138525009155,0.05480396747589111,KL004,22.278778931073017,False,1.1700282711535692,0.05480396747589111,False,False,False,False,False,False,False,15.270623455548861,0.0,9.11423608660698,-7.94420781545341,0.05480396747589111
80.0,KL001,1,96.2743153931232,True,51.64770846253538,3.4821005544981043,157.02998854616527,159.5322386374962,96.32377000151841,-1.0665408105142546,0.1254737377166748,0.5549643039703369,KL008,19.212935495286395,False,2.948646917939186,0.5549643039703369,False,False,False,False,False,False,False,35.3623702016796,0.0,1.066540852189064,1.882106065750122,0.5549643039703369
80.0,KL002,1,25.684060516335226,True,53.13964710562032,3.527480786753619,157.70425277946399,160.21587572652874,119.4091591321918,43.547416391078116,0.3475762605667114,0.5057066679000854,KL0010,28.426075914645576,False,1.5239998139441013,0.5057066679000854,False,False,False,False,False,False,False,52.7539036052638,0.0,-3.6896440386772156,5.213643852621317,0.5057066679000854
80.0,KL003,1,47.81618365572639,True,51.250778982588514,3.2820056146068217,162.2449654692521,164.8192866457812,93.80429221402983,47.37148045120571,0.005574345588684082,0.5608128309249878,KL006,10.38529359966281,False,0.5646427161991596,0.5608128309249878,False,False,False,False,False,False,False,10.617259698920266,0.0,0.4810275323688984,0.08361518383026123,0.5608128309249878
80.0,KL004,1,102.55663036115908,True,52.3595026319961,4.04912641227837,156.9567989564065,159.45803068125267,102.6498429747747,-2.8038659753819957,-0.17967945337295532,0.19411075115203857,KL007,11.80139007715383,False,0.10867417207919061,0.19411075115203857,False,False,False,False,False,False,False,20.290213187394908,0.0,2.803865969181061,-2.69519179710187,0.19411075115203857
80.0,KL005,1,69.27752877851489,True,51.07582114136878,4.787061053503252,153.2980043183014,155.74808695699312,103.47619493973475,-90.54145818262367,-0.28624504804611206,0.2189720869064331,KL008,49.44194692018158,False,0.03490872768452391,0.2189720869064331,False,False,False,False,False,False,False,90.06444213818561,0.0,4.32858444750309,-4.293675719818566,0.2189720869064331
80.0,KL006,1,70.34436074934786,True,51.098859092313695,3.1500941704741736,158.71865888881686,161.24435258532475,88.54159958506021,-6.2685956623815,-0.06833213567733765,0.3203883171081543,KL003,10.38529359966281,False,0.0,0.3203883171081543,True,False,False,False,True,False,False,10.61062825066812,0.0,7.704941108822823,-1.0249820351600647,0.3203883171081543
80.0,KL007,1,24.819575994948178,True,52.33188855921055,3.7305648911709555,162.99999999999994,165.5846750214427,95.90825306985404,17.43695138159535,0.24342286586761475,0.5657835006713867,KL004,11.80139007715383,False,-0.14496848336420953,0.5657835006713867,False,False,False,False,False,False,False,12.077086702643879,0.0,-3.796311467885971,3.6513429845217615,0.5657835006713867
80.0,KL008,1,46.196299112391294,True,51.329521122440184,3.5367206710500563,155.77108799029833,158.2557952785032,137.5060019308611,7.500803283153118,-0.39456409215927124,0.23490524291992188,KL003,10.668726259851047,False,0.21549782948568463,0.23490524291992188,False,False,False,False,False,False,False,19.499039001590845,0.0,6.1339592188596725,-5.918461389373988,0.23490524291992188
80.0,KL009,1,55.23361286861956,True,51.56838120301844,2.55262966746446,159.7575302538541,162.2975961118845,99.09555938345315,74.13183490657514,-0.1783733367919922,0.3064608573913574,KL003,33.312897667797614,False,0.1471942663192749,0.3064608573913574,False,False,False,False,False,False,False,50.92179727869645,0.0,2.8227943181991577,-2.675600051879883,0.3064608573913574
80.0,KL0010,2,156.47684284659348,True,52.697760301414405,3.8093788385539225,154.87333825533045,157.34550129537553,156.58173049954826,-8.025018518696612,-0.523452877998352,0.05324232578277588,KL004,22.116710893049376,False,0.17322532483376563,0.05324232578277588,False,False,False,False,False,False,False,12.05305569210328,0.0,8.025018498301506,-7.85179317346774,0.05324232578277588
90.0,KL001,1,94.6650516215529,True,51.660628360715506,3.492747616331507,158.93281034561528,161.4614698451279,94.71120920926556,1.9117197146557317,0.12574470043182373,0.5657377243041992,KL008,19.14248674813216,False,-0.02554915932705626,0.5657377243041992,False,False,False,False,False,False,False,35.356378344570615,0.0,-1.9117196649312973,1.886170505604241,0.5657377243041992
90.0,KL002,1,24.032132798715054,True,53.13790190077738,3.503385708681199,159.4381371358945,161.9737884779033,118.26270072684281,45.63217334636701,0.36079978942871094,0.5030303001403809,KL0010,29.425820632403944,False,-0.17325482913292944,0.5030303001403809,False,False,False,False,False,False,False,54.621560696342016,0.0,-5.585251674056053,5.411996844923124,0.5030303001403809
90.0,KL003,1,46.162785931929086,True,51.23625154063454,3.287232483683158,162.99999999999994,165.5846750214427,92.71291719680076,48.69923256922564,0.012039780616760254,0.5596423149108887,KL006,8.984791396982116,False,0.08670078765135258,0.5596423149108887,False,False,False,False,False,False,False,10.59242848479799,0.0,-0.09389592334628105,0.18059671099763364,0.5596423149108887
90.0,KL004,1,100.95609476712976,True,52.346183963013694,4.040158659319913,157.62202802072852,160.13250883456124,101.05062062125648,-2.7382535098653022,-0.1670321226119995,-0.20326507091522217,KL007,11.241447752384918,False,0.2327715908177197,-0.20326507091522217,False,False,False,False,False,False,False,20.28633469337523,0.0,2.7382534369826317,-2.505481846164912,-0.20326507091522217
90.0,KL005,1,67.7334507568303,True,51.06540337508359,4.771998650316768,154.04851009951577,156.5091229004554,103.51334544893876,-91.36688262830177,-0.2921452522277832,0.21777701377868652,KL008,49.69646274410354,False,0.02292338671395555,0.21777701377868652,False,False,False,False,False,False,False,90.04586845442519,0.0,4.4051021710038185,-4.382178784289863,0.21777701377868652
90.0,KL006,1,68.73723537538771,True,51.11345129313864,3.1508229227049656,159.8169672667686,162.35785423608897,86.92788924829537,-6.384414170851471,-0.03460979461669922,0.2950195074081421,KL003,8.984791396982116,False,0.0,0.2950195074081421,True,False,False,False,True,False,False,10.587691530372364,0.0,7.887052372097969,-0.5191469192504883,0.2950195074081421
90.0,KL007,1,23.16834777688158,True,52.346658740382686,3.7336682849786094,162.99999999999994,165.5846750214427,94.32766659044941,17.58804580559371,0.25604116916656494,0.5644207000732422,KL004,11.241447752384918,False,-15.000000000000002,0.5644207000732422,True,False,False,False,True,False,False,10.541377762175115,0.0,-3.915943019092083,3.840617537498474,0.5644207000732422
90.0,KL008,1,44.618487479241786,True,51.34252270924938,3.5271686315823043,156.57623069612114,159.0721641090486,135.92821082092703,7.805241047504751,-0.39319002628326416,0.24106764793395996,KL003,11.03984885406945,False,0.21937519311904907,0.24106764793395996,False,False,False,False,False,False,False,20.220968705628394,0.0,6.1172255873680115,-5.897850394248962,0.24106764793395996
90.0,KL009,1,53.61680679653042,True,51.573604028088056,2.5747203572255963,160.8080693461042,163.36262959465404,98.66387860790974,75.18322061033643,-0.17150986194610596,0.308455228805542,KL003,33.5025608274482,False,0.18918531714007258,0.308455228805542,False,False,False,False,False,False,False,48.723732381241135,0.0,2.7618332393467426,-2.57264792220667,0.308455228805542
90.0,KL0010,2,154.91730874712655,True,52.68360803231556,3.8083122520584824,155.0554478265867,157.5301577708388,155.02196290363955,-7.932554653278487,-0.3549678325653076,-0.11941778659820557,KL007,20.41359923612893,False,0.0,-0.11941778659820557,True,False,False,False,True,False,False,10.571702888548746,0.0,7.932554706931114,-5.324517488479614,-0.11941778659820557
100.0,KL001,1,93.03630717071265,True,51.673692637130216,3.503565613581296,160.8725749131983,163.42802386407323,93.07922965803026,1.919017215246214,0.13166308403015137,0.5666599273681641,KL008,19.104730943636945,False,0.05592897708993405,0.5666599273681641,False,False,False,False,False,False,False,35.348800641231676,0.0,-1.9190172851085663,1.9749462621985003,0.5666599273681641
100.0,KL002,1,22.36312515000702,True,53.13609368572329,3.4790405420707327,161.1628370449345,163.72228313232196,117.11206388853975,46.03513480360513,0.36850154399871826,0.49636566638946533,KL0010,30.432059327146757,False,-0.30321501195430756,0.49636566638946533,False,False,False,False,False,False,False,56.501699218814245,0.0,-5.8307381719350815,5.527523159980774,0.49636566638946533
100.0,KL003,1,44.50941224738123,True,51.221719163876855,3.2924225918077616,162.99999999999994,165.5846750214427,91.64029723867488,49.56810142217563,-0.01326686143875122,0.6035947799682617,KL006,7.72572219859767,False,-0.3939574956893921,0.6035947799682617,False,False,False,False,False,False,False,10.61146139644952,0.0,-0.19495456013828516,-0.19900293555110693,0.6035947799682617
100.0,KL004,1,99.36244029265394,True,52.33294638849072,4.031145103949346,156.92440425687184,159.42518517851744,99.45819248318996,-2.545968510389457,-0.2048075795173645,-0.1997165083885193,KL007,11.064576117468691,False,-0.5261451378464699,-0.1997165083885193,False,False,False,False,False,False,False,20.634411817387065,0.0,2.5459685549139977,-3.0721136927604675,-0.1997165083885193
100.0,KL005,1,66.18230356727986,True,51.05493903571957,4.756860159099042,154.7949148431769,157.2659807295215,103.57353328298562,-92.20765012678538,-0.30690717697143555,0.11566925048828125,KL008,49.98947702049603,False,-0.10462581762112677,0.11566925048828125,False,False,False,False,False,False,False,88.50907753794702,0.0,4.498981833457947,-4.6036076510790735,0.11566925048828125
100.0,KL006,1,67.12061653088097,True,51.128136338136414,3.1515565441315294,160.82826661129852,163.38310513646468,85.30428374262215,-6.505392906019011,-0.08719301223754883,0.27095794677734375,KL003,7.72572219859767,False,0.0,0.27095794677734375,True,False,False,False,True,False,False,10.608250086587669,0.0,8.079111278057098,-1.3078954070806503,0.27095794677734375
100.0,KL007,1,21.524543448655255,True,52.361501982621704,3.7331142448581844,162.99999999999994,165.5846750214427,92.69682332528897,2.7455660171955856,0.3813488483428955,0.688849925994873,KL004,11.064576117468691,False,-10.000000000000004,0.688849925994873,True,False,False,False,True,False,False,10.620013885832543,0.0,11.445102542638779,5.720233172178268,0.688849925994873
100.0,KL008,1,43.03220061595379,True,51.355615643637606,3.517643744882891,157.40250559415065,159.9099359843629,134.34325847315557,8.118687443979468,-0.3867901563644409,0.23676633834838867,KL003,11.66821555219419,False,0.30273466603830457,0.23676633834838867,False,False,False,False,False,False,False,21.419042066551114,0.0,6.104587018489838,-5.801852352451533,0.23676633834838867
100.0,KL009,1,51.98912931273375,True,51.57881540665129,2.596986126459062,161.8654450522361,164.43455408107013,98.25966866500865,76.29105941671423,-0.16412121057510376,0.29835665225982666,KL003,33.73811644057871,False,0.19701891811564565,0.29835665225982666,False,False,False,False,False,False,False,46.27560760593104,0.0,2.6588370837271214,-2.4618181656114757,0.29835665225982666
100.0,KL0010,2,153.36219561844908,True,52.66949311690102,3.807248824871897,154.6453970939461,157.1143706100472,153.46662521777913,-8.01473799263556,-0.393892765045166,-0.10928916931152344,KL007,18.68925907435911,False,0.0,-0.10928916931152344,True,False,False,False,True,False,False,10.639719382927604,0.0,8.014738261699677,-5.90839147567749,-0.10928916931152344
110.0,KL001,1,91.3879803180185,True,51.68690729247748,3.514537615104544,162.81549613417118,165.3976429383927,91.42773152683652,2.0103820593217563,0.15068256855010986,0.599790096282959,KL008,19.10034262816904,False,0.24985648691654205,0.599790096282959,False,False,False,False,False,False,False,35.34994196214678,0.0,-2.010382041335106,2.260238528251648,0.599790096282959
110.0,KL002,1,20.67708778117727,True,53.13418832277357,3.454456169404969,162.86467427234786,165.4474950742166,115.95526401331543,46.32276065187256,0.3781411647796631,0.4890174865722656,KL0010,31.44264935011705,False,-0.32304883701726794,0.4890174865722656,False,False,False,False,False,False,False,58.39029816674332,0.0,-5.995166301727295,5.672117464710027,0.4890174865722656
110.0,KL003,1,42.85610743817693,True,51.20720947800315,3.2977704535878902,162.99999999999994,165.5846750214427,90.57635550257925,49.970053627816185,-0.02083742618560791,0.629340410232544,KL006,6.700151510143357,False,-0.114207275910303,0.629340410232544,False,False,False,False,False,False,False,10.610701840541573,0.0,0.198354113381356,-0.312561389291659,0.629340410232544
110.0,KL004,1,97.77661194078988,True,52.319716726448085,4.022371931925296,156.23895295266868,158.73018647509787,97.87354645688774,-3.1223335687830627,-0.2391350269317627,-0.19357001781463623,KL007,11.352454235179177,False,-0.4646917060017586,-0.19357001781463623,False,False,False,False,False,False,False,21.160996868698035,0.0,3.122333697974682,-3.5870254039764404,-0.19357001781463623
110.0,KL005,1,64.62785725843281,True,51.04443056279318,4.7417169312944765,155.1911257091194,157.66773242770591,103.6603415870035,-93.1768843450821,-0.33191514015197754,0.10335397720336914,KL008,50.32252124391056,False,-0.2497320994734764,0.10335397720336914,False,False,False,False,False,False,False,87.0579205259838,0.0,4.728995002806187,-4.978727102279663,0.10335397720336914
110.0,KL006,1,65.49540429001587,True,51.142906671044976,3.152294661699214,161.75704057493155,164.3246598783105,83.6716472165668,-6.631809742619822,0.03911769390106201,0.4102139472961426,KL003,6.700151510143357,False,5.000000000000002,0.4102139472961426,True,False,False,False,True,False,False,10.366309801664107,0.0,8.281833305954933,0.5867654085159302,0.4102139472961426
110.0,KL007,1,19.967399353529505,True,52.37586532104734,3.726806948111738,162.99999999999994,165.5846750214427,91.04887314834782,-7.336748293577216,0.4087710380554199,0.6369763612747192,KL004,11.352454235179177,False,-5.000000000000002,0.6369763612747192,True,False,False,False,True,False,False,10.980069898932856,0.0,22.98114538192749,6.131564676761627,0.6369763612747192
110.0,KL008,1,41.43735529830288,True,51.368807355670526,3.5081786005750333,158.21402598266815,160.7327245224,132.75170191501644,8.52182753507725,-0.4099864363670349,0.1745213270187378,KL003,12.512341573469323,False,-0.1354732329491526,0.1745213270187378,False,False,False,False,False,False,False,23.014058597209722,0.0,6.014323309063911,-6.149796542013064,0.1745213270187378
110.0,KL009,1,50.35087885031925,True,51.584011808141184,2.61942407157492,162.8881830537412,165.47132601801403,97.88415996756707,77.42067756900008,0.05780923366546631,0.3452948331832886,KL006,33.17317714815621,False,3.4147977456450462,0.3452948331832886,False,False,False,False,False,False,False,43.298348413508144,0.0,2.547659184783697,0.8671385608613491,0.3452948331832886
110.0,KL0010,2,151.8111618266953,True,52.655412391105514,3.8061883157163474,154.27008503917574,156.73380294006026,151.91537598005922,-8.098398849710179,-0.41974562406539917,-0.0948372483253479,KL007,17.032890669293003,False,1.802214626222849,-0.0948372483253479,False,False,False,False,False,False,False,10.588059845061137,0.0,8.098399043083191,-6.296184416860342,-0.0948372483253479
120.0,KL001,1,89.73673067374789,True,51.70011733149371,3.5256268163713074,162.99999999999994,165.5846750214427,89.7734192510764,2.3016154229394488,0.12029647827148438,0.5006468296051025,KL008,19.124422312113513,False,-0.49716826993972063,0.5006468296051025,False,False,False,False,False,False,False,35.39357372886116,0.0,-2.301615457981825,1.8044471880421042,0.5006468296051025
120.0,KL002,1,18.989490084379703,True,53.13219717178178,3.4298583453164286,162.99999999999994,165.5846750214427,114.80276458954184,46.59998538376644,0.36709368228912354,0.48426783084869385,KL0010,32.44237707299964,False,-0.6890932330861688,0.48426783084869385,False,False,False,False,False,False,False,60.25816789660882,0.0,-6.19549848139286,5.506405248306692,0.48426783084869385
120.0,KL003,1,41.202855396273144,True,51.19270649846378,3.303162776684667,162.99999999999994,165.5846750214427,89.52773305755258,50.669172248784264,-0.0743374228477478,0.8206970691680908,KL006,5.96427749158631,False,-0.7988466694951057,0.8206970691680908,False,False,False,False,False,False,False,10.360763537532092,0.0,0.31621471513062716,-1.115061384625733,0.8206970691680908
120.0,KL004,1,96.1984453302675,True,52.30650034102707,4.01381365109533,155.57458399277922,158.05654795435242,96.29652001408621,-3.64635723964858,-0.26705050468444824,-0.18656432628631592,KL007,11.955864785761047,False,-0.35940037574619055,-0.18656432628631592,False,False,False,False,False,False,False,22.270946691148293,0.0,3.6463572084903717,-4.005757584236562,-0.18656432628631592
120.0,KL005,1,63.070891658561486,True,51.033856680236795,4.726615837103212,155.5450985274103,158.02665073505,103.77785513711294,-94.29127069227457,-0.40354371070861816,0.09808969497680664,KL008,50.701253009009996,False,-0.9362448379397392,0.09808969497680664,False,False,False,False,False,False,False,85.59341757845652,0.0,5.116910822689533,-6.0531556606292725,0.09808969497680664
120.0,KL006,1,63.8457372440014,True,51.157703499037076,3.1548770065522542,162.99999999999994,165.5846750214427,82.01762887368956,-1.6754299844278648,-0.0992732048034668,0.3312981128692627,KL003,5.96427749158631,False,1.8948408588767052,0.3312981128692627,False,False,False,False,False,False,False,10.31903352976512,0.0,3.383938930928707,-1.489098072052002,0.3312981128692627
120.0,KL007,1,18.515395725369906,True,52.389656724588825,3.717616278876881,162.99999999999994,165.5846750214427,89.42942101424767,-12.551448555439777,0.4233992099761963,0.5887393951416016,KL004,11.955864785761047,False,0.0,0.5887393951416016,True,False,False,False,True,False,False,10.48562190412777,0.0,30.356949269771576,6.350988149642944,0.5887393951416016
120.0,KL008,1,39.83748914806743,True,51.38203476719303,3.4986248780798226,158.81206664385255,161.33905415354536,131.15402201187925,8.487959910007362,-0.4221959114074707,0.14847707748413086,KL003,13.530966625666943,False,0.0528766232309863,0.14847707748413086,False,False,False,False,False,False,False,24.92819244224624,0.0,6.385815292596817,-6.332938669365831,0.14847707748413086
120.0,KL009,1,48.71006247602015,True,51.58842341218174,2.6423138951245564,162.99999999999994,165.5846750214427,97.62574299414257,81.78507618934418,0.03974473476409912,0.31763243675231934,KL006,32.21537613042333,False,-0.288136366289109,0.31763243675231934,False,False,False,False,False,False,False,40.88170712829508,0.0,-0.8843073807656765,0.5961710144765675,0.31763243675231934
120.0,KL0010,2,150.25740270618672,True,52.64138823993404,3.8044076851937856,153.94433886963589,156.40349124563556,150.3613955332331,-6.36264454072375,-0.41940802335739136,-0.08604466915130615,KL007,15.443165344873936,False,0.07152401085477322,-0.08604466915130615,False,False,False,False,False,False,False,10.475972136211245,0.0,6.362644359469414,-6.2911203486146405,-0.08604466915130615
130.0,KL001,1,88.08487753121334,True,51.71338651741626,3.536533870646978,162.99999999999994,165.5846750214427,88.11857760749167,1.8381157788908524,0.12023341655731201,0.508129358291626,KL008,19.179527721943156,False,-0.034614577889442444,0.508129358291626,False,False,False,False,False,False,False,35.49358607614731,0.0,-1.8381158262491226,1.8035012483596802,0.508129358291626
130.0,KL002,1,17.30170202669658,True,53.13002867941108,3.4053034080995466,162.99999999999994,165.5846750214427,113.64868321149149,46.51633924742396,0.3608825206756592,0.4835803508758545,KL0010,33.436227495320175,False,-0.6529715051874518,0.4835803508758545,False,False,False,False,False,False,False,62.115132195801735,0.0,-6.066209301352501,5.413237796165049,0.4835803508758545
130.0,KL003,1,39.550013748919824,True,51.17825203743578,3.3088754693806637,162.99999999999994,165.5846750214427,88.47949366228507,50.69333431029793,-0.04162585735321045,0.8201103210449219,KL006,5.6729753511390815,False,0.5273248488083482,0.8201103210449219,False,False,False,False,False,False,False,10.309156759236167,0.0,1.1517127230763435,-0.6243878742679954,0.8201103210449219
130.0,KL004,1,94.62761844664881,True,52.293305822077706,4.005428243070404,154.93424404877186,157.4072590199217,94.72678956645426,-4.0728209700759805,-0.2764585018157959,-0.17978864908218384,KL007,12.748473090556251,False,-0.0740564614534378,-0.17978864908218384,False,False,False,False,False,False,False,23.730030698291532,0.0,4.072821065783501,-4.1468775272369385,-0.17978864908218384
130.0,KL005,1,61.513419068974294,True,51.02310593222458,4.7117629992103565,155.88101569911822,158.36725705856827,103.94501288497409,-96.09048620405889,-0.40956825017929077,0.09995055198669434,KL008,51.132830917336456,False,0.07898926909547299,0.09995055198669434,False,False,False,False,False,False,False,84.22873489749153,0.0,6.222513020038605,-6.143523750943132,0.09995055198669434
130.0,KL006,1,62.19241081643947,True,51.17242510952406,3.158452533694547,162.99999999999994,165.5846750214427,80.36179632767747,0.22327410151586946,-0.1091814637184143,0.33640170097351074,KL003,5.6729753511390815,False,-0.10406769812107086,0.33640170097351074,False,False,False,False,False,False,False,10.30924727018059,0.0,1.5336542576551437,-1.6377219557762146,0.33640170097351074
130.0,KL007,1,17.109033037353523,True,52.40339612369049,3.708204317975879,162.99999999999994,165.5846750214427,87.8144428687482,-12.784146242837778,0.43730270862579346,0.5949314832687378,KL004,12.748473090556251,False,0.0,0.5949314832687378,True,False,False,False,True,False,False,10.479592071575128,0.0,33.177678287029266,6.559540629386902,0.5949314832687378
130.0,KL008,1,38.233009832143026,True,51.395309978670326,3.4890574676243564,159.3207833535167,161.85481176717693,129.55187420898775,8.64593166308947,-0.42001843452453613,0.1456763744354248,KL003,14.683932706975455,False,0.2873535384424031,0.1456763744354248,False,False,False,False,False,False,False,27.086821919268385,0.0,6.587630063295364,-6.300276524852961,0.1456763744354248
130.0,KL009,1,47.06899970619407,True,51.59285504557373,2.6651970514428984,162.99999999999994,165.5846750214427,97.39198137177286,82.45118351358553,-0.06403255462646484,0.31515955924987793,KL006,31.28633412604553,False,-1.572276558727026,0.31515955924987793,False,False,False,False,False,False,False,38.725920217436126,0.0,-0.6117882812395692,-0.9604882774874568,0.31515955924987793
130.0,KL0010,2,148.7065622540511,True,52.62739256210009,3.80259713418773,153.64874899835542,156.10375529758733,148.81033645147218,-6.357946366334573,-0.496304988861084,0.024968385696411133,KL007,13.884030162877764,False,-1.0866283345967531,0.024968385696411133,False,False,False,False,False,False,False,10.686239763683917,0.0,6.357946470379829,-7.4445748049765825,0.024968385696411133
140.0,KL001,1,86.4329230359837,True,51.72665978420097,3.547431183753286,162.99999999999994,165.5846750214427,86.46373242470267,1.8377999193945982,0.09892356395721436,0.43763184547424316,KL008,19.26032396341477,False,-0.35394652280956507,0.43763184547424316,False,False,False,False,False,False,False,35.64023239142666,0.0,-1.837799996137619,1.483853473328054,0.43763184547424316
140.0,KL002,1,15.613982150819638,True,53.127692430775824,3.3807925436992305,162.99999999999994,165.5846750214427,112.49388222581914,46.47452323721629,0.1868983507156372,0.493402361869812,KL0010,34.43470775108075,False,-3.221586160361767,0.493402361869812,False,False,False,False,False,False,False,63.98106185637917,0.0,-6.025061532855034,2.803475372493267,0.493402361869812
140.0,KL003,1,37.89691410781301,True,51.163765233155374,3.3143739599958724,162.99999999999994,165.5846750214427,87.46199678536888,52.06941989505668,-0.05790364742279053,0.8204057216644287,KL006,5.9049681860741625,False,-0.22712642094120383,0.8204057216644287,False,False,False,False,False,False,False,10.743277754989222,0.0,0.6414282834157348,-0.8685547043569386,0.8204057216644287
140.0,KL004,1,93.0633801032694,True,52.28015716426524,3.997106427584856,154.31714418109345,156.78152133672512,93.16358931164461,-4.217175245865093,-0.28157544136047363,-0.17283904552459717,KL007,13.687417188503485,False,-0.006456412374973297,-0.17283904552459717,False,False,False,False,False,False,False,25.45955528846633,0.0,4.217175208032131,-4.2236316204071045,-0.17283904552459717
140.0,KL005,1,59.95305796651041,True,51.012344540189815,4.69685746633738,156.22331384909987,158.7143293467529,104.1339426910675,-96.87352883039506,-0.4210137724876404,0.0975944995880127,KL008,51.59992345599567,False,0.004971027483406942,0.0975944995880127,False,False,False,False,False,False,False,82.71758594316574,0.0,6.320177614688873,-6.315206587205466,0.0975944995880127
140.0,KL006,1,60.539161829100394,True,51.18714957728199,3.1619993567859357,162.99999999999994,165.5846750214427,78.70595382006682,0.12171145904278546,-0.1099858283996582,0.3426206111907959,KL003,5.9049681860741625,False,0.03680655820062384,0.3426206111907959,False,False,False,False,False,False,False,10.743277754989222,0.0,1.686593983322382,-1.6497874251217581,0.3426206111907959
140.0,KL007,1,15.751527267695517,True,52.41713552279216,3.6987894254547458,162.99999999999994,165.5846750214427,86.20096786850013,-13.025557438234046,0.16532421112060547,0.5353367328643799,KL0010,12.36223117913864,False,0.0,0.5353367328643799,True,False,False,False,True,False,False,10.697946313384852,0.0,36.49458110332489,2.479863166809082,0.5353367328643799
140.0,KL008,1,36.623302343368685,True,51.40865656127025,3.4795645300401565,159.81989308212394,162.36082046778205,127.94637141211717,9.044917651897435,-0.420133113861084,0.14517903327941895,KL003,15.95831936334469,False,0.2639698307029903,0.14517903327941895,False,False,False,False,False,False,False,26.984867336222113,0.0,6.565966531634331,-6.3019967009313405,0.14517903327941895
140.0,KL009,1,45.42781602007902,True,51.59767508723013,2.6878781927036726,162.99999999999994,165.5846750214427,97.14031000028696,81.83406959126216,-0.06120115518569946,0.32970571517944336,KL006,30.381576165184253,False,0.08288316603284329,0.32970571517944336,False,False,False,False,False,False,False,36.34443059809338,0.0,1.0009004920721054,-0.9180173260392621,0.32970571517944336
140.0,KL0010,2,147.1587371747313,True,52.613370811714596,3.8012239128134415,153.7338933988394,156.19009428479018,147.26230842714935,-7.524456979780837,-0.38336610794067383,0.12494111061096191,KL007,12.36223117913864,False,1.7739656008780003,0.12494111061096191,False,False,False,False,False,False,False,10.397896410240984,0.0,7.524457275867462,-5.750491674989462,0.12494111061096191
150.0,KL001,1,84.78058443437277,True,51.73997450097351,3.5581990971065376,162.99999999999994,165.5846750214427,84.80858077709631,1.5126356139125505,0.19209885597229004,0.4229152202606201,KL008,19.36773069175059,False,1.368847182020545,0.4229152202606201,False,False,False,False,False,False,False,35.835372506334764,0.0,-1.5126356296241283,2.8814828116446733,0.4229152202606201
150.0,KL002,1,13.921242217010093,True,53.124576581249556,3.35652618670084,162.99999999999994,165.5846750214427,111.28963136110406,43.84458127693665,0.2066349983215332,0.4864391088485718,KL0010,35.38197971413732,False,-0.10214376845397055,0.4864391088485718,False,False,False,False,False,False,False,65.75127993067753,0.0,-3.2016687467694283,3.0995249783154577,0.4864391088485718
150.0,KL003,1,36.24395910598187,True,51.14929220929582,3.3199622420394053,162.99999999999994,165.5846750214427,86.45888031674869,52.70820132791937,0.005538582801818848,0.8346648216247559,KL006,6.613915179589146,False,0.980233820155263,0.8346648216247559,False,False,False,False,False,False,False,12.071094079984404,0.0,0.8971550781279802,0.08307874202728271,0.8346648216247559
150.0,KL004,1,91.50535999519727,True,52.267058387286035,3.988821409716867,153.72388081841572,156.17994123973153,91.60654595966466,-4.296156669616096,-0.25412416458129883,0.1211700439453125,KL007,14.742989507307593,False,0.48429408576339483,0.1211700439453125,False,False,False,False,False,False,False,27.405075859482846,0.0,4.296156540513039,-3.811862454749644,0.1211700439453125
150.0,KL005,1,58.39012887828454,True,51.00156098661617,4.681922090996548,156.55753053213655,159.05320346753882,104.34669542605356,-97.72911512280137,-0.4258253574371338,0.08266127109527588,KL008,52.10331276277281,False,0.114351287484169,0.08266127109527588,False,False,False,False,False,False,False,81.45719893577191,0.0,6.501731649041176,-6.387380361557007,0.08266127109527588
150.0,KL006,1,58.88591688263359,True,51.2018726137043,3.16556240645107,162.99999999999994,165.5846750214427,77.05011544647655,0.16191513394426238,-0.11075645685195923,0.346108078956604,KL003,6.613915179589146,False,0.03896662965416908,0.346108078956604,False,False,False,False,False,False,False,12.071094079984404,0.0,1.7003134824335575,-1.6613468527793884,0.346108078956604
150.0,KL007,1,14.456675092934436,True,52.430874921893825,3.689371598944921,162.99999999999994,165.5846750214427,84.58908196351611,-13.276171949628235,0.174454927444458,0.5385680198669434,KL0010,10.880940424747081,False,0.0,0.5385680198669434,True,False,False,False,True,False,False,10.390299367321065,0.0,40.42168915271759,2.6168248057365417,0.5385680198669434
150.0,KL008,1,35.00850021533824,True,51.422071822953356,3.4701383225106066,160.31729553154668,162.86508943938261,126.33754437261554,9.427040252885547,-0.41825735569000244,0.1380326747894287,KL003,17.321517799186047,False,0.3074397216551006,0.1380326747894287,False,False,False,False,False,False,False,26.505429243826754,0.0,6.581300050020218,-6.273860328365117,0.1380326747894287
150.0,KL009,1,43.786464888367476,True,51.60247474186369,2.7105729373708627,162.99999999999994,165.5846750214427,96.91814647668718,82.87698240528925,-0.06391352415084839,0.329242467880249,KL006,29.47797745444258,False,-0.0004387646777104237,0.329242467880249,False,False,False,False,False,False,False,33.98002939648885,0.0,0.958264097571373,-0.9587028622490834,0.329242467880249
150.0,KL0010,2,145.6011467287617,True,52.5993424948754,3.799135318002836,154.16190665229266,156.62410878087383,145.7044976517636,-5.813192837571705,-0.38699769973754883,0.1255948543548584,KL007,10.880940424747081,False,0.008227676153182983,0.1255948543548584,False,False,False,False,False,False,False,10.383439230385429,0.0,5.813193172216415,-5.804965496063232,0.1255948543548584
160.0,KL001,1,83.1297696297965,True,51.753126111725415,3.569480824321717,162.99999999999994,165.5846750214427,83.1551405615278,2.938436759250152,0.18245434761047363,0.42063403129577637,KL008,19.493095260704127,False,-0.20162154687568545,0.42063403129577637,False,False,False,False,False,False,False,33.426344177483415,0.0,-2.9384367540478706,2.736815207172185,0.42063403129577637
160.0,KL002,1,12.228948245614793,True,53.12139158829062,3.3322856334701916,162.99999999999994,165.5846750214427,110.09199710666982,44.34403668622173,0.11342942714691162,0.4737553596496582,KL0010,36.332181559503766,False,-1.8695997633039951,0.4737553596496582,False,False,False,False,False,False,False,66.30933013464823,0.0,-3.571041114628315,1.7014413513243198,0.4737553596496582
160.0,KL003,1,34.59072176601576,True,51.134761341826476,3.325153312123366,162.99999999999994,165.5846750214427,85.49904674021907,54.585636388250634,-0.015612661838531494,0.8346543312072754,KL006,7.6567739225423335,False,-0.3321853210218251,0.8346543312072754,False,False,False,False,False,False,False,14.02146346287038,0.0,-0.09799539693631232,-0.23418992408551276,0.8346543312072754
160.0,KL004,1,89.94238211663011,True,52.25396774464327,3.9803354410648963,154.138960752861,156.6008413157941,90.04445493589371,-3.878631494198345,-0.25128161907196045,0.12054741382598877,KL007,15.88682831528353,False,0.10940719046629965,0.12054741382598877,False,False,False,False,False,False,False,29.514266067880822,0.0,3.878631480038166,-3.7692242895718664,0.12054741382598877
160.0,KL005,1,56.824882137329645,True,50.990776790513934,4.666929021486398,156.84053075536372,159.34014432474797,104.58019115598029,-98.47342723946355,-0.28478044271469116,0.3033294677734375,KL003,51.36269421902554,False,2.3098347522318363,0.3033294677734375,False,False,False,False,False,False,False,79.43523407246319,0.0,6.581541448831558,-4.271706696599722,0.3033294677734375
160.0,KL006,1,57.23267574931791,True,51.21659412816894,3.169142577645015,162.99999999999994,165.5846750214427,75.39428236095645,0.20527693744892872,-0.11072587966918945,0.35177552700042725,KL003,7.6567739225423335,False,0.052719488739967346,0.35177552700042725,False,False,False,False,False,False,False,14.02146346287038,0.0,1.7136076837778091,-1.6608881950378418,0.35177552700042725
160.0,KL007,1,13.242896944607548,True,52.44461432099549,3.6799508360752906,162.99999999999994,165.5846750214427,82.97887769528919,-13.53651625068676,0.32386302947998047,0.6474250555038452,KL0010,9.467060312432451,False,-30.000000000000004,0.6474250555038452,True,False,False,False,True,False,False,12.96972334422411,0.0,45.0,0.0,0.6474250555038452
160.0,KL008,1,33.388751110659776,True,51.43555801739636,3.4607975155514903,160.7901870600499,163.34450091541572,124.72595463631876,9.859969688980811,-0.5415458083152771,0.10212814807891846,KL006,17.104765794029188,False,-1.5565219335258007,0.10212814807891846,False,False,False,False,False,False,False,25.684637196509,0.0,6.56666524708271,-8.123187180608511,0.10212814807891846
160.0,KL009,1,42.14498096709636,True,51.607274504448014,2.7332700218813653,162.99999999999994,165.5846750214427,96.72330035438213,83.84071030569146,-0.080799400806427,0.23966145515441895,KL006,28.576960499143716,False,-0.20995762199163437,0.23966145515441895,False,False,False,False,False,False,False,31.32300416126167,0.0,1.0020333901047707,-1.211991012096405,0.23966145515441895
160.0,KL0010,2,144.03934270756434,True,52.58527550769185,3.79703416427225,154.59216064376415,157.06038897308122,144.14247355968075,-5.869000717909927,-0.3871176242828369,0.12729954719543457,KL007,9.467060312432451,False,0.06223619158845395,0.12729954719543457,False,False,False,False,False,False,False,12.956794781846565,0.0,5.869000554084778,-5.806764362496324,0.12729954719543457
170.0,KL001,1,81.4786351154556,True,51.76630222051278,3.5806909994360048,162.99999999999994,165.5846750214427,81.50147212025394,2.7920182768107793,0.1913689374923706,0.5244917869567871,KL008,19.66179195289222,False,0.07851574395317584,0.5244917869567871,False,False,False,False,False,False,False,30.17360805752083,0.0,-2.7920183166861534,2.8705340606393293,0.5244917869567871
170.0,KL002,1,10.535278441439694,True,53.117740945537385,3.3082300362165067,162.99999999999994,165.5846750214427,108.87003286658211,43.06887633075138,0.10699605941772461,0.471437931060791,KL0010,37.26093137845748,False,-0.4300683690235019,0.471437931060791,False,False,False,False,False,False,False,65.12947041695836,0.0,-2.0350092463195324,1.6049408772960305,0.471437931060791
170.0,KL003,1,32.93756087985334,True,51.120249601013654,3.3304768974799956,162.99999999999994,165.5846750214427,84.55271154665073,55.167082737118164,-0.044569313526153564,0.8355607986450195,KL006,8.928452232045835,False,-0.4345667688176036,0.8355607986450195,False,False,False,False,False,False,False,16.393642194912466,0.0,0.23397292708978057,-0.6685396959073842,0.8355607986450195
170.0,KL004,1,88.37520678019793,True,52.24085206822598,3.9717883749150844,154.55190398055018,157.0195687440389,88.47809973207336,-3.8365867676082814,-0.28782957792282104,0.1252450942993164,KL007,17.134866421811495,False,-0.48085683491081,0.1252450942993164,False,False,False,False,False,False,False,30.1507061272516,0.0,3.8365868479013443,-4.317443682812154,0.1252450942993164
170.0,KL005,1,55.244881239360346,True,50.98030207954094,4.65117835949229,157.8803396118665,160.39440766589104,104.77674989998172,-97.02867947830282,-0.3120797872543335,0.2561938762664795,KL003,50.551406463032286,False,-0.26681217597797513,0.2561938762664795,False,False,False,False,False,False,False,77.8329229838277,0.0,4.414384625852108,-4.681196801830083,0.2561938762664795
170.0,KL006,1,55.57942921984604,True,51.231313572679134,3.1727455214511364,162.99999999999994,165.5846750214427,73.7384577998568,0.26376361172904694,-0.11306631565093994,0.3585784435272217,KL003,8.928452232045835,False,0.01864107369328849,0.3585784435272217,False,False,False,False,False,False,False,16.393642194912466,0.0,1.7146358080208302,-1.6959947343275417,0.3585784435272217
170.0,KL007,1,12.344833371604114,True,52.45728660442071,3.667264371542818,162.99999999999994,165.5846750214427,81.45421731916879,-29.795558788495782,0.4255363941192627,0.42296528816223145,KL0010,8.2766742316197,False,-25.0,0.42296528816223145,True,False,False,False,True,False,False,13.350268069954634,0.0,45.0,0.0,0.42296528816223145
170.0,KL008,1,31.772497737824896,True,51.44890996371507,3.4508481362745114,161.1399379648431,163.69906882378393,123.1046714482972,8.412286643137577,-0.5130637288093567,-0.0328446626663208,KL006,16.717809350618914,False,0.8295090962201357,-0.0328446626663208,False,False,False,False,False,False,False,25.286968521798155,0.0,8.525465056300163,-7.695955960080028,-0.0328446626663208
170.0,KL009,1,40.50347225613662,True,51.61212589120608,2.7559410456279663,162.99999999999994,165.5846750214427,96.54990913493026,84.59820618782874,-0.08414429426193237,0.24947452545166016,KL006,27.68199961989533,False,0.005166521295905113,0.24947452545166016,False,False,False,False,False,False,False,29.05191273664316,0.0,1.2673309352248907,-1.2621644139289856,0.24947452545166016
170.0,KL0010,2,142.47314536222189,True,52.57117031389623,3.794902557991152,155.02825972918652,157.50258950659995,142.57605573861983,-5.871695847313788,-0.40758174657821655,0.14366388320922852,KL007,8.2766742316197,False,-0.24203003151342273,0.14366388320922852,False,False,False,False,False,False,False,13.35564323563423,0.0,5.871696174144745,-6.113726205658168,0.14366388320922852
180.0,KL001,1,79.8275926206234,True,51.77946880862192,3.591933615710677,162.99999999999994,165.5846750214427,79.84800557285308,2.9296362583978066,0.19299304485321045,0.6976978778839111,KL008,19.85212305683801,False,-0.0347404190688394,0.6976978778839111,False,False,False,False,False,False,False,26.938789517724825,0.0,-2.9296360909938812,2.894895671925042,0.6976978778839111
180.0,KL002,1,8.841797540354012,True,53.113974812915906,3.2842259670134593,162.99999999999994,165.5846750214427,107.65098805167796,43.24150504159985,0.08903300762176514,0.47422587871551514,KL0010,38.191554218107484,False,-0.6445677252486348,0.47422587871551514,False,False,False,False,False,False,False,65.20212993633454,0.0,-1.9800628535449505,1.3354951282963157,0.47422587871551514
180.0,KL003,1,31.284578406651693,True,51.10576361817131,3.335973979096177,162.99999999999994,165.5846750214427,83.61790598146162,55.661745310768595,-0.059696733951568604,0.8356976509094238,KL006,10.345278240283726,False,-0.2047925884835422,0.8356976509094238,False,False,False,False,False,False,False,19.03114956586763,0.0,0.6906584277749062,-0.8954510162584484,0.8356976509094238
180.0,KL004,1,86.80484870095097,True,52.22765647548476,3.9634006947953377,154.9809571873509,157.4546254790124,86.9085401069107,-4.396190745633021,-0.4789388179779053,0.16338324546813965,KL007,18.433406163645383,False,-2.7878914028406143,0.16338324546813965,False,False,False,False,False,False,False,27.01153714207107,0.0,4.396190866827965,-7.184082269668579,0.16338324546813965
180.0,KL005,1,53.656922278167634,True,50.969733721696336,4.635400844430049,158.75848768535306,161.28473309802496,105.00395990693416,-98.16156288827676,-0.34166038036346436,0.23486757278442383,KL003,49.73367924814871,False,-0.2856762777082622,0.23486757278442383,False,False,False,False,False,False,False,76.29590638593754,0.0,4.839229434728622,-5.124905712436885,0.23486757278442383
180.0,KL006,1,53.926205301185526,True,51.24603228229217,3.1763572670039446,162.99999999999994,165.5846750214427,72.08263732866631,0.28886138607776957,-0.10753250122070312,0.3703737258911133,KL003,10.345278240283726,False,0.1394054142292589,0.3703737258911133,False,False,False,False,False,False,False,19.03114956586763,0.0,1.7523929290473461,-1.6129875148180872,0.3703737258911133
180.0,KL007,1,12.055717078292535,True,52.467370570978865,3.649384247489136,162.99999999999994,165.5846750214427,80.17015071018973,-46.347144109657904,0.31028974056243896,0.2963467836380005,KL0010,7.513688393135936,False,-20.0,0.2963467836380005,True,True,False,True,False,False,False,13.485097564932952,0.0,45.0,0.0,0.2963467836380005
180.0,KL008,1,30.155471374866778,True,51.46234087076925,3.441213851234013,161.02678140815732,163.5843542792369,121.48850612539748,9.364382189129572,-0.36611783504486084,0.091056227684021,KL006,16.349085217520695,False,2.605601605027914,0.091056227684021,False,False,False,False,False,False,False,25.271720354357683,0.0,8.097369074821472,-5.491767469793558,0.091056227684021
180.0,KL009,1,38.86184355155727,True,51.61697600840397,2.7786151966016854,162.99999999999994,165.5846750214427,96.40428803873317,85.57403471781959,-0.10545700788497925,0.2450774908065796,KL008,26.428275214167158,False,-0.2599696512334049,0.2450774908065796,False,False,False,False,False,False,False,27.168153358804016,0.0,1.3218854740262032,-1.581855125259608,0.2450774908065796
180.0,KL0010,2,140.90289080347472,True,52.55701506012859,3.7928632333183216,155.52048099315252,158.00168940234846,141.00558579804672,-6.183047965243759,-0.43399691581726074,0.15325522422790527,KL007,7.513688393135936,False,-0.32690606312826276,0.15325522422790527,False,False,False,False,False,False,False,13.487813912071537,0.0,6.183047667145729,-6.509953730273992,0.15325522422790527
190.0,KL001,1,78.1764820242228,True,51.792639612342676,3.6031666060256624,162.99999999999994,165.5846750214427,78.19457305534142,2.9557667004876578,0.18963110446929932,0.6916670799255371,KL008,20.04397938731846,False,-0.1113002747297287,0.6916670799255371,False,False,False,False,False,False,False,23.82728802055462,0.0,-2.9557668417692184,2.8444665670394897,0.6916670799255371
190.0,KL002,1,7.148440141863004,True,53.11004684261041,3.2602961511135438,162.99999999999994,165.5846750214427,106.43137734508456,43.20603004971625,0.07067751884460449,0.476781964302063,KL0010,39.12187820489457,False,-0.6784186279401183,0.476781964302063,False,False,False,False,False,False,False,66.56544128815683,0.0,-1.738581396639347,1.0601627686992288,0.476781964302063
190.0,KL003,1,29.63173672330581,True,51.09129006293088,3.341551752682466,162.99999999999994,165.5846750214427,82.70062606907781,56.40466792384021,-0.07545799016952515,0.8322980403900146,KL006,11.8524211953191,False,-0.20083243260160089,0.8322980403900146,False,False,False,False,False,False,False,21.832832856891436,0.0,0.931037412956357,-1.1318698455579579,0.8322980403900146
190.0,KL004,1,85.23665403490804,True,52.21418737119428,3.956003441266545,155.54080865215656,158.02230095068117,85.34130662605203,-7.315683146632665,-0.5130782127380371,0.20918381214141846,KL007,19.712214665867137,False,-0.38049033377319574,0.20918381214141846,False,False,False,False,False,False,False,23.787746495855718,0.0,7.315682843327522,-7.696173177100718,0.20918381214141846
190.0,KL005,1,52.06217625099599,True,50.959062233091906,4.619631404105366,159.5634917115612,162.10087608525473,105.26435588542972,-99.31303192806342,-0.5985153913497925,0.054596662521362305,KL003,48.91419797008118,False,-3.6753421649336815,0.054596662521362305,False,False,False,False,False,False,False,75.49971260608747,0.0,5.302388593554497,-8.977730758488178,0.054596662521362305
190.0,KL006,1,52.27291205988251,True,51.260745446663144,3.1800273772133245,162.99999999999994,165.5846750214427,70.4268478955916,0.4382812243452463,-0.095103919506073,0.388086199760437,KL003,11.8524211953191,False,0.24196800542995334,0.388086199760437,False,False,False,False,False,False,False,21.832832856891436,0.0,1.668526791036129,-1.4265587856061757,0.388086199760437
190.0,KL007,1,12.441597042435557,True,52.47410200568014,3.6276646732430646,162.99999999999994,165.5846750214427,79.23746325556048,-63.14081535437242,0.3864184617996216,0.1299734115600586,KL0010,7.254014092547104,False,-10.000000000000004,0.1299734115600586,True,True,False,True,False,False,False,13.53030720691426,0.0,45.0,0.0,0.1299734115600586
190.0,KL008,1,28.527734525688093,True,51.4760475571322,3.4325115730299705,161.33855900831645,163.90042345580386,119.8827220777483,12.129426530492424,-0.3502357006072998,0.10283851623535156,KL006,16.020990175978305,False,0.5452428013086319,0.10283851623535156,False,False,False,False,False,False,False,24.931170794160117,0.0,5.798778310418129,-5.253535509109497,0.10283851623535156
190.0,KL009,1,37.22028142424459,True,51.62188995833573,2.8012561108620986,162.99999999999994,165.5846750214427,96.27891697739214,86.28710596371309,-0.10353195667266846,0.2564830780029297,KL008,25.142569417401905,False,0.10533090331591666,0.2564830780029297,False,False,False,False,False,False,False,24.915416710938683,0.0,1.6583102568984032,-1.5529793535824865,0.2564830780029297
190.0,KL0010,2,139.3285844210919,True,52.542805239487265,3.790950996124574,156.0455954132225,158.53413273213974,139.43107239857264,-6.584825075727736,-0.4541280269622803,0.15867555141448975,KL007,7.254014092547104,False,-0.22709526121616364,0.15867555141448975,False,False,False,False,False,False,False,13.53030720691426,0.0,6.5848251432180405,-6.811920404434204,0.15867555141448975
200.0,KL001,1,76.52519162526659,True,51.80582388929471,3.6143614857769077,162.99999999999994,165.5846750214427,76.54105673658161,2.905578086287534,0.3172180652618408,0.6991989612579346,KL008,20.25325274681793,False,1.85269296169281,0.6991989612579346,False,False,False,False,False,False,False,20.570280387421196,0.0,-2.9055780172348022,4.758270978927612,0.6991989612579346
200.0,KL002,1,5.455264318759002,True,53.105949072702124,3.236447724252925,162.99999999999994,165.5846750214427,105.21066249597885,43.142931685590895,-0.10835498571395874,0.1939793825149536,KL007,40.030507055244406,False,-3.1321951746940613,0.1939793825149536,False,False,False,False,False,False,False,67.09668133190047,0.0,-1.5068705566227436,-1.6253246180713177,0.1939793825149536
200.0,KL003,1,27.97906749699393,True,51.07682887455603,3.3472085072434155,162.99999999999994,165.5846750214427,81.80156889414958,57.17033391161752,-0.07206982374191284,0.8315684795379639,KL006,13.418094566058201,False,0.10202575125731528,0.8315684795379639,False,False,False,False,False,False,False,24.740451009513944,0.0,1.1830731108784676,-1.0810473596211523,0.8315684795379639
200.0,KL004,1,83.66354500991594,True,52.200617361373524,3.948764743691517,156.25773718422246,158.74923256626494,83.76916437527026,-7.8426825064768195,-0.41165393590927124,0.459728479385376,KL0010,20.5402272145871,False,1.6678735055029392,0.459728479385376,False,False,False,False,False,False,False,20.340918419221133,0.0,7.842682600021362,-6.174809094518423,0.459728479385376
200.0,KL005,1,50.47738814446517,True,50.94780404229665,4.604889412432535,159.75023126078676,162.29019627588733,105.64378534748778,-103.83989922650738,-0.6163385510444641,0.06267738342285156,KL003,48.13590398563152,False,0.029652491211891174,0.06267738342285156,False,False,False,False,False,False,False,74.09478709757371,0.0,9.274730756878853,-9.245078265666962,0.06267738342285156
200.0,KL006,1,50.61948120746766,True,51.27544877930175,3.1837979400737404,162.99999999999994,165.5846750214427,68.7711377753684,0.6965312792608529,-0.08535003662109375,0.4013139009475708,KL003,13.418094566058201,False,0.19760219380259514,0.4013139009475708,False,False,False,False,False,False,False,24.535570280123785,0.0,1.4778527431190014,-1.2802505493164062,0.4013139009475708
200.0,KL007,1,13.389719680673371,True,52.477326074741875,3.6038309935850474,162.99999999999994,165.5846750214427,78.70126495455285,-74.26626694952347,0.3913254737854004,0.06482970714569092,KL0010,7.4375603107333825,False,-5.000000000000002,0.06482970714569092,True,True,False,True,False,False,False,13.895327826804635,0.0,45.0,0.0,0.06482970714569092
200.0,KL008,1,26.895347998547578,True,51.48984466570797,3.424036813710004,161.69074446957916,164.25745250464195,118.2782702662734,12.847475317270892,-0.2808586359024048,0.08544886112213135,KL006,15.707976313460485,False,1.347171412780881,0.08544886112213135,False,False,False,False,False,False,False,22.8512024769996,0.0,5.56005097925663,-4.212879566475749,0.08544886112213135
200.0,KL009,1,35.57855057420193,True,51.62677805752088,2.823913983139838,162.99999999999994,165.5846750214427,96.18442132724243,87.36781550387786,-0.10377556085586548,0.262187123298645,KL008,23.862561115640858,False,0.07488224655389786,0.262187123298645,False,False,False,False,False,False,False,22.840411424348783,0.0,1.63151565939188,-1.5566334128379822,0.262187123298645
200.0,KL0010,2,137.74980111311353,True,52.52854149334728,3.789125660322968,156.58929786469426,159.08541328494113,137.85209027190712,-6.891409759043313,-0.4665728807449341,0.16125965118408203,KL007,7.4375603107333825,False,-0.10718353441916406,0.16125965118408203,False,False,False,False,False,False,False,13.895327826804635,0.0,6.891409680247307,-6.998593214666471,0.16125965118408203
210.0,KL001,1,74.87750435428782,True,51.818780904926705,3.6262333196213494,162.99999999999994,165.5846750214427,74.89139282688016,4.862070613287699,0.2029663324356079,0.6146893501281738,KL008,20.468130320726097,False,-1.8175754696130753,0.6146893501281738,False,False,False,False,False,False,False,17.15742767113994,0.0,-4.862070456147194,3.0444949865341187,0.6146893501281738
210.0,KL002,1,3.7632463798643436,True,53.101113409916074,3.212989244034762,162.99999999999994,165.5846750214427,103.94489850505101,40.604990417032326,-0.10143005847930908,0.1791595220565796,KL007,39.66716860052139,False,0.5680764466524124,0.1791595220565796,False,False,False,False,False,False,False,67.69138514379094,0.0,2.0895273238420486,-1.5214508771896362,0.1791595220565796
210.0,KL003,1,26.326376121011297,True,51.062361381423145,3.3528225054804426,162.99999999999994,165.5846750214427,80.92881907716466,58.26115317307409,-0.0782318115234375,0.8278713226318359,KL006,15.02302881663067,False,-0.04134306684136391,0.8278713226318359,False,False,False,False,False,False,False,27.718973020338037,0.0,1.1321341060101986,-1.1734771728515625,0.8278713226318359
210.0,KL004,1,82.0700522368424,True,52.187052322449105,3.940812023116727,157.83393811198331,160.34736195064036,82.17646018360844,-6.2959508857858,-0.29048991203308105,0.21593105792999268,KL0010,20.43410100570101,False,1.9386019371449947,0.21593105792999268,False,False,False,False,False,False,False,16.986918879734905,0.0,6.295950561761856,-4.357348624616861,0.21593105792999268
210.0,KL005,1,48.892962988819484,True,50.936494318096294,4.590199549194329,159.9646840729965,162.50761117608917,106.05301609341016,-104.65582612274852,-0.4170970916748047,-0.06929433345794678,KL003,47.361283042074625,False,3.312668949365616,-0.06929433345794678,False,False,False,False,False,False,False,71.97835059394522,0.0,9.569125324487686,-6.25645637512207,-0.06929433345794678
210.0,KL006,1,48.96595226497114,True,51.29014388836969,3.187650760710841,162.99999999999994,165.5846750214427,67.11552042096334,0.9160604291218988,-0.07569283246994019,0.41184568405151367,KL003,15.02302881663067,False,0.19294696860015392,0.41184568405151367,False,False,False,False,False,False,False,24.413977065521646,0.0,1.3283394556492567,-1.1353924870491028,0.41184568405151367
210.0,KL007,1,14.61349742404856,True,52.47872617398513,3.579494185729784,162.99999999999994,165.5846750214427,78.39520209578697,-80.44341483034094,0.534276008605957,0.053546905517578125,KL0010,7.890695868270605,False,0.0,0.053546905517578125,True,True,False,True,False,False,False,14.7561358395139,0.0,45.0,0.0,0.053546905517578125
210.0,KL008,1,25.257237942228308,True,51.50378716575377,3.416068501630875,161.98328878773842,164.55401677958704,116.68095342269278,14.39080807259603,-0.2758364677429199,0.10402536392211914,KL006,15.419281036668831,False,0.3360373084433377,0.10402536392211914,False,False,False,False,False,False,False,20.61447616808029,0.0,4.473584331572056,-4.137547023128718,0.10402536392211914
210.0,KL009,1,33.93667622833466,True,51.63164776874295,2.846584563976742,162.99999999999994,165.5846750214427,96.12001239176536,88.41974546710185,-0.10343074798583984,0.26285815238952637,KL008,22.597379055698156,False,0.08757569070439786,0.26285815238952637,False,False,False,False,False,False,False,20.602331558772192,0.0,1.6390369087457657,-1.5514612180413678,0.26285815238952637
210.0,KL0010,2,136.16609684430722,True,52.51422545496969,3.7873385024908095,157.14186108736763,159.64566741716425,136.2681940451999,-7.0814780026423705,-0.4722146987915039,0.16521620750427246,KL007,7.890695868270605,False,-0.0017427653074264526,0.16521620750427246,False,False,False,False,False,False,False,14.7561358395139,0.0,7.081477716565132,-7.083220481872559,0.16521620750427246
220.0,KL001,1,73.22634968128142,True,51.831958079231995,3.6374565115625477,162.99999999999994,165.5846750214427,73.23822955565137,3.113391531136898,0.20281708240509033,0.6196963787078857,KL008,20.704079045512497,False,-0.07113531057257205,0.6196963787078857,False,False,False,False,False,False,False,13.766566198214319,0.0,-3.113391548395157,3.042256237822585,0.6196963787078857
220.0,KL002,1,2.071322101073582,True,53.096379260829316,3.1894751506997534,162.99999999999994,165.5846750214427,102.69842630772095,41.78695307784815,-0.09568500518798828,0.1819615364074707,KL007,39.31820071469041,False,0.9796097036451101,0.1819615364074707,False,False,False,False,False,False,False,67.30093075497312,0.0,2.4148848094046116,-1.4352751057595015,0.1819615364074707
220.0,KL003,1,24.673764894785297,True,51.04789643758906,3.3584513560654075,162.99999999999994,165.5846750214427,80.079661042732,59.22941597821705,0.05925953388214111,0.5189557075500488,KL006,16.656139361014606,False,2.1227466501295567,0.5189557075500488,False,False,False,False,False,False,False,30.748232874774818,0.0,1.2338536139577627,0.8888930361717939,0.5189557075500488
220.0,KL004,1,80.46376425804775,True,52.1735891015017,3.9320845664377213,158.5739998973541,161.09768927498556,80.57073484883266,-4.445636381028578,-0.2855735421180725,0.20577669143676758,KL0010,20.313591632209125,False,0.16203325241804123,0.20577669143676758,False,False,False,False,False,False,False,13.696434293725353,0.0,4.445636384189129,-4.283603131771088,0.20577669143676758
220.0,KL005,1,47.30117859560802,True,50.92572410593627,4.574577781321746,159.72652248484985,162.26615992624335,106.39845622724673,-102.19219629366864,-0.4239463806152344,-0.10704237222671509,KL003,46.54564407145217,False,0.1375725120306015,-0.10704237222671509,False,False,False,False,False,False,False,70.95458671217317,0.0,6.496768221259117,-6.359195709228516,-0.10704237222671509
220.0,KL006,1,47.31233577480861,True,51.30483079894231,3.191583937052802,162.99999999999994,165.5846750214427,65.46001985325253,1.1368910170084519,0.10440373420715332,0.4971635341644287,KL008,15.142547065598514,False,2.746152374893427,0.4971635341644287,False,False,False,False,False,False,False,24.084456950003336,0.0,1.180096361786127,1.5660560131072998,0.4971635341644287
220.0,KL007,1,15.928828853181422,True,52.47998403047318,3.5551312337744445,162.99999999999994,165.5846750214427,78.1381635783386,-81.63123931560744,0.5276283025741577,0.044835805892944336,KL0010,8.50776382252262,False,-5.000000000000002,0.044835805892944336,True,True,False,True,False,False,False,15.917162846359872,0.0,45.0,0.0,0.044835805892944336
220.0,KL008,1,23.615288478519012,True,51.51778918270319,3.4082120679694574,162.3395426464347,164.91516189257746,115.08394607146815,14.933510746184709,-0.2718921899795532,0.10416543483734131,KL006,15.142547065598514,False,0.3339683194644749,0.10416543483734131,False,False,False,False,False,False,False,18.389771111109404,0.0,4.412351176142693,-4.078382856678218,0.10416543483734131
220.0,KL009,1,32.294652725804745,True,51.63649596447014,2.8692695385384144,162.99999999999994,165.5846750214427,96.08611718708926,89.48540726658757,-0.10540837049484253,0.2638835906982422,KL008,21.335100880413282,False,0.0565482844831422,0.2638835906982422,False,False,False,False,False,False,False,18.382314851161716,0.0,1.63767384365201,-1.5811255591688678,0.2638835906982422
220.0,KL0010,2,134.57699249111678,True,52.49985791066696,3.785546222371049,157.70799206669525,160.21966694818798,134.6789027477985,-7.16838440498978,-0.4796004891395569,0.12017202377319336,KL007,8.50776382252262,False,-0.02562269481131807,0.12017202377319336,False,False,False,False,False,False,False,15.917162846359872,0.0,7.16838464140892,-7.194007336220238,0.12017202377319336
230.0,KL001,1,71.57504997011424,True,51.845146705596164,3.648647749470801,162.99999999999994,165.5846750214427,71.58501746248247,3.112161609722591,0.30148398876190186,0.7148847579956055,KL008,20.956299064162167,False,1.4100981317460537,0.7148847579956055,False,False,False,False,False,False,False,10.439077654351484,0.0,-3.1121617555618286,4.522259887307882,0.7148847579956055
230.0,KL002,1,0.3800746353816903,True,53.09188718734088,3.1658322253994884,162.99999999999994,165.5846750214427,101.48320100454403,43.40727597792349,-0.07585972547531128,0.19102859497070312,KL007,39.048962149908725,False,4.883578084409237,0.19102859497070312,False,False,False,False,False,False,False,69.23327912937417,0.0,6.021474078297615,-1.1378959938883781,0.19102859497070312
230.0,KL003,1,23.020750398110348,True,51.033313258221234,3.363244333539767,162.99999999999994,165.5846750214427,79.30855853185058,62.40386655429165,-2.956390380859375e-05,0.5161876678466797,KL006,18.285760101939825,False,-0.9663185197860003,0.5161876678466797,False,False,False,False,False,False,False,33.77141970182286,0.0,-0.9658750332891941,-0.0004434864968061447,0.5161876678466797
230.0,KL004,1,78.85018356409196,True,52.160084316225785,3.9232467059397504,159.27923364689127,161.81268733677186,78.95763689024692,-4.371921062944153,-0.26401495933532715,0.13918018341064453,KL0010,20.194754664648002,False,0.41169649455696344,0.13918018341064453,False,False,False,False,False,False,False,10.373843577230378,0.0,4.371920898556709,-3.960224403999746,0.13918018341064453
230.0,KL005,1,45.71312705628797,True,50.91503249838874,4.558901186115787,159.35889997249996,161.8934555686628,106.75756654238165,-102.89716132596504,-0.4406784772872925,-0.09743696451187134,KL003,45.75711555110542,False,-0.005306526909407694,-0.09743696451187134,False,False,False,False,False,False,False,69.3110521312626,0.0,6.60487063229084,-6.610177159200248,-0.09743696451187134
230.0,KL006,1,45.65915046412753,True,51.3193891346299,3.196592206602844,162.99999999999994,165.5846750214427,63.807971309479626,3.980113176131738,0.09765505790710449,0.5119431018829346,KL008,14.865297912246637,False,-0.1473069714847952,0.5119431018829346,False,False,False,False,False,False,False,23.875353838585806,0.0,-1.6121328435838223,1.464825872099027,0.5119431018829346
230.0,KL007,1,17.371894799694676,True,52.48008692107207,3.53068560337652,162.99999999999994,165.5846750214427,78.04302049524232,-87.83422571121696,0.5309398174285889,0.01462399959564209,KL0010,9.259195551308979,False,-5.000000000000002,0.01462399959564209,True,True,False,True,False,False,False,17.323695409458175,0.0,45.0,0.0,0.01462399959564209
230.0,KL008,1,21.969535915525768,True,51.53185022747609,3.4004675806028635,162.69627576495682,165.27678826457893,113.48746689418981,15.485078000705926,-0.17187714576721191,0.2395721673965454,KL006,14.865297912246637,False,1.7924664728343487,0.2395721673965454,False,False,False,False,False,False,False,16.525723565983956,0.0,4.370623715221882,-2.578157242387533,0.2395721673965454
230.0,KL009,1,30.652507493887267,True,51.64133026145868,2.8919646334378126,162.99999999999994,165.5846750214427,96.0818710367264,90.52043676401297,-0.1041824221611023,0.26691627502441406,KL008,20.07628300133703,False,0.11069722822867334,0.26691627502441406,False,False,False,False,False,False,False,16.512374759806633,0.0,1.673433557152748,-1.5627363289240748,0.26691627502441406
230.0,KL0010,2,132.9841407087977,True,52.485452452438366,3.7837604417203288,158.11963651483194,160.63702563541239,133.08587028049388,-7.281745449621781,-0.48113298416137695,0.12429094314575195,KL007,9.259195551308979,False,0.06475076253991574,0.12429094314575195,False,False,False,False,False,False,False,17.323695409458175,0.0,7.28174552321434,-7.2169947606744245,0.12429094314575195
240.0,KL001,1,69.92653369595301,True,51.85816117766409,3.660364278690123,162.99999999999994,165.5846750214427,69.93481513240893,4.6285604911193445,0.11786842346191406,0.5196943283081055,KL004,19.695615627516172,False,-25.0,0.5196943283081055,True,False,False,False,True,False,False,10.856892631531121,0.0,-4.628560356795788,1.768026351928711,0.5196943283081055
240.0,KL002,2,67.99996688976536,True,53.088490072308424,3.141694577086805,162.99999999999994,165.5846750214427,100.37192248267607,48.99717629803385,-0.23959463834762573,0.18431055545806885,KL007,38.922024026608234,False,-45.0,0.18431055545806885,False,False,False,False,False,False,False,61.047698490081295,0.0,-45.0,0.0,0.18431055545806885
240.0,KL003,1,21.36768463919323,True,51.01877985236482,3.3684043662334058,162.99999999999994,165.5846750214427,78.5411186129972,62.50077889172252,0.04656112194061279,0.5220363140106201,KL006,19.937493383415593,False,0.6789146270602942,0.5220363140106201,False,False,False,False,False,False,False,36.83413425032009,0.0,-0.019502219947753474,0.6984168470080476,0.5220363140106201
240.0,KL004,1,77.23118023453861,True,52.146578602267674,3.914226733014068,159.75606399744987,162.296109597826,77.33901080383198,-4.043831026853525,-0.18254035711288452,0.06992745399475098,KL001,19.695615627516172,False,1.3057257514446974,0.06992745399475098,False,False,False,False,False,False,False,10.6089279035448,0.0,4.043831080198288,-2.7381053287535906,0.06992745399475098
240.0,KL005,1,44.12950489261116,True,50.90436238582201,4.543262603847403,159.02422158980937,161.5541465548113,107.13892269020788,-103.7374122977339,-0.4534757137298584,-0.08768653869628906,KL003,44.95637476769775,False,0.0712200254201889,-0.08768653869628906,False,False,False,False,False,False,False,68.00062207954356,0.0,6.873355731368065,-6.802135705947876,-0.08768653869628906
240.0,KL006,1,44.00592009871761,True,51.33394942847305,3.2015895739839495,162.99999999999994,165.5846750214427,62.15602281665101,3.9342194175292775,0.12691974639892578,0.5386979579925537,KL008,14.620302892680044,False,0.39043822791427374,0.5386979579925537,False,False,False,False,False,False,False,23.90824494764253,0.0,-1.5133579820394516,1.9037962099537253,0.5386979579925537
240.0,KL007,1,18.911947724873656,True,52.478891819966954,3.5063186101863124,162.99999999999994,165.5846750214427,78.1267627286957,-94.03778241417882,0.5258622169494629,-0.002129852771759033,KL0010,10.091024483065409,False,0.0,-0.002129852771759033,True,True,False,True,False,False,False,18.87647542888451,0.0,45.0,0.0,-0.002129852771759033
240.0,KL008,1,20.31787267356338,True,51.546079950969315,3.393410120346128,162.99999999999994,165.5846750214427,111.90402127523413,17.526659415136407,-0.11811655759811401,0.28842461109161377,KL006,14.620302892680044,False,1.0045089852064848,0.28842461109161377,False,False,False,False,False,False,False,14.591754382332926,0.0,2.7762573212385178,-1.771748336032033,0.28842461109161377
240.0,KL009,1,29.01020511617054,True,51.6461373370734,2.9146771494656947,162.99999999999994,165.5846750214427,96.1088419620556,91.6093634689829,-0.10024112462997437,0.27593159675598145,KL008,18.83892527730792,False,0.15547458082437515,0.27593159675598145,False,False,False,False,False,False,False,14.575115225553164,0.0,1.6590914502739906,-1.5036168694496155,0.27593159675598145
240.0,KL0010,2,131.38708760027555,True,52.47100952430945,3.7819436498135803,158.54540601169887,161.06869911940797,131.4886404766014,-7.306306219955985,-0.4799724817276001,0.13149237632751465,KL007,10.091024483065409,False,0.10671928175725043,0.13149237632751465,False,False,False,False,False,False,False,18.87647542888451,0.0,7.3063065111637115,-7.199587229406461,0.13149237632751465
250.0,KL001,1,68.28214025373315,True,51.872076982133834,3.668733845990917,162.99999999999994,165.5846750214427,68.28809007119085,-11.292435998463162,0.07965385913848877,0.5217771530151367,KL004,17.93972626595807,False,-15.000000000000002,0.5217771530151367,True,False,False,False,True,False,False,10.551569878832598,0.0,11.292436569929123,1.1948074400424957,0.5217771530151367
250.0,KL002,3,99.38478637713007,True,53.08307934858686,3.118679298295915,162.99999999999994,165.5846750214427,99.11346481000082,33.796738649792275,-0.22759771347045898,0.10298454761505127,KL007,38.67595322089799,False,-37.21070408821106,0.10298454761505127,False,False,False,False,False,False,False,58.41855861422291,0.0,-33.7967374920845,-3.4139665961265564,0.10298454761505127
250.0,KL003,1,19.71469640999199,True,51.004209010305296,3.3732887148948407,162.99999999999994,165.5846750214427,77.8189418783504,64.26988731383688,0.04460573196411133,0.3638554811477661,KL006,21.600329686788733,False,-0.10875103413127363,0.3638554811477661,False,False,False,False,False,False,False,39.916856902376985,0.0,-0.7778370101004839,0.6690859759692103,0.3638554811477661
250.0,KL004,1,75.60776918872752,True,52.13318251001278,3.904696155558604,159.9953818265091,162.53873280196598,75.71577192280901,-2.797247782314116,-0.217770516872406,0.0410923957824707,KL001,17.93972626595807,False,-0.4693099670112133,0.0410923957824707,False,False,False,False,False,False,False,10.649597017861629,0.0,2.797247786074877,-3.26655775308609,0.0410923957824707
250.0,KL005,1,42.54983938227253,True,50.89372468688781,4.527636178691322,158.72298459012444,161.2487382098123,107.54014188485978,-104.49374598381905,-0.42842990159988403,-0.14640265703201294,KL003,44.165620282119335,False,0.6554623553529382,-0.14640265703201294,False,False,False,False,False,False,False,66.427736795519,0.0,7.081910893321037,-6.426448537968099,-0.14640265703201294
250.0,KL006,1,42.353080972545285,True,51.34848810497574,3.2067472459589803,162.99999999999994,165.5846750214427,60.50512401422225,4.442199004279928,0.11187493801116943,0.48174524307250977,KL008,14.395136683746165,False,-0.2931731566786766,0.48174524307250977,False,False,False,False,False,False,False,23.8333723425583,0.0,-1.971297226846218,1.6781240701675415,0.48174524307250977
250.0,KL007,1,20.478318992335126,True,52.477554010070385,3.4819690171496624,162.99217786861797,165.5767457299987,78.26076283769821,-95.23739373068128,0.49569010734558105,-0.016929268836975098,KL0010,10.976980275625385,False,0.0,-0.016929268836975098,True,True,False,True,False,False,False,20.527722892284228,0.0,45.0,0.0,-0.016929268836975098
250.0,KL008,1,18.66511106422211,True,51.56038596706104,3.3867611725899724,162.99999999999994,165.5846750214427,110.33186941591404,18.80191137787733,-0.08772194385528564,0.25211572647094727,KL006,14.395136683746165,False,0.5995279038324952,0.25211572647094727,False,False,False,False,False,False,False,12.64056947745781,0.0,1.9153570756316185,-1.3158291717991233,0.25211572647094727
250.0,KL009,1,27.367716542357332,True,51.6509061499132,2.937413002395941,162.99999999999994,165.5846750214427,96.16829594427125,92.74210888935818,-0.1153600811958313,0.25764453411102295,KL008,17.615283647455843,False,-0.12835548841394484,0.25764453411102295,False,False,False,False,False,False,False,12.652176593302057,0.0,1.602045726031065,-1.7304012144450098,0.25764453411102295
250.0,KL0010,2,129.78543914840236,True,52.45652773570694,3.7800780297673495,158.99587238400935,161.5254049242905,129.88681789595591,-7.290024087377219,-0.5056484341621399,0.13222217559814453,KL007,10.976980275625385,False,-0.29470235109329224,0.13222217559814453,False,False,False,False,False,False,False,20.527722892284228,0.0,7.290024161338806,-7.584726512432098,0.13222217559814453
260.0,KL001,1,66.73423437334634,True,51.88687554771752,3.6706767380519203,162.99999999999994,165.5846750214427,66.73660698901806,-26.77216855067229,0.22675228118896484,0.46512389183044434,KL004,16.2607030448472,False,0.0,0.46512389183044434,True,False,False,False,True,False,False,10.360047540878131,0.0,26.7721688747406,3.4012851119041443,0.46512389183044434
260.0,KL002,3,97.87373449833665,True,53.07410442205574,3.0989958523536387,162.99999999999994,165.5846750214427,97.61779147298147,18.38815918337454,-0.20177382230758667,0.015628337860107422,KL007,38.18773088165393,False,-21.414766162633896,0.015628337860107422,False,False,False,False,False,False,False,56.782184086863666,0.0,-18.388158828020096,-3.0266073346138,0.015628337860107422
260.0,KL003,1,18.061746449192796,True,50.98964402744142,3.3782154640460345,162.99999999999994,165.5846750214427,77.12259388061844,65.2703667918397,-0.008019626140594482,0.314963698387146,KL006,23.277838859210558,False,-0.8739065285772085,0.314963698387146,False,False,False,False,False,False,False,43.02591547290677,0.0,-0.7536121364682913,-0.12029439210891724,0.314963698387146
260.0,KL004,1,73.98381217225453,True,52.11972718092513,3.895339309380841,160.13580541114484,162.6810949159211,74.09196178688828,-3.3387074983770333,-0.24641597270965576,0.026067137718200684,KL001,16.2607030448472,False,-0.3575320914387703,0.026067137718200684,False,False,False,False,False,False,False,10.443199437855123,0.0,3.338707499206066,-3.6962395906448364,0.026067137718200684
260.0,KL005,1,40.97443382616487,True,50.88323368723978,4.511871389621588,158.22037418167147,160.73916077552508,107.94451219448248,-104.6594352031687,-0.3800840973854065,-0.20081496238708496,KL003,43.36668607604259,False,1.0005435068160295,-0.20081496238708496,False,False,False,False,False,False,False,64.59702783415463,0.0,6.701804995536804,-5.701261488720775,-0.20081496238708496
260.0,KL006,1,40.69998436216229,True,51.363043076755744,3.2117873609102676,162.99999999999994,165.5846750214427,58.85383502210495,4.2649844517230235,0.2710433006286621,0.5086419582366943,KL008,14.187767305574218,False,2.326138224452734,0.5086419582366943,False,False,False,False,False,False,False,23.76178004191393,0.0,-1.7395112849771976,4.065649509429932,0.5086419582366943
260.0,KL007,1,22.059650924961343,True,52.476216679955506,3.457628896575726,162.93359929008324,165.51736457823634,78.42887733925197,-96.43195521479572,0.4606611728668213,-0.028935134410858154,KL0010,11.911149911486303,False,-5.000000000000002,-0.028935134410858154,True,True,False,True,False,False,False,22.26695644465821,0.0,45.0,0.0,-0.028935134410858154
260.0,KL008,1,17.011884810261527,True,51.57473445800953,3.3803513173241395,162.99999999999994,165.5846750214427,108.7679003436011,19.688536289245747,-0.2054656744003296,0.18988037109375,KL006,14.187767305574218,False,-1.6519450396299362,0.18988037109375,False,False,False,False,False,False,False,10.26229392671982,0.0,1.4300400204956532,-3.0819850601255894,0.18988037109375
260.0,KL009,1,25.725268451322325,True,51.655706553976074,2.9601339795786044,162.99999999999994,165.5846750214427,96.25198508095035,93.58967158396229,-0.12611639499664307,0.24068939685821533,KL008,16.403325709804744,False,-0.0422077439725399,0.24068939685821533,False,False,False,False,False,False,False,10.265306846926087,0.0,1.849538180977106,-1.891745924949646,0.24068939685821533
260.0,KL0010,2,128.18066787201198,True,52.4419991027801,3.778330309540344,159.44884026511065,161.98463960016682,128.2818889267497,-7.681425667776665,-0.5243178009986877,0.1357719898223877,KL007,11.911149911486303,False,-0.18334149615839124,0.1357719898223877,False,False,False,False,False,False,False,22.26695644465821,0.0,7.681425511837006,-7.864767007995397,0.1357719898223877
270.0,KL001,1,65.26213008203526,True,51.9017600267525,3.6699417715669234,162.99999999999994,165.5846750214427,65.26034358394412,-27.423022791666085,0.12663376331329346,0.5252797603607178,KL004,14.647592896932142,False,0.0,0.5252797603607178,True,False,False,False,True,False,False,10.443969113036534,0.0,27.423022985458374,1.8995055556297302,0.5252797603607178
270.0,KL002,3,96.23508454488663,True,53.062245458932246,3.084135642323992,162.99999999999994,165.5846750214427,95.98975987213763,2.7322004002495817,-0.220572829246521,-0.19327068328857422,KL007,37.54521123245454,False,-6.040792688727379,-0.19327068328857422,False,False,False,False,False,False,False,56.562845824931756,0.0,-2.732200361788273,-3.308592326939106,-0.19327068328857422
270.0,KL003,1,16.40882275649917,True,50.97512803136153,3.383492949009052,162.99999999999994,165.5846750214427,76.43252775341061,65.51774791905757,-0.0939987301826477,0.5059624910354614,KL006,24.94907492038124,False,-1.3053295388817787,0.5059624910354614,False,False,False,False,False,False,False,46.12310524928526,0.0,0.10465145576745272,-1.4099809946492314,0.5059624910354614
270.0,KL004,1,72.35978319918561,True,52.106228794598714,3.8861170890270187,160.22469752419926,162.77121380866245,72.46804660912314,-3.7797344928226835,-0.24032855033874512,0.02007138729095459,KL001,14.647592896932142,False,0.17480615177191794,0.02007138729095459,False,False,False,False,False,False,False,10.406210909428555,0.0,3.7797344103455544,-3.6049282585736364,0.02007138729095459
270.0,KL005,1,39.404302038379775,True,50.87296279265645,4.495891953051849,157.53115147558614,160.0403697008575,108.3420211021971,-104.47400760897568,-0.2801598310470581,0.09668326377868652,KL003,42.5449356747264,False,1.755214612931013,0.09668326377868652,False,False,False,False,False,False,False,62.42485751621569,0.0,5.95761202275753,-4.202397409826517,0.09668326377868652
270.0,KL006,1,39.050467701443786,True,51.37746303682599,3.2177411930300397,162.99999999999994,165.5846750214427,57.20915281215383,6.778270822015628,0.2770211696624756,0.50551438331604,KL008,13.966863655052396,False,-0.07109888072591275,0.50551438331604,False,False,False,False,False,False,False,22.565141682666784,0.0,-4.226416423916817,4.155317543190904,0.50551438331604
270.0,KL007,1,20.21273959444976,True,52.47373496133685,3.433552734515719,162.83384526080914,165.41624355421908,78.75730570524546,-102.60408787626045,0.4530797004699707,-0.05702918767929077,KL0010,12.858784905891707,False,0.0,-0.05702918767929077,True,True,False,True,False,False,False,24.029857562535803,0.0,45.0,0.0,-0.05702918767929077
270.0,KL008,1,15.360863497197553,True,51.588962661273655,3.3732792271851664,162.99999999999994,165.5846750214427,107.19143028456897,18.308266830712682,-0.16007530689239502,0.13209807872772217,KL006,13.966863655052396,False,9.999999999999995,0.13209807872772217,True,False,False,False,True,False,False,10.82627627110264,0.0,3.39680515229702,-2.4011296033859253,0.13209807872772217
270.0,KL009,1,24.082828817444813,True,51.66051734107482,2.98285165971774,162.99999999999994,165.5846750214427,96.3623286254344,94.5214601356862,-0.17816412448883057,0.25995898246765137,KL008,15.173573966105526,False,-0.6425466388463974,0.25995898246765137,False,False,False,False,False,False,False,10.851507001147572,0.0,2.029915228486061,-2.6724618673324585,0.25995898246765137
270.0,KL0010,2,126.57231211900829,True,52.42742483036463,3.77665456541824,159.91398124554595,162.45620817392495,126.6733901370579,-7.966567663998319,-0.5363627076148987,0.13663339614868164,KL007,12.858784905891707,False,-0.07887281302828342,0.13663339614868164,False,False,False,False,False,False,False,24.029857562535803,0.0,7.966567799448967,-8.04544061247725,0.13663339614868164
280.0,KL001,1,63.79898432423614,True,51.916644505787474,3.6692065615151415,162.99999999999994,165.5846750214427,63.79289015685328,-28.103911507795488,0.15323173999786377,0.5237363576889038,KL004,13.064258669474947,False,0.0,0.5237363576889038,True,False,False,False,True,False,False,10.403491668354528,0.0,28.103912472724915,2.2984760999679565,0.5237363576889038
280.0,KL002,3,94.58191642035676,True,53.04877328463522,3.0738381322889547,162.33663617918845,164.91221553893246,94.34302015521034,-3.3517322747918,-0.25472521781921387,-0.18501120805740356,KL007,36.76516097465907,False,-0.46914597507566214,-0.18501120805740356,False,False,False,False,False,False,False,55.09641861891569,0.0,3.3517323061823845,-3.8208782812580466,-0.18501120805740356
280.0,KL003,1,14.756638945484923,True,50.96069149084362,3.389292503574778,162.99999999999994,165.5846750214427,75.73768241889208,65.34207032438724,-0.05221801996231079,0.48075437545776367,KL006,26.62871503421903,False,0.7503871154040098,0.48075437545776367,False,False,False,False,False,False,False,49.23504212386577,0.0,1.533657442778349,-0.7832703273743391,0.48075437545776367
280.0,KL004,1,70.7349723797931,True,52.092742012914094,3.876826709302953,160.29302616946558,162.8404852498164,70.84325860127356,-3.688254573485068,-0.2344759702682495,0.031581878662109375,KL001,13.064258669474947,False,0.1711150968912989,0.031581878662109375,False,False,False,False,False,False,False,10.370793962725346,0.0,3.688254654407501,-3.5171395575162023,0.031581878662109375
280.0,KL005,1,37.82803985260585,True,50.86298245323579,4.479393826481404,157.86223880755463,160.37605556809055,108.71500232078735,-103.53582549275984,-0.2555955648422241,0.07676208019256592,KL003,41.68225166072597,False,0.5742016062140465,0.07676208019256592,False,False,False,False,False,False,False,60.892500109624535,0.0,4.408135078847408,-3.833933472633362,0.07676208019256592
280.0,KL006,1,37.40125796189884,True,51.391882893394104,3.223698264784885,162.99999999999994,165.5846750214427,55.56511628046584,6.9054934826820045,0.3770930767059326,0.5666038990020752,KL008,13.826719443765802,False,1.325795380398631,0.5666038990020752,False,False,False,False,False,False,False,21.60043601997211,0.0,-4.330600798130035,5.6563961785286665,0.5666038990020752
280.0,KL007,1,21.78100732273109,True,52.47111537949922,3.4095426567946125,162.63773943399386,165.21744931434984,79.13343938469677,-103.76216864469353,0.42802321910858154,-0.05838596820831299,KL0010,13.826051788577645,False,0.0,-0.05838596820831299,True,True,False,True,False,False,False,25.828191680996326,0.0,45.0,0.0,-0.05838596820831299
280.0,KL008,1,13.713407583953549,True,51.603614215798686,3.369185410560882,162.99999999999994,165.5846750214427,105.69851329752504,28.69260571617599,-0.12186646461486816,0.28456759452819824,KL006,13.826719443765802,False,5.000000000000002,0.28456759452819824,True,False,False,False,True,False,False,10.675212818127104,0.0,-7.086262106895447,-1.8279971927404404,0.28456759452819824
280.0,KL009,1,22.441165463461164,True,51.66548586790972,3.00548339061651,162.99999999999994,165.5846750214427,96.48195019128325,94.85138707733427,-0.17404943704605103,0.26134228706359863,KL008,14.053443836156346,False,0.2672911807894707,0.26134228706359863,False,False,False,False,False,False,False,10.672123834416997,0.0,2.878032736480236,-2.6107415556907654,0.26134228706359863
280.0,KL0010,2,124.95997998697864,True,52.412806588056824,3.775007476875968,160.38207505124774,162.9307625738101,125.06092722144368,-8.15119838917721,-0.5377200841903687,0.11842238903045654,KL007,13.826051788577645,False,0.08539706643205136,0.11842238903045654,False,False,False,False,False,False,False,25.828191680996326,0.0,8.151198327541351,-8.0658012611093,0.11842238903045654
290.0,KL001,1,62.34542787668218,True,51.93152898482245,3.668471107685435,162.99999999999994,165.5846750214427,62.334868910167444,-28.816756507225023,0.0589449405670166,0.587756872177124,KL004,11.522695565778422,False,0.0,0.587756872177124,True,False,False,False,True,False,False,10.368274326772072,0.0,28.816757798194885,0.884174108505249,0.587756872177124
290.0,KL002,3,92.93754540419079,True,53.03520983825425,3.064100769097662,161.7016013810891,164.26845865986076,92.7045141132015,-3.8890882934777267,-0.24321907758712769,-0.1810392141342163,KL007,35.97516315326144,False,0.24080225033685565,-0.1810392141342163,False,False,False,False,False,False,False,53.75474995936957,0.0,3.8890884071588516,-3.648286156821996,-0.1810392141342163
290.0,KL003,1,13.10398514681613,True,50.94620835584676,3.3947896328719325,162.99999999999994,165.5846750214427,75.09282267888973,67.24908059263117,-0.06328004598617554,0.4715498685836792,KL006,28.30528347557996,False,-0.10428800596855581,0.4715498685836792,False,False,False,False,False,False,False,52.34134490599992,0.0,0.8449126873165369,-0.9492006932850927,0.4715498685836792
290.0,KL004,1,69.10899251430753,True,52.07926329538483,3.867467352393697,160.4008312859394,162.9497775173001,69.21720928163504,-3.6003929458197774,-0.22731781005859375,0.024913787841796875,KL001,11.522695565778422,False,0.19062570529058576,0.024913787841796875,False,False,False,False,False,False,False,10.337785971077906,0.0,3.6003928631544113,-3.4097671578638256,0.024913787841796875
290.0,KL005,1,36.24885085047881,True,50.853092787846236,4.462710608162181,158.12500286584867,160.6424664396857,109.09468113013709,-103.77633138362268,-0.25173497200012207,0.07113420963287354,KL003,40.822902860128934,False,0.25654859840869904,0.07113420963287354,False,False,False,False,False,False,False,59.24685732880407,0.0,4.03257317841053,-3.776024580001831,0.07113420963287354
290.0,KL006,1,35.75597266095433,True,51.40621287206779,3.230190390107299,162.99999999999994,165.5846750214427,53.92701175322804,8.481815131289977,0.3750472068786621,0.5727972984313965,KL008,13.746593747915314,False,-0.2826773375272751,0.5727972984313965,False,False,False,False,False,False,False,20.249218810308747,0.0,-5.908385440707207,5.625708103179932,0.5727972984313965
290.0,KL007,1,23.361077031703637,True,52.46849902441868,3.3855635806301927,162.43698097913912,165.01393722721872,79.54106652327489,-104.90742494977212,0.4175441265106201,-0.062087833881378174,KL0010,14.809201417501425,False,-5.000000000000002,-0.062087833881378174,True,True,False,True,False,False,False,27.65510644847498,0.0,45.0,0.0,-0.062087833881378174
290.0,KL008,1,12.097109956583928,True,51.61848607504888,3.3680471719897724,162.99999999999994,165.5846750214427,104.31052750817435,34.18549445763631,-0.15450966358184814,0.292633056640625,KL009,13.041333397615256,False,5.000000000000002,0.292633056640625,True,False,False,False,True,False,False,10.740672575807245,0.0,-13.656581193208694,-2.3176445066928864,0.292633056640625
290.0,KL009,1,20.799292681889188,True,51.67038885179997,3.0281547112896434,162.99999999999994,165.5846750214427,96.63697743941444,96.08799197064616,-0.1529027223587036,0.288906455039978,KL008,13.041333397615256,False,0.5338665470480919,0.288906455039978,False,False,False,False,False,False,False,10.751225877361922,0.0,2.827407382428646,-2.293540835380554,0.288906455039978
290.0,KL0010,2,123.34365618887021,True,52.3981529674288,3.77332097760247,160.78771041509327,163.34199014481177,123.4444791094983,-8.173467024927874,-0.5351799726486206,0.10858416557312012,KL007,14.809201417501425,False,0.1457671110983938,0.10858416557312012,False,False,False,False,False,False,False,23.20651945578011,0.0,8.173466697335243,-8.02769958623685,0.10858416557312012
300.0,KL001,1,60.90214739786459,True,51.946413463857425,3.6677354098664217,162.99999999999994,165.5846750214427,60.88695744720205,-29.563624592933365,0.061475276947021484,0.670961856842041,KL004,10.042168792246274,False,0.0,0.670961856842041,True,False,False,False,True,False,False,10.335338991722242,0.0,29.563624262809753,0.9221300482749939,0.670961856842041
300.0,KL002,3,91.29912993947683,True,53.02172303691616,3.054309456858399,161.0801910555295,163.63849935070323,91.07193746458802,-3.7143219444403712,-0.24471688270568848,-0.17870968580245972,KL007,35.26115077189707,False,0.043568797409534454,-0.17870968580245972,False,False,False,False,False,False,False,53.82390350830571,0.0,3.7143220379948616,-3.670753240585327,-0.17870968580245972
300.0,KL003,1,11.451442575459367,True,50.93173154804544,3.4003268746843784,162.99999999999994,165.5846750214427,74.47627556317443,68.32010824270941,-0.20721334218978882,0.44481706619262695,KL006,29.989926954159827,False,-2.065398506820202,0.44481706619262695,False,False,False,False,False,False,False,55.46214454004115,0.0,1.0428016260266304,-3.1082001328468323,0.44481706619262695
300.0,KL004,1,67.48204715046363,True,52.065796674575346,3.8580329325188343,160.4857669980346,163.0358846084343,67.59009810218636,-3.492457036638541,-0.24620497226715088,0.04245615005493164,KL001,10.042168792246274,False,-0.2006174996495247,0.04245615005493164,False,False,False,False,False,False,False,10.359294471666445,0.0,3.4924570843577385,-3.693074584007263,0.04245615005493164
300.0,KL005,1,34.66747846785565,True,50.843235252984684,4.4459352159791345,158.36846459490877,160.88930490396905,109.48992653097393,-104.33085030736538,-0.24890828132629395,0.0694350004196167,KL003,39.95855294208323,False,0.2479923516511917,0.0694350004196167,False,False,False,False,False,False,False,57.12586933913587,0.0,3.981616571545601,-3.733624219894409,0.0694350004196167
300.0,KL006,1,34.110547007545684,True,51.42056265914713,3.236571116543877,162.99999999999994,165.5846750214427,52.288775787722436,8.456550106914676,0.38139045238494873,0.5855147838592529,KL008,13.700830418687676,False,-0.16790494322776794,0.5855147838592529,False,False,False,False,False,False,False,18.864393714732092,0.0,-5.888761729001999,5.720856785774231,0.5855147838592529
300.0,KL007,1,24.98155264229543,True,52.46476174183491,3.3620273763358672,162.2235271444718,164.79755403569416,80.10110675910997,-111.01038364202822,0.283336877822876,-0.07158464193344116,KL0010,15.769122205545104,False,0.0,-0.07158464193344116,True,True,False,True,False,False,False,29.437993622286683,0.0,45.0,0.0,-0.07158464193344116
300.0,KL008,1,10.536985213349721,True,51.63336294840828,3.3690008499363184,162.99999999999994,165.5846750214427,103.01600321398739,39.75555562956254,-0.18030214309692383,0.227195143699646,KL009,12.11186785584401,False,5.000000000000002,0.227195143699646,True,False,False,False,True,False,False,11.023464592862434,0.0,-21.4506433904171,-2.7045316994190216,0.227195143699646
300.0,KL009,1,19.156893425162746,True,51.675160607348744,3.0509011318926706,162.99999999999994,165.5846750214427,96.83487922626122,97.58663624132282,-0.15117114782333374,0.2944532632827759,KL008,12.11186785584401,False,0.23360709892585874,0.2944532632827759,False,False,False,False,False,False,False,11.034329503142882,0.0,2.501174323260784,-2.2675672243349254,0.2944532632827759
300.0,KL0010,2,121.72344092585239,True,52.383468195554215,3.7715699247881003,161.15960305750863,163.71900462700702,121.82414330460855,-8.136518350121264,-0.533662736415863,0.10577273368835449,KL007,15.769122205545104,False,0.13157755485735834,0.10577273368835449,False,False,False,False,False,False,False,20.013058246763936,0.0,8.136518597602844,-8.004941042745486,0.10577273368835449
310.0,KL001,1,59.46989110723071,True,51.9612979428924,3.6669994678464763,162.99999999999994,165.5846750214427,59.44989444892139,-30.346738239605713,0.07098507881164551,0.6755220890045166,KL004,8.656446825992502,False,0.0,0.6755220890045166,True,False,False,False,True,False,False,10.35974493993986,0.0,30.34673810005188,1.064775288105011,0.6755220890045166
310.0,KL002,3,89.66705033384811,True,53.008291953949495,3.044541416944809,160.46677211545986,163.01662778299823,89.44560401647641,-3.73813706954337,-0.26917803287506104,-0.1833474040031433,KL007,34.560859771116796,False,-0.2995334495790303,-0.1833474040031433,False,False,False,False,False,False,False,52.577239248705204,0.0,3.738137036561966,-4.037670486140996,-0.1833474040031433
310.0,KL003,1,9.801630089286332,True,50.917386572654934,3.4066673042612576,162.99999999999994,165.5846750214427,73.83718995596686,67.43254278461276,-0.116946280002594,0.43915224075317383,KL006,31.678837441031675,False,1.8112702667713165,0.43915224075317383,False,False,False,False,False,False,False,55.91543348451042,0.0,3.5654644668102264,-1.75419420003891,0.43915224075317383
310.0,KL004,1,65.85421559481004,True,52.05229766269655,3.848669666471121,160.6308661936972,163.1829843220093,65.96205185261415,-3.7849076766349015,-0.19075334072113037,-0.03404134511947632,KL001,8.656446825992502,False,0.9236076101660728,-0.03404134511947632,False,False,False,False,False,False,False,10.269024235917666,0.0,3.7849077209830284,-2.8613001108169556,-0.03404134511947632
310.0,KL005,1,33.0840144473422,True,50.833408961684825,4.429070741014523,158.60609789773827,161.13023207262225,109.90086281830122,-104.89006740547984,-0.1927710771560669,0.11961281299591064,KL003,39.06162522423953,False,1.0560054704546928,0.11961281299591064,False,False,False,False,False,False,False,55.7005017339556,0.0,3.9475716277956963,-2.8915661573410034,0.11961281299591064
310.0,KL006,1,32.465367007067684,True,51.4349240467209,3.2428863743008995,162.99999999999994,165.5846750214427,50.65093141295178,8.557302843971712,0.39154982566833496,0.595003604888916,KL008,13.679465132660802,False,-0.12915283790789545,0.595003604888916,False,False,False,False,False,False,False,17.60758272726769,0.0,-6.00240021944046,5.873247381532565,0.595003604888916
310.0,KL007,1,26.608011511847426,True,52.4608931570642,3.3385839930618997,161.9775034813854,164.54815200509066,80.70416956058801,-112.09208765049311,0.26837682723999023,-0.06781750917434692,KL0010,16.73120070469676,False,0.0,-0.06781750917434692,True,True,False,True,False,False,False,31.22413854568929,0.0,45.0,0.0,-0.06781750917434692
310.0,KL008,1,9.076892922294299,True,51.64813161388778,3.372040552580501,162.99999999999994,165.5846750214427,101.82850143000836,45.399690514322685,-0.1876814365386963,0.2476820945739746,KL009,11.273594791509352,False,0.0,0.2476820945739746,True,False,False,False,True,False,False,10.558022016699834,0.0,-31.0071462392807,-2.815222442150116,0.2476820945739746
310.0,KL009,1,17.51434267319455,True,51.67987480957214,3.073681119687409,162.99999999999994,165.5846750214427,97.066797969526,98.78021776423293,-0.14642441272735596,0.2998495101928711,KL008,11.273594791509352,False,0.2955915662460029,0.2998495101928711,False,False,False,False,False,False,False,10.583596651022429,0.0,2.491957750171423,-2.19636618392542,0.2998495101928711
310.0,KL0010,2,120.09949387258426,True,52.368752983069385,3.7697601696282517,161.52185235738656,164.08623818438474,120.20007969349925,-8.115147429736425,-0.3733915090560913,0.30954623222351074,KL007,16.73120070469676,False,2.51427473500371,0.30954623222351074,False,False,False,False,False,False,False,16.642653842198914,0.0,8.115147426724434,-5.600872691720724,0.30954623222351074
320.0,KL001,1,58.049475061423436,True,51.976182421927376,3.66626328141373,162.99999999999994,165.5846750214427,58.024485956493095,-31.168486598938387,0.06995058059692383,0.6792037487030029,KL004,7.410817909850246,False,0.0,0.6792037487030029,True,False,False,False,True,False,False,10.26199345643887,0.0,31.16848647594452,1.0492587089538574,0.6792037487030029
320.0,KL002,3,88.04229132437825,True,52.99488301829345,3.0349309825255313,159.83744948100653,162.37861937908323,87.82638656564525,-4.112842922736604,-0.2174404263496399,-0.22352242469787598,KL007,33.86261081981843,False,0.8512365818023682,-0.22352242469787598,False,False,False,False,False,False,False,51.51619301687185,0.0,4.1128429770469666,-3.2616063952445984,-0.22352242469787598
320.0,KL003,1,8.149754871287158,True,50.90292681517856,3.412312056298027,162.99999999999994,165.5846750214427,73.27709097621828,70.45544828848574,-0.17228806018829346,0.4296228885650635,KL006,33.374104185364395,False,-0.5335610685870051,0.4296228885650635,False,False,False,False,False,False,False,53.97998417333328,0.0,2.0507598482072353,-2.5843209167942405,0.4296228885650635
320.0,KL004,1,64.22629966253743,True,52.0389029696724,3.838963721321665,160.51360707928075,163.06410858609254,64.33372902004064,-2.9342039545133787,-0.10545217990875244,-0.17592990398406982,KL001,7.410817909850246,False,0.0,-0.17592990398406982,True,False,False,False,True,False,False,10.265567674090304,0.0,2.9342038929462433,-1.5817827265709639,-0.17592990398406982
320.0,KL005,1,31.49567865861121,True,50.82375579766622,4.411881742383362,159.01582161015887,161.54563030117754,110.3058872022048,-104.64116867515344,-0.19039571285247803,0.09811413288116455,KL003,38.17664901417457,False,0.21855007857084274,0.09811413288116455,False,False,False,False,False,False,False,53.920438254023054,0.0,3.074485771358013,-2.8559356927871704,0.09811413288116455
320.0,KL006,1,30.820620546611455,True,51.44929427350464,3.2491516646422647,162.99999999999994,165.5846750214427,49.01370356140931,8.71046415345134,0.3624873161315918,0.5537561178207397,KL008,13.661456688216873,False,-0.7409669458866119,0.5537561178207397,False,False,False,False,False,False,False,16.353566787195582,0.0,-6.178276687860489,5.437309741973877,0.5537561178207397
320.0,KL007,1,28.235953793557503,True,52.45703012792986,3.3151763318566947,161.74440045840166,164.311846030164,81.33463859622458,-113.15585571745441,0.4033830165863037,0.06876635551452637,KL0010,17.665135151594047,False,0.0,0.06876635551452637,True,True,False,True,False,False,False,32.956891515543084,0.0,45.0,0.0,0.06876635551452637
320.0,KL008,1,7.705066181562674,True,51.662884188654836,3.3753103919783416,162.99999999999994,165.5846750214427,100.6652875433819,46.065325377423164,-0.15737783908843994,0.39084768295288086,KL009,10.461913241537127,False,0.0,0.39084768295288086,True,False,False,False,True,False,False,10.379727470620566,0.0,-37.34710514545441,-2.3606684803962708,0.39084768295288086
320.0,KL009,1,15.871592245550863,True,51.684516075282886,3.096502381473577,162.99999999999994,165.5846750214427,97.33425194583796,100.03008328277838,-0.15418469905853271,0.2704426050186157,KL008,10.461913241537127,False,0.12350075296126306,0.2704426050186157,False,False,False,False,False,False,False,10.395337010570126,0.0,2.436271235346794,-2.312770482385531,0.2704426050186157
320.0,KL0010,2,118.45699438784125,True,52.35400343809526,3.7669162969403773,162.58296753164453,165.16192629670527,118.55735288072549,-5.680959810334343,-0.3551110029220581,0.28925764560699463,KL007,17.665135151594047,False,0.3542945394292474,0.28925764560699463,False,False,False,False,False,False,False,13.46921673572977,0.0,5.680959597229958,-5.32666505780071,0.28925764560699463
330.0,KL001,1,56.641790079046835,True,51.99106690096235,3.665526850356069,162.99999999999994,165.5846750214427,56.61161231406096,-32.031436664773764,0.002553701400756836,0.7170830965042114,KL004,6.397053913062153,False,0.0,0.7170830965042114,True,False,False,False,True,False,False,10.265432748596549,0.0,32.03143626451492,0.03830462694168091,0.7170830965042114
330.0,KL002,3,86.42360539899335,True,52.981625288770886,3.0250412520331587,159.07034352236928,161.60090687042515,86.21340722774785,-3.323173446581393,-0.1366196870803833,-0.18197447061538696,KL007,33.178661789766416,False,1.2738782074302435,-0.18197447061538696,False,False,False,False,False,False,False,50.5425496586803,0.0,3.3231734856963158,-2.0492952782660723,-0.18197447061538696
330.0,KL003,1,6.499028429530228,True,50.88849934449631,3.4181591593727907,162.99999999999994,165.5846750214427,72.73623309131258,71.14791976364307,-0.13944268226623535,0.42167508602142334,KL006,35.077161087292104,False,1.065886728465557,0.42167508602142334,False,False,False,False,False,False,False,52.55641796762984,0.0,3.1575269624590874,-2.0916402339935303,0.42167508602142334
330.0,KL004,1,62.60468339914724,True,52.02555856642443,3.829297107653218,159.90972355198986,162.451891680072,62.71162922869722,-3.010599781097568,-0.20251160860061646,-0.08895307779312134,KL001,6.397053913062153,False,-0.027074217796325684,-0.08895307779312134,False,False,False,False,False,False,False,10.26773848850714,0.0,3.010599911212921,-3.037674129009247,-0.08895307779312134
330.0,KL005,1,29.904282137597683,True,50.81412385109526,4.3946017760479466,159.35181157507085,161.88626913710175,110.72761015570266,-105.2261842906239,-0.023357152938842773,0.5228009223937988,KL003,37.28109465408493,False,2.69698278978467,0.5228009223937988,False,False,False,False,False,False,False,51.97872485151354,0.0,3.047340139746666,-0.3503573499619961,0.5228009223937988
330.0,KL006,1,29.174504365108465,True,51.463713799531966,3.255120163496671,162.99999999999994,165.5846750214427,47.374524121274554,8.245833147175091,0.36943626403808594,0.5628829002380371,KL008,13.645390345447982,False,-0.1941326935775578,0.5628829002380371,False,False,False,False,False,False,False,15.267345916892783,0.0,-5.735676661133766,5.541543967556208,0.5628829002380371
330.0,KL007,1,29.869435776249787,True,52.453161490097735,3.2917367433601017,161.97972984010272,164.55040894566602,81.99368288100351,-114.20441364361625,0.39427006244659424,0.06172597408294678,KL0010,18.601090754651445,False,0.0,0.06172597408294678,True,True,False,True,False,False,False,34.69272850908624,0.0,45.0,0.0,0.06172597408294678
330.0,KL008,1,6.466948294489443,True,51.677636763421894,3.3785812962166433,162.99999999999994,165.5846750214427,99.51597542302862,46.74642791862931,0.012720584869384766,0.46690523624420166,KL009,9.674932178522473,False,0.0,0.46690523624420166,True,False,False,False,True,False,False,10.395780969236784,0.0,-45.0,0.19080966711044312,0.46690523624420166
330.0,KL009,1,14.228872308877891,True,51.68912683077812,3.1193420583761147,162.99999999999994,165.5846750214427,97.63205881417556,101.1019674531068,-0.047807395458221436,0.28452396392822266,KL008,9.674932178522473,False,1.876443587243557,0.28452396392822266,False,False,False,False,False,False,False,10.623302785793715,0.0,2.593554463237524,-0.7171108759939671,0.28452396392822266
330.0,KL0010,2,116.80903990143058,True,52.33922824948013,3.7638770254775045,162.99999999999994,165.5846750214427,116.90914656141123,-5.402856169857159,-0.6353645324707031,0.3506133556365967,KL007,18.601090754651445,False,-4.127611890435219,0.3506133556365967,False,False,False,False,False,False,False,10.951036334119062,0.0,5.402856096625328,-9.530467987060547,0.3506133556365967
340.0,KL001,1,55.24780936430949,True,52.00595137999733,3.664790174461135,162.99999999999994,165.5846750214427,55.212235825711716,-32.938344357183894,0.006346940994262695,0.7219680547714233,KL004,5.7360402059174795,False,-10.000000000000004,0.7219680547714233,True,False,False,False,True,False,False,10.37598982864595,0.0,32.9383447766304,0.09520500898361206,0.7219680547714233
340.0,KL002,3,84.80919335615874,True,52.968554612567715,3.0147081654801418,158.44573397059054,160.9676455406405,84.60499533962516,-2.088556272222604,-0.09735798835754395,-0.17749184370040894,KL007,32.512788245635875,False,0.6281863851472735,-0.17749184370040894,False,False,False,False,False,False,False,49.50860297594499,0.0,2.088556196540594,-1.4603698113933206,-0.17749184370040894
340.0,KL003,1,4.847456127501035,True,50.87400576507943,3.4235780667869253,162.99999999999994,165.5846750214427,72.25868275645037,73.46480431855412,-0.11155664920806885,0.3159862756729126,KL005,36.366407971499406,False,1.0254735499620438,0.3159862756729126,False,False,False,False,False,False,False,50.57988039113985,0.0,2.6988232880830765,-1.6733497381210327,0.3159862756729126
340.0,KL004,1,60.986394951825304,True,52.01223680835954,3.8196620322554855,159.60413998453993,162.14208620175222,61.092784259007445,-3.1186918838385793,-0.199906587600708,0.2685391902923584,KL001,5.7360402059174795,False,0.12009311118163168,0.2685391902923584,False,False,False,False,False,False,False,10.373839358880572,0.0,3.1186919286847115,-2.9985988175030798,0.2685391902923584
340.0,KL005,1,28.29504918112191,True,50.804897756355544,4.376463607294422,161.14431761149476,163.70350876205111,111.10437023273019,-103.34456975992168,-0.0356827974319458,0.500285267829895,KL003,36.366407971499406,False,-0.11722740135155618,0.500285267829895,False,False,False,False,False,False,False,50.48516705463466,0.0,0.4180145636200905,-0.5352419649716467,0.500285267829895
340.0,KL006,1,27.528663013717235,True,51.478145843562494,3.261012080839811,162.99999999999994,165.5846750214427,45.73569945502709,8.340915807878957,0.23814630508422852,0.5154318809509277,KL008,13.630369916568796,False,-2.292179111391306,0.5154318809509277,False,False,False,False,False,False,False,13.828685919139081,0.0,-5.864373743534088,3.572194632142782,0.5154318809509277
340.0,KL007,1,31.507710757427294,True,52.44928781910374,3.2682687226844775,162.19091259472282,164.76449175211843,82.68065549828526,-115.23724286191043,0.3807244300842285,0.054080843925476074,KL0010,19.600383669848394,False,-5.000000000000002,0.054080843925476074,True,True,False,True,False,False,False,36.54623746724626,0.0,45.0,0.0,0.054080843925476074
340.0,KL008,2,98.34442206563648,True,51.69238933818895,3.381853266206166,162.99999999999994,165.5846750214427,98.38105227885448,47.443344351226585,0.0031380653381347656,0.4634208679199219,KL009,8.911623795588335,False,0.0,0.4634208679199219,True,False,False,False,True,False,False,10.636207118327818,0.0,-45.0,0.047070086002349854,0.4634208679199219
340.0,KL009,1,12.584772342743864,True,51.69327880473577,3.1424117750068072,162.99999999999994,165.5846750214427,98.00851822163513,103.91382123799417,-0.04897123575210571,0.2879561185836792,KL008,8.911623795588335,False,0.09385937824845314,0.2879561185836792,False,False,False,False,False,False,False,10.646038253974314,0.0,0.8284279145300388,-0.7345685362815857,0.2879561185836792
340.0,KL0010,2,115.17557812204812,True,52.32436424799905,3.7624381101830573,162.99999999999994,165.5846750214427,115.27563671734266,-9.663239199682891,-0.6566281914710999,0.41170239448547363,KL004,18.85838216428784,False,-0.18618352711200714,0.41170239448547363,False,False,False,False,False,False,False,10.643501731883877,0.0,9.66323934495449,-9.849422872066498,0.41170239448547363
350.0,KL001,1,53.99983917389571,True,52.02063610016627,3.660981555376776,162.99999999999994,165.5846750214427,53.9578287083387,-44.067777525791485,0.020284295082092285,0.730128288269043,KL004,5.657847680665516,False,-5.000000000000002,0.730128288269043,True,False,False,False,True,False,False,10.473431316985769,0.0,44.067776799201965,0.3042644262313843,0.730128288269043
350.0,KL002,3,83.20028984536232,True,52.95560283296392,3.004181452775544,157.83650013877642,160.34995954933243,83.00217123197156,-1.4887705707667465,-0.09153199195861816,-0.1561320424079895,KL007,31.927607599056095,False,0.11579062789678574,-0.1561320424079895,False,False,False,False,False,False,False,49.82703988207506,0.0,1.4887705072760582,-1.3729798793792725,-0.1561320424079895
350.0,KL003,1,3.1952589146359642,True,50.8594533173292,3.428583427967755,162.99999999999994,165.5846750214427,71.84474269397592,75.76332883770726,0.23310387134552002,0.32606828212738037,KL005,35.461355912529775,False,5.884667336940765,0.32606828212738037,False,False,False,False,False,False,False,50.32819816924847,0.0,2.388109154999256,3.4965581819415092,0.32606828212738037
350.0,KL004,1,59.358852446442995,True,51.99885116736672,3.8099289856449174,160.52462240308327,163.07527579630548,59.46458743437063,-3.0812253544332577,-0.22534942626953125,0.27121710777282715,KL001,5.657847680665516,False,-0.2990159089677036,0.27121710777282715,False,False,False,False,False,False,False,10.473431316985769,0.0,3.0812254920601845,-3.380241401027888,0.27121710777282715
350.0,KL005,1,26.66885095461494,True,50.79557119640832,4.3581374751781725,162.85959766733026,165.4423488972034,111.5081133129066,-104.28008621300302,-0.05388766527175903,0.5203227996826172,KL003,35.461355912529775,False,-0.1955119357444346,0.5203227996826172,False,False,False,False,False,False,False,50.35105945415682,0.0,0.6128030363470316,-0.8083149720914662,0.5203227996826172
350.0,KL006,1,25.878056470714167,True,51.49270918663719,3.266003145850181,162.99999999999994,165.5846750214427,44.089731822011636,6.277114752368789,-0.12762874364852905,0.4051162004470825,KL009,12.84872871402253,False,-5.710869580507278,0.4051162004470825,False,False,False,False,False,False,False,13.373839490380515,0.0,-3.7964385375380516,-1.9144310429692268,0.4051162004470825
350.0,KL007,1,33.16446155587382,True,52.44431060369739,3.2453454993824273,162.37587473657032,164.95199255417106,83.50750015074367,-121.21210008252694,0.36490702629089355,0.0436701774597168,KL0010,20.568190046228352,False,0.0,0.0436701774597168,True,True,False,True,False,False,False,38.34067264827404,0.0,45.0,0.0,0.0436701774597168
350.0,KL008,2,97.23241754260127,True,51.70714191295601,3.3851263028586995,162.99999999999994,165.5846750214427,97.26102181714029,48.15641842771049,-0.01490873098373413,0.4625767469406128,KL009,8.193263205229572,False,0.0,0.4625767469406128,True,False,False,False,True,False,False,10.652445211414918,0.0,-45.0,0.0,0.4625767469406128
350.0,KL009,1,10.940541723759363,True,51.69740000592188,3.1654979832201007,162.99999999999994,165.5846750214427,98.4143436321295,104.93515905172671,-0.052106499671936035,0.2915205955505371,KL008,8.193263205229572,False,0.07891316141467541,0.2915205955505371,False,False,False,False,False,False,False,10.659466745905076,0.0,0.8605106547474861,-0.7815974933328107,0.2915205955505371
350.0,KL0010,2,113.54521223547866,True,52.30949126015721,3.761227519348808,162.99999999999994,165.5846750214427,113.64527045489562,-9.993822861521863,-0.43520402908325195,0.22960054874420166,KL001,17.731594043284485,False,0.0,0.22960054874420166,True,False,False,False,True,False,False,10.782944250543157,0.0,9.993822947144508,-6.528060548007488,0.22960054874420166
360.0,KL001,1,52.92153691805013,True,52.03493394721168,3.654232419076458,162.99999999999994,165.5846750214427,52.87201072449665,-50.40574307211676,0.0014771223068237305,0.7026335000991821,KL004,6.163005682603839,False,0.0,0.7026335000991821,True,False,False,False,True,False,False,10.674722019070513,0.0,45.0,0.0,0.7026335000991821
360.0,KL002,3,81.59682551938226,True,52.94270774385818,2.993650276469811,157.30052438541162,159.8065370920768,81.40470599394583,-1.4001086835133094,-0.06950247287750244,-0.10204792022705078,KL007,31.357106121026856,False,0.35757157020270824,-0.10204792022705078,False,False,False,False,False,False,False,48.91066628791115,0.0,1.4001086633652449,-1.0425370931625366,-0.10204792022705078
360.0,KL003,1,1.5459330673002176,True,50.84468328928042,3.4315301912637928,162.99999999999994,165.5846750214427,71.61097354642767,82.95593064487258,0.12724971771240234,0.4476205110549927,KL005,34.635054645853415,False,-4.644059166312218,0.4476205110549927,False,False,False,False,False,False,False,47.76819187013302,0.0,-6.552804931998253,1.9087457656860352,0.4476205110549927
360.0,KL004,1,57.72261084889091,True,51.98535705702839,3.800256974213415,161.45428615625997,164.01774268439812,57.82765160448992,-3.476549978352125,-0.2373320460319519,0.2787954807281494,KL001,6.163005682603839,False,-0.08343078196048737,0.2787954807281494,False,False,False,False,False,False,False,11.408178217727862,0.0,3.476549908518791,-3.5599806904792786,0.2787954807281494
360.0,KL005,1,25.040672596869076,True,50.786192268020685,4.339840297287662,162.99999999999994,165.5846750214427,111.94048169239407,-105.2881841587419,-0.06507569551467896,0.5270347595214844,KL003,34.635054645853415,False,-0.06691510614473373,0.5270347595214844,False,False,False,False,False,False,False,47.779198956186164,0.0,0.9092203248292208,-0.9761354309739545,0.5270347595214844
360.0,KL006,1,24.224471205539242,True,51.50748447842992,3.2689294425358044,162.99999999999994,165.5846750214427,42.43483397127955,0.6179009475845305,-0.0014764666557312012,0.4545760154724121,KL009,12.027895900946847,False,1.976078599691391,0.4545760154724121,False,False,False,False,False,False,False,12.810101269104564,0.0,1.998225599527359,-0.022146999835968018,0.4545760154724121
360.0,KL007,1,34.8245421008624,True,52.4391946443544,3.2224787694759094,162.52513159182686,165.10329710547546,84.37238389977627,-122.16300446606647,0.35545849800109863,0.02480924129486084,KL0010,21.533719851519134,False,0.0,0.02480924129486084,True,True,False,True,False,False,False,40.13029121864291,0.0,45.0,0.0,0.02480924129486084
360.0,KL008,2,96.13607463175897,True,51.72189448772307,3.3884004070870684,162.99999999999994,165.5846750214427,96.15640444667277,48.885989996441026,-0.08996939659118652,0.39633500576019287,KL009,7.533351940601132,False,-5.000000000000002,0.39633500576019287,True,False,False,False,True,False,False,10.290220985372232,0.0,-45.0,0.0,0.39633500576019287
360.0,KL009,1,9.296209005558014,True,51.70150149445685,3.188595424751518,162.99999999999994,165.5846750214427,98.84793698081347,105.93333409561262,-0.009383082389831543,0.3712993860244751,KL008,7.533351940601132,False,0.7970756571739912,0.3712993860244751,False,False,False,False,False,False,False,10.351507511239213,0.0,0.9378218930214643,-0.14074623584747314,0.3712993860244751
360.0,KL0010,2,111.91556864112637,True,52.29461827231537,3.7600173351644033,162.99999999999994,165.5846750214427,112.01564705870035,-10.142425515668748,-0.4411538243293762,0.24006175994873047,KL001,16.07093191187129,False,0.0,0.24006175994873047,True,False,False,False,True,False,False,10.674722019070513,0.0,10.142425373196602,-6.617307364940643,0.24006175994873047
370.0,KL001,1,51.885973702817346,True,52.049193862407996,3.647256851902878,162.99999999999994,165.5846750214427,51.82845435919316,-51.810170269569994,0.0006989240646362305,0.7094326019287109,KL004,7.0465765346709635,False,0.0,0.7094326019287109,True,False,False,False,True,False,False,10.674648109988158,0.0,45.0,0.0,0.7094326019287109
370.0,KL002,3,79.9966789853064,True,52.92988109194883,2.9830126200186684,156.9500386814659,159.451176333689,79.81055767533526,-1.063493798169418,-0.07832580804824829,-0.07883280515670776,KL007,30.794594903063647,False,-0.11139334528706968,-0.07883280515670776,False,False,False,False,False,False,False,47.93959684530318,0.0,1.0634937789291143,-1.174887124216184,-0.07883280515670776
370.0,KL003,2,46.79492208563176,True,50.83004590269556,3.4358481227123048,162.99999999999994,165.5846750214427,71.31813553965048,79.61669270075805,0.02608346939086914,0.3655097484588623,KL005,33.7598025721452,False,-44.608748853206635,0.3655097484588623,False,False,False,False,False,False,False,38.57582030569273,0.0,-45.0,0.3912511467933655,0.3655097484588623
370.0,KL004,1,56.077139390782285,True,51.971774831246,3.7905630869989926,162.40993794769452,164.98652315859653,56.18141643232448,-3.6649766212630652,-0.5488705039024353,0.30135130882263184,KL001,7.0465765346709635,False,-4.568080902099609,0.30135130882263184,False,False,False,False,False,False,False,13.043192033243734,0.0,3.664976768195629,-8.233057670295238,0.30135130882263184
370.0,KL005,1,23.412791215094604,True,50.77679983738243,4.321564128646719,162.99999999999994,165.5846750214427,112.39704351496502,-106.16100237761191,-0.06767839193344116,0.5182214975357056,KL003,33.7598025721452,False,0.08095803670585155,0.5182214975357056,False,False,False,False,False,False,False,38.560727327203615,0.0,1.096133915707469,-1.0151758790016174,0.5182214975357056
370.0,KL006,1,22.570107070785575,True,51.522223529073365,3.2723431449656077,162.99999999999994,165.5846750214427,40.78073227980873,2.6972490332344705,-0.007351517677307129,0.38607561588287354,KL009,11.227559442790481,False,-0.07728787895757705,0.38607561588287354,False,False,False,False,False,False,False,12.505155496699691,0.0,0.0329848870751448,-0.11027276603272185,0.38607561588287354
370.0,KL007,1,36.48571743155611,True,52.434076028536694,3.1996028229789415,162.6097020035576,165.18902740570775,85.26049931420691,-123.09484124344903,0.3451535701751709,0.03870570659637451,KL0010,22.501970625219943,False,0.0,0.03870570659637451,True,True,False,True,False,False,False,41.92439290515622,0.0,45.0,0.0,0.03870570659637451
370.0,KL008,2,94.96206586594008,True,51.73675723969555,3.3898175421412025,162.99999999999994,165.5846750214427,94.97391028058239,44.58015341603112,0.18623673915863037,0.5063166618347168,KL009,6.884222678280147,False,0.0,0.5063166618347168,True,False,False,False,True,False,False,10.349526888091773,0.0,-44.580153822898865,2.793550193309784,0.5063166618347168
370.0,KL009,1,7.651607883067281,True,51.705403442233006,3.21178473554062,162.99999999999994,165.5846750214427,99.3287835111958,107.63750185310914,-0.010127365589141846,0.3690788745880127,KL008,6.884222678280147,False,0.03965248673921451,0.3690788745880127,False,False,False,False,False,False,False,10.351885794928133,0.0,0.19156296970322728,-0.15191048296401277,0.3690788745880127
370.0,KL0010,2,110.28667928955568,True,52.27974528447353,3.758807557275249,162.99999999999994,165.5846750214427,110.38679942761314,-10.295414764635154,-0.446280837059021,0.2518939971923828,KL001,14.439189408030048,False,0.0,0.2518939971923828,True,False,False,False,True,False,False,10.674648109988158,0.0,10.295414552092552,-6.694212667644024,0.2518939971923828
380.0,KL001,1,50.88325719619808,True,52.063453777604316,3.6402790582778746,162.99999999999994,165.5846750214427,50.81730511260748,-53.271393622943606,0.0031322240829467773,0.7162015438079834,KL004,8.239335680577113,False,0.0,0.7162015438079834,True,False,False,False,True,False,False,10.674752966280664,0.0,45.0,0.0,0.7162015438079834
380.0,KL002,3,78.39950387597216,True,52.91706411312698,2.9724377424032635,156.67917326804138,159.17654036319146,78.21924059861819,-1.1989439698148487,-0.09011483192443848,-0.06910693645477295,KL007,30.235269769312303,False,-0.1527784892823547,-0.06910693645477295,False,False,False,False,False,False,False,46.97170826829183,0.0,1.198943993076682,-1.3517224823590368,-0.06910693645477295
380.0,KL003,2,45.64667098588795,True,50.81607103929225,3.443773016845514,162.99999999999994,165.5846750214427,70.80631376290691,65.05570800721318,0.3228567838668823,0.32053422927856445,KL005,32.75189726153235,False,-34.031623899936676,0.32053422927856445,False,False,False,False,False,False,False,35.56069667538982,0.0,-38.87447565793991,4.842851758003235,0.32053422927856445
380.0,KL004,1,54.43806142949701,True,51.957748402464695,3.7824559865173564,162.99999999999994,165.5846750214427,54.54213062429992,-8.470083285258852,-0.5810239315032959,0.3337557315826416,KL001,8.239335680577113,False,-0.24527550442144275,0.3337557315826416,False,False,False,False,False,False,False,15.250436657770372,0.0,8.470083475112915,-8.715358979534358,0.3337557315826416
380.0,KL005,1,21.785208098963754,True,50.767423744227216,4.303270659449375,162.99999999999994,165.5846750214427,112.87342233077885,-106.87961462355065,-0.0779065489768982,0.4945039749145508,KL003,32.75189726153235,False,-0.02117084339261055,0.4945039749145508,False,False,False,False,False,False,False,35.564789397938696,0.0,1.1474273912608624,-1.168598234653473,0.4945039749145508
380.0,KL006,1,20.91572987534277,True,51.536964013505646,3.2757422792761957,162.99999999999994,165.5846750214427,39.12671782517005,2.730364959938214,0.13315510749816895,0.34273767471313477,KL009,10.457821985980924,False,2.1229162998497486,0.34273767471313477,False,False,False,False,False,False,False,12.225032604947529,0.0,0.1255896908696741,1.9973266089800745,0.34273767471313477
380.0,KL007,1,38.14842103753768,True,52.42895325921144,3.1767109739444797,162.74193183474435,165.32307026051498,86.17144622197087,-124.00796370610203,0.2989705801010132,0.06383228302001953,KL0010,23.472851813394854,False,0.0,0.06383228302001953,True,True,False,True,False,False,False,43.722817172929034,0.0,45.0,0.0,0.06383228302001953
380.0,KL008,2,93.79105523375722,True,51.75163047510213,3.391004702399694,162.99999999999994,165.5846750214427,93.79420640225113,45.28509036050531,0.20051229000091553,0.5204533338546753,KL009,6.334387942154496,False,0.0,0.5204533338546753,True,False,False,False,True,False,False,10.358253263763645,0.0,-45.0,3.007684350013733,0.5204533338546753
380.0,KL009,1,6.006881026819135,True,51.709295443326326,3.234980395891618,162.99999999999994,165.5846750214427,99.83537003450365,108.57507525312803,0.1143636703491211,0.3634974956512451,KL008,6.334387942154496,False,1.9347536377608776,0.3634974956512451,False,False,False,False,False,False,False,10.439021517089062,0.0,0.21929854061454535,1.7154550971463323,0.3634974956512451
380.0,KL0010,2,108.65857803203063,True,52.26487229663169,3.7575981853271623,162.99999999999994,165.5846750214427,108.75876241523655,-10.452985463299513,-0.2767847180366516,0.0716104507446289,KL001,12.841949530965582,False,0.0,0.0716104507446289,True,False,False,False,True,False,False,10.674752966280664,0.0,10.452985614538193,-4.151770547032356,0.0716104507446289
390.0,KL001,1,49.915371392800964,True,52.077713692800636,3.633299036347224,162.99999999999994,165.5846750214427,49.840535397005006,-54.79091077197643,0.008957505226135254,0.7232468128204346,KL004,9.594590636858879,False,0.0,0.7232468128204346,True,False,False,False,True,False,False,10.675036689843362,0.0,45.0,0.0,0.7232468128204346
390.0,KL002,3,76.80501320433132,True,52.90424959607374,2.9619386100498746,156.44166481328224,158.93572356170745,76.63045840856651,-1.3799315644901924,-0.1083981990814209,-0.048259079456329346,KL007,29.67893193400706,False,-0.24604140082374215,-0.048259079456329346,False,False,False,False,False,False,False,46.00092761236011,0.0,1.379931578412652,-1.6259729792363942,-0.048259079456329346
390.0,KL003,2,44.25103885354502,True,50.80399083867845,3.4574257650444675,162.99999999999994,165.5846750214427,69.91462145433557,50.358368915175106,0.562575101852417,0.3266819715499878,KL005,31.537357649901548,False,-15.699229538440704,0.3266819715499878,False,False,False,False,False,False,False,33.13789520972207,0.0,-24.13785606622696,8.438626527786255,0.3266819715499878
390.0,KL004,1,52.80270394393387,True,51.94366141046165,3.774622677404224,162.99999999999994,165.5846750214427,52.90663229749656,-8.988377832891018,-0.3938888907432556,0.4686824083328247,KL001,9.594590636858879,False,3.080044649541378,0.4686824083328247,False,False,False,False,False,False,False,17.423859538438876,0.0,8.988378122448921,-5.908333472907543,0.4686824083328247
390.0,KL005,1,20.157964099037713,True,50.75804337694741,4.284986335350932,162.99999999999994,165.5846750214427,113.37217611044994,-107.69339127818245,0.156241774559021,0.4303368330001831,KL003,31.537357649901548,False,3.667987883090973,0.4303368330001831,False,False,False,False,False,False,False,32.44900729036279,0.0,1.3243613205850124,2.3436265625059605,0.4303368330001831
390.0,KL006,1,19.262455661842278,True,51.551618492572196,3.279995948829173,162.99999999999994,165.5846750214427,37.476987238040834,5.064272950987117,0.13637173175811768,0.34670305252075195,KL009,9.705449829021052,False,-0.10997559875249863,0.34670305252075195,False,False,False,False,False,False,False,11.970374730479989,0.0,-2.1555515751242638,2.045575976371765,0.34670305252075195
390.0,KL007,1,39.81348791633936,True,52.42382362957497,3.1537911344729137,162.9603360226406,165.54446764071076,87.10508192111286,-124.90294639672754,0.2766638994216919,0.09392452239990234,KL0010,24.44645876427649,False,0.0,0.09392452239990234,True,True,False,True,False,False,False,45.52574905549152,0.0,45.0,0.0,0.09392452239990234
390.0,KL008,2,92.63481874031889,True,51.766503710508715,3.3921922536693105,162.99999999999994,165.5846750214427,92.62906010124819,46.007872680420974,0.15963268280029297,0.43990588188171387,KL009,5.931737374981627,False,-5.000000000000002,0.43990588188171387,True,False,False,False,True,False,False,10.325605724029403,0.0,-45.0,2.394491136074066,0.43990588188171387
390.0,KL009,1,4.363062699536666,True,51.712708857100296,3.258373333471094,162.99999999999994,165.5846750214427,100.41777618736425,111.3876278162736,0.10041546821594238,0.33279526233673096,KL008,5.931737374981627,False,-0.8115082047879696,0.33279526233673096,False,False,False,False,False,False,False,10.302946646576958,0.0,-2.3177402280271053,1.5062320232391357,0.33279526233673096
390.0,KL0010,2,107.03130076270465,True,52.249999308789846,3.7563892189663695,162.99999999999994,165.5846750214427,107.13157297593588,-10.615344036461266,-0.31178635358810425,0.09824264049530029,KL001,11.293866093684423,False,0.0,0.09824264049530029,True,False,False,False,True,False,False,10.675036689843362,0.0,10.615343749523163,-4.676795527338982,0.09824264049530029
400.0,KL001,1,48.98438554254176,True,52.091973607996955,3.6263167842546493,162.99999999999994,165.5846750214427,48.900205401555645,-56.37001304398427,-0.03108268976211548,0.7166831493377686,KL0010,9.818225375244419,False,0.0,0.7166831493377686,True,False,False,False,True,False,False,10.67549938273911,0.0,45.0,-0.4662403464317322,0.7166831493377686
400.0,KL002,3,75.21260535987106,True,52.891421607365345,2.9515449204360085,156.27565747892666,158.76740266536416,75.04358670049932,-1.6605859996510048,-0.12607163190841675,0.0021643638610839844,KL007,29.124611131036776,False,-0.23048852803185582,0.0021643638610839844,False,False,False,False,False,False,False,45.027361489909694,0.0,1.660585943609476,-1.891074471641332,0.0021643638610839844
400.0,KL003,2,42.69415208709615,True,50.79471805489056,3.4757670651057815,162.99999999999994,165.5846750214427,68.69770315526225,35.57411239377103,0.6081885099411011,0.3956049680709839,KL005,30.123061740536237,False,0.07688797835726291,0.3956049680709839,False,False,False,False,False,False,False,29.80053411460899,0.0,-9.045939669013023,9.122827647370286,0.3956049680709839
400.0,KL004,1,51.157538504709066,True,51.92984007651806,3.765634295794248,162.99999999999994,165.5846750214427,51.26081133172971,-6.104555820453356,-0.3576585054397583,0.46937108039855957,KL001,11.012245778548792,False,0.7396778929978609,0.46937108039855957,False,False,False,False,False,False,False,14.380944382225595,0.0,6.104555502533913,-5.364877609536052,0.46937108039855957
400.0,KL005,1,18.53305028871062,True,50.749367877692066,4.265857353147142,162.99999999999994,165.5846750214427,113.79819462814616,-104.82504764123325,0.10502457618713379,0.3626708984375,KL003,30.123061740536237,False,-0.885996837168932,0.3626708984375,False,False,False,False,False,False,False,29.96503670106263,0.0,-2.461365479975939,1.5753686428070068,0.3626708984375
400.0,KL006,1,17.609270587928034,True,51.56627560507162,3.2842279962115826,162.99999999999994,165.5846750214427,35.8276578267865,5.1821521902672885,0.15763449668884277,0.4501030445098877,KL009,9.009130192562264,False,0.13590602204203606,0.4501030445098877,False,False,False,False,False,False,False,12.04721755026515,0.0,-2.2286114282906055,2.3645174503326416,0.4501030445098877
400.0,KL007,1,41.47905886035082,True,52.418692754055954,3.1308683959177426,162.99999999999994,165.5846750214427,88.05975225823916,-125.77895030475918,0.2772679328918457,0.13170278072357178,KL0010,25.421898368260305,False,0.0,0.13170278072357178,True,True,False,True,False,False,False,45.027361489909694,0.0,45.0,0.0,0.13170278072357178
400.0,KL008,2,91.4044661980031,True,51.781386405828854,3.391511875879245,162.99999999999994,165.5846750214427,91.38974557497926,41.691742765575896,0.19803106784820557,0.48069119453430176,KL009,5.650385414890627,False,0.0,0.48069119453430176,True,False,False,False,True,False,False,10.293039675908725,0.0,-41.691741943359375,2.9704660177230835,0.48069119453430176
400.0,KL009,1,2.7189860577276024,True,51.71631833988215,3.2816913434711488,162.99999999999994,165.5846750214427,101.0026053148198,111.44828982714358,0.08952069282531738,0.3073408603668213,KL008,5.650385414890627,False,-1.0227514430880547,0.3073408603668213,False,False,False,False,False,False,False,10.282386341819036,0.0,-2.3655618354678154,1.3428103923797607,0.3073408603668213
400.0,KL0010,2,105.40488557364611,True,52.235126320948005,3.7551806578395106,162.99999999999994,165.5846750214427,105.50527032401524,-10.78270933887572,-0.4732568860054016,0.1524641513824463,KL001,9.818225375244419,False,0.0,0.1524641513824463,True,False,False,False,True,False,False,10.67549938273911,0.0,10.782709568738937,-7.098853401839733,0.1524641513824463
410.0,KL001,1,48.09244727975608,True,52.106233523193275,3.61933230014182,162.99999999999994,165.5846750214427,47.99845680628873,-58.00973284786568,-0.02059781551361084,0.7181367874145508,KL0010,8.453059235853166,False,0.0,0.7181367874145508,True,False,False,False,True,False,False,10.676141147197779,0.0,45.0,-0.30896633863449097,0.7181367874145508
410.0,KL002,3,73.62054148719288,True,52.87856793124024,2.9412394563783817,156.28258425747737,158.774425998429,73.45689945467397,-1.9321994565291334,-0.13167953491210938,0.010975360870361328,KL007,28.572043884056765,False,-0.04299351858207956,0.010975360870361328,False,False,False,False,False,False,False,44.08501553254038,0.0,1.9321995042264462,-1.9751930228085257,0.010975360870361328
410.0,KL003,2,41.095193047759125,True,50.78688775717544,3.4958039326612864,162.99999999999994,165.5846750214427,67.36547837420851,36.47149792918432,0.6515733003616333,0.45137572288513184,KL005,28.65882990069356,False,0.2652999758720398,0.45137572288513184,False,False,False,False,False,False,False,27.406578345523815,0.0,-9.50829952955246,9.7735995054245,0.45137572288513184
410.0,KL004,1,49.510422483833956,True,51.916106009467285,3.7563015778031774,162.99999999999994,165.5846750214427,49.61283048616124,-5.544468835408736,-0.3550958037376404,0.4613494873046875,KL001,12.487248362437581,False,0.2180316369049251,0.4613494873046875,False,False,False,False,False,False,False,11.467038280399219,0.0,5.5444686859846115,-5.326437049079686,0.4613494873046875
410.0,KL005,1,16.907466016818976,True,50.74055990964449,4.246882000289601,162.99999999999994,165.5846750214427,114.26362435760512,-106.50211105001227,0.11162412166595459,0.36685073375701904,KL003,28.65882990069356,False,0.019861814071191475,0.36685073375701904,False,False,False,False,False,False,False,27.402785274405606,0.0,-1.6545000113546848,1.6743618254258763,0.36685073375701904
410.0,KL006,1,15.956467690341182,True,51.58092643544891,3.2885173360682955,162.99999999999994,165.5846750214427,34.1793275653685,5.574429503694802,0.16042160987854004,0.45729541778564453,KL009,8.383408652307988,False,-0.1934371213428676,0.45729541778564453,False,False,False,False,False,False,False,12.159757066447813,0.0,-2.599761262536049,2.4063241411931813,0.45729541778564453
410.0,KL007,1,43.14469808050078,True,52.41356187853694,3.1079483245282318,162.99999999999994,165.5846750214427,89.03456376854002,-126.63597027991074,-0.060571253299713135,-0.07663649320602417,KL001,26.337503538667548,False,0.0,-0.07663649320602417,True,True,False,True,False,False,False,44.078804918047126,0.0,45.0,-0.908568799495697,-0.07663649320602417
410.0,KL008,2,90.17671362101618,True,51.79626710757289,3.390600005282516,162.99999999999994,165.5846750214427,90.15287787921027,42.38705836393825,0.19611406326293945,0.4816950559616089,KL009,5.568630123072377,False,-39.4453489780426,0.4816950559616089,False,False,False,False,False,False,False,10.28802709688386,0.0,-42.38705903291702,2.94171005487442,0.4816950559616089
410.0,KL009,1,1.0748749280502825,True,51.72018512408371,3.3049035781699563,162.99999999999994,165.5846750214427,101.58305797889756,111.29361057077278,0.09575045108795166,0.3153027296066284,KL008,5.568630123072377,False,-1.8239599652588367,0.3153027296066284,False,False,False,False,False,False,False,10.287379300631214,0.0,-3.260216675698757,1.4362567104399204,0.3153027296066284
410.0,KL0010,2,103.77937292405798,True,52.220253333106164,3.753972501593631,162.99999999999994,165.5846750214427,103.87989610744019,-10.955313592014505,-0.47512346506118774,0.15531706809997559,KL001,8.453059235853166,False,3.828461766242981,0.15531706809997559,False,False,False,False,False,False,False,10.314469681696512,0.0,10.955313742160797,-7.126851975917816,0.15531706809997559
420.0,KL001,1,47.24177306587587,True,52.120493438389595,3.612345582148342,162.99999999999994,165.5846750214427,47.13750384893559,-59.7107862236158,0.2975156307220459,0.39011383056640625,KL0010,7.225018087762677,False,0.0,0.39011383056640625,True,False,False,False,True,False,False,10.295893076685076,0.0,45.0,0.0,0.39011383056640625
420.0,KL002,3,72.0282902082547,True,52.865706542312864,2.930950589385252,156.31972944433846,158.8120889347022,71.86992190884334,-2.0191011813485034,-0.12936687469482422,0.056156158447265625,KL007,28.022934912330268,False,0.07859811186790466,0.056156158447265625,False,False,False,False,False,False,False,43.151770909877065,0.0,2.019101232290268,-1.9405031204223633,0.056156158447265625
420.0,KL003,2,39.49969886659086,True,50.778998893246545,3.5157798715063753,162.99999999999994,165.5846750214427,66.05232657881567,37.59549532859836,0.6557919979095459,0.4594261646270752,KL005,27.197373559005772,False,-0.3643917152658105,0.4594261646270752,False,False,False,False,False,False,False,24.809121094721267,0.0,-10.201271697878838,9.836879982613027,0.4594261646270752
420.0,KL004,1,47.863300044389185,True,51.9023939446176,3.746887062690258,162.99999999999994,165.5846750214427,47.96473881386643,-5.510844751029907,-0.36950814723968506,0.4653893709182739,KL001,14.00694100617071,False,-10.000000000000004,0.4653893709182739,True,False,False,False,True,False,False,10.997592578657036,0.0,5.510844849050045,-5.542622207722161,0.4653893709182739
420.0,KL005,1,15.282138065503261,True,50.73175610447453,4.227905391994542,162.99999999999994,165.5846750214427,114.750107520489,-107.26683576133394,0.13019263744354248,0.32455146312713623,KL003,27.197373559005772,False,0.18099697306752205,0.32455146312713623,False,False,False,False,False,False,False,24.77370500968397,0.0,-1.7718925885856152,1.9528895616531372,0.32455146312713623
420.0,KL006,1,14.303706109971166,True,51.595586182425215,3.29272842310023,162.99999999999994,165.5846750214427,32.531188950194704,5.6535735776202785,0.24728143215179443,0.5325074195861816,KL009,7.850275061238296,False,1.03507149964571,0.5325074195861816,False,False,False,False,False,False,False,12.240924466508355,0.0,-2.6741499826312065,3.7092214822769165,0.5325074195861816
420.0,KL007,1,44.80769338577309,True,52.408439275186154,3.085067865343151,162.7366479077408,165.31771389686816,90.0272439561051,-127.47290913516929,-0.2245253324508667,-0.11316889524459839,KL001,25.967077472513196,False,0.0,-0.11316889524459839,True,True,False,True,False,False,False,43.142035210308244,0.0,45.0,-3.367880880832672,-0.11316889524459839
420.0,KL008,2,88.81067774004444,True,51.81084517104018,3.386071160267459,162.99999999999994,165.5846750214427,88.7781684191969,27.15080678650196,0.0068950653076171875,0.3587914705276489,KL009,5.616492196454721,False,-27.04737961292267,0.3587914705276489,False,False,False,False,False,False,False,10.386818977089442,0.0,-27.150805592536926,0.10342597961425781,0.3587914705276489
420.0,KL009,2,75.97833584129843,True,51.72450165148027,3.3279104063391016,162.99999999999994,165.5846750214427,102.13797297469029,110.33815523142232,-0.060746073722839355,0.24045932292938232,KL008,5.616492196454721,False,-45.0,0.24045932292938232,False,False,False,False,False,False,False,10.386818977089442,0.0,-45.0,0.0,0.24045932292938232
420.0,KL0010,2,102.13836046223244,True,52.20545539121073,3.7512695739434347,162.99999999999994,165.5846750214427,102.23877392997196,-7.247838938336741,-0.5032323598861694,0.08353066444396973,KL001,7.225018087762677,False,-0.3006463567726314,0.08353066444396973,False,False,False,False,False,False,False,10.316216128214695,0.0,7.247839048504829,-7.548485405277461,0.08353066444396973
430.0,KL001,1,46.434635615781,True,52.134753353585914,3.6053566284117626,162.99999999999994,165.5846750214427,46.31962139785696,-61.47351147091297,0.3256852626800537,0.42561912536621094,KL0010,6.251972616899245,False,0.0,0.42561912536621094,True,False,False,False,True,False,False,10.318898614758679,0.0,45.0,0.0,0.42561912536621094
430.0,KL002,3,70.43411590577486,True,52.852837921506605,2.920622910585994,156.51182778145295,159.00686406410395,70.28095839539937,-1.9846641432648084,-0.20604568719863892,0.1839437484741211,KL007,27.477803497244693,False,-1.106021124869585,0.1839437484741211,False,False,False,False,False,False,False,42.057128174845396,0.0,1.9846641831099987,-3.0906853079795837,0.1839437484741211
430.0,KL003,2,37.90502736902484,True,50.77119051362835,3.5358313945612876,162.99999999999994,165.5846750214427,64.74803001586376,38.117118821822885,0.6605104207992554,0.4700298309326172,KL005,25.73287469063064,False,-0.37743642926216125,0.4700298309326172,False,False,False,False,False,False,False,22.200136571309493,0.0,-10.285092741250992,9.90765631198883,0.4700298309326172
430.0,KL004,1,46.253110212737774,True,51.88807335914961,3.7403937520306676,162.99999999999994,165.5846750214427,46.35481196474552,-15.966752728218466,-0.43434786796569824,0.32709014415740967,KL008,14.07370539421837,False,5.000000000000002,0.32709014415740967,True,False,False,False,True,False,False,10.756561117709952,0.0,15.96675306558609,-6.515217795968056,0.32709014415740967
430.0,KL005,1,13.657304690530108,True,50.72299028351,4.208888501803109,162.99999999999994,165.5846750214427,115.25295184062878,-107.8644522739121,0.5217728614807129,0.1672307252883911,KL003,25.73287469063064,False,5.731891393661499,0.1672307252883911,False,False,False,False,False,False,False,21.111151957006935,0.0,-2.0947016403079033,7.826593033969402,0.1672307252883911
430.0,KL006,1,12.653234129034312,True,51.61019627459766,3.2973665532488856,162.99999999999994,165.5846750214427,30.887258508802038,7.045269959880301,0.23810553550720215,0.53263258934021,KL009,7.5034708329797795,False,-0.6097984174266458,0.53263258934021,False,False,False,False,False,False,False,13.120293520309461,0.0,-4.181381464004517,3.571583046577871,0.53263258934021
430.0,KL007,1,46.466744171739194,True,52.40332887968923,3.062244580539429,162.34800415140614,164.92373951581177,91.03628083394041,-128.289494685048,-0.23180288076400757,-0.11275774240493774,KL001,25.656031499208908,False,0.0,-0.11275774240493774,True,True,False,True,False,False,False,42.04666988890147,0.0,45.0,-3.477044105529785,-0.11275774240493774
430.0,KL008,2,87.25015601829101,True,51.82410727482729,3.3752821829440087,162.99999999999994,165.5846750214427,87.21053910032522,11.668529630005935,0.021877050399780273,0.26202499866485596,KL009,5.67678240991652,False,-11.340373009443283,0.26202499866485596,False,False,False,False,False,False,False,10.504846677868471,0.0,-11.668529212474823,0.3281562030315399,0.26202499866485596
430.0,KL009,2,76.32973768606843,True,51.73091040476475,3.349527934277295,162.99999999999994,165.5846750214427,102.47343824760543,95.41154200844994,-0.015602409839630127,0.34993934631347656,KL008,5.67678240991652,False,-45.0,0.34993934631347656,False,False,False,False,False,False,False,10.500423212991445,0.0,-45.0,0.0,0.34993934631347656
430.0,KL0010,2,100.4977332159108,True,52.19065612389013,3.7485714205572473,162.99999999999994,165.5846750214427,100.59804450264808,-7.673587575556269,-0.4987415671348572,0.10352611541748047,KL001,6.251972616899245,False,0.1924639195203781,0.10352611541748047,False,False,False,False,False,False,False,10.311342536913466,0.0,7.673587426543236,-7.481123507022858,0.10352611541748047
440.0,KL001,1,45.67334802394385,True,52.149013268782234,3.598365437067563,162.99999999999994,165.5846750214427,45.54712972361627,-63.29780526961588,0.3278036117553711,0.455877423286438,KL0010,5.664051374134929,False,0.0,0.455877423286438,True,False,False,False,True,False,False,10.310726580122346,0.0,45.0,0.0,0.455877423286438
440.0,KL002,3,68.83548529333702,True,52.8397991336536,2.9106716768522873,157.14218923507266,159.64600012902054,68.68715339713481,-3.1629252138519632,-0.20714879035949707,0.20863890647888184,KL007,26.9245118196083,False,0.05569338798522949,0.20863890647888184,False,False,False,False,False,False,False,41.07981934738179,0.0,3.1629252433776855,-3.107231855392456,0.20863890647888184
440.0,KL003,2,36.311232481697324,True,50.76346583249559,3.55596048252445,162.99999999999994,165.5846750214427,63.452955331336064,38.654232091134816,0.6538243293762207,0.45252227783203125,KL005,24.217259451379274,False,-0.5711451033130288,0.45252227783203125,False,False,False,False,False,False,False,18.384578112518394,0.0,-10.378510057926178,9.80736495461315,0.45252227783203125
440.0,KL004,1,44.63292290838054,True,51.873866435289045,3.733179111841081,162.99999999999994,165.5846750214427,44.73457225342384,-11.391830091139724,-0.5187910199165344,0.3344852924346924,KL008,14.058115660086864,False,3.6099646613001823,0.3344852924346924,False,False,False,False,False,False,False,13.61538851814608,0.0,11.39182984828949,-7.781865186989307,0.3344852924346924
440.0,KL005,1,12.047639593103725,True,50.71530073444455,4.188754473977492,162.99999999999994,165.5846750214427,115.63921548050288,-102.92360963563829,0.5084120035171509,0.18461573123931885,KL003,24.217259451379274,False,-1.0521192848682404,0.18461573123931885,False,False,False,False,False,False,False,18.581626489857115,0.0,-8.678299337625504,7.626180052757263,0.18461573123931885
440.0,KL006,1,11.002486525725605,True,51.624836198361244,3.301755484339029,162.99999999999994,165.5846750214427,29.24247141356296,6.798016134901673,0.2160630226135254,0.5179259777069092,KL009,7.376127801899935,False,-0.8542483672499657,0.5179259777069092,False,False,False,False,False,False,False,13.556027703735843,0.0,-4.0951937064528465,3.240945339202881,0.5179259777069092
440.0,KL007,1,45.724827476578604,True,52.39823064788173,3.039478253172087,161.96077172977402,164.53119041596204,92.06093679821456,-129.08614074280348,-0.23636925220489502,-0.09593391418457031,KL001,25.40629328061865,False,0.0,-0.09593391418457031,True,True,False,True,False,False,False,41.07039932953859,0.0,45.0,-3.545539677143097,-0.09593391418457031
440.0,KL008,2,85.60536890712139,True,51.835213432788734,3.359297805045889,162.99999999999994,165.5846750214427,85.56081276008351,0.4016859526960843,-0.0834735631942749,0.1175527572631836,KL009,5.681177243102786,False,-1.6537893936038017,0.1175527572631836,False,False,False,False,False,False,False,10.51430824719011,0.0,-0.4016859456896782,-1.2521034479141235,0.1175527572631836
440.0,KL009,2,76.26450252631132,True,51.740727347891855,3.367508338635943,162.99999999999994,165.5846750214427,102.38128270965402,80.50310890755418,0.04750955104827881,0.47280168533325195,KL008,5.681177243102786,False,-44.287355840206146,0.47280168533325195,False,False,False,False,False,False,False,10.512491118045023,0.0,-45.0,0.7126441597938538,0.47280168533325195
440.0,KL0010,2,98.85685077540373,True,52.17586249543974,3.745793102622915,162.99999999999994,165.5846750214427,98.95705130230004,-7.607151311623909,-0.5069110989570618,0.1360079050064087,KL001,5.664051374134929,False,0.00348463643604191,0.1360079050064087,False,False,False,False,False,False,False,10.310688066197905,0.0,7.607151120901108,-7.603666484465066,0.1360079050064087
450.0,KL001,1,44.96024438496664,True,52.16327318397855,3.5913720062491534,162.99999999999994,165.5846750214427,44.82237573316862,-65.1830582555325,0.3518362045288086,0.483898401260376,KL0010,5.586632292054841,False,45.0,0.483898401260376,False,False,False,False,False,False,False,10.377085566268871,0.0,45.0,0.0,0.483898401260376
450.0,KL002,3,67.22969018451681,True,52.8267070083255,2.900657190617662,157.85724385970025,160.37099127332326,67.08613400641177,-3.181919257695398,-0.2012028694152832,0.2365710735321045,KL007,26.37331724739338,False,0.1638762652873993,0.2365710735321045,False,False,False,False,False,False,False,40.11933625708932,0.0,3.1819193065166473,-3.018043041229248,0.2365710735321045
450.0,KL003,2,34.71750636439138,True,50.7558684419844,3.57620700342618,162.99999999999994,165.5846750214427,62.164181507137755,39.02373337867664,0.6514484882354736,0.4384746551513672,KL005,22.70168899629101,False,-0.523187667131424,0.4384746551513672,False,False,False,False,False,False,False,15.955836406007728,0.0,-10.294914990663528,9.771727323532104,0.4384746551513672
450.0,KL004,1,42.99532984096309,True,51.85999480175221,3.7244122808130857,162.99999999999994,165.5846750214427,43.09617846957363,-8.090527268912695,-0.48752284049987793,0.45028746128082275,KL008,14.219310726914673,False,0.7776847947388887,0.45028746128082275,False,False,False,False,False,False,False,16.673782700943107,0.0,8.090527430176735,-7.312842635437846,0.45028746128082275
450.0,KL005,1,10.439823567875008,True,50.70754627780472,4.168678007287562,162.99999999999994,165.5846750214427,116.05537519386245,-104.76058408190204,0.3970702886581421,-0.012450873851776123,KL003,22.70168899629101,False,-2.7399811148643494,-0.012450873851776123,False,False,False,False,False,False,False,16.51955502898025,0.0,-8.69603544473648,5.956054329872131,-0.012450873851776123
450.0,KL006,1,9.35110167439057,True,51.639515122905955,3.3057937011480236,162.99999999999994,165.5846750214427,27.59608828799351,6.298755205287364,0.20426702499389648,0.5160675048828125,KL009,7.370482370659149,False,-0.7363880798220634,0.5160675048828125,False,False,False,False,False,False,False,13.627927826708444,0.0,-3.8003934547305107,3.0640053749084473,0.5160675048828125
450.0,KL007,1,47.37148620228188,True,52.393142767409884,3.0167607719453797,161.6312399875204,164.19712997350402,93.10086443526288,-129.86353918100372,-0.36154836416244507,-0.23228895664215088,KL001,25.219615863783876,False,0.0,-0.23228895664215088,True,True,False,True,False,False,False,40.095309937163094,0.0,45.0,-5.423225462436676,-0.23228895664215088
450.0,KL008,2,83.95404546712166,True,51.845406488648194,3.3417269810846073,162.99999999999994,165.5846750214427,83.90553659515533,-1.2765551517957192,-0.05876648426055908,0.10815250873565674,KL009,5.719640933498695,False,0.39505787193775177,0.10815250873565674,False,False,False,False,False,False,False,10.582656122432214,0.0,1.276555135846138,-0.8814972639083862,0.10815250873565674
450.0,KL009,2,75.78667725775142,True,51.75320850228441,3.380488236869199,162.99999999999994,165.5846750214427,101.86747136902667,65.55481749247537,0.1202620267868042,0.5146000385284424,KL008,5.719640933498695,False,-43.19606959819794,0.5146000385284424,False,False,False,False,False,False,False,10.582656122432214,0.0,-45.0,1.803930401802063,0.5146000385284424
450.0,KL0010,2,97.21644285863238,True,52.161068970622075,3.743014241618762,162.99999999999994,165.5846750214427,97.31653936515114,-7.733884969981347,-0.5654338002204895,0.4206303358078003,KL001,5.586632292054841,False,-0.7476221770048141,0.4206303358078003,False,False,False,False,False,False,False,10.377085566268871,0.0,7.733884826302528,-8.481507003307343,0.4206303358078003
460.0,KL001,1,44.07611850990569,True,52.177971760755305,3.587985794779042,162.99999999999994,165.5846750214427,43.92759100410091,-51.1495962239124,0.4242386817932129,0.6253790855407715,KL0010,5.932991957961235,False,45.0,0.6253790855407715,False,False,False,False,False,False,False,11.016341968548176,0.0,45.0,0.0,0.6253790855407715
460.0,KL002,1,32.95202503277342,True,52.813565217244715,2.890532167840778,158.66809311898456,161.19308628740188,65.47675826839,-3.0927422681369876,-0.2781602740287781,0.20242297649383545,KL007,25.82430596014148,False,-0.7363545522093773,0.20242297649383545,False,False,False,False,False,False,False,39.06998444962677,0.0,3.436049558222294,-4.172404110431671,0.20242297649383545
460.0,KL003,2,33.12417125627177,True,50.74838831668401,3.596559071865187,162.99999999999994,165.5846750214427,60.8831333549574,39.46981265033159,0.6343302726745605,0.3754817247390747,KL005,21.211553812365334,False,-0.7657545804977417,0.3754817247390747,False,False,False,False,False,False,False,14.08233280894372,0.0,-10.28070867061615,9.514954090118408,0.3754817247390747
460.0,KL004,1,41.35498374726515,True,51.84622144815245,3.7152473004663644,162.99999999999994,165.5846750214427,41.45478607487243,-7.605233553226725,-0.47752541303634644,0.49506473541259766,KL009,13.055678384811417,False,0.44235213194042444,0.49506473541259766,False,False,False,False,False,False,False,19.06467944900514,0.0,7.60523334145546,-7.162881209515035,0.49506473541259766
460.0,KL005,1,8.825412224870398,True,50.69922022964683,4.149192146559559,162.95678061949462,165.5408635251511,116.56552227156766,-108.26875589992324,0.3853989839553833,0.017681002616882324,KL003,21.211553812365334,False,-1.1510965693742037,0.017681002616882324,False,False,False,False,False,False,False,14.338646056704931,0.0,-6.93208135664463,5.780984787270427,0.017681002616882324
460.0,KL006,1,7.699427501423794,True,51.65422504889407,3.3095288557699982,162.99999999999994,165.5846750214427,25.948557862922492,5.915803605189069,0.21856355667114258,0.5345971584320068,KL009,7.388501571483491,False,-0.4289013147354126,0.5345971584320068,False,False,False,False,False,False,False,13.660825330553585,0.0,-3.7073546648025513,3.2784533500671387,0.5345971584320068
460.0,KL007,1,49.01035629176167,True,52.38807992858466,2.9941577009145166,160.834062401796,163.3889807782901,94.15231099143085,-130.61992848824843,-0.3549696207046509,-0.20334285497665405,KL001,25.196871254425552,False,0.0,-0.20334285497665405,True,True,False,True,False,False,False,39.04758236225104,0.0,45.0,-5.324544310569763,-0.20334285497665405
460.0,KL008,2,82.30232033953523,True,51.85567281048486,3.324264283310014,162.99999999999994,165.5846750214427,82.24999569065359,-0.8991703218348448,0.23398327827453613,0.30922818183898926,KL009,5.7957684821772455,False,4.408919624984264,0.30922818183898926,False,False,False,False,False,False,False,10.719180813924451,0.0,0.8991703391075134,3.509749285876751,0.30922818183898926
460.0,KL009,2,74.92516425366578,True,51.767407981695925,3.387481520212828,162.99999999999994,165.5846750214427,100.96512145522273,50.509693775726305,0.1547330617904663,0.45479321479797363,KL008,5.7957684821772455,False,-42.679004073143005,0.45479321479797363,False,False,False,False,False,False,False,10.719180813924451,0.0,-45.0,2.3209959268569946,0.45479321479797363
460.0,KL0010,2,95.57963238245883,True,52.146254465737734,3.74055114559456,162.99999999999994,165.5846750214427,95.67969956311605,-8.629116679343497,-0.5630480647087097,0.43305671215057373,KL001,5.932991957961235,False,0.18339604139328003,0.43305671215057373,False,False,False,False,False,False,False,11.016341968548176,0.0,8.629117012023926,-8.445720970630646,0.43305671215057373
470.0,KL001,1,42.87648686987259,True,52.19267967583937,3.5912638922405815,162.99999999999994,165.5846750214427,42.72018576819438,-36.81635257872483,0.2515143156051636,0.63145911693573,KL0010,6.5367507296110725,False,40.58906704187393,0.63145911693573,False,False,False,False,False,False,False,12.128007353295112,0.0,36.81635230779648,3.7727147340774536,0.63145911693573
470.0,KL002,1,31.33279699133644,True,52.80028819547776,2.8806475007018575,159.3618245795707,161.89642062318543,63.86183279678076,-3.926655232868029,-0.2862575054168701,0.2192234992980957,KL007,25.27078931464948,False,0.07409568876028061,0.2192234992980957,False,False,False,False,False,False,False,38.09835743368433,0.0,4.367958270013332,-4.293862581253052,0.2192234992980957
470.0,KL003,2,31.53019487092531,True,50.7410809463294,3.6170640952854014,162.99999999999994,165.5846750214427,59.60590342339634,39.69843185382126,0.6474509239196777,0.34055328369140625,KL005,19.73352112947795,False,-0.32435350120067596,0.34055328369140625,False,False,False,False,False,False,False,12.107869760604695,0.0,-10.036117359995842,9.711763858795166,0.34055328369140625
470.0,KL004,1,39.71421257729713,True,51.832492211203075,3.705913293169982,162.99999999999994,165.5846750214427,39.81282538444473,-7.461076609713501,-0.5603142380714417,0.34040093421936035,KL009,12.183094775611158,False,-0.9436369221657515,0.34040093421936035,False,False,False,False,False,False,False,20.768039146789462,0.0,7.4610766768455505,-8.404713599011302,0.34040093421936035
470.0,KL005,1,7.2091071694561295,True,50.690620940990534,4.129999733932384,162.99999999999994,165.5846750214427,117.13105710364586,-110.1754991923907,0.32394683361053467,0.009752392768859863,KL003,19.73352112947795,False,-2.048453986644745,0.009752392768859863,False,False,False,False,False,False,False,12.599975988255542,0.0,-6.907656490802765,4.85920250415802,0.009752392768859863
470.0,KL006,1,6.048284274033555,True,51.66895191190286,3.3130876007277514,162.99999999999994,165.5846750214427,24.30083261330143,5.859258878439277,0.4622344970703125,0.6097385883331299,KL009,7.350235318759503,False,2.7758618630468845,0.6097385883331299,False,False,False,False,False,False,False,12.810826983972026,0.0,-4.157655648887157,6.933517511934042,0.6097385883331299
470.0,KL007,1,50.642396166524364,True,52.383039013413295,2.971655083014987,160.1361616693103,162.6814560912876,95.2151468182806,-131.3563195453961,-0.032148003578186035,0.06450486183166504,KL002,25.27078931464948,False,-5.000000000000002,0.06450486183166504,True,True,False,True,False,False,False,39.23731002829974,0.0,45.0,-0.48222094774246216,0.06450486183166504
470.0,KL008,2,80.65283853442021,True,51.866665591019945,3.3080021910729993,162.99999999999994,165.5846750214427,80.59625081792572,3.5730559709624004,0.1635425090789795,0.37633228302001953,KL009,5.872933220985679,False,-1.1199184879660606,0.37633228302001953,False,False,False,False,False,False,False,10.85853587927937,0.0,-3.573056124150753,2.4531376361846924,0.37633228302001953
470.0,KL009,2,73.7331785691847,True,51.78224967634838,3.3879544810865037,162.99999999999994,165.5846750214427,99.73340710643514,35.313711392786445,0.2927514314651489,0.4764266014099121,KL008,5.872933220985679,False,-32.66410231590271,0.4764266014099121,False,False,False,False,False,False,False,10.85853587927937,0.0,-37.055374681949615,4.3912723660469055,0.4764266014099121
470.0,KL0010,2,93.94266957099353,True,52.1314448740355,3.7380116212752545,162.99999999999994,165.5846750214427,94.04270365777583,-8.595245979180362,-0.6745187640190125,0.36771678924560547,KL001,6.5367507296110725,False,-1.52253532782197,0.36771678924560547,False,False,False,False,False,False,False,12.128007353295112,0.0,8.595246076583862,-10.117781404405832,0.36771678924560547
480.0,KL001,1,41.429232085267024,True,52.20628228757545,3.600962076764894,162.99999999999994,165.5846750214427,41.26891288617941,-22.070120571507573,0.310316801071167,0.46335887908935547,KL0010,7.332999902017599,False,26.724873483181,0.46335887908935547,False,False,False,False,False,False,False,13.594247573869811,0.0,22.07012102007866,4.654752463102341,0.46335887908935547
480.0,KL002,1,29.70627493569803,True,52.78695647971335,2.8706908442981978,160.1131733585551,162.6581504784357,62.23935294203281,-3.9537334493643073,-0.28414905071258545,0.22239375114440918,KL007,24.786535006097314,False,0.24581898702308536,0.22239375114440918,False,False,False,False,False,False,False,38.454916491479764,0.0,4.508054740726948,-4.262235753703862,0.22239375114440918
480.0,KL003,2,29.9377310103083,True,50.73384714574288,3.637630971662145,162.99999999999994,165.5846750214427,58.3412716491788,40.404687018701395,0.6641151905059814,0.2971043586730957,KL005,18.28095457563887,False,-0.3092256118543446,0.2971043586730957,False,False,False,False,False,False,False,10.71985450801827,0.0,-10.270953476428986,9.961727864574641,0.2971043586730957
480.0,KL004,1,38.07845866852797,True,51.81866985594185,3.6969492321603448,162.99999999999994,165.5846750214427,38.17601651427161,-8.769197086513088,0.01216137409210205,0.6406993865966797,KL009,11.771626656082804,False,8.951617777347565,0.6406993865966797,False,False,False,False,False,False,False,18.904539933506175,0.0,8.769197389483452,0.18242038786411285,0.6406993865966797
480.0,KL005,1,5.589244744082638,True,50.681602244943626,4.111296811985885,162.99999999999994,165.5846750214427,117.77037480550115,-112.9618107019212,0.36566662788391113,0.0046498775482177734,KL003,18.28095457563887,False,0.0,-1.0,True,True,False,True,False,False,False,10.761243361205983,0.0,-6.0536592453718185,5.484999418258667,0.0046498775482177734
480.0,KL006,2,22.6492111041823,True,51.68356035069764,3.3177443329854683,162.99999999999994,165.5846750214427,22.664620604990514,9.253504159807562,0.4281799793243408,0.6916184425354004,KL009,7.193983048110657,False,-2.8308047354221344,0.6916184425354004,False,False,False,False,False,False,False,11.972784889630693,0.0,-9.253504425287247,6.422699689865112,0.6916184425354004
480.0,KL007,1,52.28155593057008,True,52.37693685720351,2.9498404658616493,160.356880824859,162.9052208182013,96.38582563442858,-137.02496694167223,-0.004081308841705322,0.10979807376861572,KL002,24.786535006097314,False,-45.0,0.10979807376861572,False,False,False,False,False,False,False,37.48415795925859,0.0,-45.0,0.0,0.10979807376861572
480.0,KL008,2,79.00204990792747,True,51.87753386971047,3.2915138762950407,162.99999999999994,165.5846750214427,78.9414984628322,2.5042545869237074,0.3600863218307495,0.255977988243103,KL009,5.902855122692775,False,2.8970402106642723,0.255977988243103,False,False,False,False,False,False,False,10.911975455124736,0.0,-2.5042545050382614,5.401294715702534,0.255977988243103
480.0,KL009,2,72.28710544790977,True,51.796608806080854,3.3818670409495497,162.99999999999994,165.5846750214427,98.2554162353801,19.91833439113077,0.3228468894958496,0.33435630798339844,KL008,5.902855122692775,False,-17.011453360319138,0.33435630798339844,False,False,False,False,False,False,False,10.903096129841595,0.0,-21.854156255722046,4.842702895402908,0.33435630798339844
480.0,KL0010,2,92.31359617866498,True,52.11659909706473,3.7361147430182347,162.99999999999994,165.5846750214427,92.41375652503955,-10.299753982412625,-0.6386302709579468,0.35451555252075195,KL001,7.332999902017599,False,0.7202996034175158,0.35451555252075195,False,False,False,False,False,False,False,13.594247573869811,0.0,10.299753695726395,-9.579454092308879,0.35451555252075195
490.0,KL001,1,39.82355634984962,True,52.21774871989606,3.616348647119349,162.99999999999994,165.5846750214427,39.66351465289362,-6.796714114253973,0.19546198844909668,0.3623311519622803,KL0010,8.200061633140837,False,9.728644341230392,0.3623311519622803,False,False,False,False,False,False,False,15.19147521618899,0.0,6.796714290976524,2.931930050253868,0.3623311519622803
490.0,KL002,1,28.071975110172588,True,52.77358750689852,2.8605950398963196,160.87539253225003,163.43088029846183,60.608869522213695,-3.8083752455249282,-0.2518048882484436,0.1935873031616211,KL007,24.437703256652288,False,0.7112829387187958,0.1935873031616211,False,False,False,False,False,False,False,41.30723050424327,0.0,4.48835626244545,-3.777073323726654,0.1935873031616211
490.0,KL003,2,28.347093877573155,True,50.72668369951223,3.658256067396885,162.99999999999994,165.5846750214427,57.09040987226497,41.164646807671886,0.7414525747299194,0.4097020626068115,KL005,16.844926883767023,False,-10.000000000000004,0.4097020626068115,True,False,False,False,True,False,False,10.746148353448643,0.0,-10.566157400608063,11.121788606978953,0.4097020626068115
490.0,KL004,1,36.427955605351386,True,51.80562075399272,3.685397498706304,162.99999999999994,165.5846750214427,36.52299591106826,0.09522884766903417,-0.03654181957244873,0.45525050163269043,KL009,11.722802252469796,False,-0.6433561211451888,0.45525050163269043,False,False,False,False,False,False,False,19.5565201821029,0.0,-0.09522884502075613,-0.5481272761244327,0.45525050163269043
490.0,KL005,1,4.002525436368217,True,50.672735089654616,4.092942660876258,159.5698558018131,162.1073281443386,118.41829487202094,-113.67837243417517,0.3494689464569092,-0.11773431301116943,KL003,16.844926883767023,False,5.000000000000002,0.0,True,True,False,True,False,False,True,9.542538613681307,7.588479429807843,-8.14599685370922,5.242034196853638,-0.11773431301116943
490.0,KL006,2,21.00623502765703,True,51.6982841951515,3.3213342791477594,162.99999999999994,165.5846750214427,21.020468366064986,6.936194968115217,0.38105320930480957,0.7164969444274902,KL009,6.908998931548242,False,-1.2203970551490784,0.7164969444274902,False,False,False,False,False,False,False,11.051932606891377,0.0,-6.936195194721222,5.7157981395721436,0.7164969444274902
490.0,KL007,1,53.89842086772883,True,52.368756094162244,2.929959550252472,160.73293808709343,163.28646305368608,97.73363252349885,-153.60169148219586,-0.00583118200302124,-0.2203747034072876,KL002,24.437703256652288,False,-45.0,-0.2203747034072876,False,False,False,False,False,False,False,32.61031403088575,0.0,-45.0,0.0,-0.2203747034072876
490.0,KL008,2,77.35671081349419,True,51.88888040677712,3.2758906140734725,162.99999999999994,165.5846750214427,77.29193226427911,5.5133736900100985,0.34618353843688965,0.29037153720855713,KL009,5.9053802544151335,False,-0.32062076730653644,0.29037153720855713,False,False,False,False,False,False,False,10.900792456568658,0.0,-5.513373836874962,5.192753069568425,0.29037153720855713
490.0,KL009,2,70.6843631840735,True,51.809397161990695,3.369676723040714,162.99999999999994,165.5846750214427,96.63464894371864,4.283993542054986,0.38762569427490234,0.14555799961090088,KL008,5.9053802544151335,False,-0.5228758603334427,0.14555799961090088,False,False,False,False,False,False,False,10.898076443234231,0.0,-6.337261274456978,5.814385414123535,0.14555799961090088
490.0,KL0010,2,90.68182841729353,True,52.101769133929885,3.733914771381955,162.99999999999994,165.5846750214427,90.7820677291902,-9.754906209407324,-0.6330805420875549,0.3353133201599121,KL001,8.200061633140837,False,0.25869838893413544,0.3353133201599121,False,False,False,False,False,False,False,15.19147521618899,0.0,9.75490652024746,-9.496208131313324,0.3353133201599121
500.0,KL001,1,38.16563264117236,True,52.22653990809291,3.63592994656668,162.99999999999994,165.5846750214427,38.00989570427683,2.950123849560981,0.13736176490783691,0.3221137523651123,KL0010,9.092129221719023,False,-0.8896973636001348,0.3221137523651123,False,False,False,False,False,False,False,16.83618343399091,0.0,-2.9501238092780113,2.0604264456778765,0.3221137523651123
500.0,KL002,1,26.42984044592529,True,52.760240673267475,2.850186166032055,161.5388139236949,164.10343301265192,58.970553359167354,-3.1836934427405197,-0.24181151390075684,0.21194279193878174,KL007,24.289839482315802,False,0.3608701005578041,0.21194279193878174,False,False,False,False,False,False,False,43.77622772608853,0.0,3.9880428090691566,-3.6271727085113525,0.21194279193878174
500.0,KL003,2,26.737698913999846,True,50.72125053036831,3.680122023739962,162.99999999999994,165.5846750214427,55.729541198063586,32.1102828972368,0.7548341751098633,0.3888123035430908,KL005,15.345060715874316,False,-5.000000000000002,0.3888123035430908,True,False,False,False,True,False,False,10.381929146074532,0.0,-0.7947108708322048,11.322512682527304,0.3888123035430908
500.0,KL004,1,34.77514812878586,True,51.79274404498798,3.673303038478844,162.99999999999994,165.5846750214427,34.86725875869578,-0.5742410502920734,0.01973247528076172,0.2728097438812256,KL009,11.946285106578733,False,0.8702281303703785,0.2728097438812256,False,False,False,False,False,False,False,19.656141942929292,0.0,0.5742410430684686,0.2959870873019099,0.2728097438812256
500.0,KL005,1,43.939584802055045,True,50.66482821246028,4.073622882783685,159.56934916113795,162.10681450058058,118.96529093178705,-109.4073520576598,0.4857616424560547,-0.2171284556388855,KL003,15.345060715874316,False,5.000000000000002,1.0,True,False,False,False,True,False,True,9.402375662818397,20.75720340414422,45.0,0.0,-0.2171284556388855
500.0,KL006,2,19.360479230655177,True,51.713056541827825,3.3243666734614967,162.99999999999994,165.5846750214427,19.373562374020533,6.202511162834924,0.3696296215057373,0.7162590026855469,KL009,6.585120149859596,False,-0.6580667803063989,0.7162590026855469,False,False,False,False,False,False,False,10.989348415399013,0.0,-6.202511116862297,5.544444336555898,0.7162590026855469
500.0,KL007,1,55.378259308963514,True,52.35758530352934,2.914646417625374,159.9766247941212,162.5197167778309,99.27763081020473,-170.00240145661127,-0.1502842903137207,-0.1709497570991516,KL002,24.289839482315802,False,-45.0,-0.1709497570991516,False,False,False,False,False,False,False,28.357152254110257,0.0,-45.0,0.0,-0.1709497570991516
500.0,KL008,2,75.71095222811084,True,51.90019531255403,3.260202415849166,162.99999999999994,165.5846750214427,75.64215222401455,5.305623099087484,0.3544037342071533,0.2848550081253052,KL009,5.9034339778880165,False,0.010433010538690723,0.2848550081253052,False,False,False,False,False,False,False,10.899041277604425,0.0,-5.30562300235033,5.316056012889021,0.2848550081253052
500.0,KL009,2,69.0412610344221,True,51.821106115757225,3.3547933792858737,162.99999999999994,165.5846750214427,94.98166737020959,3.826127293351419,0.40154337882995605,0.14002549648284912,KL008,5.9034339778880165,False,0.06715066905599087,0.14002549648284912,False,False,False,False,False,False,False,10.899362149888152,0.0,-5.95600001513958,6.023150684195571,0.14002549648284912
500.0,KL0010,2,89.0496583056557,True,52.08694542258794,3.7316065656539013,162.99999999999994,165.5846750214427,89.14997071924121,-9.673304128286986,-0.6360074281692505,0.3493391275405884,KL001,9.092129221719023,False,0.1331929152365774,0.3493391275405884,False,False,False,False,False,False,False,16.83618343399091,0.0,9.673304334282875,-9.540111419046298,0.3493391275405884
510.0,KL001,1,36.50612307663954,True,52.23499875382742,3.6559399555736154,162.99999999999994,165.5846750214427,36.35533492806605,2.154055028104807,0.02483236789703369,0.36647462844848633,KL0010,10.144987484578886,False,-1.7815694957971573,0.36647462844848633,False,False,False,False,False,False,False,18.780447650117,0.0,-2.154055070132017,0.37248557433485985,0.36647462844848633
510.0,KL002,1,24.78004445581438,True,52.746874062113875,2.839594488191761,162.2651856825401,164.8397844081123,57.324440331274296,-2.9043805135780474,-0.011083602905273438,0.23146235942840576,KL007,24.28847442195111,False,3.6771680787205696,0.23146235942840576,False,False,False,False,False,False,False,44.95737000424502,0.0,3.843422122299671,-0.16625404357910156,0.23146235942840576
510.0,KL003,2,25.128862681431304,True,50.71757198204635,3.7029092002944246,162.99999999999994,165.5846750214427,54.272648612192825,27.9206768441785,0.7586320638656616,0.3691365718841553,KL005,13.787616802734993,False,-5.000000000000002,0.3691365718841553,True,False,False,False,True,False,False,10.373399810925395,0.0,4.414668269455433,11.379480622708797,0.3691365718841553
510.0,KL004,1,33.12253948057606,True,51.77998241894165,3.6608972638718633,162.99999999999994,165.5846750214427,33.21142143452381,0.3107842525752176,0.04758918285369873,0.09714341163635254,KL009,12.330891749697443,False,0.4030534951016307,0.09714341163635254,False,False,False,False,False,False,False,19.70513345221385,0.0,-0.31078424770385027,0.713837742805481,0.09714341163635254
510.0,KL005,1,43.04009671775477,True,50.65789310430662,4.052920578893277,162.99846918873766,165.58312323885426,119.40531439697666,-105.16402326432399,0.31844937801361084,-0.2434414029121399,KL003,13.787616802734993,False,5.000000000000002,1.0,True,False,False,False,True,False,True,9.41349740548971,27.35652403270713,45.0,0.0,-0.2434414029121399
510.0,KL006,2,17.71423626173156,True,51.72784949652092,3.327125983142436,162.99999999999994,165.5846750214427,17.726187211895887,6.0605773628528254,0.36686038970947266,0.7283885478973389,KL009,6.320742974858827,False,-0.5576714873313904,0.7283885478973389,False,False,False,False,False,False,False,10.9711111136022,0.0,-6.06057733297348,5.50290584564209,0.7283885478973389
510.0,KL007,1,56.62106232207085,True,52.344303014993486,2.905065543678375,159.3898230163309,161.92480626419325,100.89117297867476,173.79926637494026,-0.5172411203384399,-0.05776619911193848,KL002,24.28847442195111,False,-45.0,-0.05776619911193848,False,False,False,False,False,False,False,24.99119288374106,0.0,-45.0,0.0,-0.05776619911193848
510.0,KL008,2,74.06535448243316,True,51.9115119810033,3.2445136052956776,162.99999999999994,165.5846750214427,73.99270697956233,5.434191205763398,0.366554856300354,0.2983560562133789,KL009,5.901702337150531,False,0.06413150753360242,0.2983560562133789,False,False,False,False,False,False,False,10.900695250169305,0.0,-5.4341913387179375,5.49832284625154,0.2983560562133789
510.0,KL009,2,67.3986197073236,True,51.8328258447628,3.3399283793884034,162.99999999999994,165.5846750214427,93.32893455125988,3.961771561766625,0.41378355026245117,0.1579141616821289,KL008,5.901702337150531,False,0.033609642705414444,0.1579141616821289,False,False,False,False,False,False,False,10.900831459033116,0.0,-6.173143610358238,6.206753253063653,0.1579141616821289
510.0,KL0010,2,87.41770222278316,True,52.07212504788888,3.7292430616359096,162.99999999999994,165.5846750214427,87.51809384950951,-9.721306410197457,-0.6465428471565247,0.33668553829193115,KL001,10.144987484578886,False,0.0231637796969153,0.33668553829193115,False,False,False,False,False,False,False,18.780447650117,0.0,9.7213064879179,-9.698142708220985,0.33668553829193115
520.0,KL001,1,34.845628933191925,True,52.243830356352916,3.675519747117909,162.99999999999994,165.5846750214427,34.69954633945497,0.39119055027478566,0.056973934173583984,0.37014997005462646,KL0010,11.357709586506889,False,0.4634184530004859,0.37014997005462646,False,False,False,False,False,False,False,21.022277870110404,0.0,-0.39119054563343525,0.8546089986339211,0.37014997005462646
520.0,KL002,1,23.118787934856226,True,52.73385545720433,2.8276561844888395,162.99999999999994,165.5846750214427,55.668713780669044,0.7881091630366939,0.11894989013671875,0.3000609874725342,KL007,24.402912548971386,False,1.951795220375061,0.3000609874725342,False,False,False,False,False,False,False,45.17051744913089,0.0,0.16754684736952186,1.7842483730055392,0.3000609874725342
520.0,KL003,2,23.53830557422038,True,50.715164833011286,3.726114580050722,162.99999999999994,165.5846750214427,52.76153352649883,23.635827977672818,0.7408046722412109,0.4307870864868164,KL005,12.210910941557332,False,-10.000000000000004,0.4307870864868164,True,False,False,False,True,False,False,11.017439209345714,0.0,10.000977739691734,11.112070754170418,0.4307870864868164
520.0,KL004,1,31.47023121662483,True,51.76727509366514,3.648350216331937,162.99999999999994,165.5846750214427,31.555677058402047,0.7513951871530367,0.1103663444519043,0.10079693794250488,KL006,11.936725406347959,False,0.9040999878197908,0.10079693794250488,False,False,False,False,False,False,False,19.700062493325525,0.0,-0.7513952068984509,1.6554951947182417,0.10079693794250488
520.0,KL005,1,42.0635760213653,True,50.65210638971894,4.031282994149665,162.99999999999994,165.5846750214427,119.72784682387123,-100.93374629559065,0.28458917140960693,-0.2328486442565918,KL003,12.210910941557332,False,0.0,-1.0,True,False,False,False,True,False,False,10.981388755353336,0.0,45.0,0.0,-0.2328486442565918
520.0,KL006,2,16.067921240784667,True,51.742658387810124,3.329653571256915,162.99999999999994,165.5846750214427,16.07875563608593,6.067764603971455,0.30240321159362793,0.7094675302505493,KL009,6.1200433936635505,False,-1.5317161940038204,0.7094675302505493,False,False,False,False,False,False,False,10.93488027221548,0.0,-6.067764312028885,4.5360481180250645,0.7094675302505493
520.0,KL007,1,57.549754287909856,True,52.32993368467957,2.9019332367588824,159.19120045036107,161.7234362443092,102.4498885178156,157.83095923331882,-0.6561701893806458,0.1836777925491333,KL002,24.402912548971386,False,-45.0,0.1836777925491333,False,False,False,False,False,False,False,22.939154755992515,0.0,-45.0,0.0,0.1836777925491333
520.0,KL008,2,72.42009272549429,True,51.92283947632022,3.2288413848958553,162.99999999999994,165.5846750214427,72.34376254447169,5.623298587214663,0.3774433135986328,0.3186609745025635,KL009,5.900259576627489,False,0.03835123032331467,0.3186609745025635,False,False,False,False,False,False,False,10.902038191212808,0.0,-5.6232984736561775,5.661649703979492,0.3186609745025635
520.0,KL009,2,65.75638344340445,True,51.84455096084903,3.325070638596744,162.99999999999994,165.5846750214427,91.67640397688491,4.06694669680104,0.4277437925338745,0.16563212871551514,KL008,5.900259576627489,False,0.05124337796587497,0.16563212871551514,False,False,False,False,False,False,False,10.902210700740314,0.0,-6.364913508296013,6.416156886261888,0.16563212871551514
520.0,KL0010,2,85.7865199717683,True,52.057305261646256,3.726870596197384,162.99999999999994,165.5846750214427,85.88700899126823,-9.885778008968174,-0.6284166574478149,0.374835729598999,KL001,11.357709586506889,False,0.4595283279195428,0.374835729598999,False,False,False,False,False,False,False,21.022277870110404,0.0,9.885778203606606,-9.426249875687063,0.374835729598999
530.0,KL001,1,33.18499142825682,True,52.252568893551654,3.6952144946588357,162.99999999999994,165.5846750214427,33.043946295530795,0.8973631328254328,0.06932449340820312,0.40648579597473145,KL0010,12.65823077080336,False,0.1425042876508087,0.40648579597473145,False,False,False,False,False,False,False,23.427803582297724,0.0,-0.8973631169646978,1.0398674046155065,0.40648579597473145
530.0,KL002,1,21.45792388586254,True,52.721119871184136,2.8149132066408917,162.99999999999994,165.5846750214427,54.01455017536526,2.8231622690266533,0.13291990756988525,0.34184181690216064,KL007,24.574840474554502,False,0.041758809238672256,0.34184181690216064,False,False,False,False,False,False,False,45.49168756983789,0.0,-1.9520398043096066,1.9937986135482788,0.34184181690216064
530.0,KL003,2,22.009308632482146,True,50.71479375370679,3.7495928221231223,162.99999999999994,165.5846750214427,51.17893904380685,14.155088431730263,0.6832126379013062,0.44668853282928467,KL005,10.718885149028207,False,5.000000000000002,0.44668853282928467,True,False,False,False,True,False,False,10.35225394614062,0.0,21.24380886554718,10.248189568519592,0.44668853282928467
530.0,KL004,1,29.81879247957517,True,51.75469185507054,3.635484296671457,162.99999999999994,165.5846750214427,29.900485771888142,1.7474010137986795,0.10639345645904541,0.07328188419342041,KL006,11.297491265862403,False,-0.15149915940128267,0.07328188419342041,False,False,False,False,False,False,False,19.834573412129245,0.0,-1.7474010027945042,1.5959018433932215,0.07328188419342041
530.0,KL005,1,41.13098541589969,True,50.64655168339131,4.0099452271801805,159.5698558018131,162.1073281443386,120.05032292281538,-101.68723751976432,0.2412707805633545,-0.21356165409088135,KL003,10.718885149028207,False,5.000000000000002,1.0,True,False,False,False,True,False,True,9.702963647247756,21.50486619101978,45.0,0.0,-0.21356165409088135
530.0,KL006,2,14.418959853711915,True,51.75750382854845,3.3315416780017424,162.99999999999994,165.5846750214427,14.428687653437207,5.055247800376264,0.35942065715789795,0.709770917892456,KL009,5.9833816180381785,False,0.3360620141029358,0.709770917892456,False,False,False,False,False,False,False,10.93519417247307,0.0,-5.0552478432655334,5.391309857368469,0.709770917892456
530.0,KL007,1,58.11167272541595,True,52.31554275481176,2.90548526097468,159.82064126733312,162.36157898814898,103.84305601372029,142.14958392949313,-0.6681774854660034,0.15923213958740234,KL002,24.574840474554502,False,-45.0,0.15923213958740234,False,False,False,False,False,False,False,22.53587365357623,0.0,-45.0,0.0,0.15923213958740234
530.0,KL008,2,70.77512934175222,True,51.934173439423304,3.2131775072925595,162.99999999999994,165.5846750214427,70.69528528233883,5.793345277949641,0.20095372200012207,0.6897444725036621,KL009,5.899073466260457,False,-2.7790396101772785,0.6897444725036621,False,False,False,False,False,False,False,10.892759311309195,0.0,-5.793345496058464,3.0143058858811855,0.6897444725036621
530.0,KL009,2,64.11465422542538,True,51.85628428265196,3.310226008194297,162.99999999999994,165.5846750214427,90.02412168634635,4.1933175470409765,0.6353154182434082,0.4279606342315674,KL008,5.899073466260457,False,2.9461709037423134,0.4279606342315674,False,False,False,False,False,False,False,10.903699758749521,0.0,-6.583560481667519,9.529731385409832,0.4279606342315674
530.0,KL0010,2,84.15402344837541,True,52.0424976498769,3.724305724523348,162.99999999999994,165.5846750214427,84.2545794821608,-9.612176232808878,-0.5877028703689575,0.4652906656265259,KL001,12.65823077080336,False,0.7966330926865339,0.4652906656265259,False,False,False,False,False,False,False,23.427803582297724,0.0,9.61217612028122,-8.815543027594686,0.4652906656265259
540.0,KL001,1,31.524205907667938,True,52.26127741387863,3.714948560841929,162.99999999999994,165.5846750214427,31.388451505785877,1.0946321882240113,0.05128765106201172,0.4368290901184082,KL0010,14.025309202220662,False,-0.3253174410201609,0.4368290901184082,False,False,False,False,False,False,False,25.95739421827421,0.0,-1.094632213935256,0.7693147729150951,0.4368290901184082
540.0,KL002,1,19.797465293743244,True,52.70839487447254,2.802145054424686,162.99999999999994,165.5846750214427,52.36061513319231,2.9559359752621788,0.11367607116699219,0.34609782695770264,KL007,24.732861251934246,False,-0.4906119452789426,0.34609782695770264,False,False,False,False,False,False,False,45.789179132237656,0.0,-2.195753026753664,1.7051410814747214,0.34609782695770264
540.0,KL003,2,20.473630485443877,True,50.713961796936935,3.7730699284918416,162.99999999999994,165.5846750214427,49.615216468895674,19.764244056705536,0.726274847984314,0.4201803207397461,KL005,9.237300377189992,False,0.0,-1.0,True,False,False,False,True,False,True,9.699783522830815,21.80237174158724,17.537921369075775,10.894121825695038,0.4201803207397461
540.0,KL004,1,28.167407986526563,True,51.74208760402649,3.622675750009836,162.99999999999994,165.5846750214427,28.24525221624394,1.689677512558461,0.14135527610778809,0.035843849182128906,KL006,10.896971446984375,False,0.43065162375569344,0.035843849182128906,False,False,False,False,False,False,False,19.813864620032785,0.0,-1.6896775178611279,2.1203291416168213,0.035843849182128906
540.0,KL005,1,40.123707831070526,True,50.64200076767305,3.9876656618833053,162.9989758278047,165.5836368186249,120.27215713335478,-97.45843792309734,0.24676549434661865,-0.20064795017242432,KL003,9.237300377189992,False,0.0,-1.0,True,False,False,False,True,False,True,9.674448175249076,22.548968485332463,45.0,0.0,-0.20064795017242432
540.0,KL006,2,12.772472840821898,True,51.77234215794614,3.333571068862947,162.99999999999994,165.5846750214427,12.781108094628117,6.087771124979156,0.33571815490722656,0.7358788251876831,KL009,5.933755751942683,False,-1.0519985854625702,0.7358788251876831,False,False,False,False,False,False,False,10.973138190423976,0.0,-6.087770909070969,5.035772323608398,0.7358788251876831
540.0,KL007,1,58.27241652113446,True,52.30227377423656,2.9154609222690104,160.36624062252343,162.91470972758907,104.96805596419075,126.70567638528087,-0.6540735960006714,0.17111897468566895,KL008,23.8217857088114,False,-45.0,0.17111897468566895,False,False,False,False,False,False,False,24.238155759232654,0.0,-45.0,0.0,0.17111897468566895
540.0,KL008,2,69.12421936189986,True,51.94504682647544,3.1966739282483108,162.99999999999994,165.5846750214427,69.04150391368498,3.089030624489112,0.21589374542236328,0.6512413024902344,KL009,5.896966087039914,False,0.14937545754946768,0.6512413024902344,False,False,False,False,False,False,False,10.904668525303451,0.0,-3.089030720293522,3.2384061778429896,0.6512413024902344
540.0,KL009,2,62.48478745352451,True,51.86845268943585,3.2963270302214163,162.99999999999994,165.5846750214427,88.37961925898333,7.269452486698583,0.5688148736953735,0.5687212944030762,KL008,5.896966087039914,False,-1.2470452208071947,0.5687212944030762,False,False,False,False,False,False,False,10.903821176400731,0.0,-9.779268354177475,8.53222313337028,0.5687212944030762
540.0,KL0010,2,82.518710737603,True,52.027713400043645,3.721407293691212,162.99999999999994,165.5846750214427,82.61926006296149,-8.992935766815435,-0.5632122159004211,0.44669342041015625,KL001,14.025309202220662,False,0.5447526276111603,0.44669342041015625,False,False,False,False,False,False,False,25.95739421827421,0.0,8.992935866117477,-8.448183238506317,0.44669342041015625
550.0,KL001,1,29.86313641686504,True,52.27005437936256,3.734605407503434,162.99999999999994,165.5846750214427,29.732803681467157,0.8120974692386653,0.06725144386291504,0.6869244575500488,KL0010,15.448572506323492,False,0.1966742123477161,0.6869244575500488,False,False,False,False,False,False,False,28.59161524777477,0.0,-0.8120974525809288,1.008771664928645,0.6869244575500488
550.0,KL002,1,18.136979228132642,True,52.695604113161345,2.789560914992961,162.99999999999994,165.5846750214427,50.706165074872004,2.546196750715211,-0.10088270902633667,0.2942603826522827,KL007,24.827672691258794,False,-3.4113387018442154,0.2942603826522827,False,False,False,False,False,False,False,45.97230200392557,0.0,-1.8980980664491653,-1.51324063539505,0.2942603826522827
550.0,KL003,2,18.971746264930836,True,50.713004286785996,3.796118148412522,159.5698558018131,162.1073281443386,48.0903920818491,20.418591348084817,0.7560925483703613,0.4530841112136841,KL005,7.879048471220495,False,5.000000000000002,-1.0,True,False,False,False,True,False,True,9.276406736114147,30.307705310866282,18.967820405960083,11.34138822555542,0.4530841112136841
550.0,KL004,1,26.516751654274927,True,51.72954331327943,3.6097181543976364,162.99999999999994,165.5846750214427,26.59052607575305,2.2526438245552924,0.153924822807312,0.014101982116699219,KL006,10.774860227897882,False,0.05622848868370056,0.014101982116699219,False,False,False,False,False,False,False,19.84576816170753,0.0,-2.2526438534259796,2.30887234210968,0.014101982116699219
550.0,KL005,1,39.158413977184324,True,50.63764640995482,3.965650138314388,159.56883163286997,162.10628981872554,120.49699804061089,-98.21646559728703,-0.028253674507141113,0.28789806365966797,KL003,7.879048471220495,False,5.000000000000002,1.0,True,False,False,False,True,False,True,8.842268636750216,36.31582239952331,45.0,-0.4238051176071167,0.28789806365966797
550.0,KL006,2,11.125044943139056,True,51.78720104522229,3.3351604433731,162.99999999999994,165.5846750214427,11.132595228535314,5.782899506433921,0.3380928039550781,0.7553156614303589,KL009,5.935571706952714,False,-0.711507573723793,0.7553156614303589,False,False,False,False,False,False,False,10.980805417542879,0.0,-5.782899633049965,5.071392059326172,0.7553156614303589
550.0,KL007,1,58.0219602097871,True,52.29116776716352,2.931100967749158,160.95260565204939,163.50915699042994,105.74576642593091,111.45427073194418,-0.5542552471160889,0.10836505889892578,KL008,22.123285196778273,False,-45.0,0.10836505889892578,False,False,False,False,False,False,False,26.34909270598827,0.0,-45.0,0.0,0.10836505889892578
550.0,KL008,2,67.47326436024805,True,51.955925701372045,3.1801751806726797,162.99999999999994,165.5846750214427,67.38786000070563,3.3175267719510657,0.2753232717514038,0.6209908723831177,KL009,5.896197590984471,False,0.8123223390430212,0.6209908723831177,False,False,False,False,False,False,False,10.904259773158364,0.0,-3.317526765167713,4.129849104210734,0.6209908723831177
550.0,KL009,2,60.85079463528339,True,51.880452741622484,3.282044511697137,162.99999999999994,165.5846750214427,86.73199291089703,6.136382316419315,0.47126591205596924,0.7181491851806641,KL008,5.896197590984471,False,-1.6962169110774994,0.7181491851806641,False,False,False,False,False,False,False,10.90420414739365,0.0,-8.765205591917038,7.068988680839539,0.7181491851806641
550.0,KL0010,2,80.88180166591201,True,52.01294677123084,3.7182815399046723,162.99999999999994,165.5846750214427,80.98229362811686,-8.621646736691247,-0.5395339131355286,0.538905143737793,KL001,15.448572506323492,False,0.5286383768543601,0.538905143737793,False,False,False,False,False,False,False,28.10312464810767,0.0,8.62164705991745,-8.09300868306309,0.538905143737793
560.0,KL001,1,28.201927637918715,True,52.278789999260624,3.754315259149214,162.99999999999994,165.5846750214427,28.077284263382456,1.0681752532581754,0.04687678813934326,0.6855570077896118,KL0010,16.909224224364785,False,-0.36502341739833355,0.6855570077896118,False,False,False,False,False,False,False,31.295498719630693,0.0,-1.0681752394884825,0.7031518220901489,0.6855570077896118
560.0,KL002,1,16.476960876124352,True,52.68240776457992,2.7781800097510936,162.99999999999994,165.5846750214427,49.05054831655509,-0.8874311672978479,-0.1254591941833496,0.29303765296936035,KL007,24.794504645727944,False,-0.27415673481300473,0.29303765296936035,False,False,False,False,False,False,False,45.8237092733657,0.0,1.60773117095232,-1.8818879057653248,0.29303765296936035
560.0,KL003,2,17.476831887065376,True,50.71095683735137,3.8184814581415023,156.13972249447147,158.6295724986601,46.65495514315001,26.239924048080525,0.7687715291976929,0.4412968158721924,KL005,6.599063211159819,False,0.0,1.0,True,False,False,False,True,False,True,8.791677734991023,36.644174445715,15.21725669503212,11.531571596860886,0.4412968158721924
560.0,KL004,1,24.866464619721718,True,51.71700690369092,3.596744286321429,162.99999999999994,165.5846750214427,24.93602775719958,2.462484163283392,0.17965447902679443,0.011813640594482422,KL006,10.938703954097209,False,0.23233304964378476,0.011813640594482422,False,False,False,False,False,False,False,20.160428440504255,0.0,-2.4624841287732124,2.694817178416997,0.011813640594482422
560.0,KL005,1,38.119750299071775,True,50.63434419627889,3.942834007692736,162.99795166211362,165.5825986223627,120.61894714633141,-93.98986344201256,-0.005713999271392822,0.27661657333374023,KL003,6.599063211159819,False,0.0,0.27661657333374023,True,False,False,False,True,False,True,8.791686410996533,36.643824398873676,45.0,-0.08570998907089233,0.27661657333374023
560.0,KL006,2,9.47787864946469,True,51.802070997358186,3.336451878706003,162.99999999999994,165.5846750214427,9.484352021868053,5.954698600622976,0.2415701150894165,0.7447350025177002,KL009,5.989542547956203,False,-2.3311467468738556,0.7447350025177002,False,False,False,False,False,False,False,11.078235248237185,0.0,-5.954698473215103,3.6235517263412476,0.7447350025177002
560.0,KL007,1,57.37429678355282,True,52.28311073983314,2.9511836084991354,161.32374631682316,163.88540694854947,106.12161798482566,96.31882104097224,-0.4408085346221924,-0.04867196083068848,KL008,20.538585691123153,False,-45.0,-0.04867196083068848,False,False,False,False,False,False,False,28.525130203059003,0.0,-45.0,0.0,-0.04867196083068848
560.0,KL008,2,65.82385197020876,True,51.96694764759204,3.163924361070569,162.99999999999994,165.5846750214427,65.73579970235743,4.233272563454307,0.06562590599060059,0.6999691724777222,KL009,5.8961707735107485,False,-3.248884007334709,0.6999691724777222,False,False,False,False,False,False,False,10.903210303717945,0.0,-4.233272485435009,0.9843884781002998,0.6999691724777222
560.0,KL009,2,59.210856126901746,True,51.89218834922676,3.267192772750319,162.99999999999994,165.5846750214427,85.08043168239726,4.5261217854886695,0.48795783519744873,0.7002151012420654,KL008,5.8961707735107485,False,0.051258355379104614,0.7002151012420654,False,False,False,False,False,False,False,10.903312479369005,0.0,-7.268109172582626,7.319367527961731,0.7002151012420654
560.0,KL0010,2,79.24341814849848,True,51.99819851841152,3.714935632079274,162.99999999999994,165.5846750214427,79.3437993159032,-8.262633143726958,-0.5095065832138062,0.527971625328064,KL001,16.909224224364785,False,0.6200346490368247,0.527971625328064,False,False,False,False,False,False,False,28.24433908453366,0.0,8.262633383274078,-7.642598734237254,0.527971625328064
570.0,KL001,1,26.540435486385277,True,52.28760227361178,3.773937642003944,162.99999999999994,165.5846750214427,26.42160193987868,0.7471652263783994,0.2615342140197754,0.749518632888794,KL0010,18.405216560976417,False,3.175848126411438,0.749518632888794,False,False,False,False,False,False,False,34.06512209139336,0.0,-0.7471651956439018,3.92301332205534,0.749518632888794
570.0,KL002,1,14.81756316380657,True,52.66915328409985,2.7669854358537704,162.99999999999994,165.5846750214427,47.39513025855597,-1.2023393398171152,-0.17025572061538696,0.2920494079589844,KL007,24.633042924499758,False,-0.501069501042366,0.2920494079589844,False,False,False,False,False,False,False,45.09981315625087,0.0,2.0527663081884384,-2.5538358092308044,0.2920494079589844
570.0,KL003,2,15.963999505556739,True,50.708744771053865,3.8411672473695604,159.5688534112732,162.10631189816337,45.21396898552416,27.144271760698132,0.7920353412628174,0.3925204277038574,KL005,5.538130247459478,False,0.0,1.0,True,False,False,False,True,False,True,8.78553903319141,35.75907041350172,16.67431578040123,11.880529671907425,0.3925204277038574
570.0,KL004,1,23.216877567759628,True,51.70450318654658,3.5836920766944607,162.99999999999994,165.5846750214427,23.282049812424358,2.886798872211699,0.19838964939117432,0.009866952896118164,KL006,11.39176831450635,False,0.08904587128199637,0.009866952896118164,False,False,False,False,False,False,False,21.010810898353412,0.0,-2.8867988660931587,2.975844737375155,0.009866952896118164
570.0,KL005,1,37.10617835991739,True,50.63116653228256,3.9198975281806936,162.99999999999994,165.5846750214427,120.7479765038056,-94.76470482893387,0.004751920700073242,0.2740974426269531,KL003,5.538130247459478,False,5.000000000000002,0.2740974426269531,True,False,False,False,True,False,True,8.589333677961005,38.32174617557436,45.0,0.0,0.2740974426269531
570.0,KL006,2,7.827305586561848,True,51.81696075165412,3.336795865606765,162.99999999999994,165.5846750214427,7.83268829230599,4.404144899417815,0.292083740234375,0.7735691070556641,KL009,6.088562303114199,False,-0.02288885327288881,0.7735691070556641,False,False,False,False,False,False,False,11.259176322198218,0.0,-4.404144957661629,4.38125610438874,0.7735691070556641
570.0,KL007,1,56.36919000473778,True,52.278755667630655,2.9740913166078595,161.15630745269166,163.71566365571246,106.0691509803229,81.1866652228469,-0.2873455882072449,0.06920099258422852,KL008,19.178977192148995,False,-45.0,0.06920099258422852,False,False,False,False,False,False,False,30.604642281801407,0.0,-45.0,0.0,0.06920099258422852
570.0,KL008,2,64.17012015348219,True,51.977416391678425,3.146734279616774,162.99999999999994,165.5846750214427,64.08016866092402,1.0141808117502933,0.20352470874786377,0.6084811687469482,KL009,5.894829801268804,False,2.0386899076402187,0.6084811687469482,False,False,False,False,False,False,False,10.903522939940043,0.0,-1.0141807794570923,3.052870687097311,0.6084811687469482
570.0,KL009,2,57.57163298965871,True,51.903930334728926,3.252350389371071,162.99999999999994,165.5846750214427,83.42915737467382,4.6675243285855,0.5030472278594971,0.6960577964782715,KL008,5.894829801268804,False,0.014928504824638367,0.6960577964782715,False,False,False,False,False,False,False,10.903522939940043,0.0,-7.530779913067818,7.545708417892456,0.6960577964782715
570.0,KL0010,2,77.60325786019114,True,51.983473418322426,3.7113318496226633,162.99999999999994,165.5846750214427,77.7034583564142,-7.806195928458635,-0.5448365807533264,0.43759608268737793,KL006,17.101958058510263,False,-0.3663528710603714,0.43759608268737793,False,False,False,False,False,False,False,28.269415802896102,0.0,7.806195840239525,-8.172548711299896,0.43759608268737793
580.0,KL001,1,24.88186212142957,True,52.29577059936668,3.794293806616324,162.99999999999994,165.5846750214427,24.76983822459282,4.1739669163252415,0.21635985374450684,0.7492573261260986,KL0010,19.89199478142583,False,-0.9285690262913704,0.7492573261260986,False,False,False,False,False,False,False,36.81795318423926,0.0,-4.173966832458973,3.2453978061676025,0.7492573261260986
580.0,KL002,1,13.159184150349546,True,52.65583995112051,2.7559858055762207,162.99999999999994,165.5846750214427,45.74015239908449,-1.7653219086637648,-0.3865072727203369,0.4458380937576294,KL007,24.32907661260173,False,-2.9652293398976326,0.4458380937576294,False,False,False,False,False,False,False,43.623872496878846,0.0,2.83237986266613,-5.797609202563763,0.4458380937576294
580.0,KL003,1,12.318095506880814,True,50.706485425442025,3.8643368022835585,162.99797344044768,165.58262069904956,43.754584114980766,28.129184076135545,0.7264852523803711,0.21163725852966309,KL005,4.804598115672072,False,0.0,0.21163725852966309,True,False,False,False,True,False,True,8.567706477106228,27.694362933899043,4.6490296348929405,10.897279120981693,0.21163725852966309
580.0,KL004,1,21.567879271444827,True,51.69201205390585,3.5706121351494615,162.99999999999994,165.5846750214427,21.628512309881046,3.2040055244875134,0.11658322811126709,0.06541037559509277,KL006,12.074462320584836,False,-1.4552571438252926,0.06541037559509277,False,False,False,False,False,False,False,22.28595507969003,0.0,-3.2040056213736534,1.7487484775483608,0.06541037559509277
580.0,KL005,1,36.03635275454952,True,50.62912749604765,3.8966470840298326,162.99999999999994,165.5846750214427,120.77069689918046,-90.54110386756253,0.2717740535736084,0.27169668674468994,KL003,4.804598115672072,False,0.0,0.27169668674468994,True,False,False,False,True,False,True,8.567706477106228,27.694362933899043,45.0,0.0,0.27169668674468994
580.0,KL006,2,6.178662983851391,True,51.83185096163818,3.3370988638895356,162.99999999999994,165.5846750214427,6.182966039676804,5.552616949794583,0.31554269790649414,0.7882418632507324,KL009,6.241606530082136,False,-0.8194764610379934,0.7882418632507324,False,False,False,False,False,False,False,11.540322370355733,0.0,-5.552616901695728,4.733140440657735,0.7882418632507324
580.0,KL007,1,55.06498185289916,True,52.278429547533584,2.998107898219198,161.3931293444959,163.95574458651896,105.59161936710395,66.04287218267092,-0.08187872171401978,0.3196074962615967,KL008,18.09070022520145,False,-32.039853036403656,0.3196074962615967,False,False,False,False,False,False,False,30.627569522131797,0.0,-30.81167221069336,-1.2281808257102966,0.3196074962615967
580.0,KL008,2,62.51821961585379,True,51.98821619763037,3.130087445251188,162.99999999999994,165.5846750214427,62.426227919182125,3.13221841699459,0.2276219129562378,0.6139258146286011,KL009,5.896678177794224,False,0.28211038559675217,0.6139258146286011,False,False,False,False,False,False,False,10.907974413371027,0.0,-3.1322183087468147,3.414328694343567,0.6139258146286011
580.0,KL009,2,55.93310732280014,True,51.91567470610933,3.237509085001425,162.99999999999994,165.5846750214427,81.77813272585945,4.776537614998233,0.5465966463088989,0.6884320974349976,KL008,5.896678177794224,False,0.4291936755180359,0.6884320974349976,False,False,False,False,False,False,False,10.907974413371027,0.0,-7.769756019115448,8.198949694633484,0.6884320974349976
580.0,KL0010,2,75.96523028612377,True,51.968734429629215,3.707882171008251,162.99999999999994,165.5846750214427,76.06530508651376,-8.351154390496504,-0.5278977155685425,0.4399697780609131,KL006,16.00725331157566,False,0.4326885938644409,0.4399697780609131,False,False,False,False,False,False,False,28.278279906196016,0.0,8.351154327392578,-7.918465733528137,0.4399697780609131
590.0,KL001,1,23.22220721800418,True,52.30410538897255,3.8144735649356094,162.99999999999994,165.5846750214427,23.117011293993023,3.4774090239658904,-0.07719588279724121,0.4843175411224365,KL0010,21.40875369622739,False,-4.63534701615572,0.4843175411224365,False,False,False,False,False,False,False,39.62642975281991,0.0,-3.4774088859558105,-1.1579381301999092,0.4843175411224365
590.0,KL002,1,44.16760007529747,True,52.64221414284375,2.746085451128813,162.99999999999994,165.5846750214427,44.090158110738244,-4.903532845537086,-0.2734506130218506,0.6850284337997437,KL007,23.84974240559654,False,0.8017735462635756,0.6850284337997437,False,False,False,False,False,False,False,41.934893453781264,0.0,4.903532713651657,-4.1017591673880816,0.6850284337997437
590.0,KL003,1,10.713855680824274,True,50.70421913207487,3.887576484513705,162.99999999999994,165.5846750214427,42.30459545276042,29.185075688722065,0.7418267726898193,0.45436930656433105,KL005,4.654007133108932,False,0.0,0.45436930656433105,True,False,False,False,True,False,True,8.610123138873407,16.397172780623976,5.309793166816235,11.127401925623417,0.45436930656433105
590.0,KL004,1,19.917162927478586,True,51.679319059867616,3.558051724465582,162.99999999999994,165.5846750214427,19.97345136037122,1.8939497503586153,-0.412145733833313,0.5375547409057617,KL0010,17.36243751551258,False,-8.076135367155075,0.5375547409057617,False,False,False,False,False,False,False,32.12078314907467,0.0,-1.893949694931507,-6.182185672223568,0.5375547409057617
590.0,KL005,1,34.99520550955358,True,50.627229900429874,3.8733634878059267,162.99999999999994,165.5846750214427,120.79969022827368,-91.31742145770869,0.3811764717102051,0.006089568138122559,KL003,4.654007133108932,False,0.0,-1.0,True,False,False,False,True,False,True,8.610123138873407,16.562282736349545,45.0,0.0,0.006089568138122559
590.0,KL007,1,53.537028383973635,True,52.2821723775386,3.0215052937347613,162.48875130689947,165.06641778335518,104.71661038113292,50.91762010960517,-0.013012170791625977,0.10605788230895996,KL008,17.332324493574045,False,-15.79952672123909,0.10605788230895996,False,False,False,False,False,False,False,30.651073112330103,0.0,-15.604343712329865,-0.19518300890922546,0.10605788230895996
590.0,KL008,2,60.866821335097264,True,51.99907450521706,3.1135371361173183,162.99999999999994,165.5846750214427,60.77291794668806,3.5068726830949686,0.5199935436248779,-0.11452281475067139,KL009,5.9004329047922015,False,4.293030425906181,-0.11452281475067139,False,False,False,False,False,False,False,10.916039348819679,0.0,-3.5068726167082787,7.79990304261446,-0.11452281475067139
590.0,KL009,2,54.297058778174645,True,51.92748732975025,3.2228069484191177,162.99999999999994,165.5846750214427,80.12837113750453,5.3124750282555055,0.5598477125167847,0.21005988121032715,KL008,5.9004329047922015,False,-0.05153775040525943,0.21005988121032715,False,False,False,False,False,False,False,10.916039348819679,0.0,-8.44925343990326,8.397715689498,0.21005988121032715
590.0,KL0010,2,74.3261873162806,True,51.95401190874765,3.704253093166218,162.99999999999994,165.5846750214427,74.42608790227816,-8.09533769061511,-0.5100546479225159,0.6510781049728394,KL004,17.36243751551258,False,0.44451826717704535,0.6510781049728394,False,False,False,False,False,False,False,32.120651676344806,0.0,8.095337972044945,-7.650819704867899,0.6510781049728394
600.0,KL001,1,21.560738162994994,True,52.31331680017451,3.833606410621191,162.99999999999994,165.5846750214427,21.461487870037296,-1.2122710865135389,-0.012855291366577148,0.4775432348251343,KL0010,22.985922135967034,False,1.019441680982709,0.4775432348251343,False,False,False,False,False,False,False,42.54674446751675,0.0,1.2122710514813662,-0.19282937049865723,0.4775432348251343
600.0,KL002,1,42.51304185920203,True,52.6286584483962,2.735928589953675,162.99999999999994,165.5846750214427,42.43897291276731,-4.262291035965234,-0.3187274932861328,0.6106003522872925,KL007,23.235257685415522,False,-0.5186214158311486,0.6106003522872925,False,False,False,False,False,False,False,39.76164637592932,0.0,4.262290969491005,-4.780912385322154,0.6106003522872925
600.0,KL003,1,9.111616666108167,True,50.70195283870771,3.910815043528499,162.99999999999994,165.5846750214427,40.869990607688145,30.315501313528898,0.7532057762145996,0.4575798511505127,KL005,5.139465896065835,False,0.0,0.4575798511505127,True,False,False,False,True,False,True,9.45799048912491,5.444434192810242,6.202985867857933,11.298087313771248,0.4575798511505127
600.0,KL004,1,18.271368292941464,True,51.66584661582139,3.5478673925000828,162.99999999999994,165.5846750214427,18.324669967244134,-6.590421310174776,-0.21472054719924927,0.6993393898010254,KL0010,17.36840797585044,False,3.369613252580166,0.6993393898010254,False,False,False,False,False,False,False,32.12965284880984,0.0,6.590421572327614,-3.220808319747448,0.6993393898010254
600.0,KL005,1,34.01557873864136,True,50.62536618712027,3.8504965430978904,159.5698558018131,162.1073281443386,120.84973962653643,-92.0793786638074,0.36216068267822266,0.046936631202697754,KL003,5.139465896065835,False,5.000000000000002,1.0,True,False,False,False,True,False,True,9.45799048912491,5.583027881778384,45.0,0.0,0.046936631202697754
600.0,KL007,1,51.89404978830816,True,52.289700167554216,3.0423950747898125,162.85197433999159,165.43462109473646,103.50443003958999,35.72522160597654,0.22532212734222412,0.15120172500610352,KL008,16.88480530100313,False,3.350362367928028,0.15120172500610352,False,False,False,False,False,False,False,30.14728302658539,0.0,-0.029469616420101374,3.3798319843481295,0.15120172500610352
600.0,KL008,2,59.230817325335934,True,52.01057348936771,3.0982626591511373,162.60671196906935,165.18599636710553,59.13445950702232,8.005600518391248,0.49639177322387695,-0.055265188217163086,KL009,5.900380608535416,False,-0.5597240477800369,-0.055265188217163086,False,False,False,False,False,False,False,10.914912361721255,0.0,-8.005600646138191,7.445876598358154,-0.055265188217163086
600.0,KL009,2,52.66169617184663,True,51.93929179257486,3.208083715845457,162.99999999999994,165.5846750214427,78.4787687224298,5.371093342082702,0.5639386177062988,0.212235689163208,KL008,5.900380608535416,False,-0.20268894033506513,0.212235689163208,False,False,False,False,False,False,False,10.910507547878069,0.0,-8.661768212914467,8.459079272579402,0.212235689163208
600.0,KL0010,2,72.68611251559864,True,51.93930718026973,3.700440013677873,162.99999999999994,165.5846750214427,72.78578495415405,-7.825572576230769,-0.6360281705856323,0.7126760482788086,KL004,17.36840797585044,False,-1.7148497141897678,0.7126760482788086,False,False,False,False,False,False,False,32.12965284880984,0.0,7.8255727887153625,-9.54042250290513,0.7126760482788086
610.0,KL001,1,19.898566126596396,True,52.3224132744571,3.8528942377033,162.99999999999994,165.5846750214427,19.805628729171424,-0.20890087436137605,-0.16131514310836792,0.4562978744506836,KL0010,24.567124373952023,False,-2.210826203227043,0.4562978744506836,False,False,False,False,False,False,False,45.47452246164564,0.0,0.20890087354928255,-2.4197270767763257,0.4562978744506836
610.0,KL002,1,40.860324435897425,True,52.615047514422706,2.7259774113825412,162.99999999999994,165.5846750214427,40.789409231510795,-4.975503790688663,-0.24877214431762695,0.6404285430908203,KL007,22.663754046265858,False,1.2439216207712889,0.6404285430908203,False,False,False,False,False,False,False,40.360966722091256,0.0,4.975503757596016,-3.731582136824727,0.6404285430908203
610.0,KL003,1,7.51260992969129,True,50.699686545340555,3.934052479472864,162.99999999999994,165.5846750214427,39.45244783826099,31.527661029291863,0.7478086948394775,0.46419668197631836,KL005,6.072061261369498,False,18.693813979625702,0.46419668197631836,False,False,False,False,False,False,False,11.093879237045053,0.0,7.476683780550957,11.217130199074745,0.46419668197631836
610.0,KL004,1,16.62235376768108,True,51.65253475621664,3.537110555764531,162.99999999999994,165.5846750214427,16.67223173987607,-3.560822821734405,-0.4319584369659424,0.6037933826446533,KL0010,17.381625909934016,False,-2.918553538620472,0.6037933826446533,False,False,False,False,False,False,False,32.15141475363099,0.0,3.560822904109955,-6.479376442730427,0.6037933826446533
610.0,KL005,1,32.96721292051837,True,50.62462701266227,3.8271281984820904,162.9989758278047,165.5836368186249,120.79373854778139,-87.85255426054908,0.34749317169189453,0.0686495304107666,KL003,6.072061261369498,False,45.0,0.0686495304107666,False,False,False,False,False,False,False,11.093879237045053,0.0,45.0,0.0,0.0686495304107666
610.0,KL007,1,50.23486956983329,True,52.298121409465686,3.0624746563101226,162.99999999999994,165.5846750214427,102.22378188349538,39.65227312388322,0.1872396469116211,0.13122689723968506,KL008,16.593714741177,False,-0.6823774427175522,0.13122689723968506,False,False,False,False,False,False,False,30.209624385893466,0.0,-3.4909721463918686,2.8085947036743164,0.13122689723968506
610.0,KL008,1,40.12567039210661,True,52.022031231590084,3.0829428120983664,162.41665672300672,164.99333411965202,57.49787350226121,7.658044678375063,0.5081210136413574,-0.08733713626861572,KL009,5.899382102748088,False,-0.17237908788956702,-0.08733713626861572,False,False,False,False,False,False,False,10.890458489942011,0.0,-7.794194296002388,7.621815208112821,-0.08733713626861572
610.0,KL009,2,51.02643641932575,True,51.951064067756704,3.1932889603357166,162.99999999999994,165.5846750214427,76.82895212429487,5.278967351798769,0.6918489933013916,0.05192160606384277,KL008,5.899382102748088,False,1.644379198551178,0.05192160606384277,False,False,False,False,False,False,False,10.916680654807971,0.0,-8.733355700969696,10.377734899520874,0.05192160606384277
610.0,KL0010,2,71.054188341382,True,51.92453914658885,3.69733800657847,162.99999999999994,165.5846750214427,71.15388455959018,-9.76262831455034,-0.633406937122345,0.7048461437225342,KL004,17.381625909934016,False,0.2615245361812413,0.7048461437225342,False,False,False,False,False,False,False,32.15141475363099,0.0,9.762628600001335,-9.501104063820094,0.7048461437225342
620.0,KL001,1,18.238184108731907,True,52.33194520608444,3.8716146029105265,162.99999999999994,165.5846750214427,18.15119757543068,-2.6343788227519553,-0.10607069730758667,0.47230350971221924,KL0010,26.177845684197372,False,1.0433183703571558,0.47230350971221924,False,False,False,False,False,False,False,48.45691269649214,0.0,2.634378857910633,-1.5910604875534773,0.47230350971221924
620.0,KL002,1,39.20498970546963,True,52.601570935044215,2.7155450867837856,162.99999999999994,165.5846750214427,39.13743909086273,-3.889922631967295,-0.26960015296936035,0.6076090335845947,KL007,22.220682391988504,False,-0.1540797168854624,0.6076090335845947,False,False,False,False,False,False,False,40.30194574426257,0.0,3.889922574162483,-4.044002291047946,0.6076090335845947
620.0,KL003,1,5.905992320917464,True,50.6952334323837,3.9564089869386176,162.99999999999994,165.5846750214427,38.210810735571165,48.94734146688546,0.7666079998016357,0.32647621631622314,KL005,7.130597628116715,False,2.6905478350818157,0.32647621631622314,False,False,False,False,False,False,False,12.94637304431545,0.0,-8.808572217822075,11.49912005290389,0.32647621631622314
620.0,KL004,1,14.980836425457534,True,51.63893514854218,3.527335467586445,162.99999999999994,165.5846750214427,15.027845099428399,-7.1781766890750305,-0.2511853575706482,0.7198115587234497,KL0010,17.402262187198044,False,3.4103962406516075,0.7198115587234497,False,False,False,False,False,False,False,32.186867344365396,0.0,7.178176715970039,-3.767780475318432,0.7198115587234497
620.0,KL005,1,31.76867193984098,True,50.62627701951207,3.8038734499958102,162.99999999999994,165.5846750214427,120.49513774709278,-72.79126428499853,0.29325366020202637,0.20866835117340088,KL003,7.130597628116715,False,39.96659874916077,0.20866835117340088,False,False,False,False,False,False,False,12.94637304431545,0.0,35.56779474020004,4.398804008960724,0.20866835117340088
620.0,KL007,1,48.57488116695269,True,52.30664709493302,3.0824411296606025,162.99999999999994,165.5846750214427,100.94465928732616,39.555103656647304,0.20951414108276367,0.1556624174118042,KL008,16.412621643094628,False,0.23179549723863602,0.1556624174118042,False,False,False,False,False,False,False,30.222501295337597,0.0,-2.910916619002819,3.142712116241455,0.1556624174118042
620.0,KL008,1,38.494557403463084,True,52.03343948608356,3.067591445126239,162.1166072720877,164.6891662200701,55.86448685036335,7.704822188305343,0.5404738187789917,-0.1477745771408081,KL009,5.900259492152481,False,0.161061737453565,-0.1477745771408081,False,False,False,False,False,False,False,10.91546412568678,0.0,-7.94604554772377,8.107107285177335,-0.1477745771408081
620.0,KL009,2,49.40031231698933,True,51.963092238394786,3.1790424411473506,162.99999999999994,165.5846750214427,75.18432491537602,7.074425962049645,0.711524486541748,0.03787708282470703,KL008,5.900259492152481,False,-0.05111999635118991,0.03787708282470703,False,False,False,False,False,False,False,10.914552008729917,0.0,-10.72398729622364,10.67286729987245,0.03787708282470703
620.0,KL0010,2,69.42215616310385,True,51.909779536106065,3.694133301878717,162.99999999999994,165.5846750214427,69.5218613359067,-9.727872885151157,-0.6385658979415894,0.696624755859375,KL004,17.402262187198044,False,0.14938474050723016,0.696624755859375,False,False,False,False,False,False,False,32.186867344365396,0.0,9.72787320613861,-9.57848846563138,0.696624755859375
630.0,KL001,1,16.57652997837338,True,52.34128002144119,3.890603265715435,162.99999999999994,165.5846750214427,16.49597310799156,-1.7505377865461185,-0.12760460376739502,0.44158482551574707,KL0010,27.786811984944865,False,-0.1635312137659639,0.44158482551574707,False,False,False,False,False,False,False,51.436076860841375,0.0,1.750537846237421,-1.914069060003385,0.44158482551574707
630.0,KL002,1,37.55044422857546,True,52.5880773677061,2.7051756716039974,162.99999999999994,165.5846750214427,37.4861250097501,-4.223110593771565,-0.2695614695549011,0.6064651012420654,KL007,21.9067121577518,False,0.17968855798244476,0.6064651012420654,False,False,False,False,False,False,False,40.34093917161371,0.0,4.223110601305962,-4.043422043323517,0.6064651012420654
630.0,KL003,1,4.336946517165843,True,50.688436726820434,3.9773239831094918,162.99999999999994,165.5846750214427,37.20751438575177,53.63150108880126,0.7461627721786499,0.30795133113861084,KL005,8.16563645621513,False,-4.77651234716177,0.30795133113861084,False,False,False,False,False,False,False,14.753484565822783,0.0,-15.96895381808281,11.19244147092104,0.30795133113861084
630.0,KL004,1,13.33333333560913,True,51.62568012224968,3.5164043682705617,162.99999999999994,165.5846750214427,13.376644061354162,-4.260102501141773,-0.46292978525161743,0.6438840627670288,KL0010,17.422838255724546,False,-2.683844156563282,0.6438840627670288,False,False,False,False,False,False,False,32.221669871478504,0.0,4.2601026222109795,-6.9439467787742615,0.6438840627670288
630.0,KL005,1,30.334973357105383,True,50.631887103934055,3.782207329929535,162.99999999999994,165.5846750214427,119.78393626663795,-57.67000638109664,0.24749088287353516,0.2684561014175415,KL003,8.16563645621513,False,24.800761342048645,0.2684561014175415,False,False,False,False,False,False,False,14.753484565822783,0.0,21.08839899301529,3.7123623490333557,0.2684561014175415
630.0,KL007,1,46.915197472537585,True,52.31512331703582,3.1024676891850973,162.99999999999994,165.5846750214427,99.68068210487574,40.389970030953236,0.2339245080947876,0.13196325302124023,KL008,16.332637503575718,False,0.24821239756420255,0.13196325302124023,False,False,False,False,False,False,False,30.222093064949533,0.0,-3.260655216872692,3.5088676144368947,0.13196325302124023
630.0,KL008,1,36.87034981698143,True,52.04483853777901,3.0523361472913755,161.60928091495757,164.1748689823107,54.23768917393614,8.102301207417895,0.24866783618927002,0.5697287321090698,KL009,5.898526367203403,False,-4.7356656566262245,0.5697287321090698,False,False,False,False,False,False,False,10.917917678909294,0.0,-8.465683311223984,3.7300176545977592,0.5697287321090698
630.0,KL009,2,47.77567469387252,True,51.97511352379593,3.164776798013263,162.99999999999994,165.5846750214427,73.54008887029718,7.180144827844174,0.7262115478515625,0.008029460906982422,KL008,5.898526367203403,False,-0.1477633451577276,0.008029460906982422,False,False,False,False,False,False,False,10.917917678909294,0.0,-11.040936559438705,10.893173214280978,0.008029460906982422
630.0,KL0010,2,67.79051604753747,True,51.89502512953241,3.6908672926193393,162.99999999999994,165.5846750214427,67.89022927971692,-9.812543334476175,-0.6335992813110352,0.6858135461807251,KL004,17.422838255724546,False,0.30855394899845123,0.6858135461807251,False,False,False,False,False,False,False,32.221669871478504,0.0,9.812543168663979,-9.503989219665527,0.6858135461807251
640.0,KL001,1,14.915023696376284,True,52.35064791368751,3.909552254474443,162.99999999999994,165.5846750214427,14.841066807210707,-2.127334646546359,-0.12236100435256958,0.5507197380065918,KL007,28.917173417533682,False,0.2919194963760674,0.5507197380065918,False,False,False,False,False,False,False,53.52192712323919,0.0,2.1273345686495304,-1.835415072273463,0.5507197380065918
640.0,KL002,1,35.895951334060875,True,52.57460362126242,2.6947398544123815,162.99999999999994,165.5846750214427,35.834810097561174,-4.230729549394795,-0.5855334997177124,0.6502020359039307,KL007,21.73227740573209,False,-4.552272967994213,0.6502020359039307,False,False,False,False,False,False,False,37.742385249949585,0.0,4.230729416012764,-8.783002384006977,0.6502020359039307
640.0,KL003,1,2.7802319127375683,True,50.682625226063124,3.998959731639902,162.99999999999994,165.5846750214427,36.154532130404476,50.84247219635992,0.7332804203033447,0.3754345178604126,KL005,9.292984630352345,False,-7.285410091280937,0.3754345178604126,False,False,False,False,False,False,False,16.740477614353875,0.0,-18.28461617231369,10.999206081032753,0.3754345178604126
640.0,KL004,1,11.694236091469424,True,51.61215586418032,3.5063669451653654,162.99999999999994,165.5846750214427,11.734387835852926,-7.907134336083914,-0.2469465732574463,0.7476420402526855,KL0010,17.44947332635494,False,4.2029353603720665,0.7476420402526855,False,False,False,False,False,False,False,32.26765963059371,0.0,7.90713407099247,-3.7041987106204033,0.7476420402526855
640.0,KL005,1,28.749917367136614,True,50.641032104798946,3.7637707520714185,162.99999999999994,165.5846750214427,118.70743651170697,-42.44084895485997,0.09888160228729248,0.3144524097442627,KL003,9.292984630352345,False,7.39503800868988,0.3144524097442627,False,False,False,False,False,False,False,16.740477614353875,0.0,5.911813974380493,1.4832240343093872,0.3144524097442627
640.0,KL007,1,45.255937868288655,True,52.32354641874108,3.1225579564043913,162.99999999999994,165.5846750214427,98.43276471160434,41.259784652589616,0.2518235445022583,0.08433878421783447,KL008,16.40321039454104,False,0.13260628678835928,0.08433878421783447,False,False,False,False,False,False,False,30.363207119898433,0.0,-3.6447468772530556,3.777353164041415,0.08433878421783447
640.0,KL008,1,35.220086610764035,True,52.055594638857585,3.035606149054866,162.99999999999994,165.5846750214427,52.585978681599165,3.486839106630555,0.31865429878234863,0.5052648782730103,KL009,5.908691499251183,False,0.8541343733668327,0.5052648782730103,False,False,False,False,False,False,False,10.938215376731776,0.0,-3.9256801083683968,4.7798144817352295,0.5052648782730103
640.0,KL009,2,46.152114817363625,True,51.98711210343874,3.150457042572324,162.99999999999994,165.5846750214427,71.89591157499692,7.193036094271122,0.7244356870651245,0.12022268772125244,KL008,5.908691499251183,False,-0.4151912033557892,0.12022268772125244,False,False,False,False,False,False,False,10.938215376731776,0.0,-11.281726509332657,10.866535305976868,0.12022268772125244
640.0,KL0010,2,66.1585393649187,True,51.880281789114385,3.687473669075738,162.99999999999994,165.5846750214427,66.25823473152192,-9.74192289856208,-0.635192334651947,0.6895854473114014,KL004,17.44947332635494,False,0.21403759717941284,0.6895854473114014,False,False,False,False,False,False,False,32.26765963059371,0.0,9.741922616958618,-9.527885019779205,0.6895854473114014
650.0,KL001,1,13.253163099484683,True,52.35995670709288,3.9285831466823056,162.99999999999994,165.5846750214427,13.186099983573758,-2.0656113094559885,-0.12946337461471558,0.5024495124816895,KL007,28.874448434135367,False,0.12366061680950224,0.5024495124816895,False,False,False,False,False,False,False,53.521826433012464,0.0,2.0656112395226955,-1.9419506227131933,0.5024495124816895
650.0,KL002,1,34.257040314376525,True,52.56071129240588,2.685926652173598,162.99999999999994,165.5846750214427,34.19800776850756,-9.186978523870266,-0.5633396506309509,0.6845152378082275,KL007,21.634558919202718,False,0.7368835341185331,0.6845152378082275,False,False,False,False,False,False,False,35.15791939780457,0.0,9.18697826564312,-8.450094731524587,0.6845152378082275
650.0,KL003,1,1.2609505501864215,True,50.67838914877385,4.021475231432568,162.99999999999994,165.5846750214427,35.00509153020314,45.46582814450744,0.6920640468597412,0.4212847948074341,KL005,10.48213504697565,False,-17.03920617699623,0.4212847948074341,False,False,False,False,False,False,False,18.85554542927461,0.0,-27.420166432857513,10.380960255861282,0.4212847948074341
650.0,KL004,1,10.047697737448587,True,51.59906641251736,3.4949392290359964,162.99999999999994,165.5846750214427,10.083649268636437,-4.372639793161056,-0.3848971128463745,0.8446605205535889,KL0010,17.475898670424364,False,-1.40081693418324,0.8446605205535889,False,False,False,False,False,False,False,32.31257709768523,0.0,4.3726397305727005,-5.77345666475594,0.8446605205535889
650.0,KL005,1,27.115177119390772,True,50.6526251780069,3.7490543850142473,162.99999999999994,165.5846750214427,117.38033532018143,-35.51993310379339,-0.18444424867630005,0.38250696659088135,KL003,10.48213504697565,False,-4.306016340851784,0.38250696659088135,False,False,False,False,False,False,False,18.85554542927461,0.0,-1.5393524430692196,-2.766663897782564,0.38250696659088135
650.0,KL007,1,43.59699225127135,True,52.33194107627872,3.1426838864972257,162.99999999999994,165.5846750214427,97.19929995017921,42.03154034129989,0.22684919834136963,-0.19150596857070923,KL008,16.578952428662834,False,-0.5260833213105798,-0.19150596857070923,False,False,False,False,False,False,False,30.693905309246738,0.0,-3.928821310400963,3.402737989090383,-0.19150596857070923
650.0,KL008,1,33.57022434351939,True,52.066424527968024,3.0189817770212053,162.99999999999994,165.5846750214427,50.93451814350575,4.481431243813404,0.17097413539886475,0.5618243217468262,KL009,5.919953714307908,False,-2.4487520568072796,0.5618243217468262,False,False,False,False,False,False,False,10.960642124665226,0.0,-5.013364143669605,2.5646120868623257,0.5618243217468262
650.0,KL009,2,44.52825145648576,True,51.999046456901404,3.135992633040628,162.99999999999994,165.5846750214427,70.25089351155484,6.936359890555707,0.7330726385116577,0.1252049207687378,KL008,5.919953714307908,False,-0.2719697286374867,0.1252049207687378,False,False,False,False,False,False,False,10.960642124665226,0.0,-11.268059313297272,10.996089584659785,0.1252049207687378
650.0,KL0010,2,64.52670165390067,True,51.86554637625563,3.6839919778229264,162.99999999999994,165.5846750214427,64.6263665728332,-9.772395085926433,-0.6321465969085693,0.6841280460357666,KL004,17.475898670424364,False,0.2901962399482727,0.6841280460357666,False,False,False,False,False,False,False,32.31257709768523,0.0,9.772395193576813,-9.48219895362854,0.6841280460357666
660.0,KL001,1,11.591189011548197,True,52.369240392565445,3.9476509004562326,162.99999999999994,165.5846750214427,11.531268321223497,-2.220488657402285,-0.17237555980682373,0.47970855236053467,KL007,28.840266124488497,False,-0.3651447035372257,0.47970855236053467,False,False,False,False,False,False,False,53.567613930500706,0.0,2.2204886935651302,-2.585633397102356,0.47970855236053467
660.0,KL002,1,32.618409377949355,True,52.54684544922461,2.6769950671828755,162.99999999999994,165.5846750214427,32.561474883235945,-8.879554873381835,-0.562025785446167,0.687103271484375,KL007,21.667038845909982,False,0.4491680860519409,0.687103271484375,False,False,False,False,False,False,False,32.79464635415039,0.0,8.879554867744446,-8.430386781692505,0.687103271484375
660.0,KL003,2,33.02994470850399,True,50.676707962004954,4.044750144977309,162.99999999999994,165.5846750214427,33.700044740300925,31.31959515730145,0.5650992393493652,0.49893617630004883,KL005,11.868106489346307,False,-22.843105494976044,0.49893617630004883,False,False,False,False,False,False,False,21.339620730423555,0.0,-31.319594085216522,8.476488590240479,0.49893617630004883
660.0,KL004,1,8.40599062034159,True,51.585849564263654,3.4838961265815103,162.99999999999994,165.5846750214427,8.437945836761989,-6.905589757813971,-0.3804924488067627,0.8596048355102539,KL0010,17.50769186060558,False,1.1982031166553497,0.8596048355102539,False,False,False,False,False,False,False,32.36724469590761,0.0,6.90558984875679,-5.70738673210144,0.8596048355102539
660.0,KL005,1,25.481933381111592,True,50.663798294756546,3.733529086560934,162.99999999999994,165.5846750214427,116.1067302945195,-40.339143920729725,-0.19230961799621582,0.38405728340148926,KL003,11.868106489346307,False,-0.018571503896964714,0.38405728340148926,False,False,False,False,False,False,False,21.339620730423555,0.0,2.86607276648283,-2.8846442703797948,0.38405728340148926
660.0,KL007,1,41.94388746055768,True,52.340414079304246,3.162606169508662,162.342688491844,164.91835090910774,95.97289019527982,42.15167111286553,0.2420792579650879,-0.1821616291999817,KL008,16.897853311968017,False,0.0861427205381915,-0.1821616291999817,False,False,False,False,False,False,False,31.291785639826532,0.0,-3.5450461506843567,3.631188871222548,-0.1821616291999817
660.0,KL008,1,31.91594065360104,True,52.07682385380067,3.0016415941207892,162.99999999999994,165.5846750214427,49.27960111232295,2.1036021746043048,0.20302605628967285,0.5312986373901367,KL009,5.934412370050345,False,0.34565309062600136,0.5312986373901367,False,False,False,False,False,False,False,10.989117421218795,0.0,-2.6997377537190914,3.0453908443450928,0.5312986373901367
660.0,KL009,2,42.904968935558976,True,52.01093839928547,3.1214325119750823,162.99999999999994,165.5846750214427,68.60552548264899,6.824024060583611,0.5646274089813232,0.6424704790115356,KL008,5.934412370050345,False,-2.94806320220232,0.6424704790115356,False,False,False,False,False,False,False,10.989117421218795,0.0,-11.417474448680878,8.469411246478558,0.6424704790115356
660.0,KL0010,2,62.89467219071243,True,51.85082204011636,3.6803906318042916,162.99999999999994,165.5846750214427,62.9942806270017,-9.731811408285495,-0.7880405187606812,0.7667673826217651,KL004,17.50769186060558,False,-2.0887964218854904,0.7667673826217651,False,False,False,False,False,False,False,32.36724469590761,0.0,9.731811359524727,-11.820607781410217,0.7667673826217651
670.0,KL001,1,9.929969602728391,True,52.378598091543026,3.9666253810687855,162.99999999999994,165.5846750214427,9.877307131592445,-3.0185988132009243,-0.19277358055114746,0.4341580867767334,KL007,28.80513234433808,False,0.12699522078037262,0.4341580867767334,False,False,False,False,False,False,False,53.58919791961611,0.0,3.0185989290475845,-2.891603708267212,0.4341580867767334
670.0,KL002,1,30.97970210462261,True,52.533022604954375,2.6678878546612106,162.99999999999994,165.5846750214427,30.92488643521027,-8.881457839351754,-0.549654483795166,0.6874539852142334,KL007,21.840309736469198,False,0.6366406241431832,0.6874539852142334,False,False,False,False,False,False,False,30.331472462023402,0.0,8.881457895040512,-8.244817270897329,0.6874539852142334
670.0,KL003,2,31.560391337812362,True,50.6791121203341,4.067866787603128,162.99999999999994,165.5846750214427,32.18432582284894,16.62454185831774,0.406852126121521,0.6382795572280884,KL005,13.31860861958312,False,-10.521760135889053,0.6382795572280884,False,False,False,False,False,False,False,23.948368859654394,0.0,-16.62454202771187,6.102781891822815,0.6382795572280884
670.0,KL004,1,6.7648218119562795,True,51.572779069246536,3.4724138914931864,162.99999999999994,165.5846750214427,6.792390569796964,-7.097601490728806,-0.3885282278060913,0.8665686845779419,KL0010,17.553535464092473,False,1.269678371027112,0.8665686845779419,False,False,False,False,False,False,False,32.447099152686974,0.0,7.097601816058159,-5.827923445031047,0.8665686845779419
670.0,KL005,1,23.849170196916,True,50.6749027836165,3.717874176064321,162.99999999999994,165.5846750214427,114.85013924370466,-40.886684029678634,-0.22462308406829834,0.3650956153869629,KL003,13.31860861958312,False,-0.34359656972810626,0.3650956153869629,False,False,False,False,False,False,False,23.948368859654394,0.0,3.025749698281288,-3.3693462680093944,0.3650956153869629
670.0,KL007,1,40.29736429753135,True,52.34883627617916,3.182476423568901,161.71742666616677,164.2845014784281,94.76532936304328,42.899172170022496,0.25243210792541504,-0.18719834089279175,KL008,17.312764274429554,False,-0.0018177553465648089,-0.18719834089279175,False,False,False,False,False,False,False,32.069518515272016,0.0,-3.78829937428236,3.7864816189357953,-0.18719834089279175
670.0,KL008,1,30.26203738151673,True,52.08727136364799,2.9843738661046504,162.99999999999994,165.5846750214427,47.62503475183242,2.534076783382318,0.18867063522338867,0.5414849519729614,KL009,5.943435811351504,False,-0.3790395939722657,0.5414849519729614,False,False,False,False,False,False,False,11.007522341839378,0.0,-3.2090991362929344,2.8300595423206687,0.5414849519729614
670.0,KL009,2,41.269346252059805,True,52.02237609859519,3.1059387150735436,162.99999999999994,165.5846750214427,66.95328836101423,3.9745860033203257,0.5836899280548096,0.6252471208572388,KL008,5.943435811351504,False,-0.05744643684010953,0.6252471208572388,False,False,False,False,False,False,False,11.007522341839378,0.0,-8.812795355916023,8.755348919075914,0.6252471208572388
670.0,KL0010,2,61.27492889008148,True,51.83602796531252,3.677640356309012,162.99999999999994,165.5846750214427,61.37485511471629,-12.137785070462144,-0.7720722556114197,0.7735660076141357,KL004,17.553535464092473,False,0.5567018687725067,0.7735660076141357,False,False,False,False,False,False,False,32.447099152686974,0.0,12.137785702943802,-11.581083834171295,0.7735660076141357
680.0,KL001,1,8.26906705099512,True,52.38793009200302,3.9856378117739903,162.99999999999994,165.5846750214427,8.223912777483633,-3.473176098507736,-0.20843803882598877,0.40638792514801025,KL007,28.774325366956454,False,0.34660544246435165,0.40638792514801025,False,False,False,False,False,False,False,53.61716327769966,0.0,3.473176024854183,-3.1265705823898315,0.40638792514801025
680.0,KL002,1,29.34014270878165,True,52.51926216107214,2.6585316195822064,162.99999999999994,165.5846750214427,29.287506388863868,-8.710624114217353,-0.545685887336731,0.6906421184539795,KL007,22.15239724745041,False,0.5253356555476785,0.6906421184539795,False,False,False,False,False,False,False,27.94397799774135,0.0,8.710623979568481,-8.185288324020803,0.6906421184539795
680.0,KL003,2,29.969079188761622,True,50.68515317082743,4.089307567155542,162.99999999999994,165.5846750214427,30.55364143606107,6.591865193271957,0.2963833808898926,0.7035701274871826,KL005,14.72911863876349,False,-2.146114557981491,0.7035701274871826,False,False,False,False,False,False,False,26.489172484949705,0.0,-6.59186527132988,4.445750713348389,0.7035701274871826
680.0,KL004,1,5.125160411097815,True,51.55986989392487,3.4604718406307042,162.99999999999994,165.5846750214427,5.147924728698679,-7.7007197288383225,-0.1947464942932129,0.7988996505737305,KL0010,17.602427831170193,False,4.779522456228733,0.7988996505737305,False,False,False,False,False,False,False,32.532068879680914,0.0,7.700719982385635,-2.9211975261569023,0.7988996505737305
680.0,KL005,1,22.217129632165328,True,50.68594757270799,3.7021107591977938,162.99999999999994,165.5846750214427,113.61014682833698,-41.7746058112167,-0.24923688173294067,0.3682539463043213,KL003,14.72911863876349,False,-0.18172747688367963,0.3682539463043213,False,False,False,False,False,False,False,26.489172484949705,0.0,3.556825742125511,-3.738553219009191,0.3682539463043213
680.0,KL007,1,38.65749198069079,True,52.35722546338037,3.2022712211558875,161.07489278498662,163.63312813019954,93.57539498071114,43.57294332994732,0.2524670362472534,-0.18771398067474365,KL008,17.82602981301889,False,-0.16942810267210007,-0.18771398067474365,False,False,False,False,False,False,False,33.0313971246414,0.0,-3.9564336463809013,3.7870055437088013,-0.18771398067474365
680.0,KL008,1,28.60758092266568,True,52.097648445434,2.966989992721494,162.99999999999994,165.5846750214427,45.97015612751667,2.2323684386912532,0.19885623455047607,0.5332732200622559,KL009,5.953612973805319,False,-0.007577128490083851,0.5332732200622559,False,False,False,False,False,False,False,11.02814796928229,0.0,-2.9904206469655037,2.98284351847542,0.5332732200622559
680.0,KL009,2,39.63418235753273,True,52.03378173639297,3.090377713962597,162.99999999999994,165.5846750214427,65.30084286993092,4.015876277597897,0.5905086994171143,0.6187719106674194,KL008,5.953612973805319,False,-0.26118747889995575,0.6187719106674194,False,False,False,False,False,False,False,11.02814796928229,0.0,-9.11881797015667,8.857630491256714,0.6187719106674194
680.0,KL0010,2,59.65409676483189,True,51.82124942311366,3.6746796613405404,162.99999999999994,165.5846750214427,59.75429741285691,-11.901655459875997,-0.6814689636230469,0.8862112760543823,KL004,17.602427831170193,False,1.6796215809881687,0.8862112760543823,False,False,False,False,False,False,False,32.532068879680914,0.0,11.901656091213226,-10.222034510225058,0.8862112760543823
690.0,KL001,1,6.608412852065404,True,52.39719172108161,4.004746406441889,162.99999999999994,165.5846750214427,6.57107760650259,-3.9136174513603237,-0.5446030497550964,0.4071277379989624,KL007,28.751135812648638,False,-4.255428202450275,0.4071277379989624,False,False,False,False,False,False,False,53.58181576397955,0.0,3.913617543876171,-8.169045746326447,0.4071277379989624
690.0,KL002,1,27.70033231901238,True,52.50555448769865,2.6489713966110062,162.99999999999994,165.5846750214427,27.649905257666184,-8.675070689300583,-0.34538042545318604,0.6070666313171387,KL007,22.593551741984818,False,3.494364134967327,0.6070666313171387,False,False,False,False,False,False,False,26.271256056272687,0.0,8.675070628523827,-5.1807064935564995,0.6070666313171387
690.0,KL003,2,28.355216371715954,True,50.692384527727626,4.109855428475733,162.99999999999994,165.5846750214427,28.903507381892155,4.703005638522029,0.4075390100479126,0.8081076145172119,KL005,16.111780968682492,False,1.4100793562829494,0.8081076145172119,False,False,False,False,False,False,False,28.98165599120484,0.0,-4.703005738556385,6.1130850948393345,0.8081076145172119
690.0,KL005,1,20.585629705648373,True,50.696960625991395,3.6862884175132393,162.99999999999994,165.5846750214427,112.38417678638633,-42.514572480232914,0.06193375587463379,0.28044307231903076,KL003,16.111780968682492,False,4.899652898311615,0.28044307231903076,False,False,False,False,False,False,False,28.98165599120484,0.0,3.970646671950817,0.9290062263607979,0.28044307231903076
690.0,KL007,1,37.02401137298271,True,52.36561673630083,3.2219501997687745,160.4305924919308,162.9799492002017,92.40010992301363,44.09148224120861,0.35536766052246094,-0.2500731945037842,KL008,18.424879938637872,False,1.366480216383934,-0.2500731945037842,False,False,False,False,False,False,False,34.15364505874683,0.0,-3.96403469145298,5.330514907836914,-0.2500731945037842
690.0,KL008,1,26.95315491877678,True,52.10802411469913,2.949599841016764,162.99999999999994,165.5846750214427,44.31536023543935,2.3076169299206413,0.3718891143798828,0.07166624069213867,KL009,5.964387257907312,False,2.41629833355546,0.07166624069213867,False,False,False,False,False,False,False,11.04994961468017,0.0,-3.1620384380221367,5.578336771577597,0.07166624069213867
690.0,KL009,2,37.999311554100395,True,52.04514361117137,3.074728385910313,162.99999999999994,165.5846750214427,63.64811238706977,3.8518066319561513,0.6268097162246704,0.13061940670013428,KL008,5.964387257907312,False,0.1612745225429535,0.13061940670013428,False,False,False,False,False,False,False,11.04994961468017,0.0,-9.240871220827103,9.402145743370056,0.13061940670013428
690.0,KL0010,2,58.02588553604674,True,51.806530480857404,3.6710245872720746,162.99999999999994,165.5846750214427,58.1260986296726,-10.513576984287994,-0.10434365272521973,0.8676550388336182,KL009,26.31920128342658,False,8.94842192530632,0.8676550388336182,False,False,False,False,False,False,False,48.65366368950898,0.0,10.513576716184616,-1.565154790878296,0.8676550388336182
700.0,KL002,1,26.049774546433955,True,52.4922017065508,2.6381457790610767,162.99999999999994,165.5846750214427,26.0022067480091,-5.5252052646414995,-0.05436813831329346,0.5058025121688843,KL007,23.216699207341637,False,4.709683433175087,0.5058025121688843,False,False,False,False,False,False,False,25.113653795782586,0.0,5.52520539611578,-0.8155219629406929,0.5058025121688843
700.0,KL003,2,26.74665938242682,True,50.69930636335674,4.130670440443834,162.99999999999994,165.5846750214427,27.258039324214995,6.48318047590908,0.1772843599319458,0.7231924533843994,KL005,17.456303236378762,False,-3.8239147514104843,0.7231924533843994,False,False,False,False,False,False,False,31.40710166455339,0.0,-6.483180150389671,2.659265398979187,0.7231924533843994
700.0,KL005,1,18.948859338721057,True,50.70870485925852,3.6718387438013336,162.99999999999994,165.5846750214427,111.08655068058053,-38.13652889790467,0.2847936153411865,-0.030476689338684082,KL003,17.456303236378762,False,3.239912688732147,-0.030476689338684082,False,False,False,False,False,False,False,31.40710166455339,0.0,-1.0319914855062962,4.271904174238443,-0.030476689338684082
700.0,KL007,1,35.402580041310515,True,52.373675788195634,3.241848196245265,159.57242542189385,162.10993328306577,91.2722677260702,46.176592449612485,-0.14015960693359375,-0.015686213970184326,KL008,19.055438061778318,False,-7.687942609190941,-0.015686213970184326,False,False,False,False,False,False,False,35.33642524618454,0.0,-5.5855487287044525,-2.1023938804864883,-0.015686213970184326
700.0,KL008,1,25.304332537707428,True,52.118825886748404,2.9329078907546555,162.99999999999994,165.5846750214427,42.664698742209126,4.903256319468028,0.42671942710876465,0.11024856567382812,KL009,5.972561945929784,False,0.4679965227842331,0.11024856567382812,False,False,False,False,False,False,False,11.066930598949215,0.0,-5.932794883847237,6.40079140663147,0.11024856567382812
700.0,KL009,2,36.3668763791242,True,52.05653253609131,3.0591271411358494,162.99999999999994,165.5846750214427,61.99588288549304,4.119654836905681,0.6490330696105957,0.3646833896636963,KL008,5.972561945929784,False,-0.09128965437412262,0.3646833896636963,False,False,False,False,False,False,False,11.066930598949215,0.0,-9.826785698533058,9.735496044158936,0.3646833896636963
700.0,KL0010,2,56.37671025631611,True,51.79220179485765,3.6645616357106534,162.99999999999994,165.5846750214427,56.47567799502802,-1.6730064853596218,-0.3790755271911621,0.17595946788787842,KL009,27.46662260421835,False,-4.013126492500305,0.17595946788787842,False,False,False,False,False,False,False,50.77683774859937,0.0,1.6730064153671265,-5.686132907867432,0.17595946788787842
710.0,KL002,1,24.39093763328386,True,52.47940405599936,2.625649875594399,162.99999999999994,165.5846750214427,24.347111807421427,-0.9029491582792843,-0.1394234299659729,0.25804340839385986,KL008,23.552221389689958,False,-1.1884023249149323,0.25804340839385986,False,False,False,False,False,False,False,22.852113894880468,0.0,0.9029491525143385,-2.0913514774292707,0.25804340839385986
710.0,KL003,2,25.127952112461326,True,50.70702719195049,4.150774043839744,162.99999999999994,165.5846750214427,25.60481624038309,2.84963611122015,0.2220773696899414,0.7468230724334717,KL005,18.73053809451944,False,0.4815243696793914,0.7468230724334717,False,False,False,False,False,False,False,33.70780225571468,0.0,-2.8496361896395683,3.3311605593189597,0.7468230724334717
710.0,KL005,1,17.31607455171176,True,50.72099244486454,3.6585809597649224,162.89495880201216,165.47819461687914,109.73613859570379,-35.3877287457629,0.2695963382720947,0.004747271537780762,KL003,18.73053809451944,False,-0.6859192997217178,0.004747271537780762,False,False,False,False,False,False,False,33.70780225571468,0.0,-4.729864373803139,4.043945074081421,0.004747271537780762
710.0,KL007,1,33.77608798023138,True,52.382996109607376,3.2601810180507558,159.5181209153291,162.0548781008015,90.03835022389038,39.144287214144725,-0.06006801128387451,0.06889569759368896,KL008,19.77099041784832,False,1.2208675313740969,0.06889569759368896,False,False,False,False,False,False,False,36.677582308524094,0.0,2.1218876726925373,-0.9010201413184404,0.06889569759368896
710.0,KL008,1,23.65822595671684,True,52.129725906863634,2.916381800728737,162.99999999999994,165.5846750214427,41.015894360462084,5.587131827387907,0.4113011360168457,0.10983562469482422,KL009,5.9796289178696105,False,-0.6730616698041558,0.10983562469482422,False,False,False,False,False,False,False,11.081877375863366,0.0,-6.84257872402668,6.169517054222524,0.10983562469482422
710.0,KL009,2,34.73594589647237,True,52.06790616031188,3.043492425733011,162.99999999999994,165.5846750214427,60.34369966675623,4.138288395051518,0.6491650342941284,0.34219133853912354,KL008,5.9796289178696105,False,-0.45797713100910187,0.34219133853912354,False,False,False,False,False,False,False,11.081877375863366,0.0,-10.195452645421028,9.737475514411926,0.34219133853912354
710.0,KL0010,2,54.7297184083353,True,51.77775402237812,3.658738260516516,162.99999999999994,165.5846750214427,54.82770963945404,-5.84854977672444,-0.41582024097442627,0.17893803119659424,KL009,28.678969821241857,False,-0.38875354919582605,0.17893803119659424,False,False,False,False,False,False,False,53.02007214029116,0.0,5.848550051450729,-6.237303600646555,0.17893803119659424
720.0,KL002,1,22.732900171818216,True,52.46650966874365,2.6134211885988345,162.99999999999994,165.5846750214427,22.69253255743134,-2.244258206072118,-0.14916229248046875,0.25682783126831055,KL008,22.215791879875155,False,0.00682387501001358,0.25682783126831055,False,False,False,False,False,False,False,20.925380608100607,0.0,2.244258262217045,-2.2374343872070312,0.25682783126831055
720.0,KL003,2,23.50972775281019,True,50.71470596771002,4.170923016041559,162.99999999999994,165.5846750214427,23.952143086826513,3.5610198538992677,0.2113105058670044,0.7479872703552246,KL005,20.01517962476087,False,-0.39136212319135666,0.7479872703552246,False,False,False,False,False,False,False,36.02840514637969,0.0,-3.5610197111964226,3.169657588005066,0.7479872703552246
720.0,KL005,1,15.683223154519908,True,50.73320602041522,3.645144648812291,162.9107229730619,165.4941748038053,108.40258277543496,-36.583269293861406,0.27099084854125977,-0.008625507354736328,KL003,20.01517962476087,False,-0.47880972269922495,-0.008625507354736328,False,False,False,False,False,False,False,36.02840514637969,0.0,-4.54367246478796,4.064862742088735,-0.008625507354736328
720.0,KL007,1,32.145998458034946,True,52.39238287939692,3.2784939746068034,159.75390096060045,162.29391667653215,88.80949713556727,41.037167552834376,-0.08617031574249268,0.05710732936859131,KL008,20.554321757925834,False,-0.3583279950544238,0.05710732936859131,False,False,False,False,False,False,False,38.14579102403769,0.0,0.9342267271131277,-1.2925547221675515,0.05710732936859131
720.0,KL008,1,22.011126628941945,True,52.14050599018123,2.8996442261980286,162.99999999999994,165.5846750214427,39.3659277939389,5.119925538273947,0.41148197650909424,0.08624494075775146,KL009,5.987155251535093,False,-0.454365536570549,0.08624494075775146,False,False,False,False,False,False,False,11.097717848237703,0.0,-6.626595184206963,6.172229647636414,0.08624494075775146
720.0,KL009,2,33.104849499845066,True,52.07920258981392,3.0277063334312553,162.99999999999994,165.5846750214427,58.690880847016615,3.7835908950682438,0.6349585056304932,0.34641051292419434,KL008,5.987155251535093,False,-0.695514022372663,0.34641051292419434,False,False,False,False,False,False,False,11.097717848237703,0.0,-10.219891592860222,9.524377570487559,0.34641051292419434
720.0,KL0010,2,53.0851591996085,True,51.76326109705519,3.653208770294493,162.99999999999994,165.5846750214427,53.18229566550913,-6.432103728013061,-0.4196746349334717,0.17375636100769043,KL009,29.9385457629317,False,0.13698398717679083,0.17375636100769043,False,False,False,False,False,False,False,55.3506227970238,0.0,6.432103514671326,-6.295119527494535,0.17375636100769043
730.0,KL002,1,21.075164467201102,True,52.453616168753236,2.6011935628103133,162.99999999999994,165.5846750214427,21.038132104660654,-2.4138546889060706,-0.15190303325653076,0.26359987258911133,KL008,20.893594461258967,False,0.13530917814932764,0.26359987258911133,False,False,False,False,False,False,False,19.199239913279612,0.0,2.4138546735048294,-2.2785454953555018,0.26359987258911133
730.0,KL003,2,21.89076685120725,True,50.72247171414142,4.190991996977618,162.99999999999994,165.5846750214427,22.299178420524896,3.4046181239664293,0.208746075630188,0.7523107528686523,KL005,21.303786114284883,False,-0.27342696441337466,0.7523107528686523,False,False,False,False,False,False,False,38.357261104769684,0.0,-3.404618091881275,3.1311911274679005,0.7523107528686523
730.0,KL005,1,14.05100798357007,True,50.745345854784695,3.631546541467575,162.8806234549626,165.46366282529178,107.08644339270018,-37.59007259009314,0.2709476947784424,-0.019073426723480225,KL003,21.303786114284883,False,-0.5604124953970313,-0.019073426723480225,False,False,False,False,False,False,False,38.357261104769684,0.0,-4.624627903103828,4.064215407706797,-0.019073426723480225
730.0,KL007,1,30.513974771005934,True,52.40185090318761,3.2967365123273353,159.94925055523953,162.4919645407137,87.58497714701286,41.36553475249514,-0.09491086006164551,0.06316685676574707,KL008,21.394916672611664,False,-0.07548934780061245,0.06316685676574707,False,False,False,False,False,False,False,39.72146634576359,0.0,1.3481735531240702,-1.4236629009246826,0.06316685676574707
730.0,KL008,1,20.363837628586456,True,52.151204265346045,2.882763833266758,162.99999999999994,165.5846750214427,37.7153850205888,4.869607442615973,0.3369922637939453,0.03618025779724121,KL009,5.993933715627477,False,-1.6111263446509838,0.03618025779724121,False,False,False,False,False,False,False,11.112183669678048,0.0,-6.666010245680809,5.054883901029825,0.03618025779724121
730.0,KL009,2,31.47248675703723,True,52.09038040767932,3.0116942797670543,162.99999999999994,165.5846750214427,57.0371089292167,3.177275202625367,0.6384599208831787,0.328055739402771,KL008,5.993933715627477,False,-0.4435450443997979,0.328055739402771,False,False,False,False,False,False,False,11.112183669678048,0.0,-10.020443871617317,9.57689882721752,0.328055739402771
730.0,KL0010,2,51.44083225055307,True,51.74877639399752,3.6476250946537414,162.99999999999994,165.5846750214427,51.537076002860296,-6.497963098617447,-0.42821788787841797,0.169378399848938,KL009,31.228581949949213,False,0.07469482719898224,0.169378399848938,False,False,False,False,False,False,False,57.73747805788243,0.0,6.497963145375252,-6.4232683181762695,0.169378399848938
740.0,KL002,1,19.41758028223063,True,52.44074029991135,2.5889195903508173,162.99999999999994,165.5846750214427,19.383787182555363,-2.4735118068073234,-0.23273158073425293,0.33484506607055664,KL008,19.593741046039238,False,-1.0174618754535913,0.33484506607055664,False,False,False,False,False,False,False,17.60886582911776,0.0,2.47351186349988,-3.490973738953471,0.33484506607055664
740.0,KL003,2,20.271370152714134,True,50.73029800828111,4.211005545785288,162.99999999999994,165.5846750214427,20.64614876152799,3.3819077324823468,0.20449960231781006,0.7557636499404907,KL005,22.59763850329623,False,-0.31441380036994815,0.7557636499404907,False,False,False,False,False,False,False,40.696606627397074,0.0,-3.3819078281521797,3.0674940277822316,0.7557636499404907
740.0,KL005,1,12.419805403767057,True,50.75739607008844,3.6177634667608123,162.8146915695525,165.39682734630608,105.7901947739455,-38.6981420235997,0.2690941095352173,-0.03261357545852661,KL003,22.59763850329623,False,-0.6604025652632117,-0.03261357545852661,False,False,False,False,False,False,False,40.696606627397074,0.0,-4.696814194321632,4.036411629058421,-0.03261357545852661
740.0,KL007,1,28.879637719899343,True,52.41134637159412,3.314987084404499,160.1653814463845,162.71107915461195,86.37033209106531,41.99602562805907,-0.1139172911643982,0.07795131206512451,KL009,21.99920201190984,False,-0.21917413221672177,0.07795131206512451,False,False,False,False,False,False,False,40.78213077836984,0.0,1.4895852282643318,-1.7087593604810536,0.07795131206512451
740.0,KL008,1,18.712869389895967,True,52.16160760719669,2.865396687617633,162.99999999999994,165.5846750214427,36.062053382008976,3.4077509865140314,0.34115636348724365,-0.007307529449462891,KL009,6.003173180479473,False,-0.3761280560865998,-0.007307529449462891,False,False,False,False,False,False,False,11.131319064030633,0.0,-5.493473522365093,5.117345466278493,-0.007307529449462891
740.0,KL009,2,29.840211200722553,True,52.10148172298271,2.9955378570732014,162.99999999999994,165.5846750214427,55.382855797238925,2.815068284869028,0.6397905349731445,0.31616389751434326,KL008,6.003173180479473,False,-0.5057895183563232,0.31616389751434326,False,False,False,False,False,False,False,11.131319064030633,0.0,-10.102647542953491,9.596858024597168,0.31616389751434326
740.0,KL0010,2,49.79696488037774,True,51.73429620927364,3.642012718354377,162.99999999999994,165.5846750214427,49.89229040569633,-6.63701325503007,-0.4351431131362915,0.16615962982177734,KL009,32.54493246472431,False,0.10986685403622687,0.16615962982177734,False,False,False,False,False,False,False,60.17298275761528,0.0,6.637013554573059,-6.527146700536832,0.16615962982177734
750.0,KL002,1,17.762306278676338,True,52.42773362007059,2.577026172412954,162.99999999999994,165.5846750214427,17.73141294930219,-3.8173446904675643,-0.23262429237365723,0.3373008966445923,KL008,18.297414676005342,False,0.32798028783872724,0.3373008966445923,False,False,False,False,False,False,False,17.671252583103474,0.0,3.817344680428505,-3.4893643925897777,0.3373008966445923
750.0,KL003,2,18.651468481313724,True,50.73819370586166,4.2309542973156,162.99999999999994,165.5846750214427,18.993013230994016,3.334516391219438,0.20050406455993652,0.760008692741394,KL005,23.89685737926053,False,-0.3269555792212486,0.760008692741394,False,False,False,False,False,False,False,43.04659900772085,0.0,-3.3345165476202965,3.007560968399048,0.760008692741394
750.0,KL005,1,10.790101025915567,True,50.769336746473876,3.6037678383380163,162.70232223830624,165.28291763693804,104.51686568663084,-39.927308191786494,0.268932580947876,-0.044231534004211426,KL003,23.89685737926053,False,-0.7255150750279427,-0.044231534004211426,False,False,False,False,False,False,False,43.04659900772085,0.0,-4.759503789246082,4.03398871421814,-0.044231534004211426
750.0,KL007,1,27.24262842596136,True,52.4209002177988,3.3332121616494392,160.43221681345187,162.98159592401836,85.16296206778652,42.50101994584995,-0.12116885185241699,0.08060777187347412,KL009,22.6286771688266,False,-0.0220208233804442,0.08060777187347412,False,False,False,False,False,False,False,41.96332334333171,0.0,1.7955119535326958,-1.81753277691314,0.08060777187347412
750.0,KL008,1,17.06212029469675,True,52.171938623407094,2.847916417976353,162.9744203706121,165.5587449531957,34.408634900824666,3.1770495174521898,0.3363691568374634,-0.022452890872955322,KL009,6.012077663346031,False,-0.5579523229971528,-0.022452890872955322,False,False,False,False,False,False,False,11.149865683491514,0.0,-5.603489689528942,5.045537366531789,-0.022452890872955322
750.0,KL009,2,28.207858505409842,True,52.11249498820368,2.9792185013747554,162.99999999999994,165.5846750214427,53.72810619225894,2.380117188830013,0.6392918825149536,0.2979012727737427,KL008,6.012077663346031,False,-0.5644679954275489,0.2979012727737427,False,False,False,False,False,False,False,11.149865683491514,0.0,-10.153846219182014,9.589378223754466,0.2979012727737427
750.0,KL0010,2,48.153489824679795,True,51.719822715178324,3.636357323390331,162.99999999999994,165.5846750214427,48.24786488731646,-6.751700743758107,-0.20395445823669434,0.5242664813995361,KL009,33.883561836310115,False,3.6923839151859283,0.5242664813995361,False,False,False,False,False,False,False,62.649658064535615,0.0,6.751700788736343,-3.059316873550415,0.5242664813995361
760.0,KL002,1,16.107104128201325,True,52.41476866133065,2.565014367881809,162.99999999999994,165.5846750214427,16.07905705120557,-3.8490579440389467,-0.21832680702209473,0.3384835720062256,KL008,17.026791126257393,False,0.5741556733846664,0.3384835720062256,False,False,False,False,False,False,False,17.784537818609085,0.0,3.8490577787160873,-3.274902105331421,0.3384835720062256
760.0,KL003,2,17.031062630107865,True,50.74616132313524,4.250834903796539,162.99999999999994,165.5846750214427,17.339782625453125,3.294357348766084,0.19389963150024414,0.7627153396606445,KL005,25.201461167583876,False,-0.3858630498871207,0.7627153396606445,False,False,False,False,False,False,False,45.407224060177896,0.0,-3.294357508420944,2.9084944585338235,0.7627153396606445
760.0,KL005,1,9.162443203500398,True,50.78115333128411,3.589543971067627,162.55010800339758,165.12861609692482,103.26893552624162,-41.24368764660477,0.2661747932434082,-0.058918535709381104,KL003,25.201461167583876,False,-0.8912669587880373,-0.058918535709381104,False,False,False,False,False,False,False,45.407224060177896,0.0,-4.883888885378838,3.9926219265908003,-0.058918535709381104
760.0,KL007,1,25.60269259748816,True,52.43047474150366,3.3514664491366166,160.70816199870418,163.26134551529154,83.96712069119405,43.22485824935063,-0.14477092027664185,0.08483099937438965,KL009,23.320406982569704,False,-0.2549794432707131,0.08483099937438965,False,False,False,False,False,False,False,43.2614343386373,0.0,1.9165843538939953,-2.1715637971647084,0.08483099937438965
760.0,KL008,1,15.411740871651324,True,52.18215988876582,2.830277260133595,162.89689788702682,165.48016027359037,32.755432563869704,2.751041820033265,0.34200894832611084,-0.041274845600128174,KL009,6.020531708904611,False,-0.44504909310489893,-0.041274845600128174,False,False,False,False,False,False,False,11.167613202165427,0.0,-5.5751833319664,5.130134238861501,-0.041274845600128174
760.0,KL009,2,26.575288878722006,True,52.12340897528395,2.9627192262222017,162.99999999999994,165.5846750214427,52.072891225535024,1.8731235716333003,0.6104041337966919,0.2418602705001831,KL008,6.020531708904611,False,-1.023704381659627,0.2418602705001831,False,False,False,False,False,False,False,11.167613202165427,0.0,-10.179766416549683,9.156062034890056,0.2418602705001831
760.0,KL0010,2,46.502478279622984,True,51.70558550387267,3.6293173068683036,162.99999999999994,165.5846750214427,46.59516142037974,-3.177857672898824,-0.1968861222267151,0.5023888349533081,KL009,35.19657657998604,False,0.22456593811511993,0.5023888349533081,False,False,False,False,False,False,False,65.07910442177935,0.0,3.1778577715158463,-2.9532918334007263,0.5023888349533081
770.0,KL002,1,14.451522766444507,True,52.401877760689736,2.5527937184285707,162.99999999999994,165.5846750214427,14.426316098344236,-3.651140117660418,-0.21763193607330322,0.3383599519729614,KL008,15.789402313147173,False,0.38666121661663055,0.3383599519729614,False,False,False,False,False,False,False,17.85660988078664,0.0,3.651140257716179,-3.2644790410995483,0.3383599519729614
770.0,KL003,2,15.410051222855506,True,50.75421348388397,4.270633654148568,162.99999999999994,165.5846750214427,15.686396351228407,3.2151134452886936,0.1912996768951416,0.7660220861434937,KL005,26.512159879542537,False,-0.34561815904453397,0.7660220861434937,False,False,False,False,False,False,False,47.77970251159177,0.0,-3.2151133194565773,2.8694951604120433,0.7660220861434937
770.0,KL005,1,7.5374038311538305,True,50.79281405696977,3.5750455683812263,162.34752331907288,164.92325208502706,102.0510365610812,-42.74999120127984,0.2671656608581543,-0.07441556453704834,KL003,26.512159879542537,False,-1.0076180007308722,-0.07441556453704834,False,False,False,False,False,False,False,47.77970251159177,0.0,-5.015102885663509,4.007484884932637,-0.07441556453704834
770.0,KL007,1,23.959984902130756,True,52.440116062558744,3.3696874476097762,160.99859040147498,163.5557750552631,82.77875384086016,43.73495551467528,-0.16105449199676514,0.08653783798217773,KL009,24.077837697959257,False,-0.11438414454460144,0.08653783798217773,False,False,False,False,False,False,False,44.682778662869794,0.0,2.3014332354068756,-2.415817379951477,0.08653783798217773
770.0,KL008,1,13.762841625229921,True,52.19228800528415,2.812520567379189,162.75482337172733,165.33613852161525,31.10329735928236,2.428249576231565,0.3370554447174072,-0.05813026428222656,KL009,6.026595356488875,False,-0.6763540813699365,-0.05813026428222656,False,False,False,False,False,False,False,11.180899302406248,0.0,-5.7321857661008835,5.055831684730947,-0.05813026428222656
770.0,KL009,2,24.9403519783582,True,52.13414021829226,2.9459009466719275,162.99999999999994,165.5846750214427,50.41711706312082,0.8771833928229285,0.6109399795532227,0.21348023414611816,KL008,6.026595356488875,False,-0.5922793596982956,0.21348023414611816,False,False,False,False,False,False,False,11.180899302406248,0.0,-9.756379052996635,9.16409969329834,0.21348023414611816
770.0,KL0010,2,44.85088425436015,True,51.691385113398354,3.6220835314279056,162.99999999999994,165.5846750214427,44.94173137672119,-3.0625194438994754,-0.20553278923034668,0.49855756759643555,KL009,36.52183316100961,False,-0.02047240690444596,0.49855756759643555,False,False,False,False,False,False,False,67.5311093692188,0.0,3.0625194311141968,-3.0829918380186427,0.49855756759643555
780.0,KL002,1,12.796003022975384,True,52.38903746384781,2.540434347422925,162.99999999999994,165.5846750214427,12.77358794813357,-3.6879864914971847,-0.21645855903625488,0.3391455411911011,KL008,14.588847605253045,False,0.4411080479621887,0.3391455411911011,False,False,False,False,False,False,False,17.917681610322347,0.0,3.687986433506012,-3.2468783855438232,0.3391455411911011
780.0,KL003,2,13.788565150386955,True,50.76234106042067,4.290358685587019,162.99999999999994,165.5846750214427,14.032960699278414,3.207679580737789,0.18828558921813965,0.7691715955734253,KL005,27.82998925224406,False,-0.3833957528695464,0.7691715955734253,False,False,False,False,False,False,False,50.165853310385344,0.0,-3.2076795771718025,2.824283824302256,0.7691715955734253
780.0,KL005,1,5.915864807964994,True,50.80429372146663,3.560244686226649,162.09179025464127,164.66400842159112,100.86712172898335,-44.39816267051958,0.26882123947143555,-0.09186673164367676,KL003,27.82998925224406,False,-1.279318230226636,-0.09186673164367676,False,False,False,False,False,False,False,50.165853310385344,0.0,-5.311636850237846,4.03231862001121,-0.09186673164367676
780.0,KL007,1,22.314347923179287,True,52.44979728742159,3.387914238863004,161.29487170133004,163.85613500910537,81.60114240962544,44.407628494514256,-0.4171774387359619,0.12298977375030518,KL009,24.889472557675575,False,0.0,0.12298977375030518,True,True,False,True,False,False,False,46.20600334163853,0.0,2.5730806589126587,-6.257661692798138,0.12298977375030518
780.0,KL008,1,12.115550430145333,True,52.20227465789828,2.794588047299871,162.55494151413023,165.13351590215538,29.452640764972514,1.8498779705819288,0.3322014808654785,-0.0809626579284668,KL009,6.031635781678822,False,-0.7450510282069445,-0.0809626579284668,False,False,False,False,False,False,False,11.192318897264867,0.0,-5.728073269128799,4.983022240921855,-0.0809626579284668
780.0,KL009,2,23.30527502319985,True,52.14476416389412,2.9288987915277733,162.99999999999994,165.5846750214427,48.76123857520271,0.29451618477423835,0.6088454723358154,0.19321084022521973,KL008,6.031635781678822,False,-0.6740279356017709,0.19321084022521973,False,False,False,False,False,False,False,11.192318897264867,0.0,-9.806710034608841,9.13268209900707,0.19321084022521973
780.0,KL0010,2,43.19953736960581,True,51.67718312180473,3.614860209354258,162.99999999999994,165.5846750214427,43.288511288484806,-3.2013493098079664,-0.21349602937698364,0.49526381492614746,KL009,37.86339533722785,False,-0.001091212061510305,0.49526381492614746,False,False,False,False,False,False,False,70.01320416008566,0.0,3.201349228620529,-3.2024404406820395,0.49526381492614746
790.0,KL002,1,11.140535200215986,True,52.376255610421104,2.52791697749342,162.99999999999994,165.5846750214427,11.120870227975644,-3.730638223903071,-0.21385645866394043,0.3407965898513794,KL008,13.433017560574887,False,0.5227913707494736,0.3407965898513794,False,False,False,False,False,False,False,17.978173236593094,0.0,3.73063825070858,-3.2078468799591064,0.3407965898513794
790.0,KL003,2,12.166573523726951,True,50.77055194991475,4.310000733247865,162.99999999999994,165.5846750214427,12.379471918437105,3.2016368995430753,0.18520236015319824,0.7723901271820068,KL005,29.15686342323782,False,-0.42360147926956415,0.7723901271820068,False,False,False,False,False,False,False,52.56905322591521,0.0,-3.2016368955373764,2.7780354162678123,0.7723901271820068
790.0,KL005,1,4.298893393237566,True,50.81553977365582,3.545067831245133,161.776207014099,164.3440897389374,99.7246102763332,-46.34645658042547,0.27095508575439453,-0.11288881301879883,KL003,29.15686342323782,False,-1.7676945962011814,-0.11288881301879883,False,False,False,False,False,False,False,52.56905322591521,0.0,-5.832020938396454,4.0643263421952724,-0.11288881301879883
790.0,KL007,1,20.664401323081343,True,52.45950374640209,3.4061925613302866,161.71616859144194,164.28322611060742,80.43637146737706,45.21971581771396,-0.4287263751029968,0.11560714244842529,KL009,25.752925637862685,False,5.000000000000002,0.11560714244842529,True,True,False,True,False,False,False,47.82665751738789,0.0,2.755424939095974,-6.430895514786243,0.11560714244842529
790.0,KL008,1,10.470677269251992,True,52.212100731936125,2.776472129047143,162.27675370505284,164.85151121033968,27.804363162239618,1.170175160018232,0.3265063762664795,-0.10409152507781982,KL009,6.035134211633887,False,-0.849711075425148,-0.10409152507781982,False,False,False,False,False,False,False,11.200904473670754,0.0,-5.74730671942234,4.897595643997192,-0.10409152507781982
790.0,KL009,2,21.669865980073173,True,52.1552646220584,2.911690099867899,162.99999999999994,165.5846750214427,47.105445182901896,-0.39283290126024895,0.6068522930145264,0.16831815242767334,KL008,6.035134211633887,False,-0.7182291895151138,0.16831815242767334,False,False,False,False,False,False,False,11.200904473670754,0.0,-9.82101358473301,9.102784395217896,0.16831815242767334
790.0,KL0010,2,41.548432752028255,True,51.66298104491976,3.607639588250708,162.99999999999994,165.5846750214427,41.635492748588455,-3.3302411685223205,-0.2208309769630432,0.4911928176879883,KL009,39.218633849669445,False,0.01777645156835206,0.4911928176879883,False,False,False,False,False,False,False,69.69873229779516,0.0,3.3302411064505577,-3.3124646548822057,0.4911928176879883
800.0,KL002,1,9.48508264064522,True,52.363544003557315,2.515212729020055,162.99999999999994,165.5846750214427,9.46813841985687,-3.769150515320092,-0.19881552457809448,0.3397519588470459,KL008,12.33211943995328,False,0.786917544901371,0.3397519588470459,False,False,False,False,False,False,False,18.045737625626508,0.0,3.7691504135727882,-2.9822328686714172,0.3397519588470459
800.0,KL003,2,10.544054427550064,True,50.77885446152402,4.329549717330554,162.99999999999994,165.5846750214427,10.725937273001426,3.2064749346694725,0.1796269416809082,0.7709083557128906,KL005,30.49651228283348,False,-0.5120707908645272,0.7709083557128906,False,False,False,False,False,False,False,54.995912126652215,0.0,-3.206474930047989,2.6944041391834617,0.7709083557128906
800.0,KL005,1,2.6883296052698955,True,50.82646140217919,3.5293881890594228,161.38852688467298,163.95107880884532,98.63582981759332,-48.816197621270874,0.26748037338256836,-0.14494478702545166,KL003,30.49651228283348,False,-2.951129637658596,-0.14494478702545166,False,False,False,False,False,False,False,54.995912126652215,0.0,-6.9633351266384125,4.012205488979816,-0.14494478702545166
800.0,KL007,1,19.008877069963226,True,52.46833566180907,3.4257009399018474,162.11214447473688,164.68464214234479,79.38127366009513,51.11836557931571,-0.4820760488510132,0.08119046688079834,KL009,26.659973438634708,False,0.0,0.08119046688079834,True,True,False,True,False,False,False,49.53007347404948,0.0,-2.417603228241205,-7.231140788644552,0.08119046688079834
800.0,KL008,1,8.829010856655252,True,52.22173985611685,2.7581567502849653,161.91924339968776,164.4890915839558,26.159465613125544,0.34055136978150813,0.3146188259124756,-0.1320655345916748,KL009,6.036731659686089,False,-1.0659568011760712,-0.1320655345916748,False,False,False,False,False,False,False,11.205992225482401,0.0,-5.785239189863205,4.719282388687134,-0.1320655345916748
800.0,KL009,2,20.034138366728154,True,52.16563189593994,2.8942641627519756,162.99999999999994,165.5846750214427,45.45000742602963,-1.1514282657516333,0.600044846534729,0.1326836347579956,KL008,6.036731659686089,False,-0.8437800407409668,0.1326836347579956,False,False,False,False,False,False,False,11.205992225482401,0.0,-9.844452738761902,9.000672698020935,0.1326836347579956
800.0,KL0010,2,39.89756528487138,True,51.648780358119566,3.6004141277898905,162.99999999999994,165.5846750214427,39.98266700055912,-3.450095405371144,-0.36343705654144287,0.5798068046569824,KL009,40.58514661529162,False,-2.001460511237383,0.5798068046569824,False,False,False,False,False,False,False,67.58269757157193,0.0,3.4500952810049057,-5.451555792242289,0.5798068046569824
810.0,KL002,1,7.82926985517086,True,52.35094012693013,2.5022274690018813,162.99999999999994,165.5846750214427,7.815064493430467,-3.6144013884880337,-0.19967496395111084,0.3456379175186157,KL008,11.301551832116642,False,0.6192769249901175,0.3456379175186157,False,False,False,False,False,False,False,18.083257185092716,0.0,3.6144013702869415,-2.995124445296824,0.3456379175186157
810.0,KL003,2,8.920897294721408,True,50.78726712421536,4.348984056851889,162.99999999999994,165.5846750214427,9.072308515358017,3.185745372495319,0.17594587802886963,0.7734339237213135,KL005,31.85757307030369,False,-0.5465572932735085,0.7734339237213135,False,False,False,False,False,False,False,57.4617539616101,0.0,-3.1857454776763916,2.639188184402883,0.7734339237213135
810.0,KL005,1,1.0900124284811472,True,50.83684774202664,3.5129206202760455,160.89090796286706,163.4466094635457,97.62818680249052,-52.51228830244088,-0.04223012924194336,0.3684957027435303,KL003,31.85757307030369,False,-11.875072717666626,0.3684957027435303,False,False,False,False,False,False,False,57.4617539616101,0.0,-11.241620779037476,-0.6334519386291504,0.3684957027435303
810.0,KL007,1,17.35079105319605,True,52.477070575079914,3.4453874989640156,162.3900827524873,164.96639552835373,78.35662228651427,52.04980347867354,-0.4929544925689697,0.06736898422241211,KL009,27.617655405312895,False,0.0,0.06736898422241211,True,True,False,True,False,False,False,51.32871305045003,0.0,-2.6765887811779976,-7.394317500293255,0.06736898422241211
810.0,KL008,1,7.191288364815242,True,52.23114220980586,2.7395998734355422,161.46579382042987,164.02940863542995,24.519340165532153,-0.7738759618927702,0.3029763698577881,-0.15803241729736328,KL009,6.0359381868999895,False,-1.219832031056285,-0.15803241729736328,False,False,False,False,False,False,False,11.205603980191418,0.0,-5.764477550983429,4.544645519927144,-0.15803241729736328
810.0,KL009,2,18.397740562859628,True,52.17584062456832,2.8765871577656523,162.99999999999994,165.5846750214427,43.79536847934184,-2.0704098170058387,0.43839776515960693,-0.035144031047821045,KL008,6.0359381868999895,False,-3.2228216528892517,-0.035144031047821045,False,False,False,False,False,False,False,11.087249062383657,0.0,-9.798788130283356,6.575966477394104,-0.035144031047821045
810.0,KL0010,2,38.251178303608064,True,51.63443473183998,3.593977625585535,162.99999999999994,165.5846750214427,38.33473931060011,-5.685733132808508,-0.7417991757392883,0.7331738471984863,KL009,41.986251526577306,False,-5.441254265606403,0.7331738471984863,False,False,False,False,False,False,False,67.52645305262277,0.0,5.685733258724213,-11.126987524330616,0.7331738471984863
820.0,KL002,1,6.1736233227255815,True,52.33842270298498,2.489023670820807,162.99999999999994,165.5846750214427,6.1621353913996915,-3.8002248847283795,-0.2878173589706421,0.15382075309753418,KL008,10.352354615485723,False,-0.5170355597510934,0.15382075309753418,False,False,False,False,False,False,False,18.085221055999586,0.0,3.8002248108386993,-4.317260370589793,0.15382075309753418
820.0,KL003,2,7.2971420306713055,True,50.79579661476296,4.36829408762151,162.99999999999994,165.5846750214427,7.4186522106979975,3.227804838137331,0.15273475646972656,0.7701336145401001,KL005,33.290717540202195,False,-0.9367835428565741,0.7701336145401001,False,False,False,False,False,False,False,60.05680021009964,0.0,-3.2278048619627953,2.291021319106221,0.7701336145401001
820.0,KL005,2,96.73240098819824,True,50.84570237772978,3.4941790862000137,162.15419981648012,164.72727493358954,96.82837777819854,-65.22617600369807,-0.4910638928413391,0.3140071630477905,KL003,33.290717540202195,False,37.634042501449585,0.3140071630477905,False,False,False,False,False,False,False,58.86106108163046,0.0,45.0,-7.365957498550415,0.3140071630477905
820.0,KL007,1,15.690578445636687,True,52.48581786253549,3.4651058638323167,162.62061762227452,165.20009271403222,77.35181836624963,53.00703324451857,-0.5026072859764099,0.018499135971069336,KL009,28.656827925872033,False,0.0,0.018499135971069336,True,True,False,True,False,False,False,53.279585875363885,0.0,-2.9914026707410812,-7.539109513163567,0.018499135971069336
820.0,KL008,1,5.558501177186982,True,52.24026974528217,2.720779805482731,160.92328896751502,163.47943650837374,22.885700672805168,-2.135894202687041,0.06331765651702881,0.03216361999511719,KL009,6.028176863253078,False,-4.8902577906847,0.03216361999511719,False,False,False,False,False,False,False,11.185828335927818,0.0,-5.840022638440132,0.9497648477554321,0.03216361999511719
820.0,KL009,2,16.75255132591212,True,52.185449913634464,2.8580589113915336,162.87895156242402,165.46196802147813,42.148119068083545,-5.493493545284366,0.25756514072418213,0.1679145097732544,KL008,6.028176863253078,False,-3.3670416846871376,0.1679145097732544,False,False,False,False,False,False,False,11.077073229249713,0.0,-7.230518683791161,3.863476999104023,0.1679145097732544
820.0,KL0010,2,36.6252039081594,True,51.61980866131132,3.5895006259382103,162.99999999999994,165.5846750214427,36.70836527372676,-11.597038722131913,-0.7633935809135437,0.7814126014709473,KL009,43.44627804056095,False,0.1461352442856878,0.7814126014709473,False,False,False,False,False,False,False,58.861301057348186,0.0,11.597038954496384,-11.450903710210696,0.7814126014709473
830.0,KL003,2,5.6720848822824586,True,50.804524533863514,4.387384464336057,162.99999999999994,165.5846750214427,5.764535937526776,2.948738021171323,0.15215575695037842,0.8332319259643555,KL005,34.674899675018814,False,-0.6664017448201776,0.8332319259643555,False,False,False,False,False,False,False,62.56575542764967,0.0,-2.9487381130456924,2.282336368225515,0.8332319259643555
830.0,KL005,2,95.82459510741435,True,50.85556835277164,3.476610803168647,162.99999999999994,165.5846750214427,95.92575215618359,-50.217685380558464,0.3868529796600342,0.11717391014099121,KL003,34.674899675018814,False,45.0,0.11717391014099121,False,False,False,False,False,False,False,54.42456834550277,0.0,45.0,0.0,0.11717391014099121
830.0,KL007,1,14.030103618995668,True,52.4945685277385,3.484835766903984,162.6835464253455,165.2638843974969,76.3687942026792,53.98955826294218,-0.2759259343147278,-0.07859450578689575,KL009,29.77638780470664,False,0.0,-0.07859450578689575,True,True,False,True,False,False,False,55.3805338409196,0.0,-3.38157020509243,-4.138889238238335,-0.07859450578689575
830.0,KL008,1,3.9183854046635522,True,52.24849370393403,2.7008613597567783,161.0330872384673,163.59074694299838,21.261772426404058,-7.525936667578719,-0.022456049919128418,-0.6557859778404236,KL009,6.0192451484831135,False,-1.8350926414132118,-0.6557859778404236,False,False,False,False,False,False,False,10.914184411712084,0.0,-1.49825194850564,-0.3368406929075718,-0.6557859778404236
830.0,KL009,2,15.097723587975246,True,52.19438799450165,2.838631337749787,162.99999999999994,165.5846750214427,40.5127189515735,-9.212156065672957,0.12847542762756348,-0.5468503832817078,KL008,6.0192451484831135,False,-2.3695320077240467,-0.5468503832817078,False,False,False,False,False,False,False,10.994505645494044,0.0,-4.296663478016853,1.9271314702928066,-0.5468503832817078
830.0,KL0010,2,35.00452083615319,True,51.605153653861684,3.585244884981428,162.99999999999994,165.5846750214427,35.087467560980706,-11.989517215274702,-0.6880033612251282,0.6709822416305542,KL009,44.907376300819756,False,1.6694667376577854,0.6709822416305542,False,False,False,False,False,False,False,54.46331894301644,0.0,11.989517211914062,-10.320050474256277,0.6709822416305542
840.0,KL005,2,94.58948441396802,True,50.868084841659275,3.463966216679815,162.99999999999994,165.5846750214427,94.69439319058074,-35.050345005613906,0.38007283210754395,0.31037402153015137,KL0010,43.599005188421096,False,40.75143724679947,0.31037402153015137,False,False,False,False,False,False,False,51.336929446025586,0.0,35.05034565925598,5.7010915875434875,0.31037402153015137
840.0,KL007,1,12.372997072086113,True,52.503304696888726,3.504536902715368,162.41348008567817,164.99011389710202,75.41037963438586,54.995708734241134,-0.30528485774993896,-0.12832766771316528,KL009,30.953634857627094,False,0.0,-0.12832766771316528,True,True,False,True,False,False,False,57.58918905154106,0.0,-3.8763247802853584,-4.5792727544903755,-0.12832766771316528
840.0,KL008,1,2.2979165258667473,True,52.25612011136466,2.6806702721373914,158.78347487474653,161.31006638596838,19.67033874575451,-10.12331826171436,-0.017360031604766846,-0.3760368824005127,KL009,6.007217588872969,False,0.40028298273682594,-0.3760368824005127,False,False,False,False,False,False,False,10.857218559335328,0.0,0.66068344283849,-0.26040046010166407,-0.3760368824005127
840.0,KL009,2,13.456823264292579,True,52.20271000682653,2.8187998475322926,161.12398981130016,163.68290111704806,38.90988571737966,-12.061318780873023,0.2333078384399414,-0.3048323392868042,KL008,6.007217588872969,False,1.3423616252839565,-0.3048323392868042,False,False,False,False,False,False,False,10.98900280622843,0.0,-2.1572559513151646,3.499617576599121,-0.3048323392868042
840.0,KL0010,2,33.37779909746074,True,51.59058139507252,3.5803085703015567,162.99999999999994,165.5846750214427,33.46016770100944,-10.830062472577566,-0.6241247653961182,0.8170194625854492,KL005,43.599005188421096,False,1.4681910909712315,0.8170194625854492,False,False,False,False,False,False,False,51.40133680030877,0.0,10.830062627792358,-9.361871536821127,0.8170194625854492
850.0,KL005,2,93.11028561941147,True,50.88230328031594,3.4572059271958686,162.99999999999994,165.5846750214427,93.21691844927133,-19.67329058403459,0.11556065082550049,0.40106987953186035,KL0010,41.88931511638748,False,21.406700760126114,0.40106987953186035,False,False,False,False,False,False,False,48.01085480315768,0.0,19.673290997743607,1.7334097623825073,0.40106987953186035
850.0,KL007,1,10.721376725931247,True,52.51201721444108,3.524188600562031,161.97284842512232,164.5434330051544,74.47831113917094,56.02460511118272,-0.28688567876815796,-0.12204062938690186,KL009,32.12971352389853,False,0.0,-0.12204062938690186,True,True,False,True,False,False,False,59.79667640214404,0.0,-4.522933624684811,-4.303285516798496,-0.12204062938690186
850.0,KL008,1,0.6919764760928634,True,52.26375825786454,2.6607397884050683,157.49330461133133,160.00199692686326,18.095315592851318,-10.577778550032008,-0.040709078311920166,-0.37163424491882324,KL009,5.994925329709345,False,0.6032246584072709,-0.37163424491882324,False,False,False,False,False,False,False,10.857280555148003,0.0,1.213860847055912,-0.6106361886486411,-0.37163424491882324
850.0,KL009,2,11.829727798321318,True,52.21123723323874,2.799407500080502,160.07801711650637,162.62250894673744,37.31389046460517,-11.182147915494852,0.2246384620666504,-0.29982107877731323,KL008,5.994925329709345,False,-0.5946948146447539,-0.29982107877731323,False,False,False,False,False,False,False,10.927314346057518,0.0,-3.964271731674671,3.3695769170299172,-0.29982107877731323
850.0,KL0010,2,31.746421089070605,True,51.57609300849863,3.5747710397845904,162.99999999999994,165.5846750214427,31.827866031245353,-9.848241543794757,-0.6028080582618713,0.8187203407287598,KL005,41.88931511638748,False,0.8061204850673676,0.8187203407287598,False,False,False,False,False,False,False,48.05149880736889,0.0,9.848241358995438,-9.04212087392807,0.8187203407287598
860.0,KL005,2,91.4904850205885,True,50.89714612213424,3.4568458143173273,162.99999999999994,165.5846750214427,91.59646606786367,-4.044759803643501,-0.18333899974822998,0.44030284881591797,KL0010,40.119233287622514,False,1.2946747988462448,0.44030284881591797,False,False,False,False,False,False,False,44.6638818348217,0.0,4.0447597950696945,-2.7500849962234497,0.44030284881591797
860.0,KL007,1,9.075676211540376,True,52.520707237512205,3.5437934414787713,161.55378035788738,164.11860526239886,73.57317435470142,57.076471438462704,-0.26776838302612305,-0.11935913562774658,KL009,33.32923102730906,False,0.0,-0.11935913562774658,True,True,False,True,False,False,False,62.04847962509548,0.0,-5.403295308351517,-4.016525521874428,-0.11935913562774658
860.0,KL008,2,16.586561339553747,True,52.271461536075286,2.641098679387748,156.21823784716943,158.7091825784149,16.534492647902066,-10.926261375329318,-0.015603780746459961,-0.36093127727508545,KL009,5.980956982949046,False,10.69220446050167,-0.36093127727508545,False,False,False,False,False,False,False,10.709173158139022,0.0,10.926261395215988,-0.23405693471431732,-0.36093127727508545
860.0,KL009,2,10.212620745231066,True,52.21958661730833,2.7799937140389828,159.04923449539547,161.57950567851634,35.73431695712369,-12.304234580999548,0.2099670171737671,-0.29539477825164795,KL008,5.980956982949046,False,-0.7336756121367216,-0.29539477825164795,False,False,False,False,False,False,False,10.79506344183039,0.0,-3.8831808418035507,3.149505229666829,-0.29539477825164795
860.0,KL0010,2,30.11371310109317,True,51.56165446646696,3.5689078867747352,162.99999999999994,165.5846750214427,30.194046588415137,-9.537369196746681,-0.5812511444091797,0.8241815567016602,KL005,40.119233287622514,False,0.8186021447181702,0.8241815567016602,False,False,False,False,False,False,False,44.70705591164367,0.0,9.537369310855865,-8.718767166137695,0.8241815567016602
870.0,KL005,2,89.83839324683632,True,50.911908822506966,3.459943611162384,162.99999999999994,165.5846750214427,89.94242895619391,-2.800232201911996,-0.173458993434906,0.4395172595977783,KL0010,38.34253454370385,False,0.19834734499454498,0.4395172595977783,False,False,False,False,False,False,False,41.45484754806249,0.0,2.800232246518135,-2.60188490152359,0.4395172595977783
870.0,KL007,1,7.4370258152025475,True,52.52937525949573,3.563352510786895,161.14391014371327,163.7030956849669,72.69564108671719,58.15140382798609,-0.26805830001831055,-0.12313556671142578,KL009,34.551456778003796,False,0.0,-0.12313556671142578,True,True,False,True,False,False,False,64.34320161507823,0.0,-6.670632362365723,-4.020874723792076,-0.12313556671142578
870.0,KL008,2,15.01221534907504,True,52.28063071781492,2.6235055871965756,154.97988231463867,157.45353557420842,14.964904825224846,-0.5652204240577134,0.29648399353027344,-0.10583555698394775,KL009,5.954070594781245,False,5.012480355799198,-0.10583555698394775,False,False,False,False,False,False,False,10.725245086997546,0.0,0.565220438875258,4.44725991692394,-0.10583555698394775
870.0,KL009,2,8.60519321451206,True,52.2277307511106,2.760528295846182,158.03563569902823,160.5518592511886,34.17285492895979,-13.643650806143626,-0.14191359281539917,-0.40401268005371094,KL008,5.954070594781245,False,-5.842175781726837,-0.40401268005371094,False,False,False,False,False,False,False,10.938034908497938,0.0,-3.7134721130132675,-2.1287036687135696,-0.40401268005371094
870.0,KL0010,2,28.479724811488673,True,51.54726946547569,3.562715431086586,162.99999999999994,165.5846750214427,28.558744443278638,-9.223717936371116,-0.5879016518592834,0.8243215084075928,KL005,38.34253454370385,False,0.4051930597051978,0.8243215084075928,False,False,False,False,False,False,False,41.47899633444677,0.0,9.223717823624611,-8.818524763919413,0.8243215084075928
880.0,KL005,2,88.18612729017501,True,50.926664671833386,3.4631234399195407,162.99999999999994,165.5846750214427,88.28819729260769,-2.650227524619197,-0.18526560068130493,0.4474935531616211,KL0010,36.56778131081472,False,-0.12875647866167128,0.4474935531616211,False,False,False,False,False,False,False,38.229286022801375,0.0,2.650227528065443,-2.7789840067271143,0.4474935531616211
880.0,KL007,1,5.808144866579782,True,52.53802058490077,3.582864211240114,160.7210894821441,163.27445116072357,71.84650872715882,59.24928776466231,-0.27646327018737793,-0.13268280029296875,KL009,35.85052199731078,False,0.0,-0.13268280029296875,True,True,False,True,False,False,False,66.78067625251026,0.0,-8.647752329707146,-4.146949276328087,-0.13268280029296875
880.0,KL008,2,13.442354768286812,True,52.291103669861066,2.6080125912350995,154.61641379879964,157.08498162833314,13.398357181861188,4.908745501720659,0.1470777988433838,-0.2947613596916199,KL009,5.918791428675453,False,-2.7025785483419895,-0.2947613596916199,False,False,False,False,False,False,False,10.937116133864075,0.0,-4.908745586872101,2.2061670385301113,-0.2947613596916199
880.0,KL009,2,7.0091285786502,True,52.234725963785074,2.740140888744541,156.6495212683798,159.14647543820354,32.67069141063411,-20.37928974343413,-0.1523960828781128,-0.40497058629989624,KL008,5.918791428675453,False,0.18177185906097293,-0.40497058629989624,False,False,False,False,False,False,False,10.961140773187957,0.0,2.4677130952477455,-2.2859412361867726,-0.40497058629989624
880.0,KL0010,2,26.846356190870388,True,51.532912053442814,3.5563615277266734,162.99999999999994,165.5846750214427,26.923968514747088,-9.360132191502714,-0.5940045714378357,0.8234434127807617,KL005,36.56778131081472,False,0.45006373431533575,0.8234434127807617,False,False,False,False,False,False,False,38.25878025962362,0.0,9.360132291913033,-8.910068557597697,0.8234434127807617
890.0,KL005,2,86.53407116975949,True,50.94142498863523,3.4662516523238884,162.99999999999994,165.5846750214427,86.63420482431974,-2.831610664883385,-0.2076217532157898,0.45504307746887207,KL0010,34.79519238494812,False,-0.2827155590057373,0.45504307746887207,False,False,False,False,False,False,False,35.01757659488433,0.0,2.8316107392311096,-3.114326298236847,0.45504307746887207
890.0,KL007,1,4.195919459129671,True,52.54664145578527,3.602324545820102,160.26552671616327,162.81260638024764,71.02666750725776,60.36979149598676,-0.2956329584121704,-0.13389194011688232,KL009,37.16252419887914,False,0.0,-0.13389194011688232,True,True,False,True,False,False,False,69.24280945625651,0.0,-12.146164923906326,-4.434494823217392,-0.13389194011688232
890.0,KL008,2,11.879147035298079,True,52.30115877900692,2.5920015847715754,153.60500146599904,156.0593938833638,11.839076150889303,2.5100838894566095,0.1400737762451172,-0.29398560523986816,KL009,5.904676269379297,False,-0.4089773213490844,-0.29398560523986816,False,False,False,False,False,False,False,10.955542476879215,0.0,-2.5100839510560036,2.101106629706919,-0.29398560523986816
890.0,KL009,2,5.4276399889732145,True,52.24153439704755,2.719810391598661,155.26012597789412,157.73769707099746,31.195774367326692,-21.195638277294677,-0.025372982025146484,-0.3941230773925781,KL008,5.904676269379297,False,2.6095804944634438,-0.3941230773925781,False,False,False,False,False,False,False,10.956127315988198,0.0,2.990175224840641,-0.38059473037719727,-0.3941230773925781
890.0,KL0010,2,25.21359891226391,True,51.518586127205026,3.5498285573068706,162.99999999999994,165.5846750214427,25.2896962188926,-9.492523828153423,-0.5984290838241577,0.8241400718688965,KL005,34.79519238494812,False,0.5160878598690033,0.8241400718688965,False,False,False,False,False,False,False,35.05488010512144,0.0,9.492524117231369,-8.976436257362366,0.8241400718688965
900.0,KL005,2,84.88245840772454,True,50.95619485329063,3.4692652150688255,162.99999999999994,165.5846750214427,84.98070787859344,-3.174457492029603,-0.212735116481781,0.4569885730743408,KL0010,33.02517161921077,False,-0.0165693461894989,0.4569885730743408,False,False,False,False,False,False,False,31.841154730871697,0.0,3.174457401037216,-3.191026747226715,0.4569885730743408
900.0,KL007,1,2.6228722756898675,True,52.555237649223834,3.6217329805734177,159.80581849842872,162.34655145919828,70.23684518867219,61.512694050247205,-0.3156113624572754,-0.13863492012023926,KL009,38.446484063355555,False,-5.000000000000002,-0.13863492012023926,True,True,False,True,False,False,False,71.65397143984532,0.0,-19.893983155488968,-4.734169989824295,-0.13863492012023926
900.0,KL008,2,10.32567807439611,True,52.311060807650215,2.5759466503713973,152.59625289262866,155.03647165981923,10.289793775087018,2.417312750317251,0.12699520587921143,-0.2975531816482544,KL009,5.897731211789129,False,-0.5123846093192697,-0.2975531816482544,False,False,False,False,False,False,False,10.947894911398308,0.0,-2.4173127114772797,1.90492810215801,-0.2975531816482544
900.0,KL009,2,3.858427118972071,True,52.24881850593263,2.700157481806881,153.9079380046092,156.3665799705026,29.71931106103785,-19.549565208134766,-0.05303215980529785,-0.36821645498275757,KL008,5.897731211789129,False,-0.16502589569427073,-0.36821645498275757,False,False,False,False,False,False,False,10.955423522101663,0.0,0.6304564978927374,-0.7954823935870081,-0.36821645498275757
900.0,KL0010,2,23.58137050167309,True,51.50429739355623,3.5430905694348014,162.99999999999994,165.5846750214427,23.655823453359357,-9.603625284898897,-0.6026798486709595,0.8251839876174927,KL005,33.02517161921077,False,0.5634275078773499,0.8251839876174927,False,False,False,False,False,False,False,31.886670547008634,0.0,9.603625237941742,-9.040197730064392,0.8251839876174927
910.0,KL005,2,83.23095751819443,True,50.97096526637177,3.472272953773915,162.99999999999994,165.5846750214427,83.32733475264136,-3.253870957607205,-0.3246192932128906,0.49360406398773193,KL0010,31.25845180680892,False,-1.6154185496270657,0.49360406398773193,False,False,False,False,False,False,False,28.632491344217264,0.0,3.253870904445648,-4.869289454072714,0.49360406398773193
910.0,KL007,1,1.1443427292643142,True,52.56469781070926,3.639926428013629,159.32984508958737,161.86399883880253,69.36821848188023,57.626322800337334,-0.3328373432159424,-0.16350531578063965,KL009,39.721684895433114,False,-42.664788365364075,-0.16350531578063965,False,False,False,False,False,False,False,74.04912487125065,0.0,-37.67222911119461,-4.992559254169464,-0.16350531578063965
910.0,KL008,2,8.782116036252663,True,52.320809129521805,2.559852121828475,151.57527206688948,154.0011092794698,8.750675542175243,2.2398302600703914,0.11285221576690674,-0.29554665088653564,KL009,5.899970957228773,False,-0.5470470478758216,-0.29554665088653564,False,False,False,False,False,False,False,10.95955512429782,0.0,-2.239830270409584,1.6927832225337625,-0.29554665088653564
910.0,KL009,2,2.3021809212170625,True,52.25602777184304,2.6806488297595017,152.64460436763557,155.0855033167076,28.264868248301404,-20.77290811928458,-0.06276094913482666,-0.36471283435821533,KL008,5.899970957228773,False,0.489011169411242,-0.36471283435821533,False,False,False,False,False,False,False,10.95955512429782,0.0,1.4304254204034805,-0.9414142509922385,-0.36471283435821533
910.0,KL0010,2,21.94969363585258,True,51.49005058766427,3.53612932286345,162.99999999999994,165.5846750214427,22.02235562646939,-9.718550879775393,-0.6723584532737732,0.7626262903213501,KL005,31.25845180680892,False,-0.3668256103992462,0.7626262903213501,False,False,False,False,False,False,False,28.601419024891587,0.0,9.718551188707352,-10.085376799106598,0.7626262903213501
920.0,KL005,2,81.58260649146557,True,50.98578312475399,3.4746204658242026,162.99999999999994,165.5846750214427,81.67736134511597,-4.967016158151893,-0.3270806074142456,0.5110650062561035,KL0010,29.49119817128203,False,0.06080712948460132,0.5110650062561035,False,False,False,False,False,False,False,25.414039704842985,0.0,4.967016242444515,-4.906209112959914,0.5110650062561035
920.0,KL007,2,68.30964863678285,True,52.57577362995976,3.655215171976247,158.76857701981316,161.29496218293042,68.31624895318446,42.387939477579266,-0.2984534502029419,-0.10858547687530518,KL009,40.942838639531885,False,-45.0,-0.10858547687530518,False,False,False,False,False,False,False,76.34356496775568,0.0,-42.38793879747391,-2.6120612025260925,-0.10858547687530518
920.0,KL008,2,7.24841144666898,True,52.330398495277734,2.543711220683392,150.5611761342133,152.97269303166985,7.221677082177223,2.051034250104351,0.09847617149353027,-0.2978401184082031,KL009,5.908793728595749,False,-0.5738916853442788,-0.2978401184082031,False,False,False,False,False,False,False,10.974896596729968,0.0,-2.0510342717170715,1.4771425863727927,-0.2978401184082031
920.0,KL009,2,0.7590751567800201,True,52.26327877690301,2.661397338794295,151.39329085252024,153.8165608789237,26.828027900264665,-21.420464991117626,-0.06962358951568604,-0.35469377040863037,KL008,5.908793728595749,False,2.11547015234828,-0.35469377040863037,False,False,False,False,False,False,False,10.974896596729968,0.0,3.159823939204216,-1.044353786855936,-0.35469377040863037
920.0,KL0010,2,20.323419778249136,True,51.47577632750384,3.5293168606566794,162.99999999999994,165.5846750214427,20.394448484077515,-10.901614129890561,-0.6951614618301392,0.7692947387695312,KL005,29.49119817128203,False,0.4741919646039605,0.7692947387695312,False,False,False,False,False,False,False,25.45783114461362,0.0,10.901613906025887,-10.427421941421926,0.7692947387695312
930.0,KL005,2,79.93436002161765,True,51.000599492684515,3.4769923520974855,162.99999999999994,165.5846750214427,80.02749198557024,-5.006789568198258,-0.3462918996810913,0.5204190015792847,KL0010,27.72735083326224,False,-0.18758877413347363,0.5204190015792847,False,False,False,False,False,False,False,22.386388580918464,0.0,5.006789714097977,-5.19437848823145,0.5204190015792847
930.0,KL007,2,66.98253249137194,True,52.58897752947783,3.6647680441959585,158.39566527612632,160.91688271905338,66.98251210726394,26.85631582864056,-0.11354327201843262,0.025855183601379395,KL009,42.00747947271942,False,-28.5594642162323,0.025855183601379395,False,False,False,False,False,False,False,78.3458951051804,0.0,-26.85631513595581,-1.7031490802764893,0.025855183601379395
930.0,KL008,2,5.724647426272409,True,52.33982426177341,2.5275209382658677,149.53921768396046,151.93626734787313,5.70288433511937,1.8703777448959045,0.08758735656738281,-0.2995789051055908,KL009,5.917849864396478,False,-0.5565674230456352,-0.2995789051055908,False,False,False,False,False,False,False,10.991047272531004,0.0,-1.8703777715563774,1.3138103485107422,-0.2995789051055908
930.0,KL009,3,25.44841242851505,True,52.270889931949434,2.6427358582983795,150.1763429592721,152.58241623269967,25.393952870446096,-20.443211982326204,-0.020411372184753418,-0.3236175775527954,KL008,5.917849864396478,False,20.13704225420952,-0.3236175775527954,False,False,False,False,False,False,False,10.991047272531004,0.0,20.443212389945984,-0.30617013573646545,-0.3236175775527954
930.0,KL0010,2,18.699332061130846,True,51.461537667739776,3.522317122211517,162.99999999999994,165.5846750214427,18.768629152521825,-11.343984844197365,-0.7090820670127869,0.768218994140625,KL005,27.72735083326224,False,0.7077535707503557,0.768218994140625,False,False,False,False,False,False,False,22.781387018406512,0.0,11.343984603881836,-10.63623103313148,0.768218994140625
940.0,KL005,2,78.28681845581453,True,51.01542066891933,3.4792878867624144,162.99999999999994,165.5846750214427,78.37836384050084,-5.3031099562573445,-0.0584026575088501,0.48250675201416016,KL0010,25.96827781156538,False,4.4270701333880424,0.48250675201416016,False,False,False,False,False,False,False,23.04547705807165,0.0,5.303110107779503,-0.8760399743914604,0.48250675201416016
940.0,KL007,2,65.4608137302226,True,52.60328710072859,3.667849840859323,158.48383599070422,161.00627572824172,65.45674358981918,11.01203514568516,0.4058399200439453,0.227195143699646,KL009,42.762644358644145,False,-4.9244361743330956,0.227195143699646,False,False,False,False,False,False,False,79.77203728408794,0.0,-11.012035086750984,6.087598912417889,0.227195143699646
940.0,KL009,3,23.964381371965107,True,52.280185669339495,2.6265769325516093,149.06597866959902,151.4563168179916,23.914466638845216,-3.8294760856392145,0.1280977725982666,-0.20570874214172363,KL007,42.762644358644145,False,5.750942453742027,-0.20570874214172363,False,False,False,False,False,False,False,79.77203728408794,0.0,3.829475976526737,1.92146647721529,-0.20570874214172363
940.0,KL0010,2,17.076844878969425,True,51.4473539566017,3.5150378506832496,162.99999999999994,165.5846750214427,17.14423588397165,-11.659353642946456,-0.3053939938545227,0.5356329679489136,KL005,25.96827781156538,False,7.078443467617035,0.5356329679489136,False,False,False,False,False,False,False,25.311630800362384,0.0,11.659353375434875,-4.580909907817841,0.5356329679489136
950.0,KL005,2,76.63371144215554,True,51.03010248951541,3.483228466722672,162.99999999999994,165.5846750214427,76.72308626978818,-0.9035745100434269,-0.06552428007125854,0.5047478675842285,KL0010,24.247339920758954,False,-0.07928967650514096,0.5047478675842285,False,False,False,False,False,False,False,25.317539660691246,0.0,0.903574526309967,-0.982864202815108,0.5047478675842285
950.0,KL007,2,63.8555881256492,True,52.6177945275494,3.6660582702752196,159.2625273215551,161.79574990888474,63.84978741885336,6.253153135540913,0.4223219156265259,0.18064355850219727,KL009,43.18613514684721,False,0.08167550142388791,0.18064355850219727,False,False,False,False,False,False,False,80.58076585782295,0.0,-6.25315323472023,6.334828736144118,0.18064355850219727
950.0,KL009,3,22.455761778067394,True,52.291433221146264,2.61421606826404,148.36000119153832,150.74031283988427,22.40777484099107,2.0046138014375288,0.11707115173339844,-0.39232826232910156,KL007,43.18613514684721,False,-0.2485465002246201,-0.39232826232910156,False,False,False,False,False,False,False,80.58076585782295,0.0,-2.004613783210516,1.7560672829858959,-0.39232826232910156
950.0,KL0010,2,15.435462742199952,True,51.43371181512767,3.505492444006487,162.99999999999994,165.5846750214427,15.49891273426598,-5.203265949569129,-0.30155110359191895,0.4913367033004761,KL005,24.247339920758954,False,0.679999329149723,0.4913367033004761,False,False,False,False,False,False,False,25.440864503162192,0.0,5.203265883028507,-4.523266553878784,0.4913367033004761
960.0,KL005,2,74.98027285106095,True,51.04477151735899,3.4873057330530357,162.99999999999994,165.5846750214427,75.0674433498344,-1.0043645298206627,-0.06998693943023682,0.5163599252700806,KL0010,22.547078166578032,False,-0.0454395281849429,0.5163599252700806,False,False,False,False,False,False,False,25.430374755359335,0.0,1.0043645650148392,-1.049804093199782,0.5163599252700806
960.0,KL007,2,62.242965995392645,True,52.632352234507174,3.664081385160276,159.88156162206104,162.423340807338,62.235496832732686,6.49873845768326,0.42761802673339844,0.17407464981079102,KL009,43.597979401992966,False,-0.08446790103334934,0.17407464981079102,False,False,False,False,False,False,False,81.36795624866178,0.0,-6.498738303780556,6.414270402747206,0.17407464981079102
960.0,KL009,3,20.960415109142144,True,52.30264077544198,2.602096381246948,147.01399067202925,149.37513870983923,20.914361585149372,1.881234302321218,0.09702956676483154,-0.38959646224975586,KL007,43.597979401992966,False,-0.4257908323779702,-0.38959646224975586,False,False,False,False,False,False,False,81.36795624866178,0.0,-1.881234347820282,1.4554435154423118,-0.38959646224975586
960.0,KL0010,2,13.790177559619956,True,51.420270294509486,3.49521325394099,162.99999999999994,165.5846750214427,13.848944642180353,-5.064281129632462,-0.3081737756729126,0.4883939027786255,KL005,22.547078166578032,False,0.4416745388880372,0.4883939027786255,False,False,False,False,False,False,False,25.494355460892816,0.0,5.064281187951565,-4.622606649063528,0.4883939027786255
970.0,KL005,2,73.32684599191788,True,51.05944257385679,3.4913657825871396,162.99999999999994,165.5846750214427,73.41183388362025,-1.073292228267718,-0.07685911655426025,0.5275347232818604,KL0010,20.861689797497387,False,-0.07959452632348984,0.5275347232818604,False,False,False,False,False,False,False,25.480945827672375,0.0,1.0732922237366438,-1.1528867500601336,0.5275347232818604
970.0,KL007,2,60.62460959410902,True,52.64696235125118,3.662060980994133,160.47806505268946,163.02807645342867,60.615461042320966,6.5853261296859955,0.43379008769989014,0.1677645444869995,KL009,44.014861965332166,False,-0.0784747302532196,0.1677645444869995,False,False,False,False,False,False,False,82.16464692428269,0.0,-6.585326045751572,6.506851315498352,0.1677645444869995
970.0,KL009,3,19.478233774210658,True,52.313691573206256,2.5899491847571836,145.67735348055766,148.0194104073526,19.434305238395112,1.566083589019513,0.07660877704620361,-0.38683021068573,KL007,44.014861965332166,False,-0.4169518640264869,-0.38683021068573,False,False,False,False,False,False,False,82.16464692428269,0.0,-1.5660835057497025,1.1491316417232156,-0.38683021068573
970.0,KL0010,2,12.145451170938848,True,51.40687857987492,3.4847712564696844,162.99999999999994,165.5846750214427,12.199312886665085,-5.250150139401967,-0.31388795375823975,0.48784399032592773,KL005,20.861689797497387,False,0.541830905713141,0.48784399032592773,False,False,False,False,False,False,False,25.54199188327073,0.0,5.250150226056576,-4.708319320343435,0.48784399032592773
980.0,KL005,2,71.67344837386668,True,51.07411716162466,3.4953946824753093,162.99999999999994,165.5846750214427,71.7562800640624,-1.1792829225869639,-0.08292460441589355,0.5385055541992188,KL0010,19.195490840003234,False,-0.06458616815507412,0.5385055541992188,False,False,False,False,False,False,False,25.530125170154566,0.0,1.1792828980833292,-1.2438690662384033,0.5385055541992188
980.0,KL007,2,59.00078855256119,True,52.661622996294675,3.659999572089251,161.05292528390765,163.610858155845,58.98994748209579,6.685814463443023,0.43938541412353516,0.16139113903045654,KL009,44.436607244790615,False,-0.09503312758170068,0.16139113903045654,False,False,False,False,False,False,False,82.97050234009185,0.0,-6.685814335942268,6.590781208360568,0.16139113903045654
980.0,KL009,3,18.0091668596163,True,52.324587875516855,2.577779598399842,144.3502077430934,146.67324937356688,17.96755155523712,1.2427665181635916,0.05670058727264404,-0.38368821144104004,KL007,44.436607244790615,False,-0.3922576876357198,-0.38368821144104004,False,False,False,False,False,False,False,82.97050234009185,0.0,-1.242766510695219,0.8505088230594993,-0.38368821144104004
980.0,KL0010,2,10.50132564724067,True,51.39354905209719,3.4741297896329577,162.99999999999994,165.5846750214427,10.55002068473316,-5.4472905322257645,-0.318656325340271,0.48678135871887207,KL005,19.195490840003234,False,0.6674457108601928,0.48678135871887207,False,False,False,False,False,False,False,25.5850241168923,0.0,5.447290576994419,-4.779844866134226,0.48678135871887207
990.0,KL005,2,70.02008074692377,True,51.088794593992965,3.4993985259692497,162.99999999999994,165.5846750214427,70.10078025155329,-1.2730274497615142,-0.08860504627227783,0.5493583679199219,KL0010,17.5546816125086,False,-0.056048251572065055,0.5493583679199219,False,False,False,False,False,False,False,25.574444831055146,0.0,1.2730274442583323,-1.3290756958303973,0.5493583679199219
990.0,KL007,2,57.371698882133195,True,52.67633177428774,3.6578901704872964,161.60592528861022,164.17146721741977,57.35915516683158,6.77786678065263,0.44464993476867676,0.15483331680297852,KL009,44.86251395176581,False,-0.10811805375851691,0.15483331680297852,False,False,False,False,False,False,False,83.7842046721859,0.0,-6.777867078781128,6.669749025022611,0.15483331680297852
990.0,KL009,3,16.553162004356658,True,52.33533410571542,2.565597357599134,143.03384210376618,145.33796441891997,16.514041129750684,0.925226468810024,0.03740978240966797,-0.38019251823425293,KL007,44.86251395176581,False,-0.3640797408297658,-0.38019251823425293,False,False,False,False,False,False,False,83.7842046721859,0.0,-0.925226490944624,0.5611467501148582,-0.38019251823425293
990.0,KL0010,2,8.857868008486815,True,51.380297766220316,3.463243325038579,162.99999999999994,165.5846750214427,8.901085057174924,-5.668868890299564,-0.3227667212486267,0.4847477674484253,KL005,17.5546816125086,False,0.8273680228739977,0.4847477674484253,False,False,False,False,False,False,False,25.618910484703132,0.0,5.668868869543076,-4.841500846669078,0.4847477674484253
1000.0,KL005,2,68.36674523726082,True,51.10347447980714,3.503380775890438,162.99999999999994,165.5846750214427,68.44533516699498,-1.3609916882452922,-0.09366214275360107,0.5600812435150146,KL0010,15.94810702666252,False,-0.04394047980895266,0.5600812435150146,False,False,False,False,False,False,False,25.60955357830412,0.0,1.3609916623681784,-1.404932142177131,0.5600812435150146
1000.0,KL007,2,55.73755465244801,True,52.69108628765448,3.655727212700099,162.13643265552926,164.70926382475548,55.7233005526753,6.865295180182557,0.4510939121246338,0.1492396593093872,KL009,45.291899519293615,False,-0.09888634085655212,0.1492396593093872,False,False,False,False,False,False,False,84.60447107859122,0.0,-6.865295022726059,6.766408681869507,0.1492396593093872
1000.0,KL009,3,15.110151765146217,True,52.345935243901835,2.553412799358971,141.7294695665928,144.01478782678083,15.073698499616919,0.614657778890944,0.018898487091064453,-0.3763924241065979,KL007,45.291899519293615,False,-0.331180477514863,-0.3763924241065979,False,False,False,False,False,False,False,84.60447107859122,0.0,-0.6146577838808298,0.2834773063659668,-0.3763924241065979
1000.0,KL0010,2,7.2152044130420245,True,51.36714596418626,3.452054610692308,162.99999999999994,165.5846750214427,7.252567089379998,-5.9465077569639675,-0.3259684443473816,0.48144853115081787,KL005,15.94810702666252,False,1.0569810401648283,0.48144853115081787,False,False,False,False,False,False,False,25.638259909880606,0.0,5.946507677435875,-4.889526637271047,0.48144853115081787
1010.0,KL005,2,66.71344117810612,True,51.118156279240445,3.5073463571622256,162.99999999999994,165.5846750214427,66.78994229452641,-1.4395128082288409,-0.09774667024612427,0.5706604719161987,KL0010,14.388927011348866,False,-0.02668730914592743,0.5706604719161987,False,False,False,False,False,False,False,25.63011870686839,0.0,1.4395127445459366,-1.466200053691864,0.5706604719161987
1010.0,KL007,2,54.0986198653531,True,52.705884941107364,3.653514563541148,162.64775418116196,165.227601387205,54.082644405426784,6.971472213794868,0.45933425426483154,0.14309072494506836,KL009,45.724365980118776,False,-0.08145846251863986,0.14309072494506836,False,False,False,False,False,False,False,85.43055303071921,0.0,-6.971472278237343,6.890013815718703,0.14309072494506836
1010.0,KL009,3,13.680055052634945,True,52.35639696362465,2.541237198817834,140.43813407501054,142.70478055575305,13.646433323490667,0.31305040449683474,0.001367807388305664,-0.3724181652069092,KL007,45.724365980118776,False,-0.2925332821905613,-0.3724181652069092,False,False,False,False,False,False,False,85.43055303071921,0.0,-0.31305040000006557,0.02051711780950427,-0.3724181652069092
1010.0,KL0010,2,5.5735509574312,True,51.354125241733094,3.4404824647795613,162.99999999999994,165.5846750214427,5.60458805532595,-6.333458672697134,-0.2568299174308777,0.5999687910079956,KL005,14.388927011348866,False,2.4810098111629486,0.5999687910079956,False,False,False,False,False,False,False,25.64046413004946,0.0,6.333458572626114,-3.8524487614631653,0.5999687910079956
1020.0,KL005,2,65.0601636326793,True,51.13283923669811,3.5113023022837107,162.99999999999994,165.5846750214427,65.13459420876097,-1.5032129777473529,0.3093984127044678,0.6538220643997192,KL009,82.59105551839082,False,6.144189164042473,0.6538220643997192,False,False,False,False,False,False,False,152.69018326466244,0.0,1.5032130293548107,4.640976134687662,0.6538220643997192
1020.0,KL007,2,52.45660325663806,True,52.72071365051605,3.6512615763421383,162.99999999999994,165.5846750214427,52.43889109226476,7.1058526001423274,0.7096304893493652,0.18822073936462402,KL009,46.15929661158249,False,3.538605161011219,0.18822073936462402,False,False,False,False,False,False,False,86.26129835937577,0.0,-7.1058522909879684,10.644457451999187,0.18822073936462402
1020.0,KL009,3,12.262780750892444,True,52.36672571777951,2.5290830495072316,139.16043290777256,141.40855056030787,12.232143782310283,0.02284533071036776,0.10847163200378418,-0.3684126138687134,KL007,46.15929661158249,False,1.604229211807251,-0.3684126138687134,False,False,False,False,False,False,False,86.26129835937577,0.0,-0.02284533024067059,1.6270745420479216,-0.3684126138687134
1030.0,KL005,2,63.41142486795156,True,51.147228196094154,3.5173823545645444,162.99999999999994,165.5846750214427,63.48310143239065,4.738029061946918,0.28704357147216797,0.6574554443359375,KL009,82.66658724395494,False,-0.4323754459619522,0.6574554443359375,False,False,False,False,False,False,False,152.8326366061282,0.0,-4.738029018044472,4.3056535720825195,0.6574554443359375
1030.0,KL007,2,50.831297251371545,True,52.73559561084794,3.6504235638309166,162.99999999999994,165.5846750214427,50.810914159102914,10.98007178986336,0.713674783706665,0.2048048973083496,KL009,46.619571623719,False,-0.2749501238577068,0.2048048973083496,False,False,False,False,False,False,False,87.14017705556218,0.0,-10.980071872472763,10.705121748615056,0.2048048973083496
1030.0,KL009,3,10.859241076960327,True,52.37716251602744,2.517510535241959,137.89647334297126,140.12620872411145,10.83131356953137,1.8373124094665627,0.08114635944366455,-0.3670506477355957,KL007,46.619571623719,False,-0.6201169593259692,-0.3670506477355957,False,False,False,False,False,False,False,87.14017705556218,0.0,-1.8373123370110989,1.2171953776851296,-0.3670506477355957
1040.0,KL005,2,61.7632958578628,True,51.16159115546811,3.523650982340873,162.99999999999994,165.5846750214427,61.83219437635948,4.420168023658277,0.2852182388305664,0.665595293045044,KL009,82.74442099909989,False,-0.14189455658197403,0.665595293045044,False,False,False,False,False,False,False,152.97969355612653,0.0,-4.42016813904047,4.278273582458496,0.665595293045044
1040.0,KL007,2,49.20761621310487,True,52.750477971642255,3.6495672063094236,162.99999999999994,165.5846750214427,49.184479339430474,11.061579566889634,0.7121922969818115,0.20357394218444824,KL009,47.08656459861026,False,-0.3786950558423996,0.20357394218444824,False,False,False,False,False,False,False,88.03167226832025,0.0,-11.061579510569572,10.682884454727173,0.20357394218444824
1040.0,KL009,3,9.468007692332149,True,52.38742766498158,2.5058582805696976,136.63718882666123,138.84855809868287,9.443007993534655,1.3959680337574696,0.055902957916259766,-0.35759568214416504,KL007,47.08656459861026,False,-0.557423634454608,-0.35759568214416504,False,False,False,False,False,False,False,88.03167226832025,0.0,-1.3959680031985044,0.8385443687438965,-0.35759568214416504
1050.0,KL005,2,60.11504733945442,True,51.17596380792431,3.5298648146122957,162.99999999999994,165.5846750214427,60.18122400993025,4.395199861888472,0.2819337844848633,0.6731886863708496,KL009,82.81894598831165,False,-0.16619302332401276,0.6731886863708496,False,False,False,False,False,False,False,153.12107248869557,0.0,-4.395199790596962,4.229006767272949,0.6731886863708496
1050.0,KL007,2,47.5838399221095,True,52.7653565808957,3.648548036677918,162.99999999999994,165.5846750214427,47.55795654029039,11.050839538816888,0.7104618549346924,0.20103096961975098,KL009,47.55458217966276,False,-0.3939114371314645,0.20103096961975098,False,False,False,False,False,False,False,88.9250953204875,0.0,-11.050839275121689,10.656927837990224,0.20103096961975098
1050.0,KL009,3,8.088884220113052,True,52.39753141171234,2.494146559593719,135.41033531075496,137.60376201613494,8.067016148704674,0.9814196781413784,0.03135800361633301,-0.34818029403686523,KL007,47.55458217966276,False,-0.5110496236011386,-0.34818029403686523,False,False,False,False,False,False,False,88.9250953204875,0.0,-0.9814196918159723,0.47037006821483374,-0.34818029403686523
1060.0,KL005,2,58.46662911572051,True,51.190347701246885,3.5360140497775556,162.99999999999994,165.5846750214427,58.5301421623168,4.347867386231428,0.2788856029510498,0.68064284324646,KL009,82.89020667615114,False,-0.16458347789011896,0.68064284324646,False,False,False,False,False,False,False,153.25687626609994,0.0,-4.347867518663406,4.183284040773287,0.68064284324646
1060.0,KL007,2,45.95994459076484,True,52.780230598198074,3.647359458610213,162.99999999999994,165.5846750214427,45.9313279414157,11.037064005027787,0.708572268486023,0.1981140375137329,KL009,48.02273327057835,False,-0.40848010685294867,0.1981140375137329,False,False,False,False,False,False,False,89.8187719407538,0.0,-11.037064120173454,10.628584013320506,0.1981140375137329
1060.0,KL009,3,6.721621959713839,True,52.407482260880016,2.4823897892383506,134.21577695628744,136.39168679773647,6.703078241778916,0.565954615832311,0.00802922248840332,-0.3387147784233093,KL007,48.02273327057835,False,-0.4455162584781647,-0.3387147784233093,False,False,False,False,False,False,False,89.8187719407538,0.0,-0.5659546097740531,0.12043835129588842,-0.3387147784233093
1070.0,KL005,2,56.818051740106235,True,51.204742607303224,3.5420992429540994,162.99999999999994,165.5846750214427,56.87895807376819,4.304292957985496,0.27593696117401123,0.6878941059112549,KL009,82.95854176899576,False,-0.16523860744200647,0.6878941059112549,False,False,False,False,False,False,False,153.38775065201756,0.0,-4.304293021559715,4.139054414117709,0.6878941059112549
1070.0,KL007,2,44.33591383154636,True,52.79509911120029,3.645995161054477,162.99999999999994,165.5846750214427,44.3045833417065,11.021708491740526,0.7080137729644775,0.1969510316848755,KL009,48.48991829356166,False,-0.4015018790960312,0.1969510316848755,False,False,False,False,False,False,False,90.71063995368047,0.0,-11.021708473563194,10.620206594467163,0.1969510316848755
1070.0,KL009,3,5.365971264503329,True,52.41729117513158,2.470607031020693,133.05368557935216,135.2125107838996,5.350928973815431,0.15077679902861973,-0.013863980770111084,-0.32924914360046387,KL007,48.48991829356166,False,-0.3587364871054888,-0.32924914360046387,False,False,False,False,False,False,False,90.71063995368047,0.0,-0.15077679650858045,-0.20795969059690833,-0.32924914360046387
1080.0,KL005,2,55.16932077008177,True,51.2191484504417,3.5481200427664192,162.99999999999994,165.5846750214427,55.22767627975066,4.262384567085036,0.33750689029693604,0.7239894866943359,KL007,95.5794608824625,False,0.8002188708633184,0.7239894866943359,False,False,False,False,False,False,False,176.89396434625007,0.0,-4.262384511530399,5.062603382393718,0.7239894866943359
1080.0,KL007,2,42.711860869892,True,52.80996147746555,3.6444580874840393,162.99999999999994,165.5846750214427,42.677835578064986,11.028067793571893,0.5434484481811523,0.030812501907348633,KL005,95.5794608824625,False,-2.8763412684202194,0.030812501907348633,False,False,False,False,False,False,False,176.89396434625007,0.0,-11.028067991137505,8.151726722717285,0.030812501907348633
1090.0,KL005,2,53.52287513359051,True,51.23350021416105,3.5544634076321864,162.99999999999994,165.5846750214427,53.578625903907835,5.218047571193949,0.33482885360717773,0.7299749851226807,KL007,95.59446619499121,False,-0.19561473978683352,0.7299749851226807,False,False,False,False,False,False,False,176.92178674862316,0.0,-5.21804753690958,5.022432797122747,0.7299749851226807
1090.0,KL007,2,41.075623038682394,True,52.82476189237087,3.6417437203802754,162.99999999999994,165.5846750214427,41.03970915960468,8.483238102523046,0.5328651666641235,0.00803995132446289,KL005,95.59446619499121,False,-0.49026086926460266,0.00803995132446289,False,False,False,False,False,False,False,176.92178674862316,0.0,-8.483238369226456,7.992977499961853,0.00803995132446289
1100.0,KL005,2,51.87626057552299,True,51.247865456612196,3.56073044807929,162.99999999999994,165.5846750214427,51.92946947637914,5.181568047348861,0.33308708667755127,0.7360610961914062,KL007,95.60854614928391,False,-0.18526185303926468,0.7360610961914062,False,False,False,False,False,False,False,176.9478713424949,0.0,-5.181568153202534,4.996306300163269,0.7360610961914062
1100.0,KL007,2,39.43801570080984,True,52.83954404024378,3.638763584410587,162.99999999999994,165.5846750214427,39.40036028117173,8.326411328784161,0.5304572582244873,0.0018758773803710938,KL005,95.60854614928391,False,-0.36955274641513824,0.0018758773803710938,False,False,False,False,False,False,False,176.9478713424949,0.0,-8.326411619782448,7.95685887336731,0.0018758773803710938
1110.0,KL005,2,50.229517523751696,True,51.26224331005144,3.566925196742667,162.99999999999994,165.5846750214427,50.280245002294315,5.159832885786784,0.33146655559539795,0.7419664859771729,KL007,95.62230639108276,False,-0.18783453153446317,0.7419664859771729,False,False,False,False,False,False,False,176.9733433786974,0.0,-5.159832872450352,4.9719983409158885,0.7419664859771729
1110.0,KL007,2,37.80022402085541,True,52.85431426813936,3.6356246271585215,162.99999999999994,165.5846750214427,37.76089537197186,8.303266636048306,0.5283606052398682,-0.003638148307800293,KL005,95.62230639108276,False,-0.3778577456250787,-0.003638148307800293,False,False,False,False,False,False,False,176.9733433786974,0.0,-8.30326683819294,7.925409092567861,-0.003638148307800293
1120.0,KL005,2,48.58265245338584,True,51.27663379613647,3.5730465129221445,162.99999999999994,165.5846750214427,48.63095801390333,5.1402757637813465,0.3299410343170166,0.747642993927002,KL007,95.6356504824775,False,-0.19116036593914032,0.747642993927002,False,False,False,False,False,False,False,176.9980286907994,0.0,-5.140275880694389,4.949115514755249,0.747642993927002
1120.0,KL007,2,36.16239499856137,True,52.8690704988329,3.632323591392965,162.98700497802605,165.57150197166786,36.12146707833472,8.286150059126498,0.5259406566619873,-0.00921565294265747,KL005,95.6356504824775,False,-0.3970404854044318,-0.00921565294265747,False,False,False,False,False,False,False,176.9980286907994,0.0,-8.286150321364403,7.889109835959971,-0.00921565294265747
1130.0,KL005,2,46.935670722238534,True,51.291036979749656,3.5790929501593487,162.99999999999994,165.5846750214427,46.9816129923774,5.122526873095296,0.32831740379333496,0.7531001567840576,KL007,95.64841844055579,False,-0.19776597619056702,0.7531001567840576,False,False,False,False,False,False,False,177.02163565193356,0.0,-5.122527033090591,4.924761056900024,0.7531001567840576
1130.0,KL007,2,34.52469388002958,True,52.88380966555302,3.628852766054328,162.95488123868256,165.5389381208236,34.48225052192554,8.265270201255476,0.523082971572876,-0.014817535877227783,KL005,95.64841844055579,False,-0.4190254211425781,-0.014817535877227783,False,False,False,False,False,False,False,177.02163565193356,0.0,-8.265269994735718,7.84624457359314,-0.014817535877227783
1140.0,KL005,2,45.288569873953726,True,51.30545313092295,3.5850617380988425,162.99999999999994,165.5846750214427,45.33220690511634,5.103626758939868,0.3267463445663452,0.7583261728286743,KL007,95.6604290923535,False,-0.20243167877197266,0.7583261728286743,False,False,False,False,False,False,False,177.04383360016078,0.0,-5.103626847267151,4.901195168495178,0.7583261728286743
1140.0,KL007,2,32.88727864270753,True,52.8985284901713,3.625203337322957,162.9035452342375,165.4868987097926,32.84341515395005,8.23898654379991,0.5198030471801758,-0.02041548490524292,KL005,95.6604290923535,False,-0.4419406643137336,-0.02041548490524292,False,False,False,False,False,False,False,177.04383360016078,0.0,-8.238986358046532,7.797045693732798,-0.02041548490524292
1150.0,KL005,2,43.64135361858489,True,51.319882377706456,3.5909508790909572,162.99999999999994,165.5846750214427,43.682742649100604,5.085956903707711,0.3252671957015991,0.7633218765258789,KL007,95.67150383686364,False,-0.20694885402917862,0.7633218765258789,False,False,False,False,False,False,False,177.0642968317847,0.0,-5.085956789553165,4.879007935523987,0.7633218765258789
1150.0,KL007,2,31.25030779760573,True,52.91322354212582,3.6213661982364416,162.83301051752133,165.41539737038275,31.205131959503877,8.207723572644966,0.5161263942718506,-0.025969624519348145,KL005,95.67150383686364,False,-0.46582795679569244,-0.025969624519348145,False,False,False,False,False,False,False,177.0642968317847,0.0,-8.207723870873451,7.741895914077759,-0.025969624519348145
1160.0,KL005,2,41.994027256487094,True,51.33432482613099,3.596758429348643,162.99999999999994,165.5846750214427,42.03322466978779,5.070182480066677,0.3238712549209595,0.7680907249450684,KL007,95.6814603880469,False,-0.21211355226114392,0.7680907249450684,False,False,False,False,False,False,False,177.08269305097465,0.0,-5.070182383060455,4.858068830799311,0.7680907249450684
1160.0,KL007,2,29.61393968768706,True,52.92789123649946,3.617331941334119,162.74342739942495,165.32458632750723,29.56757281814152,8.172108340141222,0.5119457244873047,-0.031415462493896484,KL005,95.6814603880469,False,-0.4929222911596298,-0.031415462493896484,False,False,False,False,False,False,False,177.08269305097465,0.0,-8.1721081584692,7.67918586730957,-0.031415462493896484
1170.0,KL005,2,40.34659574521568,True,51.34878061013108,3.6024821777378717,162.99999999999994,165.5846750214427,40.38365710275161,5.056230630556257,0.32154738903045654,0.7727019786834717,KL007,95.69010445765298,False,-0.23301969515159726,0.7727019786834717,False,False,False,False,False,False,False,177.09866800444382,0.0,-5.056230537593365,4.8232108424417675,0.7727019786834717
1170.0,KL007,2,27.97832132705181,True,52.942527740635725,3.6130899201562343,162.63516737461836,165.21484198542035,27.93090032987015,8.13071841792214,0.5098096132278442,-0.034571170806884766,KL005,95.69010445765298,False,-0.48357412219047546,-0.034571170806884766,False,False,False,False,False,False,False,177.09866800444382,0.0,-8.130718320608139,7.647144198417664,-0.034571170806884766
1180.0,KL005,2,38.69902405922285,True,51.36325081569371,3.608113540363155,162.99999999999994,165.5846750214427,38.734005390730225,5.028364692350891,0.31593918800354004,0.7773096561431885,KL007,95.69732495897793,False,-0.2892769128084183,0.7773096561431885,False,False,False,False,False,False,False,177.1120217191644,0.0,-5.028364732861519,4.739087820053101,0.7773096561431885
1180.0,KL007,2,26.343691480488737,True,52.95713146714725,3.6086448389729715,162.51608479215923,165.09412621311864,26.29535377912123,8.124504759106571,0.5078802108764648,-0.03730642795562744,KL005,95.69732495897793,False,-0.5063018202781677,-0.03730642795562744,False,False,False,False,False,False,False,177.1120217191644,0.0,-8.12450498342514,7.618203163146973,-0.03730642795562744
1190.0,KL005,2,37.05118623813542,True,51.37773859155647,3.6136295838655896,162.99999999999994,165.5846750214427,37.08414665821881,4.949672453364087,0.3102008104324341,0.781679630279541,KL007,95.70279752894433,False,-0.2966602589003742,0.781679630279541,False,False,False,False,False,False,False,177.1221596429761,0.0,-4.949672408401966,4.653012149501592,0.781679630279541
1190.0,KL007,2,24.71015000132485,True,52.971699457471644,3.603987853006869,162.38762167693397,164.96390068315765,24.66104680424839,8.124969990899046,0.5059020519256592,-0.039923131465911865,KL005,95.70279752894433,False,-0.5364389112219214,-0.039923131465911865,False,False,False,False,False,False,False,177.1221596429761,0.0,-8.12496967613697,7.588530764915049,-0.039923131465911865
1200.0,KL005,2,35.40308304716571,True,51.3922440026079,3.619027101915689,162.99999999999994,165.5846750214427,35.43408028411722,4.869442598842738,0.3045088052749634,0.7858264446258545,KL007,95.70635263135318,False,-0.3018104354850948,0.7858264446258545,False,False,False,False,False,False,False,177.1287739620076,0.0,-4.869442507624626,4.567632072139531,0.7858264446258545
1200.0,KL007,2,23.077774609837004,True,52.98622826745479,3.599107100187547,162.25018465344746,164.8245774715593,23.028074740692823,8.12876832281853,0.5038361549377441,-0.042464256286621094,KL005,95.70635263135318,False,-0.57122603058815,-0.042464256286621094,False,False,False,False,False,False,False,177.1287739620076,0.0,-8.128768354654312,7.557542324066162,-0.042464256286621094
1210.0,KL005,2,33.75472218718031,True,51.40676695594788,3.624303784589087,162.99999999999994,165.5846750214427,33.783812365343,4.790512814910386,0.29886484146118164,0.7897565364837646,KL007,95.70781129959867,False,-0.3075401787646115,0.7897565364837646,False,False,False,False,False,False,False,177.1315397271601,0.0,-4.790512807667255,4.482972628902644,0.7897565364837646
1210.0,KL007,2,21.446636804836793,True,53.000714025041304,3.5939889050717917,162.10403295687996,164.67641924030346,21.396529623488128,8.136191742603387,0.5026652812957764,-0.04527080059051514,KL005,95.70781129959867,False,-0.5962128192186356,-0.04527080059051514,False,False,False,False,False,False,False,177.1315397271601,0.0,-8.136192038655281,7.5399792194366455,-0.04527080059051514
1220.0,KL005,2,32.106111371645085,True,51.421307370084044,3.629457079580029,162.99999999999994,165.5846750214427,32.13334903350085,4.713002578595763,0.293251633644104,0.7934811115264893,KL007,95.7070121320758,False,-0.3142281621694565,0.7934811115264893,False,False,False,False,False,False,False,177.12994566470596,0.0,-4.7130026668310165,4.39877450466156,0.7934811115264893
1220.0,KL007,2,19.816883131647906,True,53.015153082779065,3.588623905944125,161.94825632516452,164.51850308555834,19.766574547601184,8.16440402922791,0.5015203952789307,-0.04796344041824341,KL005,95.7070121320758,False,-0.6415982684120536,-0.04796344041824341,False,False,False,False,False,False,False,177.12252566595262,0.0,-8.164404183626175,7.522805915214121,-0.04796344041824341
1230.0,KL005,2,30.45725765067674,True,51.43586519204003,3.6344840366773092,162.99999999999994,165.5846750214427,30.482695799762716,4.636752377376865,0.28767216205596924,0.7970011234283447,KL007,95.70372171480295,False,-0.3216700558550656,0.7970011234283447,False,False,False,False,False,False,False,177.11715085774705,0.0,-4.6367524936795235,4.315082437824458,0.7970011234283447
1230.0,KL007,2,18.18859629373573,True,53.029540444242116,3.5829943747990387,161.78324543868942,164.35122489555604,18.138319141883855,8.201169465015198,0.5003268718719482,-0.05055195093154907,KL005,95.70372171480295,False,-0.6962661305442452,-0.05055195093154907,False,False,False,False,False,False,False,177.09994928691435,0.0,-8.201169222593307,7.504903092049062,-0.05055195093154907
1240.0,KL005,2,28.808168197117528,True,51.45044038053978,3.639381389051027,162.99999999999994,165.5846750214427,28.831858317517657,4.56194690618446,0.28212296962738037,0.8003209829330444,KL007,95.69766451519945,False,-0.33010248094797134,0.8003209829330444,False,False,False,False,False,False,False,177.0906056946949,0.0,-4.561947025358677,4.231844544410706,0.8003209829330444
1240.0,KL007,2,16.561849303131762,True,53.043870209551045,3.5770789753813115,161.60935745144658,164.17494657114173,16.511869217771267,8.247653872423882,0.49908769130706787,-0.053047776222229004,KL005,95.69766451519945,False,-0.7613385748118162,-0.053047776222229004,False,False,False,False,False,False,False,177.0614555782505,0.0,-8.247653916478157,7.486315341666341,-0.053047776222229004
1250.0,KL005,2,27.158850096564535,True,51.46503291321384,3.644145454964886,162.99999999999994,165.5846750214427,27.18084218089771,4.48870226993003,0.2766016721725464,0.8034449815750122,KL007,95.68851265346105,False,-0.3396771918050945,0.8034449815750122,False,False,False,False,False,False,False,177.04752126655475,0.0,-4.488702267408371,4.1490250756032765,0.8034449815750122
1250.0,KL007,2,14.936711373236852,True,53.05813535874407,3.5708523926512186,161.42691026733314,163.98999022352305,14.88733371441318,8.307303129347417,0.49779295921325684,-0.05546826124191284,KL005,95.68851265346105,False,-0.8404085040092468,-0.05546826124191284,False,False,False,False,False,False,False,177.00672474973982,0.0,-8.3073028922081,7.4668943881988525,-0.05546826124191284
1260.0,KL005,2,25.509310424677423,True,51.479642787475974,3.648772073543763,162.99999999999994,165.5846750214427,25.529653002170924,4.417195398942027,0.2536754608154297,0.6752604246139526,KL007,95.67586495363157,False,-0.6120633333921432,0.6752604246139526,False,False,False,False,False,False,False,176.98337529046756,0.0,-4.417195245623589,3.8051319122314453,0.6752604246139526
1260.0,KL007,2,13.313248220708738,True,53.07232732241687,3.5642839775263377,161.23616230252716,163.79661765790203,13.264827470934458,8.385001895943446,0.4964083433151245,-0.057841479778289795,KL005,95.67586495363157,False,-0.9388766717165709,-0.057841479778289795,False,False,False,False,False,False,False,176.94421499971128,0.0,-8.385001793503761,7.44612512178719,-0.057841479778289795
1270.0,KL005,2,23.858985454019027,True,51.4942826128566,3.6531492750801293,162.99999999999994,165.5846750214427,23.87773989911085,4.068168418939024,0.2444401979446411,0.679957389831543,KL007,95.65831396446012,False,-0.4015654558315873,0.679957389831543,False,False,False,False,False,False,False,176.9309360390321,0.0,-4.068168438971043,3.6666029831394553,0.679957389831543
1270.0,KL007,2,11.691522688705623,True,53.086435319724856,3.557335723562609,161.03727568977524,163.59499306993294,11.644475622858454,8.487996389336388,0.4916679859161377,-0.05530649423599243,KL005,95.65831396446012,False,-1.112976847216487,-0.05530649423599243,False,False,False,False,False,False,False,176.89405662392755,0.0,-8.487996608018875,7.375019760802388,-0.05530649423599243
1280.0,KL005,2,22.20834897437487,True,51.50894118132175,3.6573629451249463,162.99999999999994,165.5846750214427,22.225561169596435,3.9389621758928115,0.2367537021636963,0.6848480701446533,KL007,95.6358513170017,False,-0.387656525708735,0.6848480701446533,False,False,False,False,False,False,False,176.8841823566351,0.0,-3.938962072134018,3.551305546425283,0.6848480701446533
1280.0,KL007,2,10.071195016400544,True,53.100443055042774,3.5499389014598237,160.84708376251191,163.40218153601816,10.026049364947927,8.572384265364803,0.48454928398132324,-0.050733983516693115,KL005,95.6358513170017,False,-1.3041450083255768,-0.050733983516693115,False,False,False,False,False,False,False,176.8516296743715,0.0,-8.572384268045425,7.268239259719849,-0.050733983516693115
1290.0,KL005,2,20.557459755776605,True,51.523617160618294,3.6614184986536404,162.99999999999994,165.5846750214427,20.573172420036535,3.8363451174157888,0.22929680347442627,0.6896898746490479,KL007,95.60766175696378,False,-0.39689304772764444,0.6896898746490479,False,False,False,False,False,False,False,176.84410535261125,0.0,-3.836345113813877,3.4394520660862327,0.6896898746490479
1290.0,KL007,2,8.45193016910731,True,53.11433101520478,3.542019102278665,160.67257444381187,163.22526747441455,8.409343641841676,8.673983422424897,0.47674691677093506,-0.04603290557861328,KL005,95.60766175696378,False,-1.5227799117565155,-0.04603290557861328,False,False,False,False,False,False,False,176.8184173509582,0.0,-8.673983663320541,7.151203751564026,-0.04603290557861328
1300.0,KL005,2,18.90633430533381,True,51.53831026955633,3.665311842268284,162.99999999999994,165.5846750214427,18.920588321066646,3.7396856029697005,0.22191298007965088,0.6944407224655151,KL007,95.57259697495587,False,-0.410990989767015,0.6944407224655151,False,False,False,False,False,False,False,176.8130293864246,0.0,-3.7396856769919395,3.3286946872249246,0.6944407224655151
1300.0,KL007,2,6.833536373450828,True,53.12807419478332,3.5334929633512293,160.51418862144467,163.0646981470449,6.794322408557671,8.861897166385404,0.46829891204833984,-0.04154777526855469,KL005,95.57259697495587,False,-1.837413590401411,-0.04154777526855469,False,False,False,False,False,False,False,176.7977576058205,0.0,-8.861897215247154,7.024483624845743,-0.04154777526855469
1310.0,KL005,2,17.254984437933903,True,51.55302037353376,3.6690368659154635,162.99999999999994,165.5846750214427,17.26781905176229,3.64713407231784,0.21519088745117188,0.6988415718078613,KL007,95.52894273065772,False,-0.4192707175388932,0.6988415718078613,False,False,False,False,False,False,False,176.79395727774082,0.0,-3.64713404327631,3.2278633257374167,0.6988415718078613
1310.0,KL007,2,5.21602937633466,True,53.141636393280926,3.524251266946208,160.37118562447355,162.91972294104363,5.181212506473957,9.233985634916962,0.45781373977661133,-0.03698885440826416,KL005,95.52894273065772,False,-2.3667792230844498,-0.03698885440826416,False,False,False,False,False,False,False,176.7923940590567,0.0,-9.23398531973362,6.86720609664917,-0.03698885440826416
1320.0,KL005,2,15.603438486816128,True,51.56774703500627,3.6725898474522025,162.99999999999994,165.5846750214427,15.61489104245607,3.5694105058546484,0.11462879180908203,0.7080602645874023,,inf,False,-1.8499787338078022,0.7080602645874023,False,False,False,False,False,False,False,inf,0.0,-3.569410666823387,1.719431933015585,0.7080602645874023
1330.0,KL005,2,13.949756654718067,True,51.58253650164526,3.6753882675458627,162.99999999999994,165.5846750214427,13.959912232982392,1.9262192394469366,0.1017003059387207,0.7114516496658325,,inf,False,-0.40071460884064436,0.7114516496658325,False,False,False,False,False,False,False,inf,0.0,-1.9262191839516163,1.525504575110972,0.7114516496658325
1340.0,KL005,2,12.295852450707187,True,51.59733854679765,3.678009919411284,162.99999999999994,165.5846750214427,12.304735895851277,1.730500085059532,0.07440054416656494,0.7834137678146362,,inf,False,-0.614491906017065,0.7834137678146362,False,False,False,False,False,False,False,inf,0.0,-1.7305000685155392,1.1160081624984741,0.7834137678146362
1350.0,KL005,2,10.641614800999692,True,51.612157208710705,3.6803766734404904,162.99999999999994,165.5846750214427,10.649254857910144,1.2893295849947322,0.06400525569915771,0.7845895290374756,,inf,False,-0.32925073290243745,0.7845895290374756,False,False,False,False,False,False,False,inf,0.0,-1.2893295753747225,0.960078842472285,0.7845895290374756
1360.0,KL005,2,8.987271725306535,True,51.6269840728495,3.6826070068917294,162.99999999999994,165.5846750214427,8.993685312530568,1.136663971395052,0.055310726165771484,0.7863578796386719,,inf,False,-0.3070030454546213,0.7863578796386719,False,False,False,False,False,False,False,inf,0.0,-1.1366639379411936,0.8296608924865723,0.7863578796386719
1370.0,KL005,2,7.332850598168203,True,51.64181814388052,3.684710037939411,162.99999999999994,165.5846750214427,7.338052650981054,1.016722178669454,0.04700934886932373,0.7881271839141846,,inf,False,-0.31158193247392774,0.7881271839141846,False,False,False,False,False,False,False,inf,0.0,-1.016722172498703,0.7051402400247753,0.7881271839141846
1380.0,KL005,2,5.678364256728475,True,51.65665909382469,3.686683711820661,162.99999999999994,165.5846750214427,5.682368671337712,0.9104877440991572,0.03896009922027588,0.7898285388946533,,inf,False,-0.32608627108857036,0.7898285388946533,False,False,False,False,False,False,False,inf,0.0,-0.9104877524077892,0.5844014813192189,0.7898285388946533
