waypoint_reached,flight_time,intrusion_events,intrusion_time,restricted_area_events,time_in_restricted_area,sector_exit_events,time_outside_sector,total_reward
1.0,632.0,3.0,248.0,0.0,0.0,0.0,0.0,-197.12334362666488
1.0,646.0,1.0,46.0,0.0,0.0,0.0,0.0,-6.092702205180366
1.0,652.0,0.0,0.0,0.0,0.0,0.0,0.0,37.41016712727195
1.0,683.0,0.0,0.0,1.0,329.0,0.0,0.0,-127.09108209207517
1.0,690.0,1.0,59.0,0.0,0.0,0.0,0.0,-18.38820542610174
1.0,706.0,6.0,350.0,0.0,0.0,0.0,0.0,-293.58559911998697
1.0,719.0,1.0,59.0,0.0,0.0,0.0,0.0,-18.388245164692954
1.0,744.0,2.0,151.0,0.0,0.0,0.0,0.0,-105.39222297133043
1.0,769.0,3.0,271.0,0.0,0.0,0.0,0.0,-218.8750334794964
1.0,782.0,1.0,46.0,0.0,0.0,0.0,0.0,-6.094475230961315
1.0,783.0,0.0,0.0,1.0,180.0,0.0,0.0,-52.591835175743874
1.0,804.0,1.0,59.0,0.0,0.0,0.0,0.0,-18.388188661654148
1.0,847.0,0.0,0.0,1.0,276.0,0.0,0.0,-100.59305619155803
1.0,857.0,0.0,0.0,1.0,30.0,0.0,0.0,22.406934752611757
1.0,886.0,3.0,606.0,0.0,0.0,0.0,0.0,-535.6861511553578
1.0,891.0,4.0,552.0,0.0,0.0,0.0,0.0,-484.61867489943984
1.0,899.0,2.0,207.0,0.0,0.0,0.0,0.0,-158.3526556276611
1.0,899.0,2.0,230.0,0.0,0.0,0.0,0.0,-180.10326298675045
1.0,947.0,0.0,0.0,0.0,0.0,0.0,0.0,37.40533035307515
1.0,1082.0,0.0,0.0,0.0,0.0,0.0,0.0,37.40437562537391
1.0,647.0,0.0,0.0,0.0,0.0,0.0,0.0,37.40984792065901
1.0,701.0,0.0,0.0,1.0,180.0,0.0,0.0,-52.59137646875292
1.0,711.0,0.0,0.0,0.0,0.0,0.0,0.0,37.40873048865374
1.0,733.0,1.0,42.0,2.0,297.0,0.0,0.0,-150.81133085808318
1.0,807.0,0.0,0.0,1.0,3.0,0.0,0.0,35.90744604114622
1.0,628.0,1.0,55.0,0.0,0.0,0.0,0.0,-14.604905121103528
1.0,700.0,0.0,0.0,0.0,0.0,0.0,0.0,37.408458054717116
1.0,720.0,1.0,55.0,1.0,33.0,0.0,0.0,-31.104725559386004
1.0,938.0,0.0,0.0,0.0,0.0,0.0,0.0,37.40526991166664
1.0,752.0,0.0,0.0,1.0,195.0,0.0,0.0,-60.092394747139295
1.0,965.0,1.0,60.0,0.0,0.0,0.0,0.0,-19.335549152438375
1.0,776.0,0.0,0.0,1.0,344.0,0.0,0.0,-134.59260866566396
1.0,795.0,0.0,0.0,1.0,273.0,0.0,0.0,-99.0920712933518
1.0,989.0,2.0,111.0,1.0,19.0,0.0,0.0,-77.06689592018165
1.0,993.0,1.0,42.0,1.0,159.0,0.0,0.0,-81.81443484761373
1.0,1026.0,1.0,51.0,2.0,472.0,0.0,0.0,-246.8257132733626
1.0,990.0,1.0,42.0,3.0,530.0,0.0,0.0,-267.31445607447455
1.0,995.0,0.0,0.0,3.0,613.0,0.0,0.0,-269.09448716130544
1.0,1020.0,1.0,42.0,4.0,442.0,0.0,0.0,-223.31459562788203
1.0,1036.0,0.0,0.0,2.0,551.0,0.0,0.0,-238.09474811970767
1.0,659.0,1.0,37.0,1.0,36.0,0.0,0.0,-15.581352335419943
1.0,692.0,2.0,72.0,1.0,22.0,0.0,0.0,-41.68166020440616
1.0,787.0,6.0,423.0,1.0,18.0,0.0,0.0,-371.6230189991336
1.0,798.0,1.0,36.0,1.0,31.0,0.0,0.0,-12.138523969948608
1.0,823.0,1.0,53.0,1.0,22.0,0.0,0.0,-23.71484371622838
1.0,633.0,0.0,0.0,1.0,47.0,0.0,0.0,13.909476282082132
1.0,652.0,3.0,365.0,1.0,130.0,0.0,0.0,-372.77052594494
1.0,865.0,1.0,95.0,2.0,450.0,0.0,0.0,-277.43497062649067
1.0,872.0,2.0,265.0,1.0,16.0,0.0,0.0,-221.20236606142964
1.0,899.0,2.0,47.0,1.0,16.0,0.0,0.0,-15.042511791645673
1.0,912.0,2.0,152.0,0.0,0.0,0.0,0.0,-106.3387431790845
1.0,786.0,3.0,360.0,1.0,148.0,0.0,0.0,-377.043075255739
1.0,1009.0,2.0,116.0,1.0,18.0,0.0,0.0,-81.29569148476128
1.0,818.0,0.0,0.0,1.0,1.0,0.0,0.0,36.908313311134116
1.0,828.0,2.0,110.0,1.0,153.0,0.0,0.0,-143.11899047419487
1.0,836.0,0.0,0.0,0.0,0.0,0.0,0.0,37.40614609516477
1.0,888.0,2.0,67.0,2.0,193.0,0.0,0.0,-122.45620855351389
1.0,968.0,3.0,128.0,1.0,161.0,0.0,0.0,-164.14327141873457
1.0,976.0,1.0,60.0,1.0,96.0,0.0,0.0,-67.3364244097575
1.0,1007.0,0.0,0.0,4.0,540.0,0.0,0.0,-232.59541385555383
1.0,616.0,2.0,79.0,1.0,74.0,0.0,0.0,-74.30094497000105
1.0,669.0,0.0,0.0,1.0,4.0,0.0,0.0,35.40927907190633
1.0,666.0,2.0,56.0,1.0,9.0,0.0,0.0,-20.05069597823254
1.0,707.0,2.0,103.0,1.0,24.0,0.0,0.0,-71.99835496495147
1.0,770.0,0.0,0.0,0.0,0.0,0.0,0.0,37.40759129728681
1.0,770.0,0.0,0.0,0.0,0.0,0.0,0.0,37.40804097801496
1.0,794.0,2.0,54.0,0.0,0.0,0.0,0.0,-13.660034685941163
1.0,830.0,1.0,27.0,1.0,234.0,0.0,0.0,-105.1256631001543
1.0,700.0,1.0,54.0,0.0,0.0,0.0,0.0,-13.658299630250667
1.0,710.0,0.0,0.0,0.0,0.0,0.0,0.0,37.40827892238825
1.0,930.0,2.0,126.0,0.0,0.0,0.0,0.0,-81.75227964917731
1.0,785.0,2.0,110.0,0.0,0.0,0.0,0.0,-66.61870512084244
1.0,798.0,1.0,56.0,1.0,190.0,0.0,0.0,-110.55180680596749
1.0,803.0,0.0,0.0,0.0,0.0,0.0,0.0,37.40758673209266
1.0,806.0,1.0,82.0,1.0,372.0,0.0,0.0,-226.1398608580605
1.0,821.0,2.0,236.0,1.0,230.0,0.0,0.0,-300.77821015086204
1.0,826.0,0.0,0.0,1.0,13.0,0.0,0.0,30.907151406750057
1.0,1036.0,1.0,27.0,0.0,0.0,0.0,0.0,11.871831659759923
1.0,974.0,1.0,154.0,3.0,489.0,0.0,0.0,-352.7314187036736
1.0,980.0,0.0,0.0,0.0,0.0,0.0,0.0,37.40621109663379
1.0,638.0,1.0,36.0,0.0,0.0,0.0,0.0,3.364840039330332
1.0,645.0,0.0,0.0,1.0,16.0,0.0,0.0,29.4096307503093
1.0,683.0,0.0,0.0,0.0,0.0,0.0,0.0,37.4091918496582
1.0,686.0,1.0,92.0,2.0,144.0,0.0,0.0,-121.59530406004593
1.0,620.0,1.0,45.0,0.0,0.0,0.0,0.0,-5.147152357562248
1.0,860.0,0.0,0.0,1.0,39.0,0.0,0.0,17.90679280471607
1.0,736.0,0.0,0.0,1.0,120.0,0.0,0.0,-22.591728896184847
1.0,759.0,1.0,59.0,0.0,0.0,0.0,0.0,-18.3879995285672
1.0,764.0,1.0,36.0,0.0,0.0,0.0,0.0,3.3631089429558187
1.0,904.0,0.0,0.0,0.0,0.0,0.0,0.0,37.40564131842997
1.0,929.0,1.0,36.0,0.0,0.0,0.0,0.0,3.360331159209423
1.0,796.0,1.0,210.0,0.0,0.0,0.0,0.0,-161.18844541196967
1.0,800.0,3.0,200.0,0.0,0.0,0.0,0.0,-151.73171735361817
1.0,984.0,0.0,0.0,1.0,56.0,0.0,0.0,9.405305575484245
1.0,1008.0,1.0,92.0,1.0,16.0,0.0,0.0,-57.598875068369104
1.0,882.0,0.0,0.0,2.0,232.0,0.0,0.0,-78.59352686224503
1.0,886.0,2.0,172.0,1.0,87.0,0.0,0.0,-168.75444755337045
1.0,1035.0,0.0,0.0,0.0,0.0,0.0,0.0,37.40580682832705
1.0,959.0,5.0,404.0,0.0,0.0,0.0,0.0,-344.65544860977286
1.0,994.0,0.0,0.0,3.0,343.0,0.0,0.0,-134.09410642489428
1.0,677.0,1.0,51.0,1.0,88.0,0.0,0.0,-54.82159926343913
1.0,678.0,1.0,58.0,1.0,283.0,0.0,0.0,-158.94182083652277
1.0,613.0,1.0,5.0,1.0,51.0,0.0,0.0,7.180514467698636
1.0,674.0,1.0,40.0,0.0,0.0,0.0,0.0,-0.418800305038161
1.0,774.0,2.0,208.0,1.0,107.0,0.0,0.0,-212.7969693706791
1.0,683.0,1.0,56.0,2.0,128.0,0.0,0.0,-79.55060485016418
1.0,682.0,0.0,0.0,1.0,86.0,0.0,0.0,-5.591375983602347
1.0,700.0,1.0,40.0,0.0,0.0,0.0,0.0,-0.4193654678289107
1.0,723.0,0.0,0.0,0.0,0.0,0.0,0.0,37.408780733798125
1.0,828.0,1.0,60.0,0.0,0.0,0.0,0.0,-19.33541896205864
1.0,760.0,1.0,5.0,1.0,27.0,0.0,0.0,19.179054110147952
1.0,858.0,0.0,0.0,1.0,227.0,0.0,0.0,-76.09332762115832
1.0,765.0,0.0,0.0,0.0,0.0,0.0,0.0,37.40769133910161
1.0,862.0,2.0,206.0,1.0,354.0,0.0,0.0,-334.4081766374521
1.0,872.0,2.0,95.0,1.0,61.0,0.0,0.0,-82.93449814160026
1.0,970.0,2.0,120.0,0.0,0.0,0.0,0.0,-76.07740998594906
1.0,989.0,0.0,0.0,1.0,350.0,0.0,0.0,-137.59578573039568
1.0,1008.0,1.0,44.0,1.0,142.0,0.0,0.0,-75.20572394686428
1.0,953.0,1.0,55.0,0.0,0.0,0.0,0.0,-14.607668251855138
1.0,966.0,2.0,111.0,2.0,68.0,0.0,0.0,-101.56731298102224
1.0,650.0,1.0,59.0,0.0,0.0,0.0,0.0,-18.386269134509
1.0,679.0,0.0,0.0,0.0,0.0,0.0,0.0,37.40734705896487
1.0,629.0,2.0,136.0,0.0,0.0,0.0,0.0,-91.2045479003191
1.0,690.0,1.0,33.0,1.0,213.0,0.0,0.0,-100.2992433390389
1.0,730.0,1.0,33.0,0.0,0.0,0.0,0.0,6.200821833394237
1.0,755.0,0.0,0.0,2.0,159.0,0.0,0.0,-42.09129954971413
1.0,704.0,2.0,136.0,0.0,0.0,0.0,0.0,-91.20771006231787
1.0,770.0,2.0,87.0,1.0,168.0,0.0,0.0,-128.86804108891968
1.0,711.0,0.0,0.0,3.0,307.0,0.0,0.0,-116.09131787322968
1.0,798.0,1.0,53.0,0.0,0.0,0.0,0.0,-12.714401268165744
1.0,763.0,1.0,70.0,0.0,0.0,0.0,0.0,-28.791640736570535
1.0,836.0,3.0,114.0,1.0,175.0,0.0,0.0,-157.9025005950154
1.0,786.0,0.0,0.0,0.0,0.0,0.0,0.0,37.40752575665031
1.0,898.0,1.0,90.0,0.0,0.0,0.0,0.0,-47.70697824389227
1.0,852.0,0.0,0.0,1.0,292.0,0.0,0.0,-108.59212421819706
1.0,928.0,2.0,123.0,0.0,0.0,0.0,0.0,-78.91537190866484
1.0,896.0,1.0,70.0,2.0,121.0,0.0,0.0,-89.29336042786286
1.0,927.0,0.0,0.0,0.0,0.0,0.0,0.0,37.40430763486828
1.0,1005.0,1.0,75.0,2.0,501.0,0.0,0.0,-284.02315639384886
1.0,1041.0,3.0,177.0,0.0,0.0,0.0,0.0,-129.98456521841462
1.0,625.0,0.0,0.0,0.0,0.0,0.0,0.0,37.40954138133868
1.0,633.0,2.0,94.0,1.0,148.0,0.0,0.0,-125.4860885243075
1.0,642.0,0.0,0.0,0.0,0.0,0.0,0.0,37.40913396623267
1.0,663.0,1.0,60.0,0.0,0.0,0.0,0.0,-19.33271307098274
1.0,830.0,0.0,0.0,2.0,142.0,0.0,0.0,-33.59265815687455
1.0,878.0,1.0,60.0,0.0,0.0,0.0,0.0,-19.335632357440296
1.0,906.0,0.0,0.0,2.0,108.0,0.0,0.0,-16.59344801508125
1.0,910.0,1.0,57.0,1.0,171.0,0.0,0.0,-101.99872673321306
1.0,915.0,0.0,0.0,1.0,149.0,0.0,0.0,-37.09430599010354
1.0,749.0,0.0,0.0,0.0,0.0,0.0,0.0,37.40866589502127
1.0,782.0,0.0,0.0,0.0,0.0,0.0,0.0,37.406228114430306
1.0,977.0,1.0,37.0,0.0,0.0,0.0,0.0,2.4139476126548516
1.0,833.0,2.0,312.0,2.0,204.0,0.0,0.0,-359.6502873353673
1.0,840.0,1.0,205.0,2.0,189.0,0.0,0.0,-250.96108334575115
1.0,855.0,1.0,205.0,1.0,54.0,0.0,0.0,-183.46193947782828
1.0,858.0,1.0,59.0,0.0,0.0,0.0,0.0,-18.390391475936894
1.0,875.0,2.0,320.0,2.0,341.0,0.0,0.0,-435.71589057204835
1.0,894.0,3.0,326.0,2.0,213.0,0.0,0.0,-377.3917762485239
1.0,918.0,3.0,426.0,1.0,7.0,0.0,0.0,-368.9605851435779
1.0,938.0,1.0,245.0,2.0,164.0,0.0,0.0,-276.28976674651705
1.0,664.0,1.0,28.0,1.0,17.0,0.0,0.0,2.429338220495069
1.0,666.0,0.0,0.0,2.0,371.0,0.0,0.0,-148.09162219911755
1.0,720.0,1.0,53.0,0.0,0.0,0.0,0.0,-12.712838464601766
1.0,804.0,0.0,0.0,1.0,120.0,0.0,0.0,-22.59212047691031
1.0,815.0,1.0,28.0,0.0,0.0,0.0,0.0,10.927911425433301
1.0,684.0,0.0,0.0,1.0,75.0,0.0,0.0,-0.09141410041054598
1.0,740.0,0.0,0.0,0.0,0.0,0.0,0.0,37.40850692452998
1.0,874.0,0.0,0.0,0.0,0.0,0.0,0.0,37.40653942276137
1.0,915.0,0.0,0.0,0.0,0.0,0.0,0.0,37.405839886852675
1.0,945.0,1.0,53.0,0.0,0.0,0.0,0.0,-12.716457855466558
1.0,964.0,0.0,0.0,1.0,331.0,0.0,0.0,-128.0939517347488
1.0,848.0,0.0,0.0,1.0,16.0,0.0,0.0,29.406775789151517
1.0,854.0,1.0,102.0,2.0,379.0,0.0,0.0,-248.55342846952925
1.0,990.0,0.0,0.0,1.0,5.0,0.0,0.0,34.90255091867431
1.0,879.0,2.0,218.0,2.0,411.0,0.0,0.0,-374.25531529887405
1.0,879.0,0.0,0.0,0.0,0.0,0.0,0.0,37.40693467456954
1.0,906.0,0.0,0.0,0.0,0.0,0.0,0.0,37.40551942004486
1.0,926.0,0.0,0.0,1.0,126.0,0.0,0.0,-25.594893699818243
1.0,966.0,1.0,116.0,2.0,224.0,0.0,0.0,-184.29514146880192
1.0,983.0,0.0,0.0,0.0,0.0,0.0,0.0,37.404600177308936
1.0,655.0,1.0,68.0,0.0,0.0,0.0,0.0,-26.89832751811136
1.0,697.0,0.0,0.0,0.0,0.0,0.0,0.0,37.40889006290513
1.0,723.0,0.0,0.0,0.0,0.0,0.0,0.0,37.40839301889881
1.0,612.0,1.0,57.0,0.0,0.0,0.0,0.0,-16.495094941814237
1.0,746.0,1.0,21.0,1.0,25.0,0.0,0.0,5.047337229634003
1.0,750.0,0.0,0.0,0.0,0.0,0.0,0.0,37.40787468683146
1.0,693.0,1.0,57.0,0.0,0.0,0.0,0.0,-16.495708802439935
1.0,700.0,0.0,0.0,0.0,0.0,0.0,0.0,37.406684577111335
1.0,828.0,2.0,102.0,0.0,0.0,0.0,0.0,-59.05485396759152
1.0,750.0,0.0,0.0,2.0,126.0,0.0,0.0,-25.592208684168916
1.0,751.0,1.0,54.0,0.0,0.0,0.0,0.0,-13.661090086580572
1.0,900.0,2.0,91.0,0.0,0.0,0.0,0.0,-48.65314392911904
1.0,817.0,1.0,54.0,0.0,0.0,0.0,0.0,-13.660700623651806
1.0,969.0,1.0,57.0,0.0,0.0,0.0,0.0,-16.500218893781486
1.0,988.0,1.0,21.0,0.0,0.0,0.0,0.0,17.544849394343203
1.0,895.0,1.0,146.0,1.0,479.0,0.0,0.0,-340.1677149549946
1.0,1039.0,0.0,0.0,1.0,287.0,0.0,0.0,-106.09560870589559
1.0,914.0,0.0,0.0,0.0,0.0,0.0,0.0,37.406826405393545
1.0,988.0,1.0,146.0,2.0,550.0,0.0,0.0,-375.66762484947753
1.0,1014.0,0.0,0.0,0.0,0.0,0.0,0.0,37.40443234179282
1.0,647.0,0.0,0.0,0.0,0.0,0.0,0.0,37.40913358985975
1.0,764.0,2.0,144.0,1.0,292.0,0.0,0.0,-244.77311031748235
1.0,789.0,1.0,62.0,1.0,189.0,0.0,0.0,-115.7261834492663
1.0,842.0,2.0,124.0,1.0,164.0,0.0,0.0,-161.86057465669066
1.0,845.0,1.0,55.0,1.0,140.0,0.0,0.0,-84.6079347836775
1.0,847.0,0.0,0.0,2.0,410.0,0.0,0.0,-167.59439244778048
1.0,852.0,2.0,131.0,1.0,266.0,0.0,0.0,-219.48021055071118
1.0,854.0,0.0,0.0,1.0,150.0,0.0,0.0,-37.593640441453175
1.0,774.0,0.0,0.0,0.0,0.0,0.0,0.0,37.407378885393776
1.0,908.0,1.0,65.0,0.0,0.0,0.0,0.0,-24.06393690282335
1.0,809.0,0.0,0.0,1.0,12.0,0.0,0.0,31.40677069917593
1.0,954.0,0.0,0.0,1.0,66.0,0.0,0.0,4.405122717338216
1.0,856.0,0.0,0.0,1.0,183.0,0.0,0.0,-54.09323425026163
1.0,968.0,1.0,79.0,0.0,0.0,0.0,0.0,-37.3073386240977
1.0,971.0,0.0,0.0,2.0,197.0,0.0,0.0,-61.09573623536945
1.0,979.0,0.0,0.0,1.0,262.0,0.0,0.0,-93.59506184865619
1.0,979.0,1.0,112.0,2.0,195.0,0.0,0.0,-166.01307243559606
1.0,1034.0,0.0,0.0,0.0,0.0,0.0,0.0,37.404005891485006
1.0,1068.0,2.0,174.0,0.0,0.0,0.0,0.0,-127.14792179221674
1.0,1075.0,1.0,62.0,1.0,4.0,0.0,0.0,-23.229811341847103
1.0,682.0,2.0,274.0,1.0,268.0,0.0,0.0,-355.7137867625212
1.0,718.0,0.0,0.0,1.0,213.0,0.0,0.0,-69.0918442126115
1.0,740.0,2.0,283.0,1.0,123.0,0.0,0.0,-291.72571077512714
1.0,736.0,0.0,0.0,1.0,151.0,0.0,0.0,-38.09375515252884
1.0,785.0,0.0,0.0,2.0,184.0,0.0,0.0,-54.593645721819826
1.0,796.0,0.0,0.0,1.0,169.0,0.0,0.0,-47.09307448556617
1.0,815.0,0.0,0.0,1.0,319.0,0.0,0.0,-122.0923869589376
1.0,612.0,1.0,45.0,0.0,0.0,0.0,0.0,-5.146727359829107
1.0,858.0,0.0,0.0,1.0,60.0,0.0,0.0,7.405227783158395
1.0,678.0,0.0,0.0,1.0,225.0,0.0,0.0,-75.09280217071522
1.0,698.0,1.0,45.0,0.0,0.0,0.0,0.0,-5.148555517269209
1.0,909.0,3.0,161.0,1.0,159.0,0.0,0.0,-194.35233506843804
1.0,740.0,1.0,61.0,0.0,0.0,0.0,0.0,-20.280453433893122
1.0,743.0,1.0,52.0,0.0,0.0,0.0,0.0,-11.768926637574403
1.0,1011.0,1.0,66.0,1.0,119.0,0.0,0.0,-84.51343757111871
1.0,819.0,1.0,37.0,1.0,3.0,0.0,0.0,0.916543218083639
1.0,867.0,0.0,0.0,2.0,531.0,0.0,0.0,-228.09383688836627
1.0,917.0,1.0,59.0,0.0,0.0,0.0,0.0,-18.39175857374139
1.0,923.0,3.0,150.0,0.0,0.0,0.0,0.0,-104.44925238676063
1.0,1032.0,1.0,59.0,0.0,0.0,0.0,0.0,-18.393049119659906
1.0,690.0,0.0,0.0,0.0,0.0,0.0,0.0,37.40873704968917
1.0,721.0,0.0,0.0,0.0,0.0,0.0,0.0,37.40833560161096
1.0,796.0,1.0,53.0,2.0,183.0,0.0,0.0,-104.21532263097797
1.0,844.0,2.0,75.0,1.0,255.0,0.0,0.0,-161.0242379638202
1.0,868.0,1.0,68.0,2.0,247.0,0.0,0.0,-150.40204061500384
1.0,872.0,1.0,68.0,2.0,244.0,0.0,0.0,-148.9005712670749
1.0,655.0,1.0,58.0,0.0,0.0,0.0,0.0,-17.442186661970155
1.0,892.0,0.0,0.0,1.0,307.0,0.0,0.0,-116.09512226696302
1.0,892.0,1.0,3.0,0.0,0.0,0.0,0.0,34.567675591137615
1.0,668.0,1.0,59.0,0.0,0.0,0.0,0.0,-18.38737233783901
1.0,961.0,0.0,0.0,0.0,0.0,0.0,0.0,37.40487758955163
1.0,971.0,2.0,125.0,2.0,199.0,0.0,0.0,-180.30979596020654
1.0,754.0,3.0,215.0,0.0,0.0,0.0,0.0,-165.91844681293492
1.0,762.0,0.0,0.0,1.0,20.0,0.0,0.0,27.406548104327072
1.0,796.0,0.0,0.0,0.0,0.0,0.0,0.0,37.407089650516006
1.0,879.0,2.0,88.0,0.0,0.0,0.0,0.0,-45.815888260514704
1.0,885.0,2.0,124.0,0.0,0.0,0.0,0.0,-79.86301934175904
1.0,934.0,1.0,58.0,0.0,0.0,0.0,0.0,-17.445570605637656
1.0,941.0,2.0,164.0,0.0,0.0,0.0,0.0,-117.6905141824962
1.0,1024.0,0.0,0.0,1.0,8.0,0.0,0.0,33.40418022282276
1.0,699.0,0.0,0.0,0.0,0.0,0.0,0.0,37.40752595147642
1.0,711.0,2.0,50.0,0.0,0.0,0.0,0.0,-9.876222730070452
1.0,728.0,2.0,66.0,0.0,0.0,0.0,0.0,-25.008879197171126
1.0,775.0,0.0,0.0,0.0,0.0,0.0,0.0,37.405964481785595
1.0,892.0,2.0,61.0,0.0,0.0,0.0,0.0,-20.282754214048495
1.0,618.0,0.0,0.0,0.0,0.0,0.0,0.0,37.40996271446884
1.0,635.0,2.0,91.0,0.0,0.0,0.0,0.0,-48.649512583916206
1.0,933.0,0.0,0.0,2.0,223.0,0.0,0.0,-74.09664066458504
1.0,958.0,3.0,135.0,0.0,0.0,0.0,0.0,-90.26380005075447
1.0,974.0,1.0,58.0,0.0,0.0,0.0,0.0,-17.446688699427398
1.0,718.0,0.0,0.0,1.0,305.0,0.0,0.0,-115.09134578726227
1.0,1014.0,0.0,0.0,4.0,538.0,0.0,0.0,-231.5973537865311
1.0,1013.0,0.0,0.0,0.0,0.0,0.0,0.0,37.40518710755159
1.0,764.0,1.0,72.0,0.0,0.0,0.0,0.0,-30.682067378588222
1.0,811.0,2.0,104.0,2.0,161.0,0.0,0.0,-141.44713831494425
1.0,880.0,0.0,0.0,1.0,189.0,0.0,0.0,-57.094057593415506
1.0,959.0,1.0,19.0,1.0,276.0,0.0,0.0,-118.56290947610339
1.0,1008.0,1.0,58.0,2.0,129.0,0.0,0.0,-81.94643875925692
1.0,1040.0,0.0,0.0,0.0,0.0,0.0,0.0,37.403949155198056
1.0,1060.0,1.0,46.0,2.0,178.0,0.0,0.0,-95.10011218239171
1.0,719.0,1.0,45.0,1.0,319.0,0.0,0.0,-164.64749605887835
1.0,779.0,0.0,0.0,3.0,601.0,0.0,0.0,-263.09282469216043
1.0,802.0,2.0,88.0,2.0,348.0,0.0,0.0,-219.81320470102102
1.0,813.0,1.0,45.0,1.0,358.0,0.0,0.0,-184.14983802750606
1.0,904.0,1.0,58.0,1.0,338.0,0.0,0.0,-186.4458790423221
1.0,953.0,1.0,250.0,2.0,608.0,0.0,0.0,-503.01861873278386
1.0,974.0,1.0,30.0,1.0,176.0,0.0,0.0,-78.9675858886859
1.0,990.0,0.0,0.0,2.0,506.0,0.0,0.0,-215.59615503186728
1.0,1013.0,1.0,58.0,2.0,549.0,0.0,0.0,-291.94584333202323
1.0,1011.0,2.0,308.0,2.0,556.0,0.0,0.0,-531.8709340294293
1.0,727.0,1.0,51.0,1.0,58.0,0.0,0.0,-39.82277033157741
1.0,737.0,0.0,0.0,1.0,386.0,0.0,0.0,-155.59112485236153
1.0,849.0,2.0,411.0,3.0,569.0,0.0,0.0,-635.7762446157411
1.0,942.0,1.0,34.0,2.0,414.0,0.0,0.0,-201.7485180221252
1.0,962.0,3.0,113.0,2.0,582.0,0.0,0.0,-360.45918465573067
1.0,975.0,0.0,0.0,1.0,216.0,0.0,0.0,-70.5949203163699
1.0,987.0,1.0,51.0,0.0,0.0,0.0,0.0,-10.825801809077802
1.0,1008.0,2.0,384.0,2.0,532.0,0.0,0.0,-591.7437850828236
1.0,1008.0,0.0,0.0,0.0,0.0,0.0,0.0,37.40536837104935
1.0,1051.0,0.0,0.0,3.0,380.0,0.0,0.0,-152.59799881206163
1.0,643.0,0.0,0.0,0.0,0.0,0.0,0.0,37.40974330663243
1.0,690.0,1.0,60.0,0.0,0.0,0.0,0.0,-19.333118312838614
1.0,688.0,1.0,48.0,1.0,213.0,0.0,0.0,-114.48598133607906
1.0,729.0,0.0,0.0,0.0,0.0,0.0,0.0,37.406074059209246
1.0,735.0,0.0,0.0,0.0,0.0,0.0,0.0,37.40632216764328
1.0,884.0,2.0,93.0,0.0,0.0,0.0,0.0,-50.54336437141528
1.0,910.0,2.0,522.0,0.0,0.0,0.0,0.0,-456.2484884691792
1.0,935.0,1.0,48.0,2.0,279.0,0.0,0.0,-147.48748019134126
1.0,993.0,1.0,60.0,0.0,0.0,0.0,0.0,-19.338272856441094
1.0,1025.0,2.0,547.0,0.0,0.0,0.0,0.0,-479.8925176839094
1.0,671.0,0.0,0.0,0.0,0.0,0.0,0.0,37.40810568670771
1.0,726.0,0.0,0.0,0.0,0.0,0.0,0.0,37.4075474957639
1.0,796.0,0.0,0.0,2.0,429.0,0.0,0.0,-177.0950222135149
1.0,808.0,1.0,95.0,1.0,181.0,0.0,0.0,-142.9341326926858
1.0,869.0,0.0,0.0,2.0,129.0,0.0,0.0,-27.093191434858703
1.0,881.0,0.0,0.0,0.0,0.0,0.0,0.0,37.404172615543395
1.0,938.0,0.0,0.0,1.0,13.0,0.0,0.0,30.905030355909567
1.0,956.0,0.0,0.0,3.0,387.0,0.0,0.0,-156.09533686128407
1.0,982.0,0.0,0.0,0.0,0.0,0.0,0.0,37.405966567915065
1.0,1131.0,1.0,95.0,3.0,342.0,0.0,0.0,-223.4382968361586
1.0,707.0,2.0,100.0,1.0,98.0,0.0,0.0,-106.16149370446891
1.0,722.0,0.0,0.0,0.0,0.0,0.0,0.0,37.40760566365933
1.0,776.0,2.0,344.0,0.0,0.0,0.0,0.0,-287.91272235694066
1.0,808.0,0.0,0.0,1.0,210.0,0.0,0.0,-67.59333674776362
1.0,827.0,0.0,0.0,2.0,222.0,0.0,0.0,-73.59396829977311
1.0,831.0,1.0,51.0,1.0,98.0,0.0,0.0,-59.825534678925266
1.0,906.0,1.0,295.0,0.0,0.0,0.0,0.0,-241.57480649105284
1.0,917.0,1.0,245.0,1.0,388.0,0.0,0.0,-388.291028063123
1.0,958.0,1.0,245.0,2.0,330.0,0.0,0.0,-359.2919095792195
1.0,1043.0,0.0,0.0,1.0,152.0,0.0,0.0,-38.596206181613546
1.0,627.0,0.0,0.0,2.0,103.0,0.0,0.0,-14.090722129624865
1.0,651.0,1.0,1.0,2.0,191.0,0.0,0.0,-59.03675747751327
1.0,657.0,0.0,0.0,1.0,90.0,0.0,0.0,-7.592315345182747
1.0,705.0,2.0,109.0,0.0,0.0,0.0,0.0,-65.67280299409427
1.0,782.0,1.0,57.0,2.0,28.0,0.0,0.0,-30.498889912072542
1.0,881.0,1.0,57.0,0.0,0.0,0.0,0.0,-16.49941543359178
1.0,890.0,2.0,55.0,1.0,236.0,0.0,0.0,-132.6092178102677
1.0,893.0,0.0,0.0,1.0,425.0,0.0,0.0,-175.0943509396197
1.0,927.0,1.0,52.0,1.0,42.0,0.0,0.0,-32.77128976627369
1.0,1074.0,2.0,111.0,1.0,217.0,0.0,0.0,-176.06857195609894
1.0,643.0,3.0,191.0,0.0,0.0,0.0,0.0,-143.21875031522967
1.0,672.0,2.0,104.0,0.0,0.0,0.0,0.0,-60.944331144832304
1.0,679.0,0.0,0.0,0.0,0.0,0.0,0.0,37.40677658189249
1.0,753.0,1.0,32.0,0.0,0.0,0.0,0.0,7.145645906476268
1.0,869.0,0.0,0.0,1.0,125.0,0.0,0.0,-25.093104372048018
1.0,876.0,0.0,0.0,1.0,58.0,0.0,0.0,8.404488696036147
1.0,878.0,0.0,0.0,0.0,0.0,0.0,0.0,37.40672423831233
1.0,946.0,0.0,0.0,0.0,0.0,0.0,0.0,37.40500918337382
1.0,998.0,2.0,123.0,0.0,0.0,0.0,0.0,-78.91520646944352
1.0,1014.0,0.0,0.0,3.0,330.0,0.0,0.0,-127.5960981255603
1.0,627.0,2.0,103.0,1.0,41.0,0.0,0.0,-80.49977544575998
1.0,711.0,1.0,51.0,0.0,0.0,0.0,0.0,-10.823338301760892
1.0,714.0,0.0,0.0,2.0,90.0,0.0,0.0,-7.592677951031959
1.0,803.0,1.0,43.0,2.0,24.0,0.0,0.0,-15.258139227885657
1.0,821.0,1.0,52.0,1.0,43.0,0.0,0.0,-33.2690259938104
1.0,879.0,1.0,43.0,2.0,81.0,0.0,0.0,-43.7597723395271
1.0,882.0,0.0,0.0,3.0,407.0,0.0,0.0,-166.0939039887171
1.0,971.0,0.0,0.0,1.0,323.0,0.0,0.0,-124.09539778416124
1.0,1021.0,1.0,58.0,3.0,279.0,0.0,0.0,-156.9465222339103
1.0,1037.0,1.0,58.0,1.0,295.0,0.0,0.0,-164.94753634743546
1.0,705.0,0.0,0.0,1.0,127.0,0.0,0.0,-26.09127063688954
1.0,728.0,2.0,135.0,0.0,0.0,0.0,0.0,-90.26077787378912
1.0,736.0,2.0,108.0,0.0,0.0,0.0,0.0,-64.727408070783
1.0,779.0,0.0,0.0,3.0,144.0,0.0,0.0,-34.5928677499161
1.0,794.0,2.0,118.0,0.0,0.0,0.0,0.0,-74.18546095489822
1.0,811.0,3.0,150.0,0.0,0.0,0.0,0.0,-104.44817131641193
1.0,840.0,1.0,56.0,0.0,0.0,0.0,0.0,-15.552101916965547
1.0,871.0,2.0,93.0,0.0,0.0,0.0,0.0,-50.54377171537124
1.0,986.0,1.0,40.0,1.0,81.0,0.0,0.0,-40.923360081973016
1.0,1006.0,1.0,52.0,0.0,0.0,0.0,0.0,-11.772148725937193
1.0,667.0,1.0,52.0,2.0,309.0,0.0,0.0,-166.2678473748934
1.0,673.0,2.0,29.0,0.0,0.0,0.0,0.0,9.978670085315787
1.0,723.0,0.0,0.0,0.0,0.0,0.0,0.0,37.4052681619848
1.0,780.0,3.0,128.0,0.0,0.0,0.0,0.0,-83.64162427176277
1.0,836.0,0.0,0.0,2.0,212.0,0.0,0.0,-68.59381343186281
1.0,915.0,1.0,52.0,3.0,362.0,0.0,0.0,-192.7736655203375
1.0,968.0,0.0,0.0,1.0,205.0,0.0,0.0,-65.09592823121818
1.0,1068.0,0.0,0.0,0.0,0.0,0.0,0.0,37.40254130487628
1.0,634.0,0.0,0.0,1.0,144.0,0.0,0.0,-34.59160130056221
1.0,649.0,2.0,210.0,0.0,0.0,0.0,0.0,-161.18766086202942
1.0,1132.0,1.0,39.0,0.0,0.0,0.0,0.0,0.5162185020689662
1.0,1136.0,2.0,64.0,0.0,0.0,0.0,0.0,-23.122723709914162
1.0,679.0,1.0,37.0,0.0,0.0,0.0,0.0,2.417315274318277
1.0,713.0,2.0,114.0,0.0,0.0,0.0,0.0,-70.40117763986088
1.0,789.0,1.0,60.0,0.0,0.0,0.0,0.0,-19.335444364374148
1.0,874.0,1.0,150.0,0.0,0.0,0.0,0.0,-104.44893195273963
1.0,876.0,0.0,0.0,0.0,0.0,0.0,0.0,37.4070307771549
1.0,920.0,3.0,151.0,0.0,0.0,0.0,0.0,-105.39536708470858
1.0,1012.0,0.0,0.0,2.0,140.0,0.0,0.0,-32.597520599532885
1.0,1088.0,0.0,0.0,2.0,569.0,0.0,0.0,-247.09785184318824
1.0,670.0,2.0,139.0,0.0,0.0,0.0,0.0,-94.04654104385415
1.0,680.0,4.0,217.0,0.0,0.0,0.0,0.0,-167.80768483151303
1.0,680.0,0.0,0.0,0.0,0.0,0.0,0.0,37.40694561237457
1.0,730.0,0.0,0.0,0.0,0.0,0.0,0.0,37.40797706169761
1.0,746.0,1.0,21.0,0.0,0.0,0.0,0.0,17.547405996023254
1.0,774.0,2.0,73.0,0.0,0.0,0.0,0.0,-31.6282362774554
1.0,781.0,1.0,39.0,0.0,0.0,0.0,0.0,0.5245332387344206
1.0,799.0,0.0,0.0,1.0,93.0,0.0,0.0,-9.092995746545661
1.0,979.0,0.0,0.0,1.0,39.0,0.0,0.0,17.90354807673881
1.0,1030.0,2.0,201.0,0.0,0.0,0.0,0.0,-152.68166158441494
1.0,747.0,1.0,66.0,1.0,141.0,0.0,0.0,-95.50820387401912
1.0,768.0,0.0,0.0,1.0,117.0,0.0,0.0,-21.094909800026258
1.0,850.0,0.0,0.0,4.0,448.0,0.0,0.0,-186.59397616299287
1.0,913.0,0.0,0.0,3.0,319.0,0.0,0.0,-122.09496981358389
1.0,924.0,2.0,148.0,0.0,0.0,0.0,0.0,-102.55812010409514
1.0,936.0,1.0,56.0,0.0,0.0,0.0,0.0,-15.552814024781583
1.0,960.0,0.0,0.0,2.0,156.0,0.0,0.0,-40.595477084925264
1.0,992.0,2.0,128.0,1.0,270.0,0.0,0.0,-218.6449777694246
1.0,1082.0,1.0,62.0,1.0,154.0,0.0,0.0,-98.23112900112818
1.0,1091.0,1.0,92.0,2.0,172.0,0.0,0.0,-135.60206853460517
1.0,649.0,2.0,191.0,0.0,0.0,0.0,0.0,-143.22086948191605
1.0,665.0,3.0,201.0,0.0,0.0,0.0,0.0,-152.6757050568148
1.0,797.0,2.0,133.0,1.0,232.0,0.0,0.0,-204.37183046754242
1.0,806.0,0.0,0.0,1.0,266.0,0.0,0.0,-95.59320273208532
1.0,861.0,0.0,0.0,0.0,0.0,0.0,0.0,37.406117059330036
1.0,957.0,1.0,54.0,1.0,211.0,0.0,0.0,-119.16203605846022
1.0,977.0,0.0,0.0,0.0,0.0,0.0,0.0,37.40276948608829
1.0,988.0,0.0,0.0,0.0,0.0,0.0,0.0,37.40286686835188
1.0,1034.0,1.0,126.0,1.0,263.0,0.0,0.0,-213.25760655757955
1.0,1105.0,1.0,51.0,1.0,328.0,0.0,0.0,-174.82855295382527
1.0,625.0,0.0,0.0,0.0,0.0,0.0,0.0,37.40877348419248
1.0,660.0,1.0,58.0,0.0,0.0,0.0,0.0,-17.441326304690996
1.0,663.0,0.0,0.0,1.0,74.0,0.0,0.0,0.4081265800820688
1.0,694.0,1.0,58.0,0.0,0.0,0.0,0.0,-17.44147011004383
1.0,738.0,0.0,0.0,1.0,196.0,0.0,0.0,-60.592969317529864
1.0,771.0,1.0,32.0,0.0,0.0,0.0,0.0,7.145007644516692
1.0,896.0,0.0,0.0,2.0,447.0,0.0,0.0,-186.09494875664853
1.0,936.0,1.0,69.0,3.0,551.0,0.0,0.0,-303.3477751398815
1.0,994.0,1.0,69.0,2.0,295.0,0.0,0.0,-175.3484103662938
1.0,1016.0,1.0,32.0,0.0,0.0,0.0,0.0,7.142327809147879
1.0,643.0,0.0,0.0,0.0,0.0,0.0,0.0,37.406731522151496
1.0,666.0,0.0,0.0,0.0,0.0,0.0,0.0,37.40841252790623
1.0,704.0,2.0,180.0,0.0,0.0,0.0,0.0,-132.81864149675698
1.0,759.0,1.0,126.0,0.0,0.0,0.0,0.0,-81.75054420371562
1.0,830.0,1.0,52.0,0.0,0.0,0.0,0.0,-11.770618369896539
1.0,834.0,1.0,52.0,0.0,0.0,0.0,0.0,-11.76980365271389
1.0,948.0,0.0,0.0,2.0,213.0,0.0,0.0,-69.09551282051925
1.0,1026.0,1.0,54.0,0.0,0.0,0.0,0.0,-13.664746115258431
1.0,657.0,2.0,124.0,1.0,1.0,0.0,0.0,-80.35920865604763
1.0,1080.0,0.0,0.0,2.0,382.0,0.0,0.0,-153.59702570585063
1.0,1084.0,0.0,0.0,0.0,0.0,0.0,0.0,37.40224385519956
1.0,677.0,0.0,0.0,0.0,0.0,0.0,0.0,37.408770075108855
1.0,748.0,0.0,0.0,1.0,31.0,0.0,0.0,21.907233337694407
1.0,769.0,1.0,62.0,1.0,4.0,0.0,0.0,-23.227603430897673
1.0,852.0,1.0,62.0,0.0,0.0,0.0,0.0,-21.227057142060453
1.0,905.0,0.0,0.0,1.0,500.0,0.0,0.0,-212.5953187058908
1.0,924.0,0.0,0.0,1.0,335.0,0.0,0.0,-130.09391670588286
1.0,965.0,0.0,0.0,1.0,67.0,0.0,0.0,3.9037561494634687
1.0,984.0,0.0,0.0,1.0,516.0,0.0,0.0,-220.59592173748115
1.0,1104.0,0.0,0.0,1.0,57.0,0.0,0.0,8.90270625525811
1.0,641.0,0.0,0.0,1.0,167.0,0.0,0.0,-46.0930328711219
1.0,681.0,2.0,95.0,0.0,0.0,0.0,0.0,-52.43339599011936
1.0,723.0,1.0,77.0,2.0,288.0,0.0,0.0,-179.4104652262614
1.0,782.0,1.0,12.0,0.0,0.0,0.0,0.0,26.0509487327564
1.0,810.0,1.0,60.0,0.0,0.0,0.0,0.0,-19.33686871102536
1.0,808.0,0.0,0.0,1.0,118.0,0.0,0.0,-21.599732490606435
1.0,819.0,3.0,133.0,0.0,0.0,0.0,0.0,-88.37323194883251
1.0,999.0,2.0,62.0,0.0,0.0,0.0,0.0,-21.232163970061613
1.0,1089.0,1.0,94.0,0.0,0.0,0.0,0.0,-51.49635347281575
1.0,1092.0,1.0,77.0,2.0,423.0,0.0,0.0,-246.920295836726
1.0,713.0,1.0,61.0,1.0,163.0,0.0,0.0,-101.78026277244273
1.0,737.0,1.0,275.0,1.0,257.0,0.0,0.0,-351.1594888719569
1.0,804.0,3.0,215.0,1.0,167.0,0.0,0.0,-249.4196971348683
1.0,859.0,1.0,114.0,0.0,0.0,0.0,0.0,-70.40520322701155
1.0,973.0,1.0,275.0,1.0,242.0,0.0,0.0,-343.6623331015844
1.0,982.0,2.0,143.0,0.0,0.0,0.0,0.0,-97.83093633202654
1.0,1022.0,1.0,68.0,1.0,287.0,0.0,0.0,-170.40687309549867
1.0,1050.0,1.0,70.0,2.0,352.0,0.0,0.0,-204.79766149539887
1.0,1088.0,3.0,241.0,1.0,160.0,0.0,0.0,-270.51092833081333
1.0,1120.0,0.0,0.0,0.0,0.0,0.0,0.0,37.40120784251326
1.0,701.0,0.0,0.0,1.0,233.0,0.0,0.0,-79.09137564265373
1.0,704.0,1.0,32.0,0.0,0.0,0.0,0.0,7.145288924655684
1.0,724.0,1.0,59.0,0.0,0.0,0.0,0.0,-18.389267241517047
1.0,777.0,2.0,125.0,0.0,0.0,0.0,0.0,-80.80475064727771
1.0,789.0,1.0,28.0,0.0,0.0,0.0,0.0,10.926110673275154
1.0,813.0,3.0,126.0,0.0,0.0,0.0,0.0,-81.75154070836209
1.0,827.0,0.0,0.0,2.0,389.0,0.0,0.0,-157.09406458708045
1.0,865.0,0.0,0.0,2.0,339.0,0.0,0.0,-132.09424610720114
1.0,963.0,0.0,0.0,1.0,157.0,0.0,0.0,-41.09652196672594
1.0,1029.0,0.0,0.0,3.0,321.0,0.0,0.0,-123.0975666187025
1.0,645.0,0.0,0.0,0.0,0.0,0.0,0.0,37.40798964383713
1.0,704.0,0.0,0.0,1.0,16.0,0.0,0.0,29.40595960501799
1.0,767.0,1.0,22.0,1.0,343.0,0.0,0.0,-154.89998760425883
1.0,766.0,2.0,218.0,2.0,75.0,0.0,0.0,-206.25598457776874
1.0,805.0,2.0,101.0,0.0,0.0,0.0,0.0,-58.111568622984414
1.0,808.0,1.0,113.0,2.0,51.0,0.0,0.0,-94.95851737268767
1.0,808.0,2.0,95.0,0.0,0.0,0.0,0.0,-52.4352483063716
1.0,847.0,2.0,127.0,2.0,68.0,0.0,0.0,-116.70113265345296
1.0,943.0,2.0,111.0,0.0,0.0,0.0,0.0,-67.56930511719665
1.0,964.0,2.0,105.0,0.0,0.0,0.0,0.0,-61.89423453541742
1.0,659.0,2.0,122.0,1.0,72.0,0.0,0.0,-113.96998243039442
1.0,672.0,0.0,0.0,0.0,0.0,0.0,0.0,37.407308594901615
1.0,802.0,0.0,0.0,1.0,38.0,0.0,0.0,18.4046003000089
1.0,806.0,2.0,149.0,2.0,412.0,0.0,0.0,-309.50330927439074
1.0,838.0,1.0,60.0,1.0,68.0,0.0,0.0,-53.339805063747896
1.0,866.0,3.0,292.0,0.0,0.0,0.0,0.0,-238.73855796273952
1.0,873.0,0.0,0.0,1.0,108.0,0.0,0.0,-16.596788968749358
1.0,925.0,1.0,66.0,2.0,468.0,0.0,0.0,-259.0107254527215
1.0,941.0,3.0,260.0,1.0,109.0,0.0,0.0,-262.978909145647
1.0,984.0,2.0,131.0,1.0,150.0,0.0,0.0,-161.48537388459724
1.0,703.0,1.0,51.0,1.0,81.0,0.0,0.0,-51.322796393725106
1.0,728.0,0.0,0.0,3.0,216.0,0.0,0.0,-70.5925726876016
1.0,784.0,0.0,0.0,1.0,251.0,0.0,0.0,-88.09484845470749
1.0,812.0,0.0,0.0,1.0,372.0,0.0,0.0,-148.59364544938018
1.0,817.0,1.0,51.0,0.0,0.0,0.0,0.0,-10.826433024189349
1.0,830.0,1.0,67.0,2.0,290.0,0.0,0.0,-170.95549445120463
1.0,843.0,0.0,0.0,1.0,43.0,0.0,0.0,15.90565704092251
1.0,935.0,0.0,0.0,3.0,294.0,0.0,0.0,-109.59483593885165
1.0,1016.0,1.0,67.0,1.0,388.0,0.0,0.0,-219.9612464142176
1.0,1044.0,0.0,0.0,1.0,264.0,0.0,0.0,-94.60005978197452
1.0,766.0,0.0,0.0,1.0,122.0,0.0,0.0,-23.593165680865454
1.0,833.0,1.0,158.0,2.0,176.0,0.0,0.0,-200.01509079969938
1.0,831.0,0.0,0.0,1.0,441.0,0.0,0.0,-183.09337818830207
1.0,842.0,0.0,0.0,1.0,134.0,0.0,0.0,-29.594502879759972
1.0,851.0,1.0,158.0,2.0,366.0,0.0,0.0,-295.0174843046469
1.0,897.0,1.0,49.0,0.0,0.0,0.0,0.0,-8.934498511983065
1.0,962.0,1.0,49.0,0.0,0.0,0.0,0.0,-8.935673505919006
1.0,1009.0,0.0,0.0,1.0,27.0,0.0,0.0,23.902830337197578
1.0,1035.0,0.0,0.0,2.0,574.0,0.0,0.0,-249.5965184267595
1.0,1041.0,0.0,0.0,2.0,598.0,0.0,0.0,-261.59544251027705
1.0,704.0,1.0,63.0,0.0,0.0,0.0,0.0,-22.171650642196553
1.0,727.0,0.0,0.0,0.0,0.0,0.0,0.0,37.40645818373507
1.0,839.0,2.0,136.0,0.0,0.0,0.0,0.0,-91.20777959802817
1.0,858.0,0.0,0.0,0.0,0.0,0.0,0.0,37.40421191568183
1.0,891.0,0.0,0.0,1.0,315.0,0.0,0.0,-120.09467327163117
1.0,929.0,1.0,45.0,0.0,0.0,0.0,0.0,-5.152211870227305
1.0,944.0,0.0,0.0,0.0,0.0,0.0,0.0,37.40158772884367
1.0,941.0,2.0,145.0,0.0,0.0,0.0,0.0,-99.7230201554876
1.0,990.0,3.0,170.0,0.0,0.0,0.0,0.0,-123.36881497977268
1.0,1078.0,1.0,71.0,0.0,0.0,0.0,0.0,-29.741739012651692
1.0,660.0,1.0,59.0,1.0,26.0,0.0,0.0,-31.388615705982872
1.0,672.0,0.0,0.0,0.0,0.0,0.0,0.0,37.40720281542501
1.0,698.0,1.0,100.0,1.0,125.0,0.0,0.0,-119.66347952063617
1.0,697.0,1.0,79.0,1.0,130.0,0.0,0.0,-102.30250969004788
1.0,743.0,1.0,79.0,0.0,0.0,0.0,0.0,-37.30662869420183
1.0,858.0,1.0,93.0,1.0,79.0,0.0,0.0,-90.04514119633805
1.0,910.0,0.0,0.0,0.0,0.0,0.0,0.0,37.40362122088452
1.0,1011.0,2.0,159.0,1.0,30.0,0.0,0.0,-127.96279927203068
1.0,1028.0,0.0,0.0,0.0,0.0,0.0,0.0,37.40154115399307
1.0,1042.0,1.0,93.0,2.0,338.0,0.0,0.0,-219.5472422838763
1.0,662.0,3.0,181.0,0.0,0.0,0.0,0.0,-133.7647589056554
1.0,678.0,1.0,57.0,0.0,0.0,0.0,0.0,-16.497278717441084
1.0,699.0,3.0,219.0,0.0,0.0,0.0,0.0,-169.70020861508996
1.0,750.0,1.0,48.0,0.0,0.0,0.0,0.0,-7.987706983295851
1.0,752.0,5.0,329.0,0.0,0.0,0.0,0.0,-273.72709424098736
1.0,782.0,1.0,64.0,0.0,0.0,0.0,0.0,-23.118079585916426
1.0,820.0,5.0,390.0,0.0,0.0,0.0,0.0,-331.4157551323534
1.0,841.0,1.0,35.0,0.0,0.0,0.0,0.0,4.306134218495316
1.0,853.0,3.0,262.0,0.0,0.0,0.0,0.0,-210.36945792990525
1.0,1029.0,3.0,229.0,0.0,0.0,0.0,0.0,-179.16148122186772
1.0,652.0,0.0,0.0,0.0,0.0,0.0,0.0,37.40610774478218
1.0,655.0,0.0,0.0,0.0,0.0,0.0,0.0,37.408026688624275
1.0,692.0,0.0,0.0,1.0,388.0,0.0,0.0,-156.5930825288472
1.0,781.0,0.0,0.0,1.0,388.0,0.0,0.0,-156.592701869428
1.0,799.0,0.0,0.0,0.0,0.0,0.0,0.0,37.40789950068286
1.0,922.0,0.0,0.0,1.0,273.0,0.0,0.0,-99.09622074367553
1.0,1004.0,0.0,0.0,1.0,378.0,0.0,0.0,-151.6003858367943
1.0,1024.0,0.0,0.0,2.0,452.0,0.0,0.0,-188.5993197134693
1.0,1026.0,0.0,0.0,2.0,477.0,0.0,0.0,-201.09811876285147
1.0,1062.0,0.0,0.0,3.0,491.0,0.0,0.0,-208.0978260568381
1.0,642.0,4.0,200.0,0.0,0.0,0.0,0.0,-151.731202580266
1.0,714.0,2.0,90.0,0.0,0.0,0.0,0.0,-47.70747356432847
1.0,774.0,3.0,108.0,0.0,0.0,0.0,0.0,-64.7284031889174
1.0,802.0,1.0,18.0,0.0,0.0,0.0,0.0,20.380803619065826
1.0,811.0,0.0,0.0,0.0,0.0,0.0,0.0,37.404947017870995
1.0,876.0,2.0,394.0,0.0,0.0,0.0,0.0,-335.2022134847144
1.0,891.0,0.0,0.0,0.0,0.0,0.0,0.0,37.40142727585217
1.0,916.0,3.0,397.0,0.0,0.0,0.0,0.0,-338.03823120896305
1.0,922.0,2.0,115.0,0.0,0.0,0.0,0.0,-71.35131762981356
1.0,1009.0,1.0,6.0,0.0,0.0,0.0,0.0,31.728007393333144
1.0,669.0,2.0,124.0,0.0,0.0,0.0,0.0,-79.85756121276097
1.0,734.0,0.0,0.0,0.0,0.0,0.0,0.0,37.405403641077115
1.0,775.0,2.0,65.0,0.0,0.0,0.0,0.0,-24.066855261553002
1.0,782.0,1.0,60.0,0.0,0.0,0.0,0.0,-19.335960743305748
1.0,790.0,0.0,0.0,0.0,0.0,0.0,0.0,37.40668853645716
1.0,896.0,1.0,5.0,0.0,0.0,0.0,0.0,32.67478884226214
1.0,933.0,0.0,0.0,0.0,0.0,0.0,0.0,37.40215200849061
1.0,944.0,0.0,0.0,0.0,0.0,0.0,0.0,37.40293864932318
1.0,957.0,2.0,131.0,0.0,0.0,0.0,0.0,-86.48423288703279
1.0,1048.0,2.0,141.0,0.0,0.0,0.0,0.0,-95.94155827682309
1.0,756.0,0.0,0.0,1.0,347.0,0.0,0.0,-136.0922305505685
1.0,850.0,0.0,0.0,1.0,341.0,0.0,0.0,-133.09365944546943
1.0,870.0,1.0,59.0,1.0,183.0,0.0,0.0,-109.8907396324411
1.0,914.0,2.0,107.0,2.0,400.0,0.0,0.0,-263.7868569395549
1.0,936.0,1.0,56.0,2.0,230.0,0.0,0.0,-130.5553376942547
1.0,948.0,3.0,149.0,1.0,179.0,0.0,0.0,-193.00495723883878
1.0,967.0,0.0,0.0,1.0,258.0,0.0,0.0,-91.59759934917997
1.0,977.0,0.0,0.0,2.0,230.0,0.0,0.0,-77.59792393357304
1.0,1013.0,1.0,73.0,1.0,279.0,0.0,0.0,-171.1323753688691
1.0,1055.0,0.0,0.0,0.0,0.0,0.0,0.0,37.401865593723514
1.0,615.0,0.0,0.0,0.0,0.0,0.0,0.0,37.40772151472248
1.0,737.0,0.0,0.0,0.0,0.0,0.0,0.0,37.40328892479915
1.0,763.0,0.0,0.0,0.0,0.0,0.0,0.0,37.40389828285318
1.0,806.0,0.0,0.0,1.0,294.0,0.0,0.0,-109.5939644666026
1.0,819.0,1.0,294.0,2.0,236.0,0.0,0.0,-358.6336217265107
1.0,833.0,1.0,45.0,0.0,0.0,0.0,0.0,-5.150477313133983
1.0,900.0,2.0,339.0,2.0,201.0,0.0,0.0,-383.68890706898304
1.0,934.0,0.0,0.0,1.0,158.0,0.0,0.0,-41.59616642500265
1.0,1017.0,0.0,0.0,1.0,296.0,0.0,0.0,-110.59827796381236
1.0,1034.0,0.0,0.0,3.0,550.0,0.0,0.0,-237.59852128102557
1.0,642.0,0.0,0.0,0.0,0.0,0.0,0.0,37.40892528558982
1.0,649.0,0.0,0.0,0.0,0.0,0.0,0.0,37.40525416747302
1.0,657.0,0.0,0.0,1.0,130.0,0.0,0.0,-27.593813879321488
1.0,674.0,0.0,0.0,0.0,0.0,0.0,0.0,37.40458617905424
1.0,689.0,0.0,0.0,0.0,0.0,0.0,0.0,37.40226013046058
1.0,860.0,1.0,57.0,2.0,264.0,0.0,0.0,-148.50212395580263
1.0,885.0,0.0,0.0,0.0,0.0,0.0,0.0,37.40321332831149
1.0,908.0,2.0,116.0,2.0,332.0,0.0,0.0,-238.30006849578643
1.0,998.0,0.0,0.0,2.0,438.0,0.0,0.0,-181.59665692259253
1.0,1002.0,1.0,59.0,2.0,293.0,0.0,0.0,-164.89488775367778
1.0,612.0,1.0,21.0,0.0,0.0,0.0,0.0,17.54988568293007
1.0,646.0,1.0,58.0,1.0,230.0,0.0,0.0,-132.44859468001675
1.0,700.0,0.0,0.0,1.0,270.0,0.0,0.0,-97.59366208502077
1.0,710.0,0.0,0.0,2.0,249.0,0.0,0.0,-87.09349651141807
1.0,721.0,0.0,0.0,0.0,0.0,0.0,0.0,37.40439456138412
1.0,743.0,0.0,0.0,0.0,0.0,0.0,0.0,37.405248783420824
1.0,783.0,1.0,21.0,0.0,0.0,0.0,0.0,17.539453087385375
1.0,802.0,1.0,58.0,1.0,202.0,0.0,0.0,-118.4444423798617
1.0,956.0,0.0,0.0,2.0,188.0,0.0,0.0,-56.59468522446303
1.0,990.0,0.0,0.0,0.0,0.0,0.0,0.0,37.403321499769405
1.0,644.0,0.0,0.0,0.0,0.0,0.0,0.0,37.40599454521468
1.0,702.0,0.0,0.0,0.0,0.0,0.0,0.0,37.40489658171712
1.0,869.0,1.0,61.0,0.0,0.0,0.0,0.0,-20.285094300570464
1.0,879.0,1.0,61.0,0.0,0.0,0.0,0.0,-20.28258943730446
1.0,905.0,0.0,0.0,1.0,400.0,0.0,0.0,-162.5949353213099
1.0,929.0,0.0,0.0,2.0,285.0,0.0,0.0,-105.09619349331697
1.0,951.0,1.0,51.0,1.0,439.0,0.0,0.0,-230.32909106328813
1.0,1012.0,0.0,0.0,3.0,334.0,0.0,0.0,-129.6000382754427
1.0,1019.0,0.0,0.0,2.0,276.0,0.0,0.0,-100.59926353348098
1.0,1045.0,1.0,51.0,2.0,411.0,0.0,0.0,-216.3316072319375
1.0,740.0,0.0,0.0,0.0,0.0,0.0,0.0,37.407317811757544
1.0,751.0,0.0,0.0,2.0,71.0,0.0,0.0,1.9049189689660437
1.0,786.0,0.0,0.0,1.0,287.0,0.0,0.0,-106.09461073401243
1.0,796.0,0.0,0.0,2.0,73.0,0.0,0.0,0.9066026346483227
1.0,842.0,2.0,77.0,0.0,0.0,0.0,0.0,-35.41713868309834
1.0,973.0,0.0,0.0,2.0,205.0,0.0,0.0,-65.09795371707904
1.0,981.0,1.0,38.0,0.0,0.0,0.0,0.0,1.4673606119679974
1.0,989.0,1.0,39.0,1.0,330.0,0.0,0.0,-164.4820744508461
1.0,1050.0,0.0,0.0,0.0,0.0,0.0,0.0,37.40167401068327
1.0,1074.0,0.0,0.0,1.0,261.0,0.0,0.0,-93.09805905192823
1.0,688.0,1.0,27.0,0.0,0.0,0.0,0.0,11.871025175576918
1.0,728.0,0.0,0.0,0.0,0.0,0.0,0.0,37.40419222795379
1.0,732.0,0.0,0.0,0.0,0.0,0.0,0.0,37.40627949994224
1.0,749.0,0.0,0.0,2.0,52.0,0.0,0.0,11.40601738266663
1.0,756.0,0.0,0.0,1.0,192.0,0.0,0.0,-58.59816381887965
1.0,859.0,0.0,0.0,0.0,0.0,0.0,0.0,37.40590669541066
1.0,875.0,0.0,0.0,0.0,0.0,0.0,0.0,37.4038084747541
1.0,923.0,1.0,27.0,1.0,125.0,0.0,0.0,-50.63073431444444
1.0,1017.0,0.0,0.0,1.0,103.0,0.0,0.0,-14.100741604501401
1.0,1145.0,0.0,0.0,0.0,0.0,0.0,0.0,37.400451647257995
1.0,680.0,0.0,0.0,0.0,0.0,0.0,0.0,37.405549102444084
1.0,736.0,0.0,0.0,0.0,0.0,0.0,0.0,37.40413056573332
1.0,773.0,1.0,29.0,1.0,100.0,0.0,0.0,-40.01989306412205
1.0,788.0,1.0,62.0,0.0,0.0,0.0,0.0,-21.23104535747278
1.0,790.0,1.0,45.0,0.0,0.0,0.0,0.0,-5.150829764328449
1.0,821.0,0.0,0.0,0.0,0.0,0.0,0.0,37.40551210681652
1.0,843.0,0.0,0.0,1.0,335.0,0.0,0.0,-130.0949500366685
1.0,908.0,2.0,91.0,1.0,20.0,0.0,0.0,-58.6555394584905
1.0,1007.0,1.0,45.0,0.0,0.0,0.0,0.0,-5.154624343852426
1.0,1079.0,0.0,0.0,4.0,319.0,0.0,0.0,-122.09774670147607
1.0,651.0,0.0,0.0,0.0,0.0,0.0,0.0,37.40835664516184
1.0,698.0,0.0,0.0,0.0,0.0,0.0,0.0,37.407234609254566
1.0,711.0,0.0,0.0,0.0,0.0,0.0,0.0,37.40671177409193
1.0,761.0,0.0,0.0,0.0,0.0,0.0,0.0,37.405510565946564
1.0,774.0,0.0,0.0,1.0,5.0,0.0,0.0,34.905396480617895
1.0,777.0,0.0,0.0,0.0,0.0,0.0,0.0,37.40103046722094
1.0,830.0,0.0,0.0,1.0,138.0,0.0,0.0,-31.59792071875801
1.0,838.0,0.0,0.0,0.0,0.0,0.0,0.0,37.40484106024856
1.0,927.0,0.0,0.0,0.0,0.0,0.0,0.0,37.4048663726114
1.0,972.0,0.0,0.0,1.0,50.0,0.0,0.0,12.404996223642794
1.0,618.0,2.0,166.0,1.0,155.0,0.0,0.0,-197.0779875316564
1.0,637.0,0.0,0.0,0.0,0.0,0.0,0.0,37.4074246791614
1.0,790.0,0.0,0.0,0.0,0.0,0.0,0.0,37.40468671686547
1.0,792.0,1.0,19.0,0.0,0.0,0.0,0.0,19.435748683130313
1.0,835.0,2.0,71.0,1.0,371.0,0.0,0.0,-215.24183486526073
1.0,840.0,0.0,0.0,1.0,67.0,0.0,0.0,3.9015203500313618
1.0,921.0,2.0,198.0,0.0,0.0,0.0,0.0,-149.84674198570957
1.0,925.0,0.0,0.0,1.0,125.0,0.0,0.0,-25.095699037961438
1.0,932.0,3.0,308.0,1.0,101.0,0.0,0.0,-304.37350918970753
1.0,614.0,0.0,0.0,0.0,0.0,0.0,0.0,37.40821125593399
1.0,1046.0,2.0,64.0,0.0,0.0,0.0,0.0,-23.123922369104577
1.0,641.0,0.0,0.0,0.0,0.0,0.0,0.0,37.40688338422361
1.0,732.0,1.0,61.0,1.0,535.0,0.0,0.0,-287.78209743087797
1.0,749.0,0.0,0.0,0.0,0.0,0.0,0.0,37.40567043163546
1.0,778.0,1.0,61.0,1.0,115.0,0.0,0.0,-77.78706311445396
1.0,837.0,1.0,52.0,2.0,489.0,0.0,0.0,-256.2714078628918
1.0,967.0,1.0,61.0,2.0,513.0,0.0,0.0,-276.7855013229412
1.0,986.0,2.0,113.0,1.0,391.0,0.0,0.0,-264.96256567414025
1.0,1010.0,0.0,0.0,0.0,0.0,0.0,0.0,37.40218296732346
1.0,1016.0,0.0,0.0,1.0,137.0,0.0,0.0,-31.10126608871188
1.0,699.0,1.0,56.0,0.0,0.0,0.0,0.0,-15.553132339885202
1.0,802.0,1.0,65.0,0.0,0.0,0.0,0.0,-24.06481012970371
1.0,827.0,1.0,56.0,0.0,0.0,0.0,0.0,-15.553871940428252
1.0,873.0,1.0,65.0,1.0,3.0,0.0,0.0,-25.568840959250636
1.0,910.0,2.0,116.0,2.0,284.0,0.0,0.0,-214.2964140792482
1.0,962.0,1.0,63.0,3.0,270.0,0.0,0.0,-157.1760902667637
1.0,1003.0,0.0,0.0,1.0,19.0,0.0,0.0,27.9008600517763
1.0,1012.0,0.0,0.0,4.0,101.0,0.0,0.0,-13.09829423021295
1.0,644.0,0.0,0.0,0.0,0.0,0.0,0.0,37.409159483007706
1.0,1034.0,1.0,53.0,3.0,294.0,0.0,0.0,-159.71961740499611
1.0,694.0,1.0,2.0,0.0,0.0,0.0,0.0,35.51457800162229
1.0,1097.0,0.0,0.0,0.0,0.0,0.0,0.0,37.401868864231616
1.0,720.0,0.0,0.0,3.0,199.0,0.0,0.0,-62.09162913524022
1.0,725.0,0.0,0.0,0.0,0.0,0.0,0.0,37.404660705465425
1.0,756.0,1.0,31.0,2.0,161.0,0.0,0.0,-72.4123150652926
1.0,786.0,0.0,0.0,0.0,0.0,0.0,0.0,37.40640724430751
1.0,854.0,1.0,2.0,0.0,0.0,0.0,0.0,35.51044786944971
1.0,982.0,0.0,0.0,2.0,150.0,0.0,0.0,-37.59804562456813
1.0,991.0,1.0,31.0,2.0,175.0,0.0,0.0,-79.41502022983966
1.0,1074.0,0.0,0.0,2.0,155.0,0.0,0.0,-40.10152418896047
1.0,778.0,0.0,0.0,1.0,66.0,0.0,0.0,4.403571684039861
1.0,786.0,0.0,0.0,1.0,181.0,0.0,0.0,-53.09740501968634
1.0,838.0,1.0,60.0,1.0,31.0,0.0,0.0,-34.83901851994622
1.0,868.0,0.0,0.0,3.0,406.0,0.0,0.0,-165.59813604043438
1.0,888.0,0.0,0.0,3.0,298.0,0.0,0.0,-111.59520424752681
1.0,914.0,0.0,0.0,0.0,0.0,0.0,0.0,37.39868189120938
1.0,944.0,1.0,60.0,2.0,167.0,0.0,0.0,-102.84091022633537
1.0,950.0,0.0,0.0,1.0,325.0,0.0,0.0,-125.09865331518102
1.0,1025.0,0.0,0.0,1.0,20.0,0.0,0.0,27.400920575151915
1.0,698.0,1.0,47.0,0.0,0.0,0.0,0.0,-7.041013046098783
1.0,1059.0,0.0,0.0,2.0,236.0,0.0,0.0,-80.59962096562244
1.0,726.0,0.0,0.0,1.0,55.0,0.0,0.0,9.902866923383783
1.0,762.0,1.0,47.0,0.0,0.0,0.0,0.0,-7.042398265516972
1.0,823.0,0.0,0.0,0.0,0.0,0.0,0.0,37.40536996909262
1.0,824.0,0.0,0.0,1.0,352.0,0.0,0.0,-138.5944838008371
1.0,875.0,0.0,0.0,0.0,0.0,0.0,0.0,37.400470190824464
1.0,888.0,1.0,66.0,1.0,206.0,0.0,0.0,-128.01625514796993
1.0,963.0,1.0,49.0,2.0,606.0,0.0,0.0,-311.93688495875153
1.0,1010.0,1.0,49.0,1.0,631.0,0.0,0.0,-324.4360792792623
1.0,1046.0,1.0,66.0,1.0,53.0,0.0,0.0,-51.51435669587599
1.0,786.0,1.0,145.0,1.0,328.0,0.0,0.0,-263.72132440134214
1.0,788.0,1.0,145.0,1.0,305.0,0.0,0.0,-252.22257446499316
1.0,841.0,1.0,80.0,1.0,240.0,0.0,0.0,-158.25169998137628
1.0,863.0,0.0,0.0,1.0,265.0,0.0,0.0,-95.09407399178133
1.0,878.0,1.0,80.0,1.0,368.0,0.0,0.0,-222.25382710771078
1.0,893.0,1.0,32.0,1.0,387.0,0.0,0.0,-186.36270704477144
1.0,911.0,0.0,0.0,0.0,0.0,0.0,0.0,37.40190919116209
1.0,981.0,0.0,0.0,1.0,445.0,0.0,0.0,-185.097835695297
1.0,1027.0,0.0,0.0,1.0,570.0,0.0,0.0,-247.6014566700419
1.0,1046.0,1.0,32.0,1.0,110.0,0.0,0.0,-47.862789104864014
1.0,727.0,2.0,85.0,0.0,0.0,0.0,0.0,-42.976910203048604
1.0,806.0,0.0,0.0,0.0,0.0,0.0,0.0,37.40531172927844
1.0,814.0,1.0,65.0,1.0,364.0,0.0,0.0,-206.06427380124367
1.0,856.0,2.0,64.0,0.0,0.0,0.0,0.0,-23.122672903192182
1.0,891.0,2.0,139.0,0.0,0.0,0.0,0.0,-94.04871989944755
1.0,900.0,0.0,0.0,0.0,0.0,0.0,0.0,37.40346089628149
1.0,1000.0,1.0,39.0,2.0,485.0,0.0,0.0,-241.98163454577536
1.0,1007.0,1.0,65.0,1.0,390.0,0.0,0.0,-219.06677318257664
1.0,1066.0,0.0,0.0,1.0,99.0,0.0,0.0,-12.100450711982461
1.0,1163.0,1.0,39.0,2.0,560.0,0.0,0.0,-279.4803094192484
1.0,696.0,0.0,0.0,0.0,0.0,0.0,0.0,37.40139123666433
1.0,704.0,0.0,0.0,0.0,0.0,0.0,0.0,37.40676154312006
1.0,728.0,2.0,90.0,1.0,105.0,0.0,0.0,-100.20573025827298
1.0,733.0,0.0,0.0,0.0,0.0,0.0,0.0,37.40404790034728
1.0,793.0,0.0,0.0,0.0,0.0,0.0,0.0,37.401995144059555
1.0,852.0,1.0,71.0,3.0,329.0,0.0,0.0,-194.24020135103854
1.0,906.0,0.0,0.0,3.0,447.0,0.0,0.0,-186.09690475000062
1.0,929.0,2.0,76.0,0.0,0.0,0.0,0.0,-34.47017272165259
1.0,995.0,2.0,75.0,1.0,187.0,0.0,0.0,-127.02421008366862
1.0,1044.0,3.0,162.0,1.0,337.0,0.0,0.0,-284.30360208717053
1.0,635.0,0.0,0.0,0.0,0.0,0.0,0.0,37.408981518261065
1.0,675.0,1.0,100.0,0.0,0.0,0.0,0.0,-57.16085623935799
1.0,683.0,1.0,93.0,0.0,0.0,0.0,0.0,-50.54141248511497
1.0,695.0,1.0,93.0,0.0,0.0,0.0,0.0,-50.54564079841942
1.0,931.0,2.0,429.0,2.0,325.0,0.0,0.0,-530.8005253838604
1.0,937.0,0.0,0.0,1.0,20.0,0.0,0.0,27.402666203255688
1.0,1028.0,0.0,0.0,2.0,439.0,0.0,0.0,-182.09959910037693
1.0,1041.0,1.0,329.0,2.0,443.0,0.0,0.0,-495.23337736402954
1.0,1065.0,0.0,0.0,0.0,0.0,0.0,0.0,37.39992914775647
1.0,1080.0,0.0,0.0,2.0,354.0,0.0,0.0,-139.5991945804777
1.0,651.0,0.0,0.0,1.0,46.0,0.0,0.0,14.406277977565356
1.0,722.0,0.0,0.0,1.0,288.0,0.0,0.0,-106.592858929485
1.0,736.0,1.0,18.0,2.0,253.0,0.0,0.0,-106.11722220061324
1.0,755.0,0.0,0.0,0.0,0.0,0.0,0.0,37.40035797649835
1.0,924.0,1.0,60.0,0.0,0.0,0.0,0.0,-19.338357237167536
1.0,930.0,2.0,45.0,2.0,121.0,0.0,0.0,-65.65493164856332
1.0,973.0,0.0,0.0,2.0,371.0,0.0,0.0,-148.09869182550358
1.0,1019.0,1.0,27.0,1.0,56.0,0.0,0.0,-16.13357987255882
1.0,1029.0,1.0,60.0,0.0,0.0,0.0,0.0,-19.338946506261635
1.0,1039.0,0.0,0.0,0.0,0.0,0.0,0.0,37.40238813986317
1.0,721.0,1.0,63.0,0.0,0.0,0.0,0.0,-22.172848323584425
1.0,780.0,0.0,0.0,0.0,0.0,0.0,0.0,37.4056990939163
1.0,809.0,1.0,60.0,0.0,0.0,0.0,0.0,-19.337094582293595
1.0,869.0,2.0,115.0,0.0,0.0,0.0,0.0,-71.35176124585772
1.0,923.0,1.0,63.0,0.0,0.0,0.0,0.0,-22.176841348554674
1.0,973.0,1.0,58.0,1.0,421.0,0.0,0.0,-227.95090605310878
1.0,997.0,2.0,113.0,0.0,0.0,0.0,0.0,-69.4607792426462
1.0,1035.0,0.0,0.0,1.0,269.0,0.0,0.0,-97.09878249957787
1.0,1144.0,0.0,0.0,1.0,246.0,0.0,0.0,-85.60287614506193
1.0,633.0,1.0,53.0,0.0,0.0,0.0,0.0,-12.713473873680982
1.0,671.0,0.0,0.0,0.0,0.0,0.0,0.0,37.40703616002259
1.0,676.0,0.0,0.0,1.0,231.0,0.0,0.0,-78.0918038430543
1.0,1222.0,0.0,0.0,2.0,539.0,0.0,0.0,-232.1066451989451
1.0,743.0,0.0,0.0,0.0,0.0,0.0,0.0,37.40363205850984
1.0,743.0,1.0,36.0,0.0,0.0,0.0,0.0,3.360972717957935
1.0,756.0,1.0,51.0,0.0,0.0,0.0,0.0,-10.823860240359622
1.0,783.0,1.0,51.0,0.0,0.0,0.0,0.0,-10.823615614725135
1.0,855.0,0.0,0.0,0.0,0.0,0.0,0.0,37.404550288249226
1.0,866.0,0.0,0.0,1.0,30.0,0.0,0.0,22.406121570461814
1.0,883.0,2.0,89.0,0.0,0.0,0.0,0.0,-46.763569029668446
1.0,707.0,2.0,112.0,0.0,0.0,0.0,0.0,-68.5116210322489
1.0,796.0,0.0,0.0,1.0,276.0,0.0,0.0,-100.59488543642897
1.0,812.0,1.0,60.0,1.0,356.0,0.0,0.0,-197.3381583840285
1.0,649.0,1.0,33.0,1.0,3.0,0.0,0.0,4.699163038673305
1.0,660.0,0.0,0.0,1.0,123.0,0.0,0.0,-24.095956028768825
1.0,866.0,1.0,38.0,1.0,337.0,0.0,0.0,-167.0351357819872
1.0,695.0,0.0,0.0,0.0,0.0,0.0,0.0,37.40486620485412
1.0,901.0,0.0,0.0,1.0,115.0,0.0,0.0,-20.099463593511345
1.0,901.0,1.0,52.0,0.0,0.0,0.0,0.0,-11.773456009600025
1.0,723.0,2.0,93.0,1.0,206.0,0.0,0.0,-153.544409416255
1.0,729.0,1.0,60.0,0.0,0.0,0.0,0.0,-19.333564096221508
1.0,963.0,1.0,60.0,1.0,149.0,0.0,0.0,-93.84168470718862
1.0,771.0,0.0,0.0,1.0,226.0,0.0,0.0,-75.5945036408161
1.0,784.0,0.0,0.0,0.0,0.0,0.0,0.0,37.40396799081166
1.0,993.0,0.0,0.0,1.0,305.0,0.0,0.0,-115.0976135549152
1.0,1019.0,1.0,38.0,1.0,411.0,0.0,0.0,-204.0350330539272
1.0,1045.0,1.0,60.0,1.0,25.0,0.0,0.0,-31.841617526842185
1.0,929.0,2.0,120.0,1.0,224.0,0.0,0.0,-188.07957906170586
1.0,1012.0,0.0,0.0,1.0,591.0,0.0,0.0,-258.10285466939666
1.0,1062.0,0.0,0.0,1.0,131.0,0.0,0.0,-28.100406899071317
1.0,640.0,3.0,184.0,2.0,140.0,0.0,0.0,-206.60138674958145
1.0,683.0,0.0,0.0,1.0,351.0,0.0,0.0,-138.09439058482428
1.0,692.0,2.0,339.0,0.0,0.0,0.0,0.0,-283.18654731422026
1.0,702.0,3.0,184.0,0.0,0.0,0.0,0.0,-136.60176482092177
1.0,728.0,2.0,119.0,0.0,0.0,0.0,0.0,-75.13079619411482
1.0,757.0,2.0,116.0,2.0,11.0,0.0,0.0,-77.79493931690246
1.0,649.0,0.0,0.0,0.0,0.0,0.0,0.0,37.4017929587292
1.0,652.0,0.0,0.0,1.0,59.0,0.0,0.0,7.907962493077413
1.0,938.0,1.0,60.0,0.0,0.0,0.0,0.0,-19.33943755947201
1.0,963.0,2.0,345.0,0.0,0.0,0.0,0.0,-288.8675258303698
1.0,750.0,0.0,0.0,4.0,350.0,0.0,0.0,-137.59447976327152
1.0,984.0,2.0,133.0,2.0,145.0,0.0,0.0,-160.8767523414503
1.0,763.0,0.0,0.0,1.0,342.0,0.0,0.0,-133.6007261522075
1.0,805.0,0.0,0.0,3.0,376.0,0.0,0.0,-150.59618085039128
1.0,827.0,0.0,0.0,1.0,241.0,0.0,0.0,-83.09520248366621
1.0,849.0,0.0,0.0,1.0,326.0,0.0,0.0,-125.60031952472767
1.0,1078.0,3.0,174.0,0.0,0.0,0.0,0.0,-127.15335489955783
1.0,905.0,0.0,0.0,0.0,0.0,0.0,0.0,37.39652260189642
1.0,965.0,0.0,0.0,1.0,173.0,0.0,0.0,-49.10187482097087
1.0,1119.0,0.0,0.0,2.0,413.0,0.0,0.0,-169.1084097686777
1.0,657.0,0.0,0.0,0.0,0.0,0.0,0.0,37.40678624513659
1.0,673.0,0.0,0.0,0.0,0.0,0.0,0.0,37.40648194848998
1.0,682.0,1.0,16.0,1.0,135.0,0.0,0.0,-45.232656331967114
1.0,688.0,2.0,311.0,1.0,301.0,0.0,0.0,-407.2075202508621
1.0,752.0,1.0,16.0,2.0,405.0,0.0,0.0,-180.22317660871408
1.0,755.0,1.0,62.0,1.0,209.0,0.0,0.0,-125.72754017312239
1.0,593.0,0.0,0.0,4.0,376.0,0.0,0.0,-150.59036605047226
1.0,872.0,0.0,0.0,1.0,98.0,0.0,0.0,-11.596507500266306
1.0,929.0,1.0,62.0,1.0,167.0,0.0,0.0,-104.73624091552313
1.0,716.0,1.0,54.0,0.0,0.0,0.0,0.0,-13.664745290014139
1.0,1004.0,2.0,171.0,0.0,0.0,0.0,0.0,-124.3108085318144
1.0,1029.0,2.0,306.0,1.0,443.0,0.0,0.0,-473.4836181443083
1.0,777.0,2.0,521.0,0.0,0.0,0.0,0.0,-455.30275612825994
1.0,871.0,1.0,32.0,1.0,75.0,0.0,0.0,-30.360039230185244
1.0,911.0,3.0,148.0,0.0,0.0,0.0,0.0,-102.56510508129261
1.0,1025.0,1.0,32.0,1.0,499.0,0.0,0.0,-242.37820697958753
1.0,1031.0,3.0,572.0,0.0,0.0,0.0,0.0,-503.53727459736893
1.0,1065.0,1.0,73.0,1.0,510.0,0.0,0.0,-286.6345365569781
1.0,1077.0,0.0,0.0,0.0,0.0,0.0,0.0,37.391600187364205
1.0,1144.0,0.0,0.0,0.0,0.0,0.0,0.0,37.394497839193434
1.0,670.0,1.0,51.0,0.0,0.0,0.0,0.0,-10.822706301648978
1.0,790.0,1.0,61.0,1.0,143.0,0.0,0.0,-91.78107085715891
1.0,806.0,0.0,0.0,0.0,0.0,0.0,0.0,37.404713738030516
1.0,810.0,1.0,63.0,0.0,0.0,0.0,0.0,-22.180816185996235
1.0,815.0,2.0,110.0,0.0,0.0,0.0,0.0,-66.62810113971699
1.0,818.0,1.0,61.0,0.0,0.0,0.0,0.0,-20.28947488127171
1.0,929.0,0.0,0.0,3.0,360.0,0.0,0.0,-142.59822686062807
1.0,960.0,2.0,122.0,1.0,50.0,0.0,0.0,-102.9734255640968
1.0,667.0,1.0,64.0,0.0,0.0,0.0,0.0,-23.118070993853927
1.0,1059.0,0.0,0.0,1.0,106.0,0.0,0.0,-15.606983168506481
1.0,690.0,0.0,0.0,1.0,107.0,0.0,0.0,-16.099715313058233
1.0,718.0,1.0,64.0,0.0,0.0,0.0,0.0,-23.120928588909386
1.0,1097.0,0.0,0.0,0.0,0.0,0.0,0.0,37.39936849287075
1.0,761.0,0.0,0.0,1.0,242.0,0.0,0.0,-83.59676417713106
1.0,781.0,1.0,55.0,1.0,168.0,0.0,0.0,-98.61122360875203
1.0,807.0,0.0,0.0,0.0,0.0,0.0,0.0,37.40097499185931
1.0,808.0,0.0,0.0,0.0,0.0,0.0,0.0,37.39945114520372
1.0,841.0,2.0,98.0,1.0,127.0,0.0,0.0,-118.77734195101587
1.0,970.0,1.0,48.0,1.0,112.0,0.0,0.0,-63.990003048136984
1.0,986.0,2.0,91.0,1.0,345.0,0.0,0.0,-221.15801079987796
1.0,650.0,0.0,0.0,0.0,0.0,0.0,0.0,37.405628570805476
1.0,677.0,3.0,276.0,0.0,0.0,0.0,0.0,-223.60765549046914
1.0,710.0,2.0,413.0,1.0,275.0,0.0,0.0,-490.67124065456676
1.0,748.0,1.0,77.0,1.0,78.0,0.0,0.0,-74.41340709476101
1.0,787.0,0.0,0.0,0.0,0.0,0.0,0.0,37.40516549358201
1.0,818.0,1.0,278.0,1.0,181.0,0.0,0.0,-316.0047413933289
1.0,858.0,0.0,0.0,1.0,241.0,0.0,0.0,-83.09921535424434
1.0,888.0,0.0,0.0,0.0,0.0,0.0,0.0,37.399612735895786
1.0,709.0,0.0,0.0,0.0,0.0,0.0,0.0,37.40543783338328
1.0,735.0,0.0,0.0,0.0,0.0,0.0,0.0,37.40453763065426
1.0,765.0,1.0,49.0,0.0,0.0,0.0,0.0,-8.933824659365186
1.0,794.0,2.0,110.0,0.0,0.0,0.0,0.0,-66.62388303729446
1.0,1062.0,0.0,0.0,1.0,420.0,0.0,0.0,-172.5986048144076
1.0,802.0,1.0,52.0,0.0,0.0,0.0,0.0,-11.772517208007237
1.0,1153.0,1.0,64.0,1.0,7.0,0.0,0.0,-26.633909237899047
1.0,936.0,1.0,101.0,3.0,334.0,0.0,0.0,-225.1157844737428
1.0,937.0,0.0,0.0,1.0,86.0,0.0,0.0,-5.595873312732927
1.0,977.0,1.0,49.0,0.0,0.0,0.0,0.0,-8.937853406647434
1.0,983.0,1.0,58.0,0.0,0.0,0.0,0.0,-17.446677575938303
1.0,988.0,1.0,101.0,1.0,6.0,0.0,0.0,-61.12146512065047
1.0,726.0,0.0,0.0,2.0,212.0,0.0,0.0,-68.59559424637531
1.0,677.0,3.0,206.0,0.0,0.0,0.0,0.0,-157.40707170777537
1.0,694.0,0.0,0.0,1.0,244.0,0.0,0.0,-84.59566919233245
1.0,702.0,4.0,305.0,1.0,166.0,0.0,0.0,-334.0320748258375
1.0,730.0,3.0,297.0,1.0,69.0,0.0,0.0,-277.96540530136053
1.0,757.0,1.0,15.0,0.0,0.0,0.0,0.0,23.21879880829207
1.0,757.0,4.0,249.0,1.0,118.0,0.0,0.0,-257.0719645690739
1.0,778.0,4.0,182.0,0.0,0.0,0.0,0.0,-134.71281352542837
1.0,896.0,0.0,0.0,2.0,380.0,0.0,0.0,-152.59995506794002
1.0,945.0,2.0,174.0,2.0,96.0,0.0,0.0,-175.1488417180603
1.0,983.0,1.0,100.0,3.0,410.0,0.0,0.0,-262.1716735932654
1.0,1007.0,0.0,0.0,1.0,514.0,0.0,0.0,-219.59741400273992
1.0,1019.0,0.0,0.0,1.0,188.0,0.0,0.0,-56.60383807012698
1.0,921.0,2.0,88.0,1.0,82.0,0.0,0.0,-86.82111494952093
1.0,1033.0,0.0,0.0,2.0,237.0,0.0,0.0,-81.10313743879423
1.0,1061.0,0.0,0.0,1.0,304.0,0.0,0.0,-114.60554486926091
1.0,1068.0,2.0,139.0,0.0,0.0,0.0,0.0,-94.05313415293429
1.0,1109.0,1.0,65.0,1.0,56.0,0.0,0.0,-52.07502514108628
1.0,1057.0,1.0,15.0,0.0,0.0,0.0,0.0,23.216978829791866
1.0,1104.0,2.0,73.0,2.0,268.0,0.0,0.0,-165.63512547706657
1.0,677.0,2.0,199.0,1.0,42.0,0.0,0.0,-171.78787070807675
1.0,686.0,1.0,94.0,1.0,43.0,0.0,0.0,-72.99008936986039
1.0,720.0,0.0,0.0,0.0,0.0,0.0,0.0,37.40467717870795
1.0,769.0,0.0,0.0,1.0,76.0,0.0,0.0,-0.6037735561349251
1.0,791.0,0.0,0.0,0.0,0.0,0.0,0.0,37.4021863905688
1.0,793.0,0.0,0.0,1.0,348.0,0.0,0.0,-136.59454222124305
1.0,696.0,1.0,61.0,2.0,222.0,0.0,0.0,-131.2794098017556
1.0,704.0,1.0,51.0,0.0,0.0,0.0,0.0,-10.82880192554002
1.0,804.0,1.0,94.0,0.0,0.0,0.0,0.0,-51.492091596655186
1.0,784.0,1.0,57.0,0.0,0.0,0.0,0.0,-16.498468852656394
1.0,882.0,2.0,125.0,1.0,62.0,0.0,0.0,-111.81822993381002
1.0,816.0,1.0,61.0,2.0,208.0,0.0,0.0,-124.28625695487564
1.0,843.0,0.0,0.0,1.0,240.0,0.0,0.0,-82.5975991472974
1.0,929.0,1.0,51.0,1.0,105.0,0.0,0.0,-63.33160451527584
1.0,953.0,1.0,69.0,1.0,21.0,0.0,0.0,-38.35207027733713
1.0,1089.0,1.0,94.0,1.0,93.0,0.0,0.0,-97.99822590397717
1.0,995.0,2.0,119.0,0.0,0.0,0.0,0.0,-75.14141051978366
1.0,1091.0,3.0,292.0,1.0,100.0,0.0,0.0,-288.7443922179966
1.0,1014.0,1.0,69.0,1.0,227.0,0.0,0.0,-141.35569919908374
1.0,1032.0,1.0,62.0,1.0,298.0,0.0,0.0,-170.23671746599223
1.0,650.0,0.0,0.0,0.0,0.0,0.0,0.0,37.408940674632895
1.0,611.0,1.0,23.0,0.0,0.0,0.0,0.0,15.653478626680766
1.0,661.0,0.0,0.0,0.0,0.0,0.0,0.0,37.40790614091191
1.0,648.0,0.0,0.0,0.0,0.0,0.0,0.0,37.404045128435975
1.0,697.0,0.0,0.0,0.0,0.0,0.0,0.0,37.406576466106735
1.0,781.0,0.0,0.0,0.0,0.0,0.0,0.0,37.40498557252025
1.0,848.0,0.0,0.0,1.0,169.0,0.0,0.0,-47.09579518279966
1.0,890.0,0.0,0.0,1.0,24.0,0.0,0.0,25.399436061674887
1.0,860.0,1.0,23.0,0.0,0.0,0.0,0.0,15.65407828502902
1.0,903.0,0.0,0.0,0.0,0.0,0.0,0.0,37.403430689068806
1.0,912.0,2.0,70.0,1.0,161.0,0.0,0.0,-109.29364284463279
1.0,958.0,1.0,244.0,0.0,0.0,0.0,0.0,-193.35102805726143
1.0,958.0,0.0,0.0,2.0,298.0,0.0,0.0,-111.60058221603137
1.0,977.0,0.0,0.0,0.0,0.0,0.0,0.0,37.399417954745175
1.0,949.0,1.0,10.0,3.0,295.0,0.0,0.0,-119.55438624185405
1.0,1056.0,1.0,244.0,0.0,0.0,0.0,0.0,-193.3590630600217
1.0,1074.0,1.0,117.0,0.0,0.0,0.0,0.0,-73.25181628488573
1.0,1045.0,1.0,38.0,2.0,235.0,0.0,0.0,-116.03415164716739
1.0,1087.0,1.0,117.0,2.0,76.0,0.0,0.0,-111.24755470937424
1.0,1053.0,2.0,98.0,2.0,223.0,0.0,0.0,-166.77892880957617
1.0,634.0,0.0,0.0,1.0,25.0,0.0,0.0,24.906825373948404
1.0,658.0,1.0,60.0,1.0,14.0,0.0,0.0,-26.335001011429952
1.0,667.0,1.0,27.0,0.0,0.0,0.0,0.0,11.873323636988367
1.0,698.0,1.0,116.0,1.0,4.0,0.0,0.0,-74.29412464001553
1.0,721.0,0.0,0.0,2.0,126.0,0.0,0.0,-25.59406046326658
1.0,741.0,0.0,0.0,0.0,0.0,0.0,0.0,37.40413380532254
1.0,792.0,1.0,63.0,0.0,0.0,0.0,0.0,-22.179162651755718
1.0,832.0,1.0,116.0,0.0,0.0,0.0,0.0,-72.29649725549942
1.0,845.0,1.0,60.0,1.0,11.0,0.0,0.0,-24.837715142154423
1.0,848.0,1.0,78.0,0.0,0.0,0.0,0.0,-36.35962299118714
1.0,860.0,0.0,0.0,1.0,105.0,0.0,0.0,-15.097500444084986
1.0,892.0,2.0,134.0,2.0,247.0,0.0,0.0,-212.81980986552736
1.0,907.0,2.0,187.0,0.0,0.0,0.0,0.0,-139.4437274959917
1.0,924.0,2.0,88.0,1.0,255.0,0.0,0.0,-173.31794802453567
1.0,956.0,1.0,64.0,0.0,0.0,0.0,0.0,-23.12470555557239
1.0,974.0,1.0,64.0,1.0,120.0,0.0,0.0,-83.12937933189883
1.0,988.0,0.0,0.0,1.0,317.0,0.0,0.0,-121.09609703820769
1.0,1053.0,0.0,0.0,1.0,6.0,0.0,0.0,34.40068909247447
1.0,1101.0,0.0,0.0,0.0,0.0,0.0,0.0,37.396125818183975
1.0,1102.0,1.0,27.0,0.0,0.0,0.0,0.0,11.86426661582082
1.0,634.0,2.0,212.0,1.0,319.0,0.0,0.0,-322.5830805379766
1.0,662.0,1.0,56.0,0.0,0.0,0.0,0.0,-15.553343258257357
1.0,679.0,1.0,65.0,0.0,0.0,0.0,0.0,-24.06899118004862
1.0,692.0,0.0,0.0,2.0,170.0,0.0,0.0,-47.59298356942023
1.0,711.0,2.0,129.0,0.0,0.0,0.0,0.0,-84.58921086249089
1.0,728.0,3.0,253.0,1.0,382.0,0.0,0.0,-392.8564161675563
1.0,736.0,2.0,113.0,0.0,0.0,0.0,0.0,-69.45754713306081
1.0,756.0,1.0,157.0,2.0,138.0,0.0,0.0,-180.0679780126214
1.0,765.0,1.0,157.0,3.0,174.0,0.0,0.0,-198.07026179125506
1.0,811.0,0.0,0.0,0.0,0.0,0.0,0.0,37.4025780447339
1.0,878.0,3.0,270.0,1.0,318.0,0.0,0.0,-376.9361437897801
1.0,939.0,3.0,79.0,1.0,121.0,0.0,0.0,-97.8254871587787
1.0,960.0,1.0,56.0,2.0,408.0,0.0,0.0,-219.55780329600935
1.0,956.0,0.0,0.0,4.0,436.0,0.0,0.0,-180.60259371221503
1.0,995.0,1.0,125.0,0.0,0.0,0.0,0.0,-80.81359596036779
1.0,995.0,3.0,63.0,0.0,0.0,0.0,0.0,-22.189242653437496
1.0,1015.0,0.0,0.0,1.0,245.0,0.0,0.0,-85.10912141251956
1.0,1028.0,0.0,0.0,2.0,229.0,0.0,0.0,-77.096751023487
1.0,1075.0,3.0,151.0,0.0,0.0,0.0,0.0,-105.39962633398507
1.0,1163.0,3.0,248.0,1.0,382.0,0.0,0.0,-388.13713140275655
1.0,654.0,0.0,0.0,0.0,0.0,0.0,0.0,37.40639226559736
1.0,672.0,2.0,65.0,0.0,0.0,0.0,0.0,-24.06475899777687
1.0,688.0,1.0,32.0,1.0,262.0,0.0,0.0,-123.86052344138466
1.0,780.0,3.0,428.0,0.0,0.0,0.0,0.0,-367.35394610045984
1.0,800.0,1.0,32.0,0.0,0.0,0.0,0.0,7.141975655130079
1.0,833.0,1.0,42.0,0.0,0.0,0.0,0.0,-2.3213221526433117
1.0,847.0,2.0,31.0,1.0,168.0,0.0,0.0,-75.91368563893423
1.0,768.0,2.0,316.0,0.0,0.0,0.0,0.0,-261.43443225619603
1.0,871.0,4.0,442.0,0.0,0.0,0.0,0.0,-380.59500776121115
1.0,816.0,2.0,117.0,0.0,0.0,0.0,0.0,-73.24266681326569
1.0,830.0,1.0,63.0,2.0,188.0,0.0,0.0,-116.17561312719872
1.0,840.0,0.0,0.0,1.0,7.0,0.0,0.0,33.893546191570195
1.0,934.0,0.0,0.0,1.0,237.0,0.0,0.0,-81.10432256482378
1.0,847.0,0.0,0.0,1.0,181.0,0.0,0.0,-53.0985784034173
1.0,853.0,1.0,33.0,0.0,0.0,0.0,0.0,6.195241309101153
1.0,993.0,2.0,122.0,0.0,0.0,0.0,0.0,-77.98010376559797
1.0,995.0,1.0,84.0,0.0,0.0,0.0,0.0,-42.04283131534114
1.0,998.0,1.0,247.0,0.0,0.0,0.0,0.0,-196.18460232272847
1.0,1025.0,1.0,69.0,3.0,322.0,0.0,0.0,-188.85581688962495
1.0,1226.0,1.0,63.0,2.0,215.0,0.0,0.0,-129.68478451011748
1.0,664.0,3.0,220.0,0.0,0.0,0.0,0.0,-170.6506593123893
1.0,683.0,0.0,0.0,1.0,3.0,0.0,0.0,35.90680282585529
1.0,715.0,1.0,50.0,0.0,0.0,0.0,0.0,-9.881454114927436
1.0,735.0,0.0,0.0,0.0,0.0,0.0,0.0,37.39829790675932
1.0,841.0,0.0,0.0,1.0,4.0,0.0,0.0,35.40303817913042
1.0,858.0,0.0,0.0,1.0,220.0,0.0,0.0,-72.59795632385158
1.0,615.0,2.0,35.0,0.0,0.0,0.0,0.0,4.308477212948478
1.0,947.0,1.0,43.0,1.0,7.0,0.0,0.0,-6.76714375535613
1.0,663.0,2.0,112.0,0.0,0.0,0.0,0.0,-68.51655956161173
1.0,988.0,1.0,71.0,0.0,0.0,0.0,0.0,-29.74769950552472
1.0,670.0,2.0,70.0,0.0,0.0,0.0,0.0,-28.792944854137247
1.0,677.0,1.0,42.0,0.0,0.0,0.0,0.0,-2.314798056101907
1.0,1056.0,2.0,156.0,0.0,0.0,0.0,0.0,-110.13530741571549
1.0,745.0,0.0,0.0,0.0,0.0,0.0,0.0,37.40330767119943
1.0,797.0,1.0,52.0,0.0,0.0,0.0,0.0,-11.770574688287176
1.0,1173.0,0.0,0.0,1.0,108.0,0.0,0.0,-16.61626993182152
1.0,861.0,1.0,60.0,0.0,0.0,0.0,0.0,-19.340337231139273
1.0,886.0,2.0,87.0,0.0,0.0,0.0,0.0,-44.87421883342843
1.0,962.0,1.0,10.0,0.0,0.0,0.0,0.0,27.9427505765663
1.0,1069.0,0.0,0.0,4.0,559.0,0.0,0.0,-242.1020912613439
1.0,680.0,0.0,0.0,2.0,249.0,0.0,0.0,-87.10276505213304
1.0,686.0,0.0,0.0,1.0,378.0,0.0,0.0,-151.59265092354414
1.0,742.0,1.0,35.0,0.0,0.0,0.0,0.0,4.30661439125457
1.0,784.0,4.0,99.0,0.0,0.0,0.0,0.0,-56.22221115720082
1.0,823.0,1.0,20.0,0.0,0.0,0.0,0.0,18.487752856944415
1.0,824.0,2.0,78.0,0.0,0.0,0.0,0.0,-36.36378895369272
1.0,652.0,2.0,185.0,0.0,0.0,0.0,0.0,-137.55693700042934
1.0,911.0,1.0,31.0,1.0,424.0,0.0,0.0,-203.91315884774716
1.0,925.0,0.0,0.0,2.0,241.0,0.0,0.0,-83.10411604688449
1.0,946.0,1.0,65.0,1.0,2.0,0.0,0.0,-25.073054505456824
1.0,731.0,0.0,0.0,2.0,184.0,0.0,0.0,-54.596142115811
1.0,981.0,0.0,0.0,3.0,290.0,0.0,0.0,-107.60245508318386
1.0,782.0,1.0,21.0,3.0,391.0,0.0,0.0,-177.95597195126857
1.0,821.0,1.0,52.0,1.0,258.0,0.0,0.0,-140.77382382155062
1.0,836.0,0.0,0.0,1.0,297.0,0.0,0.0,-111.0975552032513
1.0,915.0,1.0,52.0,1.0,271.0,0.0,0.0,-147.2728656883669
1.0,918.0,1.0,21.0,3.0,322.0,0.0,0.0,-143.45918241051464
1.0,957.0,1.0,134.0,0.0,0.0,0.0,0.0,-89.33793144253143
1.0,997.0,0.0,0.0,2.0,355.0,0.0,0.0,-140.10372175758397
1.0,1016.0,1.0,51.0,0.0,0.0,0.0,0.0,-10.828783925629985
1.0,645.0,0.0,0.0,0.0,0.0,0.0,0.0,37.40398476178472
1.0,723.0,1.0,35.0,1.0,73.0,0.0,0.0,-32.20477810347458
1.0,724.0,0.0,0.0,0.0,0.0,0.0,0.0,37.40236983447041
1.0,784.0,1.0,30.0,1.0,189.0,0.0,0.0,-85.4681563413055
1.0,788.0,2.0,95.0,1.0,63.0,0.0,0.0,-83.94521111067105
1.0,807.0,1.0,114.0,1.0,76.0,0.0,0.0,-108.41213917859196
1.0,869.0,2.0,152.0,2.0,180.0,0.0,0.0,-196.34839534382095
1.0,639.0,1.0,59.0,1.0,288.0,0.0,0.0,-162.39152827184887
1.0,891.0,3.0,145.0,1.0,29.0,0.0,0.0,-114.22269709392899
1.0,899.0,1.0,53.0,1.0,56.0,0.0,0.0,-40.72454842628373
1.0,683.0,1.0,46.0,1.0,174.0,0.0,0.0,-93.09722961553031
1.0,976.0,1.0,30.0,2.0,533.0,0.0,0.0,-257.4764632632094
1.0,767.0,1.0,46.0,1.0,232.0,0.0,0.0,-122.10132540153936
1.0,805.0,0.0,0.0,1.0,68.0,0.0,0.0,3.3942518375210327
1.0,829.0,0.0,0.0,2.0,317.0,0.0,0.0,-121.0967040179913
1.0,878.0,0.0,0.0,2.0,141.0,0.0,0.0,-33.10755354782826
1.0,902.0,0.0,0.0,2.0,238.0,0.0,0.0,-81.60155718285203
1.0,939.0,1.0,172.0,1.0,151.0,0.0,0.0,-200.7586917739085
1.0,941.0,0.0,0.0,1.0,240.0,0.0,0.0,-82.59887399109972
1.0,1193.0,2.0,231.0,2.0,723.0,0.0,0.0,-542.5606408390801
1.0,765.0,0.0,0.0,0.0,0.0,0.0,0.0,37.401032395321664
1.0,800.0,0.0,0.0,0.0,0.0,0.0,0.0,37.396102690002174
1.0,802.0,2.0,313.0,2.0,245.0,0.0,0.0,-381.09979639578233
1.0,841.0,0.0,0.0,2.0,211.0,0.0,0.0,-68.09622015227524
1.0,939.0,2.0,316.0,2.0,238.0,0.0,0.0,-380.43956784055234
1.0,966.0,2.0,115.0,2.0,232.0,0.0,0.0,-187.35210141477833
1.0,980.0,0.0,0.0,2.0,214.0,0.0,0.0,-69.59774436476408
1.0,987.0,0.0,0.0,4.0,241.0,0.0,0.0,-83.09934888603303
1.0,994.0,0.0,0.0,2.0,260.0,0.0,0.0,-92.60087022414379
1.0,1001.0,0.0,0.0,2.0,220.0,0.0,0.0,-72.60114492898458
1.0,618.0,1.0,55.0,0.0,0.0,0.0,0.0,-14.60790080304917
1.0,671.0,1.0,59.0,0.0,0.0,0.0,0.0,-18.394707358916683
1.0,699.0,1.0,59.0,1.0,32.0,0.0,0.0,-34.39112166386523
1.0,723.0,3.0,175.0,0.0,0.0,0.0,0.0,-128.09459071701372
1.0,729.0,2.0,119.0,0.0,0.0,0.0,0.0,-75.14232470042242
1.0,800.0,2.0,81.0,1.0,180.0,0.0,0.0,-129.2010239820099
1.0,904.0,4.0,288.0,0.0,0.0,0.0,0.0,-234.95931332957286
1.0,914.0,2.0,176.0,0.0,0.0,0.0,0.0,-129.0377037029514
1.0,958.0,0.0,0.0,2.0,524.0,0.0,0.0,-224.6099783898551
1.0,998.0,2.0,100.0,2.0,371.0,0.0,0.0,-242.67631628547633
1.0,628.0,0.0,0.0,1.0,79.0,0.0,0.0,-2.091489221842238
1.0,647.0,2.0,149.0,1.0,211.0,0.0,0.0,-209.00337248162924
1.0,751.0,1.0,90.0,1.0,46.0,0.0,0.0,-70.71326050238554
1.0,762.0,0.0,0.0,1.0,294.0,0.0,0.0,-109.61199826338125
1.0,807.0,0.0,0.0,0.0,0.0,0.0,0.0,37.40175969595511
1.0,877.0,1.0,59.0,1.0,494.0,0.0,0.0,-265.3966395631287
1.0,973.0,0.0,0.0,1.0,245.0,0.0,0.0,-85.10018542155866
1.0,1021.0,1.0,31.0,1.0,188.0,0.0,0.0,-85.91398236575361
1.0,1042.0,0.0,0.0,2.0,626.0,0.0,0.0,-275.60693713607526
1.0,1093.0,1.0,31.0,1.0,64.0,0.0,0.0,-23.923471040449847
1.0,675.0,1.0,34.0,0.0,0.0,0.0,0.0,5.247421903419038
1.0,696.0,0.0,0.0,0.0,0.0,0.0,0.0,37.396600551817166
1.0,714.0,0.0,0.0,1.0,12.0,0.0,0.0,31.404102179026488
1.0,734.0,1.0,16.0,0.0,0.0,0.0,0.0,22.27292000017058
1.0,790.0,0.0,0.0,1.0,274.0,0.0,0.0,-99.59640113239334
1.0,830.0,0.0,0.0,1.0,20.0,0.0,0.0,27.404736779144187
1.0,932.0,0.0,0.0,0.0,0.0,0.0,0.0,37.391402699687674
1.0,969.0,1.0,16.0,0.0,0.0,0.0,0.0,22.265732111090685
1.0,982.0,0.0,0.0,1.0,349.0,0.0,0.0,-137.102633136995
1.0,1072.0,1.0,34.0,0.0,0.0,0.0,0.0,5.247702592691837
1.0,648.0,0.0,0.0,0.0,0.0,0.0,0.0,37.40715657014813
1.0,684.0,0.0,0.0,3.0,143.0,0.0,0.0,-34.09820102547774
1.0,715.0,1.0,59.0,0.0,0.0,0.0,0.0,-18.38976684108819
1.0,756.0,1.0,59.0,0.0,0.0,0.0,0.0,-18.389067039051568
1.0,832.0,0.0,0.0,2.0,36.0,0.0,0.0,19.397318768693488
1.0,848.0,1.0,80.0,2.0,142.0,0.0,0.0,-109.25771107964488
1.0,880.0,0.0,0.0,2.0,493.0,0.0,0.0,-209.0960253314493
1.0,903.0,1.0,329.0,0.0,0.0,0.0,0.0,-273.7391838366821
1.0,908.0,1.0,329.0,1.0,37.0,0.0,0.0,-292.24974100117066
1.0,1021.0,1.0,80.0,2.0,111.0,0.0,0.0,-93.75701407737365
1.0,624.0,2.0,47.0,1.0,72.0,0.0,0.0,-43.04194949805267
1.0,662.0,1.0,4.0,1.0,119.0,0.0,0.0,-25.87643632232036
1.0,732.0,2.0,170.0,1.0,34.0,0.0,0.0,-140.3629439657895
1.0,811.0,1.0,64.0,1.0,33.0,0.0,0.0,-39.62827231976179
1.0,859.0,0.0,0.0,0.0,0.0,0.0,0.0,37.402205827233175
1.0,891.0,0.0,0.0,0.0,0.0,0.0,0.0,37.39890107667588
1.0,935.0,1.0,76.0,0.0,0.0,0.0,0.0,-34.470902374883096
1.0,986.0,1.0,106.0,1.0,180.0,0.0,0.0,-152.84625592217571
1.0,1087.0,2.0,119.0,1.0,73.0,0.0,0.0,-111.65153171664204
1.0,1104.0,0.0,0.0,1.0,427.0,0.0,0.0,-176.11151019460982
1.0,702.0,3.0,333.0,0.0,0.0,0.0,0.0,-277.52015084518035
1.0,756.0,0.0,0.0,2.0,445.0,0.0,0.0,-185.09620355703487
1.0,765.0,2.0,281.0,0.0,0.0,0.0,0.0,-228.33637669428717
1.0,831.0,0.0,0.0,0.0,0.0,0.0,0.0,37.40283040829613
1.0,861.0,0.0,0.0,0.0,0.0,0.0,0.0,37.38952893873133
1.0,869.0,0.0,0.0,1.0,199.0,0.0,0.0,-62.09648236313233
1.0,897.0,2.0,45.0,0.0,0.0,0.0,0.0,-5.156115732928775
1.0,983.0,1.0,51.0,0.0,0.0,0.0,0.0,-10.831175544716977
1.0,1129.0,0.0,0.0,1.0,190.0,0.0,0.0,-57.60635380187728
1.0,1140.0,0.0,0.0,0.0,0.0,0.0,0.0,37.397380152802555
1.0,722.0,0.0,0.0,0.0,0.0,0.0,0.0,37.40718569110053
1.0,747.0,0.0,0.0,1.0,297.0,0.0,0.0,-111.11158193081411
1.0,766.0,0.0,0.0,0.0,0.0,0.0,0.0,37.39209419315479
1.0,771.0,0.0,0.0,0.0,0.0,0.0,0.0,37.40552072412143
1.0,824.0,0.0,0.0,0.0,0.0,0.0,0.0,37.40352063568279
1.0,900.0,1.0,46.0,1.0,67.0,0.0,0.0,-39.601564727785856
1.0,929.0,1.0,60.0,1.0,61.0,0.0,0.0,-49.841124915059154
1.0,1014.0,2.0,106.0,3.0,222.0,0.0,0.0,-173.84749541643112
1.0,1018.0,0.0,0.0,3.0,251.0,0.0,0.0,-88.10163073664167
1.0,1053.0,0.0,0.0,1.0,17.0,0.0,0.0,28.900413261077638
1.0,651.0,0.0,0.0,0.0,0.0,0.0,0.0,37.401223708813816
1.0,692.0,1.0,56.0,1.0,365.0,0.0,0.0,-198.05337732701346
1.0,828.0,1.0,62.0,1.0,291.0,0.0,0.0,-166.72896292712278
1.0,867.0,1.0,116.0,2.0,515.0,0.0,0.0,-329.79988851019544
1.0,876.0,0.0,0.0,2.0,494.0,0.0,0.0,-209.60351815320342
1.0,897.0,1.0,237.0,1.0,338.0,0.0,0.0,-355.7307611276714
1.0,911.0,2.0,293.0,1.0,572.0,0.0,0.0,-525.6995082363579
1.0,923.0,1.0,62.0,1.0,305.0,0.0,0.0,-173.73463077326733
1.0,987.0,1.0,116.0,1.0,620.0,0.0,0.0,-382.30543371279043
1.0,1113.0,0.0,0.0,1.0,323.0,0.0,0.0,-124.09862666703933
1.0,713.0,0.0,0.0,0.0,0.0,0.0,0.0,37.40568365055437
1.0,715.0,0.0,0.0,0.0,0.0,0.0,0.0,37.4037387998586
1.0,791.0,0.0,0.0,1.0,372.0,0.0,0.0,-148.61130191945838
1.0,829.0,0.0,0.0,1.0,308.0,0.0,0.0,-116.59709766733263
1.0,828.0,0.0,0.0,2.0,151.0,0.0,0.0,-38.09808176025484
1.0,844.0,0.0,0.0,0.0,0.0,0.0,0.0,37.400823976861346
1.0,853.0,0.0,0.0,1.0,391.0,0.0,0.0,-158.09978914263647
1.0,944.0,0.0,0.0,1.0,281.0,0.0,0.0,-103.1006699455469
1.0,941.0,0.0,0.0,0.0,0.0,0.0,0.0,37.39652523084933
1.0,1156.0,0.0,0.0,0.0,0.0,0.0,0.0,37.39744970857991
1.0,734.0,0.0,0.0,0.0,0.0,0.0,0.0,37.403843087785845
1.0,751.0,0.0,0.0,1.0,417.0,0.0,0.0,-171.10314774882323
1.0,770.0,0.0,0.0,0.0,0.0,0.0,0.0,37.398268719236974
1.0,772.0,0.0,0.0,0.0,0.0,0.0,0.0,37.395930223991265
1.0,786.0,0.0,0.0,0.0,0.0,0.0,0.0,37.4036183389782
1.0,824.0,0.0,0.0,2.0,382.0,0.0,0.0,-153.59665955199046
1.0,844.0,0.0,0.0,1.0,49.0,0.0,0.0,12.901617493070898
1.0,894.0,0.0,0.0,1.0,364.0,0.0,0.0,-144.60684180145003
1.0,944.0,0.0,0.0,2.0,395.0,0.0,0.0,-160.1052711938984
1.0,1082.0,0.0,0.0,2.0,166.0,0.0,0.0,-45.60247124805716
1.0,616.0,1.0,57.0,0.0,0.0,0.0,0.0,-16.502526044256754
1.0,671.0,0.0,0.0,0.0,0.0,0.0,0.0,37.403964817347386
1.0,702.0,0.0,0.0,0.0,0.0,0.0,0.0,37.402980137490125
1.0,703.0,0.0,0.0,1.0,42.0,0.0,0.0,16.405132530201758
1.0,720.0,0.0,0.0,1.0,60.0,0.0,0.0,7.405617855989281
1.0,751.0,0.0,0.0,0.0,0.0,0.0,0.0,37.40132309541454
1.0,777.0,0.0,0.0,1.0,219.0,0.0,0.0,-72.10168603063579
1.0,821.0,1.0,57.0,0.0,0.0,0.0,0.0,-16.507290056987635
1.0,837.0,0.0,0.0,0.0,0.0,0.0,0.0,37.40035299748185
1.0,948.0,0.0,0.0,1.0,126.0,0.0,0.0,-25.596668651272864
1.0,680.0,0.0,0.0,0.0,0.0,0.0,0.0,37.39301773039683
1.0,694.0,0.0,0.0,0.0,0.0,0.0,0.0,37.406408583690485
1.0,733.0,0.0,0.0,0.0,0.0,0.0,0.0,37.403642521400734
1.0,754.0,0.0,0.0,1.0,203.0,0.0,0.0,-64.09694326127658
1.0,759.0,0.0,0.0,0.0,0.0,0.0,0.0,37.401427363276206
1.0,789.0,1.0,40.0,1.0,144.0,0.0,0.0,-72.42590861594135
1.0,855.0,0.0,0.0,1.0,318.0,0.0,0.0,-121.59660668889424
1.0,860.0,1.0,40.0,1.0,246.0,0.0,0.0,-123.43442710987499
1.0,866.0,0.0,0.0,1.0,13.0,0.0,0.0,30.903403697061904
1.0,611.0,0.0,0.0,0.0,0.0,0.0,0.0,37.406030641561514
1.0,678.0,2.0,125.0,0.0,0.0,0.0,0.0,-80.81114251914283
1.0,684.0,1.0,61.0,0.0,0.0,0.0,0.0,-20.284677694259734
1.0,1039.0,0.0,0.0,1.0,557.0,0.0,0.0,-241.11167128075306
1.0,769.0,0.0,0.0,1.0,63.0,0.0,0.0,5.90213709658876
1.0,767.0,0.0,0.0,1.0,279.0,0.0,0.0,-102.09828746979085
1.0,829.0,0.0,0.0,1.0,119.0,0.0,0.0,-22.105277589120178
1.0,853.0,0.0,0.0,0.0,0.0,0.0,0.0,37.40241386701166
1.0,871.0,0.0,0.0,0.0,0.0,0.0,0.0,37.40062402905234
1.0,1046.0,0.0,0.0,0.0,0.0,0.0,0.0,37.39507133837783
1.0,1163.0,1.0,64.0,1.0,268.0,0.0,0.0,-157.12951299222954
1.0,709.0,2.0,59.0,0.0,0.0,0.0,0.0,-18.39710628516937
1.0,772.0,2.0,81.0,0.0,0.0,0.0,0.0,-39.19920401235974
1.0,855.0,2.0,72.0,1.0,316.0,0.0,0.0,-188.68956989625462
1.0,894.0,0.0,0.0,0.0,0.0,0.0,0.0,37.384754745538125
1.0,906.0,0.0,0.0,0.0,0.0,0.0,0.0,37.38155080008594
1.0,935.0,0.0,0.0,1.0,338.0,0.0,0.0,-131.60324824303683
1.0,1007.0,1.0,74.0,1.0,554.0,0.0,0.0,-309.5870125173749
1.0,1010.0,1.0,74.0,2.0,406.0,0.0,0.0,-235.59042077343096
1.0,1041.0,1.0,61.0,0.0,0.0,0.0,0.0,-20.28926119025104
1.0,605.0,2.0,250.0,0.0,0.0,0.0,0.0,-199.0193148198958
1.0,632.0,0.0,0.0,0.0,0.0,0.0,0.0,37.402375906896395
1.0,1146.0,1.0,33.0,1.0,328.0,0.0,0.0,-157.81155612206314
1.0,746.0,2.0,135.0,1.0,21.0,0.0,0.0,-100.76841678883991
1.0,763.0,2.0,125.0,0.0,0.0,0.0,0.0,-80.80829519810871
1.0,833.0,2.0,369.0,0.0,0.0,0.0,0.0,-311.55941778010316
1.0,853.0,0.0,0.0,1.0,202.0,0.0,0.0,-63.6062244912028
1.0,877.0,1.0,97.0,0.0,0.0,0.0,0.0,-54.340088024376485
1.0,890.0,2.0,221.0,0.0,0.0,0.0,0.0,-171.5970229829093
1.0,1021.0,1.0,97.0,2.0,307.0,0.0,0.0,-207.83116246910546
1.0,1022.0,0.0,0.0,2.0,272.0,0.0,0.0,-98.59771854550894
1.0,691.0,1.0,262.0,1.0,81.0,0.0,0.0,-250.86838300543263
1.0,728.0,1.0,262.0,1.0,5.0,0.0,0.0,-212.8641742545779
1.0,762.0,0.0,0.0,0.0,0.0,0.0,0.0,37.40315021605978
1.0,795.0,1.0,163.0,0.0,0.0,0.0,0.0,-116.750207641965
1.0,838.0,1.0,163.0,0.0,0.0,0.0,0.0,-116.74973346022777
1.0,852.0,0.0,0.0,0.0,0.0,0.0,0.0,37.38343326479201
1.0,859.0,0.0,0.0,0.0,0.0,0.0,0.0,37.399349223524254
1.0,897.0,0.0,0.0,0.0,0.0,0.0,0.0,37.389234323346464
1.0,939.0,1.0,62.0,0.0,0.0,0.0,0.0,-21.234417541842767
1.0,1074.0,1.0,62.0,0.0,0.0,0.0,0.0,-21.263613405831506
1.0,808.0,3.0,510.0,2.0,240.0,0.0,0.0,-564.9043000932161
1.0,814.0,0.0,0.0,1.0,309.0,0.0,0.0,-117.09681686244326
1.0,839.0,0.0,0.0,1.0,275.0,0.0,0.0,-100.09684616388014
1.0,901.0,3.0,504.0,1.0,196.0,0.0,0.0,-537.2315435171009
1.0,931.0,1.0,24.0,0.0,0.0,0.0,0.0,14.705042536222205
1.0,959.0,0.0,0.0,1.0,266.0,0.0,0.0,-95.60862776815802
1.0,1005.0,0.0,0.0,2.0,619.0,0.0,0.0,-272.10619832374607
1.0,1036.0,3.0,475.0,1.0,249.0,0.0,0.0,-536.306192384161
1.0,1050.0,1.0,24.0,0.0,0.0,0.0,0.0,14.699405540936201
1.0,1115.0,3.0,435.0,1.0,306.0,0.0,0.0,-526.9835161082227
1.0,617.0,1.0,89.0,0.0,0.0,0.0,0.0,-46.76378195514027
1.0,676.0,0.0,0.0,2.0,168.0,0.0,0.0,-46.596278395158066
1.0,867.0,1.0,91.0,0.0,0.0,0.0,0.0,-48.674993664410394
1.0,908.0,1.0,89.0,1.0,3.0,0.0,0.0,-48.272324933364615
1.0,955.0,3.0,332.0,0.0,0.0,0.0,0.0,-276.5748734574495
1.0,972.0,1.0,215.0,0.0,0.0,0.0,0.0,-165.9320018753748
1.0,1035.0,3.0,295.0,0.0,0.0,0.0,0.0,-241.60184812237733
1.0,647.0,2.0,110.0,1.0,20.0,0.0,0.0,-76.6264590456479
1.0,1038.0,2.0,386.0,0.0,0.0,0.0,0.0,-327.6445700685743
1.0,1063.0,1.0,91.0,0.0,0.0,0.0,0.0,-48.65816939488174
1.0,1098.0,3.0,388.0,0.0,0.0,0.0,0.0,-329.5309051466686
1.0,781.0,0.0,0.0,0.0,0.0,0.0,0.0,37.406466441810586
1.0,821.0,1.0,62.0,0.0,0.0,0.0,0.0,-21.22911371114526
1.0,860.0,1.0,51.0,0.0,0.0,0.0,0.0,-10.84860255538387
1.0,857.0,1.0,62.0,0.0,0.0,0.0,0.0,-21.24007598539165
1.0,875.0,1.0,52.0,3.0,252.0,0.0,0.0,-137.7851210054713
1.0,979.0,0.0,0.0,1.0,314.0,0.0,0.0,-119.60575414136595
1.0,1003.0,1.0,59.0,2.0,109.0,0.0,0.0,-72.91743873292535
1.0,1018.0,1.0,52.0,2.0,540.0,0.0,0.0,-281.79621539611185
1.0,1039.0,0.0,0.0,1.0,114.0,0.0,0.0,-19.602274075863917
1.0,619.0,2.0,198.0,2.0,158.0,0.0,0.0,-228.846310405785
1.0,656.0,1.0,69.0,0.0,0.0,0.0,0.0,-27.8472353145832
1.0,707.0,1.0,53.0,1.0,353.0,0.0,0.0,-189.22711971883322
1.0,728.0,0.0,0.0,1.0,86.0,0.0,0.0,-5.597821109441114
1.0,850.0,2.0,470.0,0.0,0.0,0.0,0.0,-407.0735797017784
1.0,858.0,0.0,0.0,0.0,0.0,0.0,0.0,37.39806025480436
1.0,864.0,2.0,432.0,1.0,22.0,0.0,0.0,-382.13966161732793
1.0,881.0,2.0,361.0,2.0,354.0,0.0,0.0,-480.9960426246126
1.0,915.0,1.0,53.0,0.0,0.0,0.0,0.0,-12.72160362302725
1.0,1001.0,1.0,292.0,2.0,616.0,0.0,0.0,-546.7473364485138
1.0,739.0,1.0,37.0,1.0,144.0,0.0,0.0,-69.59457118304586
1.0,755.0,2.0,215.0,3.0,221.0,0.0,0.0,-276.4284645138908
1.0,764.0,1.0,181.0,1.0,56.0,0.0,0.0,-161.77199735554305
1.0,807.0,0.0,0.0,1.0,203.0,0.0,0.0,-64.10652594011236
1.0,813.0,0.0,0.0,0.0,0.0,0.0,0.0,37.401895986957285
1.0,956.0,2.0,238.0,2.0,291.0,0.0,0.0,-333.1811543693684
1.0,975.0,3.0,122.0,2.0,274.0,0.0,0.0,-214.97902905806563
1.0,1029.0,2.0,231.0,2.0,249.0,0.0,0.0,-305.56048338973807
1.0,1065.0,1.0,172.0,3.0,286.0,0.0,0.0,-268.26418762378455
1.0,1187.0,2.0,218.0,1.0,53.0,0.0,0.0,-195.27306221720255
1.0,651.0,0.0,0.0,1.0,80.0,0.0,0.0,-2.5979717404983234
1.0,704.0,2.0,93.0,0.0,0.0,0.0,0.0,-50.5453967584634
1.0,725.0,0.0,0.0,0.0,0.0,0.0,0.0,37.399574166442974
1.0,744.0,2.0,151.0,1.0,176.0,0.0,0.0,-193.3975768788007
1.0,759.0,1.0,51.0,0.0,0.0,0.0,0.0,-10.832098032264135
1.0,797.0,1.0,48.0,0.0,0.0,0.0,0.0,-8.007607661681888
1.0,853.0,3.0,369.0,1.0,117.0,0.0,0.0,-370.0629015505039
1.0,923.0,1.0,109.0,0.0,0.0,0.0,0.0,-65.68825033447114
1.0,1062.0,2.0,297.0,1.0,219.0,0.0,0.0,-352.9828098083415
1.0,1070.0,4.0,326.0,0.0,0.0,0.0,0.0,-270.91681932826714
1.0,612.0,0.0,0.0,1.0,207.0,0.0,0.0,-66.09168323209016
1.0,686.0,1.0,133.0,1.0,390.0,0.0,0.0,-283.3801967873789
1.0,710.0,1.0,190.0,1.0,257.0,0.0,0.0,-270.77912229010144
1.0,720.0,2.0,190.0,1.0,328.0,0.0,0.0,-306.28121377505386
1.0,754.0,0.0,0.0,0.0,0.0,0.0,0.0,37.40220996749733
1.0,827.0,1.0,20.0,1.0,311.0,0.0,0.0,-137.01247673744533
1.0,884.0,2.0,178.0,1.0,202.0,0.0,0.0,-231.9364480705787
1.0,915.0,2.0,74.0,1.0,298.0,0.0,0.0,-181.58747009114956
1.0,945.0,1.0,121.0,0.0,0.0,0.0,0.0,-77.02943053016656
1.0,978.0,2.0,244.0,1.0,440.0,0.0,0.0,-413.3516947971686
1.0,631.0,1.0,105.0,0.0,0.0,0.0,0.0,-61.892270348456215
1.0,696.0,1.0,58.0,1.0,81.0,0.0,0.0,-57.947959582876635
1.0,701.0,2.0,105.0,0.0,0.0,0.0,0.0,-61.90092943793801
1.0,816.0,1.0,59.0,0.0,0.0,0.0,0.0,-18.392577649124775
1.0,870.0,1.0,22.0,0.0,0.0,0.0,0.0,16.590297318999323
1.0,877.0,3.0,175.0,0.0,0.0,0.0,0.0,-128.09962415016665
1.0,925.0,4.0,242.0,0.0,0.0,0.0,0.0,-191.45794987017763
1.0,964.0,0.0,0.0,3.0,490.0,0.0,0.0,-207.6012005012306
1.0,1010.0,0.0,0.0,0.0,0.0,0.0,0.0,37.394093207970215
1.0,682.0,1.0,71.0,0.0,0.0,0.0,0.0,-29.743918104829184
1.0,861.0,0.0,0.0,3.0,251.0,0.0,0.0,-88.09775421695745
1.0,1321.0,1.0,48.0,0.0,0.0,0.0,0.0,-8.003050660397946
1.0,919.0,1.0,61.0,1.0,173.0,0.0,0.0,-106.78958120531573
1.0,956.0,0.0,0.0,2.0,365.0,0.0,0.0,-145.10326407956853
1.0,993.0,2.0,89.0,1.0,166.0,0.0,0.0,-129.76788254734097
1.0,1002.0,0.0,0.0,1.0,514.0,0.0,0.0,-219.6029853823508
1.0,1003.0,0.0,0.0,1.0,77.0,0.0,0.0,-1.0987371225524711
1.0,1009.0,0.0,0.0,2.0,183.0,0.0,0.0,-54.09988358060188
1.0,1013.0,0.0,0.0,3.0,217.0,0.0,0.0,-71.10330559192475
1.0,1030.0,2.0,99.0,1.0,246.0,0.0,0.0,-179.2337479741662
1.0,716.0,0.0,0.0,2.0,240.0,0.0,0.0,-82.60459347888803
1.0,735.0,0.0,0.0,1.0,1.0,0.0,0.0,36.892893109158805
1.0,615.0,0.0,0.0,0.0,0.0,0.0,0.0,37.40827767867568
1.0,743.0,0.0,0.0,0.0,0.0,0.0,0.0,37.4022018243402
1.0,756.0,0.0,0.0,0.0,0.0,0.0,0.0,37.40376541510534
1.0,746.0,2.0,48.0,0.0,0.0,0.0,0.0,-7.989475630152917
1.0,898.0,0.0,0.0,3.0,441.0,0.0,0.0,-183.1059589702914
1.0,896.0,0.0,0.0,1.0,89.0,0.0,0.0,-7.104745347425762
1.0,900.0,0.0,0.0,0.0,0.0,0.0,0.0,37.40212117431217
1.0,816.0,1.0,58.0,0.0,0.0,0.0,0.0,-17.457990128501905
1.0,984.0,1.0,82.0,0.0,0.0,0.0,0.0,-40.15982567946505
1.0,875.0,0.0,0.0,2.0,120.0,0.0,0.0,-22.601033709454555
1.0,873.0,3.0,426.0,1.0,31.0,0.0,0.0,-380.97277902667815
1.0,1014.0,1.0,82.0,4.0,388.0,0.0,0.0,-234.15020795261384
1.0,1052.0,0.0,0.0,0.0,0.0,0.0,0.0,37.374988960470326
1.0,935.0,1.0,45.0,0.0,0.0,0.0,0.0,-5.154538842310799
1.0,965.0,1.0,24.0,2.0,85.0,0.0,0.0,-27.80274030193388
1.0,994.0,1.0,45.0,0.0,0.0,0.0,0.0,-5.158576385814548
1.0,999.0,1.0,58.0,0.0,0.0,0.0,0.0,-17.45299590524092
1.0,1123.0,4.0,438.0,2.0,80.0,0.0,0.0,-416.8302823359976
1.0,607.0,1.0,30.0,0.0,0.0,0.0,0.0,9.036806325477269
1.0,678.0,1.0,54.0,0.0,0.0,0.0,0.0,-13.663190854787679
1.0,735.0,1.0,60.0,0.0,0.0,0.0,0.0,-19.339810205791288
1.0,740.0,2.0,90.0,0.0,0.0,0.0,0.0,-47.71651520964876
1.0,833.0,1.0,54.0,0.0,0.0,0.0,0.0,-13.667306478741416
1.0,654.0,4.0,265.0,0.0,0.0,0.0,0.0,-213.20227452594384
1.0,674.0,0.0,0.0,0.0,0.0,0.0,0.0,37.40737454655428
1.0,872.0,0.0,0.0,2.0,163.0,0.0,0.0,-44.10985967653337
1.0,677.0,1.0,41.0,0.0,0.0,0.0,0.0,-1.3707674525047082
1.0,678.0,2.0,178.0,0.0,0.0,0.0,0.0,-130.92936837554623
1.0,697.0,1.0,57.0,0.0,0.0,0.0,0.0,-16.500177077817867
1.0,726.0,0.0,0.0,1.0,101.0,0.0,0.0,-13.101508424248827
1.0,948.0,0.0,0.0,0.0,0.0,0.0,0.0,37.38650791719745
1.0,752.0,2.0,182.0,0.0,0.0,0.0,0.0,-134.71297358852024
1.0,794.0,0.0,0.0,1.0,272.0,0.0,0.0,-98.59732299044471
1.0,991.0,0.0,0.0,1.0,75.0,0.0,0.0,-0.1050751669396206
1.0,1008.0,0.0,0.0,1.0,9.0,0.0,0.0,32.88131078641348
1.0,1052.0,0.0,0.0,0.0,0.0,0.0,0.0,37.389787420310576
1.0,953.0,0.0,0.0,1.0,200.0,0.0,0.0,-62.59956100783195
1.0,1066.0,2.0,129.0,0.0,0.0,0.0,0.0,-84.59666801179306
1.0,633.0,0.0,0.0,2.0,293.0,0.0,0.0,-109.09574067410225
1.0,737.0,0.0,0.0,0.0,0.0,0.0,0.0,37.405266921979745
1.0,766.0,0.0,0.0,1.0,89.0,0.0,0.0,-7.10855491192828
1.0,796.0,1.0,60.0,1.0,354.0,0.0,0.0,-196.3381123260591
1.0,828.0,1.0,61.0,1.0,357.0,0.0,0.0,-198.7848123265859
1.0,839.0,2.0,121.0,1.0,388.0,0.0,0.0,-271.0366433771233
1.0,658.0,2.0,223.0,1.0,20.0,0.0,0.0,-183.48585042152152
1.0,876.0,0.0,0.0,3.0,350.0,0.0,0.0,-137.59959663398908
1.0,678.0,1.0,177.0,1.0,287.0,0.0,0.0,-273.4870394208949
1.0,709.0,0.0,0.0,1.0,234.0,0.0,0.0,-79.60270425600828
1.0,933.0,1.0,63.0,1.0,207.0,0.0,0.0,-125.68287748749512
1.0,731.0,1.0,177.0,1.0,331.0,0.0,0.0,-295.48616320562
1.0,951.0,0.0,0.0,1.0,348.0,0.0,0.0,-136.59868507663464
1.0,774.0,1.0,62.0,0.0,0.0,0.0,0.0,-21.22915207549614
1.0,1026.0,1.0,63.0,1.0,92.0,0.0,0.0,-68.18821816732688
1.0,836.0,0.0,0.0,1.0,221.0,0.0,0.0,-73.10323665376785
1.0,866.0,0.0,0.0,1.0,142.0,0.0,0.0,-33.60520235306417
1.0,871.0,2.0,222.0,1.0,193.0,0.0,0.0,-269.0494058401899
1.0,1010.0,3.0,257.0,0.0,0.0,0.0,0.0,-205.64895374932917
1.0,1089.0,0.0,0.0,1.0,217.0,0.0,0.0,-71.12107138940524
1.0,735.0,0.0,0.0,0.0,0.0,0.0,0.0,37.399480449450635
1.0,791.0,1.0,52.0,3.0,324.0,0.0,0.0,-173.77357019680582
1.0,811.0,2.0,97.0,1.0,46.0,0.0,0.0,-77.33871803099585
1.0,832.0,0.0,0.0,1.0,92.0,0.0,0.0,-8.610519460115157
1.0,895.0,1.0,52.0,3.0,331.0,0.0,0.0,-177.27402668416858
1.0,931.0,1.0,56.0,1.0,93.0,0.0,0.0,-62.05675118749902
1.0,670.0,0.0,0.0,0.0,0.0,0.0,0.0,37.40166414629219
1.0,713.0,1.0,26.0,1.0,120.0,0.0,0.0,-47.184036395349395
1.0,1039.0,1.0,41.0,4.0,384.0,0.0,0.0,-193.3781872155437
1.0,1040.0,0.0,0.0,0.0,0.0,0.0,0.0,37.3923324778659
1.0,783.0,1.0,26.0,1.0,187.0,0.0,0.0,-80.69181331448166
1.0,800.0,0.0,0.0,3.0,280.0,0.0,0.0,-102.61088309695319
1.0,1082.0,0.0,0.0,1.0,349.0,0.0,0.0,-137.10992850605498
1.0,858.0,0.0,0.0,4.0,436.0,0.0,0.0,-180.60084681640703
1.0,1165.0,0.0,0.0,0.0,0.0,0.0,0.0,37.36693452501311
1.0,899.0,1.0,22.0,4.0,465.0,0.0,0.0,-215.90636931089807
1.0,920.0,1.0,22.0,2.0,389.0,0.0,0.0,-177.91183254542705
1.0,998.0,1.0,56.0,2.0,365.0,0.0,0.0,-198.067066067133
1.0,1097.0,0.0,0.0,0.0,0.0,0.0,0.0,37.39065399476755
1.0,1099.0,1.0,56.0,2.0,413.0,0.0,0.0,-222.0665319323746
1.0,633.0,1.0,36.0,1.0,144.0,0.0,0.0,-68.63901979315183
1.0,658.0,0.0,0.0,0.0,0.0,0.0,0.0,37.406204356958284
1.0,775.0,0.0,0.0,0.0,0.0,0.0,0.0,37.40406859261427
1.0,793.0,0.0,0.0,1.0,56.0,0.0,0.0,9.398047998829998
1.0,796.0,0.0,0.0,0.0,0.0,0.0,0.0,37.40108612844044
1.0,811.0,0.0,0.0,0.0,0.0,0.0,0.0,37.40433012559157
1.0,611.0,0.0,0.0,0.0,0.0,0.0,0.0,37.39957278930417
1.0,881.0,0.0,0.0,1.0,232.0,0.0,0.0,-78.59516061780621
1.0,704.0,1.0,66.0,0.0,0.0,0.0,0.0,-25.011838535058644
1.0,702.0,2.0,89.0,0.0,0.0,0.0,0.0,-46.765680619335306
1.0,923.0,0.0,0.0,0.0,0.0,0.0,0.0,37.3986474305951
1.0,716.0,1.0,19.0,1.0,375.0,0.0,0.0,-168.06519854399355
1.0,946.0,0.0,0.0,0.0,0.0,0.0,0.0,37.38608064519607
1.0,962.0,1.0,36.0,1.0,124.0,0.0,0.0,-58.65156576776939
1.0,826.0,0.0,0.0,1.0,128.0,0.0,0.0,-26.601576296259985
1.0,878.0,0.0,0.0,0.0,0.0,0.0,0.0,37.38945547551934
1.0,990.0,0.0,0.0,0.0,0.0,0.0,0.0,37.39744635297532
1.0,1024.0,1.0,19.0,1.0,403.0,0.0,0.0,-182.0709376663371
1.0,1032.0,0.0,0.0,1.0,354.0,0.0,0.0,-139.60189421059525
1.0,1111.0,1.0,23.0,0.0,0.0,0.0,0.0,15.645683486832713
1.0,645.0,1.0,60.0,0.0,0.0,0.0,0.0,-19.334788070556428
1.0,651.0,1.0,23.0,0.0,0.0,0.0,0.0,15.655916070323432
1.0,664.0,0.0,0.0,0.0,0.0,0.0,0.0,37.40135293177973
1.0,685.0,0.0,0.0,0.0,0.0,0.0,0.0,37.406098759343756
1.0,722.0,1.0,72.0,0.0,0.0,0.0,0.0,-30.68549146667609
1.0,774.0,2.0,83.0,0.0,0.0,0.0,0.0,-41.08772384069918
1.0,804.0,0.0,0.0,0.0,0.0,0.0,0.0,37.39951500078734
1.0,925.0,1.0,72.0,0.0,0.0,0.0,0.0,-30.693601060596478
1.0,947.0,0.0,0.0,2.0,321.0,0.0,0.0,-123.10146994388415
1.0,655.0,0.0,0.0,1.0,40.0,0.0,0.0,17.40442828494807
1.0,694.0,0.0,0.0,0.0,0.0,0.0,0.0,37.39716499246351
1.0,735.0,0.0,0.0,0.0,0.0,0.0,0.0,37.4024836015246
1.0,1131.0,0.0,0.0,1.0,569.0,0.0,0.0,-247.10398738660746
1.0,839.0,1.0,50.0,1.0,357.0,0.0,0.0,-188.3828811117045
1.0,877.0,1.0,125.0,1.0,162.0,0.0,0.0,-161.8142096522614
1.0,908.0,2.0,159.0,1.0,305.0,0.0,0.0,-265.4668298225081
1.0,997.0,1.0,63.0,1.0,343.0,0.0,0.0,-193.67956105428283
1.0,1044.0,1.0,50.0,1.0,288.0,0.0,0.0,-153.88850855303718
1.0,1071.0,3.0,858.0,1.0,418.0,0.0,0.0,-983.0305308321739
1.0,1108.0,3.0,873.0,1.0,322.0,0.0,0.0,-949.2110985381719
1.0,727.0,0.0,0.0,0.0,0.0,0.0,0.0,37.38948177120202
1.0,771.0,1.0,33.0,0.0,0.0,0.0,0.0,6.196213795992165
1.0,773.0,1.0,8.0,0.0,0.0,0.0,0.0,29.81637615997591
1.0,892.0,2.0,100.0,1.0,15.0,0.0,0.0,-64.67507063745182
1.0,916.0,2.0,78.0,0.0,0.0,0.0,0.0,-36.36978460865942
1.0,924.0,0.0,0.0,3.0,755.0,0.0,0.0,-340.1021055293336
1.0,960.0,2.0,63.0,1.0,7.0,0.0,0.0,-25.695486640872446
1.0,668.0,2.0,164.0,0.0,0.0,0.0,0.0,-117.69064600115394
1.0,1028.0,0.0,0.0,3.0,415.0,0.0,0.0,-170.11992731439892
1.0,707.0,0.0,0.0,0.0,0.0,0.0,0.0,37.3980078878183
1.0,720.0,1.0,69.0,0.0,0.0,0.0,0.0,-27.859496956987897
1.0,737.0,0.0,0.0,1.0,144.0,0.0,0.0,-34.60472819648339
1.0,742.0,0.0,0.0,1.0,10.0,0.0,0.0,32.40459361766097
1.0,1118.0,1.0,330.0,4.0,731.0,0.0,0.0,-640.202577015138
1.0,1172.0,1.0,330.0,3.0,588.0,0.0,0.0,-568.694185555826
1.0,887.0,1.0,95.0,1.0,195.0,0.0,0.0,-149.9395519251815
1.0,897.0,1.0,70.0,2.0,227.0,0.0,0.0,-142.31108474926313
1.0,1048.0,0.0,0.0,1.0,228.0,0.0,0.0,-76.60158062835907
1.0,1127.0,1.0,70.0,2.0,276.0,0.0,0.0,-166.804071988055
1.0,1178.0,0.0,0.0,1.0,355.0,0.0,0.0,-140.1066113046575
1.0,623.0,0.0,0.0,0.0,0.0,0.0,0.0,37.38974537508083
1.0,651.0,0.0,0.0,0.0,0.0,0.0,0.0,37.40646593753623
1.0,675.0,0.0,0.0,2.0,263.0,0.0,0.0,-94.09861797799402
1.0,714.0,1.0,64.0,0.0,0.0,0.0,0.0,-23.11833117635731
1.0,725.0,0.0,0.0,0.0,0.0,0.0,0.0,37.406293275239484
1.0,777.0,3.0,337.0,0.0,0.0,0.0,0.0,-281.30424737717703
1.0,870.0,0.0,0.0,1.0,46.0,0.0,0.0,14.397883095987197
1.0,908.0,0.0,0.0,1.0,39.0,0.0,0.0,17.895430384770926
1.0,916.0,2.0,221.0,0.0,0.0,0.0,0.0,-171.59843961265526
1.0,682.0,2.0,175.0,1.0,138.0,0.0,0.0,-197.09534638335637
1.0,736.0,0.0,0.0,3.0,327.0,0.0,0.0,-126.1053201834848
1.0,1086.0,2.0,312.0,0.0,0.0,0.0,0.0,-257.666870305064
1.0,815.0,0.0,0.0,1.0,4.0,0.0,0.0,35.400245278751534
1.0,825.0,2.0,175.0,1.0,378.0,0.0,0.0,-317.09411939672276
1.0,834.0,0.0,0.0,1.0,70.0,0.0,0.0,2.400975420417808
1.0,832.0,1.0,40.0,0.0,0.0,0.0,0.0,-0.42887335168383345
1.0,843.0,1.0,55.0,2.0,351.0,0.0,0.0,-190.1220181397384
1.0,864.0,0.0,0.0,1.0,211.0,0.0,0.0,-68.09936226965814
1.0,906.0,2.0,95.0,0.0,0.0,0.0,0.0,-52.439125454656796
1.0,1000.0,0.0,0.0,3.0,423.0,0.0,0.0,-174.1047034404633
1.0,762.0,0.0,0.0,1.0,3.0,0.0,0.0,35.90173811595701
1.0,814.0,1.0,60.0,0.0,0.0,0.0,0.0,-19.339195633482902
1.0,820.0,1.0,27.0,1.0,199.0,0.0,0.0,-87.65267443377085
1.0,875.0,0.0,0.0,1.0,333.0,0.0,0.0,-129.10148779974125
1.0,928.0,1.0,27.0,2.0,239.0,0.0,0.0,-107.65680281018183
1.0,942.0,2.0,87.0,0.0,0.0,0.0,0.0,-44.87357547621122
1.0,948.0,0.0,0.0,1.0,370.0,0.0,0.0,-147.6033652768003
1.0,963.0,1.0,16.0,3.0,283.0,0.0,0.0,-119.22843267149446
1.0,741.0,1.0,1.0,0.0,0.0,0.0,0.0,36.44441317347827
1.0,1027.0,1.0,60.0,0.0,0.0,0.0,0.0,-19.347593989772527
1.0,794.0,1.0,5.0,0.0,0.0,0.0,0.0,32.65795649217685
1.0,799.0,2.0,133.0,1.0,305.0,0.0,0.0,-240.875430128949
1.0,799.0,0.0,0.0,0.0,0.0,0.0,0.0,37.398886609040474
1.0,1158.0,1.0,71.0,2.0,110.0,0.0,0.0,-84.75203427199166
1.0,923.0,2.0,61.0,0.0,0.0,0.0,0.0,-20.299195556915805
1.0,927.0,0.0,0.0,0.0,0.0,0.0,0.0,37.384099636675856
1.0,963.0,1.0,1.0,0.0,0.0,0.0,0.0,36.436929246620316
1.0,980.0,0.0,0.0,3.0,592.0,0.0,0.0,-258.6058323258812
1.0,995.0,0.0,0.0,1.0,225.0,0.0,0.0,-75.10807653798744
1.0,1025.0,1.0,77.0,1.0,82.0,0.0,0.0,-76.42817513960428
1.0,715.0,1.0,275.0,0.0,0.0,0.0,0.0,-222.6624259981565
1.0,642.0,0.0,0.0,1.0,289.0,0.0,0.0,-107.10134401236645
1.0,797.0,0.0,0.0,0.0,0.0,0.0,0.0,37.40008513660093
1.0,815.0,2.0,58.0,2.0,213.0,0.0,0.0,-123.9587548561185
1.0,722.0,0.0,0.0,0.0,0.0,0.0,0.0,37.39506093633722
1.0,770.0,3.0,107.0,1.0,206.0,0.0,0.0,-166.7849996677308
1.0,906.0,0.0,0.0,0.0,0.0,0.0,0.0,37.37520525637534
1.0,920.0,2.0,141.0,1.0,65.0,0.0,0.0,-128.4525159592859
1.0,930.0,1.0,82.0,2.0,353.0,0.0,0.0,-216.6486857567465
1.0,950.0,1.0,275.0,1.0,4.0,0.0,0.0,-224.66395605640687
1.0,841.0,0.0,0.0,2.0,381.0,0.0,0.0,-153.1024682592606
1.0,965.0,1.0,59.0,2.0,84.0,0.0,0.0,-60.39497103585629
1.0,1001.0,1.0,25.0,2.0,245.0,0.0,0.0,-108.74151647483865
1.0,1002.0,1.0,33.0,2.0,347.0,0.0,0.0,-167.30682868252194
1.0,916.0,1.0,26.0,0.0,0.0,0.0,0.0,12.811271493960184
1.0,920.0,0.0,0.0,1.0,4.0,0.0,0.0,35.40283953753426
1.0,923.0,1.0,15.0,1.0,169.0,0.0,0.0,-61.29339691496597
1.0,927.0,0.0,0.0,1.0,35.0,0.0,0.0,19.903139526318704
1.0,998.0,0.0,0.0,1.0,167.0,0.0,0.0,-46.11328895939232
1.0,1048.0,1.0,66.0,1.0,195.0,0.0,0.0,-122.53170982027274
1.0,644.0,0.0,0.0,0.0,0.0,0.0,0.0,37.399393654038796
1.0,644.0,2.0,108.0,0.0,0.0,0.0,0.0,-64.72878429259254
1.0,649.0,0.0,0.0,0.0,0.0,0.0,0.0,37.40220661427825
1.0,689.0,0.0,0.0,0.0,0.0,0.0,0.0,37.40500835358433
1.0,698.0,1.0,54.0,0.0,0.0,0.0,0.0,-13.666871901936403
1.0,737.0,0.0,0.0,2.0,370.0,0.0,0.0,-147.59587868180708
1.0,622.0,0.0,0.0,0.0,0.0,0.0,0.0,37.39750947114518
1.0,819.0,2.0,103.0,0.0,0.0,0.0,0.0,-60.00897692378422
1.0,680.0,2.0,169.0,1.0,85.0,0.0,0.0,-164.91821086106398
1.0,846.0,0.0,0.0,0.0,0.0,0.0,0.0,37.4026743910074
1.0,692.0,2.0,80.0,1.0,175.0,0.0,0.0,-125.75052775347763
1.0,862.0,0.0,0.0,1.0,112.0,0.0,0.0,-18.60275271927958
1.0,750.0,0.0,0.0,0.0,0.0,0.0,0.0,37.40578064712612
1.0,907.0,1.0,49.0,0.0,0.0,0.0,0.0,-8.93772978847506
1.0,753.0,1.0,102.0,3.0,399.0,0.0,0.0,-258.5681134497923
1.0,787.0,2.0,212.0,1.0,293.0,0.0,0.0,-309.58593562007655
1.0,928.0,1.0,102.0,2.0,530.0,0.0,0.0,-324.07298975364574
1.0,932.0,3.0,351.0,1.0,191.0,0.0,0.0,-390.0491437489706
1.0,1082.0,0.0,0.0,0.0,0.0,0.0,0.0,37.36499679073908
1.0,1143.0,1.0,50.0,1.0,364.0,0.0,0.0,-191.88988518863533
1.0,681.0,0.0,0.0,1.0,88.0,0.0,0.0,-6.598620177932688
1.0,687.0,1.0,60.0,1.0,124.0,0.0,0.0,-81.3451960654135
1.0,761.0,0.0,0.0,2.0,348.0,0.0,0.0,-136.60290392649895
1.0,793.0,2.0,215.0,2.0,257.0,0.0,0.0,-294.4206380991071
1.0,834.0,1.0,332.0,1.0,100.0,0.0,0.0,-326.5821530832553
1.0,903.0,1.0,19.0,2.0,505.0,0.0,0.0,-233.0755348999839
1.0,901.0,2.0,351.0,1.0,99.0,0.0,0.0,-344.0637778340726
1.0,948.0,1.0,155.0,2.0,311.0,0.0,0.0,-264.68185070668426
1.0,1012.0,0.0,0.0,1.0,10.0,0.0,0.0,32.396264351141255
1.0,1036.0,0.0,0.0,0.0,0.0,0.0,0.0,37.39880682694293
1.0,749.0,0.0,0.0,1.0,12.0,0.0,0.0,31.39949554896548
1.0,756.0,2.0,123.0,3.0,226.0,0.0,0.0,-191.92734072186076
1.0,774.0,0.0,0.0,0.0,0.0,0.0,0.0,37.38633468917704
1.0,878.0,2.0,123.0,1.0,211.0,0.0,0.0,-184.42764195556714
1.0,945.0,0.0,0.0,0.0,0.0,0.0,0.0,37.38740214779261
1.0,973.0,1.0,64.0,0.0,0.0,0.0,0.0,-23.1320618761023
1.0,976.0,1.0,59.0,0.0,0.0,0.0,0.0,-18.397987314316858
1.0,1013.0,0.0,0.0,2.0,204.0,0.0,0.0,-64.59957345509189
1.0,1046.0,1.0,66.0,4.0,648.0,0.0,0.0,-349.02594944472645
1.0,1056.0,1.0,57.0,2.0,69.0,0.0,0.0,-51.01847073836941
1.0,638.0,1.0,55.0,1.0,119.0,0.0,0.0,-74.11809071390437
1.0,746.0,1.0,35.0,1.0,7.0,0.0,0.0,0.8001997289156861
1.0,762.0,0.0,0.0,1.0,6.0,0.0,0.0,34.39710172573928
1.0,766.0,0.0,0.0,2.0,58.0,0.0,0.0,8.394348526653786
1.0,841.0,2.0,99.0,0.0,0.0,0.0,0.0,-56.23079943410606
1.0,885.0,2.0,96.0,0.0,0.0,0.0,0.0,-53.388074961784014
1.0,894.0,1.0,49.0,0.0,0.0,0.0,0.0,-8.95010044827771
1.0,940.0,2.0,111.0,0.0,0.0,0.0,0.0,-67.57519472373735
1.0,983.0,0.0,0.0,1.0,277.0,0.0,0.0,-101.1165396280952
1.0,986.0,1.0,55.0,1.0,67.0,0.0,0.0,-48.12241400198062
1.0,604.0,0.0,0.0,1.0,192.0,0.0,0.0,-58.592775567137075
1.0,629.0,0.0,0.0,0.0,0.0,0.0,0.0,37.405725884100015
1.0,674.0,1.0,54.0,0.0,0.0,0.0,0.0,-13.666143414916796
1.0,702.0,0.0,0.0,1.0,110.0,0.0,0.0,-17.595258680578276
1.0,730.0,0.0,0.0,0.0,0.0,0.0,0.0,37.39628451564877
1.0,746.0,1.0,57.0,2.0,497.0,0.0,0.0,-265.0162513909502
1.0,760.0,3.0,150.0,0.0,0.0,0.0,0.0,-104.45064931293258
1.0,793.0,1.0,39.0,0.0,0.0,0.0,0.0,0.5152148121995026
1.0,1014.0,0.0,0.0,2.0,453.0,0.0,0.0,-189.09967150083358
1.0,1133.0,0.0,0.0,2.0,285.0,0.0,0.0,-105.10081578050153
1.0,665.0,0.0,0.0,0.0,0.0,0.0,0.0,37.4053172203787
1.0,682.0,2.0,470.0,2.0,211.0,0.0,0.0,-512.5794372653489
1.0,697.0,2.0,98.0,0.0,0.0,0.0,0.0,-55.275432416335654
1.0,699.0,2.0,145.0,0.0,0.0,0.0,0.0,-99.72220006117506
1.0,770.0,2.0,123.0,1.0,102.0,0.0,0.0,-129.91589628043027
1.0,790.0,1.0,63.0,0.0,0.0,0.0,0.0,-22.175774834366848
1.0,803.0,0.0,0.0,1.0,204.0,0.0,0.0,-64.59983597145414
1.0,973.0,2.0,469.0,1.0,5.0,0.0,0.0,-408.6385028061181
1.0,1082.0,1.0,110.0,0.0,0.0,0.0,0.0,-66.6352600089088
1.0,1094.0,0.0,0.0,1.0,17.0,0.0,0.0,28.886995263727705
1.0,641.0,0.0,0.0,1.0,116.0,0.0,0.0,-20.596619457953267
1.0,750.0,1.0,23.0,1.0,263.0,0.0,0.0,-115.84740863417841
1.0,784.0,0.0,0.0,2.0,205.0,0.0,0.0,-65.09666053573594
1.0,803.0,0.0,0.0,1.0,66.0,0.0,0.0,4.39564421367816
1.0,864.0,0.0,0.0,1.0,523.0,0.0,0.0,-224.09905057965892
1.0,891.0,0.0,0.0,1.0,162.0,0.0,0.0,-43.598811924169574
1.0,932.0,1.0,56.0,1.0,386.0,0.0,0.0,-208.559280826561
1.0,975.0,2.0,79.0,1.0,322.0,0.0,0.0,-198.31480176062024
1.0,979.0,0.0,0.0,1.0,499.0,0.0,0.0,-212.0994140643309
1.0,1027.0,0.0,0.0,1.0,254.0,0.0,0.0,-89.59822458128741
1.0,595.0,0.0,0.0,0.0,0.0,0.0,0.0,37.402344533167586
1.0,783.0,0.0,0.0,0.0,0.0,0.0,0.0,37.392098296195684
1.0,788.0,0.0,0.0,3.0,170.0,0.0,0.0,-47.59665464286405
1.0,809.0,0.0,0.0,1.0,368.0,0.0,0.0,-146.5969341826695
1.0,856.0,2.0,125.0,3.0,480.0,0.0,0.0,-320.81700867417146
1.0,867.0,0.0,0.0,1.0,3.0,0.0,0.0,35.89359873209285
1.0,889.0,0.0,0.0,3.0,273.0,0.0,0.0,-99.10170454852238
1.0,954.0,1.0,65.0,0.0,0.0,0.0,0.0,-24.06901214351101
1.0,976.0,1.0,60.0,3.0,430.0,0.0,0.0,-234.3425877153056
1.0,981.0,0.0,0.0,1.0,407.0,0.0,0.0,-166.1061864892308
1.0,661.0,0.0,0.0,0.0,0.0,0.0,0.0,37.405027744193994
1.0,753.0,0.0,0.0,1.0,235.0,0.0,0.0,-80.10260799727631
1.0,755.0,0.0,0.0,2.0,342.0,0.0,0.0,-133.60618037639946
1.0,792.0,3.0,209.0,0.0,0.0,0.0,0.0,-160.25782686919936
1.0,795.0,2.0,148.0,0.0,0.0,0.0,0.0,-102.56596912575581
1.0,826.0,1.0,61.0,0.0,0.0,0.0,0.0,-20.317263849234642
1.0,905.0,1.0,64.0,0.0,0.0,0.0,0.0,-23.126759359798314
1.0,903.0,0.0,0.0,1.0,32.0,0.0,0.0,21.391030805631328
1.0,968.0,0.0,0.0,2.0,417.0,0.0,0.0,-171.11373321239103
1.0,1022.0,1.0,64.0,1.0,16.0,0.0,0.0,-31.137511884451015
1.0,691.0,1.0,50.0,0.0,0.0,0.0,0.0,-9.881649390436237
1.0,713.0,1.0,50.0,0.0,0.0,0.0,0.0,-9.883313527845559
1.0,723.0,0.0,0.0,0.0,0.0,0.0,0.0,37.37805578347813
1.0,828.0,0.0,0.0,1.0,366.0,0.0,0.0,-145.61432413902136
1.0,874.0,0.0,0.0,1.0,69.0,0.0,0.0,2.900537739834604
1.0,928.0,0.0,0.0,0.0,0.0,0.0,0.0,37.37635664651047
1.0,974.0,1.0,10.0,0.0,0.0,0.0,0.0,27.94005434519188
1.0,1002.0,0.0,0.0,1.0,324.0,0.0,0.0,-124.60077268570271
1.0,1011.0,0.0,0.0,2.0,362.0,0.0,0.0,-143.603278605099
1.0,1044.0,1.0,10.0,1.0,296.0,0.0,0.0,-120.06330185748553
1.0,677.0,0.0,0.0,1.0,51.0,0.0,0.0,11.902416850025109
1.0,676.0,0.0,0.0,1.0,6.0,0.0,0.0,34.40213635277175
1.0,707.0,0.0,0.0,0.0,0.0,0.0,0.0,37.39960684816965
1.0,726.0,0.0,0.0,3.0,346.0,0.0,0.0,-135.59875832304488
1.0,799.0,1.0,49.0,0.0,0.0,0.0,0.0,-8.94211373865621
1.0,923.0,0.0,0.0,1.0,23.0,0.0,0.0,25.893845584397987
1.0,993.0,2.0,115.0,1.0,151.0,0.0,0.0,-146.86369584125902
1.0,1009.0,1.0,34.0,0.0,0.0,0.0,0.0,5.243879225197482
1.0,1081.0,1.0,49.0,0.0,0.0,0.0,0.0,-8.946393008319447
1.0,1173.0,1.0,81.0,3.0,594.0,0.0,0.0,-336.20383842955493
1.0,670.0,2.0,209.0,1.0,50.0,0.0,0.0,-185.25417314826603
1.0,666.0,1.0,70.0,0.0,0.0,0.0,0.0,-28.803244423521186
1.0,803.0,2.0,122.0,0.0,0.0,0.0,0.0,-77.9805731608154
1.0,840.0,1.0,50.0,1.0,171.0,0.0,0.0,-95.38373202851619
1.0,891.0,1.0,50.0,2.0,212.0,0.0,0.0,-115.88953217182096
1.0,909.0,1.0,58.0,1.0,33.0,0.0,0.0,-33.96099415688404
1.0,922.0,0.0,0.0,3.0,496.0,0.0,0.0,-210.6090183912022
1.0,948.0,1.0,46.0,0.0,0.0,0.0,0.0,-6.127147500824854
1.0,956.0,3.0,261.0,0.0,0.0,0.0,0.0,-209.42688540884734
1.0,1097.0,0.0,0.0,4.0,587.0,0.0,0.0,-256.1113922821909
1.0,645.0,2.0,95.0,0.0,0.0,0.0,0.0,-52.437404508205915
1.0,735.0,1.0,52.0,0.0,0.0,0.0,0.0,-11.777050462684805
1.0,895.0,0.0,0.0,0.0,0.0,0.0,0.0,37.397949600602615
1.0,902.0,2.0,110.0,0.0,0.0,0.0,0.0,-66.63183506937156
1.0,907.0,2.0,124.0,0.0,0.0,0.0,0.0,-79.86879317090467
1.0,963.0,0.0,0.0,3.0,287.0,0.0,0.0,-106.1001320771357
1.0,1032.0,3.0,179.0,0.0,0.0,0.0,0.0,-131.88192932124025
1.0,1078.0,0.0,0.0,1.0,70.0,0.0,0.0,2.3923954743783966
1.0,697.0,1.0,50.0,0.0,0.0,0.0,0.0,-9.906816422140004
1.0,713.0,0.0,0.0,0.0,0.0,0.0,0.0,37.388659306232746
1.0,1153.0,1.0,279.0,1.0,156.0,0.0,0.0,-304.4562119160716
1.0,792.0,0.0,0.0,1.0,172.0,0.0,0.0,-48.59709581529074
1.0,792.0,1.0,84.0,1.0,36.0,0.0,0.0,-60.04645262144117
1.0,845.0,1.0,50.0,0.0,0.0,0.0,0.0,-9.90033730407903
1.0,1281.0,3.0,377.0,0.0,0.0,0.0,0.0,-319.13597562034886
1.0,874.0,0.0,0.0,1.0,162.0,0.0,0.0,-43.60455297139152
1.0,888.0,0.0,0.0,0.0,0.0,0.0,0.0,37.398283626737225
1.0,1009.0,2.0,218.0,0.0,0.0,0.0,0.0,-168.76925084135962
1.0,1015.0,2.0,157.0,1.0,108.0,0.0,0.0,-165.086992872576
1.0,1034.0,1.0,23.0,1.0,79.0,0.0,0.0,-23.858497325316613
1.0,670.0,2.0,145.0,0.0,0.0,0.0,0.0,-99.7222293785193
1.0,672.0,2.0,99.0,1.0,89.0,0.0,0.0,-100.7184888310858
1.0,717.0,0.0,0.0,0.0,0.0,0.0,0.0,37.40155442982398
1.0,775.0,1.0,63.0,0.0,0.0,0.0,0.0,-22.175045713656992
1.0,814.0,0.0,0.0,1.0,41.0,0.0,0.0,16.904185131467266
1.0,770.0,2.0,66.0,0.0,0.0,0.0,0.0,-25.018107500041218
1.0,778.0,1.0,57.0,0.0,0.0,0.0,0.0,-16.513668456639465
1.0,993.0,1.0,116.0,0.0,0.0,0.0,0.0,-72.30156743457454
1.0,807.0,1.0,63.0,0.0,0.0,0.0,0.0,-22.18917026374939
1.0,807.0,2.0,102.0,0.0,0.0,0.0,0.0,-59.05823313474593
1.0,999.0,2.0,535.0,2.0,162.0,0.0,0.0,-549.5484459275805
1.0,811.0,3.0,159.0,0.0,0.0,0.0,0.0,-112.9658350092837
1.0,1018.0,1.0,57.0,0.0,0.0,0.0,0.0,-16.50895897759831
1.0,1017.0,3.0,149.0,0.0,0.0,0.0,0.0,-103.51368481629598
1.0,873.0,2.0,42.0,0.0,0.0,0.0,0.0,-2.3255812907660527
1.0,903.0,3.0,149.0,1.0,188.0,0.0,0.0,-197.51044960270536
1.0,916.0,1.0,63.0,0.0,0.0,0.0,0.0,-22.18858459993789
1.0,1168.0,2.0,550.0,1.0,94.0,0.0,0.0,-529.7364890119475
1.0,990.0,0.0,0.0,1.0,440.0,0.0,0.0,-182.6208038472167
1.0,1004.0,1.0,71.0,2.0,389.0,0.0,0.0,-224.24445345846976
1.0,637.0,2.0,144.0,0.0,0.0,0.0,0.0,-98.77739084412076
1.0,687.0,1.0,48.0,0.0,0.0,0.0,0.0,-7.988863834622357
1.0,669.0,0.0,0.0,0.0,0.0,0.0,0.0,37.40275443540511
1.0,698.0,0.0,0.0,2.0,209.0,0.0,0.0,-67.1034173951077
1.0,702.0,2.0,305.0,1.0,51.0,0.0,0.0,-276.5374216261473
1.0,718.0,1.0,62.0,0.0,0.0,0.0,0.0,-21.243161462669022
1.0,735.0,0.0,0.0,0.0,0.0,0.0,0.0,37.39963626418938
1.0,749.0,0.0,0.0,0.0,0.0,0.0,0.0,37.40467776013784
1.0,774.0,0.0,0.0,1.0,357.0,0.0,0.0,-141.10298770148268
1.0,845.0,1.0,238.0,1.0,245.0,0.0,0.0,-310.18779255750763
1.0,861.0,1.0,46.0,0.0,0.0,0.0,0.0,-6.100752117094608
1.0,928.0,3.0,167.0,1.0,124.0,0.0,0.0,-182.53291881030935
1.0,945.0,0.0,0.0,1.0,196.0,0.0,0.0,-60.61938211371391
1.0,990.0,1.0,98.0,0.0,0.0,0.0,0.0,-55.28194006662139
1.0,967.0,0.0,0.0,2.0,55.0,0.0,0.0,9.892771037419543
1.0,977.0,0.0,0.0,2.0,220.0,0.0,0.0,-72.61291837878098
1.0,1000.0,0.0,0.0,1.0,557.0,0.0,0.0,-241.111697693754
1.0,1059.0,1.0,62.0,2.0,497.0,0.0,0.0,-269.7362317646851
1.0,1087.0,0.0,0.0,1.0,603.0,0.0,0.0,-264.10216059440796
1.0,1094.0,1.0,52.0,1.0,206.0,0.0,0.0,-114.79094929893361
1.0,609.0,3.0,277.0,0.0,0.0,0.0,0.0,-224.55503096543484
1.0,656.0,0.0,0.0,0.0,0.0,0.0,0.0,37.407830416677136
1.0,729.0,2.0,92.0,1.0,139.0,0.0,0.0,-119.10147140178503
1.0,718.0,0.0,0.0,0.0,0.0,0.0,0.0,37.403716872152394
1.0,733.0,0.0,0.0,2.0,310.0,0.0,0.0,-117.59424484566418
1.0,735.0,0.0,0.0,0.0,0.0,0.0,0.0,37.40309111005904
1.0,731.0,0.0,0.0,0.0,0.0,0.0,0.0,37.3982370377152
1.0,771.0,0.0,0.0,0.0,0.0,0.0,0.0,37.39568963050814
1.0,770.0,2.0,207.0,1.0,188.0,0.0,0.0,-252.3578931853896
1.0,798.0,1.0,35.0,0.0,0.0,0.0,0.0,4.296216336510973
1.0,800.0,0.0,0.0,0.0,0.0,0.0,0.0,37.40000074621097
1.0,802.0,0.0,0.0,0.0,0.0,0.0,0.0,37.38738400040682
1.0,840.0,4.0,289.0,1.0,96.0,0.0,0.0,-283.91113546010763
1.0,872.0,1.0,62.0,0.0,0.0,0.0,0.0,-21.245667643343047
1.0,891.0,1.0,155.0,1.0,264.0,0.0,0.0,-241.18731848644447
1.0,934.0,3.0,163.0,0.0,0.0,0.0,0.0,-116.75196215990624
1.0,951.0,4.0,393.0,0.0,0.0,0.0,0.0,-334.2661777176128
1.0,955.0,0.0,0.0,3.0,404.0,0.0,0.0,-164.605999006851
1.0,994.0,4.0,242.0,0.0,0.0,0.0,0.0,-191.46894486184948
1.0,1072.0,1.0,57.0,0.0,0.0,0.0,0.0,-16.510469147051282
1.0,647.0,0.0,0.0,0.0,0.0,0.0,0.0,37.39246387060031
1.0,660.0,0.0,0.0,0.0,0.0,0.0,0.0,37.40094692839863
1.0,762.0,1.0,61.0,1.0,323.0,0.0,0.0,-181.78809848467793
1.0,743.0,0.0,0.0,1.0,149.0,0.0,0.0,-37.10148817316489
1.0,764.0,1.0,61.0,0.0,0.0,0.0,0.0,-20.286552833818376
1.0,834.0,1.0,130.0,3.0,523.0,0.0,0.0,-347.05833864859716
1.0,859.0,0.0,0.0,3.0,481.0,0.0,0.0,-203.0958529537949
1.0,875.0,2.0,88.0,0.0,0.0,0.0,0.0,-45.83127594632056
1.0,878.0,1.0,49.0,1.0,371.0,0.0,0.0,-194.44001597497845
1.0,842.0,0.0,0.0,1.0,54.0,0.0,0.0,10.399254933376138
1.0,938.0,0.0,0.0,3.0,460.0,0.0,0.0,-192.60166818823922
1.0,889.0,2.0,107.0,0.0,0.0,0.0,0.0,-63.792467245039035
1.0,958.0,1.0,130.0,3.0,495.0,0.0,0.0,-333.0524935119646
1.0,912.0,2.0,113.0,0.0,0.0,0.0,0.0,-69.46722301004263
1.0,976.0,1.0,80.0,0.0,0.0,0.0,0.0,-38.255144003322265
1.0,983.0,1.0,33.0,0.0,0.0,0.0,0.0,6.188527985552938
1.0,1061.0,1.0,39.0,0.0,0.0,0.0,0.0,0.5163278682150789
1.0,1000.0,0.0,0.0,1.0,353.0,0.0,0.0,-139.10121773338386
1.0,1070.0,1.0,61.0,1.0,308.0,0.0,0.0,-174.30833907676936
1.0,1180.0,1.0,46.0,0.0,0.0,0.0,0.0,-6.108769105066017
1.0,674.0,0.0,0.0,0.0,0.0,0.0,0.0,37.38748750384308
1.0,750.0,1.0,50.0,0.0,0.0,0.0,0.0,-9.882474932902973
1.0,812.0,0.0,0.0,0.0,0.0,0.0,0.0,37.39307794074577
1.0,645.0,1.0,54.0,0.0,0.0,0.0,0.0,-13.663359860884079
1.0,853.0,0.0,0.0,1.0,341.0,0.0,0.0,-133.0993384999323
1.0,676.0,1.0,54.0,0.0,0.0,0.0,0.0,-13.683518357786795
1.0,907.0,0.0,0.0,0.0,0.0,0.0,0.0,37.393552577338234
1.0,915.0,1.0,50.0,0.0,0.0,0.0,0.0,-9.884135718608128
1.0,950.0,0.0,0.0,1.0,283.0,0.0,0.0,-104.10748019015031
1.0,954.0,0.0,0.0,2.0,235.0,0.0,0.0,-80.1065117483061
1.0,827.0,1.0,36.0,2.0,274.0,0.0,0.0,-133.6523306695249
1.0,1030.0,0.0,0.0,1.0,88.0,0.0,0.0,-6.619388246991619
1.0,861.0,5.0,356.0,2.0,268.0,0.0,0.0,-433.2671074343233
1.0,867.0,3.0,214.0,2.0,281.0,0.0,0.0,-305.47760228071985
1.0,891.0,2.0,9.0,2.0,379.0,0.0,0.0,-160.60806968008475
1.0,1100.0,0.0,0.0,0.0,0.0,0.0,0.0,37.39351771915598
1.0,930.0,2.0,179.0,1.0,260.0,0.0,0.0,-261.885331657342
1.0,977.0,2.0,185.0,1.0,259.0,0.0,0.0,-267.0706078544996
1.0,995.0,0.0,0.0,1.0,213.0,0.0,0.0,-69.09928408974736
1.0,1048.0,1.0,57.0,2.0,256.0,0.0,0.0,-144.52142390974672
1.0,616.0,0.0,0.0,1.0,32.0,0.0,0.0,21.39849186274584
1.0,636.0,1.0,49.0,0.0,0.0,0.0,0.0,-8.939875016810895
1.0,678.0,1.0,59.0,1.0,203.0,0.0,0.0,-119.90638481970335
1.0,682.0,1.0,62.0,0.0,0.0,0.0,0.0,-21.234506091992344
1.0,606.0,0.0,0.0,0.0,0.0,0.0,0.0,37.40277973125858
1.0,756.0,1.0,63.0,0.0,0.0,0.0,0.0,-22.1944604475485
1.0,696.0,0.0,0.0,0.0,0.0,0.0,0.0,37.39873331940913
1.0,852.0,1.0,59.0,1.0,197.0,0.0,0.0,-116.89247860754388
1.0,926.0,1.0,63.0,1.0,76.0,0.0,0.0,-60.17814094689969
1.0,817.0,1.0,60.0,1.0,48.0,0.0,0.0,-43.34304865325182
1.0,824.0,0.0,0.0,1.0,201.0,0.0,0.0,-63.10233877247377
1.0,999.0,0.0,0.0,1.0,47.0,0.0,0.0,13.887683546826796
1.0,1034.0,0.0,0.0,1.0,12.0,0.0,0.0,31.39862284516571
1.0,1048.0,2.0,111.0,0.0,0.0,0.0,0.0,-67.5789636324472
1.0,938.0,2.0,149.0,2.0,90.0,0.0,0.0,-148.52814050359223
1.0,962.0,2.0,183.0,1.0,139.0,0.0,0.0,-205.1685495754944
1.0,1020.0,1.0,26.0,0.0,0.0,0.0,0.0,12.796075939801963
1.0,1047.0,0.0,0.0,3.0,531.0,0.0,0.0,-228.1044405298789
1.0,1062.0,1.0,40.0,3.0,498.0,0.0,0.0,-249.44637034250275
1.0,1139.0,1.0,40.0,4.0,383.0,0.0,0.0,-191.93081019413535
1.0,664.0,0.0,0.0,0.0,0.0,0.0,0.0,37.399320228872064
1.0,735.0,0.0,0.0,0.0,0.0,0.0,0.0,37.39116835447437
1.0,766.0,0.0,0.0,0.0,0.0,0.0,0.0,37.39081233482872
1.0,807.0,0.0,0.0,0.0,0.0,0.0,0.0,37.401597426055105
1.0,613.0,0.0,0.0,1.0,108.0,0.0,0.0,-16.596911225445297
1.0,838.0,0.0,0.0,0.0,0.0,0.0,0.0,37.40271062989254
1.0,678.0,0.0,0.0,0.0,0.0,0.0,0.0,37.39599682708022
1.0,692.0,0.0,0.0,0.0,0.0,0.0,0.0,37.39562635031319
1.0,927.0,3.0,212.0,1.0,7.0,0.0,0.0,-166.59108764942476
1.0,713.0,1.0,27.0,0.0,0.0,0.0,0.0,11.857366221749032
1.0,716.0,0.0,0.0,1.0,62.0,0.0,0.0,6.4040862557758125
1.0,958.0,1.0,61.0,0.0,0.0,0.0,0.0,-20.31538366133472
1.0,762.0,0.0,0.0,0.0,0.0,0.0,0.0,37.39989229741489
1.0,766.0,0.0,0.0,1.0,83.0,0.0,0.0,-4.096697401290065
1.0,1029.0,1.0,19.0,1.0,333.0,0.0,0.0,-147.07670458396842
1.0,811.0,1.0,222.0,0.0,0.0,0.0,0.0,-172.54873724335783
1.0,814.0,2.0,282.0,0.0,0.0,0.0,0.0,-229.29044689936651
1.0,882.0,2.0,87.0,0.0,0.0,0.0,0.0,-44.87625788832311
1.0,1115.0,0.0,0.0,0.0,0.0,0.0,0.0,37.38087372351227
1.0,1128.0,1.0,132.0,0.0,0.0,0.0,0.0,-87.4368066868316
1.0,699.0,1.0,32.0,0.0,0.0,0.0,0.0,7.14130464050967
1.0,750.0,2.0,270.0,0.0,0.0,0.0,0.0,-217.93456821984762
1.0,780.0,1.0,95.0,0.0,0.0,0.0,0.0,-52.44093709324258
1.0,825.0,0.0,0.0,0.0,0.0,0.0,0.0,37.39112514912325
1.0,820.0,0.0,0.0,0.0,0.0,0.0,0.0,37.38868297580022
1.0,864.0,0.0,0.0,1.0,56.0,0.0,0.0,9.394805779578569
1.0,852.0,1.0,73.0,0.0,0.0,0.0,0.0,-31.66096552620529
1.0,854.0,0.0,0.0,2.0,257.0,0.0,0.0,-91.09979575683883
1.0,874.0,0.0,0.0,1.0,525.0,0.0,0.0,-225.1023251734436
1.0,888.0,0.0,0.0,0.0,0.0,0.0,0.0,37.36143602861111
1.0,960.0,0.0,0.0,0.0,0.0,0.0,0.0,37.40144470823321
1.0,957.0,0.0,0.0,2.0,307.0,0.0,0.0,-116.10672267591393
1.0,956.0,0.0,0.0,0.0,0.0,0.0,0.0,37.39474467739045
1.0,973.0,0.0,0.0,1.0,238.0,0.0,0.0,-81.60601344654258
1.0,1029.0,1.0,32.0,0.0,0.0,0.0,0.0,7.132945075458178
1.0,1043.0,1.0,73.0,2.0,416.0,0.0,0.0,-239.63813684751761
1.0,1088.0,2.0,169.0,1.0,77.0,0.0,0.0,-160.92906815640217
1.0,1136.0,0.0,0.0,2.0,321.0,0.0,0.0,-123.1057478368389
1.0,1193.0,1.0,196.0,1.0,16.0,0.0,0.0,-155.96829340335916
1.0,1209.0,0.0,0.0,1.0,478.0,0.0,0.0,-201.640095263813
1.0,615.0,2.0,61.0,0.0,0.0,0.0,0.0,-20.293415209135134
1.0,660.0,2.0,99.0,0.0,0.0,0.0,0.0,-56.21956891638054
1.0,723.0,1.0,46.0,0.0,0.0,0.0,0.0,-6.099181807943992
1.0,737.0,1.0,46.0,0.0,0.0,0.0,0.0,-6.108221125974815
1.0,755.0,0.0,0.0,0.0,0.0,0.0,0.0,37.381024760571634
1.0,813.0,0.0,0.0,0.0,0.0,0.0,0.0,37.402903928694684
1.0,679.0,1.0,95.0,0.0,0.0,0.0,0.0,-52.45144503361523
1.0,712.0,0.0,0.0,0.0,0.0,0.0,0.0,37.40787191901189
1.0,861.0,0.0,0.0,0.0,0.0,0.0,0.0,37.384388404289254
1.0,732.0,1.0,101.0,2.0,279.0,0.0,0.0,-197.6330748043976
1.0,744.0,0.0,0.0,1.0,196.0,0.0,0.0,-60.5990277336262
1.0,800.0,0.0,0.0,0.0,0.0,0.0,0.0,37.38973312522084
1.0,975.0,2.0,93.0,0.0,0.0,0.0,0.0,-50.562139909762664
1.0,978.0,0.0,0.0,0.0,0.0,0.0,0.0,37.402359268137424
1.0,869.0,1.0,60.0,1.0,60.0,0.0,0.0,-49.33793512111339
1.0,1009.0,2.0,55.0,0.0,0.0,0.0,0.0,-14.615723827404892
1.0,938.0,1.0,60.0,3.0,280.0,0.0,0.0,-159.34256639941557
1.0,971.0,1.0,95.0,0.0,0.0,0.0,0.0,-52.45725283303843
1.0,973.0,0.0,0.0,1.0,166.0,0.0,0.0,-45.62501577248862
1.0,1089.0,1.0,101.0,3.0,280.0,0.0,0.0,-198.12616568524462
1.0,647.0,2.0,308.0,0.0,0.0,0.0,0.0,-253.86810277291858
1.0,654.0,1.0,278.0,0.0,0.0,0.0,0.0,-225.49890228974854
1.0,671.0,2.0,95.0,0.0,0.0,0.0,0.0,-52.435986763312364
1.0,862.0,0.0,0.0,0.0,0.0,0.0,0.0,37.380536326965704
1.0,657.0,2.0,119.0,0.0,0.0,0.0,0.0,-75.14040464407707
1.0,664.0,0.0,0.0,0.0,0.0,0.0,0.0,37.40570117935493
1.0,896.0,1.0,17.0,0.0,0.0,0.0,0.0,21.3260404738139
1.0,717.0,1.0,45.0,0.0,0.0,0.0,0.0,-5.1676453286681365
1.0,947.0,1.0,17.0,1.0,43.0,0.0,0.0,-0.18626033107495488
1.0,946.0,1.0,65.0,0.0,0.0,0.0,0.0,-24.09884559316354
1.0,739.0,1.0,64.0,0.0,0.0,0.0,0.0,-23.143904864079346
1.0,752.0,0.0,0.0,2.0,369.0,0.0,0.0,-147.0967116248857
1.0,989.0,0.0,0.0,4.0,413.0,0.0,0.0,-169.10136040873647
1.0,994.0,0.0,0.0,1.0,99.0,0.0,0.0,-12.127256632163075
1.0,1041.0,0.0,0.0,1.0,401.0,0.0,0.0,-163.1333702645731
1.0,899.0,3.0,373.0,1.0,76.0,0.0,0.0,-353.35070083289577
1.0,991.0,1.0,476.0,1.0,334.0,0.0,0.0,-579.774371262804
1.0,999.0,2.0,533.0,1.0,262.0,0.0,0.0,-597.6815515040549
1.0,1044.0,2.0,125.0,0.0,0.0,0.0,0.0,-80.81797232097692
1.0,1064.0,2.0,303.0,0.0,0.0,0.0,0.0,-249.151285755272
1.0,863.0,1.0,196.0,0.0,0.0,0.0,0.0,-147.971788195618
1.0,874.0,0.0,0.0,0.0,0.0,0.0,0.0,37.40337666707321
1.0,878.0,2.0,218.0,0.0,0.0,0.0,0.0,-168.76614507250892
1.0,886.0,2.0,74.0,0.0,0.0,0.0,0.0,-32.58193924155904
1.0,908.0,1.0,84.0,0.0,0.0,0.0,0.0,-42.037246705185325
1.0,907.0,3.0,170.0,0.0,0.0,0.0,0.0,-123.3700670407799
1.0,684.0,0.0,0.0,1.0,3.0,0.0,0.0,35.89559448426557
1.0,926.0,3.0,104.0,0.0,0.0,0.0,0.0,-60.95103582093478
1.0,693.0,1.0,51.0,0.0,0.0,0.0,0.0,-10.82428611729145
1.0,719.0,0.0,0.0,0.0,0.0,0.0,0.0,37.405370546940084
1.0,723.0,1.0,54.0,1.0,7.0,0.0,0.0,-17.160409533482834
1.0,962.0,2.0,78.0,0.0,0.0,0.0,0.0,-36.36712143389872
1.0,1047.0,0.0,0.0,1.0,10.0,0.0,0.0,32.38518130632439
1.0,863.0,1.0,54.0,1.0,44.0,0.0,0.0,-35.664413260306404
1.0,1110.0,0.0,0.0,0.0,0.0,0.0,0.0,37.38297253647172
1.0,920.0,1.0,54.0,1.0,36.0,0.0,0.0,-31.67271580529181
1.0,917.0,0.0,0.0,1.0,5.0,0.0,0.0,34.89893054133369
1.0,962.0,1.0,49.0,2.0,291.0,0.0,0.0,-154.4409168822346
1.0,981.0,2.0,105.0,1.0,7.0,0.0,0.0,-65.39837766503848
1.0,1019.0,1.0,49.0,2.0,326.0,0.0,0.0,-171.94001307149048
1.0,689.0,0.0,0.0,1.0,122.0,0.0,0.0,-23.61662310211984
1.0,733.0,1.0,29.0,0.0,0.0,0.0,0.0,9.979901804484555
1.0,687.0,3.0,123.0,1.0,43.0,0.0,0.0,-100.41830075032775
1.0,838.0,1.0,29.0,0.0,0.0,0.0,0.0,9.973946278443155
1.0,836.0,1.0,50.0,0.0,0.0,0.0,0.0,-9.8809499767287
1.0,841.0,1.0,50.0,0.0,0.0,0.0,0.0,-9.90828779176141
1.0,866.0,0.0,0.0,1.0,296.0,0.0,0.0,-110.61250358052288
1.0,911.0,0.0,0.0,1.0,196.0,0.0,0.0,-60.61039901830096
1.0,767.0,2.0,84.0,1.0,301.0,0.0,0.0,-192.53438862261055
1.0,785.0,0.0,0.0,0.0,0.0,0.0,0.0,37.400486265573015
1.0,939.0,0.0,0.0,1.0,281.0,0.0,0.0,-103.0986397471974
1.0,863.0,1.0,32.0,0.0,0.0,0.0,0.0,7.140091130618146
1.0,882.0,1.0,128.0,1.0,168.0,0.0,0.0,-167.64984157092198
1.0,1042.0,0.0,0.0,2.0,496.0,0.0,0.0,-210.60544453942282
1.0,902.0,0.0,0.0,2.0,482.0,0.0,0.0,-203.60984914177487
1.0,955.0,1.0,14.0,1.0,563.0,0.0,0.0,-257.3491480557712
1.0,1171.0,0.0,0.0,1.0,313.0,0.0,0.0,-119.10293533085769
1.0,1069.0,2.0,149.0,1.0,350.0,0.0,0.0,-278.51141789228444
1.0,1100.0,1.0,64.0,1.0,700.0,0.0,0.0,-373.134238963142
1.0,1213.0,1.0,64.0,1.0,740.0,0.0,0.0,-393.1313688305323
1.0,640.0,1.0,54.0,2.0,313.0,0.0,0.0,-170.1706154228117
1.0,702.0,0.0,0.0,0.0,0.0,0.0,0.0,37.40707458831218
1.0,748.0,0.0,0.0,0.0,0.0,0.0,0.0,37.38974192062626
1.0,798.0,0.0,0.0,0.0,0.0,0.0,0.0,37.401794232559844
1.0,717.0,0.0,0.0,1.0,20.0,0.0,0.0,27.404887088871927
1.0,724.0,1.0,62.0,1.0,1.0,0.0,0.0,-21.729156018084076
1.0,997.0,0.0,0.0,2.0,502.0,0.0,0.0,-213.60252347338172
1.0,1005.0,0.0,0.0,0.0,0.0,0.0,0.0,37.40365949600464
1.0,821.0,0.0,0.0,1.0,243.0,0.0,0.0,-84.1015013853165
1.0,1039.0,0.0,0.0,1.0,55.0,0.0,0.0,9.8714202415091
1.0,853.0,0.0,0.0,1.0,140.0,0.0,0.0,-32.59780922064996
1.0,867.0,2.0,106.0,2.0,429.0,0.0,0.0,-277.35220368644246
1.0,1064.0,0.0,0.0,2.0,209.0,0.0,0.0,-67.10134608650392
1.0,877.0,3.0,218.0,1.0,322.0,0.0,0.0,-329.7609524598313
1.0,893.0,2.0,152.0,1.0,13.0,0.0,0.0,-112.85034334399772
1.0,973.0,1.0,69.0,1.0,331.0,0.0,0.0,-193.36252566920143
1.0,1237.0,0.0,0.0,1.0,28.0,0.0,0.0,23.388264583587677
1.0,1079.0,1.0,55.0,2.0,324.0,0.0,0.0,-176.62742293387657
1.0,1284.0,1.0,54.0,2.0,557.0,0.0,0.0,-292.17181994098723
1.0,1097.0,2.0,102.0,1.0,425.0,0.0,0.0,-271.56558185046714
1.0,619.0,0.0,0.0,0.0,0.0,0.0,0.0,37.38368091191622
1.0,666.0,1.0,45.0,0.0,0.0,0.0,0.0,-5.163050967753463
1.0,697.0,0.0,0.0,0.0,0.0,0.0,0.0,37.38520893760834
1.0,709.0,1.0,47.0,0.0,0.0,0.0,0.0,-7.0444399541211595
1.0,712.0,1.0,45.0,0.0,0.0,0.0,0.0,-5.153367133601002
1.0,727.0,0.0,0.0,1.0,359.0,0.0,0.0,-142.11671921984112
1.0,768.0,1.0,47.0,1.0,194.0,0.0,0.0,-104.05413786374571
1.0,823.0,0.0,0.0,1.0,23.0,0.0,0.0,25.902035943169835
1.0,840.0,0.0,0.0,1.0,80.0,0.0,0.0,-2.600117099478986
1.0,843.0,0.0,0.0,1.0,99.0,0.0,0.0,-12.099469241075312
1.0,843.0,1.0,47.0,1.0,379.0,0.0,0.0,-196.5457711594887
1.0,882.0,1.0,59.0,3.0,261.0,0.0,0.0,-148.9241921023454
1.0,929.0,0.0,0.0,2.0,88.0,0.0,0.0,-6.61075205558776
1.0,931.0,2.0,109.0,2.0,209.0,0.0,0.0,-170.18303719052267
1.0,948.0,1.0,47.0,2.0,327.0,0.0,0.0,-170.55153700228595
1.0,994.0,1.0,50.0,1.0,236.0,0.0,0.0,-127.90063458463338
1.0,1008.0,0.0,0.0,1.0,83.0,0.0,0.0,-4.104509411760745
1.0,1020.0,0.0,0.0,1.0,220.0,0.0,0.0,-72.61691461271016
1.0,1114.0,0.0,0.0,0.0,0.0,0.0,0.0,37.353382675139876
1.0,1124.0,0.0,0.0,1.0,217.0,0.0,0.0,-71.10779630126532
1.0,647.0,2.0,117.0,0.0,0.0,0.0,0.0,-73.24987861425274
1.0,731.0,2.0,123.0,0.0,0.0,0.0,0.0,-78.92168706870416
1.0,783.0,3.0,183.0,0.0,0.0,0.0,0.0,-135.6687190535813
1.0,791.0,1.0,73.0,0.0,0.0,0.0,0.0,-31.63593157594135
1.0,799.0,2.0,102.0,0.0,0.0,0.0,0.0,-59.06063940110447
1.0,843.0,2.0,140.0,1.0,223.0,0.0,0.0,-206.51196314240826
1.0,855.0,2.0,77.0,0.0,0.0,0.0,0.0,-35.418791860452416
1.0,895.0,0.0,0.0,1.0,21.0,0.0,0.0,26.903442183784417
1.0,910.0,0.0,0.0,2.0,353.0,0.0,0.0,-139.09840898164802
1.0,911.0,0.0,0.0,0.0,0.0,0.0,0.0,37.40279315429381
1.0,920.0,0.0,0.0,0.0,0.0,0.0,0.0,37.39514708414253
1.0,918.0,1.0,35.0,0.0,0.0,0.0,0.0,4.300229366018577
1.0,941.0,0.0,0.0,0.0,0.0,0.0,0.0,37.38034122197816
1.0,960.0,0.0,0.0,0.0,0.0,0.0,0.0,37.39763815178788
1.0,1104.0,2.0,122.0,0.0,0.0,0.0,0.0,-78.02169730596282
1.0,1098.0,0.0,0.0,1.0,7.0,0.0,0.0,33.89620594966407
1.0,1129.0,1.0,60.0,0.0,0.0,0.0,0.0,-19.357138523638497
1.0,1136.0,1.0,81.0,1.0,27.0,0.0,0.0,-52.74610416825622
1.0,1158.0,1.0,81.0,2.0,204.0,0.0,0.0,-141.22584516041528
1.0,1206.0,0.0,0.0,0.0,0.0,0.0,0.0,37.3959092915227
1.0,645.0,1.0,97.0,0.0,0.0,0.0,0.0,-54.325934353276324
1.0,675.0,0.0,0.0,2.0,293.0,0.0,0.0,-109.09761974973884
1.0,684.0,2.0,158.0,0.0,0.0,0.0,0.0,-112.01574508685326
1.0,644.0,0.0,0.0,0.0,0.0,0.0,0.0,37.40004587001307
1.0,741.0,0.0,0.0,0.0,0.0,0.0,0.0,37.40184416291593
1.0,747.0,0.0,0.0,3.0,334.0,0.0,0.0,-129.60653623249777
1.0,758.0,0.0,0.0,2.0,211.0,0.0,0.0,-68.11585115821592
1.0,846.0,2.0,123.0,0.0,0.0,0.0,0.0,-78.9278584665675
1.0,902.0,1.0,62.0,0.0,0.0,0.0,0.0,-21.23459048950042
1.0,852.0,0.0,0.0,2.0,154.0,0.0,0.0,-39.6257937850129
1.0,861.0,0.0,0.0,0.0,0.0,0.0,0.0,37.369107135342496
1.0,930.0,0.0,0.0,0.0,0.0,0.0,0.0,37.37975903681599
1.0,937.0,0.0,0.0,3.0,327.0,0.0,0.0,-126.10326279484221
1.0,924.0,0.0,0.0,1.0,178.0,0.0,0.0,-51.59859441636462
1.0,985.0,0.0,0.0,4.0,398.0,0.0,0.0,-161.6237682022207
1.0,934.0,0.0,0.0,1.0,88.0,0.0,0.0,-6.612325656454743
1.0,963.0,0.0,0.0,1.0,153.0,0.0,0.0,-39.10037349327433
1.0,962.0,0.0,0.0,2.0,154.0,0.0,0.0,-39.61385734762653
1.0,1013.0,1.0,63.0,0.0,0.0,0.0,0.0,-22.178492123530653
1.0,1026.0,1.0,63.0,0.0,0.0,0.0,0.0,-22.181369279262526
1.0,643.0,0.0,0.0,0.0,0.0,0.0,0.0,37.399525804177344
1.0,717.0,1.0,62.0,0.0,0.0,0.0,0.0,-21.239341981542665
1.0,698.0,1.0,69.0,1.0,38.0,0.0,0.0,-46.847891480109354
1.0,712.0,2.0,315.0,0.0,0.0,0.0,0.0,-260.4901227787678
1.0,839.0,0.0,0.0,0.0,0.0,0.0,0.0,37.39365830330905
1.0,883.0,1.0,378.0,0.0,0.0,0.0,0.0,-320.0713267533795
1.0,894.0,0.0,0.0,0.0,0.0,0.0,0.0,37.39661515457315
1.0,901.0,2.0,440.0,0.0,0.0,0.0,0.0,-378.70909762292865
1.0,810.0,0.0,0.0,1.0,238.0,0.0,0.0,-81.60191407442937
1.0,912.0,0.0,0.0,0.0,0.0,0.0,0.0,37.398185820392584
1.0,919.0,0.0,0.0,0.0,0.0,0.0,0.0,37.39162774792938
1.0,843.0,0.0,0.0,1.0,180.0,0.0,0.0,-52.59782504655464
1.0,848.0,0.0,0.0,1.0,290.0,0.0,0.0,-107.60239692112413
1.0,878.0,2.0,140.0,0.0,0.0,0.0,0.0,-94.99379929913025
1.0,990.0,1.0,55.0,3.0,347.0,0.0,0.0,-188.11913368903146
1.0,891.0,3.0,266.0,1.0,180.0,0.0,0.0,-304.15846335239746
1.0,900.0,0.0,0.0,0.0,0.0,0.0,0.0,37.40013781425904
1.0,924.0,0.0,0.0,2.0,429.0,0.0,0.0,-177.0991611178584
1.0,1099.0,1.0,55.0,4.0,493.0,0.0,0.0,-261.11308852701393
1.0,1054.0,0.0,0.0,1.0,463.0,0.0,0.0,-194.11378056359678
1.0,646.0,0.0,0.0,1.0,261.0,0.0,0.0,-93.09292454962173
1.0,668.0,1.0,59.0,0.0,0.0,0.0,0.0,-18.390268999137042
1.0,644.0,2.0,119.0,0.0,0.0,0.0,0.0,-75.14075087276527
1.0,735.0,0.0,0.0,0.0,0.0,0.0,0.0,37.393187378499775
1.0,739.0,1.0,56.0,0.0,0.0,0.0,0.0,-15.560071833146978
1.0,769.0,0.0,0.0,0.0,0.0,0.0,0.0,37.40101619657954
1.0,797.0,0.0,0.0,1.0,3.0,0.0,0.0,35.87912505980284
1.0,857.0,0.0,0.0,0.0,0.0,0.0,0.0,37.398815703738585
1.0,807.0,1.0,63.0,0.0,0.0,0.0,0.0,-22.17878538228669
1.0,869.0,1.0,59.0,0.0,0.0,0.0,0.0,-18.39885215401778
1.0,820.0,1.0,53.0,2.0,116.0,0.0,0.0,-70.71968022920203
1.0,841.0,1.0,53.0,2.0,69.0,0.0,0.0,-47.218548556560656
1.0,928.0,0.0,0.0,2.0,421.0,0.0,0.0,-173.09739595293246
1.0,874.0,0.0,0.0,0.0,0.0,0.0,0.0,37.389844084464535
1.0,930.0,0.0,0.0,1.0,10.0,0.0,0.0,32.39395801266349
1.0,1011.0,0.0,0.0,1.0,338.0,0.0,0.0,-131.59785242667553
1.0,956.0,0.0,0.0,0.0,0.0,0.0,0.0,37.404467813386226
1.0,1022.0,0.0,0.0,0.0,0.0,0.0,0.0,37.38666969975844
1.0,1143.0,1.0,395.0,1.0,179.0,0.0,0.0,-425.675580749192
1.0,1201.0,1.0,395.0,1.0,188.0,0.0,0.0,-430.1908163456869
1.0,783.0,5.0,446.0,0.0,0.0,0.0,0.0,-384.4072430150338
1.0,853.0,1.0,24.0,0.0,0.0,0.0,0.0,14.70530677480577
1.0,675.0,0.0,0.0,2.0,233.0,0.0,0.0,-79.10538839903134
1.0,863.0,0.0,0.0,0.0,0.0,0.0,0.0,37.3624456375917
1.0,871.0,2.0,47.0,0.0,0.0,0.0,0.0,-7.0503557938260215
1.0,732.0,0.0,0.0,2.0,156.0,0.0,0.0,-40.59642998744289
1.0,933.0,3.0,203.0,0.0,0.0,0.0,0.0,-154.58852631664942
1.0,944.0,3.0,347.0,1.0,14.0,0.0,0.0,-297.7555885026261
1.0,796.0,0.0,0.0,1.0,5.0,0.0,0.0,34.89577840962358
1.0,1004.0,0.0,0.0,0.0,0.0,0.0,0.0,37.38620773283669
1.0,819.0,0.0,0.0,1.0,458.0,0.0,0.0,-191.59745704721482
1.0,1010.0,4.0,489.0,0.0,0.0,0.0,0.0,-425.0608316320505
1.0,1020.0,0.0,0.0,1.0,29.0,0.0,0.0,22.884901068342003
1.0,836.0,0.0,0.0,1.0,190.0,0.0,0.0,-57.61804610515298
1.0,1055.0,0.0,0.0,0.0,0.0,0.0,0.0,37.372292482909764
1.0,868.0,0.0,0.0,1.0,35.0,0.0,0.0,19.894801461225498
1.0,879.0,0.0,0.0,1.0,76.0,0.0,0.0,-0.6025991182355526
1.0,925.0,1.0,32.0,1.0,167.0,0.0,0.0,-76.36824700816584
1.0,1016.0,0.0,0.0,1.0,356.0,0.0,0.0,-140.60253715326007
1.0,1051.0,1.0,32.0,2.0,156.0,0.0,0.0,-70.88496341939731
1.0,730.0,1.0,40.0,0.0,0.0,0.0,0.0,-0.43896886967444004
1.0,732.0,1.0,108.0,0.0,0.0,0.0,0.0,-64.74082273603685
1.0,771.0,2.0,142.0,1.0,27.0,0.0,0.0,-110.3860086165015
1.0,787.0,0.0,0.0,0.0,0.0,0.0,0.0,37.399155992067
1.0,613.0,1.0,79.0,1.0,32.0,0.0,0.0,-53.3024362120147
1.0,809.0,0.0,0.0,0.0,0.0,0.0,0.0,37.39880120763608
1.0,643.0,1.0,127.0,1.0,100.0,0.0,0.0,-132.7007692933727
1.0,850.0,2.0,78.0,1.0,43.0,0.0,0.0,-57.86839155524188
1.0,862.0,1.0,55.0,0.0,0.0,0.0,0.0,-14.6141302313845
1.0,705.0,0.0,0.0,0.0,0.0,0.0,0.0,37.3886037555914
1.0,944.0,2.0,84.0,1.0,32.0,0.0,0.0,-58.05420587568784
1.0,951.0,0.0,0.0,0.0,0.0,0.0,0.0,37.39622531575863
1.0,781.0,1.0,127.0,2.0,186.0,0.0,0.0,-175.7109783207494
1.0,1056.0,1.0,55.0,0.0,0.0,0.0,0.0,-14.643747232244031
1.0,916.0,0.0,0.0,2.0,279.0,0.0,0.0,-102.10193332314319
1.0,931.0,1.0,79.0,3.0,168.0,0.0,0.0,-121.31756225668529
1.0,963.0,1.0,46.0,0.0,0.0,0.0,0.0,-6.105720602916641
1.0,998.0,2.0,94.0,0.0,0.0,0.0,0.0,-51.51798408667137
1.0,1018.0,2.0,158.0,2.0,147.0,0.0,0.0,-185.53738568280875
1.0,1082.0,1.0,48.0,0.0,0.0,0.0,0.0,-7.999464493636879
1.0,666.0,1.0,58.0,1.0,119.0,0.0,0.0,-76.95019960689892
1.0,715.0,0.0,0.0,0.0,0.0,0.0,0.0,37.39675596209223
1.0,739.0,1.0,35.0,1.0,88.0,0.0,0.0,-39.70182366236475
1.0,788.0,1.0,56.0,1.0,201.0,0.0,0.0,-116.05876158091567
1.0,791.0,1.0,59.0,1.0,160.0,0.0,0.0,-98.3997545398662
1.0,825.0,0.0,0.0,1.0,246.0,0.0,0.0,-85.60965097393691
1.0,640.0,0.0,0.0,4.0,282.0,0.0,0.0,-103.59784840144195
1.0,864.0,3.0,162.0,1.0,172.0,0.0,0.0,-201.8008842814434
1.0,729.0,0.0,0.0,0.0,0.0,0.0,0.0,37.40503064241831
1.0,952.0,1.0,35.0,0.0,0.0,0.0,0.0,4.284224646676584
1.0,822.0,0.0,0.0,2.0,225.0,0.0,0.0,-75.10166086778841
1.0,1043.0,1.0,47.0,1.0,192.0,0.0,0.0,-103.05815660495057
1.0,1052.0,1.0,58.0,2.0,421.0,0.0,0.0,-227.97253308767387
1.0,918.0,1.0,62.0,3.0,234.0,0.0,0.0,-138.23426475412208
1.0,916.0,0.0,0.0,0.0,0.0,0.0,0.0,37.37427916120742
1.0,932.0,1.0,97.0,0.0,0.0,0.0,0.0,-54.332671115014364
1.0,986.0,0.0,0.0,1.0,23.0,0.0,0.0,25.892059485495253
1.0,1030.0,0.0,0.0,1.0,25.0,0.0,0.0,24.866441585647486
1.0,1102.0,0.0,0.0,0.0,0.0,0.0,0.0,37.353984232687964
1.0,1125.0,2.0,159.0,1.0,223.0,0.0,0.0,-224.4721694846416
1.0,715.0,0.0,0.0,1.0,240.0,0.0,0.0,-82.6049218853781
1.0,731.0,0.0,0.0,1.0,155.0,0.0,0.0,-40.10909328107273
1.0,768.0,1.0,62.0,1.0,136.0,0.0,0.0,-89.23239426581648
1.0,794.0,1.0,57.0,1.0,19.0,0.0,0.0,-25.999871364777775
1.0,793.0,1.0,57.0,1.0,13.0,0.0,0.0,-23.002275460683805
1.0,825.0,0.0,0.0,1.0,80.0,0.0,0.0,-2.6078389986690595
1.0,606.0,1.0,52.0,0.0,0.0,0.0,0.0,-11.7858426942487
1.0,931.0,0.0,0.0,1.0,68.0,0.0,0.0,3.40137019188046
1.0,653.0,2.0,184.0,0.0,0.0,0.0,0.0,-136.6056810667765
1.0,670.0,0.0,0.0,0.0,0.0,0.0,0.0,37.38721550899532
1.0,703.0,1.0,132.0,0.0,0.0,0.0,0.0,-87.43458029724961
1.0,772.0,0.0,0.0,0.0,0.0,0.0,0.0,37.377373303056224
1.0,778.0,2.0,123.0,0.0,0.0,0.0,0.0,-78.91690453019748
1.0,1106.0,0.0,0.0,1.0,136.0,0.0,0.0,-30.606095579364265
1.0,1146.0,1.0,62.0,1.0,149.0,0.0,0.0,-95.74381038419696
1.0,1188.0,0.0,0.0,1.0,148.0,0.0,0.0,-36.6224868670444
1.0,949.0,0.0,0.0,3.0,71.0,0.0,0.0,1.896959495829158
1.0,1024.0,1.0,72.0,1.0,104.0,0.0,0.0,-82.69338017513398
1.0,1066.0,0.0,0.0,0.0,0.0,0.0,0.0,37.37546782282892
1.0,1134.0,1.0,51.0,1.0,245.0,0.0,0.0,-133.34392104332827
1.0,632.0,1.0,59.0,0.0,0.0,0.0,0.0,-18.38997098212173
1.0,709.0,0.0,0.0,0.0,0.0,0.0,0.0,37.40297948141467
1.0,714.0,0.0,0.0,1.0,287.0,0.0,0.0,-106.10750222202904
1.0,772.0,3.0,265.0,0.0,0.0,0.0,0.0,-213.21803546497472
1.0,928.0,1.0,51.0,0.0,0.0,0.0,0.0,-10.833858406804197
1.0,713.0,2.0,152.0,0.0,0.0,0.0,0.0,-106.34383918647995
1.0,951.0,0.0,0.0,0.0,0.0,0.0,0.0,37.39604523685108
1.0,972.0,1.0,33.0,1.0,192.0,0.0,0.0,-89.81249475448298
1.0,757.0,4.0,234.0,1.0,144.0,0.0,0.0,-255.9107325703482
1.0,763.0,1.0,202.0,0.0,0.0,0.0,0.0,-153.63020661207398
1.0,992.0,0.0,0.0,0.0,0.0,0.0,0.0,37.398399133186444
1.0,998.0,0.0,0.0,1.0,450.0,0.0,0.0,-187.6046989721586
1.0,774.0,1.0,59.0,1.0,122.0,0.0,0.0,-79.4033533817689
1.0,785.0,0.0,0.0,0.0,0.0,0.0,0.0,37.40205218396056
1.0,1039.0,2.0,240.0,0.0,0.0,0.0,0.0,-189.5905182169334
1.0,859.0,0.0,0.0,2.0,180.0,0.0,0.0,-52.60440433293538
1.0,894.0,3.0,343.0,0.0,0.0,0.0,0.0,-286.97427034033564
1.0,1003.0,0.0,0.0,4.0,350.0,0.0,0.0,-137.60084356373454
1.0,1064.0,0.0,0.0,0.0,0.0,0.0,0.0,37.38983469436471
1.0,1265.0,1.0,60.0,1.0,82.0,0.0,0.0,-60.34966638463629
1.0,647.0,2.0,123.0,0.0,0.0,0.0,0.0,-78.92052674515116
1.0,665.0,1.0,62.0,0.0,0.0,0.0,0.0,-21.232412322199153
1.0,727.0,2.0,98.0,0.0,0.0,0.0,0.0,-55.28062274894837
1.0,738.0,2.0,86.0,0.0,0.0,0.0,0.0,-43.92822038363332
1.0,840.0,0.0,0.0,0.0,0.0,0.0,0.0,37.382640589401824
1.0,895.0,1.0,62.0,0.0,0.0,0.0,0.0,-21.255252242749698
1.0,926.0,0.0,0.0,1.0,213.0,0.0,0.0,-69.10662188084876
1.0,950.0,1.0,71.0,0.0,0.0,0.0,0.0,-29.74667827426788
1.0,980.0,1.0,71.0,2.0,240.0,0.0,0.0,-149.74640042076433
1.0,992.0,2.0,111.0,0.0,0.0,0.0,0.0,-67.58690210291368
1.0,664.0,0.0,0.0,1.0,268.0,0.0,0.0,-96.5970321593821
1.0,670.0,0.0,0.0,0.0,0.0,0.0,0.0,37.38878621021024
1.0,682.0,1.0,47.0,2.0,47.0,0.0,0.0,-30.545724103888624
1.0,776.0,1.0,47.0,2.0,224.0,0.0,0.0,-119.0444244140645
1.0,827.0,0.0,0.0,2.0,289.0,0.0,0.0,-107.09937787744099
1.0,831.0,1.0,50.0,0.0,0.0,0.0,0.0,-9.883618028070295
1.0,835.0,3.0,310.0,0.0,0.0,0.0,0.0,-255.7971719170058
1.0,914.0,1.0,59.0,0.0,0.0,0.0,0.0,-18.398971162236094
1.0,982.0,1.0,201.0,0.0,0.0,0.0,0.0,-152.70655110567793
1.0,1129.0,0.0,0.0,1.0,157.0,0.0,0.0,-41.114348649674746
1.0,654.0,3.0,159.0,0.0,0.0,0.0,0.0,-112.96818468997625
1.0,697.0,2.0,119.0,0.0,0.0,0.0,0.0,-75.13632746791805
1.0,703.0,0.0,0.0,0.0,0.0,0.0,0.0,37.399524955671204
1.0,786.0,1.0,56.0,0.0,0.0,0.0,0.0,-15.580934597439125
1.0,799.0,0.0,0.0,0.0,0.0,0.0,0.0,37.392634024162746
1.0,963.0,0.0,0.0,4.0,332.0,0.0,0.0,-128.60251574936106
1.0,964.0,1.0,61.0,0.0,0.0,0.0,0.0,-20.30439362519983
1.0,969.0,1.0,35.0,0.0,0.0,0.0,0.0,4.260047025596265
1.0,1033.0,0.0,0.0,0.0,0.0,0.0,0.0,37.377861287365775
1.0,1091.0,0.0,0.0,0.0,0.0,0.0,0.0,37.39427629129734
1.0,672.0,0.0,0.0,0.0,0.0,0.0,0.0,37.382824347799314
1.0,764.0,2.0,267.0,0.0,0.0,0.0,0.0,-215.09925076153905
1.0,766.0,1.0,58.0,0.0,0.0,0.0,0.0,-17.45600576741382
1.0,794.0,0.0,0.0,0.0,0.0,0.0,0.0,37.37805694395661
1.0,841.0,0.0,0.0,1.0,111.0,0.0,0.0,-18.119765462212428
1.0,845.0,0.0,0.0,1.0,243.0,0.0,0.0,-84.11456316146652
1.0,868.0,0.0,0.0,2.0,479.0,0.0,0.0,-202.1092099058984
1.0,907.0,1.0,209.0,0.0,0.0,0.0,0.0,-160.25027902584935
1.0,1003.0,0.0,0.0,1.0,66.0,0.0,0.0,4.3923629657023255
1.0,1061.0,0.0,0.0,1.0,517.0,0.0,0.0,-221.11853826167493
1.0,620.0,2.0,176.0,0.0,0.0,0.0,0.0,-129.0406162173745
1.0,744.0,0.0,0.0,1.0,421.0,0.0,0.0,-173.10609160559957
1.0,792.0,0.0,0.0,0.0,0.0,0.0,0.0,37.401862100550346
1.0,806.0,3.0,184.0,0.0,0.0,0.0,0.0,-136.60715968063653
1.0,811.0,0.0,0.0,0.0,0.0,0.0,0.0,37.4023754729858
1.0,838.0,2.0,189.0,0.0,0.0,0.0,0.0,-141.3431476120678
1.0,924.0,0.0,0.0,0.0,0.0,0.0,0.0,37.3984345065932
1.0,1022.0,1.0,57.0,0.0,0.0,0.0,0.0,-16.518965323955868
1.0,1045.0,0.0,0.0,0.0,0.0,0.0,0.0,37.39900998142823
1.0,1085.0,0.0,0.0,0.0,0.0,0.0,0.0,37.392203001691705
1.0,669.0,1.0,42.0,0.0,0.0,0.0,0.0,-2.317434804062998
1.0,675.0,1.0,59.0,0.0,0.0,0.0,0.0,-18.40224803929864
1.0,681.0,0.0,0.0,1.0,217.0,0.0,0.0,-71.10657656812663
1.0,719.0,0.0,0.0,1.0,78.0,0.0,0.0,-1.602462072829674
1.0,774.0,0.0,0.0,0.0,0.0,0.0,0.0,37.39834693200358
1.0,813.0,1.0,61.0,1.0,69.0,0.0,0.0,-54.79629886198595
1.0,811.0,1.0,59.0,0.0,0.0,0.0,0.0,-18.40109594367655
1.0,858.0,2.0,133.0,0.0,0.0,0.0,0.0,-88.37533130387388
1.0,940.0,2.0,152.0,1.0,80.0,0.0,0.0,-146.34704879846268
1.0,991.0,0.0,0.0,0.0,0.0,0.0,0.0,37.387250626337575
1.0,693.0,1.0,22.0,1.0,2.0,0.0,0.0,15.58210177983565
1.0,692.0,0.0,0.0,3.0,381.0,0.0,0.0,-153.0962240956606
1.0,713.0,0.0,0.0,2.0,175.0,0.0,0.0,-50.09611233651317
1.0,780.0,1.0,22.0,1.0,248.0,0.0,0.0,-107.40853912096088
1.0,804.0,0.0,0.0,1.0,220.0,0.0,0.0,-72.61642117529684
1.0,902.0,1.0,34.0,2.0,186.0,0.0,0.0,-87.7604953028908
1.0,928.0,0.0,0.0,4.0,499.0,0.0,0.0,-212.10167796589394
1.0,941.0,0.0,0.0,3.0,641.0,0.0,0.0,-283.10373912032674
1.0,976.0,0.0,0.0,1.0,593.0,0.0,0.0,-259.10775924687385
1.0,1003.0,1.0,34.0,1.0,177.0,0.0,0.0,-83.27045489154267
1.0,635.0,1.0,64.0,0.0,0.0,0.0,0.0,-23.12001703915979
1.0,699.0,0.0,0.0,1.0,341.0,0.0,0.0,-133.09661870181762
1.0,705.0,0.0,0.0,0.0,0.0,0.0,0.0,37.402819239964884
1.0,723.0,2.0,264.0,0.0,0.0,0.0,0.0,-212.26150013977625
1.0,735.0,4.0,351.0,0.0,0.0,0.0,0.0,-294.5355669821839
1.0,799.0,1.0,51.0,0.0,0.0,0.0,0.0,-10.828857150584575
1.0,964.0,1.0,42.0,2.0,277.0,0.0,0.0,-140.82533272278096
1.0,979.0,2.0,72.0,0.0,0.0,0.0,0.0,-30.695688930899266
1.0,993.0,0.0,0.0,2.0,330.0,0.0,0.0,-127.6108350510797
1.0,1016.0,1.0,42.0,1.0,118.0,0.0,0.0,-61.32458759745491
1.0,807.0,1.0,48.0,0.0,0.0,0.0,0.0,-7.992273236383774
1.0,849.0,1.0,42.0,1.0,213.0,0.0,0.0,-108.81580218709362
1.0,872.0,0.0,0.0,1.0,138.0,0.0,0.0,-31.599593982383716
1.0,925.0,0.0,0.0,1.0,142.0,0.0,0.0,-33.604917714030734
1.0,926.0,1.0,42.0,1.0,211.0,0.0,0.0,-107.81962703978135
1.0,945.0,0.0,0.0,1.0,16.0,0.0,0.0,29.385886513278457
1.0,965.0,1.0,48.0,0.0,0.0,0.0,0.0,-7.995496886951727
1.0,976.0,0.0,0.0,2.0,159.0,0.0,0.0,-42.101305140039564
1.0,1093.0,0.0,0.0,3.0,463.0,0.0,0.0,-194.10744004553126
1.0,1119.0,0.0,0.0,1.0,188.0,0.0,0.0,-56.61335271293604
1.0,665.0,0.0,0.0,1.0,288.0,0.0,0.0,-106.61523364731207
1.0,688.0,1.0,61.0,1.0,207.0,0.0,0.0,-123.78855999588814
1.0,692.0,0.0,0.0,0.0,0.0,0.0,0.0,37.405181872139934
1.0,760.0,2.0,91.0,0.0,0.0,0.0,0.0,-48.668303617545426
1.0,764.0,1.0,33.0,1.0,223.0,0.0,0.0,-105.303193926227
1.0,873.0,1.0,7.0,1.0,314.0,0.0,0.0,-126.23430608504415
1.0,907.0,1.0,58.0,1.0,25.0,0.0,0.0,-29.950982912428913
1.0,923.0,3.0,130.0,1.0,221.0,0.0,0.0,-196.0615482183757
1.0,923.0,0.0,0.0,0.0,0.0,0.0,0.0,37.39645176552658
1.0,1058.0,1.0,62.0,2.0,487.0,0.0,0.0,-264.739914419463
1.0,681.0,3.0,185.0,1.0,2.0,0.0,0.0,-138.5721317179737
1.0,731.0,1.0,95.0,1.0,10.0,0.0,0.0,-57.43596554023453
1.0,738.0,1.0,20.0,0.0,0.0,0.0,0.0,18.48539513245917
1.0,749.0,2.0,81.0,0.0,0.0,0.0,0.0,-39.201669325278324
1.0,766.0,2.0,155.0,0.0,0.0,0.0,0.0,-109.18695283452418
1.0,784.0,1.0,63.0,1.0,4.0,0.0,0.0,-24.17807318989282
1.0,793.0,1.0,62.0,0.0,0.0,0.0,0.0,-21.235913884841963
1.0,915.0,1.0,57.0,0.0,0.0,0.0,0.0,-16.509719090716004
1.0,916.0,1.0,57.0,0.0,0.0,0.0,0.0,-16.505611953170025
1.0,637.0,0.0,0.0,0.0,0.0,0.0,0.0,37.40583615550984
1.0,672.0,0.0,0.0,0.0,0.0,0.0,0.0,37.40321908852551
1.0,1131.0,1.0,61.0,0.0,0.0,0.0,0.0,-20.296174194966206
1.0,817.0,2.0,185.0,2.0,318.0,0.0,0.0,-296.5701663838371
1.0,822.0,2.0,144.0,0.0,0.0,0.0,0.0,-98.79698309881934
1.0,834.0,3.0,178.0,0.0,0.0,0.0,0.0,-130.9382358047182
1.0,841.0,1.0,66.0,0.0,0.0,0.0,0.0,-25.021124529350573
1.0,917.0,0.0,0.0,1.0,175.0,0.0,0.0,-50.099979587186645
1.0,1004.0,2.0,191.0,1.0,49.0,0.0,0.0,-167.74026289096372
1.0,1044.0,0.0,0.0,0.0,0.0,0.0,0.0,37.38090447113702
1.0,1055.0,0.0,0.0,2.0,165.0,0.0,0.0,-45.10452054343447
1.0,618.0,0.0,0.0,0.0,0.0,0.0,0.0,37.40545473154103
1.0,737.0,1.0,59.0,0.0,0.0,0.0,0.0,-18.391893496487974
1.0,823.0,1.0,59.0,1.0,104.0,0.0,0.0,-70.39271742330105
1.0,859.0,3.0,330.0,0.0,0.0,0.0,0.0,-274.6802693558471
1.0,954.0,0.0,0.0,0.0,0.0,0.0,0.0,37.39786688145237
1.0,630.0,2.0,132.0,1.0,221.0,0.0,0.0,-197.92900011291715
1.0,996.0,1.0,47.0,0.0,0.0,0.0,0.0,-7.053781384859356
1.0,1031.0,1.0,57.0,0.0,0.0,0.0,0.0,-16.50720556488291
1.0,1044.0,2.0,214.0,1.0,92.0,0.0,0.0,-210.9918502935484
1.0,705.0,1.0,41.0,0.0,0.0,0.0,0.0,-1.3716650325212072
1.0,1054.0,3.0,139.0,0.0,0.0,0.0,0.0,-94.05394065235203
1.0,1064.0,2.0,323.0,0.0,0.0,0.0,0.0,-268.0806759506819
1.0,783.0,1.0,69.0,1.0,193.0,0.0,0.0,-124.34895627940486
1.0,798.0,1.0,69.0,1.0,368.0,0.0,0.0,-211.86922529528712
1.0,905.0,0.0,0.0,2.0,412.0,0.0,0.0,-168.6193781981062
1.0,950.0,0.0,0.0,0.0,0.0,0.0,0.0,37.397505644179724
1.0,971.0,2.0,372.0,1.0,220.0,0.0,0.0,-424.4005057652642
1.0,973.0,0.0,0.0,2.0,139.0,0.0,0.0,-32.138214900466345
1.0,1013.0,1.0,41.0,0.0,0.0,0.0,0.0,-1.3805248730314261
1.0,1043.0,2.0,376.0,1.0,162.0,0.0,0.0,-399.18347254063326
1.0,670.0,0.0,0.0,0.0,0.0,0.0,0.0,37.40619739606416
1.0,671.0,0.0,0.0,0.0,0.0,0.0,0.0,37.40117530871136
1.0,742.0,2.0,174.0,0.0,0.0,0.0,0.0,-127.15307950769042
1.0,769.0,1.0,64.0,0.0,0.0,0.0,0.0,-23.122391367308232
1.0,822.0,0.0,0.0,0.0,0.0,0.0,0.0,37.39472803142574
1.0,853.0,2.0,98.0,0.0,0.0,0.0,0.0,-55.280955423471134
1.0,890.0,0.0,0.0,0.0,0.0,0.0,0.0,37.3973452025191
1.0,919.0,2.0,147.0,2.0,119.0,0.0,0.0,-161.12359401884135
1.0,932.0,3.0,243.0,0.0,0.0,0.0,0.0,-192.40837180268875
1.0,645.0,2.0,122.0,1.0,78.0,0.0,0.0,-116.96991238432811
1.0,702.0,0.0,0.0,0.0,0.0,0.0,0.0,37.39558659040555
1.0,1081.0,0.0,0.0,0.0,0.0,0.0,0.0,37.393967342168295
1.0,765.0,0.0,0.0,2.0,293.0,0.0,0.0,-109.11005549721715
1.0,790.0,2.0,199.0,2.0,419.0,0.0,0.0,-360.2985735570769
1.0,906.0,0.0,0.0,0.0,0.0,0.0,0.0,37.38375259838963
1.0,920.0,1.0,138.0,1.0,230.0,0.0,0.0,-208.11944214989094
1.0,978.0,0.0,0.0,0.0,0.0,0.0,0.0,37.39246723949099
1.0,977.0,0.0,0.0,1.0,464.0,0.0,0.0,-194.602600720912
1.0,998.0,1.0,61.0,2.0,322.0,0.0,0.0,-181.30153157299486
1.0,1069.0,0.0,0.0,1.0,13.0,0.0,0.0,30.89531435113996
1.0,612.0,1.0,201.0,0.0,0.0,0.0,0.0,-152.67904014673383
1.0,636.0,2.0,87.0,0.0,0.0,0.0,0.0,-44.8739941869505
1.0,654.0,2.0,47.0,0.0,0.0,0.0,0.0,-7.045330270524204
1.0,661.0,2.0,251.0,0.0,0.0,0.0,0.0,-199.9680558267902
1.0,667.0,1.0,97.0,0.0,0.0,0.0,0.0,-54.330316123323634
1.0,729.0,0.0,0.0,1.0,45.0,0.0,0.0,14.895120120450041
1.0,844.0,1.0,61.0,0.0,0.0,0.0,0.0,-20.30802125566202
1.0,877.0,1.0,61.0,0.0,0.0,0.0,0.0,-20.295656101656142
1.0,624.0,0.0,0.0,0.0,0.0,0.0,0.0,37.39023609663708
1.0,985.0,0.0,0.0,0.0,0.0,0.0,0.0,37.4006691603641
1.0,693.0,1.0,52.0,1.0,116.0,0.0,0.0,-69.77368170762814
1.0,1041.0,2.0,107.0,0.0,0.0,0.0,0.0,-63.79665263486982
1.0,740.0,0.0,0.0,2.0,157.0,0.0,0.0,-41.09961606405917
1.0,781.0,0.0,0.0,1.0,162.0,0.0,0.0,-43.603031659022385
1.0,865.0,0.0,0.0,1.0,274.0,0.0,0.0,-99.61694377302814
1.0,988.0,0.0,0.0,1.0,226.0,0.0,0.0,-75.61111088727174
1.0,1040.0,1.0,52.0,1.0,201.0,0.0,0.0,-112.27962539588495
1.0,1144.0,0.0,0.0,1.0,175.0,0.0,0.0,-50.10408538635906
1.0,1200.0,0.0,0.0,2.0,84.0,0.0,0.0,-4.603344190365284
1.0,1303.0,0.0,0.0,2.0,323.0,0.0,0.0,-124.10888798428817
1.0,653.0,1.0,112.0,0.0,0.0,0.0,0.0,-68.52761832886358
1.0,805.0,1.0,60.0,1.0,274.0,0.0,0.0,-156.35308046434213
1.0,837.0,0.0,0.0,3.0,452.0,0.0,0.0,-188.59666785034008
1.0,860.0,3.0,234.0,1.0,243.0,0.0,0.0,-305.3916233162242
1.0,859.0,1.0,50.0,1.0,129.0,0.0,0.0,-74.38816109509673
1.0,880.0,2.0,187.0,1.0,479.0,0.0,0.0,-378.9423036863475
1.0,906.0,0.0,0.0,1.0,211.0,0.0,0.0,-68.11676026716597
1.0,911.0,0.0,0.0,3.0,462.0,0.0,0.0,-193.59692661186415
1.0,990.0,2.0,169.0,1.0,249.0,0.0,0.0,-246.94354086173135
1.0,995.0,0.0,0.0,1.0,296.0,0.0,0.0,-110.5976840509563
1.0,629.0,0.0,0.0,2.0,290.0,0.0,0.0,-107.59361688941019
1.0,726.0,2.0,185.0,1.0,12.0,0.0,0.0,-143.55129639414025
1.0,784.0,0.0,0.0,1.0,7.0,0.0,0.0,33.90182094410971
1.0,802.0,0.0,0.0,1.0,9.0,0.0,0.0,32.90338596626798
1.0,924.0,1.0,28.0,3.0,278.0,0.0,0.0,-128.0898906218599
1.0,921.0,3.0,272.0,1.0,10.0,0.0,0.0,-224.8295667091443
1.0,971.0,1.0,103.0,0.0,0.0,0.0,0.0,-60.021268696657046
1.0,1097.0,2.0,299.0,2.0,98.0,0.0,0.0,-294.3913509655822
1.0,1122.0,1.0,28.0,2.0,358.0,0.0,0.0,-168.0802452588533
1.0,1124.0,2.0,315.0,2.0,320.0,0.0,0.0,-420.51421005961805
1.0,696.0,1.0,40.0,1.0,305.0,0.0,0.0,-152.92264282755178
1.0,752.0,2.0,74.0,0.0,0.0,0.0,0.0,-32.59791220712888
1.0,772.0,2.0,122.0,0.0,0.0,0.0,0.0,-77.98300032490313
1.0,894.0,1.0,61.0,0.0,0.0,0.0,0.0,-20.315166859909766
1.0,971.0,0.0,0.0,1.0,12.0,0.0,0.0,31.378147091671963
1.0,995.0,2.0,58.0,1.0,73.0,0.0,0.0,-53.95171252089002
1.0,998.0,1.0,56.0,1.0,41.0,0.0,0.0,-36.07070521977136
1.0,1010.0,0.0,0.0,3.0,510.0,0.0,0.0,-217.62472065193063
1.0,1050.0,1.0,61.0,0.0,0.0,0.0,0.0,-20.31873792155764
1.0,1052.0,0.0,0.0,2.0,340.0,0.0,0.0,-132.6080622390796
1.0,675.0,0.0,0.0,1.0,57.0,0.0,0.0,8.904576896006795
1.0,680.0,0.0,0.0,1.0,199.0,0.0,0.0,-62.107221571911
1.0,720.0,0.0,0.0,2.0,95.0,0.0,0.0,-10.09351977206078
1.0,812.0,0.0,0.0,0.0,0.0,0.0,0.0,37.39704142283932
1.0,887.0,1.0,104.0,1.0,444.0,0.0,0.0,-282.95412157289564
1.0,893.0,0.0,0.0,3.0,266.0,0.0,0.0,-95.59822376906067
1.0,932.0,0.0,0.0,3.0,425.0,0.0,0.0,-175.11286810162946
1.0,992.0,1.0,104.0,3.0,292.0,0.0,0.0,-206.95097274973716
1.0,1011.0,0.0,0.0,2.0,42.0,0.0,0.0,16.378854172781338
1.0,1035.0,0.0,0.0,0.0,0.0,0.0,0.0,37.3947186961161
1.0,679.0,0.0,0.0,1.0,117.0,0.0,0.0,-21.098042450957117
1.0,703.0,0.0,0.0,0.0,0.0,0.0,0.0,37.40577639950175
1.0,727.0,1.0,179.0,0.0,0.0,0.0,0.0,-131.88063345767614
1.0,735.0,0.0,0.0,0.0,0.0,0.0,0.0,37.39988440890657
1.0,755.0,0.0,0.0,0.0,0.0,0.0,0.0,37.40085323383063
1.0,768.0,1.0,159.0,0.0,0.0,0.0,0.0,-112.96908718867729
1.0,879.0,1.0,159.0,0.0,0.0,0.0,0.0,-112.96893011088068
1.0,894.0,0.0,0.0,1.0,105.0,0.0,0.0,-15.104758223254244
1.0,904.0,0.0,0.0,0.0,0.0,0.0,0.0,37.393296289007864
1.0,1029.0,1.0,179.0,0.0,0.0,0.0,0.0,-131.8837499957751
1.0,679.0,0.0,0.0,0.0,0.0,0.0,0.0,37.396305901033344
1.0,691.0,0.0,0.0,0.0,0.0,0.0,0.0,37.39745617569096
1.0,752.0,0.0,0.0,0.0,0.0,0.0,0.0,37.401034538243835
1.0,797.0,0.0,0.0,1.0,208.0,0.0,0.0,-66.6017978717055
1.0,821.0,0.0,0.0,0.0,0.0,0.0,0.0,37.39182221467791
1.0,852.0,0.0,0.0,0.0,0.0,0.0,0.0,37.39828634397714
1.0,858.0,0.0,0.0,1.0,177.0,0.0,0.0,-51.104295300097924
1.0,968.0,0.0,0.0,0.0,0.0,0.0,0.0,37.38801815987737
1.0,1003.0,0.0,0.0,0.0,0.0,0.0,0.0,37.39726997008551
1.0,717.0,0.0,0.0,0.0,0.0,0.0,0.0,37.40148949035718
1.0,737.0,0.0,0.0,0.0,0.0,0.0,0.0,37.38629276579016
1.0,763.0,1.0,384.0,1.0,335.0,0.0,0.0,-493.25477021360143
1.0,1121.0,0.0,0.0,1.0,247.0,0.0,0.0,-86.11109657623581
1.0,844.0,0.0,0.0,0.0,0.0,0.0,0.0,37.40273198168653
1.0,865.0,1.0,261.0,1.0,22.0,0.0,0.0,-220.43611617225557
1.0,865.0,1.0,384.0,1.0,346.0,0.0,0.0,-498.7540585514295
1.0,990.0,2.0,297.0,0.0,0.0,0.0,0.0,-243.49367141964302
1.0,994.0,0.0,0.0,1.0,47.0,0.0,0.0,13.896076238114496
1.0,1036.0,1.0,36.0,1.0,36.0,0.0,0.0,-14.64925768211235
1.0,1077.0,0.0,0.0,1.0,277.0,0.0,0.0,-101.10323630822577
1.0,652.0,0.0,0.0,0.0,0.0,0.0,0.0,37.38938520298685
1.0,716.0,0.0,0.0,1.0,312.0,0.0,0.0,-118.59388760848876
1.0,754.0,0.0,0.0,1.0,28.0,0.0,0.0,23.403434035631157
1.0,813.0,0.0,0.0,0.0,0.0,0.0,0.0,37.3952734243418
1.0,895.0,1.0,14.0,1.0,356.0,0.0,0.0,-153.85157445613524
1.0,929.0,1.0,217.0,0.0,0.0,0.0,0.0,-167.83837379170797
1.0,947.0,1.0,217.0,0.0,0.0,0.0,0.0,-167.82111648431422
1.0,963.0,1.0,14.0,1.0,459.0,0.0,0.0,-205.3421126478466
1.0,683.0,1.0,41.0,1.0,250.0,0.0,0.0,-126.37053081611141
1.0,1004.0,0.0,0.0,1.0,205.0,0.0,0.0,-65.1037546782926
1.0,854.0,1.0,391.0,0.0,0.0,0.0,0.0,-332.3881399086795
1.0,856.0,2.0,113.0,0.0,0.0,0.0,0.0,-69.47559594454049
1.0,1168.0,0.0,0.0,1.0,548.0,0.0,0.0,-236.61636141901982
1.0,863.0,2.0,82.0,0.0,0.0,0.0,0.0,-40.14533445219596
1.0,892.0,0.0,0.0,0.0,0.0,0.0,0.0,37.401867243830154
1.0,941.0,0.0,0.0,0.0,0.0,0.0,0.0,37.38004851635129
1.0,971.0,3.0,121.0,1.0,2.0,0.0,0.0,-78.03411754618168
1.0,1049.0,0.0,0.0,2.0,556.0,0.0,0.0,-240.61123428983487
1.0,1082.0,1.0,391.0,0.0,0.0,0.0,0.0,-332.3992429290074
1.0,1181.0,2.0,111.0,2.0,174.0,0.0,0.0,-154.57332097322086
1.0,648.0,0.0,0.0,0.0,0.0,0.0,0.0,37.3854122459647
1.0,709.0,0.0,0.0,1.0,320.0,0.0,0.0,-122.59816544205603
1.0,767.0,1.0,458.0,0.0,0.0,0.0,0.0,-395.7377706602529
1.0,834.0,0.0,0.0,0.0,0.0,0.0,0.0,37.39024483885862
1.0,845.0,1.0,47.0,0.0,0.0,0.0,0.0,-7.051638568627865
1.0,896.0,0.0,0.0,1.0,154.0,0.0,0.0,-39.614794767281545
1.0,897.0,0.0,0.0,0.0,0.0,0.0,0.0,37.40029933490815
1.0,905.0,1.0,458.0,0.0,0.0,0.0,0.0,-395.7337585541659
1.0,938.0,1.0,47.0,0.0,0.0,0.0,0.0,-7.072215020855609
1.0,643.0,3.0,229.0,0.0,0.0,0.0,0.0,-179.16258170290396
1.0,1052.0,0.0,0.0,1.0,412.0,0.0,0.0,-168.60133583634226
1.0,731.0,2.0,281.0,1.0,52.0,0.0,0.0,-254.34001498733295
1.0,744.0,0.0,0.0,0.0,0.0,0.0,0.0,37.39695242113626
1.0,758.0,1.0,34.0,0.0,0.0,0.0,0.0,5.236380479221914
1.0,819.0,3.0,250.0,1.0,17.0,0.0,0.0,-207.52892964977792
1.0,840.0,0.0,0.0,0.0,0.0,0.0,0.0,37.394843521113565
1.0,908.0,1.0,14.0,0.0,0.0,0.0,0.0,24.15379856115011
1.0,930.0,2.0,72.0,0.0,0.0,0.0,0.0,-30.69458252526117
1.0,1075.0,0.0,0.0,2.0,495.0,0.0,0.0,-210.1276669365087
1.0,1108.0,2.0,272.0,1.0,65.0,0.0,0.0,-252.33674059330235
1.0,659.0,1.0,84.0,0.0,0.0,0.0,0.0,-42.03626858761915
1.0,664.0,1.0,84.0,1.0,283.0,0.0,0.0,-183.5362263408175
1.0,743.0,1.0,10.0,1.0,121.0,0.0,0.0,-32.55764384314729
1.0,775.0,1.0,371.0,0.0,0.0,0.0,0.0,-313.48196562203884
1.0,832.0,0.0,0.0,0.0,0.0,0.0,0.0,37.392522263461565
1.0,933.0,1.0,371.0,0.0,0.0,0.0,0.0,-313.50347533448655
1.0,939.0,0.0,0.0,0.0,0.0,0.0,0.0,37.38127549219896
1.0,976.0,2.0,139.0,1.0,16.0,0.0,0.0,-102.06046209692596
1.0,607.0,0.0,0.0,0.0,0.0,0.0,0.0,37.39368744196214
1.0,641.0,1.0,69.0,0.0,0.0,0.0,0.0,-27.849495532952474
1.0,729.0,0.0,0.0,1.0,119.0,0.0,0.0,-22.103855331965832
1.0,758.0,1.0,69.0,1.0,17.0,0.0,0.0,-36.36069118915561
1.0,1137.0,0.0,0.0,1.0,209.0,0.0,0.0,-67.12904636026616
1.0,793.0,0.0,0.0,0.0,0.0,0.0,0.0,37.372555044420125
1.0,794.0,0.0,0.0,2.0,403.0,0.0,0.0,-164.12365306744425
1.0,799.0,0.0,0.0,0.0,0.0,0.0,0.0,37.37542850361622
1.0,807.0,0.0,0.0,0.0,0.0,0.0,0.0,37.38787384964952
1.0,893.0,0.0,0.0,4.0,350.0,0.0,0.0,-137.59845949916252
1.0,910.0,0.0,0.0,1.0,4.0,0.0,0.0,35.397311841257526
1.0,1311.0,1.0,129.0,1.0,571.0,0.0,0.0,-370.1204211958658
1.0,642.0,1.0,105.0,1.0,210.0,0.0,0.0,-166.89331719945383
1.0,677.0,1.0,64.0,1.0,167.0,0.0,0.0,-106.62197380920495
1.0,660.0,1.0,23.0,0.0,0.0,0.0,0.0,15.648242927596058
1.0,711.0,0.0,0.0,1.0,218.0,0.0,0.0,-71.59497648008555
1.0,804.0,1.0,64.0,0.0,0.0,0.0,0.0,-23.129072432725756
1.0,796.0,1.0,23.0,1.0,31.0,0.0,0.0,0.15192779709256143
1.0,824.0,1.0,61.0,3.0,126.0,0.0,0.0,-83.28653903660191
1.0,828.0,0.0,0.0,2.0,317.0,0.0,0.0,-121.10064690628074
1.0,873.0,0.0,0.0,0.0,0.0,0.0,0.0,37.37982418631762
1.0,892.0,1.0,105.0,0.0,0.0,0.0,0.0,-61.912830389525276
1.0,900.0,1.0,150.0,2.0,444.0,0.0,0.0,-326.4517360166892
1.0,909.0,0.0,0.0,0.0,0.0,0.0,0.0,37.386972486840314
1.0,918.0,1.0,61.0,1.0,143.0,0.0,0.0,-91.79432027737062
1.0,967.0,1.0,64.0,2.0,362.0,0.0,0.0,-204.1383534660259
1.0,975.0,1.0,177.0,1.0,497.0,0.0,0.0,-378.50829938477267
1.0,967.0,0.0,0.0,2.0,310.0,0.0,0.0,-117.61680037096912
1.0,1004.0,1.0,177.0,1.0,408.0,0.0,0.0,-334.01187465406264
1.0,1055.0,1.0,64.0,1.0,186.0,0.0,0.0,-116.12671289568569
1.0,1066.0,1.0,150.0,2.0,377.0,0.0,0.0,-292.9557383747568
1.0,1116.0,0.0,0.0,1.0,24.0,0.0,0.0,25.394645953316036
1.0,603.0,1.0,43.0,0.0,0.0,0.0,0.0,-3.2654368938121507
1.0,626.0,1.0,44.0,0.0,0.0,0.0,0.0,-4.205693405621496
1.0,657.0,1.0,26.0,1.0,327.0,0.0,0.0,-150.68861489789828
1.0,674.0,0.0,0.0,0.0,0.0,0.0,0.0,37.40213675628946
1.0,804.0,2.0,110.0,2.0,343.0,0.0,0.0,-238.12381594587453
1.0,745.0,1.0,58.0,2.0,325.0,0.0,0.0,-179.97373493150084
1.0,843.0,1.0,59.0,0.0,0.0,0.0,0.0,-18.420704815136787
1.0,853.0,1.0,43.0,1.0,71.0,0.0,0.0,-38.774480135579
1.0,858.0,1.0,44.0,0.0,0.0,0.0,0.0,-4.230992987797329
1.0,774.0,1.0,26.0,1.0,354.0,0.0,0.0,-164.187270362995
1.0,891.0,0.0,0.0,2.0,550.0,0.0,0.0,-237.60519680325038
1.0,809.0,0.0,0.0,2.0,438.0,0.0,0.0,-181.59806219339941
1.0,930.0,1.0,48.0,1.0,70.0,0.0,0.0,-43.00502759192291
1.0,924.0,0.0,0.0,1.0,290.0,0.0,0.0,-107.61099605153962
1.0,940.0,0.0,0.0,1.0,369.0,0.0,0.0,-147.10127589690399
1.0,983.0,1.0,58.0,1.0,204.0,0.0,0.0,-119.46023156711678
1.0,1100.0,1.0,59.0,1.0,109.0,0.0,0.0,-72.91385991055671
1.0,1120.0,1.0,62.0,2.0,716.0,0.0,0.0,-379.24291814564333
1.0,1039.0,0.0,0.0,1.0,57.0,0.0,0.0,8.892212682272664
1.0,1154.0,0.0,0.0,1.0,17.0,0.0,0.0,28.874544069041697
1.0,708.0,1.0,57.0,1.0,229.0,0.0,0.0,-131.0133402546636
1.0,765.0,1.0,67.0,0.0,0.0,0.0,0.0,-25.969542709328273
1.0,649.0,1.0,46.0,0.0,0.0,0.0,0.0,-6.11249396306156
1.0,649.0,0.0,0.0,0.0,0.0,0.0,0.0,37.38640662031537
1.0,820.0,3.0,159.0,2.0,204.0,0.0,0.0,-214.9878780471448
1.0,825.0,1.0,59.0,1.0,323.0,0.0,0.0,-179.90434610384136
1.0,845.0,1.0,67.0,0.0,0.0,0.0,0.0,-25.967289750936118
1.0,743.0,1.0,51.0,0.0,0.0,0.0,0.0,-10.84563086392496
1.0,750.0,2.0,97.0,0.0,0.0,0.0,0.0,-54.32954759661535
1.0,780.0,0.0,0.0,1.0,163.0,0.0,0.0,-44.09927709294382
1.0,991.0,2.0,100.0,1.0,438.0,0.0,0.0,-276.18512985051854
1.0,996.0,1.0,62.0,0.0,0.0,0.0,0.0,-21.23894132713921
1.0,872.0,0.0,0.0,0.0,0.0,0.0,0.0,37.39496736028267
1.0,1005.0,3.0,163.0,0.0,0.0,0.0,0.0,-116.76476675429484
1.0,1124.0,0.0,0.0,1.0,426.0,0.0,0.0,-175.61191586805825
1.0,1121.0,1.0,40.0,0.0,0.0,0.0,0.0,-0.43710763427581867
1.0,1030.0,2.0,343.0,0.0,0.0,0.0,0.0,-286.976749387373
1.0,1048.0,0.0,0.0,1.0,68.0,0.0,0.0,3.3942810361991462
1.0,1054.0,2.0,183.0,3.0,489.0,0.0,0.0,-380.16841352229306
1.0,1206.0,2.0,374.0,0.0,0.0,0.0,0.0,-316.29257795271155
1.0,639.0,0.0,0.0,0.0,0.0,0.0,0.0,37.40550128897749
1.0,705.0,0.0,0.0,0.0,0.0,0.0,0.0,37.40621713991753
1.0,733.0,2.0,313.0,1.0,250.0,0.0,0.0,-383.6035505173944
1.0,754.0,3.0,586.0,1.0,201.0,0.0,0.0,-617.2787935194899
1.0,862.0,2.0,290.0,2.0,185.0,0.0,0.0,-329.3524560309385
1.0,663.0,0.0,0.0,0.0,0.0,0.0,0.0,37.394684800150415
1.0,929.0,1.0,340.0,1.0,199.0,0.0,0.0,-383.6513369592806
1.0,741.0,1.0,52.0,0.0,0.0,0.0,0.0,-11.771970986317946
1.0,746.0,0.0,0.0,0.0,0.0,0.0,0.0,37.39681301384914
1.0,973.0,0.0,0.0,2.0,272.0,0.0,0.0,-98.6008280289947
1.0,1003.0,4.0,471.0,1.0,217.0,0.0,0.0,-516.5418840367001
1.0,793.0,1.0,60.0,0.0,0.0,0.0,0.0,-19.340826175318526
1.0,832.0,1.0,52.0,1.0,164.0,0.0,0.0,-93.77503870964287
1.0,892.0,0.0,0.0,0.0,0.0,0.0,0.0,37.38580666036668
1.0,907.0,1.0,60.0,0.0,0.0,0.0,0.0,-19.345318674764947
1.0,1130.0,0.0,0.0,1.0,254.0,0.0,0.0,-89.60332295484346
1.0,1147.0,0.0,0.0,2.0,474.0,0.0,0.0,-199.61349982835242
1.0,944.0,0.0,0.0,1.0,111.0,0.0,0.0,-18.1224643597994
1.0,979.0,0.0,0.0,1.0,208.0,0.0,0.0,-66.60462030509345
1.0,1210.0,0.0,0.0,2.0,573.0,0.0,0.0,-249.13077818476037
1.0,786.0,0.0,0.0,3.0,479.0,0.0,0.0,-202.0956617705865
1.0,866.0,1.0,63.0,1.0,9.0,0.0,0.0,-26.69189006394805
1.0,913.0,4.0,123.0,0.0,0.0,0.0,0.0,-78.92828968151444
1.0,919.0,0.0,0.0,0.0,0.0,0.0,0.0,37.38926754247554
1.0,949.0,0.0,0.0,2.0,208.0,0.0,0.0,-66.6275610267224
1.0,688.0,2.0,165.0,3.0,328.0,0.0,0.0,-282.6457377155501
1.0,988.0,0.0,0.0,1.0,160.0,0.0,0.0,-42.6041692834816
1.0,725.0,2.0,183.0,3.0,365.0,0.0,0.0,-318.1617161577231
1.0,1000.0,2.0,88.0,1.0,281.0,0.0,0.0,-186.3315586144481
1.0,743.0,0.0,0.0,1.0,245.0,0.0,0.0,-85.09768570944121
1.0,799.0,2.0,74.0,3.0,309.0,0.0,0.0,-187.08483672301583
1.0,1079.0,2.0,417.0,2.0,258.0,0.0,0.0,-485.97790940298154
1.0,1094.0,2.0,403.0,1.0,240.0,0.0,0.0,-463.73795563224945
1.0,1125.0,3.0,60.0,1.0,115.0,0.0,0.0,-76.84632902186422
1.0,889.0,0.0,0.0,1.0,69.0,0.0,0.0,2.8606353633554917
1.0,970.0,0.0,0.0,1.0,549.0,0.0,0.0,-237.14664725953125
1.0,1007.0,2.0,133.0,4.0,362.0,0.0,0.0,-269.3858216245827
1.0,1058.0,0.0,0.0,3.0,379.0,0.0,0.0,-152.10642812863847
1.0,1117.0,0.0,0.0,2.0,449.0,0.0,0.0,-187.10340497437568
1.0,1261.0,2.0,207.0,3.0,311.0,0.0,0.0,-313.86962483044465
1.0,679.0,2.0,114.0,0.0,0.0,0.0,0.0,-70.416221205847
1.0,784.0,0.0,0.0,0.0,0.0,0.0,0.0,37.39393392705161
1.0,936.0,1.0,52.0,0.0,0.0,0.0,0.0,-11.787549436195633
1.0,999.0,1.0,63.0,0.0,0.0,0.0,0.0,-22.187706521588368
1.0,1019.0,1.0,14.0,0.0,0.0,0.0,0.0,24.151948547459515
1.0,1061.0,2.0,77.0,0.0,0.0,0.0,0.0,-35.43556036421809
1.0,1086.0,0.0,0.0,2.0,349.0,0.0,0.0,-137.1051201173081
1.0,1103.0,1.0,62.0,1.0,423.0,0.0,0.0,-232.76160298484854
1.0,1111.0,0.0,0.0,1.0,184.0,0.0,0.0,-54.60742574510763
1.0,712.0,0.0,0.0,0.0,0.0,0.0,0.0,37.38908008583198
1.0,1131.0,0.0,0.0,1.0,406.0,0.0,0.0,-165.63071211214103
1.0,746.0,1.0,61.0,1.0,154.0,0.0,0.0,-97.2877876086036
1.0,770.0,2.0,90.0,0.0,0.0,0.0,0.0,-47.71303484311183
1.0,932.0,1.0,46.0,1.0,164.0,0.0,0.0,-88.10837771169065
1.0,974.0,1.0,63.0,2.0,218.0,0.0,0.0,-131.18230047752635
1.0,998.0,1.0,63.0,0.0,0.0,0.0,0.0,-22.184275675834144
1.0,1002.0,2.0,140.0,0.0,0.0,0.0,0.0,-94.99939698662048
1.0,1011.0,2.0,123.0,1.0,67.0,0.0,0.0,-112.42564695578014
1.0,1012.0,0.0,0.0,0.0,0.0,0.0,0.0,37.40063377020455
1.0,1122.0,0.0,0.0,1.0,123.0,0.0,0.0,-24.1034172164645
1.0,645.0,1.0,37.0,0.0,0.0,0.0,0.0,2.4066490671841407
1.0,653.0,0.0,0.0,0.0,0.0,0.0,0.0,37.39981205149163
1.0,651.0,1.0,21.0,1.0,124.0,0.0,0.0,-44.46208065210955
1.0,678.0,1.0,37.0,0.0,0.0,0.0,0.0,2.4122612762703994
1.0,781.0,0.0,0.0,1.0,282.0,0.0,0.0,-103.60741932943375
1.0,906.0,0.0,0.0,0.0,0.0,0.0,0.0,37.390795958137076
1.0,936.0,3.0,170.0,1.0,142.0,0.0,0.0,-194.37465348807112
1.0,950.0,1.0,103.0,1.0,315.0,0.0,0.0,-217.5061192276464
1.0,989.0,0.0,0.0,2.0,173.0,0.0,0.0,-49.10878881509585
1.0,1021.0,1.0,46.0,1.0,154.0,0.0,0.0,-83.11513014745935
1.0,670.0,0.0,0.0,2.0,324.0,0.0,0.0,-124.59661283568713
1.0,766.0,1.0,45.0,0.0,0.0,0.0,0.0,-5.153054743596556
1.0,804.0,0.0,0.0,1.0,127.0,0.0,0.0,-26.104125657382447
1.0,814.0,1.0,45.0,0.0,0.0,0.0,0.0,-5.159871650197523
1.0,812.0,0.0,0.0,2.0,243.0,0.0,0.0,-84.10430018415231
1.0,869.0,2.0,66.0,4.0,237.0,0.0,0.0,-143.52059207696612
1.0,904.0,1.0,6.0,0.0,0.0,0.0,0.0,31.725803787967244
1.0,969.0,0.0,0.0,0.0,0.0,0.0,0.0,37.38662428851995
1.0,1029.0,1.0,60.0,0.0,0.0,0.0,0.0,-19.347047777844956
1.0,1049.0,0.0,0.0,0.0,0.0,0.0,0.0,37.37595174459005
1.0,710.0,0.0,0.0,0.0,0.0,0.0,0.0,37.3982506685998
1.0,736.0,0.0,0.0,0.0,0.0,0.0,0.0,37.39134176285715
1.0,763.0,1.0,97.0,1.0,186.0,0.0,0.0,-147.34168455512355
1.0,924.0,0.0,0.0,2.0,456.0,0.0,0.0,-190.61081653339855
1.0,935.0,0.0,0.0,0.0,0.0,0.0,0.0,37.390201848841095
1.0,962.0,0.0,0.0,2.0,598.0,0.0,0.0,-261.6133505693287
1.0,981.0,1.0,97.0,3.0,481.0,0.0,0.0,-294.83249644639636
1.0,637.0,0.0,0.0,0.0,0.0,0.0,0.0,37.40223269953848
1.0,1132.0,0.0,0.0,1.0,142.0,0.0,0.0,-33.60655370695842
1.0,745.0,0.0,0.0,0.0,0.0,0.0,0.0,37.3744242939416
1.0,1173.0,1.0,361.0,0.0,0.0,0.0,0.0,-304.00729924200846
1.0,750.0,1.0,34.0,0.0,0.0,0.0,0.0,5.24817502955753
1.0,1177.0,1.0,361.0,0.0,0.0,0.0,0.0,-304.0058634276429
1.0,755.0,0.0,0.0,1.0,9.0,0.0,0.0,32.89744743996268
1.0,761.0,1.0,59.0,0.0,0.0,0.0,0.0,-18.403840295919004
1.0,784.0,2.0,89.0,0.0,0.0,0.0,0.0,-46.76992935687256
1.0,952.0,1.0,48.0,2.0,265.0,0.0,0.0,-140.49838469036254
1.0,959.0,1.0,73.0,0.0,0.0,0.0,0.0,-31.645720082411856
1.0,960.0,3.0,187.0,0.0,0.0,0.0,0.0,-139.44514331081945
1.0,1089.0,1.0,48.0,1.0,312.0,0.0,0.0,-163.9964230558046
1.0,818.0,2.0,131.0,0.0,0.0,0.0,0.0,-86.49165869353793
1.0,830.0,2.0,162.0,0.0,0.0,0.0,0.0,-115.80180916834063
1.0,873.0,0.0,0.0,1.0,275.0,0.0,0.0,-100.10718403425295
1.0,872.0,1.0,99.0,0.0,0.0,0.0,0.0,-56.22895445091435
1.0,914.0,0.0,0.0,0.0,0.0,0.0,0.0,37.39690697387107
1.0,945.0,0.0,0.0,0.0,0.0,0.0,0.0,37.394810080511895
1.0,957.0,1.0,68.0,0.0,0.0,0.0,0.0,-26.912884397836905
1.0,960.0,0.0,0.0,2.0,123.0,0.0,0.0,-24.10900616088238
1.0,629.0,0.0,0.0,0.0,0.0,0.0,0.0,37.40585137617025
1.0,684.0,0.0,0.0,1.0,53.0,0.0,0.0,10.905543827606227
1.0,1043.0,0.0,0.0,2.0,429.0,0.0,0.0,-177.10516981924854
1.0,1052.0,0.0,0.0,1.0,156.0,0.0,0.0,-40.62732611729137
1.0,735.0,0.0,0.0,0.0,0.0,0.0,0.0,37.39768739771932
1.0,812.0,0.0,0.0,0.0,0.0,0.0,0.0,37.40116100546823
1.0,813.0,2.0,76.0,1.0,35.0,0.0,0.0,-51.97495249041129
1.0,836.0,0.0,0.0,0.0,0.0,0.0,0.0,37.38195511044288
1.0,860.0,2.0,97.0,1.0,54.0,0.0,0.0,-81.33593314173876
1.0,987.0,0.0,0.0,3.0,393.0,0.0,0.0,-159.10603925963775
1.0,1061.0,1.0,16.0,2.0,222.0,0.0,0.0,-88.74500755234229
1.0,1067.0,1.0,37.0,1.0,61.0,0.0,0.0,-28.092895427672772
1.0,799.0,1.0,64.0,0.0,0.0,0.0,0.0,-23.140340009561697
1.0,889.0,1.0,64.0,1.0,109.0,0.0,0.0,-77.63522889612238
1.0,893.0,0.0,0.0,4.0,465.0,0.0,0.0,-195.09978553632843
1.0,910.0,0.0,0.0,1.0,26.0,0.0,0.0,24.390940401032395
1.0,984.0,1.0,47.0,1.0,290.0,0.0,0.0,-152.05262547722594
1.0,1017.0,1.0,45.0,0.0,0.0,0.0,0.0,-5.172680761667451
1.0,670.0,0.0,0.0,0.0,0.0,0.0,0.0,37.39772723977467
1.0,1024.0,0.0,0.0,3.0,637.0,0.0,0.0,-281.1046962402017
1.0,1029.0,0.0,0.0,2.0,222.0,0.0,0.0,-73.6007374936751
1.0,688.0,0.0,0.0,0.0,0.0,0.0,0.0,37.39249934383652
1.0,1058.0,1.0,47.0,3.0,373.0,0.0,0.0,-193.5483461188149
1.0,1070.0,1.0,45.0,1.0,8.0,0.0,0.0,-9.180374288577823
1.0,716.0,0.0,0.0,0.0,0.0,0.0,0.0,37.40405790883511
1.0,728.0,1.0,45.0,0.0,0.0,0.0,0.0,-5.156285964289275
1.0,821.0,0.0,0.0,0.0,0.0,0.0,0.0,37.38836694234061
1.0,849.0,1.0,54.0,0.0,0.0,0.0,0.0,-13.664309007214662
1.0,860.0,1.0,195.0,0.0,0.0,0.0,0.0,-147.00958948537755
1.0,886.0,0.0,0.0,0.0,0.0,0.0,0.0,37.39000278619852
1.0,917.0,2.0,249.0,0.0,0.0,0.0,0.0,-198.0838974113961
1.0,1157.0,1.0,45.0,0.0,0.0,0.0,0.0,-5.165022304246499
1.0,667.0,1.0,35.0,2.0,151.0,0.0,0.0,-71.2013351058141
1.0,702.0,0.0,0.0,1.0,4.0,0.0,0.0,35.39612425213577
1.0,800.0,1.0,164.0,0.0,0.0,0.0,0.0,-117.69908279520644
1.0,831.0,1.0,164.0,1.0,96.0,0.0,0.0,-165.69827236576916
1.0,838.0,1.0,51.0,0.0,0.0,0.0,0.0,-10.835486427678475
1.0,856.0,0.0,0.0,2.0,39.0,0.0,0.0,17.897834512097887
1.0,864.0,0.0,0.0,0.0,0.0,0.0,0.0,37.36982381954857
1.0,918.0,1.0,51.0,0.0,0.0,0.0,0.0,-10.838900634227848
1.0,1014.0,1.0,35.0,2.0,136.0,0.0,0.0,-63.703617014574704
1.0,592.0,1.0,57.0,1.0,314.0,0.0,0.0,-173.50421213525206
1.0,629.0,2.0,86.0,0.0,0.0,0.0,0.0,-43.9259818818005
1.0,1081.0,0.0,0.0,0.0,0.0,0.0,0.0,37.369764808975376
1.0,706.0,0.0,0.0,4.0,285.0,0.0,0.0,-105.10187925064514
1.0,792.0,2.0,113.0,1.0,178.0,0.0,0.0,-158.4825165948816
1.0,802.0,0.0,0.0,2.0,446.0,0.0,0.0,-185.60511100331735
1.0,885.0,2.0,94.0,0.0,0.0,0.0,0.0,-51.50215099907482
1.0,900.0,1.0,57.0,1.0,360.0,0.0,0.0,-196.5070796944927
1.0,909.0,0.0,0.0,1.0,177.0,0.0,0.0,-51.09941439057441
1.0,974.0,1.0,79.0,2.0,261.0,0.0,0.0,-167.81987088845977
1.0,1007.0,1.0,26.0,0.0,0.0,0.0,0.0,12.803235508849937
1.0,751.0,1.0,209.0,0.0,0.0,0.0,0.0,-160.2705435864459
1.0,780.0,1.0,54.0,0.0,0.0,0.0,0.0,-13.687706198682804
1.0,802.0,4.0,145.0,0.0,0.0,0.0,0.0,-99.74261931430765
1.0,843.0,0.0,0.0,0.0,0.0,0.0,0.0,37.37891828301704
1.0,854.0,1.0,28.0,0.0,0.0,0.0,0.0,10.912910124953836
1.0,865.0,1.0,209.0,0.0,0.0,0.0,0.0,-160.26545468737112
1.0,881.0,1.0,29.0,0.0,0.0,0.0,0.0,9.971081204021257
1.0,974.0,0.0,0.0,3.0,393.0,0.0,0.0,-159.10948771502476
1.0,1060.0,1.0,34.0,0.0,0.0,0.0,0.0,5.2253535851872
1.0,1076.0,0.0,0.0,2.0,632.0,0.0,0.0,-278.6042445519077
1.0,760.0,0.0,0.0,1.0,117.0,0.0,0.0,-21.10062063021305
1.0,765.0,0.0,0.0,1.0,263.0,0.0,0.0,-94.10627272642125
1.0,797.0,1.0,32.0,1.0,262.0,0.0,0.0,-123.85951624355587
1.0,883.0,2.0,395.0,3.0,234.0,0.0,0.0,-453.16116460635703
1.0,898.0,0.0,0.0,1.0,364.0,0.0,0.0,-144.60377045424434
1.0,924.0,4.0,804.0,2.0,75.0,0.0,0.0,-760.4400788633891
1.0,956.0,5.0,475.0,2.0,141.0,0.0,0.0,-482.31666707862775
1.0,975.0,3.0,160.0,2.0,95.0,0.0,0.0,-161.41135830753694
1.0,1010.0,3.0,351.0,2.0,100.0,0.0,0.0,-344.54591414458645
1.0,1289.0,2.0,107.0,2.0,152.0,0.0,0.0,-139.79396234501513
1.0,634.0,0.0,0.0,0.0,0.0,0.0,0.0,37.40479073976375
1.0,659.0,0.0,0.0,0.0,0.0,0.0,0.0,37.4051920970071
1.0,696.0,1.0,57.0,0.0,0.0,0.0,0.0,-16.511393046560826
1.0,723.0,1.0,180.0,0.0,0.0,0.0,0.0,-132.82569862785823
1.0,831.0,2.0,109.0,0.0,0.0,0.0,0.0,-65.68548646094365
1.0,831.0,1.0,55.0,0.0,0.0,0.0,0.0,-14.61284926194638
1.0,920.0,2.0,232.0,0.0,0.0,0.0,0.0,-182.0079203861141
1.0,957.0,1.0,55.0,0.0,0.0,0.0,0.0,-14.614114113130235
1.0,997.0,0.0,0.0,0.0,0.0,0.0,0.0,37.390020925411406
1.0,1129.0,0.0,0.0,0.0,0.0,0.0,0.0,37.38863982644234
1.0,680.0,0.0,0.0,1.0,58.0,0.0,0.0,8.39084471656518
1.0,712.0,0.0,0.0,0.0,0.0,0.0,0.0,37.39674131534692
1.0,720.0,1.0,72.0,1.0,41.0,0.0,0.0,-51.19664317164866
1.0,741.0,2.0,127.0,1.0,31.0,0.0,0.0,-98.20079163456757
1.0,813.0,0.0,0.0,1.0,15.0,0.0,0.0,29.90082418904078
1.0,844.0,0.0,0.0,1.0,81.0,0.0,0.0,-3.0997797001443104
1.0,946.0,0.0,0.0,1.0,103.0,0.0,0.0,-14.098342081888745
1.0,988.0,0.0,0.0,0.0,0.0,0.0,0.0,37.39835560344926
1.0,1066.0,2.0,117.0,1.0,15.0,0.0,0.0,-80.75473597922196
1.0,1101.0,1.0,62.0,1.0,34.0,0.0,0.0,-38.24395510393244
1.0,642.0,4.0,286.0,0.0,0.0,0.0,0.0,-233.0620101542435
1.0,669.0,3.0,335.0,1.0,5.0,0.0,0.0,-281.9027097574929
1.0,671.0,1.0,54.0,0.0,0.0,0.0,0.0,-13.661514316243284
1.0,706.0,4.0,497.0,0.0,0.0,0.0,0.0,-432.6090734885932
1.0,769.0,1.0,34.0,1.0,376.0,0.0,0.0,-182.7519698967384
1.0,823.0,2.0,37.0,0.0,0.0,0.0,0.0,2.4122482140278194
1.0,839.0,3.0,298.0,0.0,0.0,0.0,0.0,-244.41785652173553
1.0,859.0,2.0,123.0,1.0,97.0,0.0,0.0,-127.42701194139173
1.0,860.0,0.0,0.0,3.0,483.0,0.0,0.0,-204.10582498939215
1.0,970.0,2.0,64.0,0.0,0.0,0.0,0.0,-23.125109273568476
1.0,641.0,1.0,61.0,0.0,0.0,0.0,0.0,-20.29155783815083
1.0,650.0,1.0,98.0,2.0,79.0,0.0,0.0,-94.78096059568182
1.0,666.0,1.0,60.0,0.0,0.0,0.0,0.0,-19.339879275832693
1.0,666.0,0.0,0.0,0.0,0.0,0.0,0.0,37.4021666632171
1.0,668.0,0.0,0.0,0.0,0.0,0.0,0.0,37.396179190427
1.0,726.0,2.0,93.0,0.0,0.0,0.0,0.0,-50.54570578441069
1.0,730.0,0.0,0.0,2.0,148.0,0.0,0.0,-36.59959589062443
1.0,756.0,1.0,60.0,0.0,0.0,0.0,0.0,-19.34540734191995
1.0,793.0,1.0,32.0,0.0,0.0,0.0,0.0,7.12530863251968
1.0,818.0,1.0,98.0,0.0,0.0,0.0,0.0,-55.277816412051344
1.0,600.0,5.0,240.0,0.0,0.0,0.0,0.0,-189.5604593691285
1.0,676.0,0.0,0.0,0.0,0.0,0.0,0.0,37.40720374107584
1.0,718.0,2.0,76.0,0.0,0.0,0.0,0.0,-34.47407056088388
1.0,796.0,0.0,0.0,0.0,0.0,0.0,0.0,37.38994101515926
1.0,891.0,2.0,89.0,0.0,0.0,0.0,0.0,-46.767918054029806
1.0,891.0,3.0,240.0,0.0,0.0,0.0,0.0,-189.5672415008616
1.0,903.0,2.0,114.0,0.0,0.0,0.0,0.0,-70.42082014401193
1.0,920.0,2.0,113.0,0.0,0.0,0.0,0.0,-69.47071351377936
1.0,1006.0,0.0,0.0,1.0,126.0,0.0,0.0,-25.607606240226758
1.0,1045.0,2.0,216.0,0.0,0.0,0.0,0.0,-166.8743484917428
1.0,689.0,2.0,96.0,0.0,0.0,0.0,0.0,-53.38740892189426
1.0,707.0,0.0,0.0,1.0,272.0,0.0,0.0,-98.60300166719858
1.0,786.0,1.0,56.0,0.0,0.0,0.0,0.0,-15.572091282344871
1.0,841.0,2.0,144.0,0.0,0.0,0.0,0.0,-98.78498624450046
1.0,860.0,0.0,0.0,3.0,430.0,0.0,0.0,-177.61441919395577
1.0,927.0,0.0,0.0,2.0,404.0,0.0,0.0,-164.60652675794427
1.0,948.0,1.0,90.0,2.0,502.0,0.0,0.0,-298.72099269138124
1.0,1000.0,0.0,0.0,4.0,377.0,0.0,0.0,-151.12317999007007
1.0,1038.0,3.0,158.0,0.0,0.0,0.0,0.0,-112.03535410827035
1.0,1087.0,1.0,64.0,0.0,0.0,0.0,0.0,-23.133494722501197
1.0,765.0,0.0,0.0,0.0,0.0,0.0,0.0,37.38748878003496
1.0,783.0,0.0,0.0,1.0,132.0,0.0,0.0,-28.596182952070833
1.0,824.0,0.0,0.0,0.0,0.0,0.0,0.0,37.39332952806705
1.0,875.0,0.0,0.0,0.0,0.0,0.0,0.0,37.386697638327135
1.0,893.0,0.0,0.0,0.0,0.0,0.0,0.0,37.38595083817752
1.0,928.0,0.0,0.0,3.0,316.0,0.0,0.0,-120.5994998080514
1.0,1030.0,1.0,368.0,3.0,569.0,0.0,0.0,-595.1206121719449
1.0,1057.0,0.0,0.0,1.0,245.0,0.0,0.0,-85.10909988639736
1.0,614.0,0.0,0.0,0.0,0.0,0.0,0.0,37.396700849508534
1.0,657.0,2.0,102.0,0.0,0.0,0.0,0.0,-59.065750366611546
1.0,1113.0,0.0,0.0,2.0,291.0,0.0,0.0,-108.12119789635125
1.0,747.0,1.0,55.0,1.0,84.0,0.0,0.0,-56.62210105028072
1.0,1223.0,1.0,368.0,3.0,679.0,0.0,0.0,-650.1282588891473
1.0,842.0,0.0,0.0,0.0,0.0,0.0,0.0,37.39045495258712
1.0,853.0,1.0,38.0,2.0,520.0,0.0,0.0,-258.5503226274995
1.0,858.0,0.0,0.0,0.0,0.0,0.0,0.0,37.39098928219549
1.0,1010.0,3.0,155.0,1.0,86.0,0.0,0.0,-152.2010554230601
1.0,1030.0,3.0,161.0,3.0,422.0,0.0,0.0,-325.864665046213
1.0,1062.0,2.0,79.0,0.0,0.0,0.0,0.0,-37.3183688321924
1.0,1109.0,0.0,0.0,3.0,260.0,0.0,0.0,-92.61387489990338
1.0,634.0,1.0,49.0,1.0,200.0,0.0,0.0,-108.94063616520575
1.0,694.0,1.0,57.0,1.0,105.0,0.0,0.0,-69.00877840453101
1.0,713.0,1.0,162.0,1.0,352.0,0.0,0.0,-291.7991869400056
1.0,733.0,1.0,63.0,1.0,190.0,0.0,0.0,-117.18747962960052
1.0,735.0,2.0,225.0,1.0,187.0,0.0,0.0,-268.8832444877634
1.0,804.0,0.0,0.0,2.0,100.0,0.0,0.0,-12.60655390273466
1.0,874.0,1.0,108.0,1.0,300.0,0.0,0.0,-214.7421209713193
1.0,876.0,1.0,108.0,1.0,482.0,0.0,0.0,-305.7360446121286
1.0,879.0,0.0,0.0,1.0,146.0,0.0,0.0,-35.61446594766869
1.0,944.0,2.0,106.0,1.0,108.0,0.0,0.0,-116.85933670321319
1.0,683.0,0.0,0.0,0.0,0.0,0.0,0.0,37.390301700973716
1.0,890.0,0.0,0.0,0.0,0.0,0.0,0.0,37.39636012386752
1.0,895.0,0.0,0.0,0.0,0.0,0.0,0.0,37.385465909326655
1.0,939.0,2.0,102.0,5.0,414.0,0.0,0.0,-266.06191086145645
1.0,957.0,0.0,0.0,0.0,0.0,0.0,0.0,37.39278140294672
1.0,1000.0,0.0,0.0,2.0,375.0,0.0,0.0,-150.12600762797297
1.0,997.0,0.0,0.0,2.0,427.0,0.0,0.0,-176.10970883809443
1.0,1022.0,2.0,157.0,5.0,482.0,0.0,0.0,-352.08822458528476
1.0,1048.0,0.0,0.0,2.0,401.0,0.0,0.0,-163.1122053199769
1.0,1124.0,2.0,145.0,4.0,435.0,0.0,0.0,-317.2386029391109
1.0,626.0,1.0,58.0,0.0,0.0,0.0,0.0,-17.44704748395536
1.0,673.0,2.0,126.0,0.0,0.0,0.0,0.0,-81.75754735454848
1.0,710.0,3.0,193.0,0.0,0.0,0.0,0.0,-145.12885212714247
1.0,716.0,1.0,29.0,0.0,0.0,0.0,0.0,9.970904401031685
1.0,790.0,1.0,65.0,0.0,0.0,0.0,0.0,-24.07124383132973
1.0,810.0,1.0,32.0,0.0,0.0,0.0,0.0,7.134933924354343
1.0,811.0,0.0,0.0,1.0,123.0,0.0,0.0,-24.106740192278608
1.0,840.0,2.0,91.0,0.0,0.0,0.0,0.0,-48.657823714327435
1.0,870.0,2.0,78.0,0.0,0.0,0.0,0.0,-36.36717490116388
1.0,892.0,3.0,186.0,0.0,0.0,0.0,0.0,-138.49862231102026
1.0,687.0,0.0,0.0,1.0,196.0,0.0,0.0,-60.594935979524216
1.0,725.0,2.0,117.0,0.0,0.0,0.0,0.0,-73.24229184219203
1.0,784.0,1.0,36.0,1.0,161.0,0.0,0.0,-77.14448247561333
1.0,804.0,0.0,0.0,1.0,31.0,0.0,0.0,21.898642701076245
1.0,819.0,0.0,0.0,0.0,0.0,0.0,0.0,37.393548113134194
1.0,879.0,2.0,162.0,1.0,138.0,0.0,0.0,-184.8037113773772
1.0,958.0,0.0,0.0,1.0,158.0,0.0,0.0,-41.61705802460379
1.0,602.0,1.0,65.0,0.0,0.0,0.0,0.0,-24.062193344557933
1.0,1000.0,3.0,180.0,1.0,348.0,0.0,0.0,-306.8285187905841
1.0,1049.0,1.0,44.0,1.0,413.0,0.0,0.0,-210.7178178557965
1.0,709.0,2.0,91.0,0.0,0.0,0.0,0.0,-48.65505732057583
1.0,712.0,2.0,120.0,0.0,0.0,0.0,0.0,-76.08194753230316
1.0,718.0,1.0,65.0,0.0,0.0,0.0,0.0,-24.068786122126113
1.0,1102.0,1.0,55.0,0.0,0.0,0.0,0.0,-14.63495058674161
1.0,805.0,1.0,113.0,0.0,0.0,0.0,0.0,-69.46257530382272
1.0,866.0,1.0,28.0,0.0,0.0,0.0,0.0,10.914181173474176
1.0,929.0,0.0,0.0,0.0,0.0,0.0,0.0,37.387230839206076
1.0,990.0,2.0,109.0,1.0,73.0,0.0,0.0,-102.18647898727068
1.0,1011.0,0.0,0.0,0.0,0.0,0.0,0.0,37.39441548914975
1.0,1219.0,2.0,165.0,0.0,0.0,0.0,0.0,-118.64572263943728
1.0,625.0,0.0,0.0,0.0,0.0,0.0,0.0,37.40122474273524
1.0,765.0,0.0,0.0,2.0,310.0,0.0,0.0,-117.59640739788098
1.0,797.0,0.0,0.0,2.0,276.0,0.0,0.0,-100.62684449450977
1.0,822.0,1.0,200.0,1.0,311.0,0.0,0.0,-307.24944102353055
1.0,901.0,1.0,76.0,1.0,243.0,0.0,0.0,-155.9867382353984
1.0,985.0,0.0,0.0,2.0,387.0,0.0,0.0,-156.1236529240366
1.0,987.0,0.0,0.0,1.0,109.0,0.0,0.0,-17.10154764539446
1.0,1000.0,2.0,358.0,0.0,0.0,0.0,0.0,-301.16881116647744
1.0,1027.0,3.0,306.0,1.0,226.0,0.0,0.0,-364.99550742521745
1.0,1084.0,1.0,72.0,0.0,0.0,0.0,0.0,-30.72650706985152
1.0,721.0,0.0,0.0,0.0,0.0,0.0,0.0,37.39955697757536
1.0,881.0,0.0,0.0,0.0,0.0,0.0,0.0,37.40163131382377
1.0,885.0,0.0,0.0,0.0,0.0,0.0,0.0,37.39807236600367
1.0,889.0,1.0,79.0,3.0,453.0,0.0,0.0,-263.8103894996588
1.0,979.0,1.0,79.0,0.0,0.0,0.0,0.0,-37.32133817552003
1.0,1008.0,0.0,0.0,3.0,439.0,0.0,0.0,-182.1111391683517
1.0,1014.0,0.0,0.0,0.0,0.0,0.0,0.0,37.37407767396299
1.0,1049.0,0.0,0.0,2.0,520.0,0.0,0.0,-222.63544013462015
1.0,1053.0,0.0,0.0,0.0,0.0,0.0,0.0,37.389406636349
1.0,1090.0,0.0,0.0,1.0,130.0,0.0,0.0,-27.616471335918504
1.0,693.0,1.0,137.0,2.0,91.0,0.0,0.0,-137.66220913829855
1.0,724.0,1.0,137.0,2.0,138.0,0.0,0.0,-161.16238709129385
1.0,752.0,1.0,26.0,0.0,0.0,0.0,0.0,12.809500714675597
1.0,763.0,1.0,293.0,0.0,0.0,0.0,0.0,-239.68831333278777
1.0,790.0,0.0,0.0,1.0,255.0,0.0,0.0,-90.10425205175598
1.0,833.0,0.0,0.0,2.0,125.0,0.0,0.0,-25.099753148054255
1.0,904.0,0.0,0.0,1.0,268.0,0.0,0.0,-96.6195741284569
1.0,945.0,1.0,26.0,0.0,0.0,0.0,0.0,12.8097558352063
1.0,1003.0,0.0,0.0,1.0,274.0,0.0,0.0,-99.60709250991057
1.0,1025.0,1.0,293.0,0.0,0.0,0.0,0.0,-239.7025898158319
1.0,724.0,0.0,0.0,0.0,0.0,0.0,0.0,37.40517021196229
1.0,765.0,0.0,0.0,1.0,279.0,0.0,0.0,-102.09636265542622
1.0,792.0,0.0,0.0,1.0,130.0,0.0,0.0,-27.599550317666434
1.0,891.0,1.0,50.0,1.0,91.0,0.0,0.0,-55.387829052350504
1.0,924.0,0.0,0.0,1.0,100.0,0.0,0.0,-12.609584459105818
1.0,950.0,1.0,59.0,1.0,79.0,0.0,0.0,-57.89485740865259
1.0,1053.0,1.0,50.0,1.0,42.0,0.0,0.0,-30.891407103299798
1.0,1066.0,0.0,0.0,0.0,0.0,0.0,0.0,37.39249164293364
1.0,1076.0,1.0,40.0,1.0,114.0,0.0,0.0,-57.441995484407926
1.0,1141.0,2.0,99.0,1.0,30.0,0.0,0.0,-71.23891727479086
1.0,671.0,0.0,0.0,0.0,0.0,0.0,0.0,37.40112515873607
1.0,705.0,0.0,0.0,0.0,0.0,0.0,0.0,37.40018996180259
1.0,779.0,2.0,389.0,0.0,0.0,0.0,0.0,-330.48753549596876
1.0,778.0,3.0,127.0,0.0,0.0,0.0,0.0,-82.71100355705788
1.0,802.0,0.0,0.0,0.0,0.0,0.0,0.0,37.39418060574795
1.0,824.0,1.0,56.0,0.0,0.0,0.0,0.0,-15.557079291331291
1.0,827.0,0.0,0.0,0.0,0.0,0.0,0.0,37.39720907067932
1.0,854.0,3.0,423.0,0.0,0.0,0.0,0.0,-362.635330420382
1.0,923.0,1.0,47.0,0.0,0.0,0.0,0.0,-7.054979232646566
1.0,926.0,0.0,0.0,1.0,367.0,0.0,0.0,-146.11232169140916
1.0,723.0,0.0,0.0,1.0,97.0,0.0,0.0,-11.09834614224139
1.0,791.0,0.0,0.0,0.0,0.0,0.0,0.0,37.39490717274432
1.0,829.0,2.0,123.0,1.0,324.0,0.0,0.0,-240.92210695301446
1.0,834.0,1.0,65.0,1.0,26.0,0.0,0.0,-37.073437697262214
1.0,857.0,0.0,0.0,0.0,0.0,0.0,0.0,37.396920192939184
1.0,883.0,0.0,0.0,1.0,199.0,0.0,0.0,-62.107072263593516
1.0,913.0,1.0,22.0,3.0,576.0,0.0,0.0,-271.40915351359837
1.0,621.0,1.0,35.0,0.0,0.0,0.0,0.0,4.296910826579136
1.0,954.0,1.0,58.0,1.0,177.0,0.0,0.0,-105.95263346877891
1.0,662.0,1.0,41.0,0.0,0.0,0.0,0.0,-1.3679522100520174
1.0,1066.0,0.0,0.0,0.0,0.0,0.0,0.0,37.384956720446276
1.0,864.0,0.0,0.0,1.0,287.0,0.0,0.0,-106.10492305726567
1.0,877.0,1.0,51.0,5.0,472.0,0.0,0.0,-246.83949098634753
1.0,1245.0,1.0,22.0,1.0,19.0,0.0,0.0,7.083413321954119
1.0,960.0,2.0,76.0,0.0,0.0,0.0,0.0,-34.49690082270256
1.0,962.0,0.0,0.0,3.0,464.0,0.0,0.0,-194.6133762485775
1.0,984.0,1.0,51.0,3.0,351.0,0.0,0.0,-186.34086326848853
1.0,1009.0,0.0,0.0,4.0,464.0,0.0,0.0,-194.60999008023325
1.0,1006.0,0.0,0.0,4.0,445.0,0.0,0.0,-185.12224132333705
1.0,1093.0,0.0,0.0,2.0,269.0,0.0,0.0,-97.13269249212598
1.0,644.0,0.0,0.0,0.0,0.0,0.0,0.0,37.39421052187871
1.0,662.0,1.0,47.0,1.0,42.0,0.0,0.0,-28.046816274018582
1.0,692.0,0.0,0.0,0.0,0.0,0.0,0.0,37.40036237124751
1.0,755.0,0.0,0.0,0.0,0.0,0.0,0.0,37.40370099657923
1.0,772.0,0.0,0.0,0.0,0.0,0.0,0.0,37.377464814811724
1.0,662.0,2.0,130.0,0.0,0.0,0.0,0.0,-85.5392075253315
1.0,683.0,0.0,0.0,0.0,0.0,0.0,0.0,37.39752830804782
1.0,894.0,1.0,47.0,0.0,0.0,0.0,0.0,-7.0607624084012315
1.0,755.0,2.0,129.0,0.0,0.0,0.0,0.0,-84.5907494258563
1.0,925.0,0.0,0.0,1.0,475.0,0.0,0.0,-200.0995311885628
1.0,929.0,0.0,0.0,0.0,0.0,0.0,0.0,37.388169147103454
1.0,777.0,2.0,107.0,0.0,0.0,0.0,0.0,-63.790345489402156
1.0,780.0,1.0,62.0,0.0,0.0,0.0,0.0,-21.247131579705915
1.0,839.0,0.0,0.0,2.0,234.0,0.0,0.0,-79.61587617015743
1.0,871.0,1.0,45.0,1.0,110.0,0.0,0.0,-60.17219337179722
1.0,1148.0,0.0,0.0,0.0,0.0,0.0,0.0,37.38165002455991
1.0,1162.0,0.0,0.0,1.0,149.0,0.0,0.0,-37.11462560467479
1.0,1029.0,1.0,45.0,1.0,111.0,0.0,0.0,-60.659146461508605
1.0,1083.0,1.0,68.0,2.0,78.0,0.0,0.0,-65.93197435670015
1.0,1224.0,2.0,146.0,0.0,0.0,0.0,0.0,-100.68349652284809
1.0,642.0,0.0,0.0,1.0,83.0,0.0,0.0,-4.100657064804672
1.0,777.0,2.0,61.0,1.0,239.0,0.0,0.0,-139.79000817516444
1.0,859.0,0.0,0.0,1.0,177.0,0.0,0.0,-51.10376965485631
1.0,670.0,0.0,0.0,0.0,0.0,0.0,0.0,37.40278919243927
1.0,676.0,2.0,105.0,0.0,0.0,0.0,0.0,-61.898563400508735
1.0,898.0,0.0,0.0,0.0,0.0,0.0,0.0,37.38388702839983
1.0,681.0,4.0,434.0,0.0,0.0,0.0,0.0,-373.0363347942766
1.0,904.0,3.0,341.0,1.0,302.0,0.0,0.0,-436.09792345185656
1.0,725.0,1.0,231.0,0.0,0.0,0.0,0.0,-181.06162551333722
1.0,951.0,0.0,0.0,0.0,0.0,0.0,0.0,37.38571053842817
1.0,772.0,2.0,88.0,0.0,0.0,0.0,0.0,-45.82246826917846
1.0,772.0,1.0,43.0,0.0,0.0,0.0,0.0,-3.2738872182486745
1.0,774.0,2.0,74.0,1.0,121.0,0.0,0.0,-93.08279880335564
1.0,1023.0,1.0,63.0,1.0,283.0,0.0,0.0,-163.6901453213033
1.0,1029.0,2.0,241.0,1.0,222.0,0.0,0.0,-301.51584616521967
1.0,1065.0,0.0,0.0,3.0,414.0,0.0,0.0,-169.62342115410695
1.0,1132.0,0.0,0.0,1.0,399.0,0.0,0.0,-162.13225082185767
1.0,929.0,0.0,0.0,0.0,0.0,0.0,0.0,37.39415510624994
1.0,1105.0,2.0,105.0,0.0,0.0,0.0,0.0,-61.901636752537996
1.0,1189.0,2.0,102.0,0.0,0.0,0.0,0.0,-59.0652543421969
1.0,602.0,0.0,0.0,0.0,0.0,0.0,0.0,37.407550909143914
1.0,647.0,1.0,49.0,1.0,134.0,0.0,0.0,-75.94232378075833
1.0,654.0,1.0,49.0,1.0,103.0,0.0,0.0,-60.44598741303284
1.0,725.0,1.0,48.0,0.0,0.0,0.0,0.0,-7.997190980959424
1.0,784.0,0.0,0.0,0.0,0.0,0.0,0.0,37.38396775521909
1.0,825.0,2.0,71.0,1.0,232.0,0.0,0.0,-145.74630469197095
1.0,829.0,1.0,56.0,2.0,373.0,0.0,0.0,-202.0620594254408
1.0,863.0,0.0,0.0,2.0,430.0,0.0,0.0,-177.60460375867396
1.0,891.0,1.0,56.0,2.0,393.0,0.0,0.0,-212.07423529655716
1.0,682.0,1.0,81.0,0.0,0.0,0.0,0.0,-39.20733568704362
1.0,996.0,1.0,23.0,2.0,290.0,0.0,0.0,-129.360794272627
1.0,788.0,0.0,0.0,1.0,170.0,0.0,0.0,-47.616561990361156
1.0,797.0,0.0,0.0,0.0,0.0,0.0,0.0,37.37835789004769
1.0,809.0,0.0,0.0,0.0,0.0,0.0,0.0,37.37256266619063
1.0,824.0,0.0,0.0,1.0,47.0,0.0,0.0,13.899441725003392
1.0,857.0,0.0,0.0,1.0,128.0,0.0,0.0,-26.601588585871596
1.0,900.0,0.0,0.0,1.0,6.0,0.0,0.0,34.36556232609433
1.0,940.0,0.0,0.0,2.0,426.0,0.0,0.0,-175.6094169500704
1.0,1013.0,0.0,0.0,3.0,563.0,0.0,0.0,-244.11868896931088
1.0,1032.0,1.0,81.0,5.0,610.0,0.0,0.0,-344.2134804844338
1.0,629.0,0.0,0.0,0.0,0.0,0.0,0.0,37.40578261005241
1.0,689.0,1.0,57.0,1.0,4.0,0.0,0.0,-18.50448564833294
1.0,747.0,0.0,0.0,0.0,0.0,0.0,0.0,37.397556948019044
1.0,758.0,0.0,0.0,3.0,281.0,0.0,0.0,-103.10283894515533
1.0,758.0,0.0,0.0,3.0,171.0,0.0,0.0,-48.10267485161223
1.0,775.0,0.0,0.0,1.0,4.0,0.0,0.0,35.39310453986119
1.0,850.0,0.0,0.0,1.0,146.0,0.0,0.0,-35.61288990064222
1.0,584.0,1.0,45.0,0.0,0.0,0.0,0.0,-5.150955565287404
1.0,654.0,0.0,0.0,0.0,0.0,0.0,0.0,37.40481363088221
1.0,1022.0,0.0,0.0,1.0,92.0,0.0,0.0,-8.616041492198775
1.0,1026.0,0.0,0.0,0.0,0.0,0.0,0.0,37.3931418034876
1.0,738.0,2.0,101.0,0.0,0.0,0.0,0.0,-58.1187233004282
1.0,1080.0,1.0,57.0,1.0,8.0,0.0,0.0,-20.515519778537566
1.0,801.0,2.0,96.0,0.0,0.0,0.0,0.0,-53.38505170862881
1.0,848.0,0.0,0.0,0.0,0.0,0.0,0.0,37.38240650965268
1.0,869.0,1.0,59.0,0.0,0.0,0.0,0.0,-18.398137201209728
1.0,913.0,2.0,100.0,0.0,0.0,0.0,0.0,-57.180473923036196
1.0,960.0,2.0,119.0,0.0,0.0,0.0,0.0,-75.14548472480789
1.0,1003.0,1.0,416.0,0.0,0.0,0.0,0.0,-356.0200888123188
1.0,1155.0,1.0,416.0,0.0,0.0,0.0,0.0,-356.0265551137886
1.0,618.0,0.0,0.0,1.0,4.0,0.0,0.0,35.405230166699596
1.0,676.0,1.0,60.0,0.0,0.0,0.0,0.0,-19.338231573193305
1.0,689.0,0.0,0.0,1.0,61.0,0.0,0.0,6.898994164800879
1.0,774.0,0.0,0.0,0.0,0.0,0.0,0.0,37.39523341888778
1.0,800.0,1.0,60.0,1.0,147.0,0.0,0.0,-92.86399705853563
1.0,910.0,0.0,0.0,0.0,0.0,0.0,0.0,37.39347479477731
1.0,911.0,0.0,0.0,0.0,0.0,0.0,0.0,37.38751163171649
1.0,940.0,0.0,0.0,1.0,343.0,0.0,0.0,-134.10732188537293
1.0,999.0,0.0,0.0,0.0,0.0,0.0,0.0,37.39489010275244
1.0,1003.0,0.0,0.0,0.0,0.0,0.0,0.0,37.39843104820438
1.0,668.0,0.0,0.0,0.0,0.0,0.0,0.0,37.403971481093
1.0,685.0,2.0,42.0,1.0,15.0,0.0,0.0,-9.816810504767446
1.0,723.0,2.0,83.0,0.0,0.0,0.0,0.0,-41.091773438863434
1.0,744.0,0.0,0.0,0.0,0.0,0.0,0.0,37.39945331511797
1.0,751.0,0.0,0.0,1.0,183.0,0.0,0.0,-54.0976671987031
1.0,914.0,1.0,28.0,2.0,228.0,0.0,0.0,-103.09794596186535
1.0,930.0,2.0,65.0,1.0,36.0,0.0,0.0,-42.07796017308544
1.0,943.0,0.0,0.0,0.0,0.0,0.0,0.0,37.39906940763337
1.0,948.0,1.0,32.0,1.0,265.0,0.0,0.0,-125.36983398195625
1.0,1089.0,0.0,0.0,0.0,0.0,0.0,0.0,37.383434651934174
1.0,689.0,2.0,117.0,4.0,221.0,0.0,0.0,-183.74776654479916
1.0,817.0,1.0,21.0,3.0,318.0,0.0,0.0,-141.46331354089733
1.0,881.0,0.0,0.0,1.0,221.0,0.0,0.0,-73.13187214722421
1.0,954.0,0.0,0.0,2.0,153.0,0.0,0.0,-39.107892590565015
1.0,987.0,2.0,136.0,3.0,341.0,0.0,0.0,-261.72001382490123
1.0,1008.0,0.0,0.0,1.0,519.0,0.0,0.0,-222.1270155146616
1.0,1036.0,3.0,150.0,3.0,327.0,0.0,0.0,-267.97596505626774
1.0,1064.0,0.0,0.0,1.0,98.0,0.0,0.0,-11.612265832183084
1.0,617.0,0.0,0.0,1.0,286.0,0.0,0.0,-105.60194429507462
1.0,639.0,0.0,0.0,0.0,0.0,0.0,0.0,37.390108848262216
1.0,1112.0,0.0,0.0,3.0,546.0,0.0,0.0,-235.61682365012285
1.0,1149.0,0.0,0.0,2.0,303.0,0.0,0.0,-114.10975137750327
1.0,714.0,0.0,0.0,2.0,338.0,0.0,0.0,-131.59697825307683
1.0,756.0,0.0,0.0,1.0,181.0,0.0,0.0,-53.106202802763576
1.0,872.0,1.0,65.0,3.0,405.0,0.0,0.0,-226.57786558929982
1.0,960.0,0.0,0.0,0.0,0.0,0.0,0.0,37.382945209623536
1.0,965.0,1.0,65.0,2.0,344.0,0.0,0.0,-196.0755733470081
1.0,995.0,1.0,59.0,0.0,0.0,0.0,0.0,-18.406702080227
1.0,1059.0,0.0,0.0,0.0,0.0,0.0,0.0,37.38949413568983
1.0,1056.0,1.0,59.0,0.0,0.0,0.0,0.0,-18.429440770610192
1.0,631.0,1.0,38.0,1.0,88.0,0.0,0.0,-42.53059506005316
1.0,705.0,0.0,0.0,0.0,0.0,0.0,0.0,37.392482605825236
1.0,765.0,1.0,38.0,1.0,141.0,0.0,0.0,-69.04346766286727
1.0,853.0,1.0,17.0,2.0,343.0,0.0,0.0,-150.1891959876085
1.0,871.0,1.0,17.0,2.0,349.0,0.0,0.0,-153.19715842981427
1.0,892.0,0.0,0.0,0.0,0.0,0.0,0.0,37.38679731050932
1.0,937.0,0.0,0.0,3.0,274.0,0.0,0.0,-99.6020664936346
1.0,645.0,1.0,19.0,0.0,0.0,0.0,0.0,19.436003658820436
1.0,651.0,1.0,113.0,1.0,86.0,0.0,0.0,-112.46121595513472
1.0,1051.0,0.0,0.0,1.0,258.0,0.0,0.0,-91.61227389938631
1.0,676.0,2.0,166.0,0.0,0.0,0.0,0.0,-119.5853233724356
1.0,1067.0,0.0,0.0,1.0,233.0,0.0,0.0,-79.11534399811157
1.0,1081.0,0.0,0.0,2.0,296.0,0.0,0.0,-110.6219427781039
1.0,735.0,1.0,58.0,1.0,90.0,0.0,0.0,-62.45043976332694
1.0,750.0,0.0,0.0,1.0,78.0,0.0,0.0,-1.5993891650378416
1.0,780.0,0.0,0.0,1.0,288.0,0.0,0.0,-106.60856568859336
1.0,802.0,0.0,0.0,1.0,230.0,0.0,0.0,-77.60109436364041
1.0,803.0,1.0,53.0,0.0,0.0,0.0,0.0,-12.720187848566056
1.0,807.0,1.0,58.0,1.0,96.0,0.0,0.0,-65.44932157888701
1.0,1192.0,1.0,19.0,3.0,583.0,0.0,0.0,-272.10109122901963
1.0,656.0,0.0,0.0,0.0,0.0,0.0,0.0,37.39773866841444
1.0,725.0,0.0,0.0,1.0,51.0,0.0,0.0,11.890189545639196
1.0,755.0,2.0,130.0,2.0,352.0,0.0,0.0,-261.54396230692936
1.0,756.0,1.0,69.0,4.0,210.0,0.0,0.0,-132.8538476651161
1.0,765.0,1.0,299.0,0.0,0.0,0.0,0.0,-245.3668168003711
1.0,786.0,0.0,0.0,1.0,277.0,0.0,0.0,-101.09918685617515
1.0,833.0,1.0,61.0,2.0,311.0,0.0,0.0,-175.79824709354318
1.0,849.0,0.0,0.0,1.0,102.0,0.0,0.0,-13.616017028968649
1.0,886.0,1.0,299.0,0.0,0.0,0.0,0.0,-245.37672675342893
1.0,941.0,0.0,0.0,2.0,379.0,0.0,0.0,-152.11131655744072
1.0,605.0,0.0,0.0,0.0,0.0,0.0,0.0,37.402697453348615
1.0,635.0,2.0,70.0,0.0,0.0,0.0,0.0,-28.804539730064775
1.0,759.0,2.0,127.0,1.0,343.0,0.0,0.0,-254.2052154008515
1.0,874.0,1.0,51.0,1.0,55.0,0.0,0.0,-38.34441644388621
1.0,905.0,2.0,86.0,0.0,0.0,0.0,0.0,-43.9362482056278
1.0,907.0,1.0,174.0,2.0,408.0,0.0,0.0,-331.15276082898174
1.0,919.0,3.0,162.0,0.0,0.0,0.0,0.0,-115.81141679941825
1.0,991.0,1.0,174.0,2.0,628.0,0.0,0.0,-441.1589059331619
1.0,1101.0,0.0,0.0,2.0,558.0,0.0,0.0,-241.61604523297405
1.0,1122.0,0.0,0.0,1.0,37.0,0.0,0.0,18.870502306058274
1.0,671.0,0.0,0.0,1.0,217.0,0.0,0.0,-71.1082763234898
1.0,707.0,0.0,0.0,1.0,28.0,0.0,0.0,23.39664208173737
1.0,839.0,1.0,44.0,1.0,406.0,0.0,0.0,-207.21070563837208
1.0,838.0,1.0,59.0,0.0,0.0,0.0,0.0,-18.39830389577086
1.0,939.0,0.0,0.0,0.0,0.0,0.0,0.0,37.39303265729948
1.0,968.0,1.0,26.0,2.0,86.0,0.0,0.0,-30.20872474768818
1.0,997.0,1.0,26.0,2.0,138.0,0.0,0.0,-56.19657597186283
1.0,1034.0,1.0,59.0,0.0,0.0,0.0,0.0,-18.414278840424828
1.0,1098.0,1.0,44.0,1.0,426.0,0.0,0.0,-217.22048233412414
1.0,1105.0,0.0,0.0,2.0,113.0,0.0,0.0,-19.11659879882162
1.0,640.0,0.0,0.0,0.0,0.0,0.0,0.0,37.40148854010954
1.0,652.0,1.0,42.0,0.0,0.0,0.0,0.0,-2.3203919785775398
1.0,696.0,0.0,0.0,0.0,0.0,0.0,0.0,37.388144116992294
1.0,742.0,0.0,0.0,0.0,0.0,0.0,0.0,37.39898440902943
1.0,862.0,1.0,42.0,0.0,0.0,0.0,0.0,-2.3446209111964365
1.0,896.0,0.0,0.0,0.0,0.0,0.0,0.0,37.38922507892375
1.0,951.0,1.0,52.0,0.0,0.0,0.0,0.0,-11.798956573507418
1.0,1044.0,1.0,52.0,0.0,0.0,0.0,0.0,-11.79797924687751
1.0,1063.0,0.0,0.0,2.0,168.0,0.0,0.0,-46.61605091597437
1.0,1073.0,0.0,0.0,1.0,320.0,0.0,0.0,-122.61954404087297
1.0,639.0,3.0,162.0,0.0,0.0,0.0,0.0,-115.79827784539012
1.0,642.0,0.0,0.0,0.0,0.0,0.0,0.0,37.40055923499195
1.0,680.0,0.0,0.0,1.0,247.0,0.0,0.0,-86.09696861510896
1.0,684.0,1.0,61.0,0.0,0.0,0.0,0.0,-20.283742467185633
1.0,726.0,1.0,64.0,1.0,316.0,0.0,0.0,-181.12642272673781
1.0,791.0,1.0,47.0,0.0,0.0,0.0,0.0,-7.05918448402614
1.0,818.0,2.0,61.0,1.0,90.0,0.0,0.0,-65.28752734869462
1.0,875.0,1.0,54.0,0.0,0.0,0.0,0.0,-13.672849904332715
1.0,887.0,2.0,91.0,2.0,117.0,0.0,0.0,-107.17615598260672
1.0,937.0,1.0,34.0,2.0,170.0,0.0,0.0,-79.76788340310898
1.0,583.0,1.0,16.0,0.0,0.0,0.0,0.0,22.271438836465954
1.0,637.0,1.0,69.0,1.0,11.0,0.0,0.0,-33.355803813435514
1.0,693.0,2.0,118.0,1.0,29.0,0.0,0.0,-88.69226784282674
1.0,780.0,0.0,0.0,1.0,2.0,0.0,0.0,36.3994191259255
1.0,800.0,2.0,181.0,1.0,26.0,0.0,0.0,-146.76784919448613
1.0,849.0,3.0,161.0,0.0,0.0,0.0,0.0,-114.85731031283208
1.0,913.0,2.0,40.0,0.0,0.0,0.0,0.0,-0.44514381412923854
1.0,950.0,3.0,217.0,0.0,0.0,0.0,0.0,-167.82822322309715
1.0,720.0,1.0,17.0,1.0,148.0,0.0,0.0,-52.68521403908461
1.0,723.0,0.0,0.0,0.0,0.0,0.0,0.0,37.39058322573059
1.0,735.0,0.0,0.0,1.0,258.0,0.0,0.0,-91.59880610318665
1.0,1058.0,1.0,63.0,2.0,145.0,0.0,0.0,-94.68628484814411
1.0,782.0,0.0,0.0,0.0,0.0,0.0,0.0,37.37523761051946
1.0,1097.0,1.0,37.0,1.0,100.0,0.0,0.0,-47.619901562139425
1.0,865.0,2.0,105.0,1.0,319.0,0.0,0.0,-221.40449845708653
1.0,882.0,0.0,0.0,0.0,0.0,0.0,0.0,37.3871594026211
1.0,1004.0,1.0,163.0,0.0,0.0,0.0,0.0,-116.75696351767402
1.0,1008.0,2.0,236.0,0.0,0.0,0.0,0.0,-185.80022046523572
1.0,1010.0,2.0,161.0,1.0,296.0,0.0,0.0,-262.8680633415482
1.0,1074.0,0.0,0.0,0.0,0.0,0.0,0.0,37.37409005476292
1.0,624.0,3.0,145.0,0.0,0.0,0.0,0.0,-99.74390013379495
1.0,637.0,2.0,98.0,0.0,0.0,0.0,0.0,-55.29167706937845
1.0,755.0,1.0,55.0,0.0,0.0,0.0,0.0,-14.610179718664497
1.0,754.0,2.0,106.0,0.0,0.0,0.0,0.0,-62.84638669231915
1.0,823.0,1.0,63.0,0.0,0.0,0.0,0.0,-22.184568319064482
1.0,858.0,1.0,56.0,1.0,3.0,0.0,0.0,-17.069057563427037
1.0,877.0,1.0,46.0,0.0,0.0,0.0,0.0,-6.1115879714313905
1.0,934.0,1.0,46.0,1.0,2.0,0.0,0.0,-7.106051743231198
1.0,740.0,0.0,0.0,0.0,0.0,0.0,0.0,37.39006402392285
1.0,1028.0,0.0,0.0,0.0,0.0,0.0,0.0,37.37955926372939
1.0,1046.0,2.0,123.0,0.0,0.0,0.0,0.0,-78.94286728860105
1.0,807.0,0.0,0.0,1.0,137.0,0.0,0.0,-31.100356309781603
1.0,863.0,0.0,0.0,1.0,151.0,0.0,0.0,-38.10267928852665
1.0,869.0,0.0,0.0,2.0,174.0,0.0,0.0,-49.59821284929783
1.0,873.0,0.0,0.0,3.0,502.0,0.0,0.0,-213.60554261849592
1.0,993.0,0.0,0.0,1.0,152.0,0.0,0.0,-38.62399286003912
1.0,1009.0,1.0,53.0,3.0,400.0,0.0,0.0,-212.74361101680933
1.0,1024.0,0.0,0.0,0.0,0.0,0.0,0.0,37.38609768191016
1.0,1042.0,0.0,0.0,2.0,218.0,0.0,0.0,-71.63347929398529
1.0,1055.0,1.0,53.0,2.0,347.0,0.0,0.0,-186.24071870061005
1.0,660.0,0.0,0.0,1.0,17.0,0.0,0.0,28.891570177443327
1.0,678.0,0.0,0.0,0.0,0.0,0.0,0.0,37.39008341266033
1.0,694.0,0.0,0.0,1.0,49.0,0.0,0.0,12.890939301242238
1.0,894.0,1.0,60.0,1.0,248.0,0.0,0.0,-143.34702238133661
1.0,901.0,0.0,0.0,0.0,0.0,0.0,0.0,37.399912557701185
1.0,907.0,2.0,121.0,0.0,0.0,0.0,0.0,-77.02786143676943
1.0,630.0,1.0,84.0,0.0,0.0,0.0,0.0,-42.04229430919712
1.0,647.0,0.0,0.0,0.0,0.0,0.0,0.0,37.39894244383075
1.0,705.0,1.0,93.0,0.0,0.0,0.0,0.0,-50.548928608391535
1.0,746.0,1.0,74.0,0.0,0.0,0.0,0.0,-32.59882406990143
1.0,1064.0,0.0,0.0,0.0,0.0,0.0,0.0,37.3878186534293
1.0,827.0,1.0,50.0,2.0,179.0,0.0,0.0,-99.38664128563246
1.0,1123.0,1.0,61.0,0.0,0.0,0.0,0.0,-20.29875571843305
1.0,1132.0,0.0,0.0,1.0,430.0,0.0,0.0,-177.61008288013187
1.0,938.0,2.0,177.0,1.0,83.0,0.0,0.0,-171.494076569595
1.0,952.0,0.0,0.0,2.0,471.0,0.0,0.0,-198.13486054149118
1.0,960.0,1.0,74.0,2.0,413.0,0.0,0.0,-239.1203008508877
1.0,978.0,1.0,50.0,0.0,0.0,0.0,0.0,-9.891443914299451
1.0,1301.0,0.0,0.0,0.0,0.0,0.0,0.0,37.3852968381267
1.0,1082.0,0.0,0.0,0.0,0.0,0.0,0.0,37.37419527438257
1.0,606.0,3.0,159.0,0.0,0.0,0.0,0.0,-112.9723895503182
1.0,629.0,0.0,0.0,1.0,1.0,0.0,0.0,36.90598108560107
1.0,626.0,0.0,0.0,1.0,16.0,0.0,0.0,29.403642459694893
1.0,711.0,1.0,47.0,0.0,0.0,0.0,0.0,-7.050030570157631
1.0,810.0,1.0,37.0,0.0,0.0,0.0,0.0,2.4013294041784903
1.0,750.0,0.0,0.0,0.0,0.0,0.0,0.0,37.387928465114626
1.0,791.0,0.0,0.0,1.0,285.0,0.0,0.0,-105.10772367454098
1.0,859.0,1.0,46.0,1.0,254.0,0.0,0.0,-133.10410451875617
1.0,866.0,1.0,52.0,0.0,0.0,0.0,0.0,-11.780020518260791
1.0,915.0,0.0,0.0,1.0,52.0,0.0,0.0,11.384069524227495
1.0,926.0,1.0,37.0,0.0,0.0,0.0,0.0,2.3914107631560526
1.0,876.0,1.0,56.0,1.0,109.0,0.0,0.0,-70.06036543050288
1.0,899.0,1.0,47.0,0.0,0.0,0.0,0.0,-7.06360260625641
1.0,964.0,0.0,0.0,1.0,120.0,0.0,0.0,-22.612806816256196
1.0,964.0,3.0,264.0,1.0,100.0,0.0,0.0,-262.27271379297366
1.0,995.0,3.0,254.0,5.0,340.0,0.0,0.0,-372.8200683188817
1.0,998.0,1.0,23.0,2.0,154.0,0.0,0.0,-61.365455365035764
1.0,986.0,1.0,56.0,1.0,97.0,0.0,0.0,-64.08639472733154
1.0,1011.0,0.0,0.0,0.0,0.0,0.0,0.0,37.38687880895581
1.0,1024.0,0.0,0.0,1.0,373.0,0.0,0.0,-149.11690092918127
1.0,647.0,0.0,0.0,1.0,59.0,0.0,0.0,7.905306848171481
1.0,668.0,1.0,67.0,0.0,0.0,0.0,0.0,-25.96023568946557
1.0,729.0,1.0,67.0,3.0,272.0,0.0,0.0,-161.96476866479463
1.0,657.0,0.0,0.0,0.0,0.0,0.0,0.0,37.39856329803222
1.0,675.0,0.0,0.0,0.0,0.0,0.0,0.0,37.40204645199873
1.0,712.0,0.0,0.0,1.0,15.0,0.0,0.0,29.90116208095425
1.0,734.0,1.0,50.0,1.0,306.0,0.0,0.0,-162.892402065472
1.0,881.0,0.0,0.0,0.0,0.0,0.0,0.0,37.400120540350116
1.0,904.0,1.0,59.0,3.0,549.0,0.0,0.0,-292.91088909257996
1.0,839.0,1.0,129.0,1.0,187.0,0.0,0.0,-178.09809008373023
1.0,850.0,1.0,50.0,1.0,282.0,0.0,0.0,-150.89855878522286
1.0,938.0,0.0,0.0,0.0,0.0,0.0,0.0,37.40098862582312
1.0,853.0,0.0,0.0,0.0,0.0,0.0,0.0,37.381167498236884
1.0,949.0,0.0,0.0,1.0,35.0,0.0,0.0,19.890390857242238
1.0,874.0,1.0,68.0,1.0,12.0,0.0,0.0,-32.90943613287347
1.0,880.0,0.0,0.0,0.0,0.0,0.0,0.0,37.38194735968987
1.0,966.0,0.0,0.0,1.0,16.0,0.0,0.0,29.379783997407245
1.0,881.0,2.0,197.0,0.0,0.0,0.0,0.0,-148.90437058686229
1.0,973.0,1.0,59.0,4.0,578.0,0.0,0.0,-307.402213341695
1.0,1007.0,0.0,0.0,3.0,443.0,0.0,0.0,-184.1095553329496
1.0,618.0,0.0,0.0,0.0,0.0,0.0,0.0,37.39912328620702
1.0,596.0,1.0,43.0,2.0,231.0,0.0,0.0,-118.7658858737496
1.0,608.0,1.0,43.0,1.0,87.0,0.0,0.0,-46.76018296625111
1.0,688.0,0.0,0.0,0.0,0.0,0.0,0.0,37.39826687841463
1.0,698.0,1.0,57.0,1.0,32.0,0.0,0.0,-32.50892715881147
1.0,738.0,0.0,0.0,0.0,0.0,0.0,0.0,37.39962007771625
1.0,742.0,0.0,0.0,3.0,466.0,0.0,0.0,-195.6123628122526
1.0,796.0,0.0,0.0,2.0,290.0,0.0,0.0,-107.60715701227828
1.0,768.0,0.0,0.0,1.0,153.0,0.0,0.0,-39.10574216354428
1.0,814.0,1.0,347.0,0.0,0.0,0.0,0.0,-290.77050431291224
1.0,806.0,0.0,0.0,0.0,0.0,0.0,0.0,37.39821767082294
1.0,858.0,0.0,0.0,1.0,105.0,0.0,0.0,-15.105185349076919
1.0,886.0,1.0,106.0,2.0,373.0,0.0,0.0,-249.35780583247822
1.0,940.0,2.0,404.0,1.0,36.0,0.0,0.0,-362.6792328719174
1.0,950.0,1.0,106.0,2.0,439.0,0.0,0.0,-282.3435067905197
1.0,954.0,0.0,0.0,2.0,382.0,0.0,0.0,-153.62072315399564
1.0,924.0,0.0,0.0,2.0,437.0,0.0,0.0,-181.1028002022538
1.0,931.0,0.0,0.0,4.0,546.0,0.0,0.0,-235.60795538397852
1.0,945.0,0.0,0.0,2.0,747.0,0.0,0.0,-336.1179231013781
1.0,1092.0,0.0,0.0,1.0,138.0,0.0,0.0,-31.627184076422303
1.0,682.0,0.0,0.0,1.0,39.0,0.0,0.0,17.898552384034737
1.0,697.0,0.0,0.0,0.0,0.0,0.0,0.0,37.40260124137637
1.0,756.0,0.0,0.0,0.0,0.0,0.0,0.0,37.38608568910424
1.0,597.0,1.0,56.0,0.0,0.0,0.0,0.0,-15.556040512763651
1.0,791.0,1.0,70.0,4.0,410.0,0.0,0.0,-233.80214125406468
1.0,640.0,0.0,0.0,0.0,0.0,0.0,0.0,37.39296847672139
1.0,698.0,0.0,0.0,0.0,0.0,0.0,0.0,37.38642409301709
1.0,926.0,2.0,276.0,2.0,452.0,0.0,0.0,-449.64023826736013
1.0,764.0,0.0,0.0,0.0,0.0,0.0,0.0,37.39904083700079
1.0,979.0,0.0,0.0,2.0,351.0,0.0,0.0,-138.10981902409668
1.0,832.0,0.0,0.0,3.0,376.0,0.0,0.0,-150.60921630863282
1.0,1029.0,2.0,114.0,2.0,290.0,0.0,0.0,-215.41869253383913
1.0,863.0,0.0,0.0,1.0,86.0,0.0,0.0,-5.612555014173189
1.0,1070.0,0.0,0.0,1.0,157.0,0.0,0.0,-41.13688389278291
1.0,1109.0,2.0,364.0,2.0,392.0,0.0,0.0,-502.8502027891622
1.0,960.0,0.0,0.0,1.0,90.0,0.0,0.0,-7.600201755587939
1.0,1021.0,0.0,0.0,0.0,0.0,0.0,0.0,37.38231453686559
1.0,1040.0,0.0,0.0,2.0,399.0,0.0,0.0,-162.12172188646275
1.0,1247.0,3.0,458.0,3.0,435.0,0.0,0.0,-613.2505866077948
1.0,1180.0,1.0,56.0,0.0,0.0,0.0,0.0,-15.571380303162023
1.0,677.0,0.0,0.0,0.0,0.0,0.0,0.0,37.38057535865096
1.0,687.0,0.0,0.0,0.0,0.0,0.0,0.0,37.38788149968796
1.0,724.0,0.0,0.0,1.0,96.0,0.0,0.0,-10.60651553325578
1.0,768.0,0.0,0.0,1.0,170.0,0.0,0.0,-47.60308186245094
1.0,676.0,1.0,57.0,0.0,0.0,0.0,0.0,-16.511475915423468
1.0,825.0,0.0,0.0,2.0,110.0,0.0,0.0,-17.604373698380428
1.0,720.0,0.0,0.0,0.0,0.0,0.0,0.0,37.38852526862285
1.0,837.0,1.0,525.0,1.0,89.0,0.0,0.0,-503.5903469470278
1.0,742.0,0.0,0.0,2.0,370.0,0.0,0.0,-147.6058513603181
1.0,811.0,2.0,84.0,2.0,119.0,0.0,0.0,-101.54278936616603
1.0,856.0,1.0,57.0,0.0,0.0,0.0,0.0,-16.510953974150226
1.0,979.0,0.0,0.0,0.0,0.0,0.0,0.0,37.39034413531994
1.0,1009.0,1.0,525.0,1.0,38.0,0.0,0.0,-478.09444960836214
1.0,910.0,2.0,78.0,0.0,0.0,0.0,0.0,-36.38059165446258
1.0,918.0,1.0,51.0,0.0,0.0,0.0,0.0,-10.841787830225229
1.0,918.0,1.0,57.0,2.0,58.0,0.0,0.0,-45.52216335052581
1.0,933.0,0.0,0.0,1.0,263.0,0.0,0.0,-94.1105378931868
1.0,1041.0,0.0,0.0,0.0,0.0,0.0,0.0,37.38361043235654
1.0,1059.0,0.0,0.0,0.0,0.0,0.0,0.0,37.38812409935476
1.0,1085.0,0.0,0.0,2.0,232.0,0.0,0.0,-78.62997170586976
1.0,727.0,0.0,0.0,2.0,28.0,0.0,0.0,23.402355143313724
1.0,596.0,2.0,143.0,0.0,0.0,0.0,0.0,-97.83422926159508
1.0,777.0,0.0,0.0,0.0,0.0,0.0,0.0,37.399978575003644
1.0,792.0,1.0,134.0,2.0,265.0,0.0,0.0,-221.83420625761363
1.0,804.0,0.0,0.0,0.0,0.0,0.0,0.0,37.39786977769356
1.0,812.0,0.0,0.0,2.0,238.0,0.0,0.0,-81.61182203899645
1.0,722.0,2.0,149.0,1.0,87.0,0.0,0.0,-147.01050303817564
1.0,885.0,0.0,0.0,3.0,595.0,0.0,0.0,-260.0996326616171
1.0,894.0,4.0,320.0,2.0,357.0,0.0,0.0,-443.7308024232016
1.0,768.0,1.0,48.0,0.0,0.0,0.0,0.0,-7.995227211583057
1.0,777.0,0.0,0.0,0.0,0.0,0.0,0.0,37.379828336429455
1.0,917.0,3.0,177.0,2.0,292.0,0.0,0.0,-275.99904751974606
1.0,817.0,1.0,46.0,0.0,0.0,0.0,0.0,-6.102259981209194
1.0,820.0,1.0,55.0,0.0,0.0,0.0,0.0,-14.620868218271646
1.0,822.0,2.0,105.0,0.0,0.0,0.0,0.0,-61.915977503681475
1.0,831.0,2.0,92.0,0.0,0.0,0.0,0.0,-49.611351044161054
1.0,968.0,3.0,245.0,3.0,359.0,0.0,0.0,-373.8054761181926
1.0,998.0,3.0,234.0,2.0,337.0,0.0,0.0,-352.4083482653873
1.0,878.0,0.0,0.0,1.0,40.0,0.0,0.0,17.379507126777533
1.0,931.0,1.0,46.0,0.0,0.0,0.0,0.0,-6.118370899202418
1.0,624.0,3.0,235.0,1.0,61.0,0.0,0.0,-215.35282176978896
1.0,631.0,0.0,0.0,1.0,291.0,0.0,0.0,-108.11588745553402
1.0,673.0,1.0,44.0,0.0,0.0,0.0,0.0,-4.209391259794359
1.0,698.0,1.0,68.0,2.0,21.0,0.0,0.0,-37.407664238138025
1.0,648.0,1.0,22.0,0.0,0.0,0.0,0.0,16.581922659107132
1.0,735.0,0.0,0.0,1.0,214.0,0.0,0.0,-69.60459884563832
1.0,744.0,0.0,0.0,0.0,0.0,0.0,0.0,37.396876228077275
1.0,770.0,1.0,123.0,0.0,0.0,0.0,0.0,-78.941984858601
1.0,793.0,0.0,0.0,0.0,0.0,0.0,0.0,37.392197372249655
1.0,732.0,0.0,0.0,2.0,265.0,0.0,0.0,-95.10582836950985
1.0,806.0,0.0,0.0,1.0,303.0,0.0,0.0,-114.10990110373638
1.0,764.0,1.0,22.0,0.0,0.0,0.0,0.0,16.573267923450327
1.0,771.0,0.0,0.0,2.0,356.0,0.0,0.0,-140.61224489399964
1.0,841.0,0.0,0.0,2.0,391.0,0.0,0.0,-158.12362684983506
1.0,941.0,0.0,0.0,0.0,0.0,0.0,0.0,37.39633697306263
1.0,915.0,0.0,0.0,2.0,262.0,0.0,0.0,-93.62616996994444
1.0,972.0,0.0,0.0,1.0,186.0,0.0,0.0,-55.610816161874766
1.0,975.0,1.0,534.0,2.0,276.0,0.0,0.0,-605.6162524791297
1.0,995.0,1.0,534.0,2.0,291.0,0.0,0.0,-613.1170655251528
1.0,1087.0,0.0,0.0,2.0,347.0,0.0,0.0,-136.12169426820674
1.0,693.0,1.0,57.0,2.0,87.0,0.0,0.0,-60.00342461775367
1.0,761.0,0.0,0.0,1.0,157.0,0.0,0.0,-41.10200576772251
1.0,805.0,2.0,126.0,1.0,182.0,0.0,0.0,-172.76158751972667
1.0,802.0,1.0,159.0,1.0,155.0,0.0,0.0,-190.48081425383444
1.0,601.0,0.0,0.0,3.0,337.0,0.0,0.0,-131.09710465098652
1.0,852.0,1.0,79.0,3.0,374.0,0.0,0.0,-224.32002542577902
1.0,689.0,1.0,56.0,0.0,0.0,0.0,0.0,-15.561452356796764
1.0,735.0,2.0,117.0,1.0,68.0,0.0,0.0,-107.24357438128438
1.0,748.0,1.0,61.0,1.0,80.0,0.0,0.0,-60.28899174796625
1.0,968.0,2.0,107.0,2.0,207.0,0.0,0.0,-167.30277825406546
1.0,973.0,2.0,219.0,1.0,150.0,0.0,0.0,-244.70743792201043
1.0,997.0,0.0,0.0,2.0,330.0,0.0,0.0,-127.60870358161861
1.0,1015.0,2.0,618.0,2.0,97.0,0.0,0.0,-595.5545815107498
1.0,833.0,0.0,0.0,2.0,293.0,0.0,0.0,-109.10396430168636
1.0,883.0,0.0,0.0,4.0,359.0,0.0,0.0,-142.10776951839378
1.0,1144.0,1.0,561.0,2.0,35.0,0.0,0.0,-510.6502930802632
1.0,971.0,1.0,51.0,4.0,448.0,0.0,0.0,-234.84602369950107
1.0,974.0,1.0,30.0,3.0,384.0,0.0,0.0,-182.98530646661789
1.0,1011.0,1.0,51.0,3.0,394.0,0.0,0.0,-207.86569506853147
1.0,1015.0,1.0,30.0,3.0,356.0,0.0,0.0,-168.9766199040816
1.0,645.0,0.0,0.0,0.0,0.0,0.0,0.0,37.3993852673199
1.0,650.0,0.0,0.0,1.0,81.0,0.0,0.0,-3.1031229463066623
1.0,654.0,1.0,37.0,0.0,0.0,0.0,0.0,2.409000487676728
1.0,657.0,0.0,0.0,1.0,77.0,0.0,0.0,-1.1009532224628202
1.0,747.0,1.0,37.0,0.0,0.0,0.0,0.0,2.399280542502389
1.0,678.0,1.0,58.0,0.0,0.0,0.0,0.0,-17.449083344671863
1.0,693.0,0.0,0.0,1.0,281.0,0.0,0.0,-103.1010127094209
1.0,820.0,0.0,0.0,0.0,0.0,0.0,0.0,37.39700931018392
1.0,911.0,1.0,45.0,2.0,501.0,0.0,0.0,-255.6556165242996
1.0,863.0,1.0,42.0,0.0,0.0,0.0,0.0,-2.323279064593798
1.0,951.0,0.0,0.0,1.0,369.0,0.0,0.0,-147.11799474161646
1.0,883.0,1.0,42.0,1.0,84.0,0.0,0.0,-44.322292466989516
1.0,904.0,1.0,8.0,0.0,0.0,0.0,0.0,29.817387006298656
1.0,902.0,0.0,0.0,1.0,56.0,0.0,0.0,9.392822051479989
1.0,1000.0,1.0,45.0,2.0,459.0,0.0,0.0,-234.67092381186805
1.0,946.0,0.0,0.0,2.0,386.0,0.0,0.0,-155.61378607812514
1.0,1047.0,0.0,0.0,2.0,218.0,0.0,0.0,-71.63068205069537
1.0,972.0,0.0,0.0,1.0,286.0,0.0,0.0,-105.60830094751368
1.0,1077.0,2.0,66.0,0.0,0.0,0.0,0.0,-25.02501972090122
1.0,1085.0,0.0,0.0,2.0,327.0,0.0,0.0,-126.10610157792469
1.0,699.0,3.0,123.0,1.0,253.0,0.0,0.0,-205.42566491633616
1.0,593.0,1.0,22.0,1.0,121.0,0.0,0.0,-43.904629559554834
1.0,738.0,1.0,55.0,2.0,110.0,0.0,0.0,-69.61672835984581
1.0,654.0,1.0,22.0,1.0,113.0,0.0,0.0,-39.91862337328211
1.0,780.0,1.0,55.0,2.0,145.0,0.0,0.0,-87.12161090724697
1.0,776.0,1.0,68.0,1.0,74.0,0.0,0.0,-63.912056630083995
1.0,803.0,0.0,0.0,0.0,0.0,0.0,0.0,37.36656844223387
1.0,723.0,2.0,154.0,1.0,66.0,0.0,0.0,-141.2500703346723
1.0,859.0,1.0,42.0,0.0,0.0,0.0,0.0,-2.3275933743623938
1.0,893.0,2.0,120.0,1.0,115.0,0.0,0.0,-133.5865177655035
1.0,787.0,1.0,69.0,1.0,262.0,0.0,0.0,-158.8523557129846
1.0,928.0,2.0,72.0,3.0,488.0,0.0,0.0,-274.70465600822445
1.0,949.0,2.0,151.0,2.0,393.0,0.0,0.0,-301.9076937582001
1.0,962.0,1.0,90.0,1.0,363.0,0.0,0.0,-229.21992571061756
1.0,875.0,0.0,0.0,3.0,228.0,0.0,0.0,-76.60398976840499
1.0,891.0,0.0,0.0,1.0,11.0,0.0,0.0,31.893090495338495
1.0,914.0,1.0,92.0,1.0,155.0,0.0,0.0,-127.12288197552319
1.0,944.0,1.0,69.0,1.0,109.0,0.0,0.0,-82.36727938996427
1.0,961.0,1.0,62.0,0.0,0.0,0.0,0.0,-21.232519328907735
1.0,1020.0,0.0,0.0,3.0,368.0,0.0,0.0,-146.60787687642988
1.0,619.0,1.0,65.0,0.0,0.0,0.0,0.0,-24.06280939210177
1.0,622.0,2.0,100.0,0.0,0.0,0.0,0.0,-57.172405101014284
1.0,663.0,0.0,0.0,0.0,0.0,0.0,0.0,37.39743479816451
1.0,668.0,1.0,44.0,0.0,0.0,0.0,0.0,-4.217907533633081
1.0,634.0,1.0,151.0,1.0,26.0,0.0,0.0,-118.40863349352632
1.0,821.0,0.0,0.0,0.0,0.0,0.0,0.0,37.391209247931606
1.0,848.0,0.0,0.0,0.0,0.0,0.0,0.0,37.39088547867695
1.0,691.0,3.0,232.0,0.0,0.0,0.0,0.0,-181.99981716316842
1.0,713.0,2.0,187.0,0.0,0.0,0.0,0.0,-139.44678543672023
1.0,951.0,2.0,140.0,0.0,0.0,0.0,0.0,-95.01553588040514
1.0,966.0,0.0,0.0,0.0,0.0,0.0,0.0,37.38675550376015
1.0,800.0,0.0,0.0,1.0,345.0,0.0,0.0,-135.1080474800024
1.0,873.0,1.0,54.0,0.0,0.0,0.0,0.0,-13.680122455693748
1.0,1055.0,0.0,0.0,1.0,38.0,0.0,0.0,18.37981646664309
1.0,1065.0,2.0,131.0,0.0,0.0,0.0,0.0,-86.51887234564632
1.0,929.0,2.0,112.0,0.0,0.0,0.0,0.0,-68.52070926289903
1.0,944.0,2.0,122.0,0.0,0.0,0.0,0.0,-77.9805582817643
1.0,988.0,1.0,151.0,1.0,1.0,0.0,0.0,-105.90642690167044
1.0,999.0,0.0,0.0,0.0,0.0,0.0,0.0,37.38758956843826
1.0,1109.0,2.0,105.0,0.0,0.0,0.0,0.0,-61.910523985897655
1.0,656.0,0.0,0.0,0.0,0.0,0.0,0.0,37.390209602646785
1.0,680.0,3.0,135.0,0.0,0.0,0.0,0.0,-90.26236011559786
1.0,684.0,0.0,0.0,1.0,184.0,0.0,0.0,-54.611386852083356
1.0,730.0,1.0,67.0,1.0,64.0,0.0,0.0,-57.963391365683755
1.0,739.0,3.0,154.0,0.0,0.0,0.0,0.0,-108.23807947138064
1.0,813.0,1.0,58.0,0.0,0.0,0.0,0.0,-17.458567435787558
1.0,636.0,0.0,0.0,0.0,0.0,0.0,0.0,37.39797690761575
1.0,729.0,2.0,173.0,1.0,66.0,0.0,0.0,-159.22583279909838
1.0,949.0,0.0,0.0,0.0,0.0,0.0,0.0,37.38360538965033
1.0,952.0,2.0,96.0,0.0,0.0,0.0,0.0,-53.40763084396429
1.0,752.0,1.0,135.0,0.0,0.0,0.0,0.0,-90.26934347100158
1.0,983.0,3.0,168.0,0.0,0.0,0.0,0.0,-121.49169297519092
1.0,771.0,0.0,0.0,1.0,37.0,0.0,0.0,18.87892159658161
1.0,809.0,1.0,114.0,0.0,0.0,0.0,0.0,-70.43086797292304
1.0,1032.0,1.0,44.0,0.0,0.0,0.0,0.0,-4.225013362329221
1.0,835.0,2.0,194.0,1.0,71.0,0.0,0.0,-181.58056621986006
1.0,993.0,0.0,0.0,3.0,484.0,0.0,0.0,-204.6089340732068
1.0,999.0,0.0,0.0,1.0,29.0,0.0,0.0,22.86627903410097
1.0,1007.0,0.0,0.0,0.0,0.0,0.0,0.0,37.35171012657485
1.0,1052.0,0.0,0.0,0.0,0.0,0.0,0.0,37.37138831399563
1.0,669.0,2.0,242.0,0.0,0.0,0.0,0.0,-191.47850476876022
1.0,725.0,0.0,0.0,0.0,0.0,0.0,0.0,37.39606772371332
1.0,751.0,2.0,102.0,0.0,0.0,0.0,0.0,-59.08281593589524
1.0,826.0,1.0,43.0,0.0,0.0,0.0,0.0,-3.2819036443519494
1.0,830.0,2.0,46.0,0.0,0.0,0.0,0.0,-6.123818286977318
1.0,841.0,3.0,246.0,0.0,0.0,0.0,0.0,-195.27420334374466
1.0,855.0,0.0,0.0,1.0,207.0,0.0,0.0,-66.1086283573029
1.0,964.0,1.0,27.0,1.0,209.0,0.0,0.0,-92.64399327414733
1.0,741.0,1.0,212.0,0.0,0.0,0.0,0.0,-163.09143415102716
1.0,991.0,2.0,247.0,1.0,308.0,0.0,0.0,-350.2268666883331
1.0,1008.0,3.0,323.0,1.0,309.0,0.0,0.0,-422.60263893174044
1.0,773.0,0.0,0.0,1.0,143.0,0.0,0.0,-34.113917674877186
1.0,780.0,0.0,0.0,1.0,212.0,0.0,0.0,-68.62166724810598
1.0,813.0,1.0,63.0,0.0,0.0,0.0,0.0,-22.20391538495666
1.0,847.0,2.0,125.0,0.0,0.0,0.0,0.0,-80.80852501933211
1.0,865.0,0.0,0.0,2.0,344.0,0.0,0.0,-134.609443020833
1.0,879.0,2.0,298.0,0.0,0.0,0.0,0.0,-244.42203429436267
1.0,889.0,1.0,236.0,1.0,56.0,0.0,0.0,-213.7908798283853
1.0,1120.0,1.0,212.0,0.0,0.0,0.0,0.0,-163.1034959270599
1.0,1237.0,0.0,0.0,2.0,259.0,0.0,0.0,-92.11181708035193
1.0,642.0,0.0,0.0,1.0,3.0,0.0,0.0,35.895616754059866
1.0,649.0,0.0,0.0,1.0,4.0,0.0,0.0,35.40356170875991
1.0,682.0,1.0,101.0,1.0,55.0,0.0,0.0,-85.62605212689918
1.0,726.0,2.0,144.0,2.0,299.0,0.0,0.0,-248.28677451451858
1.0,772.0,0.0,0.0,1.0,54.0,0.0,0.0,10.38793869432562
1.0,804.0,1.0,43.0,0.0,0.0,0.0,0.0,-3.2659892861652935
1.0,810.0,0.0,0.0,1.0,135.0,0.0,0.0,-30.10576038408439
1.0,818.0,1.0,43.0,1.0,318.0,0.0,0.0,-162.27677282003668
1.0,910.0,1.0,43.0,0.0,0.0,0.0,0.0,-3.286600897302776
1.0,925.0,0.0,0.0,2.0,531.0,0.0,0.0,-228.10905496852126
1.0,620.0,0.0,0.0,0.0,0.0,0.0,0.0,37.38160760664149
1.0,645.0,0.0,0.0,0.0,0.0,0.0,0.0,37.39432810609109
1.0,689.0,1.0,40.0,2.0,84.0,0.0,0.0,-42.434509370042655
1.0,816.0,0.0,0.0,1.0,260.0,0.0,0.0,-92.61419125637465
1.0,826.0,1.0,40.0,1.0,156.0,0.0,0.0,-78.45561546150344
1.0,858.0,0.0,0.0,1.0,68.0,0.0,0.0,3.391115351773415
1.0,870.0,0.0,0.0,0.0,0.0,0.0,0.0,37.39229936141849
1.0,897.0,0.0,0.0,1.0,287.0,0.0,0.0,-106.10885609090506
1.0,948.0,0.0,0.0,1.0,431.0,0.0,0.0,-178.14065569931316
1.0,1134.0,0.0,0.0,2.0,545.0,0.0,0.0,-235.14536734942075
1.0,694.0,0.0,0.0,1.0,253.0,0.0,0.0,-89.09540522318181
1.0,694.0,0.0,0.0,0.0,0.0,0.0,0.0,37.376665687495375
1.0,701.0,0.0,0.0,0.0,0.0,0.0,0.0,37.365962595013116
1.0,712.0,0.0,0.0,0.0,0.0,0.0,0.0,37.388674804445024
1.0,831.0,3.0,261.0,1.0,291.0,0.0,0.0,-354.9444059728373
1.0,930.0,0.0,0.0,1.0,20.0,0.0,0.0,27.387144094213863
1.0,937.0,1.0,36.0,0.0,0.0,0.0,0.0,3.3359042942566575
1.0,943.0,1.0,168.0,1.0,331.0,0.0,0.0,-286.99294075741847
1.0,993.0,0.0,0.0,0.0,0.0,0.0,0.0,37.37937045386156
1.0,1054.0,1.0,57.0,1.0,11.0,0.0,0.0,-22.02714255745044
1.0,745.0,0.0,0.0,0.0,0.0,0.0,0.0,37.38859304876882
1.0,759.0,0.0,0.0,1.0,232.0,0.0,0.0,-78.6038491315723
1.0,757.0,0.0,0.0,1.0,136.0,0.0,0.0,-30.60402089335239
1.0,815.0,0.0,0.0,0.0,0.0,0.0,0.0,37.39663044233671
1.0,840.0,0.0,0.0,1.0,120.0,0.0,0.0,-22.62061193418279
1.0,897.0,0.0,0.0,1.0,165.0,0.0,0.0,-45.098206134103684
1.0,908.0,0.0,0.0,2.0,11.0,0.0,0.0,31.877015059858117
1.0,994.0,1.0,58.0,1.0,461.0,0.0,0.0,-247.9613047890314
1.0,1015.0,0.0,0.0,1.0,126.0,0.0,0.0,-25.63934767245192
1.0,1029.0,1.0,58.0,1.0,419.0,0.0,0.0,-226.9563671048312
1.0,696.0,1.0,15.0,0.0,0.0,0.0,0.0,23.19384858555876
1.0,788.0,2.0,59.0,0.0,0.0,0.0,0.0,-18.40946715351587
1.0,883.0,2.0,90.0,0.0,0.0,0.0,0.0,-47.72220146890588
1.0,900.0,2.0,89.0,0.0,0.0,0.0,0.0,-46.784828266571665
1.0,970.0,3.0,243.0,2.0,251.0,0.0,0.0,-317.922713481559
1.0,971.0,1.0,149.0,2.0,219.0,0.0,0.0,-213.01852562429576
1.0,1002.0,2.0,262.0,3.0,271.0,0.0,0.0,-345.88516070493176
1.0,1045.0,2.0,151.0,2.0,358.0,0.0,0.0,-284.40869413635164
1.0,1096.0,2.0,205.0,2.0,473.0,0.0,0.0,-392.9855606183062
1.0,1138.0,1.0,45.0,0.0,0.0,0.0,0.0,-5.1806350268578285
1.0,673.0,1.0,116.0,1.0,178.0,0.0,0.0,-161.3022511182228
1.0,698.0,0.0,0.0,1.0,255.0,0.0,0.0,-90.0982950177031
1.0,771.0,1.0,79.0,1.0,5.0,0.0,0.0,-39.8159445482559
1.0,810.0,2.0,84.0,2.0,37.0,0.0,0.0,-60.540019558825364
1.0,808.0,1.0,33.0,1.0,51.0,0.0,0.0,-19.32712628833724
1.0,846.0,2.0,249.0,1.0,167.0,0.0,0.0,-281.58961213933094
1.0,846.0,1.0,138.0,1.0,4.0,0.0,0.0,-95.11630447447743
1.0,1004.0,1.0,138.0,1.0,142.0,0.0,0.0,-164.12237500224717
1.0,615.0,0.0,0.0,0.0,0.0,0.0,0.0,37.389152733921776
1.0,1128.0,1.0,51.0,2.0,205.0,0.0,0.0,-113.34958602529281
1.0,655.0,0.0,0.0,1.0,55.0,0.0,0.0,9.879055382871215
1.0,1151.0,2.0,286.0,1.0,191.0,0.0,0.0,-328.5896053142307
1.0,723.0,0.0,0.0,0.0,0.0,0.0,0.0,37.39927394358793
1.0,734.0,0.0,0.0,0.0,0.0,0.0,0.0,37.395933571650005
1.0,792.0,0.0,0.0,0.0,0.0,0.0,0.0,37.39904010535604
1.0,853.0,0.0,0.0,0.0,0.0,0.0,0.0,37.3921981732908
1.0,916.0,0.0,0.0,0.0,0.0,0.0,0.0,37.39022309777134
1.0,927.0,0.0,0.0,0.0,0.0,0.0,0.0,37.39560833267857
1.0,1032.0,0.0,0.0,0.0,0.0,0.0,0.0,37.384508259263384
1.0,610.0,0.0,0.0,1.0,26.0,0.0,0.0,24.398288887568853
1.0,1296.0,0.0,0.0,4.0,508.0,0.0,0.0,-216.62363763675705
1.0,633.0,1.0,63.0,0.0,0.0,0.0,0.0,-22.19295345603765
1.0,688.0,0.0,0.0,0.0,0.0,0.0,0.0,37.40188920676051
1.0,720.0,0.0,0.0,0.0,0.0,0.0,0.0,37.395592374096175
1.0,747.0,3.0,130.0,0.0,0.0,0.0,0.0,-85.5463149271391
1.0,788.0,1.0,47.0,1.0,79.0,0.0,0.0,-46.550937899539704
1.0,788.0,2.0,61.0,0.0,0.0,0.0,0.0,-20.28484939629176
1.0,862.0,3.0,122.0,0.0,0.0,0.0,0.0,-77.99480606768465
1.0,880.0,2.0,81.0,0.0,0.0,0.0,0.0,-39.21215708993808
1.0,972.0,0.0,0.0,0.0,0.0,0.0,0.0,37.38408936776435
1.0,615.0,2.0,154.0,0.0,0.0,0.0,0.0,-108.24218391027279
1.0,613.0,0.0,0.0,0.0,0.0,0.0,0.0,37.39547099924082
1.0,612.0,2.0,148.0,0.0,0.0,0.0,0.0,-102.56477022036223
1.0,780.0,1.0,45.0,0.0,0.0,0.0,0.0,-5.167009132256062
1.0,803.0,1.0,91.0,0.0,0.0,0.0,0.0,-48.66708783424272
1.0,845.0,4.0,292.0,0.0,0.0,0.0,0.0,-238.7457591758687
1.0,860.0,3.0,166.0,0.0,0.0,0.0,0.0,-119.59344907448073
1.0,894.0,2.0,94.0,0.0,0.0,0.0,0.0,-51.50473533877945
1.0,619.0,2.0,119.0,0.0,0.0,0.0,0.0,-75.13186778639263
1.0,981.0,2.0,141.0,0.0,0.0,0.0,0.0,-95.96668467410584
1.0,644.0,0.0,0.0,0.0,0.0,0.0,0.0,37.394409877992764
1.0,1003.0,1.0,55.0,0.0,0.0,0.0,0.0,-14.62779038213646
1.0,761.0,0.0,0.0,1.0,57.0,0.0,0.0,8.895580937948875
1.0,769.0,0.0,0.0,3.0,209.0,0.0,0.0,-67.10155906601187
1.0,801.0,0.0,0.0,1.0,263.0,0.0,0.0,-94.11424305085208
1.0,849.0,2.0,122.0,0.0,0.0,0.0,0.0,-77.9908504511888
1.0,962.0,1.0,23.0,1.0,315.0,0.0,0.0,-141.87076892870823
1.0,995.0,3.0,147.0,1.0,320.0,0.0,0.0,-261.6322292161604
1.0,1102.0,1.0,61.0,1.0,269.0,0.0,0.0,-154.80771129035193
1.0,1107.0,1.0,60.0,1.0,292.0,0.0,0.0,-165.35079041661055
1.0,693.0,0.0,0.0,0.0,0.0,0.0,0.0,37.39389619025071
1.0,692.0,0.0,0.0,0.0,0.0,0.0,0.0,37.38155930963385
1.0,826.0,0.0,0.0,1.0,361.0,0.0,0.0,-143.1066178015957
1.0,861.0,0.0,0.0,0.0,0.0,0.0,0.0,37.38841150045157
1.0,930.0,1.0,35.0,0.0,0.0,0.0,0.0,4.2791827282750745
1.0,951.0,1.0,21.0,2.0,346.0,0.0,0.0,-155.4675317214555
1.0,1001.0,2.0,483.0,3.0,586.0,0.0,0.0,-712.3863922676977
1.0,1016.0,1.0,320.0,3.0,621.0,0.0,0.0,-575.7439116528597
1.0,1047.0,2.0,198.0,2.0,452.0,0.0,0.0,-375.8633364099123
1.0,1084.0,1.0,21.0,2.0,323.0,0.0,0.0,-143.976203860261
1.0,691.0,0.0,0.0,1.0,32.0,0.0,0.0,21.392966928794888
1.0,695.0,1.0,56.0,0.0,0.0,0.0,0.0,-15.562648967472214
1.0,819.0,1.0,75.0,1.0,121.0,0.0,0.0,-94.03576449972908
1.0,835.0,1.0,44.0,2.0,45.0,0.0,0.0,-26.710921504230555
1.0,858.0,0.0,0.0,1.0,1.0,0.0,0.0,36.8842372961789
1.0,861.0,1.0,25.0,1.0,77.0,0.0,0.0,-24.75274458857217
1.0,883.0,0.0,0.0,2.0,303.0,0.0,0.0,-114.11272478429557
1.0,887.0,0.0,0.0,1.0,28.0,0.0,0.0,23.38693839854869
1.0,899.0,2.0,100.0,2.0,200.0,0.0,0.0,-157.18109262884195
1.0,976.0,2.0,100.0,2.0,53.0,0.0,0.0,-83.68848228322848
1.0,676.0,0.0,0.0,0.0,0.0,0.0,0.0,37.40499238331274
1.0,746.0,1.0,24.0,1.0,190.0,0.0,0.0,-80.30302654445148
1.0,879.0,0.0,0.0,0.0,0.0,0.0,0.0,37.39498517238389
1.0,885.0,2.0,108.0,2.0,233.0,0.0,0.0,-181.24175791306328
1.0,910.0,3.0,150.0,2.0,119.0,0.0,0.0,-163.9613004771164
1.0,913.0,0.0,0.0,2.0,101.0,0.0,0.0,-13.109873762783465
1.0,605.0,0.0,0.0,0.0,0.0,0.0,0.0,37.400955743498876
1.0,627.0,1.0,22.0,0.0,0.0,0.0,0.0,16.579060001906832
1.0,992.0,4.0,169.0,3.0,376.0,0.0,0.0,-310.43121585661
1.0,1005.0,3.0,142.0,2.0,179.0,0.0,0.0,-186.39964281595542
1.0,1008.0,1.0,74.0,0.0,0.0,0.0,0.0,-32.59651100386352
1.0,1032.0,2.0,103.0,2.0,263.0,0.0,0.0,-191.52619468220942
1.0,705.0,1.0,56.0,1.0,34.0,0.0,0.0,-32.55670868872445
1.0,711.0,1.0,58.0,0.0,0.0,0.0,0.0,-17.45382534756191
1.0,790.0,3.0,89.0,0.0,0.0,0.0,0.0,-46.77041892277282
1.0,841.0,1.0,56.0,1.0,43.0,0.0,0.0,-37.08009176937548
1.0,850.0,3.0,159.0,1.0,101.0,0.0,0.0,-163.4807544339405
1.0,892.0,1.0,52.0,0.0,0.0,0.0,0.0,-11.788049393523757
1.0,907.0,0.0,0.0,0.0,0.0,0.0,0.0,37.383767000608394
1.0,1126.0,1.0,86.0,1.0,82.0,0.0,0.0,-84.95712204181879
1.0,643.0,1.0,51.0,0.0,0.0,0.0,0.0,-10.824643294861666
1.0,694.0,1.0,59.0,1.0,142.0,0.0,0.0,-89.40443514863979
1.0,700.0,2.0,277.0,1.0,20.0,0.0,0.0,-234.56688036780193
1.0,700.0,2.0,93.0,0.0,0.0,0.0,0.0,-50.559719988527974
1.0,745.0,2.0,73.0,0.0,0.0,0.0,0.0,-31.645358197818034
1.0,811.0,0.0,0.0,0.0,0.0,0.0,0.0,37.38819222617651
1.0,820.0,1.0,59.0,1.0,157.0,0.0,0.0,-96.89960029759375
1.0,844.0,1.0,230.0,0.0,0.0,0.0,0.0,-180.13614026154062
1.0,895.0,0.0,0.0,1.0,77.0,0.0,0.0,-1.1150496964050092
1.0,605.0,1.0,14.0,0.0,0.0,0.0,0.0,24.157315585160845
1.0,1097.0,2.0,118.0,0.0,0.0,0.0,0.0,-74.22685736550389
1.0,703.0,1.0,62.0,0.0,0.0,0.0,0.0,-21.240150810620754
1.0,769.0,2.0,80.0,0.0,0.0,0.0,0.0,-38.26153404465148
1.0,775.0,0.0,0.0,0.0,0.0,0.0,0.0,37.390072977934224
1.0,794.0,2.0,90.0,0.0,0.0,0.0,0.0,-47.719838340722276
1.0,825.0,3.0,128.0,0.0,0.0,0.0,0.0,-83.67513058254332
1.0,867.0,1.0,19.0,0.0,0.0,0.0,0.0,19.404220882542592
1.0,988.0,1.0,78.0,3.0,314.0,0.0,0.0,-193.3818802878875
1.0,992.0,3.0,149.0,0.0,0.0,0.0,0.0,-103.52371376709934
1.0,1128.0,0.0,0.0,3.0,582.0,0.0,0.0,-253.60764702027984
1.0,643.0,0.0,0.0,0.0,0.0,0.0,0.0,37.402440764637056
1.0,713.0,0.0,0.0,1.0,19.0,0.0,0.0,27.898380286283444
1.0,722.0,1.0,120.0,1.0,5.0,0.0,0.0,-78.58397198076352
1.0,728.0,0.0,0.0,1.0,13.0,0.0,0.0,30.880806832598427
1.0,772.0,3.0,268.0,1.0,8.0,0.0,0.0,-220.05280349164295
1.0,797.0,0.0,0.0,0.0,0.0,0.0,0.0,37.39305002844878
1.0,849.0,1.0,81.0,1.0,14.0,0.0,0.0,-46.20834319167473
1.0,851.0,1.0,67.0,1.0,10.0,0.0,0.0,-30.987370588970087
1.0,990.0,0.0,0.0,1.0,19.0,0.0,0.0,27.889313556601834
1.0,998.0,0.0,0.0,3.0,386.0,0.0,0.0,-155.60973036028872
1.0,602.0,0.0,0.0,0.0,0.0,0.0,0.0,37.3993700928036
1.0,626.0,2.0,87.0,0.0,0.0,0.0,0.0,-44.87865405895664
1.0,663.0,2.0,85.0,0.0,0.0,0.0,0.0,-42.98482359889046
1.0,699.0,0.0,0.0,0.0,0.0,0.0,0.0,37.39446515393086
1.0,750.0,0.0,0.0,3.0,295.0,0.0,0.0,-110.11837200587038
1.0,879.0,0.0,0.0,0.0,0.0,0.0,0.0,37.374300464016535
1.0,940.0,1.0,47.0,0.0,0.0,0.0,0.0,-7.06508947774801
1.0,984.0,0.0,0.0,0.0,0.0,0.0,0.0,37.39063274720441
1.0,1020.0,1.0,45.0,0.0,0.0,0.0,0.0,-5.178693137525741
1.0,1019.0,0.0,0.0,0.0,0.0,0.0,0.0,37.36370180688799
1.0,618.0,0.0,0.0,1.0,71.0,0.0,0.0,1.8872565253381026
1.0,700.0,0.0,0.0,0.0,0.0,0.0,0.0,37.40126933393031
1.0,726.0,1.0,22.0,2.0,242.0,0.0,0.0,-104.41789370866456
1.0,754.0,0.0,0.0,0.0,0.0,0.0,0.0,37.39221229999206
1.0,840.0,1.0,139.0,0.0,0.0,0.0,0.0,-94.05759501321918
1.0,870.0,1.0,22.0,2.0,223.0,0.0,0.0,-94.92348081074559
1.0,882.0,1.0,321.0,0.0,0.0,0.0,0.0,-266.1850448464075
1.0,945.0,0.0,0.0,4.0,696.0,0.0,0.0,-310.6061084342342
1.0,1043.0,1.0,139.0,0.0,0.0,0.0,0.0,-94.06922347949194
1.0,1109.0,1.0,321.0,0.0,0.0,0.0,0.0,-266.20131914293444
1.0,655.0,2.0,109.0,0.0,0.0,0.0,0.0,-65.68607315096091
1.0,729.0,0.0,0.0,1.0,56.0,0.0,0.0,9.386977583498215
1.0,748.0,0.0,0.0,0.0,0.0,0.0,0.0,37.39637993195407
1.0,772.0,0.0,0.0,0.0,0.0,0.0,0.0,37.37700721397876
1.0,775.0,1.0,72.0,0.0,0.0,0.0,0.0,-30.691855408915323
1.0,788.0,2.0,394.0,0.0,0.0,0.0,0.0,-335.20367052661345
1.0,911.0,2.0,143.0,1.0,41.0,0.0,0.0,-118.34242518051482
1.0,931.0,2.0,389.0,0.0,0.0,0.0,0.0,-330.4879479675068
1.0,956.0,1.0,71.0,2.0,164.0,0.0,0.0,-111.74673116244679
1.0,961.0,0.0,0.0,0.0,0.0,0.0,0.0,37.390790489076224
1.0,649.0,2.0,91.0,0.0,0.0,0.0,0.0,-48.67670760712595
1.0,706.0,0.0,0.0,2.0,379.0,0.0,0.0,-152.09786104314193
1.0,794.0,0.0,0.0,1.0,224.0,0.0,0.0,-74.60584205569585
1.0,819.0,3.0,107.0,0.0,0.0,0.0,0.0,-63.81795201835928
1.0,882.0,1.0,7.0,1.0,502.0,0.0,0.0,-220.22905016660826
1.0,887.0,2.0,51.0,1.0,483.0,0.0,0.0,-252.33516133275128
1.0,904.0,3.0,181.0,0.0,0.0,0.0,0.0,-133.78863186765193
1.0,913.0,2.0,107.0,0.0,0.0,0.0,0.0,-63.82854593246785
1.0,951.0,1.0,44.0,1.0,497.0,0.0,0.0,-252.7229782877371
1.0,730.0,0.0,0.0,1.0,41.0,0.0,0.0,16.87292322580782
1.0,744.0,2.0,203.0,1.0,184.0,0.0,0.0,-246.58375494966344
1.0,1121.0,2.0,90.0,1.0,258.0,0.0,0.0,-176.7467275824967
1.0,871.0,0.0,0.0,2.0,125.0,0.0,0.0,-25.111900893584448
1.0,885.0,1.0,64.0,1.0,84.0,0.0,0.0,-65.12244868640387
1.0,965.0,3.0,145.0,0.0,0.0,0.0,0.0,-99.74705067311353
1.0,1023.0,2.0,218.0,1.0,328.0,0.0,0.0,-332.79258105386475
1.0,1232.0,1.0,55.0,1.0,730.0,0.0,0.0,-379.6587685228784
1.0,1282.0,2.0,140.0,0.0,0.0,0.0,0.0,-95.05299545278775
1.0,603.0,1.0,48.0,0.0,0.0,0.0,0.0,-7.9955220695061655
1.0,1412.0,0.0,0.0,0.0,0.0,0.0,0.0,37.32246289688274
1.0,656.0,0.0,0.0,0.0,0.0,0.0,0.0,37.37730987156949
1.0,1582.0,1.0,55.0,0.0,0.0,0.0,0.0,-14.678029397362906
1.0,805.0,1.0,53.0,1.0,68.0,0.0,0.0,-46.72520056782884
1.0,806.0,4.0,207.0,0.0,0.0,0.0,0.0,-158.38780946759664
1.0,844.0,2.0,303.0,1.0,136.0,0.0,0.0,-317.170364111036
1.0,901.0,0.0,0.0,2.0,197.0,0.0,0.0,-61.114313686751665
1.0,912.0,0.0,0.0,2.0,407.0,0.0,0.0,-166.10563665256416
1.0,953.0,2.0,299.0,0.0,0.0,0.0,0.0,-245.38852331695455
1.0,979.0,0.0,0.0,2.0,441.0,0.0,0.0,-183.10902499437725
1.0,1149.0,0.0,0.0,2.0,640.0,0.0,0.0,-282.6229497713016
1.0,608.0,0.0,0.0,0.0,0.0,0.0,0.0,37.3966590962711
1.0,632.0,1.0,64.0,1.0,8.0,0.0,0.0,-27.125835793023924
1.0,677.0,0.0,0.0,0.0,0.0,0.0,0.0,37.398742767065336
1.0,732.0,0.0,0.0,1.0,63.0,0.0,0.0,5.891557252000634
1.0,768.0,0.0,0.0,0.0,0.0,0.0,0.0,37.39878436749037
1.0,789.0,0.0,0.0,0.0,0.0,0.0,0.0,37.39503248892383
1.0,855.0,0.0,0.0,0.0,0.0,0.0,0.0,37.37737661767319
1.0,898.0,0.0,0.0,0.0,0.0,0.0,0.0,37.3663370374283
1.0,902.0,1.0,64.0,1.0,370.0,0.0,0.0,-208.15291193888325
1.0,605.0,0.0,0.0,0.0,0.0,0.0,0.0,37.40008258817159
1.0,610.0,0.0,0.0,0.0,0.0,0.0,0.0,37.40487950810422
1.0,988.0,0.0,0.0,0.0,0.0,0.0,0.0,37.39656886970364
1.0,712.0,2.0,111.0,1.0,15.0,0.0,0.0,-75.08064003739733
1.0,759.0,0.0,0.0,1.0,130.0,0.0,0.0,-27.604443356830124
1.0,794.0,0.0,0.0,1.0,257.0,0.0,0.0,-91.10388785360038
1.0,818.0,1.0,30.0,1.0,82.0,0.0,0.0,-31.980010241386978
1.0,823.0,0.0,0.0,2.0,519.0,0.0,0.0,-222.10502046898134
1.0,915.0,0.0,0.0,2.0,281.0,0.0,0.0,-103.10599744758375
1.0,913.0,2.0,88.0,1.0,4.0,0.0,0.0,-47.82739200595611
1.0,1005.0,1.0,53.0,1.0,2.0,0.0,0.0,-13.75021326908702
1.0,626.0,0.0,0.0,0.0,0.0,0.0,0.0,37.39556998779179
1.0,631.0,0.0,0.0,1.0,88.0,0.0,0.0,-6.601837057494592
1.0,656.0,0.0,0.0,0.0,0.0,0.0,0.0,37.399609416241645
1.0,744.0,0.0,0.0,1.0,4.0,0.0,0.0,35.396487647510945
1.0,899.0,4.0,197.0,1.0,161.0,0.0,0.0,-229.41185544672294
1.0,915.0,1.0,74.0,0.0,0.0,0.0,0.0,-32.592092024936186
1.0,917.0,0.0,0.0,0.0,0.0,0.0,0.0,37.38406576465896
1.0,941.0,1.0,41.0,1.0,106.0,0.0,0.0,-54.381481337925884
1.0,951.0,1.0,32.0,1.0,355.0,0.0,0.0,-170.36964090057367
1.0,623.0,0.0,0.0,1.0,98.0,0.0,0.0,-11.595760883622212
1.0,655.0,1.0,57.0,0.0,0.0,0.0,0.0,-16.501049207921803
1.0,656.0,0.0,0.0,0.0,0.0,0.0,0.0,37.40120525326593
1.0,1040.0,1.0,50.0,1.0,114.0,0.0,0.0,-66.8986822519571
1.0,686.0,1.0,27.0,1.0,177.0,0.0,0.0,-76.63537338243327
1.0,799.0,1.0,57.0,0.0,0.0,0.0,0.0,-16.503633743637437
1.0,824.0,0.0,0.0,1.0,331.0,0.0,0.0,-128.10064886620395
1.0,863.0,2.0,86.0,1.0,154.0,0.0,0.0,-120.93289462956837
1.0,907.0,0.0,0.0,3.0,35.0,0.0,0.0,19.892289737461468
1.0,1056.0,0.0,0.0,3.0,201.0,0.0,0.0,-63.11546876191716
1.0,1056.0,1.0,59.0,1.0,275.0,0.0,0.0,-155.92194492344737
1.0,664.0,0.0,0.0,0.0,0.0,0.0,0.0,37.394375850617806
1.0,698.0,2.0,63.0,1.0,145.0,0.0,0.0,-94.68501973426237
1.0,764.0,1.0,49.0,1.0,113.0,0.0,0.0,-65.4458144995034
1.0,825.0,0.0,0.0,2.0,154.0,0.0,0.0,-39.64202028886537
1.0,858.0,2.0,75.0,1.0,319.0,0.0,0.0,-193.0494684234111
1.0,877.0,0.0,0.0,2.0,448.0,0.0,0.0,-186.61237502797923
1.0,887.0,1.0,28.0,2.0,531.0,0.0,0.0,-254.5912060481508
1.0,920.0,3.0,149.0,1.0,151.0,0.0,0.0,-179.01991621661898
1.0,930.0,2.0,82.0,2.0,470.0,0.0,0.0,-275.1519231100287
1.0,977.0,3.0,166.0,2.0,459.0,0.0,0.0,-349.11363873579626
1.0,690.0,2.0,190.0,0.0,0.0,0.0,0.0,-142.3022224936384
1.0,803.0,2.0,67.0,0.0,0.0,0.0,0.0,-25.97373108658902
1.0,828.0,2.0,153.0,0.0,0.0,0.0,0.0,-107.31386492610255
1.0,827.0,0.0,0.0,0.0,0.0,0.0,0.0,37.35700857606649
1.0,901.0,2.0,165.0,0.0,0.0,0.0,0.0,-118.64919328784809
1.0,923.0,0.0,0.0,0.0,0.0,0.0,0.0,37.36122858320936
1.0,926.0,2.0,375.0,0.0,0.0,0.0,0.0,-317.2772539413371
1.0,1131.0,0.0,0.0,0.0,0.0,0.0,0.0,37.34998232978127
1.0,1156.0,2.0,300.0,0.0,0.0,0.0,0.0,-246.34050838974505
1.0,1197.0,0.0,0.0,0.0,0.0,0.0,0.0,37.33579270879557
1.0,605.0,3.0,224.0,0.0,0.0,0.0,0.0,-174.444195009382
1.0,617.0,0.0,0.0,2.0,139.0,0.0,0.0,-32.1063231147519
1.0,625.0,1.0,16.0,0.0,0.0,0.0,0.0,22.274905032693667
1.0,630.0,1.0,37.0,1.0,8.0,0.0,0.0,-1.5934652057714231
1.0,633.0,1.0,180.0,0.0,0.0,0.0,0.0,-132.83751522750714
1.0,691.0,0.0,0.0,0.0,0.0,0.0,0.0,37.40346289161737
1.0,739.0,1.0,180.0,1.0,20.0,0.0,0.0,-142.83669516106733
1.0,768.0,1.0,171.0,1.0,60.0,0.0,0.0,-154.31923335859554
1.0,779.0,0.0,0.0,1.0,118.0,0.0,0.0,-21.600843251469612
1.0,946.0,0.0,0.0,2.0,133.0,0.0,0.0,-29.110995284760072
1.0,611.0,0.0,0.0,1.0,85.0,0.0,0.0,-5.107945873824157
1.0,643.0,1.0,46.0,0.0,0.0,0.0,0.0,-6.100054754879594
1.0,647.0,0.0,0.0,1.0,82.0,0.0,0.0,-3.5963176821425193
1.0,710.0,0.0,0.0,1.0,64.0,0.0,0.0,5.381694765762973
1.0,868.0,1.0,89.0,1.0,501.0,0.0,0.0,-297.2739562445506
1.0,872.0,1.0,40.0,0.0,0.0,0.0,0.0,-0.42695498923050934
1.0,895.0,1.0,40.0,0.0,0.0,0.0,0.0,-0.43993116194741333
1.0,937.0,2.0,135.0,1.0,61.0,0.0,0.0,-120.78217772433405
1.0,941.0,0.0,0.0,2.0,376.0,0.0,0.0,-150.61730516256776
1.0,601.0,0.0,0.0,0.0,0.0,0.0,0.0,37.40531934466219
1.0,608.0,0.0,0.0,0.0,0.0,0.0,0.0,37.39572481557641
1.0,956.0,0.0,0.0,3.0,362.0,0.0,0.0,-143.60680958978708
1.0,752.0,2.0,112.0,3.0,302.0,0.0,0.0,-219.51947986198502
1.0,822.0,0.0,0.0,1.0,359.0,0.0,0.0,-142.11889504153825
1.0,907.0,1.0,56.0,3.0,298.0,0.0,0.0,-164.56718474934576
1.0,940.0,2.0,67.0,3.0,299.0,0.0,0.0,-175.47337935660642
1.0,950.0,1.0,35.0,0.0,0.0,0.0,0.0,4.281712694769077
1.0,954.0,1.0,35.0,0.0,0.0,0.0,0.0,4.277172605524456
1.0,978.0,1.0,11.0,3.0,380.0,0.0,0.0,-163.0138224907986
1.0,984.0,0.0,0.0,0.0,0.0,0.0,0.0,37.371676493249865
1.0,599.0,1.0,53.0,0.0,0.0,0.0,0.0,-12.716202943022964
1.0,612.0,0.0,0.0,1.0,271.0,0.0,0.0,-98.09706747404934
1.0,657.0,0.0,0.0,1.0,114.0,0.0,0.0,-19.598376794125635
1.0,702.0,0.0,0.0,1.0,187.0,0.0,0.0,-56.10979120816435
1.0,758.0,0.0,0.0,1.0,166.0,0.0,0.0,-45.62018643022343
1.0,810.0,0.0,0.0,1.0,237.0,0.0,0.0,-81.10641181317345
1.0,812.0,0.0,0.0,0.0,0.0,0.0,0.0,37.40010119234174
1.0,832.0,0.0,0.0,2.0,44.0,0.0,0.0,15.361743797602244
1.0,853.0,0.0,0.0,1.0,18.0,0.0,0.0,28.371604943901357
1.0,602.0,1.0,70.0,1.0,222.0,0.0,0.0,-139.79816402097072
1.0,696.0,2.0,118.0,1.0,352.0,0.0,0.0,-250.1990349831258
1.0,706.0,1.0,33.0,1.0,170.0,0.0,0.0,-78.81396824275677
1.0,734.0,2.0,82.0,0.0,0.0,0.0,0.0,-40.15105883375926
1.0,748.0,2.0,139.0,1.0,297.0,0.0,0.0,-242.55115693000033
1.0,1165.0,1.0,53.0,0.0,0.0,0.0,0.0,-12.784797200701739
1.0,849.0,1.0,49.0,1.0,299.0,0.0,0.0,-158.44974057720012
1.0,940.0,1.0,21.0,0.0,0.0,0.0,0.0,17.535291445446518
1.0,948.0,1.0,21.0,1.0,269.0,0.0,0.0,-116.99593561465394
1.0,986.0,0.0,0.0,0.0,0.0,0.0,0.0,37.381093387579824
1.0,994.0,1.0,49.0,1.0,308.0,0.0,0.0,-162.94518602567217
1.0,611.0,1.0,56.0,0.0,0.0,0.0,0.0,-15.570236213436004
1.0,623.0,0.0,0.0,2.0,103.0,0.0,0.0,-14.095073218807343
1.0,646.0,0.0,0.0,1.0,243.0,0.0,0.0,-84.10165606816321
1.0,744.0,1.0,48.0,1.0,54.0,0.0,0.0,-35.02321384718801
1.0,763.0,1.0,54.0,0.0,0.0,0.0,0.0,-13.670590949189645
1.0,594.0,0.0,0.0,0.0,0.0,0.0,0.0,37.405724816752944
1.0,610.0,2.0,55.0,0.0,0.0,0.0,0.0,-14.6154437536238
1.0,811.0,1.0,54.0,0.0,0.0,0.0,0.0,-13.67338977287639
1.0,639.0,0.0,0.0,1.0,177.0,0.0,0.0,-51.10207288095182
1.0,869.0,0.0,0.0,2.0,393.0,0.0,0.0,-159.1082628355509
1.0,704.0,0.0,0.0,1.0,45.0,0.0,0.0,14.886922579225331
1.0,913.0,0.0,0.0,1.0,542.0,0.0,0.0,-233.60229224311402
1.0,749.0,2.0,452.0,0.0,0.0,0.0,0.0,-390.0693543179694
1.0,791.0,3.0,517.0,0.0,0.0,0.0,0.0,-451.5422706726556
1.0,1005.0,0.0,0.0,2.0,49.0,0.0,0.0,12.884173683989886
1.0,1019.0,2.0,104.0,0.0,0.0,0.0,0.0,-60.97822492297529
1.0,838.0,3.0,400.0,0.0,0.0,0.0,0.0,-340.89152830365913
1.0,838.0,2.0,76.0,1.0,280.0,0.0,0.0,-174.4776938140602
1.0,1044.0,1.0,56.0,1.0,360.0,0.0,0.0,-195.57335896494013
1.0,1109.0,1.0,20.0,1.0,469.0,0.0,0.0,-216.03359672216956
1.0,611.0,0.0,0.0,1.0,27.0,0.0,0.0,23.890131599202594
1.0,620.0,1.0,82.0,1.0,17.0,0.0,0.0,-48.64887344948261
1.0,626.0,0.0,0.0,1.0,5.0,0.0,0.0,34.90300294331436
1.0,633.0,2.0,71.0,1.0,14.0,0.0,0.0,-36.74626036927926
1.0,648.0,0.0,0.0,1.0,36.0,0.0,0.0,19.40306112916277
1.0,680.0,2.0,243.0,1.0,2.0,0.0,0.0,-193.39934348325198
1.0,770.0,1.0,172.0,0.0,0.0,0.0,0.0,-125.25724118005137
1.0,824.0,3.0,199.0,1.0,175.0,0.0,0.0,-238.2937679453177
1.0,968.0,0.0,0.0,0.0,0.0,0.0,0.0,37.37346213585781
1.0,1005.0,1.0,25.0,0.0,0.0,0.0,0.0,13.736508904410872
1.0,729.0,1.0,55.0,0.0,0.0,0.0,0.0,-14.650865378703507
1.0,737.0,2.0,104.0,0.0,0.0,0.0,0.0,-60.96824347271429
1.0,807.0,2.0,107.0,0.0,0.0,0.0,0.0,-63.83080697986288
1.0,919.0,2.0,136.0,0.0,0.0,0.0,0.0,-91.23472856169599
1.0,922.0,2.0,115.0,0.0,0.0,0.0,0.0,-71.37898102219526
1.0,930.0,2.0,221.0,0.0,0.0,0.0,0.0,-171.64067710900426
1.0,975.0,0.0,0.0,0.0,0.0,0.0,0.0,37.38420321563514
1.0,983.0,0.0,0.0,1.0,270.0,0.0,0.0,-97.64618672496799
1.0,1058.0,1.0,80.0,4.0,248.0,0.0,0.0,-162.27226393909496
1.0,1115.0,2.0,222.0,0.0,0.0,0.0,0.0,-172.5890168144288
1.0,784.0,2.0,69.0,2.0,321.0,0.0,0.0,-188.35730627776675
1.0,792.0,0.0,0.0,1.0,146.0,0.0,0.0,-35.596969177761956
1.0,829.0,2.0,90.0,2.0,309.0,0.0,0.0,-202.2371173916459
1.0,845.0,2.0,82.0,2.0,242.0,0.0,0.0,-161.15647922184638
1.0,862.0,0.0,0.0,2.0,115.0,0.0,0.0,-20.113302154373713
1.0,893.0,2.0,61.0,2.0,321.0,0.0,0.0,-180.80336442083234
1.0,967.0,0.0,0.0,2.0,205.0,0.0,0.0,-65.11322348365923
1.0,1024.0,0.0,0.0,1.0,329.0,0.0,0.0,-127.1065102415203
1.0,1040.0,0.0,0.0,2.0,282.0,0.0,0.0,-103.62179434058388
1.0,1043.0,0.0,0.0,1.0,347.0,0.0,0.0,-136.11081341195114
1.0,642.0,0.0,0.0,0.0,0.0,0.0,0.0,37.3963747586038
1.0,651.0,0.0,0.0,0.0,0.0,0.0,0.0,37.38481900800926
1.0,663.0,1.0,59.0,0.0,0.0,0.0,0.0,-18.39422026233578
1.0,673.0,1.0,34.0,0.0,0.0,0.0,0.0,5.237232822880557
1.0,709.0,0.0,0.0,2.0,29.0,0.0,0.0,22.88615997302451
1.0,730.0,0.0,0.0,0.0,0.0,0.0,0.0,37.39126035091568
1.0,751.0,0.0,0.0,0.0,0.0,0.0,0.0,37.36432905456971
1.0,983.0,2.0,93.0,0.0,0.0,0.0,0.0,-50.57132657964113
1.0,1172.0,0.0,0.0,0.0,0.0,0.0,0.0,37.383342480087855
1.0,1310.0,0.0,0.0,0.0,0.0,0.0,0.0,37.36530771880907
1.0,666.0,1.0,46.0,0.0,0.0,0.0,0.0,-6.139691137811063
1.0,723.0,1.0,63.0,0.0,0.0,0.0,0.0,-22.180978435531706
1.0,750.0,1.0,63.0,0.0,0.0,0.0,0.0,-22.18336268265972
1.0,751.0,0.0,0.0,0.0,0.0,0.0,0.0,37.38745958629874
1.0,779.0,1.0,54.0,0.0,0.0,0.0,0.0,-13.66894458697518
1.0,848.0,1.0,54.0,0.0,0.0,0.0,0.0,-13.669913298619882
1.0,912.0,1.0,72.0,2.0,363.0,0.0,0.0,-212.19409734686394
1.0,938.0,1.0,46.0,0.0,0.0,0.0,0.0,-6.135665906504748
1.0,1004.0,1.0,61.0,1.0,12.0,0.0,0.0,-26.290200456181495
1.0,1040.0,2.0,133.0,2.0,415.0,0.0,0.0,-295.9143196112845
1.0,625.0,0.0,0.0,1.0,20.0,0.0,0.0,27.38540245915648
1.0,687.0,1.0,40.0,0.0,0.0,0.0,0.0,-0.4577910411824533
1.0,833.0,1.0,33.0,0.0,0.0,0.0,0.0,6.1530133348546485
1.0,841.0,2.0,73.0,0.0,0.0,0.0,0.0,-31.665095212457494
1.0,892.0,1.0,138.0,3.0,372.0,0.0,0.0,-279.11439273747067
1.0,932.0,1.0,25.0,4.0,447.0,0.0,0.0,-209.75818623552934
1.0,949.0,1.0,53.0,0.0,0.0,0.0,0.0,-12.759341268928196
1.0,967.0,1.0,25.0,4.0,454.0,0.0,0.0,-213.2526186202833
1.0,600.0,0.0,0.0,0.0,0.0,0.0,0.0,37.40201328467906
1.0,636.0,0.0,0.0,0.0,0.0,0.0,0.0,37.4012586630354
1.0,665.0,1.0,37.0,1.0,25.0,0.0,0.0,-10.100128314965367
1.0,1041.0,1.0,53.0,0.0,0.0,0.0,0.0,-12.760902268552762
1.0,721.0,2.0,69.0,0.0,0.0,0.0,0.0,-27.878010315950505
1.0,1098.0,1.0,138.0,1.0,61.0,0.0,0.0,-123.62450101553091
1.0,783.0,0.0,0.0,0.0,0.0,0.0,0.0,37.391766543114485
1.0,795.0,0.0,0.0,0.0,0.0,0.0,0.0,37.35997822971521
1.0,913.0,2.0,174.0,0.0,0.0,0.0,0.0,-127.16015836950416
1.0,936.0,0.0,0.0,1.0,19.0,0.0,0.0,27.88597872608556
1.0,1017.0,0.0,0.0,0.0,0.0,0.0,0.0,37.38927506469699
1.0,1038.0,3.0,202.0,0.0,0.0,0.0,0.0,-153.65025862819408
1.0,625.0,2.0,86.0,1.0,100.0,0.0,0.0,-93.93577487259418
1.0,737.0,1.0,71.0,1.0,27.0,0.0,0.0,-43.250158139208786
1.0,778.0,2.0,114.0,0.0,0.0,0.0,0.0,-70.4214856322347
1.0,794.0,0.0,0.0,2.0,299.0,0.0,0.0,-112.11199057668819
1.0,805.0,0.0,0.0,0.0,0.0,0.0,0.0,37.381876311234784
1.0,815.0,2.0,86.0,0.0,0.0,0.0,0.0,-43.934361606971166
1.0,615.0,1.0,55.0,0.0,0.0,0.0,0.0,-14.62005501561228
1.0,945.0,2.0,102.0,0.0,0.0,0.0,0.0,-59.081545982326375
1.0,974.0,1.0,32.0,2.0,252.0,0.0,0.0,-118.87864367949048
1.0,663.0,2.0,153.0,0.0,0.0,0.0,0.0,-107.29268022221964
1.0,979.0,1.0,48.0,1.0,39.0,0.0,0.0,-27.511302348468796
1.0,701.0,1.0,56.0,0.0,0.0,0.0,0.0,-15.56335062877163
1.0,754.0,3.0,271.0,0.0,0.0,0.0,0.0,-218.89614140153037
1.0,1071.0,1.0,43.0,0.0,0.0,0.0,0.0,-3.2739434399504646
1.0,765.0,0.0,0.0,0.0,0.0,0.0,0.0,37.398348491753076
1.0,826.0,1.0,22.0,0.0,0.0,0.0,0.0,16.57498057582762
1.0,852.0,0.0,0.0,0.0,0.0,0.0,0.0,37.39727252601763
1.0,866.0,1.0,59.0,0.0,0.0,0.0,0.0,-18.40404449333044
1.0,925.0,3.0,192.0,0.0,0.0,0.0,0.0,-144.21639346963784
1.0,929.0,0.0,0.0,0.0,0.0,0.0,0.0,37.37232757018491
1.0,659.0,1.0,123.0,0.0,0.0,0.0,0.0,-78.9324184172797
1.0,692.0,0.0,0.0,1.0,241.0,0.0,0.0,-83.09633162539711
1.0,698.0,1.0,53.0,0.0,0.0,0.0,0.0,-12.717672801672222
1.0,707.0,0.0,0.0,0.0,0.0,0.0,0.0,37.39101049454772
1.0,730.0,0.0,0.0,1.0,213.0,0.0,0.0,-69.11282361043175
1.0,657.0,2.0,68.0,0.0,0.0,0.0,0.0,-26.912120877539053
1.0,843.0,2.0,194.0,0.0,0.0,0.0,0.0,-146.06223043351665
1.0,681.0,1.0,209.0,0.0,0.0,0.0,0.0,-160.27963012749512
1.0,889.0,1.0,65.0,0.0,0.0,0.0,0.0,-24.079428593860314
1.0,725.0,1.0,22.0,0.0,0.0,0.0,0.0,16.59211270615876
1.0,901.0,2.0,210.0,0.0,0.0,0.0,0.0,-161.20172643534903
1.0,747.0,2.0,121.0,2.0,311.0,0.0,0.0,-232.53733667416915
1.0,923.0,0.0,0.0,3.0,350.0,0.0,0.0,-137.6497285392097
1.0,759.0,0.0,0.0,0.0,0.0,0.0,0.0,37.39413991998041
1.0,779.0,1.0,209.0,2.0,37.0,0.0,0.0,-178.77337621458315
1.0,1025.0,3.0,225.0,1.0,230.0,0.0,0.0,-290.4255347324132
1.0,899.0,1.0,101.0,3.0,314.0,0.0,0.0,-215.13444017195303
1.0,898.0,2.0,167.0,1.0,331.0,0.0,0.0,-286.03596846291975
1.0,937.0,1.0,46.0,0.0,0.0,0.0,0.0,-6.108931456502269
1.0,959.0,1.0,55.0,3.0,317.0,0.0,0.0,-173.11535346799099
1.0,612.0,1.0,63.0,0.0,0.0,0.0,0.0,-22.18887533624249
1.0,614.0,0.0,0.0,1.0,179.0,0.0,0.0,-52.10460216174237
1.0,625.0,1.0,31.0,2.0,202.0,0.0,0.0,-92.9180518086834
1.0,634.0,0.0,0.0,0.0,0.0,0.0,0.0,37.39369804894915
1.0,641.0,2.0,74.0,0.0,0.0,0.0,0.0,-32.58325013989138
1.0,685.0,0.0,0.0,0.0,0.0,0.0,0.0,37.386101231609885
1.0,609.0,3.0,304.0,0.0,0.0,0.0,0.0,-250.0989525694621
1.0,648.0,0.0,0.0,0.0,0.0,0.0,0.0,37.39755778480361
1.0,658.0,2.0,174.0,0.0,0.0,0.0,0.0,-127.16248026218312
1.0,676.0,3.0,162.0,0.0,0.0,0.0,0.0,-115.80543528145503
1.0,801.0,2.0,89.0,0.0,0.0,0.0,0.0,-46.79306020696961
1.0,830.0,0.0,0.0,0.0,0.0,0.0,0.0,37.36937245960941
1.0,732.0,1.0,208.0,0.0,0.0,0.0,0.0,-159.32275115772626
1.0,798.0,2.0,149.0,0.0,0.0,0.0,0.0,-103.50966782955314
1.0,934.0,1.0,48.0,0.0,0.0,0.0,0.0,-8.032893234084291
1.0,934.0,1.0,31.0,2.0,260.0,0.0,0.0,-121.94262453277929
1.0,834.0,2.0,175.0,0.0,0.0,0.0,0.0,-128.11996734683024
1.0,865.0,2.0,96.0,1.0,8.0,0.0,0.0,-57.40006834495862
1.0,956.0,1.0,14.0,0.0,0.0,0.0,0.0,24.143483042059255
1.0,1213.0,0.0,0.0,2.0,258.0,0.0,0.0,-91.61897527174476
1.0,603.0,3.0,103.0,0.0,0.0,0.0,0.0,-60.004382570893995
1.0,651.0,1.0,124.0,0.0,0.0,0.0,0.0,-79.86710193543823
1.0,719.0,1.0,35.0,0.0,0.0,0.0,0.0,4.296152447482044
1.0,726.0,1.0,25.0,1.0,128.0,0.0,0.0,-50.24596888334144
1.0,740.0,1.0,12.0,1.0,135.0,0.0,0.0,-41.45996028224835
1.0,770.0,0.0,0.0,2.0,293.0,0.0,0.0,-109.10769314911022
1.0,829.0,0.0,0.0,3.0,310.0,0.0,0.0,-117.61007443496814
1.0,853.0,3.0,133.0,0.0,0.0,0.0,0.0,-88.38415783186983
1.0,914.0,1.0,52.0,2.0,152.0,0.0,0.0,-87.79082695043473
1.0,973.0,3.0,228.0,1.0,67.0,0.0,0.0,-211.72800825357896
1.0,709.0,0.0,0.0,3.0,380.0,0.0,0.0,-152.60276213689033
1.0,723.0,0.0,0.0,1.0,41.0,0.0,0.0,16.8971251364466
1.0,742.0,2.0,65.0,0.0,0.0,0.0,0.0,-24.073885552358362
1.0,778.0,1.0,56.0,0.0,0.0,0.0,0.0,-15.56621820610205
1.0,786.0,1.0,98.0,1.0,66.0,0.0,0.0,-88.29474579457471
1.0,812.0,1.0,61.0,0.0,0.0,0.0,0.0,-20.31142872670116
1.0,897.0,0.0,0.0,1.0,8.0,0.0,0.0,33.39016420250072
1.0,901.0,0.0,0.0,1.0,113.0,0.0,0.0,-19.13314246345758
1.0,938.0,1.0,9.0,0.0,0.0,0.0,0.0,28.863445177820363
1.0,983.0,2.0,159.0,0.0,0.0,0.0,0.0,-112.99814390407549
1.0,665.0,0.0,0.0,0.0,0.0,0.0,0.0,37.36518742125462
1.0,662.0,3.0,160.0,1.0,24.0,0.0,0.0,-125.91320190013539
1.0,682.0,1.0,61.0,0.0,0.0,0.0,0.0,-20.293328435379323
1.0,693.0,2.0,90.0,0.0,0.0,0.0,0.0,-47.71008090573246
1.0,764.0,1.0,33.0,0.0,0.0,0.0,0.0,6.172656587794457
1.0,791.0,1.0,32.0,0.0,0.0,0.0,0.0,7.121138018788752
1.0,795.0,1.0,35.0,1.0,88.0,0.0,0.0,-39.70868769411655
1.0,806.0,1.0,61.0,0.0,0.0,0.0,0.0,-20.29317834119047
1.0,819.0,1.0,47.0,0.0,0.0,0.0,0.0,-7.056436368596707
1.0,915.0,3.0,123.0,0.0,0.0,0.0,0.0,-78.92845094200035
1.0,637.0,0.0,0.0,0.0,0.0,0.0,0.0,37.404794990053304
1.0,678.0,1.0,60.0,1.0,278.0,0.0,0.0,-158.33736992449167
1.0,804.0,2.0,277.0,1.0,80.0,0.0,0.0,-264.56030755644395
1.0,807.0,2.0,278.0,1.0,292.0,0.0,0.0,-371.5132330329125
1.0,936.0,2.0,104.0,1.0,364.0,0.0,0.0,-242.95941927110076
1.0,1000.0,1.0,28.0,1.0,206.0,0.0,0.0,-92.09732575456995
1.0,997.0,1.0,99.0,3.0,193.0,0.0,0.0,-152.74829877328523
1.0,1005.0,1.0,59.0,1.0,216.0,0.0,0.0,-126.40827274264709
1.0,1016.0,2.0,33.0,1.0,287.0,0.0,0.0,-137.32393799397087
1.0,636.0,0.0,0.0,2.0,348.0,0.0,0.0,-136.5976312000217
1.0,1274.0,0.0,0.0,1.0,561.0,0.0,0.0,-243.12661517643895
1.0,772.0,0.0,0.0,1.0,115.0,0.0,0.0,-20.117244240326265
1.0,779.0,0.0,0.0,2.0,375.0,0.0,0.0,-150.10532720561676
1.0,850.0,2.0,290.0,0.0,0.0,0.0,0.0,-236.87871422759224
1.0,863.0,1.0,89.0,0.0,0.0,0.0,0.0,-46.80666335167196
1.0,894.0,0.0,0.0,1.0,354.0,0.0,0.0,-139.64070735059516
1.0,963.0,0.0,0.0,2.0,431.0,0.0,0.0,-178.1241024651665
1.0,967.0,2.0,339.0,1.0,261.0,0.0,0.0,-413.7230729838587
1.0,1017.0,0.0,0.0,0.0,0.0,0.0,0.0,37.38665684718172
1.0,1028.0,1.0,40.0,0.0,0.0,0.0,0.0,-0.4697378923284603
1.0,618.0,1.0,58.0,2.0,27.0,0.0,0.0,-30.958117122269755
1.0,652.0,0.0,0.0,1.0,8.0,0.0,0.0,33.40177998140796
1.0,745.0,0.0,0.0,1.0,3.0,0.0,0.0,35.862818633030095
1.0,748.0,0.0,0.0,2.0,307.0,0.0,0.0,-116.1019123462064
1.0,762.0,3.0,184.0,1.0,21.0,0.0,0.0,-147.12535565329745
1.0,783.0,0.0,0.0,0.0,0.0,0.0,0.0,37.38009597464326
1.0,813.0,0.0,0.0,0.0,0.0,0.0,0.0,37.36429278816229
1.0,811.0,0.0,0.0,2.0,334.0,0.0,0.0,-129.6141962777239
1.0,847.0,1.0,47.0,1.0,25.0,0.0,0.0,-19.580331358055837
1.0,639.0,0.0,0.0,0.0,0.0,0.0,0.0,37.40491458251577
1.0,649.0,1.0,100.0,2.0,216.0,0.0,0.0,-165.16823436224217
1.0,1033.0,1.0,79.0,2.0,144.0,0.0,0.0,-109.32807785908214
1.0,802.0,2.0,154.0,1.0,150.0,0.0,0.0,-183.23892782081407
1.0,825.0,0.0,0.0,2.0,140.0,0.0,0.0,-32.60368437303893
1.0,873.0,0.0,0.0,2.0,522.0,0.0,0.0,-223.60668517969896
1.0,926.0,0.0,0.0,0.0,0.0,0.0,0.0,37.398949648554336
1.0,948.0,0.0,0.0,1.0,238.0,0.0,0.0,-81.61871465754795
1.0,968.0,0.0,0.0,0.0,0.0,0.0,0.0,37.39155470840897
1.0,981.0,1.0,54.0,1.0,170.0,0.0,0.0,-98.67339287010972
1.0,1007.0,0.0,0.0,1.0,13.0,0.0,0.0,30.87070494064362
1.0,670.0,0.0,0.0,1.0,368.0,0.0,0.0,-146.60365375215514
1.0,749.0,1.0,34.0,1.0,41.0,0.0,0.0,-15.283419564714897
1.0,778.0,2.0,111.0,1.0,78.0,0.0,0.0,-106.57261644206602
1.0,788.0,0.0,0.0,1.0,269.0,0.0,0.0,-97.11610175492498
1.0,849.0,1.0,63.0,1.0,45.0,0.0,0.0,-44.70007524647486
1.0,853.0,2.0,123.0,1.0,42.0,0.0,0.0,-99.93506243159759
1.0,601.0,1.0,4.0,2.0,347.0,0.0,0.0,-139.8906472089871
1.0,895.0,2.0,84.0,1.0,52.0,0.0,0.0,-68.05804810623748
1.0,662.0,0.0,0.0,1.0,129.0,0.0,0.0,-27.117198575871242
1.0,694.0,0.0,0.0,1.0,41.0,0.0,0.0,16.88717287209098
1.0,975.0,2.0,110.0,1.0,48.0,0.0,0.0,-90.67998668979395
1.0,979.0,1.0,57.0,1.0,85.0,0.0,0.0,-59.045650290202026
1.0,754.0,1.0,57.0,0.0,0.0,0.0,0.0,-16.52592954898951
1.0,768.0,2.0,182.0,2.0,336.0,0.0,0.0,-302.72257034403117
1.0,797.0,1.0,57.0,0.0,0.0,0.0,0.0,-16.53025078769064
1.0,813.0,0.0,0.0,0.0,0.0,0.0,0.0,37.37831491536092
1.0,1068.0,1.0,54.0,1.0,79.0,0.0,0.0,-53.19659655776098
1.0,824.0,1.0,4.0,0.0,0.0,0.0,0.0,33.60299544675456
1.0,893.0,1.0,127.0,1.0,52.0,0.0,0.0,-108.71344669153443
1.0,929.0,1.0,55.0,1.0,183.0,0.0,0.0,-106.11836010282215
1.0,602.0,0.0,0.0,0.0,0.0,0.0,0.0,37.39861958536264
1.0,622.0,1.0,34.0,0.0,0.0,0.0,0.0,5.2290300526182065
1.0,648.0,2.0,107.0,0.0,0.0,0.0,0.0,-63.81342979974741
1.0,662.0,0.0,0.0,0.0,0.0,0.0,0.0,37.39830312114792
1.0,811.0,0.0,0.0,2.0,351.0,0.0,0.0,-138.1059268278945
1.0,836.0,2.0,89.0,0.0,0.0,0.0,0.0,-46.79408030524209
1.0,739.0,1.0,98.0,0.0,0.0,0.0,0.0,-55.282367026744716
1.0,760.0,0.0,0.0,0.0,0.0,0.0,0.0,37.38123105996184
1.0,923.0,1.0,52.0,0.0,0.0,0.0,0.0,-11.815140760676286
1.0,954.0,0.0,0.0,2.0,478.0,0.0,0.0,-201.61173901449587
1.0,842.0,1.0,52.0,0.0,0.0,0.0,0.0,-11.806323153464803
1.0,958.0,0.0,0.0,0.0,0.0,0.0,0.0,37.37495896749558
1.0,882.0,0.0,0.0,1.0,292.0,0.0,0.0,-108.60684015664884
1.0,893.0,1.0,98.0,0.0,0.0,0.0,0.0,-55.29494931209739
1.0,1016.0,0.0,0.0,2.0,424.0,0.0,0.0,-174.60544883186037
1.0,1031.0,0.0,0.0,1.0,220.0,0.0,0.0,-72.6124065376904
1.0,935.0,1.0,54.0,0.0,0.0,0.0,0.0,-13.709742859972017
1.0,991.0,2.0,106.0,0.0,0.0,0.0,0.0,-62.85675741840786
1.0,1032.0,0.0,0.0,0.0,0.0,0.0,0.0,37.385799076014216
1.0,1057.0,0.0,0.0,2.0,222.0,0.0,0.0,-73.60709726763346
1.0,724.0,1.0,69.0,0.0,0.0,0.0,0.0,-27.872815650382606
1.0,765.0,1.0,34.0,0.0,0.0,0.0,0.0,5.214218786914657
1.0,628.0,1.0,14.0,0.0,0.0,0.0,0.0,24.14666557280112
1.0,773.0,1.0,56.0,0.0,0.0,0.0,0.0,-15.588915247365797
1.0,710.0,0.0,0.0,0.0,0.0,0.0,0.0,37.38899746318495
1.0,715.0,2.0,109.0,0.0,0.0,0.0,0.0,-65.70234655734868
1.0,858.0,2.0,90.0,0.0,0.0,0.0,0.0,-47.75339220225924
1.0,745.0,3.0,423.0,0.0,0.0,0.0,0.0,-362.65038013450527
1.0,742.0,0.0,0.0,0.0,0.0,0.0,0.0,37.38697870491156
1.0,783.0,2.0,70.0,0.0,0.0,0.0,0.0,-28.807089367566057
1.0,960.0,2.0,261.0,2.0,52.0,0.0,0.0,-235.4530797075747
1.0,830.0,2.0,87.0,0.0,0.0,0.0,0.0,-44.90860179494133
1.0,966.0,4.0,235.0,3.0,105.0,0.0,0.0,-237.34298808651803
1.0,990.0,0.0,0.0,3.0,560.0,0.0,0.0,-242.61171547838194
1.0,989.0,2.0,270.0,3.0,190.0,0.0,0.0,-312.96888558204915
1.0,998.0,1.0,59.0,1.0,133.0,0.0,0.0,-84.92386723545582
1.0,1007.0,0.0,0.0,1.0,343.0,0.0,0.0,-134.10770165539498
1.0,885.0,2.0,57.0,0.0,0.0,0.0,0.0,-16.533849520108696
1.0,905.0,1.0,53.0,0.0,0.0,0.0,0.0,-12.747433757542325
1.0,939.0,3.0,383.0,0.0,0.0,0.0,0.0,-324.8221778355351
1.0,588.0,1.0,62.0,0.0,0.0,0.0,0.0,-21.22923221881362
1.0,661.0,0.0,0.0,0.0,0.0,0.0,0.0,37.36552786966639
1.0,613.0,0.0,0.0,1.0,50.0,0.0,0.0,12.40018425131413
1.0,629.0,0.0,0.0,0.0,0.0,0.0,0.0,37.38912840685312
1.0,701.0,1.0,51.0,0.0,0.0,0.0,0.0,-10.829208657215169
1.0,702.0,0.0,0.0,1.0,84.0,0.0,0.0,-4.604305009355599
1.0,732.0,2.0,114.0,0.0,0.0,0.0,0.0,-70.43085949653701
1.0,810.0,0.0,0.0,0.0,0.0,0.0,0.0,37.38798952564789
1.0,881.0,1.0,96.0,0.0,0.0,0.0,0.0,-53.39737494692487
1.0,903.0,1.0,56.0,0.0,0.0,0.0,0.0,-15.57202329390752
1.0,848.0,0.0,0.0,1.0,499.0,0.0,0.0,-212.11433412921653
1.0,848.0,0.0,0.0,0.0,0.0,0.0,0.0,37.37547537387425
1.0,920.0,1.0,51.0,0.0,0.0,0.0,0.0,-10.83674476294594
1.0,928.0,0.0,0.0,0.0,0.0,0.0,0.0,37.38372384013634
1.0,927.0,0.0,0.0,0.0,0.0,0.0,0.0,37.395480163981105
1.0,941.0,2.0,150.0,0.0,0.0,0.0,0.0,-104.47094692976947
1.0,947.0,2.0,110.0,0.0,0.0,0.0,0.0,-66.63653472535626
1.0,943.0,1.0,39.0,0.0,0.0,0.0,0.0,0.490924313780674
1.0,986.0,1.0,52.0,0.0,0.0,0.0,0.0,-11.792084654226827
1.0,1051.0,1.0,39.0,0.0,0.0,0.0,0.0,0.46206956837607294
1.0,607.0,0.0,0.0,0.0,0.0,0.0,0.0,37.402465554057954
1.0,643.0,0.0,0.0,2.0,327.0,0.0,0.0,-126.11043314099355
1.0,715.0,0.0,0.0,1.0,70.0,0.0,0.0,2.3752461960757216
1.0,785.0,0.0,0.0,1.0,122.0,0.0,0.0,-23.602549098064223
1.0,813.0,0.0,0.0,0.0,0.0,0.0,0.0,37.37142626513407
1.0,816.0,0.0,0.0,2.0,25.0,0.0,0.0,24.893619788244138
1.0,838.0,1.0,43.0,1.0,268.0,0.0,0.0,-137.2721404863679
1.0,667.0,1.0,48.0,1.0,17.0,0.0,0.0,-16.49794492332088
1.0,669.0,0.0,0.0,0.0,0.0,0.0,0.0,37.36616514934896
1.0,694.0,0.0,0.0,1.0,34.0,0.0,0.0,20.38618758916712
1.0,869.0,1.0,43.0,1.0,294.0,0.0,0.0,-150.2678094299376
1.0,922.0,0.0,0.0,1.0,213.0,0.0,0.0,-69.1231747673843
1.0,862.0,1.0,363.0,4.0,327.0,0.0,0.0,-469.4131342108527
1.0,865.0,0.0,0.0,3.0,455.0,0.0,0.0,-190.12934317137558
1.0,896.0,0.0,0.0,0.0,0.0,0.0,0.0,37.346606897379154
1.0,909.0,1.0,363.0,3.0,297.0,0.0,0.0,-454.42237479032
1.0,933.0,0.0,0.0,2.0,501.0,0.0,0.0,-213.10800692358424
1.0,956.0,1.0,48.0,1.0,35.0,0.0,0.0,-25.510939805565847
1.0,1131.0,0.0,0.0,1.0,85.0,0.0,0.0,-5.177995438137771
1.0,995.0,0.0,0.0,2.0,474.0,0.0,0.0,-199.6201236679578
1.0,620.0,2.0,183.0,1.0,301.0,0.0,0.0,-286.1681839097248
1.0,662.0,1.0,65.0,0.0,0.0,0.0,0.0,-24.071406729746585
1.0,679.0,4.0,198.0,1.0,200.0,0.0,0.0,-249.8455078445303
1.0,646.0,0.0,0.0,0.0,0.0,0.0,0.0,37.36835599635983
1.0,687.0,2.0,132.0,1.0,187.0,0.0,0.0,-180.93412467499118
1.0,728.0,1.0,65.0,1.0,21.0,0.0,0.0,-34.58749640421344
1.0,771.0,2.0,87.0,1.0,150.0,0.0,0.0,-119.87906321625647
1.0,741.0,1.0,34.0,1.0,331.0,0.0,0.0,-160.25567735502347
1.0,769.0,0.0,0.0,0.0,0.0,0.0,0.0,37.35739870711084
1.0,806.0,1.0,57.0,0.0,0.0,0.0,0.0,-16.523114383225995
1.0,785.0,3.0,114.0,1.0,309.0,0.0,0.0,-224.92185003516272
1.0,800.0,0.0,0.0,0.0,0.0,0.0,0.0,37.36040079079059
1.0,802.0,2.0,91.0,1.0,284.0,0.0,0.0,-190.66210401262285
1.0,871.0,1.0,17.0,0.0,0.0,0.0,0.0,21.306217175231577
1.0,895.0,2.0,169.0,0.0,0.0,0.0,0.0,-122.42886161223447
1.0,930.0,0.0,0.0,1.0,206.0,0.0,0.0,-65.61955821278794
1.0,916.0,1.0,128.0,1.0,148.0,0.0,0.0,-157.67499189136154
1.0,953.0,1.0,44.0,1.0,324.0,0.0,0.0,-166.22745406045158
1.0,1018.0,0.0,0.0,1.0,193.0,0.0,0.0,-59.117835512472716
1.0,1121.0,0.0,0.0,0.0,0.0,0.0,0.0,37.384515923703844
1.0,646.0,1.0,192.0,0.0,0.0,0.0,0.0,-144.1978709212978
1.0,623.0,0.0,0.0,1.0,161.0,0.0,0.0,-43.09999844499055
1.0,730.0,1.0,61.0,0.0,0.0,0.0,0.0,-20.300594550058797
1.0,692.0,1.0,45.0,0.0,0.0,0.0,0.0,-5.164814463496171
1.0,730.0,2.0,81.0,0.0,0.0,0.0,0.0,-39.198204974990276
1.0,822.0,0.0,0.0,1.0,65.0,0.0,0.0,4.8535560078461515
1.0,829.0,0.0,0.0,1.0,173.0,0.0,0.0,-49.130189746244014
1.0,858.0,0.0,0.0,1.0,204.0,0.0,0.0,-64.6067860527802
1.0,825.0,1.0,23.0,0.0,0.0,0.0,0.0,15.63505505052548
1.0,939.0,0.0,0.0,3.0,270.0,0.0,0.0,-97.60636782299117
1.0,997.0,4.0,521.0,0.0,0.0,0.0,0.0,-455.35553879446053
1.0,929.0,1.0,55.0,0.0,0.0,0.0,0.0,-14.658545297202885
1.0,1006.0,1.0,236.0,1.0,99.0,0.0,0.0,-235.32152630846394
1.0,943.0,1.0,55.0,1.0,200.0,0.0,0.0,-114.6202490449918
1.0,943.0,1.0,44.0,0.0,0.0,0.0,0.0,-4.257318744628414
1.0,1016.0,1.0,32.0,1.0,382.0,0.0,0.0,-183.89871124434575
1.0,964.0,3.0,123.0,0.0,0.0,0.0,0.0,-78.94354024287924
1.0,981.0,1.0,34.0,1.0,273.0,0.0,0.0,-131.26327647082945
1.0,1010.0,1.0,58.0,0.0,0.0,0.0,0.0,-17.47215200516475
1.0,1168.0,0.0,0.0,1.0,168.0,0.0,0.0,-46.645556552012884
1.0,654.0,0.0,0.0,1.0,191.0,0.0,0.0,-58.11578441014712
1.0,682.0,1.0,66.0,0.0,0.0,0.0,0.0,-25.013261738087806
1.0,695.0,2.0,336.0,2.0,223.0,0.0,0.0,-391.86099301893074
1.0,620.0,1.0,57.0,0.0,0.0,0.0,0.0,-16.51860382658245
1.0,709.0,0.0,0.0,0.0,0.0,0.0,0.0,37.397972379038606
1.0,645.0,0.0,0.0,0.0,0.0,0.0,0.0,37.402112419860394
1.0,696.0,0.0,0.0,1.0,187.0,0.0,0.0,-56.10201503649991
1.0,705.0,0.0,0.0,1.0,230.0,0.0,0.0,-77.6170415322717
1.0,712.0,0.0,0.0,0.0,0.0,0.0,0.0,37.38140032647426
1.0,838.0,0.0,0.0,0.0,0.0,0.0,0.0,37.37016270661196
1.0,773.0,1.0,192.0,1.0,229.0,0.0,0.0,-258.6807484692391
1.0,876.0,0.0,0.0,1.0,236.0,0.0,0.0,-80.62022390501579
1.0,891.0,1.0,270.0,1.0,174.0,0.0,0.0,-304.9495863183612
1.0,815.0,1.0,192.0,1.0,323.0,0.0,0.0,-305.70923111983575
1.0,910.0,0.0,0.0,0.0,0.0,0.0,0.0,37.330729214783915
1.0,856.0,0.0,0.0,2.0,371.0,0.0,0.0,-148.09898358426233
1.0,967.0,0.0,0.0,0.0,0.0,0.0,0.0,37.37516535077119
1.0,926.0,0.0,0.0,2.0,411.0,0.0,0.0,-168.10385468172558
1.0,1084.0,0.0,0.0,1.0,50.0,0.0,0.0,12.341725432480043
1.0,1004.0,1.0,57.0,0.0,0.0,0.0,0.0,-16.552099422490187
1.0,644.0,1.0,48.0,0.0,0.0,0.0,0.0,-8.002511192011355
1.0,659.0,0.0,0.0,1.0,151.0,0.0,0.0,-38.1135055196584
1.0,681.0,0.0,0.0,1.0,229.0,0.0,0.0,-77.12020790974589
1.0,699.0,1.0,93.0,0.0,0.0,0.0,0.0,-50.58511390879224
1.0,708.0,0.0,0.0,0.0,0.0,0.0,0.0,37.39247748357651
1.0,735.0,1.0,58.0,1.0,42.0,0.0,0.0,-38.46105738474183
1.0,729.0,3.0,382.0,0.0,0.0,0.0,0.0,-323.86037211819126
1.0,734.0,1.0,48.0,0.0,0.0,0.0,0.0,-7.996374095588742
1.0,746.0,0.0,0.0,1.0,277.0,0.0,0.0,-101.11436341770096
1.0,746.0,3.0,378.0,0.0,0.0,0.0,0.0,-320.08148969999195
1.0,820.0,4.0,284.0,0.0,0.0,0.0,0.0,-231.22738574109238
1.0,817.0,1.0,119.0,0.0,0.0,0.0,0.0,-75.18575416192044
1.0,823.0,1.0,59.0,0.0,0.0,0.0,0.0,-18.4181078692282
1.0,832.0,1.0,56.0,0.0,0.0,0.0,0.0,-15.567416730118005
1.0,834.0,3.0,397.0,0.0,0.0,0.0,0.0,-338.06313116192996
1.0,868.0,1.0,237.0,1.0,19.0,0.0,0.0,-196.24428788119673
1.0,939.0,1.0,25.0,2.0,460.0,0.0,0.0,-216.25489240903892
1.0,961.0,0.0,0.0,0.0,0.0,0.0,0.0,37.38357141438709
1.0,1027.0,1.0,58.0,0.0,0.0,0.0,0.0,-17.502062238198356
1.0,1124.0,1.0,16.0,0.0,0.0,0.0,0.0,22.202855095690747
1.0,625.0,0.0,0.0,0.0,0.0,0.0,0.0,37.39393594624688
1.0,686.0,0.0,0.0,2.0,199.0,0.0,0.0,-62.099286174843456
1.0,691.0,0.0,0.0,0.0,0.0,0.0,0.0,37.37042069529698
1.0,756.0,0.0,0.0,0.0,0.0,0.0,0.0,37.36869349432277
1.0,651.0,0.0,0.0,0.0,0.0,0.0,0.0,37.3963600783827
1.0,839.0,0.0,0.0,2.0,413.0,0.0,0.0,-169.1289613240743
1.0,667.0,0.0,0.0,0.0,0.0,0.0,0.0,37.38636338497138
1.0,880.0,3.0,346.0,2.0,492.0,0.0,0.0,-535.8246905872304
1.0,704.0,0.0,0.0,1.0,78.0,0.0,0.0,-1.6141189270167402
1.0,734.0,2.0,72.0,0.0,0.0,0.0,0.0,-30.70478468882385
1.0,911.0,1.0,46.0,2.0,448.0,0.0,0.0,-230.1095278471846
1.0,923.0,2.0,499.0,2.0,604.0,0.0,0.0,-736.5081119846993
1.0,757.0,2.0,59.0,0.0,0.0,0.0,0.0,-18.410060326284807
1.0,786.0,1.0,60.0,1.0,23.0,0.0,0.0,-30.865303998784448
1.0,815.0,0.0,0.0,0.0,0.0,0.0,0.0,37.36557640414023
1.0,1021.0,0.0,0.0,2.0,476.0,0.0,0.0,-200.62794699515382
1.0,1026.0,2.0,283.0,2.0,429.0,0.0,0.0,-444.7645299139911
1.0,917.0,0.0,0.0,0.0,0.0,0.0,0.0,37.38684741864928
1.0,916.0,2.0,29.0,0.0,0.0,0.0,0.0,9.930247261500618
1.0,1002.0,1.0,60.0,0.0,0.0,0.0,0.0,-19.37205196089071
1.0,648.0,0.0,0.0,0.0,0.0,0.0,0.0,37.37941983035064
1.0,700.0,0.0,0.0,0.0,0.0,0.0,0.0,37.38027047272978
1.0,728.0,0.0,0.0,0.0,0.0,0.0,0.0,37.367373672266346
1.0,635.0,0.0,0.0,2.0,169.0,0.0,0.0,-47.105074142384495
1.0,647.0,0.0,0.0,0.0,0.0,0.0,0.0,37.40268720606238
1.0,673.0,0.0,0.0,0.0,0.0,0.0,0.0,37.38694301145548
1.0,833.0,0.0,0.0,0.0,0.0,0.0,0.0,37.37699795450503
1.0,683.0,1.0,15.0,1.0,180.0,0.0,0.0,-66.80840981176941
1.0,861.0,2.0,112.0,0.0,0.0,0.0,0.0,-68.52497698693695
1.0,730.0,1.0,15.0,1.0,123.0,0.0,0.0,-38.28487057643722
1.0,770.0,0.0,0.0,0.0,0.0,0.0,0.0,37.39555048991609
1.0,805.0,0.0,0.0,0.0,0.0,0.0,0.0,37.38357501075757
1.0,971.0,2.0,169.0,3.0,285.0,0.0,0.0,-264.926185528544
1.0,984.0,0.0,0.0,2.0,109.0,0.0,0.0,-17.108990330082207
1.0,997.0,0.0,0.0,0.0,0.0,0.0,0.0,37.382786017791304
1.0,1016.0,0.0,0.0,0.0,0.0,0.0,0.0,37.382440372299506
1.0,1024.0,2.0,69.0,1.0,9.0,0.0,0.0,-32.40058568894676
1.0,899.0,1.0,54.0,1.0,21.0,0.0,0.0,-24.197147428693675
1.0,1014.0,2.0,112.0,2.0,183.0,0.0,0.0,-160.04390064483948
1.0,1026.0,1.0,58.0,0.0,0.0,0.0,0.0,-17.484372750898764
1.0,709.0,0.0,0.0,1.0,235.0,0.0,0.0,-80.0951376333785
1.0,755.0,1.0,59.0,0.0,0.0,0.0,0.0,-18.410274693285075
1.0,605.0,0.0,0.0,0.0,0.0,0.0,0.0,37.3891745714309
1.0,619.0,0.0,0.0,1.0,286.0,0.0,0.0,-105.59572603841781
1.0,787.0,0.0,0.0,1.0,157.0,0.0,0.0,-41.120669965084055
1.0,635.0,0.0,0.0,1.0,20.0,0.0,0.0,27.39753409339847
1.0,794.0,0.0,0.0,1.0,161.0,0.0,0.0,-43.111385491294186
1.0,808.0,0.0,0.0,3.0,234.0,0.0,0.0,-79.61091556842385
1.0,662.0,0.0,0.0,2.0,75.0,0.0,0.0,-0.11163039877320102
1.0,730.0,0.0,0.0,0.0,0.0,0.0,0.0,37.38488290417853
1.0,748.0,0.0,0.0,1.0,277.0,0.0,0.0,-101.10219218386594
1.0,921.0,0.0,0.0,0.0,0.0,0.0,0.0,37.35862023503011
1.0,947.0,0.0,0.0,2.0,339.0,0.0,0.0,-132.11477777663026
1.0,955.0,0.0,0.0,0.0,0.0,0.0,0.0,37.36864992777667
1.0,809.0,0.0,0.0,1.0,58.0,0.0,0.0,8.385083646372209
1.0,997.0,0.0,0.0,3.0,232.0,0.0,0.0,-78.62324427409413
1.0,1043.0,1.0,59.0,1.0,223.0,0.0,0.0,-129.91159400405945
1.0,938.0,0.0,0.0,2.0,358.0,0.0,0.0,-141.6033982724746
1.0,940.0,1.0,15.0,2.0,416.0,0.0,0.0,-184.8055033343681
1.0,1022.0,1.0,15.0,1.0,392.0,0.0,0.0,-172.79853580049965
1.0,623.0,0.0,0.0,0.0,0.0,0.0,0.0,37.404440934405734
1.0,698.0,0.0,0.0,2.0,256.0,0.0,0.0,-90.60805292268643
1.0,729.0,0.0,0.0,1.0,339.0,0.0,0.0,-132.12182084099595
1.0,786.0,3.0,85.0,0.0,0.0,0.0,0.0,-42.99133450929687
1.0,801.0,1.0,14.0,0.0,0.0,0.0,0.0,24.158681953927406
1.0,811.0,0.0,0.0,1.0,241.0,0.0,0.0,-83.11396394619544
1.0,676.0,0.0,0.0,1.0,101.0,0.0,0.0,-13.117505238052644
1.0,683.0,2.0,405.0,0.0,0.0,0.0,0.0,-345.626215853076
1.0,711.0,1.0,359.0,0.0,0.0,0.0,0.0,-302.1167596244154
1.0,871.0,0.0,0.0,0.0,0.0,0.0,0.0,37.38024146380415
1.0,750.0,0.0,0.0,1.0,223.0,0.0,0.0,-74.10595492805754
1.0,770.0,1.0,42.0,1.0,78.0,0.0,0.0,-41.33502399202668
1.0,914.0,1.0,35.0,0.0,0.0,0.0,0.0,4.2931671697349145
1.0,942.0,1.0,36.0,0.0,0.0,0.0,0.0,3.3302256714753895
1.0,975.0,0.0,0.0,0.0,0.0,0.0,0.0,37.358426999023244
1.0,843.0,1.0,44.0,1.0,336.0,0.0,0.0,-172.22832989938203
1.0,849.0,0.0,0.0,0.0,0.0,0.0,0.0,37.38265341853085
1.0,878.0,0.0,0.0,1.0,391.0,0.0,0.0,-158.10060722758678
1.0,957.0,1.0,42.0,1.0,142.0,0.0,0.0,-73.33454940970438
1.0,971.0,2.0,90.0,2.0,421.0,0.0,0.0,-258.2573045407226
1.0,607.0,1.0,54.0,0.0,0.0,0.0,0.0,-13.673610181211437
1.0,637.0,3.0,145.0,0.0,0.0,0.0,0.0,-99.72380816429812
1.0,680.0,0.0,0.0,1.0,245.0,0.0,0.0,-85.11826908999299
1.0,603.0,1.0,13.0,0.0,0.0,0.0,0.0,25.110380876190987
1.0,825.0,1.0,32.0,1.0,48.0,0.0,0.0,-16.90108396147496
1.0,872.0,0.0,0.0,0.0,0.0,0.0,0.0,37.37806417683999
1.0,876.0,1.0,37.0,2.0,399.0,0.0,0.0,-197.1052825063033
1.0,892.0,3.0,122.0,0.0,0.0,0.0,0.0,-77.99470398992425
1.0,766.0,0.0,0.0,2.0,146.0,0.0,0.0,-35.607313558629116
1.0,782.0,1.0,76.0,1.0,12.0,0.0,0.0,-40.48541745590023
1.0,994.0,0.0,0.0,1.0,23.0,0.0,0.0,25.882239534413824
1.0,875.0,2.0,61.0,0.0,0.0,0.0,0.0,-20.309352483886443
1.0,885.0,0.0,0.0,1.0,9.0,0.0,0.0,32.8877410924767
1.0,904.0,2.0,119.0,0.0,0.0,0.0,0.0,-75.14364285371082
1.0,901.0,1.0,48.0,0.0,0.0,0.0,0.0,-7.996950482970874
1.0,912.0,1.0,55.0,2.0,318.0,0.0,0.0,-173.6371275698795
1.0,967.0,1.0,76.0,0.0,0.0,0.0,0.0,-34.51444244105206
1.0,967.0,1.0,64.0,3.0,504.0,0.0,0.0,-275.1492645487466
1.0,1201.0,1.0,36.0,0.0,0.0,0.0,0.0,3.260028872426247
1.0,1221.0,0.0,0.0,1.0,411.0,0.0,0.0,-168.17104347330724
1.0,622.0,0.0,0.0,0.0,0.0,0.0,0.0,37.396862069883596
1.0,655.0,0.0,0.0,0.0,0.0,0.0,0.0,37.40206941767622
1.0,677.0,0.0,0.0,1.0,100.0,0.0,0.0,-12.59866266918484
1.0,726.0,1.0,29.0,1.0,187.0,0.0,0.0,-83.52547168563899
1.0,666.0,1.0,61.0,0.0,0.0,0.0,0.0,-20.297170029795154
1.0,720.0,2.0,118.0,0.0,0.0,0.0,0.0,-74.1982490544051
1.0,848.0,0.0,0.0,1.0,141.0,0.0,0.0,-33.12191024902899
1.0,742.0,4.0,224.0,0.0,0.0,0.0,0.0,-174.45829255553076
1.0,874.0,0.0,0.0,0.0,0.0,0.0,0.0,37.383094481449945
1.0,943.0,0.0,0.0,1.0,138.0,0.0,0.0,-31.613919567344013
1.0,846.0,0.0,0.0,2.0,144.0,0.0,0.0,-34.61221939419908
1.0,847.0,2.0,104.0,0.0,0.0,0.0,0.0,-60.98293728520234
1.0,863.0,0.0,0.0,0.0,0.0,0.0,0.0,37.377268795460814
1.0,1021.0,1.0,59.0,0.0,0.0,0.0,0.0,-18.418907094834367
1.0,929.0,0.0,0.0,3.0,317.0,0.0,0.0,-121.10810737790632
1.0,1050.0,0.0,0.0,2.0,287.0,0.0,0.0,-106.1233925452545
1.0,938.0,1.0,45.0,0.0,0.0,0.0,0.0,-5.174193853204194
1.0,1060.0,2.0,88.0,1.0,143.0,0.0,0.0,-117.3755136459934
1.0,1009.0,1.0,54.0,0.0,0.0,0.0,0.0,-13.688433864755162
1.0,1011.0,1.0,50.0,0.0,0.0,0.0,0.0,-9.918084136337036
1.0,662.0,2.0,106.0,0.0,0.0,0.0,0.0,-62.85628090751127
1.0,665.0,1.0,238.0,0.0,0.0,0.0,0.0,-187.69079549419797
1.0,674.0,1.0,71.0,0.0,0.0,0.0,0.0,-29.768918894239043
1.0,682.0,0.0,0.0,1.0,62.0,0.0,0.0,6.378317761764304
1.0,697.0,1.0,238.0,0.0,0.0,0.0,0.0,-187.71083656655784
1.0,824.0,0.0,0.0,3.0,233.0,0.0,0.0,-79.10539652137629
1.0,773.0,0.0,0.0,0.0,0.0,0.0,0.0,37.38267574130656
1.0,790.0,2.0,87.0,2.0,136.0,0.0,0.0,-112.87676109549548
1.0,909.0,2.0,91.0,0.0,0.0,0.0,0.0,-48.6766951341476
1.0,925.0,0.0,0.0,0.0,0.0,0.0,0.0,37.38361384783457
1.0,938.0,1.0,233.0,2.0,386.0,0.0,0.0,-375.9561103003381
1.0,881.0,0.0,0.0,0.0,0.0,0.0,0.0,37.35054846392542
1.0,989.0,2.0,100.0,0.0,0.0,0.0,0.0,-57.21056821606897
1.0,935.0,0.0,0.0,0.0,0.0,0.0,0.0,37.39153757258292
1.0,1019.0,1.0,233.0,2.0,508.0,0.0,0.0,-436.96694851856284
1.0,1018.0,1.0,95.0,2.0,391.0,0.0,0.0,-247.96919333709994
1.0,1044.0,3.0,192.0,0.0,0.0,0.0,0.0,-144.2375869055678
1.0,1045.0,0.0,0.0,1.0,42.0,0.0,0.0,16.352700773133037
1.0,974.0,0.0,0.0,1.0,86.0,0.0,0.0,-5.655268403276374
1.0,1062.0,1.0,16.0,0.0,0.0,0.0,0.0,22.20711400718705
1.0,649.0,0.0,0.0,0.0,0.0,0.0,0.0,37.395973278116756
1.0,655.0,0.0,0.0,0.0,0.0,0.0,0.0,37.39089803371991
1.0,599.0,0.0,0.0,2.0,195.0,0.0,0.0,-60.10317653509918
1.0,724.0,0.0,0.0,2.0,324.0,0.0,0.0,-124.60011301151482
1.0,769.0,0.0,0.0,0.0,0.0,0.0,0.0,37.39000058011296
1.0,692.0,0.0,0.0,0.0,0.0,0.0,0.0,37.37677918666512
1.0,787.0,1.0,56.0,1.0,173.0,0.0,0.0,-102.08226157442988
1.0,816.0,0.0,0.0,0.0,0.0,0.0,0.0,37.393034603787115
1.0,835.0,0.0,0.0,0.0,0.0,0.0,0.0,37.392131882645934
1.0,760.0,0.0,0.0,1.0,67.0,0.0,0.0,3.8839546747917026
1.0,773.0,0.0,0.0,2.0,99.0,0.0,0.0,-12.100869072351657
1.0,895.0,0.0,0.0,1.0,263.0,0.0,0.0,-94.12324963354993
1.0,830.0,1.0,75.0,1.0,90.0,0.0,0.0,-78.54438087732689
1.0,953.0,1.0,59.0,2.0,211.0,0.0,0.0,-123.90495920453782
1.0,989.0,2.0,115.0,1.0,155.0,0.0,0.0,-148.89518245933078
1.0,940.0,3.0,266.0,2.0,316.0,0.0,0.0,-372.17394137238
1.0,944.0,0.0,0.0,1.0,447.0,0.0,0.0,-186.11582903912628
1.0,948.0,2.0,318.0,2.0,216.0,0.0,0.0,-371.3427279423881
1.0,1010.0,2.0,143.0,3.0,395.0,0.0,0.0,-295.34856375348164
1.0,1028.0,2.0,312.0,2.0,84.0,0.0,0.0,-299.67078209120837
1.0,630.0,1.0,41.0,0.0,0.0,0.0,0.0,-1.3978166612710012
1.0,702.0,2.0,103.0,0.0,0.0,0.0,0.0,-60.02746761347492
1.0,705.0,1.0,54.0,0.0,0.0,0.0,0.0,-13.682322581301278
1.0,615.0,0.0,0.0,1.0,57.0,0.0,0.0,8.884511590016533
1.0,756.0,2.0,90.0,0.0,0.0,0.0,0.0,-47.74179877116128
1.0,760.0,3.0,119.0,0.0,0.0,0.0,0.0,-75.14743655979316
1.0,771.0,0.0,0.0,1.0,122.0,0.0,0.0,-23.610978550118077
1.0,819.0,1.0,280.0,1.0,68.0,0.0,0.0,-261.40003367551395
1.0,824.0,1.0,61.0,1.0,25.0,0.0,0.0,-32.795721094026824
1.0,718.0,1.0,53.0,1.0,178.0,0.0,0.0,-101.72139736626814
1.0,859.0,1.0,280.0,1.0,95.0,0.0,0.0,-274.90137183167235
1.0,772.0,0.0,0.0,1.0,120.0,0.0,0.0,-22.600636036536322
1.0,982.0,0.0,0.0,1.0,180.0,0.0,0.0,-52.61863419330902
1.0,878.0,0.0,0.0,0.0,0.0,0.0,0.0,37.39368750240205
1.0,877.0,0.0,0.0,1.0,24.0,0.0,0.0,25.386720182262316
1.0,877.0,0.0,0.0,1.0,21.0,0.0,0.0,26.878026420244232
1.0,902.0,0.0,0.0,1.0,233.0,0.0,0.0,-79.1053759037514
1.0,907.0,0.0,0.0,1.0,6.0,0.0,0.0,34.40072662275749
1.0,947.0,1.0,53.0,1.0,233.0,0.0,0.0,-129.22757335865572
1.0,964.0,0.0,0.0,0.0,0.0,0.0,0.0,37.387768330015845
1.0,611.0,0.0,0.0,0.0,0.0,0.0,0.0,37.40070348904835
1.0,645.0,0.0,0.0,0.0,0.0,0.0,0.0,37.399303041880565
1.0,717.0,1.0,17.0,0.0,0.0,0.0,0.0,21.31226324746896
1.0,741.0,0.0,0.0,2.0,277.0,0.0,0.0,-101.0959891693555
1.0,745.0,0.0,0.0,3.0,365.0,0.0,0.0,-145.09670344445522
1.0,657.0,0.0,0.0,0.0,0.0,0.0,0.0,37.39405099691389
1.0,673.0,0.0,0.0,0.0,0.0,0.0,0.0,37.40042418289924
1.0,679.0,0.0,0.0,0.0,0.0,0.0,0.0,37.4051053814698
1.0,716.0,1.0,40.0,0.0,0.0,0.0,0.0,-0.4299532105583097
1.0,837.0,2.0,242.0,1.0,9.0,0.0,0.0,-195.96558322294408
1.0,857.0,0.0,0.0,0.0,0.0,0.0,0.0,37.34517771876668
1.0,872.0,0.0,0.0,1.0,279.0,0.0,0.0,-102.1213139950727
1.0,761.0,0.0,0.0,0.0,0.0,0.0,0.0,37.39763395864847
1.0,877.0,2.0,255.0,0.0,0.0,0.0,0.0,-203.7577661232254
1.0,931.0,3.0,154.0,2.0,280.0,0.0,0.0,-248.2422150593979
1.0,891.0,1.0,40.0,0.0,0.0,0.0,0.0,-0.4407174112477108
1.0,989.0,0.0,0.0,2.0,166.0,0.0,0.0,-45.602416946423254
1.0,1016.0,0.0,0.0,1.0,3.0,0.0,0.0,35.882256192421885
1.0,1042.0,0.0,0.0,1.0,133.0,0.0,0.0,-29.13917814932619
1.0,1199.0,0.0,0.0,0.0,0.0,0.0,0.0,37.33329762993281
1.0,612.0,1.0,50.0,0.0,0.0,0.0,0.0,-9.879364633525839
1.0,635.0,1.0,58.0,0.0,0.0,0.0,0.0,-17.449718149946072
1.0,646.0,0.0,0.0,0.0,0.0,0.0,0.0,37.3678632579454
1.0,704.0,0.0,0.0,1.0,231.0,0.0,0.0,-78.11564054585136
1.0,757.0,1.0,55.0,1.0,63.0,0.0,0.0,-46.116276200916495
1.0,844.0,0.0,0.0,1.0,55.0,0.0,0.0,9.895030833379394
1.0,872.0,0.0,0.0,1.0,121.0,0.0,0.0,-23.114289810628016
1.0,880.0,1.0,55.0,0.0,0.0,0.0,0.0,-14.615938401791595
1.0,939.0,1.0,58.0,0.0,0.0,0.0,0.0,-17.455332468878616
1.0,602.0,0.0,0.0,1.0,53.0,0.0,0.0,10.902619921242454
1.0,603.0,1.0,58.0,0.0,0.0,0.0,0.0,-17.444393635391968
1.0,1006.0,1.0,50.0,1.0,74.0,0.0,0.0,-46.904608798000865
1.0,682.0,1.0,57.0,0.0,0.0,0.0,0.0,-16.509334285006666
1.0,716.0,0.0,0.0,0.0,0.0,0.0,0.0,37.358445199803164
1.0,779.0,1.0,57.0,0.0,0.0,0.0,0.0,-16.560241056338057
1.0,811.0,0.0,0.0,2.0,413.0,0.0,0.0,-169.1062443879991
1.0,838.0,1.0,58.0,0.0,0.0,0.0,0.0,-17.49346897405119
1.0,956.0,2.0,70.0,0.0,0.0,0.0,0.0,-28.814610336702486
1.0,1026.0,1.0,18.0,0.0,0.0,0.0,0.0,20.351103381993017
1.0,1059.0,1.0,52.0,0.0,0.0,0.0,0.0,-11.799935575324717
1.0,624.0,1.0,135.0,0.0,0.0,0.0,0.0,-90.29468289752123
1.0,748.0,1.0,80.0,1.0,278.0,0.0,0.0,-177.28256343752443
1.0,760.0,1.0,50.0,0.0,0.0,0.0,0.0,-9.909675512771628
1.0,773.0,0.0,0.0,0.0,0.0,0.0,0.0,37.37025761990912
1.0,784.0,0.0,0.0,2.0,48.0,0.0,0.0,13.387178072129046
1.0,787.0,1.0,50.0,0.0,0.0,0.0,0.0,-9.934428915019268
1.0,867.0,0.0,0.0,2.0,263.0,0.0,0.0,-94.11988528433284
1.0,868.0,2.0,143.0,2.0,318.0,0.0,0.0,-256.83711395304783
1.0,1063.0,2.0,198.0,2.0,326.0,0.0,0.0,-312.8836783397588
1.0,1136.0,0.0,0.0,0.0,0.0,0.0,0.0,37.35789558971024
1.0,732.0,0.0,0.0,0.0,0.0,0.0,0.0,37.36838913456783
1.0,787.0,0.0,0.0,0.0,0.0,0.0,0.0,37.38771311661221
1.0,855.0,0.0,0.0,2.0,316.0,0.0,0.0,-120.6184672263347
1.0,856.0,0.0,0.0,2.0,328.0,0.0,0.0,-126.61511342697779
1.0,902.0,0.0,0.0,0.0,0.0,0.0,0.0,37.35425631201535
1.0,990.0,0.0,0.0,2.0,106.0,0.0,0.0,-15.639607139655325
1.0,1001.0,0.0,0.0,1.0,18.0,0.0,0.0,28.354162683855726
1.0,1030.0,0.0,0.0,0.0,0.0,0.0,0.0,37.3598157768334
1.0,1054.0,0.0,0.0,1.0,299.0,0.0,0.0,-112.14959163487421
1.0,1316.0,0.0,0.0,2.0,455.0,0.0,0.0,-190.12996553528154
1.0,647.0,1.0,58.0,0.0,0.0,0.0,0.0,-17.487015491034583
1.0,679.0,0.0,0.0,2.0,367.0,0.0,0.0,-146.10657909390844
1.0,787.0,2.0,108.0,0.0,0.0,0.0,0.0,-64.74452873809432
1.0,886.0,0.0,0.0,2.0,443.0,0.0,0.0,-184.1020318903863
1.0,965.0,0.0,0.0,1.0,359.0,0.0,0.0,-142.12667763803188
1.0,981.0,0.0,0.0,2.0,422.0,0.0,0.0,-173.62097998091988
1.0,1039.0,0.0,0.0,1.0,362.0,0.0,0.0,-143.61153952675997
1.0,1045.0,1.0,24.0,1.0,251.0,0.0,0.0,-110.82614016975609
1.0,1059.0,1.0,352.0,2.0,197.0,0.0,0.0,-394.01583567814777
1.0,1078.0,3.0,426.0,2.0,361.0,0.0,0.0,-546.0214261698488
1.0,657.0,3.0,163.0,0.0,0.0,0.0,0.0,-116.7601566604036
1.0,666.0,0.0,0.0,0.0,0.0,0.0,0.0,37.38384085106135
1.0,698.0,1.0,56.0,0.0,0.0,0.0,0.0,-15.603442775478385
1.0,735.0,1.0,55.0,0.0,0.0,0.0,0.0,-14.653427901738894
1.0,745.0,1.0,52.0,0.0,0.0,0.0,0.0,-11.819978188188209
1.0,761.0,1.0,50.0,0.0,0.0,0.0,0.0,-9.904463882408834
1.0,895.0,2.0,89.0,0.0,0.0,0.0,0.0,-46.81818634677842
1.0,966.0,0.0,0.0,2.0,335.0,0.0,0.0,-130.12856358634826
1.0,969.0,1.0,39.0,0.0,0.0,0.0,0.0,0.47485185514150174
1.0,1037.0,0.0,0.0,1.0,25.0,0.0,0.0,24.882710454569036
1.0,626.0,0.0,0.0,0.0,0.0,0.0,0.0,37.375497229718604
1.0,654.0,0.0,0.0,1.0,4.0,0.0,0.0,35.39207101506113
1.0,667.0,0.0,0.0,2.0,186.0,0.0,0.0,-55.60776101067099
1.0,734.0,0.0,0.0,1.0,168.0,0.0,0.0,-46.60066460403248
1.0,817.0,1.0,106.0,3.0,563.0,0.0,0.0,-344.35055813446235
1.0,876.0,2.0,190.0,3.0,555.0,0.0,0.0,-419.7906614607759
1.0,900.0,1.0,33.0,1.0,453.0,0.0,0.0,-220.31057540092593
1.0,898.0,1.0,84.0,1.0,493.0,0.0,0.0,-288.54787275402464
1.0,904.0,1.0,33.0,1.0,258.0,0.0,0.0,-122.81433784211634
1.0,1025.0,0.0,0.0,1.0,32.0,0.0,0.0,21.392443582548005
1.0,711.0,0.0,0.0,0.0,0.0,0.0,0.0,37.38759399566908
1.0,742.0,0.0,0.0,2.0,180.0,0.0,0.0,-52.60662211531129
1.0,744.0,1.0,57.0,0.0,0.0,0.0,0.0,-16.545126502870808
1.0,813.0,3.0,310.0,1.0,104.0,0.0,0.0,-307.7711258241939
1.0,812.0,1.0,57.0,0.0,0.0,0.0,0.0,-16.52304153726076
1.0,830.0,2.0,71.0,1.0,94.0,0.0,0.0,-76.74661823981631
1.0,1003.0,2.0,86.0,1.0,211.0,0.0,0.0,-149.4435201358816
1.0,1017.0,4.0,284.0,1.0,136.0,0.0,0.0,-299.19178213059
1.0,1026.0,1.0,9.0,0.0,0.0,0.0,0.0,28.8650771139287
1.0,1125.0,0.0,0.0,0.0,0.0,0.0,0.0,37.343611001955196
1.0,766.0,0.0,0.0,0.0,0.0,0.0,0.0,37.37582458253418
1.0,775.0,0.0,0.0,1.0,22.0,0.0,0.0,26.394343409066447
1.0,789.0,0.0,0.0,1.0,15.0,0.0,0.0,29.89262624154448
1.0,790.0,0.0,0.0,0.0,0.0,0.0,0.0,37.37406765111151
1.0,827.0,0.0,0.0,0.0,0.0,0.0,0.0,37.382932215932726
1.0,892.0,0.0,0.0,1.0,280.0,0.0,0.0,-102.61124959714348
1.0,897.0,2.0,60.0,1.0,396.0,0.0,0.0,-217.35714424176788
1.0,961.0,1.0,40.0,0.0,0.0,0.0,0.0,-0.45046291378672976
1.0,1011.0,1.0,20.0,1.0,430.0,0.0,0.0,-196.52441900113766
1.0,1233.0,0.0,0.0,2.0,571.0,0.0,0.0,-248.1198372941529
1.0,636.0,0.0,0.0,0.0,0.0,0.0,0.0,37.37230409877123
1.0,637.0,2.0,232.0,1.0,295.0,0.0,0.0,-329.49742173596104
1.0,703.0,0.0,0.0,1.0,78.0,0.0,0.0,-1.6117375508015854
1.0,718.0,2.0,227.0,1.0,258.0,0.0,0.0,-306.2717536809518
1.0,809.0,0.0,0.0,1.0,187.0,0.0,0.0,-56.11834433634411
1.0,850.0,0.0,0.0,1.0,280.0,0.0,0.0,-102.61879920100972
1.0,899.0,0.0,0.0,2.0,441.0,0.0,0.0,-183.10735633399645
1.0,906.0,2.0,89.0,1.0,267.0,0.0,0.0,-180.27365913402815
1.0,928.0,0.0,0.0,1.0,7.0,0.0,0.0,33.886336110054565
1.0,1179.0,0.0,0.0,1.0,139.0,0.0,0.0,-32.125350743318805
1.0,630.0,1.0,57.0,1.0,198.0,0.0,0.0,-115.52148322569118
1.0,643.0,1.0,62.0,0.0,0.0,0.0,0.0,-21.23578896040813
1.0,682.0,0.0,0.0,1.0,69.0,0.0,0.0,2.87960791467237
1.0,710.0,1.0,49.0,1.0,211.0,0.0,0.0,-114.44728651491766
1.0,829.0,2.0,72.0,1.0,181.0,0.0,0.0,-121.23295543673399
1.0,877.0,2.0,77.0,1.0,128.0,0.0,0.0,-99.4221290448427
1.0,929.0,0.0,0.0,1.0,9.0,0.0,0.0,32.89360157005247
1.0,936.0,0.0,0.0,2.0,28.0,0.0,0.0,23.381192353954887
1.0,986.0,1.0,49.0,1.0,38.0,0.0,0.0,-27.950977811961323
1.0,1046.0,0.0,0.0,0.0,0.0,0.0,0.0,37.36430642788365
1.0,651.0,1.0,48.0,1.0,102.0,0.0,0.0,-58.99465516301651
1.0,704.0,2.0,121.0,0.0,0.0,0.0,0.0,-77.03441424726051
1.0,708.0,2.0,113.0,1.0,99.0,0.0,0.0,-118.98596815394805
1.0,723.0,0.0,0.0,0.0,0.0,0.0,0.0,37.3827737946508
1.0,807.0,1.0,64.0,0.0,0.0,0.0,0.0,-23.14732598112689
1.0,827.0,2.0,96.0,0.0,0.0,0.0,0.0,-53.39471044568893
1.0,885.0,1.0,65.0,0.0,0.0,0.0,0.0,-24.07237672121402
1.0,912.0,2.0,97.0,1.0,130.0,0.0,0.0,-119.34180017682762
1.0,1020.0,1.0,56.0,1.0,341.0,0.0,0.0,-186.08551692254065
1.0,1047.0,0.0,0.0,0.0,0.0,0.0,0.0,37.364886592954214
1.0,627.0,3.0,142.0,0.0,0.0,0.0,0.0,-96.89172292129152
1.0,642.0,2.0,83.0,0.0,0.0,0.0,0.0,-41.10261350382085
1.0,655.0,2.0,104.0,0.0,0.0,0.0,0.0,-60.95406128088312
1.0,667.0,3.0,130.0,0.0,0.0,0.0,0.0,-85.57836788820217
1.0,694.0,0.0,0.0,0.0,0.0,0.0,0.0,37.39378504889474
1.0,705.0,1.0,210.0,2.0,280.0,0.0,0.0,-301.20167340247207
1.0,741.0,3.0,144.0,0.0,0.0,0.0,0.0,-98.81321879577794
1.0,811.0,1.0,210.0,2.0,265.0,0.0,0.0,-293.70589626493813
1.0,1020.0,0.0,0.0,2.0,516.0,0.0,0.0,-220.6168917662156
1.0,1171.0,1.0,55.0,0.0,0.0,0.0,0.0,-14.700560958612364
1.0,650.0,1.0,46.0,0.0,0.0,0.0,0.0,-6.09944527940138
1.0,701.0,0.0,0.0,0.0,0.0,0.0,0.0,37.39955646299404
1.0,732.0,1.0,46.0,0.0,0.0,0.0,0.0,-6.1008764197988015
1.0,771.0,0.0,0.0,1.0,10.0,0.0,0.0,32.394461857050395
1.0,825.0,0.0,0.0,0.0,0.0,0.0,0.0,37.38823373088361
1.0,832.0,1.0,27.0,0.0,0.0,0.0,0.0,11.850451498637607
1.0,937.0,2.0,83.0,0.0,0.0,0.0,0.0,-41.12859630088177
1.0,962.0,0.0,0.0,1.0,220.0,0.0,0.0,-72.60989292141966
1.0,989.0,1.0,56.0,0.0,0.0,0.0,0.0,-15.59254987515179
1.0,1031.0,0.0,0.0,0.0,0.0,0.0,0.0,37.36561056348081
1.0,621.0,0.0,0.0,0.0,0.0,0.0,0.0,37.397562784967434
1.0,654.0,0.0,0.0,0.0,0.0,0.0,0.0,37.40112182523961
1.0,722.0,1.0,183.0,0.0,0.0,0.0,0.0,-135.66101740110133
1.0,725.0,1.0,59.0,0.0,0.0,0.0,0.0,-18.404790157642033
1.0,735.0,0.0,0.0,0.0,0.0,0.0,0.0,37.40001214600401
1.0,795.0,0.0,0.0,0.0,0.0,0.0,0.0,37.37411512647183
1.0,831.0,1.0,54.0,0.0,0.0,0.0,0.0,-13.678180470670753
1.0,990.0,3.0,268.0,1.0,12.0,0.0,0.0,-222.0546756589334
1.0,994.0,1.0,54.0,0.0,0.0,0.0,0.0,-13.687952090680426
1.0,1073.0,1.0,26.0,1.0,54.0,0.0,0.0,-14.229417878806174
1.0,641.0,1.0,38.0,0.0,0.0,0.0,0.0,1.4428683097909314
1.0,689.0,2.0,105.0,0.0,0.0,0.0,0.0,-61.91281941729162
1.0,727.0,1.0,34.0,0.0,0.0,0.0,0.0,5.218006407269776
1.0,818.0,1.0,68.0,0.0,0.0,0.0,0.0,-26.912881629430842
1.0,864.0,1.0,38.0,0.0,0.0,0.0,0.0,1.455864447189711
1.0,955.0,0.0,0.0,1.0,297.0,0.0,0.0,-111.12845691752338
1.0,995.0,2.0,71.0,0.0,0.0,0.0,0.0,-29.750197633053723
1.0,993.0,0.0,0.0,0.0,0.0,0.0,0.0,37.345539358344524
1.0,1146.0,1.0,63.0,1.0,593.0,0.0,0.0,-318.7108725822212
1.0,1165.0,1.0,63.0,1.0,668.0,0.0,0.0,-356.2191473641052
1.0,722.0,1.0,39.0,0.0,0.0,0.0,0.0,0.47798309651007287
1.0,808.0,1.0,46.0,0.0,0.0,0.0,0.0,-6.126603159063393
1.0,856.0,1.0,46.0,0.0,0.0,0.0,0.0,-6.157278150957474
1.0,856.0,2.0,482.0,1.0,186.0,0.0,0.0,-511.42487973754714
1.0,884.0,0.0,0.0,2.0,429.0,0.0,0.0,-177.1185920426085
1.0,955.0,3.0,503.0,2.0,313.0,0.0,0.0,-594.7871392507374
1.0,953.0,1.0,39.0,0.0,0.0,0.0,0.0,0.4890092751723074
1.0,1011.0,0.0,0.0,1.0,137.0,0.0,0.0,-31.115030428701232
1.0,1018.0,2.0,540.0,1.0,235.0,0.0,0.0,-590.779943889281
1.0,1023.0,1.0,161.0,2.0,471.0,0.0,0.0,-350.360921259673
1.0,642.0,2.0,113.0,0.0,0.0,0.0,0.0,-69.47889245674338
1.0,642.0,1.0,62.0,0.0,0.0,0.0,0.0,-21.231182373534608
1.0,702.0,0.0,0.0,0.0,0.0,0.0,0.0,37.37557440625706
1.0,810.0,0.0,0.0,0.0,0.0,0.0,0.0,37.37892341047733
1.0,856.0,0.0,0.0,1.0,119.0,0.0,0.0,-22.102435261148422
1.0,867.0,1.0,51.0,0.0,0.0,0.0,0.0,-10.834005316009915
1.0,878.0,1.0,46.0,1.0,51.0,0.0,0.0,-31.622429985033293
1.0,912.0,1.0,46.0,0.0,0.0,0.0,0.0,-6.1062566522535775
1.0,953.0,0.0,0.0,0.0,0.0,0.0,0.0,37.3535154720805
1.0,1017.0,0.0,0.0,1.0,117.0,0.0,0.0,-21.12249669021275
1.0,620.0,1.0,34.0,0.0,0.0,0.0,0.0,5.2297662607103135
1.0,706.0,0.0,0.0,0.0,0.0,0.0,0.0,37.381908655395016
1.0,754.0,1.0,138.0,2.0,197.0,0.0,0.0,-191.638039675987
1.0,833.0,1.0,61.0,0.0,0.0,0.0,0.0,-20.318651416889217
1.0,838.0,0.0,0.0,0.0,0.0,0.0,0.0,37.3660242520863
1.0,895.0,0.0,0.0,2.0,424.0,0.0,0.0,-174.60539907969232
1.0,948.0,1.0,53.0,1.0,263.0,0.0,0.0,-144.23340485226984
1.0,959.0,1.0,34.0,0.0,0.0,0.0,0.0,5.229041495077574
1.0,995.0,2.0,114.0,1.0,129.0,0.0,0.0,-134.9503085200427
1.0,1059.0,1.0,138.0,1.0,20.0,0.0,0.0,-103.15284742858552
1.0,585.0,2.0,85.0,0.0,0.0,0.0,0.0,-42.98340356848051
1.0,741.0,0.0,0.0,0.0,0.0,0.0,0.0,37.36499821678544
1.0,755.0,0.0,0.0,0.0,0.0,0.0,0.0,37.3924868975949
1.0,757.0,1.0,22.0,0.0,0.0,0.0,0.0,16.58315528244239
1.0,797.0,0.0,0.0,0.0,0.0,0.0,0.0,37.400484049614164
1.0,843.0,0.0,0.0,1.0,169.0,0.0,0.0,-47.11557691676985
1.0,906.0,0.0,0.0,0.0,0.0,0.0,0.0,37.3669098589727
1.0,1000.0,0.0,0.0,0.0,0.0,0.0,0.0,37.38179280641975
1.0,623.0,2.0,108.0,0.0,0.0,0.0,0.0,-64.731568235456
1.0,661.0,1.0,53.0,0.0,0.0,0.0,0.0,-12.750619648963884
1.0,679.0,0.0,0.0,0.0,0.0,0.0,0.0,37.37323131024648
1.0,689.0,1.0,56.0,0.0,0.0,0.0,0.0,-15.593719966692852
1.0,687.0,0.0,0.0,1.0,10.0,0.0,0.0,32.38806732425277
1.0,1207.0,0.0,0.0,0.0,0.0,0.0,0.0,37.37506945480542
1.0,713.0,2.0,111.0,0.0,0.0,0.0,0.0,-67.59382994799162
1.0,886.0,0.0,0.0,0.0,0.0,0.0,0.0,37.375232844685016
1.0,919.0,0.0,0.0,1.0,239.0,0.0,0.0,-82.11209110249965
1.0,1443.0,1.0,63.0,0.0,0.0,0.0,0.0,-22.242362089862027
1.0,1087.0,1.0,144.0,2.0,557.0,0.0,0.0,-377.29534744902315
1.0,1201.0,1.0,144.0,1.0,395.0,0.0,0.0,-296.28972687409805
1.0,597.0,1.0,38.0,0.0,0.0,0.0,0.0,1.4661108991855514
1.0,625.0,1.0,57.0,2.0,247.0,0.0,0.0,-140.00570138182934
1.0,682.0,0.0,0.0,0.0,0.0,0.0,0.0,37.391248717826805
1.0,756.0,1.0,49.0,1.0,276.0,0.0,0.0,-146.94130737970153
1.0,816.0,1.0,171.0,2.0,241.0,0.0,0.0,-244.82496631963824
1.0,877.0,2.0,87.0,1.0,274.0,0.0,0.0,-181.8959005916517
1.0,632.0,0.0,0.0,1.0,176.0,0.0,0.0,-50.60811818011309
1.0,914.0,0.0,0.0,2.0,395.0,0.0,0.0,-160.11249387674218
1.0,685.0,1.0,20.0,2.0,67.0,0.0,0.0,-15.018838828929816
1.0,963.0,0.0,0.0,0.0,0.0,0.0,0.0,37.352339473741715
1.0,961.0,2.0,253.0,2.0,139.0,0.0,0.0,-271.372790455959
1.0,709.0,0.0,0.0,0.0,0.0,0.0,0.0,37.38199282893336
1.0,989.0,2.0,139.0,2.0,291.0,0.0,0.0,-239.56313183222318
1.0,753.0,2.0,76.0,1.0,176.0,0.0,0.0,-122.47110198716372
1.0,891.0,0.0,0.0,1.0,308.0,0.0,0.0,-116.61372267047543
1.0,929.0,0.0,0.0,2.0,104.0,0.0,0.0,-14.607248841243283
1.0,945.0,0.0,0.0,1.0,294.0,0.0,0.0,-109.60537971139425
1.0,989.0,0.0,0.0,0.0,0.0,0.0,0.0,37.36417448369735
1.0,1001.0,1.0,56.0,2.0,162.0,0.0,0.0,-96.56846323387136
1.0,1187.0,0.0,0.0,1.0,3.0,0.0,0.0,35.84529503018239
1.0,640.0,2.0,113.0,0.0,0.0,0.0,0.0,-69.47184430436775
1.0,667.0,1.0,55.0,0.0,0.0,0.0,0.0,-14.620392509140416
1.0,720.0,0.0,0.0,0.0,0.0,0.0,0.0,37.37721151193161
1.0,724.0,1.0,24.0,0.0,0.0,0.0,0.0,14.665680108274422
1.0,787.0,1.0,55.0,0.0,0.0,0.0,0.0,-14.64250257172776
1.0,810.0,0.0,0.0,0.0,0.0,0.0,0.0,37.35261538929723
1.0,933.0,0.0,0.0,1.0,276.0,0.0,0.0,-100.62360266801042
1.0,1003.0,1.0,48.0,0.0,0.0,0.0,0.0,-8.043151992958052
1.0,1026.0,0.0,0.0,1.0,170.0,0.0,0.0,-47.647471096246534
1.0,597.0,0.0,0.0,0.0,0.0,0.0,0.0,37.39339225042431
1.0,1074.0,2.0,89.0,0.0,0.0,0.0,0.0,-46.834412965965136
1.0,683.0,0.0,0.0,0.0,0.0,0.0,0.0,37.3934175004867
1.0,712.0,1.0,67.0,0.0,0.0,0.0,0.0,-25.962811932965288
1.0,804.0,2.0,314.0,0.0,0.0,0.0,0.0,-259.56870805319545
1.0,826.0,1.0,45.0,0.0,0.0,0.0,0.0,-5.1838329654451485
1.0,872.0,3.0,174.0,0.0,0.0,0.0,0.0,-127.16823472693778
1.0,890.0,2.0,90.0,0.0,0.0,0.0,0.0,-47.72589624242032
1.0,897.0,1.0,48.0,0.0,0.0,0.0,0.0,-8.013281471904364
1.0,904.0,1.0,249.0,0.0,0.0,0.0,0.0,-198.11454050345648
1.0,934.0,1.0,45.0,0.0,0.0,0.0,0.0,-5.172861734701627
1.0,616.0,0.0,0.0,0.0,0.0,0.0,0.0,37.389181321658896
1.0,623.0,1.0,59.0,0.0,0.0,0.0,0.0,-18.39578020588106
1.0,631.0,2.0,279.0,0.0,0.0,0.0,0.0,-226.45260320012508
1.0,636.0,1.0,35.0,0.0,0.0,0.0,0.0,4.283480018414316
1.0,872.0,2.0,74.0,0.0,0.0,0.0,0.0,-32.62798221696544
1.0,892.0,0.0,0.0,0.0,0.0,0.0,0.0,37.34863644876463
1.0,916.0,2.0,49.0,0.0,0.0,0.0,0.0,-8.944327817825119
1.0,615.0,1.0,116.0,0.0,0.0,0.0,0.0,-72.30332421177516
1.0,954.0,2.0,103.0,0.0,0.0,0.0,0.0,-60.01432371562825
1.0,987.0,0.0,0.0,1.0,522.0,0.0,0.0,-223.60362197142803
1.0,1002.0,4.0,355.0,0.0,0.0,0.0,0.0,-298.34139544124514
1.0,681.0,1.0,387.0,0.0,0.0,0.0,0.0,-328.59737615834234
1.0,717.0,1.0,59.0,0.0,0.0,0.0,0.0,-18.403619708973586
1.0,798.0,1.0,387.0,0.0,0.0,0.0,0.0,-328.60649142582133
1.0,806.0,1.0,105.0,0.0,0.0,0.0,0.0,-61.903658360398886
1.0,846.0,1.0,105.0,0.0,0.0,0.0,0.0,-61.9016172516633
1.0,911.0,1.0,59.0,0.0,0.0,0.0,0.0,-18.43802685203371
1.0,949.0,0.0,0.0,0.0,0.0,0.0,0.0,37.366668524365394
1.0,978.0,0.0,0.0,0.0,0.0,0.0,0.0,37.3472779232758
1.0,1054.0,1.0,116.0,0.0,0.0,0.0,0.0,-72.31280866724086
1.0,684.0,0.0,0.0,0.0,0.0,0.0,0.0,37.39705651703259
1.0,690.0,0.0,0.0,0.0,0.0,0.0,0.0,37.3597706570586
1.0,723.0,0.0,0.0,0.0,0.0,0.0,0.0,37.347983514299166
1.0,778.0,0.0,0.0,0.0,0.0,0.0,0.0,37.37782541746665
1.0,840.0,1.0,44.0,0.0,0.0,0.0,0.0,-4.230686671099662
1.0,865.0,0.0,0.0,0.0,0.0,0.0,0.0,37.34923689959507
1.0,903.0,0.0,0.0,2.0,283.0,0.0,0.0,-104.10488861812148
1.0,917.0,1.0,44.0,2.0,357.0,0.0,0.0,-182.76092571011333
1.0,596.0,0.0,0.0,1.0,81.0,0.0,0.0,-3.100953198884021
1.0,993.0,0.0,0.0,1.0,256.0,0.0,0.0,-90.61477400819652
1.0,635.0,1.0,19.0,0.0,0.0,0.0,0.0,19.425612789661262
1.0,1031.0,0.0,0.0,1.0,137.0,0.0,0.0,-31.12008817069662
1.0,678.0,1.0,19.0,0.0,0.0,0.0,0.0,19.431515502237257
1.0,691.0,0.0,0.0,0.0,0.0,0.0,0.0,37.371720927626264
1.0,812.0,0.0,0.0,1.0,58.0,0.0,0.0,8.385846399394183
1.0,840.0,0.0,0.0,1.0,35.0,0.0,0.0,19.892733792775108
1.0,857.0,0.0,0.0,1.0,336.0,0.0,0.0,-130.61203095874012
1.0,1009.0,0.0,0.0,1.0,348.0,0.0,0.0,-136.6299758699787
1.0,1082.0,0.0,0.0,1.0,18.0,0.0,0.0,28.338086538789646
1.0,667.0,3.0,210.0,0.0,0.0,0.0,0.0,-161.2023997433043
1.0,673.0,2.0,114.0,0.0,0.0,0.0,0.0,-70.42248567575608
1.0,671.0,1.0,108.0,0.0,0.0,0.0,0.0,-64.74430185497158
1.0,680.0,0.0,0.0,0.0,0.0,0.0,0.0,37.4021930421329
1.0,696.0,2.0,109.0,0.0,0.0,0.0,0.0,-65.68193110350359
1.0,1460.0,0.0,0.0,1.0,531.0,0.0,0.0,-228.13274541694926
1.0,830.0,0.0,0.0,0.0,0.0,0.0,0.0,37.377791763648034
1.0,831.0,0.0,0.0,1.0,204.0,0.0,0.0,-64.59664940930756
1.0,927.0,0.0,0.0,1.0,43.0,0.0,0.0,15.890577959195365
1.0,985.0,1.0,53.0,0.0,0.0,0.0,0.0,-12.771635540678915
1.0,1067.0,1.0,44.0,0.0,0.0,0.0,0.0,-4.249103377935484
1.0,782.0,0.0,0.0,1.0,11.0,0.0,0.0,31.89077197385511
1.0,817.0,0.0,0.0,1.0,70.0,0.0,0.0,2.3865035071968776
1.0,850.0,1.0,323.0,1.0,99.0,0.0,0.0,-317.58385474246387
1.0,852.0,0.0,0.0,1.0,36.0,0.0,0.0,19.36953731024883
1.0,589.0,0.0,0.0,0.0,0.0,0.0,0.0,37.400426404848055
1.0,629.0,0.0,0.0,1.0,13.0,0.0,0.0,30.90415986256832
1.0,645.0,0.0,0.0,0.0,0.0,0.0,0.0,37.37522387226015
1.0,688.0,1.0,21.0,0.0,0.0,0.0,0.0,17.523275685941403
1.0,964.0,1.0,362.0,1.0,135.0,0.0,0.0,-372.4533014376215
1.0,962.0,0.0,0.0,1.0,102.0,0.0,0.0,-13.610519036227885
1.0,970.0,1.0,59.0,1.0,12.0,0.0,0.0,-24.40664977357747
1.0,723.0,0.0,0.0,1.0,124.0,0.0,0.0,-24.603936494044
1.0,730.0,0.0,0.0,0.0,0.0,0.0,0.0,37.364759206081175
1.0,1012.0,1.0,59.0,1.0,17.0,0.0,0.0,-26.92348442803103
1.0,1031.0,1.0,323.0,0.0,0.0,0.0,0.0,-268.09334193513087
1.0,784.0,0.0,0.0,1.0,91.0,0.0,0.0,-8.10073270810161
1.0,1138.0,1.0,362.0,1.0,106.0,0.0,0.0,-357.9547340466463
1.0,943.0,0.0,0.0,2.0,96.0,0.0,0.0,-10.61677467421994
1.0,1028.0,0.0,0.0,0.0,0.0,0.0,0.0,37.37998934244452
1.0,1174.0,1.0,21.0,1.0,58.0,0.0,0.0,-11.498775635918186
1.0,627.0,1.0,18.0,0.0,0.0,0.0,0.0,20.360796770238704
1.0,720.0,1.0,18.0,0.0,0.0,0.0,0.0,20.345448573863326
1.0,739.0,2.0,118.0,0.0,0.0,0.0,0.0,-74.20023494012025
1.0,770.0,1.0,55.0,0.0,0.0,0.0,0.0,-14.630188728488633
1.0,787.0,2.0,111.0,0.0,0.0,0.0,0.0,-67.57181896138997
1.0,601.0,1.0,32.0,0.0,0.0,0.0,0.0,7.139671302276305
1.0,630.0,0.0,0.0,0.0,0.0,0.0,0.0,37.395838540171894
1.0,995.0,0.0,0.0,0.0,0.0,0.0,0.0,37.32738752223498
1.0,689.0,2.0,224.0,0.0,0.0,0.0,0.0,-174.43842483773147
1.0,996.0,2.0,459.0,0.0,0.0,0.0,0.0,-396.6942117257953
1.0,699.0,1.0,58.0,0.0,0.0,0.0,0.0,-17.449368977659326
1.0,1007.0,1.0,403.0,2.0,137.0,0.0,0.0,-412.2226946086953
1.0,710.0,0.0,0.0,0.0,0.0,0.0,0.0,37.37172663810708
1.0,716.0,2.0,217.0,0.0,0.0,0.0,0.0,-167.81692547865183
1.0,1031.0,0.0,0.0,0.0,0.0,0.0,0.0,37.33951149292308
1.0,792.0,1.0,45.0,0.0,0.0,0.0,0.0,-5.177530109939276
1.0,1215.0,2.0,118.0,0.0,0.0,0.0,0.0,-74.21326958403782
1.0,933.0,2.0,96.0,0.0,0.0,0.0,0.0,-53.41752304203738
1.0,1069.0,0.0,0.0,0.0,0.0,0.0,0.0,37.33493213144334
1.0,1087.0,1.0,32.0,0.0,0.0,0.0,0.0,7.111862509038982
1.0,627.0,0.0,0.0,0.0,0.0,0.0,0.0,37.3851502605573
1.0,700.0,0.0,0.0,0.0,0.0,0.0,0.0,37.36654770613263
1.0,767.0,0.0,0.0,0.0,0.0,0.0,0.0,37.396506088757455
1.0,801.0,0.0,0.0,0.0,0.0,0.0,0.0,37.3427090427338
1.0,861.0,0.0,0.0,2.0,48.0,0.0,0.0,13.38780272025426
1.0,708.0,0.0,0.0,2.0,244.0,0.0,0.0,-84.6083241479808
1.0,894.0,0.0,0.0,2.0,84.0,0.0,0.0,-4.634451597561373
1.0,711.0,0.0,0.0,1.0,172.0,0.0,0.0,-48.639556964825594
1.0,907.0,0.0,0.0,1.0,1.0,0.0,0.0,36.83755779983001
1.0,920.0,0.0,0.0,1.0,25.0,0.0,0.0,24.860222897354305
1.0,737.0,0.0,0.0,1.0,156.0,0.0,0.0,-40.640890917532154
1.0,759.0,0.0,0.0,0.0,0.0,0.0,0.0,37.39289541263987
1.0,973.0,0.0,0.0,1.0,40.0,0.0,0.0,17.363584726740708
1.0,992.0,0.0,0.0,1.0,268.0,0.0,0.0,-96.61216553039966
1.0,914.0,0.0,0.0,1.0,378.0,0.0,0.0,-151.620510869873
1.0,952.0,0.0,0.0,1.0,154.0,0.0,0.0,-39.660101895622745
1.0,974.0,0.0,0.0,1.0,178.0,0.0,0.0,-51.66815211974601
1.0,993.0,0.0,0.0,1.0,198.0,0.0,0.0,-61.636356193551876
1.0,1013.0,0.0,0.0,3.0,305.0,0.0,0.0,-115.10876585036947
1.0,1045.0,0.0,0.0,1.0,163.0,0.0,0.0,-44.153402953123305
1.0,599.0,1.0,41.0,0.0,0.0,0.0,0.0,-1.3691149964380998
1.0,644.0,0.0,0.0,1.0,127.0,0.0,0.0,-26.11686620064122
1.0,722.0,0.0,0.0,2.0,275.0,0.0,0.0,-100.11174105869955
1.0,734.0,0.0,0.0,0.0,0.0,0.0,0.0,37.40175766554024
1.0,800.0,0.0,0.0,0.0,0.0,0.0,0.0,37.37121160671043
1.0,804.0,1.0,41.0,0.0,0.0,0.0,0.0,-1.3757822835730593
1.0,642.0,0.0,0.0,0.0,0.0,0.0,0.0,37.39258846773399
1.0,892.0,2.0,121.0,3.0,361.0,0.0,0.0,-257.54236031306874
1.0,662.0,1.0,57.0,1.0,277.0,0.0,0.0,-155.00297806703637
1.0,947.0,1.0,65.0,3.0,677.0,0.0,0.0,-362.58984509114873
1.0,740.0,1.0,72.0,0.0,0.0,0.0,0.0,-30.70214013663132
1.0,1002.0,0.0,0.0,0.0,0.0,0.0,0.0,37.3760922137447
1.0,1003.0,1.0,56.0,2.0,309.0,0.0,0.0,-170.07879263064078
1.0,772.0,1.0,61.0,0.0,0.0,0.0,0.0,-20.296247780838968
1.0,877.0,1.0,34.0,1.0,242.0,0.0,0.0,-115.76330178349951
1.0,897.0,2.0,120.0,0.0,0.0,0.0,0.0,-76.08818825903589
1.0,978.0,2.0,91.0,1.0,247.0,0.0,0.0,-172.17326071957115
1.0,1015.0,0.0,0.0,1.0,49.0,0.0,0.0,12.858783600463667
1.0,1022.0,0.0,0.0,1.0,23.0,0.0,0.0,25.864986458820866
1.0,1046.0,2.0,131.0,0.0,0.0,0.0,0.0,-86.49250902548732
1.0,619.0,0.0,0.0,2.0,204.0,0.0,0.0,-64.59717496038681
1.0,665.0,0.0,0.0,0.0,0.0,0.0,0.0,37.401863543673734
1.0,727.0,0.0,0.0,1.0,11.0,0.0,0.0,31.898991686969268
1.0,731.0,1.0,247.0,2.0,284.0,0.0,0.0,-338.2109568161703
1.0,827.0,0.0,0.0,2.0,303.0,0.0,0.0,-114.12700007094391
1.0,844.0,1.0,247.0,3.0,425.0,0.0,0.0,-408.70606098274146
1.0,850.0,0.0,0.0,0.0,0.0,0.0,0.0,37.33354601057308
1.0,616.0,0.0,0.0,1.0,25.0,0.0,0.0,24.88734687221769
1.0,648.0,0.0,0.0,0.0,0.0,0.0,0.0,37.39204381783151
1.0,965.0,0.0,0.0,2.0,310.0,0.0,0.0,-117.61394721134855
1.0,689.0,1.0,59.0,0.0,0.0,0.0,0.0,-18.393308823511695
1.0,1014.0,0.0,0.0,1.0,54.0,0.0,0.0,10.351433264791101
1.0,793.0,1.0,46.0,1.0,74.0,0.0,0.0,-43.13634822832255
1.0,823.0,3.0,175.0,1.0,130.0,0.0,0.0,-193.10529488162408
1.0,1131.0,0.0,0.0,1.0,378.0,0.0,0.0,-151.60781240231964
1.0,867.0,1.0,77.0,1.0,429.0,0.0,0.0,-249.93142357852383
1.0,866.0,0.0,0.0,1.0,50.0,0.0,0.0,12.356617909996434
1.0,910.0,1.0,59.0,1.0,152.0,0.0,0.0,-94.4097271554156
1.0,930.0,1.0,52.0,2.0,64.0,0.0,0.0,-43.80867122018198
1.0,1018.0,0.0,0.0,1.0,191.0,0.0,0.0,-58.125849084488486
1.0,720.0,0.0,0.0,0.0,0.0,0.0,0.0,37.36916366622102
1.0,723.0,0.0,0.0,1.0,180.0,0.0,0.0,-52.59994642640198
1.0,729.0,0.0,0.0,2.0,233.0,0.0,0.0,-79.10793720971498
1.0,809.0,0.0,0.0,1.0,439.0,0.0,0.0,-182.14521136381495
1.0,861.0,0.0,0.0,1.0,225.0,0.0,0.0,-75.10528566685196
1.0,737.0,0.0,0.0,0.0,0.0,0.0,0.0,37.32936733806104
1.0,902.0,0.0,0.0,0.0,0.0,0.0,0.0,37.39383656332643
1.0,905.0,0.0,0.0,1.0,109.0,0.0,0.0,-17.13612812739879
1.0,752.0,1.0,56.0,1.0,264.0,0.0,0.0,-147.56872188558447
1.0,976.0,0.0,0.0,1.0,31.0,0.0,0.0,21.859122252081562
1.0,826.0,0.0,0.0,0.0,0.0,0.0,0.0,37.347833163629005
1.0,996.0,0.0,0.0,0.0,0.0,0.0,0.0,37.34914829215749
1.0,891.0,0.0,0.0,4.0,589.0,0.0,0.0,-257.1043473212747
1.0,1065.0,0.0,0.0,2.0,168.0,0.0,0.0,-46.6321884390641
1.0,917.0,0.0,0.0,0.0,0.0,0.0,0.0,37.344035546461235
1.0,987.0,0.0,0.0,0.0,0.0,0.0,0.0,37.371574457345126
1.0,994.0,0.0,0.0,2.0,188.0,0.0,0.0,-56.622464407907074
1.0,1050.0,0.0,0.0,2.0,457.0,0.0,0.0,-191.14237445672384
1.0,1374.0,1.0,262.0,1.0,43.0,0.0,0.0,-231.9566146660202
1.0,1385.0,2.0,318.0,1.0,118.0,0.0,0.0,-322.4299834338696
1.0,682.0,1.0,56.0,0.0,0.0,0.0,0.0,-15.559018378041685
1.0,694.0,0.0,0.0,0.0,0.0,0.0,0.0,37.38516491297604
1.0,754.0,0.0,0.0,0.0,0.0,0.0,0.0,37.357661674837146
1.0,799.0,0.0,0.0,0.0,0.0,0.0,0.0,37.39186345795739
1.0,878.0,0.0,0.0,2.0,500.0,0.0,0.0,-212.60910583925357
1.0,943.0,1.0,49.0,2.0,108.0,0.0,0.0,-62.94372252940872
1.0,949.0,2.0,105.0,2.0,24.0,0.0,0.0,-73.91793450894838
1.0,956.0,1.0,64.0,3.0,449.0,0.0,0.0,-247.6385358877279
1.0,981.0,0.0,0.0,2.0,263.0,0.0,0.0,-94.11511571131155
1.0,1053.0,1.0,64.0,3.0,461.0,0.0,0.0,-253.6660060066394
1.0,644.0,1.0,22.0,0.0,0.0,0.0,0.0,16.59471893718235
1.0,675.0,2.0,115.0,0.0,0.0,0.0,0.0,-71.35809915988588
1.0,682.0,2.0,61.0,0.0,0.0,0.0,0.0,-20.284388276489672
1.0,683.0,2.0,97.0,0.0,0.0,0.0,0.0,-54.37202385623845
1.0,684.0,0.0,0.0,0.0,0.0,0.0,0.0,37.360362967143764
1.0,695.0,1.0,61.0,0.0,0.0,0.0,0.0,-20.293305388763606
1.0,793.0,2.0,84.0,0.0,0.0,0.0,0.0,-42.054113457794486
1.0,885.0,0.0,0.0,0.0,0.0,0.0,0.0,37.39396488602548
1.0,1000.0,2.0,80.0,0.0,0.0,0.0,0.0,-38.288632668233355
1.0,1038.0,0.0,0.0,2.0,230.0,0.0,0.0,-77.63263428547123
1.0,717.0,1.0,78.0,1.0,413.0,0.0,0.0,-242.86435888823326
1.0,792.0,0.0,0.0,1.0,480.0,0.0,0.0,-202.5967505740173
1.0,800.0,0.0,0.0,0.0,0.0,0.0,0.0,37.32695469192848
1.0,868.0,0.0,0.0,0.0,0.0,0.0,0.0,37.33084916671679
1.0,868.0,1.0,57.0,2.0,369.0,0.0,0.0,-201.00621299258702
1.0,881.0,2.0,135.0,2.0,408.0,0.0,0.0,-294.2773556332068
1.0,987.0,0.0,0.0,1.0,354.0,0.0,0.0,-139.61205468512412
1.0,993.0,0.0,0.0,1.0,628.0,0.0,0.0,-276.6295355240358
1.0,1030.0,0.0,0.0,1.0,282.0,0.0,0.0,-103.6744807529987
1.0,609.0,0.0,0.0,0.0,0.0,0.0,0.0,37.389942435933996
1.0,1083.0,0.0,0.0,1.0,383.0,0.0,0.0,-154.13015234299678
1.0,704.0,0.0,0.0,1.0,341.0,0.0,0.0,-133.11277115582084
1.0,820.0,0.0,0.0,5.0,434.0,0.0,0.0,-179.60587066453527
1.0,823.0,0.0,0.0,0.0,0.0,0.0,0.0,37.39350143651673
1.0,849.0,0.0,0.0,1.0,39.0,0.0,0.0,17.858811535890805
1.0,885.0,0.0,0.0,1.0,357.0,0.0,0.0,-141.11679017345432
1.0,905.0,0.0,0.0,5.0,410.0,0.0,0.0,-167.6048142805439
1.0,918.0,0.0,0.0,0.0,0.0,0.0,0.0,37.38195783070189
1.0,1016.0,0.0,0.0,0.0,0.0,0.0,0.0,37.376168484176695
1.0,1078.0,0.0,0.0,1.0,258.0,0.0,0.0,-91.63899442938722
1.0,730.0,0.0,0.0,0.0,0.0,0.0,0.0,37.37878441926533
1.0,743.0,2.0,75.0,1.0,24.0,0.0,0.0,-45.53872941705831
1.0,753.0,2.0,223.0,0.0,0.0,0.0,0.0,-173.53321972852976
1.0,798.0,0.0,0.0,0.0,0.0,0.0,0.0,37.370306154072765
1.0,818.0,2.0,254.0,0.0,0.0,0.0,0.0,-202.86627841237686
1.0,909.0,0.0,0.0,0.0,0.0,0.0,0.0,37.355517208773605
1.0,922.0,0.0,0.0,2.0,457.0,0.0,0.0,-191.10180054580914
1.0,933.0,1.0,66.0,4.0,524.0,0.0,0.0,-287.0555543258937
1.0,941.0,0.0,0.0,4.0,689.0,0.0,0.0,-307.11823608944377
1.0,988.0,1.0,66.0,0.0,0.0,0.0,0.0,-25.027169564161525
1.0,702.0,0.0,0.0,0.0,0.0,0.0,0.0,37.376905242362405
1.0,743.0,1.0,54.0,0.0,0.0,0.0,0.0,-13.678781928182921
1.0,785.0,1.0,54.0,0.0,0.0,0.0,0.0,-13.716203502592442
1.0,813.0,1.0,17.0,2.0,233.0,0.0,0.0,-95.18687002094538
1.0,824.0,1.0,57.0,1.0,208.0,0.0,0.0,-120.52087189320352
1.0,845.0,1.0,57.0,1.0,232.0,0.0,0.0,-132.5113607068592
1.0,949.0,1.0,17.0,1.0,265.0,0.0,0.0,-111.19661572352192
1.0,1033.0,0.0,0.0,1.0,306.0,0.0,0.0,-115.62826045909966
1.0,1112.0,0.0,0.0,0.0,0.0,0.0,0.0,37.309481478264296
1.0,1126.0,0.0,0.0,0.0,0.0,0.0,0.0,37.31677844948866
1.0,614.0,0.0,0.0,0.0,0.0,0.0,0.0,37.39922512761225
1.0,644.0,0.0,0.0,1.0,1.0,0.0,0.0,36.88529208594881
1.0,712.0,1.0,53.0,0.0,0.0,0.0,0.0,-12.732731644775733
1.0,751.0,3.0,153.0,0.0,0.0,0.0,0.0,-107.30438884073942
1.0,768.0,1.0,15.0,0.0,0.0,0.0,0.0,23.16532658042516
1.0,772.0,2.0,62.0,0.0,0.0,0.0,0.0,-21.247241317983516
1.0,810.0,0.0,0.0,1.0,91.0,0.0,0.0,-8.128148799473827
1.0,830.0,0.0,0.0,1.0,25.0,0.0,0.0,24.893871615808983
1.0,870.0,1.0,53.0,0.0,0.0,0.0,0.0,-12.732050589100126
1.0,998.0,0.0,0.0,1.0,117.0,0.0,0.0,-21.121344624317338
1.0,603.0,0.0,0.0,2.0,129.0,0.0,0.0,-27.09257808803858
1.0,647.0,0.0,0.0,1.0,366.0,0.0,0.0,-145.61663744340493
1.0,719.0,0.0,0.0,0.0,0.0,0.0,0.0,37.38226236673347
1.0,732.0,1.0,40.0,0.0,0.0,0.0,0.0,-0.43877260945689756
1.0,744.0,1.0,103.0,1.0,76.0,0.0,0.0,-98.01621266879495
1.0,898.0,2.0,169.0,0.0,0.0,0.0,0.0,-122.45089533788317
1.0,965.0,0.0,0.0,2.0,83.0,0.0,0.0,-4.1071595698564
1.0,998.0,0.0,0.0,0.0,0.0,0.0,0.0,37.36286340967416
1.0,1017.0,0.0,0.0,0.0,0.0,0.0,0.0,37.34689183833529
1.0,625.0,0.0,0.0,0.0,0.0,0.0,0.0,37.38436943427215
1.0,1039.0,2.0,106.0,1.0,152.0,0.0,0.0,-138.8616749748906
1.0,657.0,0.0,0.0,0.0,0.0,0.0,0.0,37.388160131844
1.0,701.0,2.0,230.0,0.0,0.0,0.0,0.0,-180.13173734033248
1.0,764.0,1.0,173.0,0.0,0.0,0.0,0.0,-126.25135876825345
1.0,801.0,0.0,0.0,1.0,18.0,0.0,0.0,28.38877346541222
1.0,846.0,0.0,0.0,0.0,0.0,0.0,0.0,37.37542425393881
1.0,934.0,1.0,30.0,1.0,341.0,0.0,0.0,-161.49032382524496
1.0,942.0,2.0,87.0,0.0,0.0,0.0,0.0,-44.93367651512555
1.0,948.0,0.0,0.0,1.0,57.0,0.0,0.0,8.893858644504999
1.0,1091.0,0.0,0.0,1.0,17.0,0.0,0.0,28.823690215383486
1.0,677.0,1.0,46.0,1.0,90.0,0.0,0.0,-51.09902798904207
1.0,754.0,1.0,43.0,0.0,0.0,0.0,0.0,-3.3056742254335703
1.0,794.0,0.0,0.0,0.0,0.0,0.0,0.0,37.37775938067876
1.0,816.0,1.0,48.0,0.0,0.0,0.0,0.0,-8.040689649521013
1.0,824.0,2.0,91.0,0.0,0.0,0.0,0.0,-48.66524711670777
1.0,860.0,2.0,132.0,1.0,323.0,0.0,0.0,-248.94634118730139
1.0,864.0,1.0,61.0,2.0,436.0,0.0,0.0,-238.29791093090196
1.0,874.0,2.0,128.0,1.0,328.0,0.0,0.0,-247.66735987461422
1.0,923.0,0.0,0.0,3.0,402.0,0.0,0.0,-163.61326117772643
1.0,1031.0,2.0,111.0,1.0,322.0,0.0,0.0,-228.58119061963205
1.0,664.0,0.0,0.0,1.0,60.0,0.0,0.0,7.395323142610724
1.0,716.0,1.0,55.0,0.0,0.0,0.0,0.0,-14.64025182941863
1.0,802.0,0.0,0.0,0.0,0.0,0.0,0.0,37.3391990388796
1.0,828.0,1.0,53.0,0.0,0.0,0.0,0.0,-12.764234769243167
1.0,845.0,2.0,73.0,2.0,98.0,0.0,0.0,-80.66407961847004
1.0,868.0,0.0,0.0,0.0,0.0,0.0,0.0,37.33095373174888
1.0,875.0,2.0,108.0,0.0,0.0,0.0,0.0,-64.79605667183606
1.0,917.0,1.0,35.0,2.0,173.0,0.0,0.0,-82.23122028676045
1.0,1043.0,1.0,38.0,2.0,149.0,0.0,0.0,-73.09770069132512
1.0,601.0,2.0,79.0,0.0,0.0,0.0,0.0,-37.324583504596696
1.0,648.0,1.0,89.0,0.0,0.0,0.0,0.0,-46.76291835974251
1.0,1234.0,0.0,0.0,0.0,0.0,0.0,0.0,37.3013785230429
1.0,666.0,1.0,99.0,0.0,0.0,0.0,0.0,-56.225413626564084
1.0,768.0,2.0,132.0,0.0,0.0,0.0,0.0,-87.4725966135201
1.0,875.0,2.0,154.0,0.0,0.0,0.0,0.0,-108.2662868596038
1.0,957.0,1.0,99.0,0.0,0.0,0.0,0.0,-56.268624253319956
1.0,1003.0,1.0,67.0,2.0,191.0,0.0,0.0,-121.47098191540042
1.0,1027.0,0.0,0.0,0.0,0.0,2.0,40.0,31.94633385091725
1.0,1124.0,1.0,50.0,0.0,0.0,0.0,0.0,-9.971531389765978
1.0,1134.0,1.0,29.0,0.0,0.0,0.0,0.0,9.888456722482758
1.0,666.0,0.0,0.0,1.0,105.0,0.0,0.0,-15.107399107005037
1.0,721.0,1.0,133.0,0.0,0.0,0.0,0.0,-88.40490318916332
1.0,726.0,1.0,52.0,0.0,0.0,0.0,0.0,-11.798215230200846
1.0,794.0,1.0,54.0,0.0,0.0,0.0,0.0,-13.687161922052056
1.0,800.0,0.0,0.0,2.0,100.0,0.0,0.0,-12.632313171616133
1.0,822.0,0.0,0.0,0.0,0.0,0.0,0.0,37.347349279134235
1.0,829.0,2.0,110.0,0.0,0.0,0.0,0.0,-66.67780004776436
1.0,1025.0,0.0,0.0,1.0,127.0,0.0,0.0,-26.14340784491145
1.0,1037.0,2.0,191.0,1.0,110.0,0.0,0.0,-198.25190474877684
1.0,1065.0,1.0,54.0,1.0,12.0,0.0,0.0,-19.75225625482385
1.0,783.0,0.0,0.0,1.0,16.0,0.0,0.0,29.350217933547782
1.0,784.0,1.0,16.0,1.0,264.0,0.0,0.0,-109.7334807954984
1.0,804.0,0.0,0.0,1.0,3.0,0.0,0.0,35.86734969037229
1.0,855.0,0.0,0.0,4.0,142.0,0.0,0.0,-33.6128591432856
1.0,880.0,0.0,0.0,1.0,120.0,0.0,0.0,-22.6167949809563
1.0,885.0,0.0,0.0,0.0,0.0,0.0,0.0,37.35527692130048
1.0,887.0,0.0,0.0,3.0,93.0,0.0,0.0,-9.111986068557833
1.0,921.0,0.0,0.0,4.0,171.0,0.0,0.0,-48.11328589973661
1.0,971.0,1.0,16.0,0.0,0.0,0.0,0.0,22.22006034519667
1.0,1096.0,0.0,0.0,1.0,56.0,0.0,0.0,9.351070633836883
1.0,652.0,2.0,109.0,0.0,0.0,0.0,0.0,-65.69906084276798
1.0,712.0,1.0,49.0,0.0,0.0,0.0,0.0,-8.951555928985002
1.0,774.0,2.0,51.0,0.0,0.0,0.0,0.0,-10.841785684866714
1.0,777.0,1.0,76.0,0.0,0.0,0.0,0.0,-34.49200369195693
1.0,785.0,1.0,15.0,0.0,0.0,0.0,0.0,23.19477678327158
1.0,832.0,1.0,76.0,2.0,90.0,0.0,0.0,-79.49860518975673
1.0,861.0,0.0,0.0,0.0,0.0,0.0,0.0,37.364196806371666
1.0,878.0,0.0,0.0,1.0,285.0,0.0,0.0,-105.10798177611818
1.0,885.0,0.0,0.0,1.0,324.0,0.0,0.0,-124.65632872030665
1.0,913.0,2.0,96.0,0.0,0.0,0.0,0.0,-53.394413644713325
1.0,704.0,0.0,0.0,0.0,0.0,0.0,0.0,37.381448177249325
1.0,740.0,0.0,0.0,2.0,415.0,0.0,0.0,-170.102151666349
1.0,800.0,0.0,0.0,1.0,277.0,0.0,0.0,-101.11778807035367
1.0,829.0,0.0,0.0,0.0,0.0,0.0,0.0,37.38152797638698
1.0,877.0,0.0,0.0,1.0,153.0,0.0,0.0,-39.104180870511634
1.0,903.0,0.0,0.0,2.0,340.0,0.0,0.0,-132.61623583237701
1.0,970.0,0.0,0.0,1.0,311.0,0.0,0.0,-118.13785037029824
1.0,1025.0,0.0,0.0,1.0,334.0,0.0,0.0,-129.6339747614166
1.0,1040.0,0.0,0.0,0.0,0.0,0.0,0.0,37.36766519167172
1.0,671.0,1.0,29.0,0.0,0.0,0.0,0.0,9.945268948811535
1.0,690.0,0.0,0.0,0.0,0.0,0.0,0.0,37.3802474736556
1.0,1090.0,0.0,0.0,3.0,382.0,0.0,0.0,-153.63672608796332
1.0,699.0,0.0,0.0,0.0,0.0,0.0,0.0,37.38882304360565
1.0,726.0,0.0,0.0,0.0,0.0,0.0,0.0,37.364939569389136
1.0,774.0,0.0,0.0,0.0,0.0,0.0,0.0,37.38412072346643
1.0,791.0,0.0,0.0,0.0,0.0,0.0,0.0,37.369007654127564
1.0,846.0,1.0,29.0,0.0,0.0,0.0,0.0,9.95256783709673
1.0,922.0,1.0,57.0,0.0,0.0,0.0,0.0,-16.557737364472487
1.0,994.0,0.0,0.0,0.0,0.0,0.0,0.0,37.38553906702736
1.0,1022.0,1.0,57.0,0.0,0.0,0.0,0.0,-16.517471438607608
1.0,590.0,1.0,54.0,3.0,347.0,0.0,0.0,-187.16089207195637
1.0,707.0,0.0,0.0,0.0,0.0,0.0,0.0,37.40278519587179
1.0,774.0,1.0,92.0,3.0,317.0,0.0,0.0,-208.12053137470096
1.0,819.0,2.0,437.0,0.0,0.0,0.0,0.0,-375.90909450612446
1.0,874.0,0.0,0.0,0.0,0.0,0.0,0.0,37.334716692134165
1.0,880.0,0.0,0.0,2.0,385.0,0.0,0.0,-155.11225263631664
1.0,908.0,1.0,56.0,0.0,0.0,0.0,0.0,-15.615603153688895
1.0,907.0,1.0,381.0,0.0,0.0,0.0,0.0,-322.945117775248
1.0,910.0,2.0,146.0,3.0,350.0,0.0,0.0,-275.68998763310805
1.0,1010.0,0.0,0.0,1.0,93.0,0.0,0.0,-9.126298055941298
1.0,760.0,2.0,111.0,0.0,0.0,0.0,0.0,-67.6143127004454
1.0,767.0,1.0,63.0,1.0,166.0,0.0,0.0,-105.18596203565657
1.0,795.0,0.0,0.0,2.0,90.0,0.0,0.0,-7.613986387431396
1.0,890.0,0.0,0.0,1.0,236.0,0.0,0.0,-80.61203206870593
1.0,894.0,0.0,0.0,3.0,176.0,0.0,0.0,-50.65902895549357
1.0,896.0,0.0,0.0,1.0,256.0,0.0,0.0,-90.63829146886661
1.0,945.0,0.0,0.0,2.0,313.0,0.0,0.0,-119.11174288470535
1.0,951.0,1.0,48.0,0.0,0.0,0.0,0.0,-8.000143451117573
1.0,1007.0,0.0,0.0,1.0,161.0,0.0,0.0,-43.16239654580423
1.0,1048.0,0.0,0.0,1.0,518.0,0.0,0.0,-221.62895019659112
1.0,656.0,0.0,0.0,0.0,0.0,0.0,0.0,37.36541844966984
1.0,663.0,0.0,0.0,0.0,0.0,0.0,0.0,37.37738668933019
1.0,668.0,3.0,175.0,0.0,0.0,0.0,0.0,-128.1008310893807
1.0,790.0,0.0,0.0,0.0,0.0,0.0,0.0,37.36916688032744
1.0,848.0,0.0,0.0,0.0,0.0,0.0,0.0,37.386842709758874
1.0,890.0,1.0,129.0,0.0,0.0,0.0,0.0,-84.61886406436842
1.0,912.0,0.0,0.0,0.0,0.0,0.0,0.0,37.34423080434467
1.0,1017.0,1.0,31.0,0.0,0.0,0.0,0.0,8.020436197426644
1.0,671.0,0.0,0.0,1.0,57.0,0.0,0.0,8.884216521605335
1.0,788.0,0.0,0.0,1.0,89.0,0.0,0.0,-7.105861905627023
1.0,814.0,0.0,0.0,2.0,110.0,0.0,0.0,-17.61866643430708
1.0,826.0,0.0,0.0,1.0,106.0,0.0,0.0,-15.63196489343568
1.0,850.0,0.0,0.0,0.0,0.0,0.0,0.0,37.33221106794213
1.0,858.0,1.0,45.0,2.0,96.0,0.0,0.0,-53.163221608090076
1.0,1238.0,1.0,15.0,0.0,0.0,0.0,0.0,23.121391598009815
1.0,884.0,0.0,0.0,1.0,96.0,0.0,0.0,-10.638224705775087
1.0,898.0,0.0,0.0,1.0,104.0,0.0,0.0,-14.64256307027965
1.0,988.0,1.0,45.0,1.0,121.0,0.0,0.0,-65.68622575743927
1.0,1402.0,0.0,0.0,0.0,0.0,0.0,0.0,37.281540137709904
1.0,1132.0,0.0,0.0,0.0,0.0,0.0,0.0,37.2971194632465
1.0,598.0,2.0,119.0,0.0,0.0,0.0,0.0,-75.15021912068607
1.0,624.0,2.0,98.0,0.0,0.0,0.0,0.0,-55.28382223442362
1.0,630.0,1.0,59.0,0.0,0.0,0.0,0.0,-18.403796311132616
1.0,639.0,0.0,0.0,1.0,37.0,0.0,0.0,18.898368111803354
1.0,768.0,1.0,50.0,0.0,0.0,0.0,0.0,-9.932178834997373
1.0,814.0,2.0,109.0,0.0,0.0,0.0,0.0,-65.69779129663192
1.0,811.0,4.0,199.0,0.0,0.0,0.0,0.0,-150.79950711544282
1.0,719.0,2.0,77.0,0.0,0.0,0.0,0.0,-35.41752761344349
1.0,721.0,1.0,20.0,2.0,240.0,0.0,0.0,-101.52543120718755
1.0,764.0,0.0,0.0,1.0,123.0,0.0,0.0,-24.115215533631606
1.0,877.0,2.0,118.0,0.0,0.0,0.0,0.0,-74.19805074850905
1.0,891.0,0.0,0.0,1.0,41.0,0.0,0.0,16.881141204125296
1.0,963.0,0.0,0.0,0.0,0.0,0.0,0.0,37.392903827871955
1.0,969.0,0.0,0.0,3.0,348.0,0.0,0.0,-136.65105729198518
1.0,969.0,0.0,0.0,2.0,56.0,0.0,0.0,9.378072156145556
1.0,982.0,0.0,0.0,1.0,247.0,0.0,0.0,-86.10801126989722
1.0,1043.0,1.0,224.0,1.0,120.0,0.0,0.0,-234.47921770242365
1.0,1050.0,1.0,57.0,0.0,0.0,0.0,0.0,-16.575959811745562
1.0,1084.0,0.0,0.0,2.0,179.0,0.0,0.0,-52.15746267892152
1.0,1450.0,1.0,224.0,1.0,19.0,0.0,0.0,-183.97934879691982
1.0,612.0,0.0,0.0,2.0,529.0,0.0,0.0,-227.09821203292
1.0,677.0,0.0,0.0,0.0,0.0,0.0,0.0,37.383777717018184
1.0,683.0,0.0,0.0,0.0,0.0,0.0,0.0,37.39076145803663
1.0,694.0,1.0,53.0,0.0,0.0,0.0,0.0,-12.74091901826052
1.0,747.0,2.0,107.0,0.0,0.0,0.0,0.0,-63.81432764127804
1.0,755.0,1.0,54.0,0.0,0.0,0.0,0.0,-13.689256260614044
1.0,783.0,0.0,0.0,0.0,0.0,0.0,0.0,37.37810663405516
1.0,913.0,0.0,0.0,3.0,501.0,0.0,0.0,-213.11052386042638
1.0,943.0,0.0,0.0,2.0,539.0,0.0,0.0,-232.1289632136431
1.0,1013.0,0.0,0.0,0.0,0.0,0.0,0.0,37.37972444780931
1.0,607.0,0.0,0.0,0.0,0.0,0.0,0.0,37.402906441640546
1.0,627.0,0.0,0.0,0.0,0.0,0.0,0.0,37.38870000860779
1.0,642.0,0.0,0.0,0.0,0.0,0.0,0.0,37.398740851977955
1.0,688.0,1.0,38.0,1.0,178.0,0.0,0.0,-87.56571973491549
1.0,719.0,0.0,0.0,0.0,0.0,0.0,0.0,37.37956433112575
1.0,722.0,2.0,204.0,2.0,165.0,0.0,0.0,-238.03343548854411
1.0,767.0,1.0,112.0,1.0,124.0,0.0,0.0,-130.5146586768587
1.0,772.0,1.0,92.0,2.0,314.0,0.0,0.0,-206.61658979181234
1.0,930.0,1.0,38.0,1.0,103.0,0.0,0.0,-50.05651968465655
1.0,588.0,1.0,31.0,0.0,0.0,0.0,0.0,8.084807121131206
1.0,614.0,0.0,0.0,1.0,10.0,0.0,0.0,32.39838359595549
1.0,642.0,1.0,58.0,0.0,0.0,0.0,0.0,-17.44670420411647
1.0,1075.0,0.0,0.0,0.0,0.0,0.0,0.0,37.383001260018766
1.0,673.0,0.0,0.0,0.0,0.0,0.0,0.0,37.399475239196505
1.0,695.0,1.0,31.0,0.0,0.0,0.0,0.0,8.082456653967416
1.0,721.0,0.0,0.0,0.0,0.0,0.0,0.0,37.39311048976044
1.0,777.0,0.0,0.0,2.0,192.0,0.0,0.0,-58.60965959715824
1.0,821.0,0.0,0.0,0.0,0.0,0.0,0.0,37.39889108016371
1.0,825.0,0.0,0.0,1.0,168.0,0.0,0.0,-46.607022263328474
1.0,831.0,1.0,58.0,0.0,0.0,0.0,0.0,-17.45653042369242
1.0,598.0,1.0,62.0,0.0,0.0,0.0,0.0,-21.236685538142233
1.0,647.0,0.0,0.0,0.0,0.0,0.0,0.0,37.36298437724451
1.0,721.0,2.0,203.0,1.0,82.0,0.0,0.0,-195.5923661395343
1.0,741.0,2.0,210.0,1.0,129.0,0.0,0.0,-225.71614035073569
1.0,590.0,0.0,0.0,1.0,262.0,0.0,0.0,-93.59550779453582
1.0,852.0,2.0,129.0,3.0,213.0,0.0,0.0,-191.09553552821873
1.0,693.0,1.0,65.0,1.0,33.0,0.0,0.0,-40.58086733984126
1.0,708.0,0.0,0.0,0.0,0.0,0.0,0.0,37.35375353912742
1.0,907.0,0.0,0.0,0.0,0.0,0.0,0.0,37.35086023508911
1.0,934.0,0.0,0.0,0.0,0.0,0.0,0.0,37.34432018440475
1.0,822.0,1.0,105.0,3.0,191.0,0.0,0.0,-157.40820270040155
1.0,822.0,1.0,65.0,1.0,60.0,0.0,0.0,-54.079820151123464
1.0,1043.0,0.0,0.0,0.0,0.0,0.0,0.0,37.36393506824689
1.0,1055.0,1.0,62.0,0.0,0.0,0.0,0.0,-21.28532112818732
1.0,871.0,1.0,54.0,1.0,281.0,0.0,0.0,-154.18701142356764
1.0,895.0,0.0,0.0,1.0,329.0,0.0,0.0,-127.16469450378952
1.0,978.0,0.0,0.0,0.0,0.0,0.0,0.0,37.30877743743212
1.0,1002.0,2.0,159.0,2.0,346.0,0.0,0.0,-285.97249177255185
1.0,1080.0,0.0,0.0,1.0,60.0,0.0,0.0,7.3214471393440945
1.0,1788.0,0.0,0.0,0.0,0.0,0.0,0.0,37.32988736115413
1.0,747.0,0.0,0.0,0.0,0.0,0.0,0.0,37.381855085579296
1.0,789.0,0.0,0.0,0.0,0.0,0.0,0.0,37.39091336087649
1.0,837.0,0.0,0.0,0.0,0.0,0.0,0.0,37.39002517783138
1.0,911.0,2.0,100.0,1.0,473.0,0.0,0.0,-293.68044839357543
1.0,935.0,2.0,101.0,1.0,172.0,0.0,0.0,-144.1391163170863
1.0,964.0,2.0,92.0,1.0,539.0,0.0,0.0,-319.15333001544366
1.0,970.0,2.0,99.0,1.0,421.0,0.0,0.0,-266.73440408613584
1.0,1009.0,2.0,92.0,1.0,394.0,0.0,0.0,-246.64816103814854
1.0,1019.0,1.0,49.0,1.0,552.0,0.0,0.0,-284.9600928778464
1.0,1028.0,1.0,67.0,0.0,0.0,0.0,0.0,-26.034832593267062
1.0,623.0,0.0,0.0,1.0,70.0,0.0,0.0,2.3978370284240924
1.0,682.0,0.0,0.0,1.0,11.0,0.0,0.0,31.894184478570537
1.0,767.0,1.0,30.0,0.0,0.0,0.0,0.0,9.028681895161629
1.0,775.0,0.0,0.0,2.0,410.0,0.0,0.0,-167.600081844613
1.0,782.0,1.0,30.0,0.0,0.0,0.0,0.0,9.019823851022672
1.0,812.0,0.0,0.0,0.0,0.0,0.0,0.0,37.37797506115917
1.0,860.0,0.0,0.0,0.0,0.0,0.0,0.0,37.39200791627841
1.0,870.0,0.0,0.0,0.0,0.0,0.0,0.0,37.38809318998225
1.0,931.0,0.0,0.0,0.0,0.0,0.0,0.0,37.38567860820026
1.0,953.0,0.0,0.0,0.0,0.0,0.0,0.0,37.38922089208045
1.0,649.0,0.0,0.0,0.0,0.0,0.0,0.0,37.37923324133257
1.0,813.0,1.0,47.0,1.0,306.0,0.0,0.0,-160.08486638816896
1.0,830.0,0.0,0.0,1.0,96.0,0.0,0.0,-10.60178810252016
1.0,862.0,0.0,0.0,0.0,0.0,1.0,119.0,21.357242629308054
1.0,938.0,2.0,85.0,1.0,271.0,0.0,0.0,-178.51494991903152
1.0,952.0,1.0,102.0,0.0,0.0,0.0,0.0,-59.08249614596112
1.0,1015.0,0.0,0.0,0.0,0.0,0.0,0.0,37.33674168422218
1.0,1028.0,1.0,102.0,1.0,416.0,0.0,0.0,-267.10958419748926
1.0,675.0,2.0,241.0,1.0,208.0,0.0,0.0,-294.5256282346466
1.0,1147.0,1.0,38.0,0.0,0.0,0.0,0.0,1.4017089275516454
1.0,731.0,0.0,0.0,0.0,0.0,0.0,0.0,37.39823039607525
1.0,758.0,0.0,0.0,0.0,0.0,0.0,0.0,37.37495312306438
1.0,774.0,0.0,0.0,0.0,0.0,0.0,0.0,37.395462538684484
1.0,1231.0,0.0,0.0,2.0,206.0,0.0,0.0,-65.63362665473079
1.0,808.0,3.0,636.0,1.0,15.0,0.0,0.0,-571.5676558669838
1.0,824.0,3.0,621.0,0.0,0.0,0.0,0.0,-549.8829912132531
1.0,834.0,1.0,60.0,0.0,0.0,0.0,0.0,-19.364536396068466
1.0,910.0,0.0,0.0,1.0,553.0,0.0,0.0,-239.12609880387916
1.0,1013.0,2.0,98.0,0.0,0.0,0.0,0.0,-55.32187527426387
1.0,1226.0,1.0,60.0,0.0,0.0,0.0,0.0,-19.374736764922375
1.0,643.0,1.0,22.0,0.0,0.0,0.0,0.0,16.58982601998864
1.0,733.0,1.0,7.0,0.0,0.0,0.0,0.0,30.77594167584018
1.0,758.0,0.0,0.0,1.0,29.0,0.0,0.0,22.870496094246285
1.0,824.0,1.0,51.0,0.0,0.0,0.0,0.0,-10.85386134853551
1.0,847.0,2.0,73.0,0.0,0.0,0.0,0.0,-31.65887816137112
1.0,891.0,1.0,7.0,2.0,165.0,0.0,0.0,-51.73149529098593
1.0,907.0,0.0,0.0,1.0,163.0,0.0,0.0,-44.12331692138133
1.0,937.0,1.0,55.0,1.0,298.0,0.0,0.0,-163.62874696009416
1.0,950.0,0.0,0.0,2.0,641.0,0.0,0.0,-283.1130712626811
1.0,993.0,1.0,55.0,1.0,321.0,0.0,0.0,-175.1272336665112
1.0,614.0,0.0,0.0,0.0,0.0,0.0,0.0,37.40454662245449
1.0,705.0,0.0,0.0,0.0,0.0,0.0,0.0,37.39431239360662
1.0,734.0,0.0,0.0,1.0,343.0,0.0,0.0,-134.12529349950285
1.0,782.0,0.0,0.0,1.0,237.0,0.0,0.0,-81.10033079711648
1.0,788.0,0.0,0.0,1.0,238.0,0.0,0.0,-81.60902555478232
1.0,865.0,0.0,0.0,2.0,326.0,0.0,0.0,-125.60386326013584
1.0,866.0,0.0,0.0,0.0,0.0,0.0,0.0,37.370076751119576
1.0,903.0,0.0,0.0,0.0,0.0,0.0,0.0,37.36789556137486
1.0,914.0,1.0,566.0,1.0,285.0,0.0,0.0,-640.3878905908877
1.0,1006.0,1.0,566.0,1.0,264.0,0.0,0.0,-629.8969084361711
1.0,628.0,1.0,170.0,0.0,0.0,0.0,0.0,-123.38249642980043
1.0,682.0,0.0,0.0,1.0,281.0,0.0,0.0,-103.11322263454038
1.0,722.0,1.0,62.0,0.0,0.0,0.0,0.0,-21.233413801003152
1.0,736.0,1.0,170.0,0.0,0.0,0.0,0.0,-123.38132171992409
1.0,823.0,1.0,62.0,0.0,0.0,0.0,0.0,-21.23963417722741
1.0,847.0,0.0,0.0,0.0,0.0,0.0,0.0,37.37769813814588
1.0,883.0,1.0,46.0,1.0,90.0,0.0,0.0,-51.13557519935474
1.0,887.0,0.0,0.0,0.0,0.0,0.0,0.0,37.367886580182294
1.0,973.0,1.0,46.0,2.0,416.0,0.0,0.0,-214.16321843784277
1.0,604.0,0.0,0.0,0.0,0.0,0.0,0.0,37.37992337379919
1.0,1141.0,2.0,124.0,0.0,0.0,0.0,0.0,-79.90311230658068
1.0,778.0,1.0,65.0,2.0,127.0,0.0,0.0,-87.57804132471924
1.0,808.0,0.0,0.0,0.0,0.0,0.0,0.0,37.393220902747125
1.0,827.0,2.0,119.0,0.0,0.0,0.0,0.0,-75.14578755672835
1.0,874.0,0.0,0.0,0.0,0.0,0.0,0.0,37.39204272472133
1.0,923.0,1.0,54.0,2.0,351.0,0.0,0.0,-189.17633316858283
1.0,1022.0,0.0,0.0,3.0,527.0,0.0,0.0,-226.11683726062518
1.0,1050.0,0.0,0.0,0.0,0.0,0.0,0.0,37.392497022030334
1.0,1091.0,0.0,0.0,1.0,7.0,0.0,0.0,33.853733906702026
1.0,1158.0,0.0,0.0,1.0,1.0,0.0,0.0,36.8828421399594
1.0,616.0,0.0,0.0,1.0,295.0,0.0,0.0,-110.10115419545781
1.0,732.0,0.0,0.0,1.0,371.0,0.0,0.0,-148.10110530524398
1.0,757.0,1.0,225.0,1.0,352.0,0.0,0.0,-351.3913324853635
1.0,814.0,1.0,20.0,1.0,246.0,0.0,0.0,-104.52114723547527
1.0,835.0,1.0,20.0,2.0,423.0,0.0,0.0,-193.0172823928579
1.0,909.0,1.0,160.0,1.0,315.0,0.0,0.0,-271.41944336567013
1.0,1030.0,2.0,385.0,1.0,473.0,0.0,0.0,-563.2098096401899
1.0,644.0,0.0,0.0,2.0,194.0,0.0,0.0,-59.60627208187986
1.0,786.0,0.0,0.0,0.0,0.0,0.0,0.0,37.39919502317763
1.0,882.0,0.0,0.0,1.0,436.0,0.0,0.0,-180.63596634293572
1.0,894.0,0.0,0.0,1.0,435.0,0.0,0.0,-180.15330702051318
1.0,892.0,0.0,0.0,2.0,200.0,0.0,0.0,-62.60623637346153
1.0,904.0,2.0,175.0,2.0,528.0,0.0,0.0,-392.1096266834168
1.0,916.0,0.0,0.0,1.0,348.0,0.0,0.0,-136.61560905702638
1.0,919.0,1.0,129.0,1.0,507.0,0.0,0.0,-338.11719432937736
1.0,948.0,0.0,0.0,0.0,0.0,0.0,0.0,37.38536403238965
1.0,1429.0,0.0,0.0,1.0,391.0,0.0,0.0,-158.120147263521
1.0,980.0,1.0,46.0,2.0,529.0,0.0,0.0,-270.6166590721182
1.0,1457.0,1.0,422.0,1.0,396.0,0.0,0.0,-559.7014015456135
1.0,1844.0,1.0,422.0,1.0,658.0,0.0,0.0,-690.7136811180342
1.0,683.0,0.0,0.0,0.0,0.0,0.0,0.0,37.40048015151057
1.0,697.0,1.0,50.0,0.0,0.0,0.0,0.0,-9.885614492685413
1.0,741.0,0.0,0.0,2.0,374.0,0.0,0.0,-149.60158966510653
1.0,766.0,1.0,48.0,0.0,0.0,0.0,0.0,-7.9951151684015045
1.0,814.0,1.0,18.0,0.0,0.0,0.0,0.0,20.365922383233073
1.0,883.0,1.0,61.0,0.0,0.0,0.0,0.0,-20.298283437059013
1.0,901.0,0.0,0.0,3.0,615.0,0.0,0.0,-270.1064395329781
1.0,937.0,0.0,0.0,1.0,200.0,0.0,0.0,-62.61696798793763
1.0,1005.0,3.0,116.0,0.0,0.0,0.0,0.0,-72.32113495257985
1.0,637.0,2.0,211.0,1.0,17.0,0.0,0.0,-170.64333545191843
1.0,680.0,1.0,148.0,1.0,3.0,0.0,0.0,-104.06016245516189
1.0,687.0,1.0,62.0,1.0,15.0,0.0,0.0,-28.731362755017535
1.0,1138.0,1.0,61.0,0.0,0.0,0.0,0.0,-20.331558079843788
1.0,746.0,0.0,0.0,0.0,0.0,0.0,0.0,37.379129083860306
1.0,826.0,0.0,0.0,0.0,0.0,0.0,0.0,37.38900126299397
1.0,887.0,0.0,0.0,0.0,0.0,0.0,0.0,37.39877303805988
1.0,895.0,2.0,165.0,1.0,39.0,0.0,0.0,-138.1465075313746
1.0,999.0,3.0,223.0,1.0,18.0,0.0,0.0,-182.50305298048812
1.0,1130.0,1.0,67.0,1.0,122.0,0.0,0.0,-86.98705567457569
1.0,1175.0,0.0,0.0,1.0,214.0,0.0,0.0,-69.6757947633958
1.0,602.0,1.0,70.0,0.0,0.0,0.0,0.0,-28.796915768283114
1.0,696.0,0.0,0.0,0.0,0.0,0.0,0.0,37.39003729909442
1.0,708.0,0.0,0.0,1.0,261.0,0.0,0.0,-93.09910764567036
1.0,873.0,1.0,107.0,0.0,0.0,0.0,0.0,-63.8132743685314
1.0,878.0,0.0,0.0,0.0,0.0,0.0,0.0,37.398648181764905
1.0,900.0,2.0,136.0,2.0,69.0,0.0,0.0,-125.75755765698165
1.0,979.0,3.0,159.0,2.0,116.0,0.0,0.0,-170.97280677446116
1.0,1039.0,0.0,0.0,1.0,223.0,0.0,0.0,-74.16346106854172
1.0,1066.0,0.0,0.0,0.0,0.0,0.0,0.0,37.37482877704537
1.0,677.0,0.0,0.0,1.0,358.0,0.0,0.0,-141.60596156692012
1.0,702.0,0.0,0.0,0.0,0.0,0.0,0.0,37.38628909059306
1.0,717.0,0.0,0.0,0.0,0.0,0.0,0.0,37.38078002626449
1.0,750.0,1.0,56.0,0.0,0.0,0.0,0.0,-15.596946946070709
1.0,808.0,1.0,227.0,2.0,246.0,0.0,0.0,-300.29119443477936
1.0,860.0,1.0,47.0,1.0,78.0,0.0,0.0,-46.069322032172074
1.0,915.0,2.0,103.0,0.0,0.0,0.0,0.0,-60.02171304570567
1.0,966.0,0.0,0.0,1.0,333.0,0.0,0.0,-129.10723853358414
1.0,971.0,3.0,297.0,1.0,113.0,0.0,0.0,-300.004176702225
1.0,982.0,2.0,70.0,1.0,50.0,0.0,0.0,-53.85904632476195
1.0,1677.0,1.0,60.0,1.0,118.0,0.0,0.0,-78.38968233938184
1.0,675.0,0.0,0.0,0.0,0.0,0.0,0.0,37.39060813468178
1.0,717.0,0.0,0.0,2.0,251.0,0.0,0.0,-88.10802966535026
1.0,727.0,1.0,58.0,0.0,0.0,0.0,0.0,-17.46437024534176
1.0,740.0,0.0,0.0,0.0,0.0,0.0,0.0,37.393423787970434
1.0,742.0,1.0,58.0,1.0,230.0,0.0,0.0,-132.4770944821987
1.0,755.0,0.0,0.0,0.0,0.0,0.0,0.0,37.36317838486247
1.0,799.0,0.0,0.0,2.0,325.0,0.0,0.0,-125.11350285814986
1.0,821.0,1.0,58.0,1.0,237.0,0.0,0.0,-135.97348037171253
1.0,688.0,0.0,0.0,0.0,0.0,0.0,0.0,37.38389507277403
1.0,701.0,0.0,0.0,0.0,0.0,0.0,0.0,37.40468797070677
1.0,1009.0,0.0,0.0,0.0,0.0,0.0,0.0,37.361027043614456
1.0,855.0,0.0,0.0,0.0,0.0,0.0,0.0,37.384095234314145
1.0,870.0,1.0,6.0,1.0,7.0,0.0,0.0,28.202122346351594
1.0,1168.0,1.0,58.0,0.0,0.0,0.0,0.0,-17.51283523051641
1.0,936.0,2.0,47.0,1.0,148.0,0.0,0.0,-81.05088428074131
1.0,957.0,2.0,257.0,1.0,150.0,0.0,0.0,-280.6548906360207
1.0,1007.0,1.0,216.0,1.0,182.0,0.0,0.0,-257.9039943626263
1.0,1503.0,0.0,0.0,0.0,0.0,0.0,0.0,37.35889301986798
1.0,643.0,1.0,46.0,1.0,244.0,0.0,0.0,-128.09937697277624
1.0,650.0,2.0,99.0,1.0,409.0,0.0,0.0,-260.7325848726387
1.0,1600.0,0.0,0.0,1.0,274.0,0.0,0.0,-99.67817128455067
1.0,716.0,0.0,0.0,2.0,326.0,0.0,0.0,-125.60642345123321
1.0,1629.0,0.0,0.0,1.0,279.0,0.0,0.0,-102.19135717261383
1.0,806.0,2.0,144.0,2.0,151.0,0.0,0.0,-174.28507916396762
1.0,856.0,0.0,0.0,1.0,276.0,0.0,0.0,-100.60887478180427
1.0,857.0,1.0,55.0,1.0,272.0,0.0,0.0,-150.61811206017256
1.0,886.0,0.0,0.0,2.0,522.0,0.0,0.0,-223.63603042774358
1.0,903.0,2.0,111.0,3.0,191.0,0.0,0.0,-163.08360078151247
1.0,903.0,1.0,55.0,2.0,276.0,0.0,0.0,-152.62657000644305
1.0,980.0,1.0,86.0,4.0,691.0,0.0,0.0,-389.4356353723147
1.0,634.0,0.0,0.0,0.0,0.0,0.0,0.0,37.368631331619724
1.0,670.0,1.0,39.0,0.0,0.0,0.0,0.0,0.5166407245016913
1.0,718.0,2.0,87.0,0.0,0.0,0.0,0.0,-44.87741906634862
1.0,730.0,0.0,0.0,1.0,74.0,0.0,0.0,0.40136289848832973
1.0,775.0,0.0,0.0,0.0,0.0,0.0,0.0,37.39762853229106
1.0,780.0,0.0,0.0,0.0,0.0,0.0,0.0,37.39209137651628
1.0,778.0,0.0,0.0,1.0,58.0,0.0,0.0,8.383033531659859
1.0,811.0,0.0,0.0,0.0,0.0,0.0,0.0,37.38331434340157
1.0,636.0,1.0,56.0,2.0,189.0,0.0,0.0,-110.06003249957848
1.0,928.0,0.0,0.0,1.0,8.0,0.0,0.0,33.379928377839576
1.0,723.0,0.0,0.0,1.0,7.0,0.0,0.0,33.893766684144616
1.0,991.0,1.0,48.0,0.0,0.0,0.0,0.0,-8.009577960436864
1.0,771.0,3.0,119.0,2.0,176.0,0.0,0.0,-163.17345392279935
1.0,776.0,1.0,13.0,1.0,167.0,0.0,0.0,-58.39423664627128
1.0,784.0,1.0,58.0,2.0,211.0,0.0,0.0,-122.97636299553989
1.0,830.0,2.0,38.0,2.0,193.0,0.0,0.0,-95.04028744442907
1.0,836.0,0.0,0.0,1.0,183.0,0.0,0.0,-54.16342539247849
1.0,965.0,1.0,38.0,2.0,267.0,0.0,0.0,-132.04069338342654
1.0,979.0,1.0,58.0,2.0,177.0,0.0,0.0,-105.95214238793244
1.0,1129.0,0.0,0.0,2.0,194.0,0.0,0.0,-59.66638584695708
1.0,616.0,2.0,111.0,0.0,0.0,0.0,0.0,-67.58572548552547
1.0,741.0,0.0,0.0,0.0,0.0,0.0,0.0,37.35758229276143
1.0,747.0,2.0,101.0,0.0,0.0,0.0,0.0,-58.111508757874226
1.0,759.0,2.0,304.0,0.0,0.0,0.0,0.0,-250.09845874425528
1.0,793.0,2.0,88.0,0.0,0.0,0.0,0.0,-45.87816320557895
1.0,844.0,3.0,373.0,0.0,0.0,0.0,0.0,-315.351448954955
1.0,865.0,0.0,0.0,1.0,387.0,0.0,0.0,-156.10764654130026
1.0,891.0,1.0,58.0,0.0,0.0,0.0,0.0,-17.45379682350174
1.0,997.0,0.0,0.0,0.0,0.0,0.0,0.0,37.38427433739938
1.0,671.0,1.0,52.0,1.0,248.0,0.0,0.0,-135.78007376475273
1.0,754.0,0.0,0.0,0.0,0.0,0.0,0.0,37.3836479152787
1.0,782.0,1.0,58.0,0.0,0.0,0.0,0.0,-17.480507930331783
1.0,795.0,1.0,9.0,1.0,67.0,0.0,0.0,-4.644643986417073
1.0,1191.0,2.0,75.0,0.0,0.0,0.0,0.0,-33.60175290517828
1.0,827.0,2.0,67.0,1.0,4.0,0.0,0.0,-27.968215721067423
1.0,853.0,0.0,0.0,1.0,136.0,0.0,0.0,-30.635594811307833
1.0,945.0,1.0,60.0,2.0,325.0,0.0,0.0,-181.8515120340519
1.0,964.0,0.0,0.0,1.0,241.0,0.0,0.0,-83.15499372271822
1.0,961.0,1.0,60.0,1.0,65.0,0.0,0.0,-51.86509012221338
1.0,1145.0,1.0,52.0,1.0,256.0,0.0,0.0,-139.83631217170552
1.0,637.0,0.0,0.0,1.0,19.0,0.0,0.0,27.88432454851653
1.0,653.0,1.0,40.0,0.0,0.0,0.0,0.0,-0.4502954335256675
1.0,707.0,1.0,38.0,1.0,56.0,0.0,0.0,-26.550038360166226
1.0,740.0,3.0,326.0,1.0,7.0,0.0,0.0,-274.39571950962403
1.0,741.0,0.0,0.0,0.0,0.0,0.0,0.0,37.385395156903684
1.0,796.0,2.0,321.0,0.0,0.0,0.0,0.0,-266.17094272196215
1.0,818.0,1.0,40.0,0.0,0.0,0.0,0.0,-0.4953799483866064
1.0,616.0,2.0,210.0,0.0,0.0,0.0,0.0,-161.2031846838214
1.0,956.0,3.0,238.0,2.0,326.0,0.0,0.0,-350.6793646568982
1.0,673.0,0.0,0.0,2.0,99.0,0.0,0.0,-12.09875062657342
1.0,1024.0,1.0,51.0,1.0,208.0,0.0,0.0,-114.8582675620419
1.0,790.0,1.0,333.0,0.0,0.0,0.0,0.0,-277.5461049147965
1.0,803.0,0.0,0.0,1.0,143.0,0.0,0.0,-34.11740534824012
1.0,1144.0,0.0,0.0,2.0,50.0,0.0,0.0,12.316314287118956
1.0,821.0,0.0,0.0,0.0,0.0,0.0,0.0,37.37485408307417
1.0,867.0,2.0,146.0,1.0,264.0,0.0,0.0,-232.70790207151722
1.0,879.0,0.0,0.0,1.0,191.0,0.0,0.0,-58.10660956604076
1.0,891.0,2.0,182.0,0.0,0.0,0.0,0.0,-134.76318866871858
1.0,934.0,1.0,28.0,1.0,273.0,0.0,0.0,-125.61455084934919
1.0,659.0,0.0,0.0,2.0,327.0,0.0,0.0,-126.1001553284608
1.0,676.0,1.0,29.0,1.0,126.0,0.0,0.0,-53.026324668931736
1.0,759.0,2.0,88.0,1.0,452.0,0.0,0.0,-271.8369544244563
1.0,1587.0,2.0,361.0,0.0,0.0,0.0,0.0,-304.08598755645664
1.0,804.0,2.0,165.0,0.0,0.0,0.0,0.0,-118.65817113975285
1.0,837.0,2.0,388.0,1.0,108.0,0.0,0.0,-383.54918998970305
1.0,847.0,3.0,360.0,1.0,430.0,0.0,0.0,-518.0772269967226
1.0,862.0,0.0,0.0,1.0,46.0,0.0,0.0,14.375976547175352
1.0,881.0,0.0,0.0,1.0,527.0,0.0,0.0,-226.13582194688286
1.0,901.0,2.0,64.0,1.0,402.0,0.0,0.0,-224.13959156759077
1.0,938.0,0.0,0.0,1.0,125.0,0.0,0.0,-25.102795452859944
1.0,631.0,1.0,55.0,1.0,324.0,0.0,0.0,-176.6204850552903
1.0,589.0,1.0,79.0,0.0,0.0,0.0,0.0,-37.31252275974182
1.0,845.0,3.0,312.0,1.0,308.0,0.0,0.0,-411.7013212763519
1.0,736.0,2.0,130.0,0.0,0.0,0.0,0.0,-85.56391155501547
1.0,900.0,0.0,0.0,0.0,0.0,0.0,0.0,37.38192402393449
1.0,923.0,0.0,0.0,0.0,0.0,0.0,0.0,37.36030297846576
1.0,768.0,0.0,0.0,0.0,0.0,0.0,0.0,37.35718679045398
1.0,774.0,0.0,0.0,2.0,379.0,0.0,0.0,-152.10229878005498
1.0,931.0,1.0,65.0,1.0,70.0,0.0,0.0,-59.09180985078688
1.0,933.0,0.0,0.0,1.0,70.0,0.0,0.0,2.360290344421216
1.0,786.0,0.0,0.0,0.0,0.0,0.0,0.0,37.36269713911393
1.0,846.0,2.0,103.0,0.0,0.0,0.0,0.0,-60.020207867883585
1.0,1009.0,1.0,49.0,1.0,529.0,0.0,0.0,-273.50050020642715
1.0,1039.0,0.0,0.0,1.0,328.0,0.0,0.0,-126.61401254620668
1.0,882.0,2.0,72.0,0.0,0.0,0.0,0.0,-30.70766239358945
1.0,931.0,1.0,52.0,0.0,0.0,0.0,0.0,-11.794605505555324
1.0,952.0,1.0,53.0,0.0,0.0,0.0,0.0,-12.737735214733675
1.0,961.0,1.0,19.0,1.0,133.0,0.0,0.0,-47.08486806811159
1.0,1182.0,0.0,0.0,2.0,405.0,0.0,0.0,-165.1238685786547
1.0,1195.0,2.0,241.0,0.0,0.0,0.0,0.0,-190.59292714922864
1.0,634.0,1.0,60.0,0.0,0.0,0.0,0.0,-19.356391745502876
1.0,645.0,3.0,137.0,0.0,0.0,0.0,0.0,-92.15867812982972
1.0,735.0,1.0,29.0,0.0,0.0,0.0,0.0,9.940494051770472
1.0,759.0,0.0,0.0,0.0,0.0,0.0,0.0,37.36502429009474
1.0,699.0,1.0,47.0,0.0,0.0,0.0,0.0,-7.072767906351437
1.0,833.0,0.0,0.0,2.0,503.0,0.0,0.0,-214.10348127839322
1.0,838.0,0.0,0.0,1.0,256.0,0.0,0.0,-90.616197796959
1.0,881.0,1.0,26.0,0.0,0.0,0.0,0.0,12.77326437322504
1.0,842.0,0.0,0.0,0.0,0.0,0.0,0.0,37.36146767568701
1.0,843.0,1.0,47.0,0.0,0.0,0.0,0.0,-7.055949417701534
1.0,936.0,1.0,29.0,0.0,0.0,0.0,0.0,9.96017002499422
1.0,965.0,0.0,0.0,3.0,277.0,0.0,0.0,-101.1135564162272
1.0,919.0,1.0,60.0,3.0,93.0,0.0,0.0,-65.88308347266062
1.0,922.0,0.0,0.0,2.0,519.0,0.0,0.0,-222.10760200690078
1.0,1004.0,1.0,51.0,1.0,170.0,0.0,0.0,-95.85760081784538
1.0,949.0,1.0,60.0,1.0,81.0,0.0,0.0,-59.85364186757988
1.0,970.0,0.0,0.0,0.0,0.0,0.0,0.0,37.388621423631704
1.0,988.0,0.0,0.0,0.0,0.0,0.0,0.0,37.335212496472764
1.0,992.0,0.0,0.0,2.0,385.0,0.0,0.0,-155.1047222357816
1.0,1026.0,0.0,0.0,2.0,66.0,0.0,0.0,4.341002961734404
1.0,662.0,2.0,74.0,0.0,0.0,0.0,0.0,-32.59308779248406
1.0,599.0,0.0,0.0,0.0,0.0,0.0,0.0,37.406567174867305
1.0,708.0,1.0,127.0,0.0,0.0,0.0,0.0,-82.72454797122981
1.0,618.0,1.0,67.0,0.0,0.0,0.0,0.0,-25.973934895534704
1.0,639.0,0.0,0.0,0.0,0.0,0.0,0.0,37.38608453582036
1.0,745.0,1.0,44.0,0.0,0.0,0.0,0.0,-4.231764204765646
1.0,652.0,1.0,8.0,0.0,0.0,0.0,0.0,29.815279421046476
1.0,673.0,1.0,114.0,0.0,0.0,0.0,0.0,-70.41633713530015
1.0,718.0,1.0,8.0,0.0,0.0,0.0,0.0,29.82168362453278
1.0,834.0,2.0,140.0,0.0,0.0,0.0,0.0,-95.0286919133561
1.0,836.0,3.0,159.0,0.0,0.0,0.0,0.0,-112.97759489860047
1.0,849.0,2.0,106.0,0.0,0.0,0.0,0.0,-62.857138838896496
1.0,800.0,0.0,0.0,0.0,0.0,0.0,0.0,37.39357524437207
1.0,815.0,0.0,0.0,0.0,0.0,0.0,0.0,37.387898795275234
1.0,859.0,1.0,114.0,0.0,0.0,0.0,0.0,-70.4276191638242
1.0,978.0,3.0,260.0,1.0,5.0,0.0,0.0,-211.00367399258232
1.0,1004.0,0.0,0.0,0.0,0.0,0.0,0.0,37.38725148364378
1.0,1010.0,2.0,157.0,0.0,0.0,0.0,0.0,-111.10398311022672
1.0,1020.0,2.0,101.0,0.0,0.0,0.0,0.0,-58.13421673384953
1.0,1036.0,1.0,67.0,0.0,0.0,0.0,0.0,-25.97570611048858
1.0,638.0,0.0,0.0,1.0,110.0,0.0,0.0,-17.609539470751244
1.0,662.0,2.0,106.0,0.0,0.0,0.0,0.0,-62.84933475389882
1.0,720.0,2.0,89.0,1.0,129.0,0.0,0.0,-111.29436123247552
1.0,762.0,0.0,0.0,0.0,0.0,0.0,0.0,37.36255243158133
1.0,671.0,1.0,39.0,1.0,108.0,0.0,0.0,-53.511417430075554
1.0,797.0,1.0,56.0,0.0,0.0,0.0,0.0,-15.566075196918142
1.0,691.0,1.0,305.0,1.0,126.0,0.0,0.0,-314.04114601097587
1.0,831.0,1.0,30.0,1.0,321.0,0.0,0.0,-151.4919732266111
1.0,718.0,2.0,80.0,1.0,12.0,0.0,0.0,-44.278296896498404
1.0,891.0,2.0,103.0,0.0,0.0,0.0,0.0,-60.027886040134725
1.0,921.0,0.0,0.0,2.0,442.0,0.0,0.0,-183.61468002670313
1.0,817.0,0.0,0.0,1.0,363.0,0.0,0.0,-144.10733054765225
1.0,850.0,1.0,305.0,2.0,196.0,0.0,0.0,-349.0418769160495
1.0,973.0,0.0,0.0,0.0,0.0,0.0,0.0,37.38018917430354
1.0,861.0,1.0,60.0,3.0,55.0,0.0,0.0,-46.857863269334324
1.0,868.0,0.0,0.0,1.0,406.0,0.0,0.0,-165.6031332727118
1.0,906.0,1.0,60.0,1.0,202.0,0.0,0.0,-120.37817100879394
1.0,1011.0,1.0,55.0,1.0,112.0,0.0,0.0,-70.63569407108679
1.0,1036.0,2.0,64.0,0.0,0.0,0.0,0.0,-23.209874641873512
1.0,1323.0,0.0,0.0,2.0,473.0,0.0,0.0,-199.13582925294466
1.0,704.0,2.0,51.0,1.0,65.0,0.0,0.0,-43.34416723430349
1.0,776.0,0.0,0.0,0.0,0.0,0.0,0.0,37.38978103210499
1.0,673.0,1.0,52.0,1.0,241.0,0.0,0.0,-132.279836536865
1.0,841.0,1.0,73.0,0.0,0.0,0.0,0.0,-31.643916891240224
1.0,700.0,0.0,0.0,0.0,0.0,0.0,0.0,37.36269792431488
1.0,716.0,0.0,0.0,1.0,128.0,0.0,0.0,-26.608397678213272
1.0,927.0,1.0,30.0,1.0,73.0,0.0,0.0,-27.48265990253666
1.0,955.0,1.0,62.0,0.0,0.0,0.0,0.0,-21.257727867157662
1.0,961.0,1.0,52.0,2.0,330.0,0.0,0.0,-176.78791033115826
1.0,816.0,0.0,0.0,1.0,14.0,0.0,0.0,30.392951482146344
1.0,827.0,1.0,193.0,0.0,0.0,0.0,0.0,-145.16898359585974
1.0,1005.0,3.0,204.0,0.0,0.0,0.0,0.0,-155.5836289338711
1.0,1014.0,0.0,0.0,2.0,311.0,0.0,0.0,-118.1166835380775
1.0,1020.0,1.0,52.0,2.0,371.0,0.0,0.0,-197.29441300062652
1.0,1055.0,2.0,90.0,0.0,0.0,0.0,0.0,-47.72272191959255
1.0,915.0,0.0,0.0,1.0,3.0,0.0,0.0,35.89013717087994
1.0,952.0,0.0,0.0,2.0,61.0,0.0,0.0,6.885842782826405
1.0,966.0,1.0,193.0,0.0,0.0,0.0,0.0,-145.15908817797757
1.0,991.0,1.0,52.0,3.0,214.0,0.0,0.0,-118.78731958874842
1.0,1046.0,0.0,0.0,1.0,117.0,0.0,0.0,-21.117443118281834
1.0,736.0,1.0,76.0,0.0,0.0,0.0,0.0,-34.479591680107816
1.0,762.0,3.0,193.0,0.0,0.0,0.0,0.0,-145.12654744516522
1.0,788.0,1.0,55.0,0.0,0.0,0.0,0.0,-14.61466765390307
1.0,801.0,2.0,113.0,0.0,0.0,0.0,0.0,-69.48706703404257
1.0,831.0,0.0,0.0,0.0,0.0,0.0,0.0,37.3473082465395
1.0,723.0,3.0,141.0,0.0,0.0,0.0,0.0,-95.96884097183722
1.0,729.0,1.0,8.0,0.0,0.0,0.0,0.0,29.770478652240627
1.0,907.0,1.0,76.0,2.0,263.0,0.0,0.0,-165.98021766504635
1.0,984.0,1.0,31.0,0.0,0.0,0.0,0.0,8.060476111205297
1.0,999.0,1.0,75.0,1.0,95.0,0.0,0.0,-81.07342867429273
1.0,997.0,0.0,0.0,0.0,0.0,0.0,0.0,37.345915953891165
1.0,870.0,4.0,476.0,1.0,214.0,0.0,0.0,-519.7575939069573
1.0,1041.0,2.0,91.0,0.0,0.0,0.0,0.0,-48.708889830980794
1.0,902.0,2.0,132.0,0.0,0.0,0.0,0.0,-87.52642002524681
1.0,1010.0,1.0,121.0,2.0,417.0,0.0,0.0,-285.538730008635
1.0,1032.0,5.0,673.0,1.0,339.0,0.0,0.0,-768.566654578379
1.0,1035.0,1.0,48.0,0.0,0.0,0.0,0.0,-8.09628438454537
1.0,1052.0,0.0,0.0,0.0,0.0,0.0,0.0,37.391270801629815
1.0,1063.0,4.0,274.0,0.0,0.0,0.0,0.0,-221.82742206456058
1.0,826.0,0.0,0.0,0.0,0.0,0.0,0.0,37.363429655592206
1.0,1774.0,3.0,179.0,1.0,186.0,0.0,0.0,-225.01086370478342
1.0,891.0,2.0,107.0,0.0,0.0,0.0,0.0,-63.85447634139552
1.0,903.0,0.0,0.0,3.0,481.0,0.0,0.0,-203.10134259122776
1.0,905.0,0.0,0.0,0.0,0.0,0.0,0.0,37.34457677485776
1.0,912.0,1.0,48.0,0.0,0.0,0.0,0.0,-8.062978212603959
1.0,950.0,0.0,0.0,1.0,384.0,0.0,0.0,-154.60801713315678
1.0,964.0,0.0,0.0,1.0,167.0,0.0,0.0,-46.13256952116779
1.0,1013.0,0.0,0.0,0.0,0.0,0.0,0.0,37.3642542404308
1.0,1054.0,0.0,0.0,1.0,10.0,0.0,0.0,32.35454526893327
1.0,1177.0,1.0,59.0,0.0,0.0,0.0,0.0,-18.484322233016776
1.0,590.0,2.0,85.0,0.0,0.0,0.0,0.0,-42.98402912621944
1.0,732.0,1.0,63.0,0.0,0.0,0.0,0.0,-22.180168685095616
1.0,744.0,1.0,198.0,0.0,0.0,0.0,0.0,-149.85333908325413
1.0,779.0,0.0,0.0,2.0,57.0,0.0,0.0,8.862294696088057
1.0,833.0,1.0,22.0,0.0,0.0,0.0,0.0,16.58346272949593
1.0,878.0,0.0,0.0,0.0,0.0,0.0,0.0,37.35870600576015
1.0,914.0,0.0,0.0,2.0,387.0,0.0,0.0,-156.10714654741977
1.0,652.0,0.0,0.0,1.0,23.0,0.0,0.0,25.89651436461226
1.0,664.0,0.0,0.0,0.0,0.0,0.0,0.0,37.392794536105136
1.0,677.0,0.0,0.0,0.0,0.0,0.0,0.0,37.359952701399884
1.0,731.0,0.0,0.0,0.0,0.0,0.0,0.0,37.40533353515813
1.0,744.0,0.0,0.0,0.0,0.0,0.0,0.0,37.35468767182741
1.0,1069.0,0.0,0.0,3.0,582.0,0.0,0.0,-253.61696587234405
1.0,796.0,0.0,0.0,0.0,0.0,0.0,0.0,37.3667960498292
1.0,802.0,0.0,0.0,2.0,447.0,0.0,0.0,-186.1011973141338
1.0,815.0,0.0,0.0,2.0,271.0,0.0,0.0,-98.1137301869635
1.0,991.0,0.0,0.0,3.0,554.0,0.0,0.0,-239.61535063591845
1.0,1054.0,0.0,0.0,0.0,0.0,0.0,0.0,37.35062367061612
1.0,1346.0,2.0,532.0,0.0,0.0,0.0,0.0,-465.7404982780864
1.0,1528.0,1.0,334.0,0.0,0.0,0.0,0.0,-278.48933505947315
1.0,686.0,0.0,0.0,1.0,80.0,0.0,0.0,-2.6420410940066787
1.0,753.0,1.0,77.0,1.0,45.0,0.0,0.0,-57.93057401296594
1.0,599.0,0.0,0.0,0.0,0.0,0.0,0.0,37.40449433226291
1.0,806.0,3.0,241.0,1.0,344.0,0.0,0.0,-362.52569959613635
1.0,631.0,3.0,128.0,0.0,0.0,0.0,0.0,-83.66990655716256
1.0,638.0,1.0,25.0,0.0,0.0,0.0,0.0,13.737485995755751
1.0,834.0,0.0,0.0,0.0,0.0,0.0,0.0,37.359615237605944
1.0,843.0,0.0,0.0,0.0,0.0,0.0,0.0,37.34117685017147
1.0,668.0,1.0,55.0,0.0,0.0,0.0,0.0,-14.618819576080085
1.0,677.0,1.0,53.0,0.0,0.0,0.0,0.0,-12.736408947691743
1.0,889.0,0.0,0.0,0.0,0.0,0.0,0.0,37.38938879009877
1.0,918.0,4.0,397.0,1.0,374.0,0.0,0.0,-525.0415130168552
1.0,814.0,1.0,182.0,0.0,0.0,0.0,0.0,-134.72416366296733
1.0,1002.0,3.0,357.0,1.0,313.0,0.0,0.0,-456.71974043693274
1.0,1131.0,0.0,0.0,1.0,185.0,0.0,0.0,-55.144410229454294
1.0,999.0,0.0,0.0,4.0,474.0,0.0,0.0,-199.6151654816371
1.0,1227.0,3.0,220.0,1.0,231.0,0.0,0.0,-286.17945742459415
1.0,1079.0,1.0,20.0,0.0,0.0,0.0,0.0,18.463308181299
1.0,1114.0,1.0,25.0,0.0,0.0,0.0,0.0,13.721743526548327
1.0,1290.0,1.0,182.0,0.0,0.0,0.0,0.0,-134.75647468520285
1.0,622.0,0.0,0.0,1.0,235.0,0.0,0.0,-80.10209546425688
1.0,638.0,1.0,34.0,1.0,259.0,0.0,0.0,-124.24666449653421
1.0,658.0,1.0,26.0,1.0,208.0,0.0,0.0,-91.19384622315621
1.0,665.0,0.0,0.0,1.0,59.0,0.0,0.0,7.886257703998414
1.0,718.0,1.0,108.0,0.0,0.0,0.0,0.0,-64.73498942025569
1.0,838.0,0.0,0.0,1.0,269.0,0.0,0.0,-97.12598235732356
1.0,912.0,1.0,26.0,0.0,0.0,0.0,0.0,12.802711074539644
1.0,932.0,1.0,34.0,1.0,361.0,0.0,0.0,-175.30400123435822
1.0,686.0,0.0,0.0,1.0,14.0,0.0,0.0,30.387158430279115
1.0,957.0,0.0,0.0,1.0,360.0,0.0,0.0,-142.6066918652308
1.0,729.0,0.0,0.0,1.0,12.0,0.0,0.0,31.34198186785245
1.0,786.0,1.0,128.0,1.0,95.0,0.0,0.0,-131.16042489978096
1.0,788.0,0.0,0.0,2.0,421.0,0.0,0.0,-173.10322295313063
1.0,880.0,1.0,177.0,2.0,360.0,0.0,0.0,-310.00638803851814
1.0,897.0,1.0,128.0,2.0,208.0,0.0,0.0,-187.65850019409663
1.0,957.0,0.0,0.0,2.0,160.0,0.0,0.0,-42.62046424611356
1.0,984.0,1.0,177.0,1.0,429.0,0.0,0.0,-344.505245905844
1.0,995.0,0.0,0.0,2.0,386.0,0.0,0.0,-155.6473467036422
1.0,1245.0,1.0,108.0,2.0,164.0,0.0,0.0,-146.76490081537764
1.0,1038.0,0.0,0.0,2.0,355.0,0.0,0.0,-140.12613615817054
1.0,649.0,0.0,0.0,1.0,246.0,0.0,0.0,-85.61802084478026
1.0,616.0,0.0,0.0,0.0,0.0,0.0,0.0,37.402328654811704
1.0,623.0,0.0,0.0,0.0,0.0,0.0,0.0,37.385093083118754
1.0,675.0,1.0,57.0,0.0,0.0,0.0,0.0,-16.544240276225707
1.0,692.0,1.0,57.0,0.0,0.0,0.0,0.0,-16.55060043037338
1.0,671.0,0.0,0.0,0.0,0.0,0.0,0.0,37.388647545053075
1.0,681.0,0.0,0.0,0.0,0.0,0.0,0.0,37.399836130871996
1.0,749.0,0.0,0.0,1.0,3.0,0.0,0.0,35.875447342707574
1.0,706.0,0.0,0.0,0.0,0.0,0.0,0.0,37.380593278611336
1.0,706.0,1.0,20.0,0.0,0.0,0.0,0.0,18.4879351447111
1.0,733.0,1.0,55.0,0.0,0.0,0.0,0.0,-14.641778824280976
1.0,776.0,0.0,0.0,0.0,0.0,0.0,0.0,37.34010701082979
1.0,749.0,1.0,32.0,0.0,0.0,0.0,0.0,7.092808204472767
1.0,884.0,0.0,0.0,1.0,4.0,0.0,0.0,35.372367574139396
1.0,844.0,0.0,0.0,2.0,265.0,0.0,0.0,-95.11726071827248
1.0,911.0,0.0,0.0,1.0,232.0,0.0,0.0,-78.6352008784098
1.0,906.0,3.0,107.0,0.0,0.0,0.0,0.0,-63.80486801351624
1.0,991.0,1.0,57.0,0.0,0.0,0.0,0.0,-16.52585329089075
1.0,1090.0,1.0,57.0,1.0,5.0,0.0,0.0,-19.059325393243377
1.0,1196.0,0.0,0.0,0.0,0.0,0.0,0.0,37.3039800912464
1.0,644.0,1.0,55.0,0.0,0.0,0.0,0.0,-14.625270944910596
1.0,661.0,0.0,0.0,2.0,116.0,0.0,0.0,-20.61091457585735
1.0,687.0,0.0,0.0,0.0,0.0,0.0,0.0,37.39957722627032
1.0,765.0,1.0,55.0,0.0,0.0,0.0,0.0,-14.623244228066845
1.0,805.0,0.0,0.0,1.0,94.0,0.0,0.0,-9.620518388285873
1.0,930.0,0.0,0.0,0.0,0.0,0.0,0.0,37.33771424725593
1.0,1000.0,0.0,0.0,1.0,130.0,0.0,0.0,-27.60873156344021
1.0,770.0,1.0,16.0,0.0,0.0,0.0,0.0,22.254918315052123
1.0,1046.0,0.0,0.0,2.0,204.0,0.0,0.0,-64.64184060515319
1.0,1076.0,1.0,8.0,2.0,208.0,0.0,0.0,-74.2076172875675
1.0,1096.0,1.0,8.0,1.0,102.0,0.0,0.0,-21.189782676145903
1.0,863.0,1.0,49.0,2.0,18.0,0.0,0.0,-17.970226132464568
1.0,929.0,1.0,16.0,0.0,0.0,0.0,0.0,22.19072458029735
1.0,931.0,1.0,229.0,1.0,92.0,0.0,0.0,-225.22430408038943
1.0,946.0,1.0,43.0,0.0,0.0,0.0,0.0,-3.291886204440715
1.0,954.0,0.0,0.0,1.0,137.0,0.0,0.0,-31.11023424514501
1.0,985.0,0.0,0.0,0.0,0.0,0.0,0.0,37.36269310282229
1.0,986.0,0.0,0.0,0.0,0.0,0.0,0.0,37.31096823107531
1.0,992.0,0.0,0.0,1.0,146.0,0.0,0.0,-35.61801640971295
1.0,1040.0,3.0,321.0,0.0,0.0,0.0,0.0,-266.2561233418938
1.0,662.0,0.0,0.0,1.0,11.0,0.0,0.0,31.89433608487818
1.0,677.0,0.0,0.0,1.0,16.0,0.0,0.0,29.381812419908854
1.0,721.0,0.0,0.0,0.0,0.0,0.0,0.0,37.39075419654871
